frame,class_id,class,conf,x1,y1,x2,y2
0,1,car,0.9117,552.9,645.7,691.0,744.3
0,1,car,0.6447,558.4,484.0,649.3,538.1
0,2,large_vehicle,0.2614,1226.9,484.2,1333.6,574.3
0,2,large_vehicle,0.2014,953.9,414.7,1026.1,459.2
0,0,person,0.1504,1195.5,511.4,1216.2,569.6
0,2,large_vehicle,0.1369,558.4,484.0,649.3,538.1
1,1,car,0.8880,535.1,650.4,673.0,747.3
1,1,car,0.6080,557.2,483.9,649.4,538.1
1,2,large_vehicle,0.2320,954.8,414.9,1027.2,459.3
1,0,person,0.1938,1195.4,509.4,1217.4,570.4
1,2,large_vehicle,0.1698,557.2,483.9,649.4,538.1
2,1,car,0.8888,535.2,650.4,673.0,747.2
2,1,car,0.6329,558.3,484.2,649.3,538.1
2,2,large_vehicle,0.2283,954.9,415.0,1027.2,459.3
2,0,person,0.1795,1195.4,509.4,1217.2,570.2
2,2,large_vehicle,0.1499,558.3,484.2,649.3,538.1
3,1,car,0.8971,517.6,654.6,656.1,750.9
3,1,car,0.4726,562.3,483.8,649.4,538.2
3,2,large_vehicle,0.2761,562.3,483.8,649.4,538.2
3,2,large_vehicle,0.2673,954.1,415.3,1027.2,459.4
3,0,person,0.2192,1195.5,509.2,1217.3,570.4
4,1,car,0.8972,517.7,654.5,656.2,750.9
4,1,car,0.5418,563.1,484.2,649.9,538.3
4,2,large_vehicle,0.3105,954.3,415.1,1026.4,459.5
4,0,person,0.1971,1195.5,509.3,1217.3,570.3
4,2,large_vehicle,0.1915,563.1,484.2,649.9,538.3
5,1,car,0.8966,517.7,654.5,656.2,750.9
5,1,car,0.5200,561.8,484.0,649.7,538.3
5,2,large_vehicle,0.2986,954.3,415.2,1026.7,459.5
5,2,large_vehicle,0.2011,561.8,484.0,649.7,538.3
5,0,person,0.1762,1195.4,509.3,1217.1,570.1
6,1,car,0.8826,501.4,657.3,639.2,754.9
6,1,car,0.6553,558.7,484.1,649.8,538.2
6,2,large_vehicle,0.4312,953.8,414.8,1026.2,459.3
6,0,person,0.2154,1195.1,509.7,1217.5,570.7
6,2,large_vehicle,0.1329,558.7,484.1,649.8,538.2
7,1,car,0.8824,501.4,657.3,639.2,754.9
7,1,car,0.5944,555.3,483.5,649.8,538.2
7,2,large_vehicle,0.4043,953.5,414.5,1026.6,459.3
7,0,person,0.2267,1195.3,510.2,1217.6,570.5
7,2,large_vehicle,0.1935,555.3,483.5,649.8,538.2
8,1,car,0.9012,483.3,660.7,622.8,757.8
8,1,car,0.4966,560.7,483.5,649.7,538.0
8,2,large_vehicle,0.2838,560.7,483.5,649.7,538.0
8,2,large_vehicle,0.2664,954.1,414.7,1026.7,459.1
8,0,person,0.1411,1195.3,510.0,1217.3,569.8
9,1,car,0.9014,483.2,660.7,622.9,757.8
9,1,car,0.4994,560.7,483.6,649.6,538.0
9,2,large_vehicle,0.2975,560.7,483.6,649.6,538.0
9,2,large_vehicle,0.2859,953.8,414.6,1026.8,459.0
9,0,person,0.1174,1195.3,510.7,1217.1,569.8
10,1,car,0.9004,483.2,660.7,622.8,757.8
10,1,car,0.4649,559.5,483.3,649.7,538.1
10,2,large_vehicle,0.3176,559.5,483.3,649.7,538.1
10,2,large_vehicle,0.2943,954.1,414.8,1026.7,459.1
10,0,person,0.1391,1195.3,510.6,1217.1,569.9
11,1,car,0.8861,465.8,664.0,601.9,760.8
11,1,car,0.6072,560.8,483.9,649.8,538.0
11,2,large_vehicle,0.3278,953.9,414.9,1027.7,459.2
11,0,person,0.2350,1195.4,510.2,1216.9,570.0
11,0,person,0.2109,1049.1,409.3,1064.8,438.8
11,2,large_vehicle,0.1681,560.8,483.9,649.8,538.0
12,1,car,0.8867,466.0,664.0,602.0,760.8
12,1,car,0.6179,558.8,483.8,649.7,538.1
12,2,large_vehicle,0.3420,953.8,415.1,1027.8,459.3
12,0,person,0.2385,1195.4,510.3,1216.8,570.0
12,0,person,0.2197,1049.1,409.3,1064.7,438.9
12,2,large_vehicle,0.1758,558.8,483.8,649.7,538.1
13,1,car,0.8779,451.4,666.9,587.0,763.5
13,1,car,0.4801,562.0,484.2,649.4,537.9
13,2,large_vehicle,0.3870,953.3,415.0,1027.1,459.2
13,2,large_vehicle,0.2753,562.0,484.2,649.4,537.9
13,0,person,0.1196,869.3,449.5,884.7,492.3
13,0,person,0.1144,1195.3,510.8,1216.6,570.4
14,1,car,0.8782,451.4,666.9,587.0,763.5
14,1,car,0.4739,562.3,484.2,649.4,537.9
14,2,large_vehicle,0.3920,953.2,415.0,1027.1,459.2
14,2,large_vehicle,0.2882,562.3,484.2,649.4,537.9
14,0,person,0.1188,1195.3,510.5,1216.8,570.4
14,0,person,0.1107,869.3,449.5,884.7,492.3
15,1,car,0.8779,451.5,667.0,587.0,763.4
15,1,car,0.4590,562.2,484.1,649.3,537.9
15,2,large_vehicle,0.3557,953.2,415.1,1027.3,459.2
15,2,large_vehicle,0.2981,562.2,484.1,649.3,537.9
15,0,person,0.1367,869.3,449.6,884.7,492.3
16,1,car,0.8651,434.0,670.7,566.5,766.4
16,1,car,0.5879,559.5,483.8,649.6,538.1
16,2,large_vehicle,0.4312,953.2,414.6,1027.6,459.4
16,0,person,0.3297,869.3,450.0,885.2,492.9
16,2,large_vehicle,0.2033,559.5,483.8,649.6,538.1
16,0,person,0.1733,1195.3,509.9,1216.9,570.3
16,0,person,0.1509,1046.9,409.7,1062.7,437.2
16,1,car,0.1030,953.2,414.6,1027.6,459.4
17,1,car,0.8656,434.0,670.7,566.5,766.4
17,1,car,0.5884,559.6,483.9,649.6,538.1
17,2,large_vehicle,0.3920,953.2,414.8,1027.4,459.4
17,0,person,0.3127,869.4,449.9,885.2,492.9
17,2,large_vehicle,0.1986,559.6,483.9,649.6,538.1
17,0,person,0.1763,1195.3,509.8,1216.9,570.2
18,1,car,0.8451,417.7,673.2,550.5,769.9
18,1,car,0.5492,562.8,483.4,649.8,538.0
18,2,large_vehicle,0.1830,954.2,414.7,1027.6,459.1
18,2,large_vehicle,0.1624,562.8,483.4,649.8,538.0
19,1,car,0.8514,417.7,673.1,550.5,769.9
19,1,car,0.4700,562.2,483.5,649.8,538.1
19,2,large_vehicle,0.1546,562.2,483.5,649.8,538.1
19,2,large_vehicle,0.1349,954.2,414.8,1027.7,459.1
20,1,car,0.8403,417.7,673.1,550.5,769.9
20,1,car,0.4783,562.8,483.6,649.9,538.1
20,2,large_vehicle,0.1560,562.8,483.6,649.9,538.1
20,2,large_vehicle,0.1438,954.3,414.8,1027.6,459.1
21,1,car,0.8355,403.1,677.3,532.6,772.7
21,1,car,0.6162,563.1,484.1,649.6,538.0
21,2,large_vehicle,0.1371,563.1,484.1,649.6,538.0
21,2,large_vehicle,0.1317,953.7,415.5,1027.7,459.2
22,1,car,0.8401,388.7,678.0,515.5,774.1
22,1,car,0.5534,564.5,484.0,649.4,537.8
22,2,large_vehicle,0.2208,953.5,415.5,1027.5,459.3
22,2,large_vehicle,0.1511,564.5,484.0,649.4,537.8
22,0,person,0.1145,1195.2,509.8,1216.9,570.5
23,1,car,0.8411,388.5,678.0,515.5,774.1
23,1,car,0.5547,564.5,484.0,649.4,537.8
23,2,large_vehicle,0.2057,953.5,415.5,1027.6,459.3
23,2,large_vehicle,0.1475,564.5,484.0,649.4,537.8
23,0,person,0.1094,1195.2,509.8,1216.9,570.5
24,1,car,0.8385,388.6,678.1,515.5,774.1
24,1,car,0.5623,564.6,484.0,649.3,537.8
24,2,large_vehicle,0.2362,953.4,415.6,1027.4,459.3
24,2,large_vehicle,0.1436,564.6,484.0,649.3,537.8
24,0,person,0.1362,1195.3,509.6,1217.0,570.4
24,1,car,0.1192,953.4,415.6,1027.4,459.3
25,1,car,0.7409,372.6,682.1,498.0,776.2
25,1,car,0.6546,562.4,484.4,649.7,537.8
25,2,large_vehicle,0.2814,953.6,415.6,1027.2,459.2
25,0,person,0.1234,1195.2,509.4,1217.3,570.4
25,2,large_vehicle,0.1183,562.4,484.4,649.7,537.8
26,1,car,0.7420,372.6,682.1,498.0,776.2
26,1,car,0.6500,563.1,484.3,649.7,537.8
26,2,large_vehicle,0.2899,953.7,415.5,1027.1,459.1
26,2,large_vehicle,0.1239,563.1,484.3,649.7,537.8
26,0,person,0.1195,1195.2,509.4,1217.2,570.2
26,0,person,0.1135,867.5,449.6,883.4,491.1
27,1,car,0.8442,357.3,684.9,481.5,778.6
27,1,car,0.5818,562.1,484.2,649.7,537.6
27,2,large_vehicle,0.2731,954.1,415.3,1027.2,459.0
27,0,person,0.2313,1042.7,409.7,1056.9,441.5
27,2,large_vehicle,0.1967,562.1,484.2,649.7,537.6
27,0,person,0.1482,1041.9,410.4,1057.9,444.3
27,1,car,0.1109,954.1,415.3,1027.2,459.0
27,0,person,0.1102,1195.2,509.6,1217.0,570.2
28,1,car,0.8432,357.3,684.8,481.5,778.6
28,1,car,0.5270,562.6,484.1,649.9,537.6
28,0,person,0.3459,1042.7,409.7,1056.9,441.1
28,2,large_vehicle,0.2283,562.6,484.1,649.9,537.6
28,2,large_vehicle,0.2278,954.2,415.2,1027.5,459.0
28,0,person,0.1582,1195.0,509.6,1216.8,570.5
29,1,car,0.8428,357.3,684.8,481.5,778.6
29,1,car,0.5276,562.6,484.2,650.0,537.6
29,0,person,0.2995,1042.0,410.3,1057.9,444.6
29,2,large_vehicle,0.2371,954.2,415.2,1027.6,459.0
29,2,large_vehicle,0.2326,562.6,484.2,650.0,537.6
29,0,person,0.1723,1195.0,509.5,1216.8,570.3
30,1,car,0.8492,341.7,688.6,467.7,780.6
30,1,car,0.5865,562.5,484.0,649.5,537.5
30,2,large_vehicle,0.2052,562.5,484.0,649.5,537.5
30,0,person,0.1632,1195.0,510.0,1216.5,570.3
30,2,large_vehicle,0.1609,954.0,415.8,1027.2,458.9
31,1,car,0.8534,341.7,688.6,467.0,780.6
31,1,car,0.5617,561.2,483.7,649.4,537.4
31,0,person,0.2310,1195.2,510.1,1216.6,570.4
31,2,large_vehicle,0.2164,561.2,483.7,649.4,537.4
31,2,large_vehicle,0.1826,954.0,415.8,1027.4,459.0
32,1,car,0.8212,327.3,689.4,450.7,782.8
32,1,car,0.5090,564.8,483.7,649.7,537.5
32,0,person,0.2061,1041.0,410.1,1055.7,439.1
32,2,large_vehicle,0.1747,564.8,483.7,649.7,537.5
32,0,person,0.1426,1195.2,510.4,1216.8,570.5
32,2,large_vehicle,0.1409,953.9,415.9,1027.7,459.1
33,1,car,0.8208,327.3,689.4,450.6,782.8
33,1,car,0.5083,563.7,483.6,649.7,537.5
33,0,person,0.1878,1041.0,410.0,1055.7,439.0
33,2,large_vehicle,0.1706,563.7,483.6,649.7,537.5
33,2,large_vehicle,0.1318,953.9,416.0,1027.8,459.1
33,0,person,0.1113,1195.2,510.6,1216.8,570.6
34,1,car,0.8224,327.3,689.5,450.4,782.8
34,1,car,0.5672,564.3,484.0,650.0,537.6
34,0,person,0.2414,1041.0,409.9,1055.7,439.0
34,2,large_vehicle,0.1373,564.3,484.0,650.0,537.6
34,2,large_vehicle,0.1370,953.8,415.7,1027.8,459.1
35,1,car,0.8133,314.7,693.7,432.5,784.0
35,1,car,0.6995,561.0,484.2,649.9,537.5
35,2,large_vehicle,0.3557,953.5,415.0,1027.3,458.9
35,0,person,0.1197,1040.7,409.9,1055.2,438.8
36,1,car,0.8111,314.7,693.7,432.5,784.0
36,1,car,0.7123,561.6,484.2,649.9,537.5
36,2,large_vehicle,0.3765,953.7,415.0,1027.3,458.9
36,0,person,0.1036,1040.7,409.9,1055.2,438.8
37,1,car,0.7665,300.6,696.2,418.2,785.5
37,1,car,0.7180,562.2,484.2,650.3,537.3
37,2,large_vehicle,0.5359,955.4,415.2,1027.3,458.5
38,1,car,0.7679,300.6,696.2,418.1,785.5
38,1,car,0.7261,562.1,484.4,650.2,537.4
38,2,large_vehicle,0.5287,955.4,415.2,1027.3,458.6
39,1,car,0.7592,300.4,696.2,418.1,785.4
39,1,car,0.7203,561.8,484.1,650.1,537.4
39,2,large_vehicle,0.5272,955.4,415.1,1027.4,458.5
40,1,car,0.7063,282.1,699.0,402.5,786.8
40,1,car,0.6443,561.4,483.7,650.0,537.6
40,2,large_vehicle,0.2723,955.0,414.4,1028.8,459.0
40,0,person,0.1378,1037.2,409.4,1052.6,437.8
40,2,large_vehicle,0.1023,561.4,483.7,650.0,537.6
41,1,car,0.7122,282.4,698.8,402.5,786.8
41,1,car,0.6353,561.5,483.7,649.9,537.6
41,2,large_vehicle,0.2687,955.0,414.3,1028.8,459.0
41,0,person,0.1193,1037.1,409.4,1052.5,437.8
41,2,large_vehicle,0.1051,561.5,483.7,649.9,537.6
42,1,car,0.7049,274.8,700.3,387.9,788.8
42,1,car,0.5585,561.5,483.9,649.6,537.5
42,2,large_vehicle,0.2368,954.1,414.5,1029.0,458.9
42,2,large_vehicle,0.1507,561.5,483.9,649.6,537.5
42,1,car,0.1257,954.1,414.5,1029.0,458.9
43,1,car,0.7157,274.7,700.2,388.0,789.1
43,1,car,0.6096,563.6,484.0,649.8,537.6
43,2,large_vehicle,0.2544,954.7,414.5,1028.4,458.9
43,1,car,0.1154,954.7,414.5,1028.4,458.9
43,2,large_vehicle,0.1085,563.6,484.0,649.8,537.6
43,0,person,0.1066,1195.2,510.8,1216.5,570.1
44,1,car,0.7173,274.7,700.2,388.0,789.1
44,1,car,0.6059,563.3,483.9,649.8,537.6
44,2,large_vehicle,0.2484,954.6,414.4,1028.5,458.9
44,1,car,0.1146,954.6,414.4,1028.5,458.9
44,0,person,0.1091,1195.2,510.7,1216.5,569.9
44,2,large_vehicle,0.1041,563.3,483.9,649.8,537.6
45,1,car,0.7021,560.4,484.0,650.0,537.6
45,1,car,0.5329,261.0,702.2,371.7,790.4
45,0,person,0.3191,1036.2,410.3,1050.6,438.8
45,2,large_vehicle,0.2774,954.3,413.9,1028.7,458.9
45,2,large_vehicle,0.1513,954.6,412.8,1029.2,459.0
45,2,large_vehicle,0.1378,261.0,702.2,371.7,790.4
45,0,person,0.1333,1195.2,510.8,1216.3,569.7
45,1,car,0.1078,954.3,413.9,1028.7,458.9
46,1,car,0.7030,560.7,484.1,650.1,537.6
46,1,car,0.5525,260.9,702.1,371.6,790.5
46,0,person,0.2822,1036.2,410.4,1050.6,438.8
46,2,large_vehicle,0.2523,954.5,412.6,1029.3,459.0
46,2,large_vehicle,0.2122,954.2,413.8,1028.5,458.9
46,0,person,0.1664,1195.4,510.4,1216.5,569.7
46,2,large_vehicle,0.1275,260.9,702.1,371.6,790.5
47,1,car,0.6663,561.2,484.0,649.9,537.4
47,1,car,0.5194,248.2,704.3,358.1,791.7
47,2,large_vehicle,0.1526,955.2,414.1,1027.5,458.6
47,0,person,0.1287,1195.3,510.2,1216.7,569.9
48,1,car,0.6722,561.3,484.1,650.2,537.2
48,1,car,0.5143,248.0,704.4,358.2,791.7
48,2,large_vehicle,0.1534,955.0,414.1,1027.4,458.6
48,0,person,0.1193,1195.3,509.6,1216.7,569.9
49,1,car,0.5415,232.2,707.2,345.5,791.9
49,1,car,0.5074,562.7,484.1,649.8,537.0
49,2,large_vehicle,0.2563,562.7,484.1,649.8,537.0
49,2,large_vehicle,0.1937,955.4,414.6,1027.6,458.6
49,0,person,0.1445,1195.4,509.8,1216.5,569.6
49,1,car,0.1335,955.4,414.6,1027.6,458.6
50,1,car,0.5562,232.2,707.3,345.6,791.9
50,1,car,0.5061,562.3,483.9,649.9,536.9
50,2,large_vehicle,0.2411,562.3,483.9,649.9,536.9
50,2,large_vehicle,0.2038,955.2,414.7,1027.4,458.6
50,0,person,0.1276,1195.4,509.9,1216.4,569.9
50,1,car,0.1171,955.2,414.7,1027.4,458.6
51,1,car,0.6771,224.3,708.0,332.6,793.5
51,1,car,0.4984,565.2,484.0,649.9,537.1
51,2,large_vehicle,0.1305,565.2,484.0,649.9,537.1
51,1,car,0.1207,565.9,483.4,649.3,536.8
52,1,car,0.6774,224.2,707.9,332.6,793.5
52,1,car,0.4849,567.1,484.1,650.1,537.1
52,1,car,0.2176,567.0,483.5,649.5,536.8
52,2,large_vehicle,0.1353,567.1,484.1,650.1,537.1
52,2,large_vehicle,0.1165,954.7,414.5,1027.9,458.6
53,1,car,0.6761,224.2,707.9,332.6,793.5
53,1,car,0.4639,567.2,484.2,650.1,537.0
53,1,car,0.2152,567.1,483.6,649.5,536.7
53,2,large_vehicle,0.1472,567.2,484.2,650.1,537.0
53,2,large_vehicle,0.1309,954.8,414.5,1027.9,458.6
53,2,large_vehicle,0.1041,567.1,483.6,649.5,536.7
54,1,car,0.6521,560.5,483.8,649.8,537.1
54,1,car,0.5473,213.5,708.5,316.6,793.6
54,2,large_vehicle,0.1744,213.5,708.5,316.6,793.6
54,2,large_vehicle,0.1044,560.5,483.8,649.8,537.1
54,2,large_vehicle,0.1007,955.1,413.2,1032.7,458.5
55,1,car,0.6836,561.5,484.0,649.8,537.2
55,1,car,0.5531,213.4,708.5,316.7,793.6
55,2,large_vehicle,0.1717,213.4,708.5,316.7,793.6
55,0,person,0.1220,1028.1,413.2,1045.1,450.2
55,0,person,0.1128,1195.4,509.9,1216.5,569.4
56,1,car,0.6607,201.9,710.8,304.5,793.7
56,1,car,0.6158,562.3,484.1,650.3,536.8
56,2,large_vehicle,0.1073,562.3,484.1,650.3,536.8
57,1,car,0.6622,202.0,711.1,304.5,793.7
57,1,car,0.6405,562.6,484.3,650.2,536.7
57,2,large_vehicle,0.1048,562.6,484.3,650.2,536.7
58,1,car,0.6605,202.0,710.9,304.5,793.7
58,1,car,0.5563,563.8,484.0,650.2,536.8
58,1,car,0.1415,564.5,483.5,649.5,536.4
58,2,large_vehicle,0.1279,563.8,484.0,650.2,536.8
58,0,person,0.1094,1027.1,414.1,1044.5,451.1
59,1,car,0.6771,191.3,711.7,290.3,794.3
59,1,car,0.4808,565.5,483.8,649.8,536.8
59,1,car,0.1558,565.4,483.3,649.1,536.4
59,2,large_vehicle,0.1523,565.5,483.8,649.8,536.8
60,1,car,0.6732,191.0,711.8,290.3,794.3
60,1,car,0.4915,564.7,483.7,649.9,536.7
60,2,large_vehicle,0.1862,564.7,483.7,649.9,536.7
60,1,car,0.1196,565.0,483.2,649.3,536.4
61,1,car,0.6748,179.3,713.2,277.7,794.7
61,1,car,0.4208,558.9,483.4,650.0,536.6
61,2,large_vehicle,0.1754,955.1,412.2,1036.7,458.5
61,0,person,0.1566,1195.6,509.6,1216.5,569.0
61,2,large_vehicle,0.1209,558.9,483.4,650.0,536.6
61,1,car,0.1147,955.1,412.2,1036.7,458.5
61,0,person,0.1053,1025.9,412.7,1043.0,450.3
62,1,car,0.6718,179.3,713.2,277.7,794.7
62,1,car,0.4171,558.8,483.3,649.9,536.6
62,2,large_vehicle,0.1762,955.1,412.2,1036.6,458.5
62,0,person,0.1294,1195.5,509.6,1216.7,569.0
62,2,large_vehicle,0.1274,558.8,483.3,649.9,536.6
62,1,car,0.1131,955.1,412.2,1036.6,458.5
62,0,person,0.1064,1026.0,412.5,1043.0,450.3
63,1,car,0.6650,179.3,713.3,277.7,794.6
63,1,car,0.4720,558.8,483.5,649.9,536.6
63,2,large_vehicle,0.1567,955.0,412.4,1037.2,458.5
63,0,person,0.1339,1195.5,510.1,1216.5,569.2
63,2,large_vehicle,0.1184,558.8,483.5,649.9,536.6
64,1,car,0.6589,170.1,714.2,265.2,795.9
64,1,car,0.6149,560.5,483.9,649.9,536.9
64,2,large_vehicle,0.1001,560.5,483.9,649.9,536.9
65,1,car,0.6594,170.1,714.3,265.2,795.9
65,1,car,0.6031,560.5,483.9,649.9,536.9
65,2,large_vehicle,0.1069,560.5,483.9,649.9,536.9
66,1,car,0.6287,561.2,484.5,650.2,536.6
66,1,car,0.5788,161.3,715.7,254.4,796.0
66,1,car,0.1945,955.6,411.9,1036.7,458.3
66,2,large_vehicle,0.1600,955.6,411.9,1036.7,458.3
66,4,other_vehicle,0.1046,161.3,715.7,254.4,796.0
66,2,large_vehicle,0.1038,561.2,484.5,650.2,536.6
67,1,car,0.6004,161.3,715.8,254.3,796.0
67,1,car,0.5227,564.6,484.6,650.3,536.7
67,1,car,0.2620,564.8,484.2,649.8,536.4
67,1,car,0.2314,955.6,411.6,1037.2,458.3
67,0,person,0.1694,1195.5,509.6,1216.7,568.5
67,2,large_vehicle,0.1607,955.6,411.6,1037.2,458.3
68,1,car,0.5999,161.3,715.8,254.3,796.0
68,1,car,0.5299,564.4,484.6,650.3,536.7
68,1,car,0.2520,564.7,484.2,649.8,536.4
68,1,car,0.2108,955.6,411.5,1037.3,458.3
68,0,person,0.1756,1195.5,509.5,1216.7,568.5
68,2,large_vehicle,0.1621,955.6,411.5,1037.3,458.3
69,1,car,0.6562,153.9,717.1,243.7,796.4
69,1,car,0.4774,564.8,484.1,650.3,536.6
69,1,car,0.3060,564.7,483.6,649.7,536.3
69,1,car,0.2917,955.5,410.9,1039.3,458.3
69,0,person,0.2690,856.8,450.0,873.7,494.4
69,0,person,0.2107,1195.4,509.2,1216.4,568.7
69,2,large_vehicle,0.1636,955.5,410.9,1039.3,458.3
70,1,car,0.7010,144.5,717.8,233.5,796.6
70,1,car,0.4825,559.5,483.7,650.4,536.6
70,0,person,0.2249,856.6,449.7,874.4,493.9
70,2,large_vehicle,0.1721,955.5,410.9,1038.1,458.3
70,0,person,0.1712,1195.4,508.9,1216.6,568.8
70,1,car,0.1479,955.5,410.9,1038.1,458.3
70,2,large_vehicle,0.1022,559.5,483.7,650.4,536.6
71,1,car,0.7009,144.9,717.8,233.5,796.6
71,1,car,0.4923,559.8,483.7,650.4,536.7
71,0,person,0.2260,856.6,449.7,874.5,493.9
71,2,large_vehicle,0.1634,955.5,411.0,1038.1,458.3
71,0,person,0.1596,1195.4,509.1,1216.6,569.1
71,1,car,0.1475,955.5,411.0,1038.1,458.3
72,1,car,0.6948,144.8,718.1,233.5,796.5
72,1,car,0.4785,559.9,483.5,650.1,536.6
72,0,person,0.2133,856.6,449.7,874.3,493.8
72,2,large_vehicle,0.1717,955.8,411.4,1037.7,458.3
72,1,car,0.1471,955.8,411.4,1037.7,458.3
72,0,person,0.1384,1195.5,509.1,1216.7,569.2
72,2,large_vehicle,0.1380,559.9,483.5,650.1,536.6
73,1,car,0.7224,135.5,718.7,223.0,796.9
73,1,car,0.5972,556.1,483.5,650.2,536.7
73,1,car,0.1893,955.2,411.1,1036.4,458.1
73,2,large_vehicle,0.1745,955.2,411.1,1036.4,458.1
73,0,person,0.1738,1195.5,509.0,1216.9,568.8
73,2,large_vehicle,0.1462,556.1,483.5,650.2,536.7
74,1,car,0.7255,135.7,718.7,222.4,796.9
74,1,car,0.5951,556.4,483.6,650.2,536.6
74,1,car,0.1908,955.0,411.1,1036.3,458.1
74,0,person,0.1888,1195.5,508.9,1216.8,568.7
74,2,large_vehicle,0.1785,955.0,411.1,1036.3,458.1
74,2,large_vehicle,0.1479,556.4,483.6,650.2,536.6
75,1,car,0.6703,127.1,720.3,210.5,796.6
75,1,car,0.6372,560.0,484.1,651.1,536.4
75,0,person,0.1224,1195.5,508.9,1216.8,568.5
75,1,car,0.1139,955.3,412.2,1035.1,458.1
76,1,car,0.6797,127.2,720.4,210.4,796.6
76,1,car,0.6594,559.6,484.3,650.4,536.5
76,0,person,0.1252,1195.5,509.0,1216.9,568.6
77,1,car,0.6807,127.1,720.4,210.4,796.6
77,1,car,0.6589,559.6,484.3,650.4,536.5
77,0,person,0.1237,1195.5,509.0,1217.0,568.6
77,1,car,0.1025,955.3,412.2,1034.9,458.1
78,1,car,0.6603,118.8,722.1,199.3,796.3
78,1,car,0.5271,562.4,484.2,649.8,536.2
78,2,large_vehicle,0.1753,562.4,484.2,649.8,536.2
78,1,car,0.1336,955.7,412.2,1034.2,458.1
78,2,large_vehicle,0.1109,955.7,412.2,1034.2,458.1
79,1,car,0.6660,118.7,722.1,199.2,796.4
79,1,car,0.4954,562.0,484.1,649.9,536.2
79,2,large_vehicle,0.2152,562.0,484.1,649.9,536.2
79,0,person,0.1486,1195.5,509.3,1216.7,568.6
79,1,car,0.1470,955.9,411.9,1034.6,458.2
79,2,large_vehicle,0.1269,955.9,411.9,1034.6,458.2
80,1,car,0.5747,111.4,723.8,189.1,796.7
80,1,car,0.3868,563.6,484.5,650.0,536.3
80,1,car,0.2367,564.6,483.9,649.3,536.0
80,2,large_vehicle,0.1362,955.5,412.5,1032.3,458.1
80,2,large_vehicle,0.1308,564.6,483.9,649.3,536.0
80,1,car,0.1226,955.5,412.5,1032.3,458.1
80,0,person,0.1103,1195.5,509.3,1216.7,568.7
80,2,large_vehicle,0.1007,563.6,484.5,650.0,536.3
81,1,car,0.5806,111.4,723.8,189.1,796.7
81,1,car,0.4694,561.7,484.2,649.7,536.3
81,2,large_vehicle,0.1554,561.7,484.2,649.7,536.3
81,2,large_vehicle,0.1430,955.5,412.5,1032.3,458.1
81,1,car,0.1305,955.5,412.5,1032.3,458.1
81,0,person,0.1079,1195.5,509.1,1216.8,568.6
82,1,car,0.5718,111.4,723.7,189.2,796.7
82,1,car,0.5336,559.9,484.2,650.0,536.4
82,2,large_vehicle,0.1598,955.3,412.4,1032.4,458.1
82,1,car,0.1589,955.3,412.4,1032.4,458.1
82,2,large_vehicle,0.1330,559.9,484.2,650.0,536.4
82,0,person,0.1150,1195.5,509.4,1216.8,568.8
83,1,car,0.5756,557.9,483.9,650.1,536.5
83,1,car,0.4772,104.0,723.5,180.2,797.2
83,4,other_vehicle,0.2275,104.0,723.5,180.2,797.2
83,2,large_vehicle,0.2149,954.9,412.5,1032.3,458.2
83,1,car,0.1792,954.9,412.5,1032.3,458.2
83,0,person,0.1628,1195.4,509.2,1216.6,568.8
83,2,large_vehicle,0.1428,557.9,483.9,650.1,536.5
84,1,car,0.5975,558.1,483.7,650.1,536.6
84,1,car,0.4741,104.0,723.6,180.4,797.1
84,4,other_vehicle,0.2260,104.0,723.6,180.4,797.1
84,2,large_vehicle,0.2158,955.1,412.9,1032.2,458.1
84,0,person,0.1891,1195.5,509.3,1216.6,568.6
84,1,car,0.1739,955.1,412.9,1032.2,458.1
84,2,large_vehicle,0.1346,558.1,483.7,650.1,536.6
85,1,car,0.5654,562.4,484.1,650.5,536.5
85,1,car,0.4640,93.1,723.1,172.9,797.3
85,4,other_vehicle,0.2621,93.1,723.1,172.9,797.3
85,0,person,0.1448,1195.5,509.5,1216.3,568.6
85,1,car,0.1357,563.3,483.7,649.9,536.2
85,1,car,0.1273,955.9,413.9,1030.4,457.5
85,2,large_vehicle,0.1231,955.9,413.9,1030.4,457.5
85,2,large_vehicle,0.1215,562.4,484.1,650.5,536.5
86,1,car,0.5656,562.5,484.1,650.5,536.5
86,1,car,0.4477,93.1,723.2,172.9,797.2
86,4,other_vehicle,0.2826,93.1,723.2,172.9,797.2
86,0,person,0.1551,1195.5,509.4,1216.4,568.5
86,1,car,0.1356,956.1,413.9,1030.4,457.4
86,1,car,0.1275,563.4,483.7,650.0,536.2
86,2,large_vehicle,0.1245,956.1,413.9,1030.4,457.4
86,2,large_vehicle,0.1223,562.5,484.1,650.5,536.5
87,1,car,0.6161,562.5,484.4,650.3,536.4
87,1,car,0.4772,93.1,723.2,172.9,797.3
87,4,other_vehicle,0.2404,93.1,723.2,172.9,797.3
87,1,car,0.1422,563.1,483.8,649.7,536.2
87,0,person,0.1312,1195.5,509.3,1216.3,568.5
87,2,large_vehicle,0.1249,956.0,413.9,1030.3,457.5
87,1,car,0.1237,956.0,413.9,1030.3,457.5
87,2,large_vehicle,0.1022,562.5,484.4,650.3,536.4
88,1,car,0.5675,86.2,723.1,163.2,800.3
88,1,car,0.4572,561.4,483.6,649.9,536.3
88,1,car,0.2461,955.4,413.9,1031.4,458.1
88,2,large_vehicle,0.2408,561.4,483.6,649.9,536.3
88,0,person,0.2127,1195.6,509.7,1216.0,568.5
88,2,large_vehicle,0.2019,955.4,413.9,1031.4,458.1
88,4,other_vehicle,0.1855,86.2,723.1,163.2,800.3
89,1,car,0.5668,86.2,723.0,163.2,800.3
89,1,car,0.4204,561.0,483.3,650.0,536.3
89,1,car,0.2534,955.4,413.9,1031.6,458.2
89,2,large_vehicle,0.2495,561.0,483.3,650.0,536.3
89,0,person,0.2062,1195.6,509.9,1216.0,568.5
89,2,large_vehicle,0.1984,955.4,413.9,1031.6,458.2
89,4,other_vehicle,0.1867,86.2,723.0,163.2,800.3
90,1,car,0.5185,78.2,725.0,153.7,798.8
90,1,car,0.4811,562.9,484.2,649.9,536.5
90,2,large_vehicle,0.2408,956.0,413.3,1029.2,458.2
90,4,other_vehicle,0.1605,78.2,725.0,153.7,798.8
90,1,car,0.1587,956.0,413.3,1029.2,458.2
90,0,person,0.1467,1195.3,509.9,1216.1,569.1
90,2,large_vehicle,0.1143,562.9,484.2,649.9,536.5
91,1,car,0.5235,78.2,725.0,153.7,798.8
91,1,car,0.5111,564.3,484.4,650.0,536.6
91,2,large_vehicle,0.2408,956.0,413.1,1029.1,458.1
91,1,car,0.1704,565.7,484.0,649.5,536.3
91,4,other_vehicle,0.1618,78.2,725.0,153.7,798.8
91,1,car,0.1432,956.0,413.1,1029.1,458.1
91,0,person,0.1221,1195.3,509.7,1216.3,569.0
91,1,car,0.1191,956.5,414.3,1029.2,457.1
91,2,large_vehicle,0.1038,564.3,484.4,650.0,536.6
91,2,large_vehicle,0.1017,956.5,414.3,1029.2,457.1
92,1,car,0.5146,78.2,725.0,153.5,798.8
92,1,car,0.5034,564.2,484.4,650.0,536.6
92,2,large_vehicle,0.2466,956.0,413.2,1029.1,458.1
92,4,other_vehicle,0.1694,78.2,725.0,153.5,798.8
92,1,car,0.1464,565.7,484.0,649.5,536.3
92,1,car,0.1435,956.0,413.2,1029.1,458.1
92,0,person,0.1346,1195.2,509.9,1216.3,569.0
92,1,car,0.1141,956.5,414.3,1029.1,457.1
92,2,large_vehicle,0.1059,564.2,484.4,650.0,536.6
93,4,other_vehicle,0.7190,71.9,726.2,144.3,798.9
93,1,car,0.6119,558.6,483.6,650.2,536.7
93,2,large_vehicle,0.2550,955.3,414.2,1029.6,457.4
93,1,car,0.2442,955.3,414.2,1029.6,457.4
93,0,person,0.2348,1195.5,509.1,1216.3,568.2
93,2,large_vehicle,0.1353,558.6,483.6,650.2,536.7
93,0,person,0.1057,1013.6,417.7,1029.2,451.8
94,1,car,0.6504,558.6,484.2,650.3,536.6
94,4,other_vehicle,0.5658,65.6,727.6,137.0,797.7
94,1,car,0.2042,956.4,413.9,1028.3,457.5
94,0,person,0.2040,1195.4,509.6,1216.9,568.3
94,2,large_vehicle,0.1532,956.4,413.9,1028.3,457.5
94,0,person,0.1068,1013.8,416.4,1028.3,452.0
94,2,large_vehicle,0.1039,558.6,484.2,650.3,536.6
95,1,car,0.6482,558.7,484.2,650.4,536.6
95,4,other_vehicle,0.5635,65.6,727.6,137.0,797.7
95,1,car,0.1989,956.4,413.9,1028.3,457.6
95,0,person,0.1987,1195.3,509.7,1216.8,568.3
95,2,large_vehicle,0.1533,956.4,413.9,1028.3,457.6
95,0,person,0.1125,1013.8,416.4,1028.3,452.1
95,2,large_vehicle,0.1012,558.7,484.2,650.4,536.6
96,1,car,0.6585,558.8,484.1,650.6,536.6
96,4,other_vehicle,0.5661,65.6,727.6,137.0,797.7
96,0,person,0.2001,1195.3,509.6,1216.8,568.2
96,1,car,0.1991,956.6,414.1,1028.2,457.5
96,2,large_vehicle,0.1588,956.6,414.1,1028.2,457.5
96,0,person,0.1078,1013.9,416.4,1028.3,452.0
97,1,car,0.4800,560.8,483.3,650.1,536.5
97,4,other_vehicle,0.3740,59.2,727.5,130.3,796.8
97,1,car,0.2427,59.2,727.5,130.3,796.8
97,2,large_vehicle,0.2077,560.8,483.3,650.1,536.5
97,2,large_vehicle,0.1581,956.2,412.4,1028.3,458.1
97,0,person,0.1079,1195.4,509.5,1216.5,568.3
98,1,car,0.4823,560.8,483.3,650.2,536.5
98,4,other_vehicle,0.4376,59.0,727.5,130.4,797.2
98,2,large_vehicle,0.2119,560.8,483.3,650.2,536.5
98,1,car,0.1892,59.0,727.5,130.4,797.2
98,2,large_vehicle,0.1400,956.2,412.3,1028.6,458.1
98,0,person,0.1111,1195.4,509.6,1216.5,568.3
99,4,other_vehicle,0.6298,54.1,728.8,120.3,794.2
99,1,car,0.4371,558.7,484.1,650.2,536.4
99,2,large_vehicle,0.1682,558.7,484.1,650.2,536.4
99,2,large_vehicle,0.1635,54.1,728.8,120.3,794.2
99,0,person,0.1630,1195.6,509.3,1216.3,568.3
99,2,large_vehicle,0.1329,955.9,413.8,1028.2,458.2
100,4,other_vehicle,0.6326,54.0,728.8,120.4,794.2
100,1,car,0.4955,560.6,484.3,650.3,536.5
100,0,person,0.1976,1195.6,509.5,1216.3,568.1
100,2,large_vehicle,0.1503,54.0,728.8,120.4,794.2
100,2,large_vehicle,0.1454,560.6,484.3,650.3,536.5
100,1,car,0.1414,956.0,425.4,1024.3,458.1
100,2,large_vehicle,0.1053,956.0,414.3,1027.9,458.2
101,4,other_vehicle,0.6283,54.0,728.8,120.4,794.2
101,1,car,0.4830,560.4,484.3,650.2,536.4
101,0,person,0.2070,1195.6,509.5,1216.4,568.1
101,2,large_vehicle,0.1605,560.4,484.3,650.2,536.4
101,2,large_vehicle,0.1506,54.0,728.8,120.4,794.2
101,1,car,0.1492,956.0,426.1,1023.9,458.1
101,2,large_vehicle,0.1019,956.0,414.5,1027.7,458.2
102,1,car,0.6383,557.8,483.6,650.1,536.6
102,0,person,0.2636,1195.6,509.3,1216.5,568.4
102,4,other_vehicle,0.2597,47.6,728.6,116.8,795.0
102,2,large_vehicle,0.2389,47.6,728.6,116.8,795.0
102,2,large_vehicle,0.1346,954.7,412.7,1025.5,458.2
102,2,large_vehicle,0.1155,557.8,483.6,650.1,536.6
103,1,car,0.6539,559.4,483.9,650.2,536.6
103,4,other_vehicle,0.3030,47.6,728.7,116.1,795.0
103,2,large_vehicle,0.2935,47.6,728.7,116.1,795.0
103,0,person,0.2349,1195.7,509.4,1216.3,568.1
103,2,large_vehicle,0.1455,954.9,413.0,1025.8,458.1
104,1,car,0.6551,559.2,484.4,650.4,536.3
104,2,large_vehicle,0.4240,42.2,729.4,106.4,793.6
104,4,other_vehicle,0.3579,42.2,729.4,106.4,793.6
104,0,person,0.1997,1195.8,509.9,1216.2,568.5
104,1,car,0.1798,956.4,427.9,1017.5,457.9
104,2,large_vehicle,0.1033,559.2,484.4,650.4,536.3
105,1,car,0.6783,559.7,484.5,650.4,536.3
105,2,large_vehicle,0.4291,41.9,729.4,106.4,793.7
105,4,other_vehicle,0.3597,41.9,729.4,106.4,793.7
105,0,person,0.2385,1195.8,509.5,1216.1,568.5
105,1,car,0.1537,956.3,427.2,1018.4,457.9
106,1,car,0.6102,561.3,484.3,650.2,536.2
106,2,large_vehicle,0.4162,42.1,729.3,106.6,793.6
106,4,other_vehicle,0.3504,42.1,729.3,106.6,793.6
106,0,person,0.2460,1195.7,509.7,1216.2,568.4
106,2,large_vehicle,0.1349,561.3,484.3,650.2,536.2
107,1,car,0.5407,562.5,484.2,650.1,536.1
107,4,other_vehicle,0.2687,35.4,729.0,100.1,793.6
107,0,person,0.2296,1195.7,509.6,1216.1,568.3
107,2,large_vehicle,0.2053,562.5,484.2,650.1,536.1
107,2,large_vehicle,0.1700,35.4,729.0,100.1,793.6
108,1,car,0.4850,562.3,483.8,649.8,536.0
108,2,large_vehicle,0.2676,562.3,483.8,649.8,536.0
108,4,other_vehicle,0.2255,35.4,729.0,100.3,793.6
108,0,person,0.1804,1195.5,509.2,1215.9,568.2
108,2,large_vehicle,0.1267,35.4,729.0,100.3,793.6
109,1,car,0.4748,557.1,483.5,650.1,536.1
109,4,other_vehicle,0.3108,30.9,728.6,93.3,793.8
109,0,person,0.1881,1195.5,509.2,1216.2,568.2
109,1,car,0.1769,955.9,427.7,1023.5,458.2
109,2,large_vehicle,0.1756,557.1,483.5,650.1,536.1
110,1,car,0.4734,558.6,483.6,650.1,536.1
110,4,other_vehicle,0.3147,30.9,728.6,93.3,793.8
110,0,person,0.1944,1195.6,509.2,1216.3,568.3
110,1,car,0.1801,955.8,427.7,1022.5,458.2
110,2,large_vehicle,0.1749,558.6,483.6,650.1,536.1
111,1,car,0.4231,555.4,483.3,650.0,536.0
111,4,other_vehicle,0.2999,30.9,728.6,93.4,793.8
111,2,large_vehicle,0.2120,555.4,483.3,650.0,536.0
111,0,person,0.1704,1195.6,509.5,1216.1,568.2
111,1,car,0.1655,955.8,427.8,1022.6,458.2
112,1,car,0.6061,559.7,483.5,650.6,536.2
112,2,large_vehicle,0.4342,25.0,729.3,84.9,792.9
112,4,other_vehicle,0.4006,25.0,729.3,84.9,792.9
112,2,large_vehicle,0.1579,559.7,483.5,650.6,536.2
112,0,person,0.1519,1195.6,509.1,1216.2,568.1
113,1,car,0.6015,559.5,483.5,650.6,536.2
113,2,large_vehicle,0.4392,25.0,729.3,84.8,792.9
113,4,other_vehicle,0.3887,25.0,729.3,84.8,792.9
113,2,large_vehicle,0.1593,559.5,483.5,650.6,536.2
113,0,person,0.1510,1195.6,509.1,1216.1,568.1
114,1,car,0.6615,559.6,484.1,650.6,536.4
114,4,other_vehicle,0.5469,20.3,728.4,79.6,793.2
114,2,large_vehicle,0.3029,20.3,728.4,79.6,793.2
114,0,person,0.1227,1195.7,509.1,1216.0,568.1
114,1,car,0.1166,956.7,427.8,1024.7,458.0
115,1,car,0.6706,560.4,484.2,650.5,536.4
115,4,other_vehicle,0.5559,20.3,728.4,79.7,793.0
115,2,large_vehicle,0.3000,20.3,728.4,79.7,793.0
115,1,car,0.1098,956.7,427.7,1025.1,458.0
115,0,person,0.1006,1195.8,509.1,1216.3,568.1
116,1,car,0.6687,559.8,484.3,650.7,536.3
116,4,other_vehicle,0.5543,20.3,728.4,79.7,792.9
116,2,large_vehicle,0.2978,20.3,728.4,79.7,792.9
116,0,person,0.1350,1195.7,509.0,1216.2,568.2
116,1,car,0.1081,956.7,427.7,1025.3,458.0
117,1,car,0.5715,562.6,483.6,650.8,536.1
117,4,other_vehicle,0.4767,14.8,727.7,73.7,793.2
117,2,large_vehicle,0.4467,14.8,727.7,73.7,793.2
117,2,large_vehicle,0.1457,562.6,483.6,650.8,536.1
117,0,person,0.1138,1195.6,508.7,1216.5,568.5
118,4,other_vehicle,0.5977,10.3,729.1,66.3,792.3
118,1,car,0.4423,558.6,483.2,650.2,536.1
118,2,large_vehicle,0.2379,10.3,729.1,66.3,792.3
118,2,large_vehicle,0.1475,558.6,483.2,650.2,536.1
119,4,other_vehicle,0.6018,10.3,729.1,66.3,792.2
119,1,car,0.4451,558.8,483.2,650.2,536.1
119,2,large_vehicle,0.2339,10.3,729.1,66.3,792.2
119,2,large_vehicle,0.1438,558.8,483.2,650.2,536.1
120,4,other_vehicle,0.5979,10.3,729.2,66.3,792.2
120,1,car,0.4492,557.3,483.1,650.2,536.0
120,2,large_vehicle,0.2404,10.3,729.2,66.3,792.2
120,2,large_vehicle,0.1795,557.3,483.1,650.2,536.0
121,1,car,0.5135,556.1,482.9,651.0,536.4
121,4,other_vehicle,0.4757,4.7,728.1,61.5,792.6
121,2,large_vehicle,0.3067,4.7,728.1,61.5,792.6
121,2,large_vehicle,0.1979,556.1,482.9,651.0,536.4
122,1,car,0.5386,556.8,483.0,650.9,536.3
122,4,other_vehicle,0.4643,4.7,728.1,61.2,792.7
122,2,large_vehicle,0.3139,4.7,728.1,61.2,792.7
122,2,large_vehicle,0.1798,556.8,483.0,650.9,536.3
123,1,car,0.6584,559.8,484.1,650.9,536.3
123,4,other_vehicle,0.5078,0.7,727.3,56.6,791.7
123,2,large_vehicle,0.2785,0.7,727.3,56.6,791.7
124,1,car,0.6164,559.1,483.8,651.2,536.2
124,4,other_vehicle,0.4759,0.7,727.1,56.6,791.7
124,2,large_vehicle,0.2942,0.7,727.1,56.6,791.7
124,2,large_vehicle,0.1258,559.1,483.8,651.2,536.2
125,1,car,0.6181,559.0,483.8,651.1,536.2
125,4,other_vehicle,0.4755,0.7,727.1,56.7,791.7
125,2,large_vehicle,0.2960,0.7,727.1,56.7,791.7
125,2,large_vehicle,0.1249,559.0,483.8,651.1,536.2
126,1,car,0.5277,560.2,483.3,650.3,536.0
126,4,other_vehicle,0.5141,0.2,727.7,52.9,790.3
126,2,large_vehicle,0.3193,0.2,727.7,52.9,790.3
126,2,large_vehicle,0.2079,560.2,483.3,650.3,536.0
127,4,other_vehicle,0.5290,0.2,727.8,52.1,790.3
127,1,car,0.4719,560.0,483.2,650.3,535.9
127,2,large_vehicle,0.3291,0.2,727.8,52.1,790.3
127,2,large_vehicle,0.2458,560.0,483.2,650.3,535.9
128,2,large_vehicle,0.5634,0.1,728.5,47.9,789.7
128,1,car,0.4044,555.0,482.9,651.2,536.0
128,2,large_vehicle,0.2069,555.0,482.9,651.2,536.0
128,4,other_vehicle,0.1182,0.1,728.5,47.9,789.7
128,0,person,0.1047,1195.5,508.4,1216.4,568.4
129,2,large_vehicle,0.5733,0.1,728.5,47.8,789.7
129,1,car,0.4583,554.9,483.1,650.3,535.9
129,2,large_vehicle,0.1947,554.9,483.1,650.3,535.9
129,0,person,0.1278,1195.4,508.3,1216.5,568.2
129,4,other_vehicle,0.1147,0.1,728.5,47.8,789.7
130,2,large_vehicle,0.5704,0.1,728.5,47.8,789.7
130,1,car,0.4978,554.9,483.1,650.7,535.9
130,2,large_vehicle,0.2075,554.9,483.1,650.7,535.9
130,0,person,0.1413,1195.6,508.5,1216.5,568.5
130,4,other_vehicle,0.1103,0.1,728.5,47.8,789.7
131,1,car,0.6189,557.5,483.2,651.2,536.1
131,2,large_vehicle,0.5147,0.0,728.9,39.2,789.0
131,1,car,0.1972,0.0,728.9,39.2,789.0
131,2,large_vehicle,0.1600,557.5,483.2,651.2,536.1
131,0,person,0.1432,1195.4,508.5,1216.7,568.9
132,1,car,0.6592,557.5,483.3,650.1,536.0
132,2,large_vehicle,0.5202,0.0,728.9,39.3,789.0
132,1,car,0.1927,0.0,728.9,39.3,789.0
132,2,large_vehicle,0.1438,557.5,483.3,650.1,536.0
132,0,person,0.1424,1195.5,508.6,1216.7,568.6
133,1,car,0.6548,557.2,483.8,650.5,536.3
133,2,large_vehicle,0.3439,0.1,727.5,34.6,789.6
133,1,car,0.2344,0.1,727.5,34.6,789.6
133,4,other_vehicle,0.1771,0.1,727.5,34.6,789.6
133,0,person,0.1234,1195.3,508.3,1216.5,568.8
133,2,large_vehicle,0.1019,557.2,483.8,650.5,536.3
134,1,car,0.6673,557.4,483.8,650.4,536.2
134,2,large_vehicle,0.3411,0.0,727.5,34.6,789.6
134,1,car,0.2332,0.0,727.5,34.6,789.6
134,4,other_vehicle,0.1818,0.0,727.5,34.6,789.6
134,0,person,0.1229,1195.3,508.4,1216.4,568.8
135,1,car,0.6793,557.9,484.0,650.6,536.3
135,2,large_vehicle,0.3570,0.1,727.5,34.6,789.6
135,1,car,0.2279,0.1,727.5,34.6,789.6
135,4,other_vehicle,0.1751,0.1,727.5,34.6,789.6
135,0,person,0.1196,1195.3,508.3,1216.5,568.6
136,1,car,0.4534,559.3,483.6,650.1,535.7
136,2,large_vehicle,0.4088,0.0,724.9,30.7,789.3
136,2,large_vehicle,0.2676,559.3,483.6,650.1,535.7
136,1,car,0.1826,0.0,724.9,30.7,789.3
136,0,person,0.1126,1195.4,508.7,1216.5,568.9
137,1,car,0.4623,559.2,483.5,650.1,535.7
137,2,large_vehicle,0.4056,0.0,724.9,30.6,789.3
137,2,large_vehicle,0.2588,559.2,483.5,650.1,535.7
137,1,car,0.1847,0.0,724.9,30.6,789.3
137,0,person,0.1181,1195.4,508.4,1216.6,568.9
138,1,car,0.3449,554.1,482.8,650.1,535.8
138,2,large_vehicle,0.3264,554.1,482.8,650.1,535.8
138,2,large_vehicle,0.2472,0.0,724.8,25.9,790.8
138,0,person,0.1350,1195.5,508.9,1216.5,569.0
139,1,car,0.3869,554.2,482.8,650.0,535.8
139,2,large_vehicle,0.2840,554.2,482.8,650.0,535.8
139,2,large_vehicle,0.2432,0.0,724.9,25.7,790.9
139,0,person,0.1642,1195.4,508.6,1216.5,569.0
140,1,car,0.3804,553.6,482.8,650.0,535.8
140,2,large_vehicle,0.2904,553.6,482.8,650.0,535.8
140,2,large_vehicle,0.2428,0.0,724.9,25.7,790.9
140,0,person,0.1647,1195.4,508.6,1216.5,569.0
141,1,car,0.4703,554.9,482.9,650.6,536.1
141,2,large_vehicle,0.3226,554.9,482.9,650.6,536.1
141,0,person,0.2328,1195.4,508.4,1216.5,568.7
142,1,car,0.5846,554.4,483.4,650.5,536.2
142,2,large_vehicle,0.1949,554.4,483.4,650.5,536.2
142,0,person,0.1921,1195.5,508.5,1216.5,568.9
143,1,car,0.5717,554.1,483.2,650.6,536.2
143,0,person,0.2187,1195.5,508.5,1216.5,568.8
143,2,large_vehicle,0.2053,554.1,483.2,650.6,536.2
144,1,car,0.6695,554.6,483.7,650.9,536.2
144,0,person,0.2510,1195.5,508.1,1216.5,568.6
144,2,large_vehicle,0.1149,554.6,483.7,650.9,536.2
145,1,car,0.4496,558.6,483.4,650.1,535.9
145,2,large_vehicle,0.2961,558.6,483.4,650.1,535.9
145,0,person,0.2375,1195.6,508.3,1216.6,568.5
146,1,car,0.4510,558.2,483.4,650.1,535.9
146,2,large_vehicle,0.2903,558.2,483.4,650.1,535.9
146,0,person,0.2407,1195.6,508.2,1216.6,568.5
147,1,car,0.3958,553.6,483.1,650.4,535.9
147,2,large_vehicle,0.2780,553.6,483.1,650.4,535.9
147,0,person,0.2308,1195.6,508.8,1216.5,568.9
148,1,car,0.4113,552.7,483.1,650.3,535.9
148,2,large_vehicle,0.2841,552.7,483.1,650.3,535.9
148,0,person,0.2192,1195.6,508.9,1216.5,568.9
149,1,car,0.4061,552.8,483.1,650.3,535.9
149,2,large_vehicle,0.2907,552.8,483.1,650.3,535.9
149,0,person,0.2178,1195.6,508.9,1216.5,568.9
150,1,car,0.6159,552.4,482.7,650.1,536.3
150,0,person,0.3251,1195.6,508.3,1216.9,569.1
150,2,large_vehicle,0.1999,552.4,482.7,650.1,536.3
151,1,car,0.6322,552.1,482.8,650.0,536.3
151,0,person,0.2748,1195.6,507.9,1216.8,569.1
151,2,large_vehicle,0.1757,552.1,482.8,650.0,536.3
152,1,car,0.6219,553.8,482.8,651.9,536.2
152,0,person,0.3154,1195.6,507.9,1216.8,569.0
152,0,person,0.1749,840.6,456.2,857.2,497.6
152,2,large_vehicle,0.1580,553.8,482.8,651.9,536.2
153,1,car,0.6284,554.0,482.9,652.4,536.2
153,0,person,0.3265,1195.7,507.8,1216.9,568.8
153,0,person,0.1721,840.6,456.0,857.2,497.3
153,2,large_vehicle,0.1499,554.0,482.9,652.4,536.2
154,1,car,0.5370,555.1,482.8,650.9,536.2
154,0,person,0.2717,1195.6,508.1,1216.8,568.7
154,2,large_vehicle,0.2412,555.1,482.8,650.9,536.2
154,0,person,0.2163,840.2,456.0,857.3,497.5
154,0,person,0.1508,840.7,455.5,861.0,497.3
155,1,car,0.4430,554.8,482.6,650.5,535.9
155,2,large_vehicle,0.3196,554.8,482.6,650.5,535.9
155,0,person,0.2534,1195.7,508.1,1216.7,568.9
156,1,car,0.5125,555.7,483.0,650.7,535.9
156,2,large_vehicle,0.2689,555.7,483.0,650.7,535.9
156,0,person,0.2422,1195.6,507.9,1216.7,568.8
156,0,person,0.1084,840.0,456.4,857.2,498.0
157,1,car,0.4776,550.6,482.8,649.9,535.9
157,0,person,0.3518,839.7,456.8,857.7,498.0
157,0,person,0.2994,1195.5,507.6,1216.7,568.5
157,2,large_vehicle,0.2513,550.6,482.8,649.9,535.9
158,1,car,0.4609,550.3,482.7,649.8,535.9
158,0,person,0.3515,839.7,456.8,857.7,498.0
158,0,person,0.2984,1195.5,507.6,1216.7,568.5
158,2,large_vehicle,0.2792,550.3,482.7,649.8,535.9
159,1,car,0.4680,548.7,482.5,650.0,535.8
159,0,person,0.3673,839.7,456.7,857.7,498.0
159,2,large_vehicle,0.2633,548.7,482.5,650.0,535.8
159,0,person,0.2373,1195.4,507.9,1216.6,568.7
160,1,car,0.5707,553.2,482.6,650.6,536.3
160,0,person,0.2897,1195.5,507.7,1216.7,568.7
160,2,large_vehicle,0.2436,553.2,482.6,650.6,536.3
161,1,car,0.5710,552.7,482.6,650.7,536.3
161,0,person,0.2917,1195.5,507.7,1216.7,568.7
161,2,large_vehicle,0.2412,552.7,482.6,650.7,536.3
161,0,person,0.1025,839.3,455.4,855.5,496.0
162,1,car,0.6205,552.1,482.7,651.6,536.2
162,0,person,0.3308,1195.4,507.1,1216.8,568.3
162,2,large_vehicle,0.1537,552.1,482.7,651.6,536.2
163,1,car,0.6206,552.8,483.0,650.8,536.2
163,0,person,0.2375,1195.4,508.1,1216.6,568.3
163,2,large_vehicle,0.1530,552.8,483.0,650.8,536.2
164,1,car,0.6238,553.2,483.1,650.7,536.1
164,0,person,0.2251,1195.4,508.1,1216.7,568.2
164,2,large_vehicle,0.1528,553.2,483.1,650.7,536.1
165,1,car,0.5708,558.0,483.6,649.6,535.8
165,0,person,0.2692,1195.6,508.4,1216.5,568.1
165,2,large_vehicle,0.2313,558.0,483.6,649.6,535.8
166,1,car,0.4871,550.1,482.6,650.3,536.0
166,0,person,0.2595,1195.4,508.7,1216.4,568.5
166,2,large_vehicle,0.2172,550.1,482.6,650.3,536.0
167,1,car,0.4845,550.2,482.7,650.3,536.0
167,0,person,0.2581,1195.4,508.8,1216.4,568.5
167,2,large_vehicle,0.2159,550.2,482.7,650.3,536.0
168,1,car,0.4454,549.8,482.4,650.0,535.9
168,0,person,0.2834,1195.5,508.8,1216.4,568.8
168,2,large_vehicle,0.2739,549.8,482.4,650.0,535.9
169,1,car,0.5044,553.7,482.3,651.1,536.1
169,2,large_vehicle,0.2885,553.7,482.3,651.1,536.1
169,0,person,0.2818,1195.4,508.5,1216.7,568.6
170,1,car,0.4926,553.6,482.3,651.4,536.1
170,2,large_vehicle,0.2933,553.6,482.3,651.4,536.1
170,0,person,0.2760,1195.4,508.5,1216.7,568.9
171,1,car,0.6142,554.3,483.2,651.4,536.1
171,0,person,0.2633,1195.5,508.7,1216.6,568.1
171,2,large_vehicle,0.1466,554.3,483.2,651.4,536.1
172,1,car,0.5714,553.8,482.9,651.1,536.0
172,0,person,0.3068,1195.5,508.6,1216.7,568.1
172,2,large_vehicle,0.1874,553.8,482.9,651.1,536.0
173,1,car,0.5554,553.7,482.8,651.1,536.0
173,0,person,0.3059,1195.5,508.6,1216.7,568.1
173,2,large_vehicle,0.2011,553.7,482.8,651.1,536.0
174,1,car,0.5423,558.3,483.0,650.2,535.7
174,0,person,0.2420,1195.5,508.6,1216.9,568.2
174,2,large_vehicle,0.2355,558.3,483.0,650.2,535.7
175,1,car,0.5569,556.9,483.2,650.5,535.7
175,0,person,0.2706,1195.6,508.2,1217.0,568.2
175,2,large_vehicle,0.2025,556.9,483.2,650.5,535.7
176,1,car,0.5513,552.3,482.9,651.2,535.7
176,0,person,0.3081,1195.7,508.2,1216.9,568.2
176,2,large_vehicle,0.1786,552.3,482.9,651.2,535.7
177,1,car,0.5251,552.2,482.8,650.7,535.7
177,0,person,0.3008,1195.7,508.2,1216.8,568.0
177,2,large_vehicle,0.2107,552.2,482.8,650.7,535.7
178,1,car,0.5517,553.0,483.1,650.3,535.7
178,0,person,0.2817,1195.7,508.2,1216.7,568.1
178,2,large_vehicle,0.2061,553.0,483.1,650.3,535.7
179,1,car,0.6206,549.7,482.2,650.5,536.0
179,0,person,0.3511,1195.6,508.4,1216.8,568.4
179,2,large_vehicle,0.1958,549.7,482.2,650.5,536.0
180,1,car,0.6499,551.4,482.6,650.3,536.1
180,0,person,0.3224,1195.6,508.5,1216.8,568.6
180,2,large_vehicle,0.1796,551.4,482.6,650.3,536.1
181,1,car,0.6197,555.2,483.4,651.0,536.0
181,0,person,0.2792,1195.4,508.6,1216.5,568.0
181,2,large_vehicle,0.1628,555.2,483.4,651.0,536.0
182,1,car,0.6184,555.5,483.4,651.0,536.0
182,0,person,0.2736,1195.4,508.6,1216.4,568.0
182,2,large_vehicle,0.1620,555.5,483.4,651.0,536.0
183,1,car,0.6538,556.1,483.6,651.1,536.0
183,0,person,0.2640,1195.5,508.9,1216.4,568.0
183,2,large_vehicle,0.1293,556.1,483.6,651.1,536.0
184,1,car,0.5498,558.1,483.4,650.2,535.8
184,0,person,0.3757,1195.7,509.0,1216.9,568.8
184,2,large_vehicle,0.2290,558.1,483.4,650.2,535.8
184,0,person,0.1528,833.8,455.2,849.3,496.0
185,1,car,0.5644,558.2,483.5,650.5,535.8
185,0,person,0.3640,1195.7,508.9,1216.8,568.8
185,2,large_vehicle,0.2108,558.2,483.5,650.5,535.8
185,0,person,0.1721,833.7,454.6,849.4,495.9
186,1,car,0.4444,552.0,482.7,650.8,535.8
186,0,person,0.4042,1195.6,508.9,1216.8,568.7
186,2,large_vehicle,0.2846,552.0,482.7,650.8,535.8
187,1,car,0.5080,552.1,482.9,651.1,535.8
187,0,person,0.3732,1195.6,508.7,1216.9,568.7
187,2,large_vehicle,0.2226,552.1,482.9,651.1,535.8
187,0,person,0.1040,834.4,459.2,848.9,495.6
188,1,car,0.5234,552.0,482.9,651.5,535.8
188,0,person,0.3772,1195.6,508.8,1216.8,568.8
188,2,large_vehicle,0.2055,552.0,482.9,651.5,535.8
188,0,person,0.1029,834.4,459.0,848.4,495.5
189,1,car,0.6801,552.3,482.5,651.2,536.1
189,0,person,0.3835,1195.5,508.2,1216.4,568.3
189,2,large_vehicle,0.1252,552.3,482.5,651.2,536.1
190,1,car,0.5910,554.6,482.8,651.7,535.9
190,0,person,0.2778,1195.5,508.3,1216.4,568.2
190,2,large_vehicle,0.1932,554.6,482.8,651.7,535.9
191,1,car,0.5797,554.1,482.6,651.5,535.9
191,0,person,0.2763,1195.5,508.4,1216.4,568.2
191,2,large_vehicle,0.2088,554.1,482.6,651.5,535.9
192,1,car,0.6686,556.3,483.4,651.5,535.9
192,0,person,0.2164,1195.6,508.7,1216.5,568.2
192,2,large_vehicle,0.1189,556.3,483.4,651.5,535.9
193,1,car,0.5309,557.4,483.1,650.4,535.9
193,0,person,0.2937,1195.7,508.6,1216.4,568.4
193,2,large_vehicle,0.2606,557.4,483.1,650.4,535.9
194,1,car,0.5448,557.3,483.1,650.5,535.9
194,0,person,0.2851,1195.7,508.8,1216.4,568.4
194,2,large_vehicle,0.2424,557.3,483.1,650.5,535.9
195,1,car,0.5626,550.4,482.6,651.2,535.8
195,0,person,0.3348,1195.5,508.7,1216.5,568.7
195,2,large_vehicle,0.1784,550.4,482.6,651.2,535.8
196,1,car,0.5777,549.6,482.4,651.2,535.9
196,0,person,0.3341,1195.5,508.8,1216.5,568.7
196,2,large_vehicle,0.1669,549.6,482.4,651.2,535.9
197,1,car,0.5733,549.9,482.4,651.2,535.9
197,0,person,0.3282,1195.5,508.8,1216.5,568.6
197,2,large_vehicle,0.1720,549.9,482.4,651.2,535.9
198,1,car,0.7148,553.0,483.1,650.9,536.1
198,0,person,0.2966,1195.4,508.8,1216.5,568.5
198,2,large_vehicle,0.1022,553.0,483.1,650.9,536.1
199,1,car,0.7281,552.9,483.0,651.2,536.1
199,0,person,0.2599,1195.5,508.9,1216.4,568.3
200,1,car,0.6313,553.2,482.9,655.0,535.9
200,0,person,0.2710,1195.6,509.0,1216.3,568.0
200,2,large_vehicle,0.1183,553.2,482.9,655.0,535.9
201,1,car,0.6693,554.3,483.2,654.5,535.9
201,0,person,0.2594,1195.6,508.8,1216.3,568.1
202,1,car,0.6441,552.8,482.8,654.0,535.8
202,0,person,0.2962,1195.5,508.5,1216.4,568.0
203,1,car,0.5814,557.2,483.4,651.1,535.9
203,0,person,0.3064,1195.7,508.9,1216.2,568.2
203,2,large_vehicle,0.1637,557.2,483.4,651.1,535.9
204,1,car,0.5580,557.8,483.2,650.4,535.9
204,0,person,0.3660,1195.7,508.6,1216.1,567.8
204,2,large_vehicle,0.1978,557.8,483.2,650.4,535.9
205,1,car,0.5382,549.5,482.7,651.2,535.8
205,0,person,0.2969,1195.5,508.1,1216.3,567.9
205,2,large_vehicle,0.1748,549.5,482.7,651.2,535.8
206,1,car,0.5410,549.5,482.7,651.3,535.8
206,0,person,0.2890,1195.5,508.0,1216.3,567.9
206,2,large_vehicle,0.1705,549.5,482.7,651.3,535.8
207,1,car,0.5021,548.8,482.2,651.3,535.8
207,0,person,0.2864,1195.5,507.9,1216.3,568.1
207,2,large_vehicle,0.2053,548.8,482.2,651.3,535.8
208,1,car,0.6512,553.9,482.9,652.6,536.2
208,0,person,0.3532,1195.6,508.5,1216.4,567.9
208,2,large_vehicle,0.1325,553.9,482.9,652.6,536.2
209,1,car,0.6475,553.7,482.9,652.5,536.2
209,0,person,0.3220,1195.6,508.4,1216.2,567.9
209,2,large_vehicle,0.1359,553.7,482.9,652.5,536.2
210,1,car,0.6775,557.2,484.0,652.9,536.0
210,0,person,0.3021,1195.8,508.5,1216.2,567.7
211,1,car,0.6730,556.7,483.8,652.4,536.0
211,0,person,0.2367,1195.6,508.3,1216.2,567.9
212,1,car,0.6793,557.4,484.0,652.2,536.0
212,0,person,0.2430,1195.7,508.3,1216.2,567.9
213,1,car,0.5416,558.2,483.2,650.2,535.8
213,0,person,0.2767,1195.7,508.4,1216.2,568.2
213,2,large_vehicle,0.2354,558.2,483.2,650.2,535.8
214,1,car,0.5182,557.3,483.2,650.4,535.8
214,0,person,0.2495,1195.6,508.4,1216.5,568.3
214,2,large_vehicle,0.2325,557.3,483.2,650.4,535.8
215,1,car,0.5215,551.6,482.9,650.4,535.8
215,0,person,0.3617,1195.7,508.9,1216.5,568.4
215,2,large_vehicle,0.1946,551.6,482.9,650.4,535.8
216,1,car,0.4996,552.0,482.9,650.4,535.7
216,0,person,0.3126,1195.7,509.2,1216.4,568.4
216,2,large_vehicle,0.2230,552.0,482.9,650.4,535.7
217,1,car,0.5643,549.8,482.5,651.2,536.2
217,0,person,0.2681,1195.7,509.0,1216.2,568.0
217,2,large_vehicle,0.2273,549.8,482.5,651.2,536.2
217,0,person,0.1234,825.3,462.3,841.6,501.8
218,1,car,0.5639,549.9,482.5,651.2,536.3
218,0,person,0.2660,1195.7,509.1,1216.2,568.0
218,2,large_vehicle,0.2267,549.9,482.5,651.2,536.3
218,0,person,0.1120,825.3,462.6,841.6,501.9
219,1,car,0.6679,555.9,483.6,651.8,536.2
219,0,person,0.2310,824.2,457.5,842.3,501.7
219,0,person,0.2229,1195.7,508.8,1216.5,567.7
219,0,person,0.1246,824.4,458.6,842.3,501.7
220,1,car,0.6479,557.0,483.9,651.5,536.0
220,0,person,0.2936,824.5,459.7,842.1,501.7
220,0,person,0.1697,1195.7,508.8,1216.4,567.5
220,2,large_vehicle,0.1188,557.0,483.9,651.5,536.0
221,1,car,0.5597,558.9,483.7,650.6,535.9
221,0,person,0.4452,824.0,456.9,842.0,502.8
221,0,person,0.2965,1195.8,508.3,1216.6,567.5
221,2,large_vehicle,0.2158,558.9,483.7,650.6,535.9
222,1,car,0.5338,558.2,483.4,650.5,535.8
222,0,person,0.4529,824.0,456.9,842.0,502.8
222,0,person,0.2598,1195.7,508.4,1216.5,567.5
222,2,large_vehicle,0.2526,558.2,483.4,650.5,535.8
223,0,person,0.4797,824.0,456.6,842.2,503.0
223,1,car,0.4583,556.7,483.1,650.4,535.7
223,0,person,0.3310,1195.8,508.2,1216.5,567.6
223,2,large_vehicle,0.3197,556.7,483.1,650.4,535.7
224,1,car,0.5072,555.9,483.5,649.9,535.7
224,0,person,0.3008,1195.8,508.5,1216.6,568.2
224,2,large_vehicle,0.2301,555.9,483.5,649.9,535.7
225,1,car,0.4465,555.5,483.2,649.7,535.7
225,2,large_vehicle,0.3043,555.5,483.2,649.7,535.7
225,0,person,0.2686,1195.7,508.6,1216.4,568.1
226,1,car,0.5891,552.2,483.1,650.6,536.0
226,0,person,0.3315,822.9,456.8,841.5,501.4
226,0,person,0.2821,1195.6,509.2,1216.2,568.6
226,2,large_vehicle,0.2045,552.2,483.1,650.6,536.0
227,1,car,0.5813,552.3,483.1,650.4,535.9
227,0,person,0.3341,823.0,456.9,841.4,501.4
227,0,person,0.2726,1195.6,509.3,1216.2,568.6
227,2,large_vehicle,0.2199,552.3,483.1,650.4,535.9
228,1,car,0.6190,554.2,483.2,650.3,535.9
228,0,person,0.3373,823.0,457.3,841.4,501.4
228,0,person,0.2675,1195.5,509.1,1216.4,568.6
228,2,large_vehicle,0.2032,554.2,483.2,650.3,535.9
228,1,car,0.1339,1279.8,595.3,1342.0,684.3
229,1,car,0.6497,558.5,484.3,651.2,535.8
229,0,person,0.2462,1195.8,508.8,1216.3,567.5
229,2,large_vehicle,0.1346,558.5,484.3,651.2,535.8
230,1,car,0.6396,558.1,484.2,651.4,535.8
230,0,person,0.2826,1195.8,508.9,1216.3,567.6
230,2,large_vehicle,0.1337,558.1,484.2,651.4,535.8
231,1,car,0.4768,559.4,483.3,650.4,535.6
231,2,large_vehicle,0.3031,559.4,483.3,650.4,535.6
231,0,person,0.2528,1195.9,508.7,1216.3,567.4
232,1,car,0.4568,557.3,482.6,650.2,535.5
232,2,large_vehicle,0.3191,557.3,482.6,650.2,535.5
232,0,person,0.2735,1195.8,508.9,1216.5,567.7
233,1,car,0.4573,557.3,482.6,650.4,535.6
233,2,large_vehicle,0.3108,557.3,482.6,650.4,535.6
233,0,person,0.2695,1195.9,508.9,1216.5,567.7
234,1,car,0.4083,554.6,482.4,650.2,535.7
234,2,large_vehicle,0.3381,554.6,482.4,650.2,535.7
234,0,person,0.2035,1195.9,508.8,1216.6,568.2
235,1,car,0.4011,554.2,482.2,650.2,535.6
235,2,large_vehicle,0.3407,554.2,482.2,650.2,535.6
235,0,person,0.1569,1195.8,509.1,1216.5,567.9
236,1,car,0.5690,555.5,483.1,651.9,535.7
236,0,person,0.2281,1195.8,509.3,1216.1,568.0
236,2,large_vehicle,0.2068,555.5,483.1,651.9,535.7
237,1,car,0.5740,554.5,482.8,651.8,535.7
237,2,large_vehicle,0.2079,554.5,482.8,651.8,535.7
237,0,person,0.1837,1195.8,509.2,1216.2,567.8
238,1,car,0.7025,560.0,484.1,652.2,535.4
238,0,person,0.1230,1195.8,508.7,1215.6,567.3
238,2,large_vehicle,0.1222,560.0,484.1,652.2,535.4
239,1,car,0.6769,559.8,484.0,652.3,535.4
239,2,large_vehicle,0.1409,559.8,484.0,652.3,535.4
240,1,car,0.6318,561.0,483.9,653.9,535.2
240,2,large_vehicle,0.1681,561.0,483.9,653.9,535.2
241,1,car,0.5992,560.2,483.9,652.9,535.2
241,2,large_vehicle,0.1887,560.2,483.9,652.9,535.2
242,1,car,0.6046,560.8,484.0,652.4,535.3
242,2,large_vehicle,0.1811,560.8,484.0,652.4,535.3
243,1,car,0.6271,559.9,483.4,654.2,534.9
243,2,large_vehicle,0.1815,559.9,483.4,654.2,534.9
243,0,person,0.1774,821.2,455.1,836.6,498.3
244,1,car,0.5518,560.3,483.2,653.8,534.9
244,2,large_vehicle,0.2376,560.3,483.2,653.8,534.9
244,0,person,0.1709,821.2,454.7,836.7,498.2
244,0,person,0.1341,1196.0,508.1,1216.7,567.6
244,2,large_vehicle,0.1016,956.4,413.6,1026.1,456.4
245,1,car,0.5718,559.8,482.6,652.1,534.7
245,2,large_vehicle,0.2544,559.8,482.6,652.1,534.7
245,2,large_vehicle,0.1657,955.5,413.5,1026.1,456.5
245,0,person,0.1327,1196.0,507.9,1216.5,567.4
246,1,car,0.5656,559.9,482.7,652.1,534.7
246,2,large_vehicle,0.2508,559.9,482.7,652.1,534.7
246,2,large_vehicle,0.1717,955.5,413.2,1026.6,456.5
246,0,person,0.1673,1196.0,507.7,1216.8,567.4
247,2,large_vehicle,0.2415,955.1,413.4,1026.2,456.5
247,1,car,0.2181,563.1,483.0,652.0,534.8
247,1,car,0.1919,562.4,483.3,651.7,534.8
247,0,person,0.1118,1196.0,509.0,1216.5,567.4
247,1,car,0.1107,955.1,413.4,1026.2,456.5
247,2,large_vehicle,0.1068,563.1,483.0,652.0,534.8
248,1,car,0.7656,562.3,483.3,654.6,534.7
248,2,large_vehicle,0.2231,954.9,413.4,1026.5,456.5
248,1,car,0.1743,954.9,413.4,1026.5,456.5
249,1,car,0.7653,562.3,483.3,654.5,534.7
249,2,large_vehicle,0.2308,955.0,413.3,1026.6,456.5
249,1,car,0.1619,955.0,413.3,1026.6,456.5
250,1,car,0.4587,561.5,482.8,650.9,534.8
250,2,large_vehicle,0.2640,561.5,482.8,650.9,534.8
250,2,large_vehicle,0.2166,955.5,413.3,1026.6,456.2
250,2,large_vehicle,0.1591,563.3,482.5,651.3,534.8
251,1,car,0.5056,561.2,482.5,650.6,534.7
251,2,large_vehicle,0.3676,561.2,482.5,650.6,534.7
251,2,large_vehicle,0.2172,956.0,413.3,1026.6,456.2
252,1,car,0.5110,561.4,482.8,650.7,534.8
252,2,large_vehicle,0.3092,561.4,482.8,650.7,534.8
252,2,large_vehicle,0.1718,956.0,413.2,1026.5,456.1
252,2,large_vehicle,0.1195,563.1,482.6,651.2,534.8
253,1,car,0.5528,560.8,482.9,650.1,534.8
253,2,large_vehicle,0.3306,560.8,482.9,650.1,534.8
253,0,person,0.1591,818.9,461.7,832.7,498.9
253,2,large_vehicle,0.1411,957.1,413.4,1026.3,456.1
254,1,car,0.3930,561.5,482.7,650.0,534.7
254,2,large_vehicle,0.2137,561.5,482.7,650.0,534.7
254,2,large_vehicle,0.1970,957.3,413.4,1026.1,456.1
254,0,person,0.1483,818.9,461.7,832.7,498.9
254,2,large_vehicle,0.1414,562.4,482.3,650.9,534.7
255,1,car,0.5952,561.0,482.6,650.3,534.7
255,2,large_vehicle,0.3908,955.2,413.6,1026.2,456.2
255,2,large_vehicle,0.3043,561.0,482.6,650.3,534.7
255,1,car,0.1045,955.2,413.6,1026.2,456.2
256,1,car,0.5658,561.0,482.5,650.1,534.6
256,2,large_vehicle,0.4189,955.4,413.3,1026.5,456.2
256,2,large_vehicle,0.2821,561.0,482.5,650.1,534.6
257,1,car,0.5849,560.5,482.5,649.9,534.7
257,2,large_vehicle,0.4455,955.9,413.0,1026.6,456.2
257,2,large_vehicle,0.3047,560.5,482.5,649.9,534.7
257,1,car,0.1004,955.9,413.0,1026.6,456.2
258,1,car,0.7521,561.1,483.1,651.4,534.7
258,2,large_vehicle,0.3464,955.7,413.4,1026.5,456.2
258,2,large_vehicle,0.1335,561.1,483.1,651.4,534.7
259,1,car,0.7659,561.0,483.3,650.8,534.8
259,2,large_vehicle,0.2964,955.9,413.2,1026.3,456.2
259,2,large_vehicle,0.1228,561.0,483.3,650.8,534.8
259,0,person,0.1041,816.4,462.0,831.8,501.5
259,1,car,0.1017,955.9,413.2,1026.3,456.2
260,1,car,0.3488,562.1,483.3,650.1,534.8
260,0,person,0.2450,816.0,464.3,830.8,501.7
260,2,large_vehicle,0.1887,563.9,482.9,651.2,534.7
260,2,large_vehicle,0.1780,956.6,412.5,1025.8,455.9
260,2,large_vehicle,0.1625,562.1,483.3,650.1,534.8
260,1,car,0.1487,563.9,482.9,651.2,534.7
261,1,car,0.3244,562.2,483.4,650.2,534.8
261,0,person,0.2417,816.0,464.3,830.8,501.7
261,2,large_vehicle,0.2005,564.0,483.0,651.2,534.7
261,2,large_vehicle,0.1889,956.4,412.4,1026.0,455.9
261,1,car,0.1646,564.0,483.0,651.2,534.7
261,2,large_vehicle,0.1474,562.2,483.4,650.2,534.8
262,1,car,0.3947,561.5,483.3,649.9,534.8
262,0,person,0.2583,816.0,464.4,830.8,501.7
262,2,large_vehicle,0.1694,561.5,483.3,649.9,534.8
262,2,large_vehicle,0.1689,563.4,482.9,650.9,534.7
262,2,large_vehicle,0.1667,956.4,412.5,1026.1,455.9
262,1,car,0.1366,563.4,482.9,650.9,534.7
263,1,car,0.6427,560.1,482.9,649.8,534.7
263,2,large_vehicle,0.2646,560.1,482.9,649.8,534.7
263,2,large_vehicle,0.1877,956.8,412.8,1026.0,455.9
264,1,car,0.6849,560.7,482.8,650.4,534.7
264,2,large_vehicle,0.2681,955.5,413.0,1026.1,456.0
264,0,person,0.2370,814.7,463.8,830.0,502.3
264,2,large_vehicle,0.1942,560.7,482.8,650.4,534.7
265,1,car,0.6601,560.4,482.6,650.3,534.7
265,2,large_vehicle,0.3095,955.6,413.1,1025.9,456.0
265,0,person,0.2556,814.7,463.7,830.0,502.2
265,2,large_vehicle,0.2414,560.4,482.6,650.3,534.7
265,1,car,0.1044,955.6,413.1,1025.9,456.0
266,1,car,0.6758,560.6,482.8,650.3,534.7
266,2,large_vehicle,0.3270,955.9,412.9,1026.0,456.0
266,0,person,0.2973,814.7,463.7,830.0,502.3
266,2,large_vehicle,0.2058,560.6,482.8,650.3,534.7
266,1,car,0.1184,955.9,412.9,1026.0,456.0
267,1,car,0.6717,561.6,483.4,650.3,534.7
267,2,large_vehicle,0.3054,956.2,413.0,1026.3,455.9
267,0,person,0.2833,905.5,434.7,916.4,459.9
267,0,person,0.1192,814.3,464.4,829.1,502.7
267,2,large_vehicle,0.1166,561.6,483.4,650.3,534.7
267,1,car,0.1002,562.6,483.1,651.2,534.8
268,1,car,0.7228,561.5,483.4,650.4,534.7
268,2,large_vehicle,0.2780,956.5,413.3,1026.3,455.9
268,0,person,0.2747,905.5,434.7,916.4,459.9
268,0,person,0.1537,814.4,464.2,829.1,502.6
268,1,car,0.1298,956.5,413.3,1026.3,455.9
268,2,large_vehicle,0.1073,561.5,483.4,650.4,534.7
269,1,car,0.7045,560.6,483.3,651.0,534.7
269,2,large_vehicle,0.2570,956.9,413.3,1026.5,455.7
269,2,large_vehicle,0.1502,560.6,483.3,651.0,534.7
269,0,person,0.1449,903.6,432.9,914.5,460.1
270,1,car,0.7044,560.6,483.3,650.9,534.7
270,2,large_vehicle,0.2611,956.9,413.3,1026.5,455.7
270,2,large_vehicle,0.1528,560.6,483.3,650.9,534.7
270,0,person,0.1503,903.7,432.9,914.5,460.0
271,1,car,0.7210,560.3,483.2,650.9,534.8
271,2,large_vehicle,0.2188,956.7,413.4,1026.5,455.7
271,0,person,0.1465,903.6,432.8,914.5,460.1
271,2,large_vehicle,0.1411,560.3,483.2,650.9,534.8
272,1,car,0.6895,559.1,482.8,650.7,534.7
272,2,large_vehicle,0.2267,957.2,413.4,1026.3,455.8
272,2,large_vehicle,0.2037,559.1,482.8,650.7,534.7
273,1,car,0.6988,559.1,482.9,650.6,534.7
273,2,large_vehicle,0.2093,957.2,413.4,1026.1,455.8
273,2,large_vehicle,0.1950,559.1,482.9,650.6,534.7
274,1,car,0.6889,559.3,482.3,651.6,534.7
274,2,large_vehicle,0.2791,956.0,413.8,1025.0,455.9
274,2,large_vehicle,0.2106,559.3,482.3,651.6,534.7
274,0,person,0.1294,1197.0,526.0,1216.0,567.4
274,1,car,0.1247,956.0,413.8,1025.0,455.9
275,1,car,0.6593,560.0,482.4,651.2,534.7
275,2,large_vehicle,0.3264,955.5,413.7,1025.1,455.9
275,2,large_vehicle,0.2572,560.0,482.4,651.2,534.7
275,0,person,0.1429,1197.0,526.0,1216.0,567.6
275,1,car,0.1275,955.5,413.7,1025.1,455.9
276,1,car,0.6621,559.9,482.4,651.2,534.7
276,2,large_vehicle,0.3216,955.5,413.8,1025.1,455.9
276,2,large_vehicle,0.2537,559.9,482.4,651.2,534.7
276,0,person,0.1427,1197.0,525.9,1216.0,567.5
276,1,car,0.1268,955.5,413.8,1025.1,455.9
277,1,car,0.7186,561.8,483.1,650.5,534.6
277,2,large_vehicle,0.2373,955.8,413.7,1024.7,455.8
277,1,car,0.1143,955.8,413.7,1024.7,455.8
277,0,person,0.1035,1197.0,527.4,1215.4,567.5
278,1,car,0.4333,562.5,483.0,650.3,534.6
278,2,large_vehicle,0.2518,955.5,413.5,1024.7,455.8
278,1,car,0.1533,563.6,482.7,651.3,534.6
278,0,person,0.1361,1196.9,527.0,1215.6,567.5
279,1,car,0.6941,560.4,482.8,650.7,534.6
279,2,large_vehicle,0.1948,956.6,413.6,1024.8,455.7
279,2,large_vehicle,0.1826,560.4,482.8,650.7,534.6
279,0,person,0.1666,894.5,435.2,907.9,470.0
279,0,person,0.1215,1196.8,526.7,1215.6,567.6
280,1,car,0.6441,560.5,483.0,650.4,534.6
280,2,large_vehicle,0.1729,956.5,413.7,1025.5,455.7
280,0,person,0.1588,894.5,435.3,907.9,470.1
280,2,large_vehicle,0.1452,560.5,483.0,650.4,534.6
281,1,car,0.6998,560.0,482.9,650.7,534.6
281,2,large_vehicle,0.1909,956.6,413.7,1025.7,455.7
281,2,large_vehicle,0.1753,560.0,482.9,650.7,534.6
281,0,person,0.1702,894.5,435.1,908.0,470.1
281,0,person,0.1149,1261.2,641.4,1283.2,682.5
282,1,car,0.7126,559.7,483.0,650.5,534.6
282,2,large_vehicle,0.1904,957.2,413.4,1025.9,455.6
282,2,large_vehicle,0.1738,559.7,483.0,650.5,534.6
283,1,car,0.7136,559.5,483.0,650.2,534.6
283,2,large_vehicle,0.1808,957.5,413.6,1026.3,455.6
283,2,large_vehicle,0.1755,559.5,483.0,650.2,534.6
284,1,car,0.6193,560.9,482.3,649.9,534.5
284,2,large_vehicle,0.2597,956.4,413.4,1027.3,455.8
284,2,large_vehicle,0.2559,560.9,482.3,649.9,534.5
285,1,car,0.6498,561.0,482.4,650.1,534.6
285,2,large_vehicle,0.2405,956.4,413.4,1027.1,455.8
285,2,large_vehicle,0.2335,561.0,482.4,650.1,534.6
286,1,car,0.6572,560.6,482.4,650.1,534.6
286,2,large_vehicle,0.2684,956.3,413.8,1026.9,455.8
286,2,large_vehicle,0.2242,560.6,482.4,650.1,534.6
286,1,car,0.1620,956.3,413.8,1026.9,455.8
287,1,car,0.7657,561.4,483.3,651.0,534.6
287,2,large_vehicle,0.2439,956.3,413.6,1026.4,455.8
287,0,person,0.1475,808.7,463.9,826.9,502.6
287,1,car,0.1410,956.3,413.6,1026.4,455.8
287,2,large_vehicle,0.1073,561.4,483.3,651.0,534.6
288,1,car,0.6437,560.6,482.9,650.1,534.7
288,0,person,0.4338,1259.8,644.2,1278.9,685.4
288,0,person,0.1858,1197.0,526.9,1215.6,567.8
288,2,large_vehicle,0.1527,560.6,482.9,650.1,534.7
288,2,large_vehicle,0.1461,957.5,413.7,1026.5,455.7
289,1,car,0.6779,560.2,482.8,649.9,534.7
289,0,person,0.4502,1259.8,644.2,1278.9,685.3
289,0,person,0.2208,1197.0,526.9,1215.6,567.9
289,2,large_vehicle,0.1926,560.2,482.8,649.9,534.7
289,2,large_vehicle,0.1405,957.1,413.5,1025.9,455.7
290,1,car,0.6958,559.8,482.8,649.6,534.7
290,0,person,0.5149,1259.7,642.6,1279.0,685.6
290,2,large_vehicle,0.1962,559.8,482.8,649.6,534.7
290,0,person,0.1549,1196.7,527.1,1215.2,567.8
290,2,large_vehicle,0.1458,957.4,413.3,1026.1,455.7
291,1,car,0.6335,559.3,482.2,650.2,534.6
291,0,person,0.4480,1259.8,647.1,1278.3,685.9
291,2,large_vehicle,0.2738,559.3,482.2,650.2,534.6
291,2,large_vehicle,0.1576,957.6,413.5,1026.1,455.6
291,0,person,0.1445,1196.8,526.6,1215.5,567.9
291,0,person,0.1044,807.0,463.9,824.3,502.7
292,1,car,0.6670,559.0,482.2,650.2,534.6
292,0,person,0.4051,1259.8,647.1,1278.3,685.9
292,2,large_vehicle,0.2338,559.0,482.2,650.2,534.6
292,2,large_vehicle,0.1397,957.7,413.4,1026.1,455.6
292,0,person,0.1283,1196.9,526.5,1215.5,568.1
292,0,person,0.1011,807.0,463.8,824.3,502.7
293,1,car,0.6150,560.3,482.0,650.0,534.6
293,2,large_vehicle,0.3123,956.3,413.5,1026.4,455.7
293,0,person,0.3080,806.4,465.8,824.0,503.2
293,2,large_vehicle,0.2990,560.3,482.0,650.0,534.6
293,1,car,0.1467,956.3,413.5,1026.4,455.7
293,0,person,0.1155,1197.1,526.4,1215.5,567.8
293,0,person,0.1138,1259.9,648.1,1278.1,685.3
294,1,car,0.6185,560.3,482.0,650.0,534.6
294,2,large_vehicle,0.3128,956.3,413.5,1026.4,455.7
294,0,person,0.3082,806.4,465.8,824.0,503.2
294,2,large_vehicle,0.2956,560.3,482.0,650.0,534.6
294,1,car,0.1467,956.3,413.5,1026.4,455.7
294,0,person,0.1285,1259.9,648.0,1278.1,685.3
294,0,person,0.1105,1197.1,526.5,1215.4,567.8
295,1,car,0.6427,560.4,482.2,650.0,534.5
295,0,person,0.3058,806.5,465.9,823.9,503.2
295,2,large_vehicle,0.2981,956.6,413.7,1026.0,455.8
295,2,large_vehicle,0.2673,560.4,482.2,650.0,534.5
295,1,car,0.1689,956.6,413.7,1026.0,455.8
295,0,person,0.1064,1259.9,648.3,1278.0,685.3
296,1,car,0.7762,560.4,483.1,650.6,534.6
296,2,large_vehicle,0.2720,956.0,413.4,1025.2,455.8
296,0,person,0.1279,806.1,465.6,822.9,503.5
296,1,car,0.1217,956.0,413.4,1025.2,455.8
296,2,large_vehicle,0.1022,560.4,483.1,650.6,534.6
297,1,car,0.7847,560.4,483.1,650.6,534.6
297,2,large_vehicle,0.2783,956.0,413.5,1025.0,455.8
297,1,car,0.1208,956.0,413.5,1025.0,455.8
297,0,person,0.1160,806.1,465.6,822.9,503.5
298,1,car,0.2064,562.9,482.5,650.8,534.6
298,1,car,0.1975,561.4,482.8,649.9,534.6
298,2,large_vehicle,0.1503,956.7,413.6,1025.1,455.7
298,2,large_vehicle,0.1251,562.9,482.5,650.8,534.6
299,1,car,0.3088,563.3,482.5,650.6,534.6
299,2,large_vehicle,0.1902,563.3,482.5,650.6,534.6
299,2,large_vehicle,0.1419,956.9,413.7,1024.7,455.7
300,1,car,0.3174,563.5,482.5,650.5,534.6
300,2,large_vehicle,0.2066,563.5,482.5,650.5,534.6
300,2,large_vehicle,0.1327,956.9,413.7,1024.7,455.7
301,1,car,0.6755,559.4,482.4,649.4,534.5
301,2,large_vehicle,0.2486,559.4,482.4,649.4,534.5
301,0,person,0.1240,804.8,466.8,820.8,503.6
301,2,large_vehicle,0.1005,957.4,413.9,1024.6,455.4
301,0,person,0.1001,1258.0,649.0,1277.2,689.0
302,1,car,0.6857,559.5,482.5,649.6,534.5
302,2,large_vehicle,0.2117,559.5,482.5,649.6,534.5
302,0,person,0.1603,804.9,466.8,821.0,503.5
302,0,person,0.1057,1258.0,648.9,1277.2,688.9
303,1,car,0.6230,560.8,482.4,649.7,534.6
303,2,large_vehicle,0.2006,560.8,482.4,649.7,534.6
303,2,large_vehicle,0.1279,956.4,414.1,1024.5,455.7
303,1,car,0.1024,956.4,414.1,1024.5,455.7
304,1,car,0.5384,561.0,482.7,649.8,534.5
304,2,large_vehicle,0.1282,956.4,414.3,1024.4,455.7
304,2,large_vehicle,0.1282,561.0,482.7,649.8,534.5
304,1,car,0.1139,956.4,414.3,1024.4,455.7
305,1,car,0.2290,563.6,482.5,651.1,534.5
305,2,large_vehicle,0.1937,955.6,413.9,1024.3,455.7
305,0,person,0.1211,1196.9,526.3,1215.8,567.2
305,1,car,0.1069,955.6,413.9,1024.3,455.7
306,1,car,0.5646,561.0,483.0,650.1,534.5
306,2,large_vehicle,0.2191,955.9,414.0,1025.0,455.7
306,1,car,0.1621,562.5,482.7,650.8,534.6
306,1,car,0.1560,955.9,414.0,1025.0,455.7
306,0,person,0.1438,1255.2,638.0,1276.1,689.7
306,0,person,0.1140,1196.8,526.0,1215.8,567.1
307,1,car,0.3513,563.6,482.8,650.5,534.6
307,2,large_vehicle,0.2147,956.0,413.9,1025.2,455.7
307,1,car,0.1654,956.0,413.9,1025.2,455.7
307,0,person,0.1599,1196.8,525.9,1215.8,567.1
307,0,person,0.1344,1255.1,638.1,1276.2,689.9
307,1,car,0.1294,562.2,483.1,649.9,534.6
308,1,car,0.7281,559.9,482.9,650.0,534.6
308,0,person,0.4327,1254.0,641.0,1275.5,690.5
308,2,large_vehicle,0.1762,957.2,413.9,1024.9,455.6
308,2,large_vehicle,0.1341,559.9,482.9,650.0,534.6
309,1,car,0.7188,559.9,482.9,650.0,534.6
309,0,person,0.4275,1254.0,641.0,1275.5,690.5
309,2,large_vehicle,0.1907,957.2,414.0,1024.9,455.6
309,2,large_vehicle,0.1481,559.9,482.9,650.0,534.6
310,1,car,0.6497,560.1,482.8,649.6,534.6
310,0,person,0.4172,1254.0,641.0,1275.5,690.5
310,2,large_vehicle,0.1499,957.1,413.9,1024.8,455.6
310,2,large_vehicle,0.1146,560.1,482.8,649.6,534.6
311,1,car,0.7115,559.4,482.5,649.5,534.5
311,0,person,0.3542,1253.7,646.9,1275.0,691.2
311,0,person,0.2228,1196.9,526.0,1216.3,567.2
311,2,large_vehicle,0.1898,559.4,482.5,649.5,534.5
311,2,large_vehicle,0.1833,957.8,413.8,1025.6,455.5
312,1,car,0.4133,561.4,482.4,649.9,534.6
312,2,large_vehicle,0.3396,955.6,413.5,1026.2,455.8
312,0,person,0.2362,1197.0,525.8,1216.4,567.2
312,0,person,0.2222,1252.8,646.4,1273.9,693.6
312,1,car,0.1195,955.6,413.5,1026.2,455.8
313,1,car,0.6608,560.3,482.1,650.4,534.5
313,0,person,0.3757,1197.1,525.8,1216.6,567.1
313,2,large_vehicle,0.3349,955.5,413.8,1026.5,455.8
313,2,large_vehicle,0.2202,560.3,482.1,650.4,534.5
313,0,person,0.2022,1252.7,644.7,1274.0,693.6
313,1,car,0.1517,955.5,413.8,1026.5,455.8
314,1,car,0.6700,560.7,482.4,650.9,534.5
314,2,large_vehicle,0.3643,955.5,413.7,1026.6,455.7
314,0,person,0.2430,1197.0,525.7,1216.2,567.2
314,2,large_vehicle,0.1724,560.7,482.4,650.9,534.5
314,0,person,0.1613,1252.7,644.6,1274.0,693.7
314,1,car,0.1330,955.5,413.7,1026.6,455.7
315,1,car,0.7582,560.4,483.0,650.8,534.4
315,2,large_vehicle,0.2851,956.0,413.4,1025.9,455.7
315,0,person,0.1154,1196.8,526.2,1215.7,567.2
315,1,car,0.1070,956.0,413.4,1025.9,455.7
316,1,car,0.7988,560.3,483.0,650.8,534.4
316,2,large_vehicle,0.3245,955.9,413.4,1026.1,455.8
316,0,person,0.1559,1196.9,526.3,1216.0,567.3
316,1,car,0.1173,955.9,413.4,1026.1,455.8
317,1,car,0.7611,559.5,482.9,649.8,534.5
317,2,large_vehicle,0.1312,957.6,412.5,1025.2,455.5
317,2,large_vehicle,0.1047,559.5,482.9,649.8,534.5
318,1,car,0.7615,559.5,482.9,649.8,534.5
318,2,large_vehicle,0.1420,957.6,412.6,1025.4,455.5
319,1,car,0.7448,559.5,482.9,649.8,534.5
319,2,large_vehicle,0.1320,957.4,412.5,1025.7,455.5
319,2,large_vehicle,0.1130,559.5,482.9,649.8,534.5
320,1,car,0.7025,559.2,482.5,650.1,534.5
320,2,large_vehicle,0.2127,559.2,482.5,650.1,534.5
320,2,large_vehicle,0.1525,958.2,412.6,1025.6,455.4
321,1,car,0.7044,559.1,482.5,650.1,534.4
321,2,large_vehicle,0.2105,559.1,482.5,650.1,534.4
321,2,large_vehicle,0.1525,958.2,412.6,1025.6,455.4
322,1,car,0.4428,561.3,482.4,650.4,534.3
322,0,person,0.3321,1252.6,652.0,1271.2,694.6
322,2,large_vehicle,0.3215,956.5,412.8,1025.5,455.6
322,2,large_vehicle,0.1132,561.3,482.4,650.4,534.3
323,1,car,0.4204,561.7,482.5,650.8,534.3
323,2,large_vehicle,0.3701,955.7,412.8,1025.5,455.7
323,0,person,0.2714,1252.6,653.2,1271.2,694.7
324,2,large_vehicle,0.3761,955.7,412.8,1025.6,455.7
324,1,car,0.3719,561.8,482.5,650.9,534.3
324,0,person,0.2984,1252.6,652.8,1271.2,694.7
324,0,person,0.1016,1196.8,525.9,1215.8,567.4
325,1,car,0.8171,559.8,482.8,650.0,534.4
325,2,large_vehicle,0.3699,956.0,412.8,1025.7,455.7
325,0,person,0.2122,799.9,464.7,814.2,502.1
325,0,person,0.1054,1251.9,651.7,1270.3,694.7
326,1,car,0.7981,560.2,482.8,650.1,534.4
326,2,large_vehicle,0.3251,955.7,412.7,1024.3,455.6
326,0,person,0.2048,800.0,464.9,814.0,502.2
326,0,person,0.1271,1252.3,628.5,1272.3,693.2
326,0,person,0.1042,1252.0,652.9,1270.4,694.5
327,1,car,0.7656,559.3,482.8,650.2,534.4
327,2,large_vehicle,0.1963,957.1,412.7,1025.1,455.5
327,0,person,0.1421,1252.3,627.9,1271.9,689.7
327,2,large_vehicle,0.1090,559.3,482.8,650.2,534.4
328,1,car,0.7470,559.2,482.6,650.4,534.5
328,0,person,0.1696,1252.4,627.9,1272.2,689.7
328,2,large_vehicle,0.1589,956.7,412.8,1024.6,455.5
328,2,large_vehicle,0.1329,559.2,482.6,650.4,534.5
328,0,person,0.1004,1254.4,628.3,1274.5,687.9
329,1,car,0.6528,560.2,482.5,650.3,534.4
329,2,large_vehicle,0.1927,957.1,412.9,1024.4,455.5
329,2,large_vehicle,0.1624,560.2,482.5,650.3,534.4
330,1,car,0.7074,559.6,482.8,649.8,534.5
330,2,large_vehicle,0.2284,957.3,413.2,1024.6,455.5
330,2,large_vehicle,0.1825,559.6,482.8,649.8,534.5
331,1,car,0.6797,559.3,482.4,649.6,534.5
331,2,large_vehicle,0.2245,559.3,482.4,649.6,534.5
331,2,large_vehicle,0.1984,957.3,413.2,1024.7,455.5
332,1,car,0.6314,560.7,482.5,650.0,534.4
332,2,large_vehicle,0.3017,956.5,412.8,1025.2,455.5
332,2,large_vehicle,0.1585,560.7,482.5,650.0,534.4
332,0,person,0.1262,1196.7,526.3,1215.3,567.3
333,1,car,0.6414,560.6,482.5,650.0,534.4
333,2,large_vehicle,0.3010,956.6,412.8,1025.2,455.5
333,2,large_vehicle,0.1590,560.6,482.5,650.0,534.4
333,0,person,0.1295,1196.7,526.4,1215.3,567.3
334,1,car,0.6460,560.6,482.5,649.9,534.4
334,2,large_vehicle,0.3448,956.5,412.8,1025.7,455.5
334,2,large_vehicle,0.1794,560.6,482.5,649.9,534.4
334,0,person,0.1298,1196.7,526.6,1215.3,567.2
335,1,car,0.4901,561.3,483.0,650.5,534.5
335,2,large_vehicle,0.2995,956.2,412.7,1025.2,455.5
335,0,person,0.2161,797.2,465.6,811.2,504.6
335,0,person,0.2120,1244.3,629.8,1271.8,695.4
335,0,person,0.1905,1245.2,654.1,1268.2,694.7
335,1,car,0.1739,562.7,482.7,651.3,534.6
335,0,person,0.1449,1196.8,526.6,1215.7,567.7
335,0,person,0.1396,1246.5,630.4,1269.7,694.0
336,1,car,0.7623,559.4,482.5,650.8,534.3
336,2,large_vehicle,0.2216,956.9,412.8,1025.2,455.5
336,0,person,0.2204,849.3,439.3,861.3,471.9
336,0,person,0.2087,1243.7,631.5,1268.7,696.0
336,0,person,0.1803,796.7,465.7,811.3,505.8
336,0,person,0.1166,1196.8,526.0,1215.8,567.9
336,2,large_vehicle,0.1143,559.4,482.5,650.8,534.3
337,1,car,0.7545,559.6,482.6,651.0,534.3
337,2,large_vehicle,0.2419,956.2,412.7,1025.5,455.5
337,0,person,0.2118,849.4,439.3,861.3,471.8
337,0,person,0.1923,796.7,465.6,811.3,505.6
337,0,person,0.1923,1243.9,631.9,1268.7,696.0
337,2,large_vehicle,0.1070,559.6,482.6,651.0,534.3
337,0,person,0.1038,1196.7,525.0,1216.0,568.2
338,1,car,0.6652,560.7,482.6,650.7,534.4
338,0,person,0.2876,1243.5,630.7,1269.0,695.8
338,0,person,0.2591,849.3,439.2,861.4,471.9
338,2,large_vehicle,0.2314,956.7,412.9,1025.0,455.5
338,0,person,0.2008,796.7,465.7,811.4,505.8
338,2,large_vehicle,0.1302,560.7,482.6,650.7,534.4
339,1,car,0.7226,558.7,482.3,649.9,534.4
339,0,person,0.3444,1241.2,630.7,1268.2,695.9
339,2,large_vehicle,0.2219,957.0,412.9,1025.7,455.5
339,2,large_vehicle,0.1632,558.7,482.3,649.9,534.4
339,0,person,0.1116,796.2,466.0,811.0,505.6
340,1,car,0.7144,558.4,482.2,649.8,534.4
340,0,person,0.3659,1241.2,630.7,1268.3,695.8
340,2,large_vehicle,0.1702,558.4,482.2,649.8,534.4
340,2,large_vehicle,0.1486,957.2,412.9,1025.2,455.4
340,0,person,0.1078,796.2,466.0,811.0,505.6
341,1,car,0.6749,560.0,482.1,651.7,534.4
341,0,person,0.4343,1241.1,631.7,1267.5,696.9
341,2,large_vehicle,0.2960,956.2,412.7,1025.4,455.5
341,2,large_vehicle,0.1615,560.0,482.1,651.7,534.4
342,1,car,0.6734,560.0,482.1,651.7,534.4
342,2,large_vehicle,0.3019,956.2,412.6,1025.5,455.5
342,0,person,0.2904,1243.7,631.1,1267.9,694.6
342,2,large_vehicle,0.1594,560.0,482.1,651.7,534.4
342,0,person,0.1043,1241.7,649.1,1267.2,696.7
343,1,car,0.6736,559.9,482.1,651.2,534.4
343,2,large_vehicle,0.3503,956.1,412.9,1025.7,455.5
343,0,person,0.3263,1241.3,632.0,1267.4,696.9
343,2,large_vehicle,0.1659,559.9,482.1,651.2,534.4
344,1,car,0.7453,560.1,482.7,650.5,534.4
344,2,large_vehicle,0.3408,955.8,412.3,1024.8,455.4
344,0,person,0.1620,1240.6,648.8,1266.7,698.2
344,0,person,0.1424,1244.3,631.8,1267.0,694.0
345,1,car,0.7266,560.1,482.7,650.5,534.4
345,2,large_vehicle,0.3378,955.9,412.4,1024.8,455.5
345,0,person,0.2022,1243.8,631.7,1267.1,694.1
345,0,person,0.1836,1240.4,648.3,1266.6,697.3
346,1,car,0.7443,559.2,482.2,650.2,534.2
346,0,person,0.4205,1241.6,632.4,1266.8,697.0
346,2,large_vehicle,0.2077,956.6,412.4,1024.3,455.4
346,2,large_vehicle,0.1396,559.2,482.2,650.2,534.2
346,0,person,0.1222,1240.5,642.2,1265.2,698.9
347,1,car,0.7519,559.0,482.4,650.1,534.3
347,0,person,0.3117,1246.2,631.8,1266.4,692.7
347,0,person,0.1608,1240.8,643.8,1265.0,699.5
347,2,large_vehicle,0.1493,957.0,412.3,1024.1,455.4
347,2,large_vehicle,0.1303,559.0,482.4,650.1,534.3
348,1,car,0.7550,558.9,482.3,650.1,534.2
348,0,person,0.4272,1241.7,632.4,1266.8,696.9
348,2,large_vehicle,0.1462,957.0,412.3,1024.1,455.4
348,2,large_vehicle,0.1288,558.9,482.3,650.1,534.2
348,0,person,0.1018,1240.5,642.1,1265.2,698.9
349,1,car,0.6757,557.9,481.8,650.0,534.4
349,0,person,0.2047,1247.1,632.1,1265.3,686.0
349,2,large_vehicle,0.2013,557.9,481.8,650.0,534.4
349,0,person,0.1981,1240.7,661.9,1265.7,699.4
349,0,person,0.1704,1196.8,526.1,1215.8,567.4
349,0,person,0.1257,1242.9,661.4,1265.8,697.6
350,1,car,0.6702,558.0,481.9,650.0,534.4
350,2,large_vehicle,0.2146,558.0,481.9,650.0,534.4
350,0,person,0.2072,1247.1,632.1,1265.3,686.6
350,0,person,0.1833,1240.7,661.8,1265.8,699.4
350,0,person,0.1798,1196.7,526.1,1215.8,567.5
350,2,large_vehicle,0.1380,957.5,412.1,1023.9,455.3
350,0,person,0.1227,1243.6,661.3,1266.0,697.5
350,0,person,0.1061,839.4,442.4,852.9,475.5
350,0,person,0.1042,1240.8,661.8,1263.1,699.7
351,1,car,0.5817,560.2,482.5,650.6,534.4
351,0,person,0.4056,1247.0,631.5,1265.5,688.4
351,0,person,0.2928,1240.6,661.9,1259.5,700.3
351,2,large_vehicle,0.2324,956.6,412.4,1024.4,455.4
351,2,large_vehicle,0.1062,560.2,482.5,650.6,534.4
352,1,car,0.6608,559.9,482.3,650.4,534.3
352,0,person,0.4197,1247.1,631.5,1265.8,688.3
352,0,person,0.2947,1240.6,662.1,1259.4,700.2
352,2,large_vehicle,0.2213,956.6,412.6,1024.6,455.4
352,2,large_vehicle,0.1596,559.9,482.3,650.4,534.3
353,1,car,0.6961,560.2,482.5,650.4,534.4
353,0,person,0.4706,1247.2,631.4,1265.7,688.0
353,0,person,0.3710,1240.6,662.3,1258.9,700.1
353,2,large_vehicle,0.2748,956.0,412.6,1023.8,455.4
353,0,person,0.1251,1196.9,525.9,1215.5,567.4
354,1,car,0.8076,559.2,482.6,649.9,534.4
354,0,person,0.5633,1240.6,662.0,1260.9,699.7
354,0,person,0.4798,1245.5,631.6,1265.1,686.2
354,0,person,0.2851,1196.8,525.8,1215.8,567.5
354,2,large_vehicle,0.2674,955.4,412.3,1024.0,455.5
354,0,person,0.2180,791.5,463.7,806.6,505.2
354,0,person,0.2071,1240.9,661.9,1264.8,699.3
355,1,car,0.8257,559.2,482.6,649.9,534.4
355,0,person,0.5658,1240.6,661.9,1260.6,699.8
355,0,person,0.4842,1245.6,631.5,1265.2,686.5
355,0,person,0.2989,1196.8,526.0,1215.9,567.5
355,2,large_vehicle,0.2764,955.6,412.4,1024.3,455.5
355,0,person,0.2110,791.4,463.6,806.6,505.3
355,0,person,0.1432,1241.1,661.6,1264.6,699.3
356,1,car,0.7205,558.9,482.1,649.9,534.2
356,0,person,0.4382,1244.9,632.0,1264.7,689.6
356,0,person,0.3590,1240.9,661.9,1258.9,699.4
356,2,large_vehicle,0.2001,956.8,412.7,1024.9,455.5
356,2,large_vehicle,0.1476,558.9,482.1,649.9,534.2
356,0,person,0.1175,791.7,464.9,805.9,505.3
356,0,person,0.1116,1196.9,526.2,1215.4,567.3
357,1,car,0.7281,558.8,482.2,650.0,534.2
357,0,person,0.4550,1244.9,632.0,1264.8,689.7
357,0,person,0.3573,1240.9,661.9,1258.8,699.4
357,2,large_vehicle,0.2028,956.8,412.6,1024.8,455.5
357,2,large_vehicle,0.1314,558.8,482.2,650.0,534.2
357,0,person,0.1250,791.7,464.9,806.0,505.3
357,0,person,0.1214,1196.9,526.2,1215.4,567.3
358,1,car,0.7025,559.3,482.3,649.8,534.2
358,0,person,0.4357,1244.9,632.1,1264.7,689.3
358,0,person,0.3604,1240.9,662.1,1258.8,699.4
358,2,large_vehicle,0.2178,956.6,412.3,1025.3,455.4
358,2,large_vehicle,0.1373,559.3,482.3,649.8,534.2
358,0,person,0.1201,1196.9,526.3,1215.5,567.1
358,0,person,0.1044,791.7,464.8,805.9,505.2
359,1,car,0.5927,559.7,482.0,649.7,534.1
359,0,person,0.2149,791.1,466.0,806.0,506.6
359,0,person,0.1619,1244.1,632.1,1264.1,686.4
359,2,large_vehicle,0.1411,957.5,412.4,1024.6,455.3
359,1,car,0.1363,559.0,482.2,649.9,534.1
359,2,large_vehicle,0.1289,559.7,482.0,649.7,534.1
360,1,car,0.7325,558.9,481.9,649.8,534.3
360,0,person,0.3707,789.9,463.9,806.0,506.9
360,0,person,0.3257,1243.5,632.3,1263.8,686.3
360,0,person,0.2423,1240.4,661.7,1259.4,703.0
360,2,large_vehicle,0.2394,956.5,412.3,1025.0,455.4
360,0,person,0.1532,1197.1,525.9,1215.9,567.2
360,2,large_vehicle,0.1446,558.9,481.9,649.8,534.3
361,1,car,0.7344,558.8,481.9,649.8,534.3
361,0,person,0.3833,790.0,464.2,806.0,506.9
361,0,person,0.3084,1243.5,632.2,1263.7,686.3
361,0,person,0.2427,1240.5,661.7,1259.4,703.0
361,2,large_vehicle,0.2256,956.8,412.3,1025.1,455.4
361,0,person,0.2023,1197.0,526.0,1215.8,567.2
361,2,large_vehicle,0.1463,558.8,481.9,649.8,534.3
362,1,car,0.7639,559.2,482.2,649.7,534.2
362,0,person,0.3835,790.0,464.5,806.0,506.9
362,0,person,0.3095,1243.6,632.4,1263.8,686.5
362,2,large_vehicle,0.2924,956.5,412.5,1025.2,455.4
362,0,person,0.2342,1240.4,661.8,1259.4,703.0
362,0,person,0.1218,1197.0,526.2,1215.6,567.2
362,1,car,0.1160,956.5,412.5,1025.2,455.4
362,2,large_vehicle,0.1105,559.2,482.2,649.7,534.2
363,1,car,0.5972,561.1,482.8,650.2,534.2
363,0,person,0.4821,789.0,462.4,805.2,506.3
363,0,person,0.3141,1239.1,660.5,1259.2,704.2
363,2,large_vehicle,0.3090,955.5,412.1,1025.4,455.3
363,1,car,0.1980,560.7,483.1,650.6,534.2
363,1,car,0.1506,955.5,412.1,1025.4,455.3
363,0,person,0.1110,1196.9,526.0,1215.8,567.2
363,0,person,0.1083,1242.0,632.5,1261.5,683.3
363,0,person,0.1017,1243.4,632.5,1263.0,684.2
364,1,car,0.6912,560.9,482.7,650.3,534.1
364,0,person,0.4870,789.0,462.4,805.2,506.3
364,0,person,0.3495,1239.2,660.4,1259.3,704.4
364,2,large_vehicle,0.3196,955.5,412.0,1025.4,455.3
364,1,car,0.1553,560.7,482.9,650.8,534.1
364,1,car,0.1330,955.5,412.0,1025.4,455.3
364,0,person,0.1101,1197.0,525.8,1215.8,567.4
364,0,person,0.1051,1242.0,632.6,1261.4,683.2
365,1,car,0.5320,558.9,482.6,651.4,534.0
365,0,person,0.4441,788.2,462.5,805.1,506.5
365,0,person,0.3754,1237.5,660.4,1259.1,705.1
365,1,car,0.3196,559.6,482.3,650.7,533.9
365,2,large_vehicle,0.1641,956.3,411.5,1024.4,455.1
365,0,person,0.1184,1241.7,633.7,1261.1,686.3
365,0,person,0.1036,1243.2,633.4,1262.8,686.7
366,0,person,0.4477,788.2,462.5,805.1,506.6
366,1,car,0.4414,558.9,482.6,651.4,534.0
366,1,car,0.4396,559.5,482.3,650.7,534.0
366,0,person,0.3727,1237.5,660.4,1259.1,705.1
366,2,large_vehicle,0.1485,956.5,411.6,1024.3,455.1
366,0,person,0.1159,1241.7,633.7,1261.1,686.3
366,0,person,0.1026,1243.2,633.4,1262.8,686.7
367,1,car,0.7172,559.2,482.2,650.7,534.0
367,0,person,0.4611,788.2,462.5,805.1,506.5
367,0,person,0.4164,1237.5,660.4,1259.2,705.0
367,2,large_vehicle,0.1729,956.1,411.6,1024.7,455.1
367,1,car,0.1252,558.5,482.5,651.5,534.1
367,0,person,0.1236,1241.7,633.7,1261.1,686.7
368,1,car,0.7120,558.4,481.6,650.1,534.1
368,0,person,0.3190,787.0,462.1,805.4,506.3
368,0,person,0.2992,1235.7,662.4,1259.0,704.4
368,0,person,0.2073,824.2,442.2,838.6,478.8
368,2,large_vehicle,0.1629,956.9,412.0,1023.7,455.1
368,2,large_vehicle,0.1624,558.4,481.6,650.1,534.1
369,1,car,0.7093,558.4,481.7,650.1,534.1
369,0,person,0.3200,787.0,462.1,805.5,506.3
369,0,person,0.2928,1235.7,662.4,1259.0,704.4
369,0,person,0.2159,824.1,442.2,838.6,478.8
369,2,large_vehicle,0.1666,558.4,481.7,650.1,534.1
369,2,large_vehicle,0.1468,957.0,412.3,1023.6,455.1
370,0,person,0.4931,1233.7,661.8,1257.3,705.2
370,1,car,0.4626,559.8,482.0,649.7,534.1
370,1,car,0.3067,559.1,482.3,650.1,534.1
370,0,person,0.2810,786.1,460.8,804.7,506.6
370,0,person,0.2513,1240.4,634.5,1258.9,687.3
370,0,person,0.2403,1197.0,526.2,1215.8,567.4
370,2,large_vehicle,0.2257,956.5,412.4,1023.9,455.1
370,0,person,0.1524,822.7,442.8,836.6,478.7
371,0,person,0.5158,1233.8,661.9,1257.4,705.1
371,1,car,0.4792,559.5,482.6,650.4,534.1
371,0,person,0.3125,1240.3,634.6,1258.8,688.3
371,2,large_vehicle,0.3087,956.4,412.0,1024.6,455.1
371,1,car,0.2776,560.2,482.3,650.0,534.1
371,0,person,0.2766,786.1,461.0,804.7,506.7
371,0,person,0.2702,1197.0,526.1,1215.8,567.3
371,0,person,0.1451,822.8,442.9,836.4,478.6
372,0,person,0.5263,1233.8,661.4,1257.2,705.2
372,1,car,0.4896,559.6,482.6,650.4,534.1
372,2,large_vehicle,0.3114,956.4,412.0,1024.5,455.1
372,0,person,0.2720,786.2,461.1,804.7,506.6
372,1,car,0.2719,560.2,482.4,650.0,534.1
372,0,person,0.2616,1240.3,634.5,1258.9,687.8
372,0,person,0.2515,1197.1,526.2,1215.8,567.3
372,0,person,0.1443,822.8,442.9,836.5,478.6
372,1,car,0.1000,956.4,412.0,1024.5,455.1
373,1,car,0.6972,560.8,482.8,650.4,533.9
373,0,person,0.4458,1237.3,635.3,1258.7,698.8
373,2,large_vehicle,0.3765,955.5,412.8,1024.7,455.2
373,0,person,0.3678,1234.0,660.9,1257.1,705.4
373,0,person,0.1966,1197.0,526.3,1215.8,567.2
373,0,person,0.1217,819.4,444.3,833.2,478.3
373,1,car,0.1204,563.0,482.2,651.4,534.1
373,1,car,0.1040,955.5,412.8,1024.7,455.2
374,1,car,0.7004,559.9,482.6,650.8,533.9
374,0,person,0.4309,1237.8,635.2,1258.7,695.8
374,0,person,0.4140,1233.6,662.1,1257.4,705.4
374,2,large_vehicle,0.3539,955.6,412.7,1024.2,455.2
374,0,person,0.1910,1197.0,526.5,1215.8,567.1
374,0,person,0.1374,819.3,444.4,833.2,478.4
374,0,person,0.1109,821.8,444.1,836.5,478.8
374,1,car,0.1080,560.4,482.2,650.4,533.9
374,0,person,0.1058,786.4,461.2,803.6,506.5
375,1,car,0.5584,559.1,481.6,650.5,533.8
375,0,person,0.4819,1233.4,664.1,1256.4,706.1
375,0,person,0.3514,1237.8,635.4,1256.7,687.0
375,0,person,0.2652,1196.9,526.0,1215.8,567.3
375,1,car,0.2543,558.5,481.9,651.1,533.9
375,2,large_vehicle,0.2208,956.2,412.4,1023.6,455.0
375,0,person,0.1936,786.1,462.5,804.4,506.5
376,0,person,0.4640,1233.3,663.8,1256.4,706.1
376,1,car,0.4278,558.8,481.5,650.4,533.7
376,1,car,0.3810,558.2,481.7,651.0,533.8
376,0,person,0.3245,1237.7,635.3,1256.6,687.5
376,0,person,0.2621,1196.8,525.9,1215.7,567.2
376,0,person,0.2120,786.1,462.4,804.4,506.5
376,2,large_vehicle,0.2090,955.8,412.1,1024.1,455.0
377,1,car,0.4254,558.2,481.8,650.8,533.9
377,0,person,0.4208,1233.4,662.8,1256.4,706.1
377,0,person,0.4188,1237.1,635.7,1257.7,695.1
377,1,car,0.3671,558.8,481.5,650.2,533.8
377,0,person,0.2784,786.3,462.7,804.3,506.3
377,2,large_vehicle,0.2338,956.2,412.3,1023.9,454.8
377,0,person,0.1776,1238.0,635.1,1256.7,689.1
377,0,person,0.1737,1196.9,525.7,1215.7,567.0
378,1,car,0.5585,558.2,481.3,650.4,533.9
378,0,person,0.4569,1233.2,663.4,1256.8,706.9
378,0,person,0.2431,1197.0,525.3,1216.0,567.3
378,0,person,0.2387,1237.0,635.5,1256.1,687.0
378,2,large_vehicle,0.2150,956.6,412.6,1024.1,454.8
378,2,large_vehicle,0.2023,558.2,481.3,650.4,533.9
378,0,person,0.1183,785.2,462.6,801.4,506.2
379,1,car,0.5555,558.4,481.3,650.3,533.9
379,0,person,0.4518,1233.2,663.4,1256.7,706.9
379,2,large_vehicle,0.2509,558.4,481.3,650.3,533.9
379,0,person,0.2395,1237.1,635.5,1256.2,686.5
379,0,person,0.2340,1197.0,525.4,1215.9,567.3
379,2,large_vehicle,0.2287,956.6,412.3,1024.5,454.8
379,0,person,0.1028,785.2,462.7,801.4,506.2
380,0,person,0.4016,1232.9,663.9,1256.7,707.9
380,1,car,0.3665,556.6,481.4,650.3,534.0
380,0,person,0.3445,1197.1,526.0,1216.1,567.2
380,1,car,0.2772,557.1,481.2,650.0,533.9
380,2,large_vehicle,0.2590,956.8,412.0,1024.6,454.8
380,0,person,0.2266,1236.7,636.0,1256.0,683.5
380,0,person,0.1440,812.5,447.4,829.2,481.7
380,2,large_vehicle,0.1079,556.6,481.4,650.3,534.0
381,0,person,0.3983,1232.9,664.1,1256.6,707.9
381,1,car,0.3560,556.5,481.3,650.3,534.0
381,0,person,0.3426,1197.1,526.1,1216.1,567.2
381,1,car,0.2966,557.0,481.1,650.0,533.9
381,2,large_vehicle,0.2582,956.8,411.9,1024.9,454.8
381,0,person,0.2294,1236.8,636.1,1256.0,683.1
381,0,person,0.1444,812.5,447.4,829.2,481.7
381,2,large_vehicle,0.1028,556.5,481.3,650.3,534.0
382,0,person,0.4170,1197.1,526.1,1216.1,567.3
382,0,person,0.4085,1232.9,663.9,1256.7,707.9
382,1,car,0.3467,556.5,481.1,650.0,533.9
382,1,car,0.3164,556.2,481.3,650.3,534.0
382,2,large_vehicle,0.2444,956.7,412.1,1025.2,454.8
382,0,person,0.2422,1236.7,636.1,1256.0,683.5
382,0,person,0.1449,812.4,447.4,829.1,481.7
383,1,car,0.7321,558.9,481.9,650.6,533.8
383,0,person,0.4273,1232.9,664.7,1256.4,707.9
383,0,person,0.3232,1197.1,526.1,1216.1,566.7
383,0,person,0.2260,1235.8,635.6,1255.0,688.3
383,2,large_vehicle,0.1868,955.8,412.4,1023.9,454.9
383,2,large_vehicle,0.1095,558.9,481.9,650.6,533.8
384,1,car,0.6797,558.6,481.6,651.6,533.5
384,0,person,0.3649,1234.7,635.8,1255.7,700.7
384,0,person,0.3584,1232.9,662.4,1255.0,708.2
384,0,person,0.3267,1197.0,525.5,1215.9,566.9
384,0,person,0.2118,1235.7,635.2,1254.8,691.6
384,2,large_vehicle,0.2105,955.8,412.5,1023.5,454.6
384,2,large_vehicle,0.1548,558.6,481.6,651.6,533.5
385,1,car,0.6925,558.3,481.6,651.6,533.5
385,0,person,0.3768,1232.9,662.9,1255.1,708.4
385,0,person,0.2459,1196.9,525.6,1215.8,566.7
385,0,person,0.2319,1235.7,635.4,1254.7,690.7
385,0,person,0.2011,1234.7,636.0,1255.6,699.3
385,2,large_vehicle,0.1895,955.9,412.8,1023.9,454.6
385,2,large_vehicle,0.1420,558.3,481.6,651.6,533.5
386,1,car,0.6898,558.0,481.4,651.5,533.6
386,0,person,0.3623,1232.7,661.9,1254.9,708.3
386,0,person,0.2310,1197.0,525.3,1215.8,566.7
386,2,large_vehicle,0.2113,956.6,413.1,1024.6,454.6
386,0,person,0.2049,1235.7,635.1,1255.0,691.8
386,2,large_vehicle,0.1317,558.0,481.4,651.5,533.6
387,1,car,0.6415,557.9,481.2,650.7,533.6
387,0,person,0.4390,1234.2,636.2,1254.8,699.8
387,0,person,0.2378,1232.4,663.8,1254.8,708.3
387,2,large_vehicle,0.2020,557.9,481.2,650.7,533.6
387,2,large_vehicle,0.1785,956.9,413.1,1025.6,454.6
387,0,person,0.1777,1197.0,525.0,1215.9,566.6
387,0,person,0.1030,1230.6,637.1,1255.6,708.4
388,1,car,0.6609,557.8,481.2,650.8,533.6
388,0,person,0.4424,1234.2,636.2,1254.7,700.1
388,0,person,0.2616,1197.1,524.8,1216.0,566.8
388,0,person,0.2339,1232.4,663.8,1254.8,708.3
388,2,large_vehicle,0.1830,557.8,481.2,650.8,533.6
388,2,large_vehicle,0.1760,956.8,413.1,1025.4,454.6
388,0,person,0.1085,1230.6,637.1,1255.6,708.2
389,1,car,0.6708,559.1,481.6,650.4,533.6
389,0,person,0.5829,1233.6,636.2,1254.3,696.3
389,0,person,0.2464,1197.4,525.4,1216.0,566.8
389,2,large_vehicle,0.2425,956.4,413.4,1025.4,454.7
389,0,person,0.1979,1231.6,663.5,1254.4,707.8
389,2,large_vehicle,0.1867,559.1,481.6,650.4,533.6
389,0,person,0.1289,1230.9,667.2,1249.3,707.7
389,1,car,0.1098,956.4,413.4,1025.4,454.7
390,1,car,0.6734,559.2,481.6,650.4,533.6
390,0,person,0.5819,1233.7,636.2,1254.4,696.4
390,0,person,0.3326,1197.4,525.4,1215.9,566.8
390,2,large_vehicle,0.2404,956.4,413.4,1025.5,454.7
390,0,person,0.1916,1231.6,663.4,1254.4,707.9
390,2,large_vehicle,0.1834,559.2,481.6,650.4,533.6
390,0,person,0.1269,1230.9,667.2,1249.4,707.7
390,1,car,0.1093,956.4,413.4,1025.5,454.7
391,1,car,0.6682,559.8,481.7,650.3,533.6
391,0,person,0.5773,1233.6,636.2,1254.3,696.0
391,2,large_vehicle,0.2370,956.4,413.6,1025.5,454.7
391,0,person,0.2225,1197.3,525.7,1215.8,566.7
391,0,person,0.2042,1231.7,663.6,1254.3,707.8
391,2,large_vehicle,0.1903,559.8,481.7,650.3,533.6
391,0,person,0.1360,1230.9,667.3,1249.3,707.7
391,1,car,0.1226,956.4,413.6,1025.5,454.7
392,1,car,0.7194,559.9,481.7,650.4,533.7
392,0,person,0.5285,1233.2,636.9,1254.6,697.2
392,2,large_vehicle,0.2585,955.8,413.5,1025.7,454.7
392,0,person,0.2260,1197.1,523.7,1216.7,566.5
392,0,person,0.1574,1197.2,525.2,1216.1,566.7
392,1,car,0.1420,955.8,413.5,1025.7,454.7
392,0,person,0.1400,1229.8,668.9,1249.6,706.7
392,2,large_vehicle,0.1175,559.9,481.7,650.4,533.7
392,0,person,0.1131,1230.3,668.0,1254.6,708.2
393,1,car,0.7108,559.4,481.6,650.4,533.7
393,0,person,0.5581,1233.3,636.6,1254.6,697.0
393,2,large_vehicle,0.2894,955.8,413.3,1026.0,454.7
393,0,person,0.2312,1197.1,523.7,1216.7,566.5
393,0,person,0.1633,1197.1,525.1,1216.1,566.8
393,1,car,0.1502,955.8,413.3,1026.0,454.7
393,0,person,0.1341,1229.7,668.3,1249.8,707.0
393,2,large_vehicle,0.1275,559.4,481.6,650.4,533.7
393,0,person,0.1050,1230.2,667.7,1254.1,708.3
394,1,car,0.6616,557.9,481.5,652.4,533.5
394,0,person,0.5853,1232.5,637.1,1253.9,699.0
394,0,person,0.3862,1197.0,524.9,1216.0,566.8
394,2,large_vehicle,0.2340,956.3,413.2,1025.8,454.6
394,0,person,0.2232,1228.7,669.2,1248.3,708.1
394,1,car,0.1580,956.3,413.2,1025.8,454.6
394,0,person,0.1320,1235.5,667.8,1254.1,705.8
395,1,car,0.6549,557.7,481.4,651.2,533.6
395,0,person,0.5931,1232.5,637.0,1253.9,698.5
395,0,person,0.4444,1197.1,525.2,1216.0,567.0
395,2,large_vehicle,0.2418,956.3,412.7,1025.4,454.6
395,0,person,0.2144,1228.5,669.4,1247.9,708.1
395,0,person,0.1221,1235.7,667.9,1254.1,705.3
395,2,large_vehicle,0.1106,557.7,481.4,651.2,533.6
395,1,car,0.1072,956.3,412.7,1025.4,454.6
396,1,car,0.6634,557.8,481.4,651.2,533.6
396,0,person,0.5915,1232.5,637.0,1253.9,698.5
396,0,person,0.4413,1197.1,525.3,1216.0,566.9
396,2,large_vehicle,0.2371,956.3,412.9,1025.5,454.6
396,0,person,0.2137,1228.5,669.3,1247.8,708.1
396,2,large_vehicle,0.1257,557.8,481.4,651.2,533.6
396,0,person,0.1221,1235.8,667.9,1254.1,705.4
396,1,car,0.1178,956.3,412.9,1025.5,454.6
397,1,car,0.6613,559.8,481.5,650.1,533.5
397,0,person,0.5338,1227.8,637.8,1252.7,708.4
397,0,person,0.3862,1197.0,524.5,1215.9,567.1
397,0,person,0.2506,1225.5,664.8,1248.2,709.6
397,2,large_vehicle,0.2319,956.4,412.4,1026.3,454.5
397,2,large_vehicle,0.1821,559.8,481.5,650.1,533.5
397,0,person,0.1572,1229.3,637.9,1253.8,704.2
398,1,car,0.6275,559.5,481.3,650.1,533.6
398,0,person,0.5670,1227.9,638.1,1252.6,708.2
398,0,person,0.2525,1225.7,665.3,1248.1,709.6
398,0,person,0.2339,1196.9,519.6,1216.3,566.5
398,2,large_vehicle,0.2268,956.3,412.1,1025.8,454.6
398,2,large_vehicle,0.2117,559.5,481.3,650.1,533.6
399,1,car,0.6436,557.4,481.1,650.7,533.7
399,0,person,0.4712,1228.1,638.9,1251.8,705.4
399,0,person,0.3352,1224.0,668.1,1247.2,709.6
399,0,person,0.3330,1197.0,524.6,1216.0,567.0
399,2,large_vehicle,0.2047,956.1,412.1,1025.1,454.6
399,2,large_vehicle,0.1684,557.4,481.1,650.7,533.7
399,0,person,0.1641,1222.7,639.5,1252.9,709.5
399,0,person,0.1070,781.4,460.3,798.9,506.1
400,1,car,0.6492,558.1,481.2,650.6,533.6
400,0,person,0.4581,1228.5,639.0,1251.5,703.4
400,0,person,0.3449,1224.1,668.7,1246.8,709.3
400,0,person,0.3142,1197.1,524.9,1216.0,566.9
400,2,large_vehicle,0.1942,956.1,411.9,1025.0,454.6
400,2,large_vehicle,0.1763,558.1,481.2,650.6,533.6
400,0,person,0.1448,1222.8,639.6,1252.7,709.2
400,0,person,0.1053,781.5,460.7,798.7,506.1
401,1,car,0.6818,558.2,481.2,650.2,533.6
401,0,person,0.4607,1228.5,639.0,1251.5,703.4
401,0,person,0.3813,1197.0,524.6,1216.3,567.1
401,0,person,0.3752,1224.0,668.9,1247.1,709.6
401,2,large_vehicle,0.1713,955.9,411.6,1024.9,454.5
401,2,large_vehicle,0.1592,558.2,481.2,650.2,533.6
401,0,person,0.1458,1222.6,639.5,1252.6,709.7
402,1,car,0.7146,558.6,481.5,649.9,533.6
402,0,person,0.4409,1226.8,640.5,1251.3,705.9
402,0,person,0.4363,1197.0,524.8,1216.1,567.2
402,0,person,0.3627,1222.2,664.8,1246.6,709.6
402,0,person,0.2619,1231.2,640.6,1252.6,700.8
402,2,large_vehicle,0.2208,955.5,411.5,1024.8,454.5
402,2,large_vehicle,0.1311,558.6,481.5,649.9,533.6
402,0,person,0.1255,1221.6,641.1,1252.2,709.5
403,1,car,0.7442,559.0,481.6,649.8,533.6
403,0,person,0.4489,1226.5,640.5,1251.3,706.4
403,0,person,0.4088,1197.1,525.0,1216.3,567.2
403,0,person,0.3617,1222.1,664.5,1246.9,709.6
403,0,person,0.2485,1231.0,640.6,1252.6,701.1
403,2,large_vehicle,0.2157,955.7,411.6,1024.5,454.5
403,0,person,0.1458,1221.5,641.2,1252.2,709.6
403,1,car,0.1115,955.7,411.6,1024.5,454.5
404,1,car,0.7226,557.3,481.5,651.2,533.4
404,0,person,0.5559,1224.8,641.0,1250.9,708.9
404,0,person,0.4439,1196.8,524.7,1216.3,567.4
404,0,person,0.2867,793.8,448.2,807.4,484.4
404,0,person,0.2652,1222.0,670.9,1248.8,710.4
404,0,person,0.2397,1222.1,668.8,1249.2,710.3
404,2,large_vehicle,0.2271,955.8,412.0,1025.2,454.5
404,0,person,0.1495,781.5,465.3,797.9,506.7
404,0,person,0.1374,1221.0,640.6,1251.6,709.6
404,0,person,0.1217,1233.9,672.2,1251.5,707.1
404,0,person,0.1170,1233.6,673.2,1252.1,709.9
404,1,car,0.1070,955.8,412.0,1025.2,454.5
404,2,large_vehicle,0.1021,557.3,481.5,651.2,533.4
405,1,car,0.7260,557.4,481.5,650.9,533.4
405,0,person,0.5524,1224.9,641.0,1250.8,708.9
405,0,person,0.4443,1196.8,524.8,1216.2,567.4
405,0,person,0.2796,793.7,448.2,807.4,484.3
405,0,person,0.2679,1222.0,670.9,1248.8,710.4
405,0,person,0.2436,1222.1,668.9,1249.1,710.3
405,2,large_vehicle,0.2093,955.9,411.5,1025.3,454.5
405,0,person,0.1368,1221.0,640.6,1251.6,709.6
405,0,person,0.1326,781.6,465.5,797.9,506.6
405,0,person,0.1225,1233.9,672.2,1251.5,707.2
405,0,person,0.1176,1233.6,673.2,1252.1,709.9
406,1,car,0.7193,557.1,481.3,651.2,533.4
406,0,person,0.5589,1224.9,640.9,1250.9,708.9
406,0,person,0.3786,1196.7,524.6,1216.1,567.4
406,0,person,0.2896,793.8,448.3,807.4,484.4
406,0,person,0.2712,1222.1,670.9,1248.7,710.4
406,2,large_vehicle,0.2438,956.0,412.0,1025.7,454.4
406,0,person,0.2406,1222.2,668.9,1249.1,710.2
406,0,person,0.1594,781.5,465.4,797.8,506.7
406,0,person,0.1300,1233.7,673.3,1252.2,709.9
406,0,person,0.1276,1234.0,672.3,1251.6,707.3
406,0,person,0.1218,1221.0,640.5,1251.6,709.5
406,2,large_vehicle,0.1110,557.1,481.3,651.2,533.4
406,1,car,0.1065,956.0,412.0,1025.7,454.4
407,1,car,0.6225,558.5,481.3,649.8,533.5
407,0,person,0.5381,1225.3,642.0,1249.9,707.6
407,0,person,0.3357,1197.0,523.9,1216.1,567.4
407,0,person,0.2416,1222.4,669.8,1247.3,712.3
407,2,large_vehicle,0.2373,558.5,481.3,649.8,533.5
407,2,large_vehicle,0.2284,956.6,412.7,1025.9,454.6
407,1,car,0.1081,956.6,412.7,1025.9,454.6
408,1,car,0.6729,559.1,481.5,650.4,533.6
408,0,person,0.4510,1196.9,523.9,1216.5,567.4
408,0,person,0.3795,1220.8,641.9,1250.3,714.0
408,0,person,0.3700,1224.6,642.2,1249.2,711.2
408,0,person,0.3285,778.9,472.4,795.6,508.8
408,0,person,0.2554,1221.3,670.5,1247.4,713.4
408,0,person,0.2143,1221.4,665.1,1247.7,712.7
408,2,large_vehicle,0.1605,956.3,412.6,1025.4,454.5
408,2,large_vehicle,0.1571,559.1,481.5,650.4,533.6
409,1,car,0.6594,559.1,481.4,650.1,533.6
409,0,person,0.4543,1197.0,523.9,1216.6,567.6
409,0,person,0.3954,1224.4,642.2,1249.2,711.2
409,0,person,0.3746,1220.8,641.9,1250.1,713.8
409,0,person,0.3187,779.0,472.5,795.5,508.7
409,0,person,0.2786,1221.3,670.6,1247.4,713.2
409,0,person,0.2188,1221.4,665.4,1247.7,712.6
409,2,large_vehicle,0.1767,559.1,481.4,650.1,533.6
409,2,large_vehicle,0.1662,956.3,412.5,1025.6,454.5
410,1,car,0.6796,560.5,481.5,650.2,533.6
410,0,person,0.5050,1196.9,524.1,1216.6,567.6
410,0,person,0.3586,1224.5,642.3,1249.3,710.7
410,0,person,0.3441,1220.8,642.0,1250.2,713.9
410,0,person,0.3060,779.0,472.4,795.8,508.8
410,0,person,0.2587,1221.3,670.5,1247.3,713.3
410,0,person,0.1925,1221.5,664.5,1247.7,712.5
410,2,large_vehicle,0.1885,956.3,412.3,1025.4,454.5
410,2,large_vehicle,0.1535,560.5,481.5,650.2,533.6
410,0,person,0.1154,1221.2,642.1,1249.0,714.3
411,1,car,0.7765,558.9,481.7,650.2,533.5
411,0,person,0.4256,1225.6,642.0,1248.9,706.8
411,0,person,0.3756,1196.9,523.8,1216.4,567.3
411,0,person,0.3685,1221.3,668.6,1244.8,713.7
411,0,person,0.2434,1221.7,642.1,1249.6,713.9
411,2,large_vehicle,0.2324,955.6,412.4,1025.8,454.5
411,1,car,0.1345,955.6,412.4,1025.8,454.5
411,0,person,0.1301,779.0,465.3,795.6,507.0
411,0,person,0.1083,788.6,446.6,803.1,479.8
412,1,car,0.7736,559.4,481.6,650.2,533.4
412,0,person,0.4278,1221.3,669.2,1244.8,713.6
412,0,person,0.4111,1225.7,642.1,1248.6,706.5
412,0,person,0.3779,1196.9,523.7,1216.5,567.3
412,0,person,0.2402,1221.8,642.2,1249.7,713.7
412,2,large_vehicle,0.2329,955.7,412.1,1025.9,454.5
412,0,person,0.1365,779.0,465.5,795.5,506.9
412,1,car,0.1197,955.7,412.1,1025.9,454.5
412,0,person,0.1132,788.6,446.5,803.1,479.6
413,1,car,0.7373,557.4,481.4,651.0,533.4
413,0,person,0.4641,1225.4,643.2,1248.2,705.5
413,0,person,0.4258,1196.8,524.3,1216.4,567.2
413,0,person,0.2941,1221.8,672.1,1244.4,713.8
413,2,large_vehicle,0.1558,956.3,412.4,1026.0,454.4
413,0,person,0.1226,1220.4,672.0,1239.5,714.0
413,2,large_vehicle,0.1125,557.4,481.4,651.0,533.4
413,1,car,0.1097,956.3,412.4,1026.0,454.4
414,1,car,0.7334,557.4,481.4,651.0,533.4
414,0,person,0.4623,1225.4,643.2,1248.2,705.7
414,0,person,0.4211,1196.8,524.5,1216.3,567.2
414,0,person,0.2785,1221.8,672.0,1244.5,713.7
414,2,large_vehicle,0.1720,956.3,412.1,1026.1,454.4
414,0,person,0.1220,1220.4,672.0,1239.5,714.0
414,2,large_vehicle,0.1149,557.4,481.4,651.0,533.4
414,1,car,0.1049,956.3,412.1,1026.1,454.4
415,1,car,0.7532,557.5,481.4,651.2,533.4
415,0,person,0.4229,1225.4,643.4,1247.9,705.7
415,0,person,0.3984,1196.8,524.5,1216.3,567.2
415,0,person,0.3327,1221.8,672.2,1244.5,713.8
415,2,large_vehicle,0.1721,956.1,412.6,1026.0,454.4
415,1,car,0.1483,956.1,412.6,1026.0,454.4
415,0,person,0.1295,1220.4,671.9,1239.5,714.0
416,1,car,0.6283,559.7,481.5,650.2,533.4
416,0,person,0.5293,1225.7,642.3,1247.6,703.1
416,0,person,0.3351,1196.9,524.2,1216.2,567.0
416,0,person,0.2438,1221.8,671.9,1243.4,713.7
416,2,large_vehicle,0.2405,559.7,481.5,650.2,533.4
416,0,person,0.2403,1221.2,672.9,1238.7,714.1
416,2,large_vehicle,0.1815,956.8,413.0,1026.8,454.5
416,1,car,0.1009,956.8,413.0,1026.8,454.5
417,1,car,0.6476,559.6,481.6,650.3,533.4
417,0,person,0.5178,1225.8,642.3,1247.8,703.4
417,0,person,0.3643,1196.9,524.1,1216.3,566.9
417,0,person,0.2751,1221.7,670.8,1243.5,713.7
417,0,person,0.2215,1221.0,671.6,1238.9,714.1
417,2,large_vehicle,0.2093,559.6,481.6,650.3,533.4
417,2,large_vehicle,0.1899,956.8,413.0,1026.7,454.6
418,1,car,0.6354,560.8,481.5,650.3,533.4
418,0,person,0.4538,1225.1,642.4,1246.9,704.5
418,0,person,0.3820,1197.0,524.5,1216.1,566.6
418,0,person,0.2379,1221.2,672.4,1238.8,714.2
418,2,large_vehicle,0.1914,560.8,481.5,650.3,533.4
418,2,large_vehicle,0.1729,956.5,413.2,1026.7,454.6
418,0,person,0.1491,1221.8,672.0,1243.3,714.1
418,1,car,0.1047,956.5,413.2,1026.7,454.6
419,1,car,0.6699,561.0,481.6,650.4,533.5
419,0,person,0.4503,1224.8,642.3,1246.5,704.9
419,0,person,0.4227,1197.2,524.6,1216.3,566.6
419,0,person,0.2202,1221.2,672.5,1238.8,714.5
419,0,person,0.1593,1221.8,672.4,1243.5,714.4
419,2,large_vehicle,0.1533,956.2,412.9,1026.6,454.6
419,2,large_vehicle,0.1442,561.0,481.6,650.4,533.5
420,1,car,0.6717,560.8,481.6,650.3,533.5
420,0,person,0.4661,1224.9,642.3,1246.6,704.9
420,0,person,0.4219,1197.2,524.7,1216.3,566.5
420,0,person,0.2225,1221.2,672.6,1238.8,714.5
420,0,person,0.1553,1221.8,672.4,1243.5,714.4
420,2,large_vehicle,0.1528,956.2,412.9,1026.6,454.5
420,2,large_vehicle,0.1488,560.8,481.6,650.3,533.5
421,1,car,0.7404,557.8,481.5,650.2,533.6
421,0,person,0.5875,1223.3,642.8,1246.7,710.3
421,0,person,0.3698,1197.0,524.1,1216.3,566.8
421,2,large_vehicle,0.1639,956.0,412.8,1026.4,454.5
421,0,person,0.1208,1220.8,673.9,1237.5,714.7
421,1,car,0.1091,956.0,412.8,1026.4,454.5
422,1,car,0.7206,558.3,481.6,650.3,533.5
422,0,person,0.6033,1223.4,642.7,1246.8,710.2
422,0,person,0.4352,1197.0,523.9,1216.4,566.9
422,2,large_vehicle,0.1832,956.1,412.8,1026.3,454.6
422,0,person,0.1191,1220.8,674.2,1237.4,714.7
422,1,car,0.1153,956.1,412.8,1026.3,454.6
422,2,large_vehicle,0.1017,558.3,481.6,650.3,533.5
423,1,car,0.5818,557.9,481.3,652.0,533.5
423,0,person,0.5333,1197.0,524.6,1216.4,566.8
423,0,person,0.3603,1223.6,642.9,1245.8,707.4
423,0,person,0.2842,775.9,456.2,794.7,507.6
423,1,car,0.2415,558.4,481.0,651.3,533.4
423,2,large_vehicle,0.2160,956.1,412.6,1025.6,454.4
423,0,person,0.1802,1222.5,643.2,1246.0,711.5
423,0,person,0.1652,1220.2,675.6,1236.0,715.1
423,1,car,0.1310,956.1,412.6,1025.6,454.4
423,0,person,0.1142,1221.6,642.2,1247.9,713.7
424,0,person,0.5186,1197.0,524.7,1216.4,566.9
424,1,car,0.4902,557.7,481.3,651.8,533.4
424,0,person,0.3914,1223.5,642.9,1245.7,707.3
424,1,car,0.3903,558.3,480.9,651.2,533.4
424,0,person,0.2983,775.9,455.9,794.7,507.5
424,2,large_vehicle,0.2242,956.1,412.7,1025.8,454.4
424,0,person,0.1682,1220.2,675.6,1236.0,715.1
424,1,car,0.1416,956.1,412.7,1025.8,454.4
424,0,person,0.1274,1221.5,642.2,1247.8,713.7
425,1,car,0.7012,557.5,481.2,651.4,533.4
425,0,person,0.4438,1197.0,524.5,1216.3,566.8
425,0,person,0.3602,1223.5,642.9,1245.7,707.3
425,0,person,0.3169,775.8,455.6,794.8,507.8
425,2,large_vehicle,0.2031,956.4,412.8,1025.9,454.5
425,0,person,0.1762,1222.4,643.2,1245.8,711.4
425,0,person,0.1665,1220.2,675.6,1235.9,715.0
425,0,person,0.1131,1221.6,642.3,1247.7,713.7
426,1,car,0.7219,558.4,481.3,650.9,533.4
426,0,person,0.6460,1220.2,644.5,1244.6,717.8
426,0,person,0.3395,1196.8,523.5,1216.2,566.9
426,2,large_vehicle,0.1964,956.7,413.1,1026.9,454.7
426,0,person,0.1518,1220.3,668.1,1243.7,718.3
426,0,person,0.1357,773.7,462.0,790.7,507.8
426,1,car,0.1134,956.7,413.1,1026.9,454.7
426,2,large_vehicle,0.1020,558.4,481.3,650.9,533.4
427,1,car,0.6981,558.3,481.1,650.8,533.5
427,0,person,0.6532,1220.2,644.5,1244.7,717.8
427,0,person,0.3257,1196.8,523.7,1216.2,567.0
427,2,large_vehicle,0.2091,956.8,413.2,1026.8,454.7
427,0,person,0.1516,1220.3,667.8,1243.8,718.3
427,0,person,0.1436,773.7,462.0,790.7,507.8
427,2,large_vehicle,0.1291,558.3,481.1,650.8,533.5
427,1,car,0.1164,956.8,413.2,1026.8,454.7
428,1,car,0.6843,560.4,481.6,650.2,533.4
428,0,person,0.3874,1197.0,523.7,1216.4,567.4
428,0,person,0.3170,1218.6,645.4,1243.9,716.5
428,0,person,0.3113,1216.6,671.5,1243.1,719.9
428,0,person,0.1698,1220.5,644.7,1243.1,704.6
428,2,large_vehicle,0.1642,956.4,412.8,1026.6,454.7
428,2,large_vehicle,0.1517,560.4,481.6,650.2,533.4
428,0,person,0.1163,1214.2,644.3,1243.2,719.7
428,0,person,0.1032,1216.9,644.0,1246.7,720.0
429,1,car,0.6805,560.1,481.5,650.2,533.4
429,0,person,0.4201,1218.6,645.4,1243.9,716.9
429,0,person,0.3918,1197.1,523.8,1216.4,567.4
429,0,person,0.2889,1216.7,671.3,1243.1,719.7
429,2,large_vehicle,0.1653,956.4,412.9,1026.6,454.7
429,2,large_vehicle,0.1550,560.1,481.5,650.2,533.4
429,0,person,0.1113,1214.3,644.3,1243.2,719.6
429,0,person,0.1017,1217.1,644.0,1246.7,719.8
430,1,car,0.6195,560.3,481.4,649.9,533.4
430,0,person,0.4100,1218.6,645.4,1243.9,716.9
430,0,person,0.3303,1197.0,523.5,1216.3,567.3
430,0,person,0.3068,1216.6,671.0,1243.2,719.9
430,2,large_vehicle,0.2146,560.3,481.4,649.9,533.4
430,2,large_vehicle,0.1785,956.3,412.9,1026.6,454.8
430,0,person,0.1142,1214.2,644.4,1243.3,719.8
430,0,person,0.1088,1217.0,644.1,1246.7,720.1
430,1,car,0.1084,956.3,412.9,1026.6,454.8
430,0,person,0.1044,1220.5,644.7,1243.1,704.9
431,1,car,0.7296,558.3,481.5,650.1,533.4
431,0,person,0.4302,1214.9,672.9,1241.8,719.5
431,0,person,0.3092,1196.8,524.2,1216.3,567.3
431,0,person,0.3086,1215.4,646.3,1241.6,716.1
431,2,large_vehicle,0.2463,955.3,411.6,1026.0,454.5
431,0,person,0.2152,1212.7,645.0,1243.0,719.3
431,2,large_vehicle,0.1228,558.3,481.5,650.1,533.4
431,0,person,0.1174,1217.6,645.7,1240.6,701.5
431,0,person,0.1059,1217.2,646.1,1243.4,716.0
432,1,car,0.7146,558.0,481.5,651.0,533.4
432,0,person,0.6068,1214.4,676.9,1241.7,720.5
432,0,person,0.3797,1197.0,524.4,1216.4,567.4
432,0,person,0.3103,1217.9,646.9,1240.5,693.8
432,2,large_vehicle,0.1875,956.2,412.0,1025.0,454.5
432,0,person,0.1262,774.6,474.4,789.2,510.2
432,2,large_vehicle,0.1247,558.0,481.5,651.0,533.4
432,0,person,0.1018,769.0,452.7,781.4,481.2
433,1,car,0.7423,558.6,481.6,651.3,533.3
433,0,person,0.6147,1214.5,676.8,1241.8,720.7
433,0,person,0.3298,1217.7,646.8,1240.6,693.9
433,0,person,0.3013,1196.8,523.9,1216.4,567.4
433,2,large_vehicle,0.2364,955.4,411.8,1024.8,454.5
433,1,car,0.1328,955.4,411.8,1024.8,454.5
433,0,person,0.1223,774.6,474.4,789.2,510.3
433,2,large_vehicle,0.1042,558.6,481.6,651.3,533.3
434,1,car,0.7643,558.8,481.7,650.7,533.3
434,0,person,0.5898,1214.4,676.4,1241.9,720.3
434,0,person,0.3410,1196.8,523.6,1216.4,567.4
434,0,person,0.2945,1217.1,646.8,1240.6,695.7
434,2,large_vehicle,0.2695,955.6,411.9,1024.7,454.4
434,0,person,0.1403,1212.2,645.7,1242.7,718.9
434,1,car,0.1140,955.6,411.9,1024.7,454.4
435,1,car,0.7263,558.7,481.6,650.5,533.4
435,0,person,0.6477,1214.3,648.0,1241.8,719.6
435,0,person,0.2914,1196.3,511.6,1216.9,567.4
435,2,large_vehicle,0.2837,955.4,411.9,1025.6,454.6
435,0,person,0.2598,773.0,475.2,789.5,509.8
435,0,person,0.1426,1212.8,668.4,1240.8,720.4
435,2,large_vehicle,0.1104,558.7,481.6,650.5,533.4
435,1,car,0.1067,955.4,411.9,1025.6,454.6
436,1,car,0.7597,558.7,481.6,650.3,533.4
436,0,person,0.6408,1214.4,648.0,1241.7,719.5
436,0,person,0.3079,1196.2,511.8,1216.9,567.4
436,2,large_vehicle,0.2455,956.4,412.1,1025.6,454.6
436,0,person,0.2152,773.0,475.4,789.5,509.8
436,0,person,0.1806,1213.0,668.6,1240.6,720.3
436,1,car,0.1059,956.4,412.1,1025.6,454.6
437,1,car,0.7299,559.8,481.5,650.3,533.4
437,0,person,0.5935,1211.9,676.4,1239.5,723.1
437,0,person,0.5897,1215.7,648.7,1240.5,709.4
437,0,person,0.2574,772.3,466.8,788.7,509.3
437,0,person,0.2472,1196.5,515.4,1216.9,567.0
437,2,large_vehicle,0.2156,956.1,412.3,1025.6,454.6
437,1,car,0.1171,956.1,412.3,1025.6,454.6
438,1,car,0.7299,559.8,481.6,650.3,533.5
438,0,person,0.6032,1211.9,676.4,1239.4,723.1
438,0,person,0.5834,1215.6,648.7,1240.6,710.0
438,0,person,0.2583,1196.5,515.1,1216.9,567.1
438,0,person,0.2554,772.3,466.8,788.7,509.3
438,2,large_vehicle,0.2166,956.1,412.3,1025.6,454.6
438,1,car,0.1185,956.1,412.3,1025.6,454.6
439,1,car,0.7384,559.5,481.6,650.2,533.4
439,0,person,0.5963,1211.9,676.5,1239.4,723.1
439,0,person,0.5845,1215.7,648.7,1240.5,709.0
439,0,person,0.2486,772.3,467.1,788.7,509.3
439,0,person,0.2324,1196.5,516.9,1217.0,567.1
439,2,large_vehicle,0.2315,956.0,412.1,1026.1,454.6
439,1,car,0.1265,956.0,412.1,1026.1,454.6
439,0,person,0.1093,1196.7,522.6,1216.4,567.4
440,1,car,0.7645,558.0,481.6,651.2,533.4
440,0,person,0.5748,1215.1,648.9,1239.9,712.6
440,0,person,0.3779,771.5,465.9,788.4,508.3
440,0,person,0.3232,1212.1,676.7,1239.0,724.5
440,2,large_vehicle,0.1955,956.3,412.7,1026.3,454.6
440,0,person,0.1784,1196.5,515.6,1216.6,567.2
440,1,car,0.1278,956.3,412.7,1026.3,454.6
441,1,car,0.7639,558.5,481.7,651.1,533.4
441,0,person,0.5686,1215.1,648.9,1239.8,711.9
441,0,person,0.3862,771.4,465.8,788.4,508.3
441,0,person,0.3377,1211.9,676.7,1239.1,724.8
441,2,large_vehicle,0.1969,956.3,412.6,1026.3,454.6
441,0,person,0.1897,1196.4,515.6,1216.6,567.2
441,1,car,0.1283,956.3,412.6,1026.3,454.6
442,1,car,0.7689,557.4,481.3,650.9,533.3
442,0,person,0.5988,1214.4,649.7,1239.1,715.0
442,0,person,0.2667,1211.5,675.2,1237.8,725.4
442,0,person,0.2142,1196.4,514.8,1216.8,567.6
442,1,car,0.1773,956.1,411.8,1026.5,454.4
442,2,large_vehicle,0.1602,956.1,411.8,1026.5,454.4
443,1,car,0.7536,557.4,481.3,650.9,533.4
443,0,person,0.5998,1214.2,649.8,1239.0,715.5
443,0,person,0.2779,1211.5,675.7,1237.8,725.1
443,0,person,0.2009,1196.4,515.5,1216.6,567.1
443,1,car,0.1792,955.8,412.0,1026.4,454.4
443,2,large_vehicle,0.1778,955.8,412.0,1026.4,454.4
444,1,car,0.7519,557.4,481.3,650.9,533.4
444,0,person,0.6066,1214.1,649.6,1239.0,716.2
444,0,person,0.2466,1211.3,675.5,1237.9,725.1
444,0,person,0.2202,1196.4,514.4,1216.7,567.3
444,1,car,0.1820,955.8,411.9,1026.5,454.4
444,2,large_vehicle,0.1782,955.8,411.9,1026.5,454.4
445,1,car,0.7480,559.7,481.5,650.7,533.5
445,0,person,0.6606,1211.7,649.8,1238.3,724.2
445,0,person,0.3279,769.9,469.1,786.3,509.4
445,0,person,0.2542,1196.3,513.3,1216.6,567.5
445,2,large_vehicle,0.1992,956.4,412.4,1026.7,454.5
445,1,car,0.1967,956.4,412.4,1026.7,454.5
445,0,person,0.1239,1213.0,649.5,1238.6,721.1
446,1,car,0.7457,559.5,481.5,650.5,533.4
446,0,person,0.6937,1211.8,649.8,1238.3,724.3
446,0,person,0.3189,769.9,469.1,786.3,509.5
446,0,person,0.2793,1196.4,513.3,1216.6,567.4
446,2,large_vehicle,0.1721,956.8,412.0,1026.3,454.4
446,1,car,0.1661,956.8,412.0,1026.3,454.4
447,1,car,0.7242,560.0,481.4,650.3,533.4
447,0,person,0.5788,1213.3,649.8,1237.5,717.5
447,0,person,0.3911,1196.8,522.9,1216.4,567.7
447,0,person,0.2145,769.7,472.7,786.6,510.0
447,0,person,0.2019,756.8,455.4,769.8,487.8
447,2,large_vehicle,0.1638,956.4,412.3,1025.4,454.5
447,1,car,0.1237,956.4,412.3,1025.4,454.5
448,1,car,0.7219,559.9,481.4,650.2,533.4
448,0,person,0.5774,1213.3,649.8,1237.4,717.5
448,0,person,0.3366,1197.0,523.5,1216.2,567.5
448,0,person,0.2246,769.7,472.7,786.6,510.0
448,0,person,0.2131,756.8,455.4,769.8,487.9
448,2,large_vehicle,0.1635,956.3,412.3,1025.2,454.4
448,1,car,0.1371,956.3,412.3,1025.2,454.4
448,2,large_vehicle,0.1040,559.9,481.4,650.2,533.4
449,1,car,0.7134,559.9,481.5,650.2,533.4
449,0,person,0.5774,1213.3,649.9,1237.1,717.2
449,0,person,0.3331,1197.0,523.7,1216.2,567.6
449,0,person,0.2235,769.7,472.7,786.5,510.1
449,0,person,0.2020,756.8,455.4,769.8,487.9
449,2,large_vehicle,0.1888,956.1,412.3,1025.1,454.4
449,1,car,0.1581,956.1,412.3,1025.1,454.4
449,2,large_vehicle,0.1159,559.9,481.5,650.2,533.4
450,1,car,0.7552,558.7,481.4,650.1,533.4
450,0,person,0.5509,1212.8,650.1,1237.0,717.4
450,0,person,0.2163,1196.9,523.1,1216.5,567.6
450,2,large_vehicle,0.1466,955.9,412.5,1024.9,454.3
450,0,person,0.1387,1196.7,518.0,1216.9,567.1
450,0,person,0.1383,1211.3,680.9,1234.7,725.1
450,1,car,0.1292,955.9,412.5,1024.9,454.3
450,0,person,0.1022,768.4,472.0,784.9,508.9
451,1,car,0.7635,558.6,481.3,650.0,533.4
451,0,person,0.5570,1212.8,650.1,1237.1,717.6
451,0,person,0.2335,1197.1,523.8,1216.7,567.5
451,0,person,0.1450,1196.8,519.0,1216.9,566.9
451,2,large_vehicle,0.1352,955.8,412.5,1024.7,454.3
451,1,car,0.1251,955.8,412.5,1024.7,454.3
451,0,person,0.1157,1211.4,680.8,1234.8,724.8
452,1,car,0.7764,557.7,481.3,650.5,533.3
452,0,person,0.5694,1212.3,650.4,1236.5,717.7
452,2,large_vehicle,0.1381,956.8,412.6,1024.9,454.3
452,1,car,0.1302,956.8,412.6,1024.9,454.3
453,1,car,0.7768,557.7,481.4,650.5,533.3
453,0,person,0.5696,1212.3,650.4,1236.5,717.7
453,0,person,0.2818,1196.9,523.7,1216.4,567.5
453,2,large_vehicle,0.1376,956.8,412.6,1024.9,454.3
453,1,car,0.1276,956.8,412.6,1024.9,454.3
454,1,car,0.7887,557.5,481.4,650.6,533.2
454,0,person,0.5511,1212.4,650.3,1236.7,717.3
454,2,large_vehicle,0.1246,956.2,412.5,1025.2,454.3
454,1,car,0.1221,956.2,412.5,1025.2,454.3
454,4,other_vehicle,0.1048,738.5,474.5,771.6,499.6
455,1,car,0.7526,557.5,481.4,650.3,533.3
455,0,person,0.5397,1212.1,650.9,1236.0,715.9
455,0,person,0.1597,1208.9,683.6,1227.5,724.9
455,0,person,0.1463,1209.8,680.9,1233.6,724.9
455,0,person,0.1163,1197.1,523.5,1216.2,567.5
455,0,person,0.1156,746.7,457.8,762.7,495.4
455,4,other_vehicle,0.1100,736.2,471.6,769.3,499.4
455,0,person,0.1094,1196.8,517.7,1216.7,567.0
455,1,car,0.1077,955.5,420.5,1026.9,454.9
456,1,car,0.7317,560.4,481.9,650.2,533.3
456,0,person,0.5609,1211.0,651.3,1234.8,714.3
456,0,person,0.2505,768.4,472.6,783.3,510.8
456,0,person,0.2307,1207.7,681.4,1234.9,724.2
456,0,person,0.2023,1206.8,682.6,1227.4,723.8
456,0,person,0.1514,1196.8,516.5,1216.7,567.3
456,2,large_vehicle,0.1463,956.0,413.3,1024.2,454.4
456,1,car,0.1268,956.0,413.3,1024.2,454.4
457,1,car,0.7463,558.9,481.7,650.2,533.3
457,0,person,0.5689,1210.9,651.3,1234.8,714.7
457,0,person,0.2349,768.4,472.6,783.3,510.8
457,0,person,0.2246,1207.7,681.6,1235.0,724.1
457,0,person,0.1954,1206.9,682.8,1227.4,723.7
457,0,person,0.1568,1196.7,515.2,1216.6,567.4
457,2,large_vehicle,0.1259,956.4,413.7,1024.7,454.5
457,1,car,0.1230,956.4,413.7,1024.7,454.5
458,1,car,0.7541,559.7,481.8,650.2,533.3
458,0,person,0.5763,1210.8,651.3,1234.9,715.6
458,0,person,0.2535,768.5,472.6,783.7,510.8
458,0,person,0.2074,1207.7,682.1,1235.3,724.1
458,0,person,0.1766,1206.7,683.2,1227.0,723.7
458,0,person,0.1604,1196.7,516.0,1216.6,567.2
458,2,large_vehicle,0.1164,956.2,413.8,1024.7,454.5
459,1,car,0.7763,558.7,481.7,650.5,533.4
459,0,person,0.3755,1202.8,682.8,1227.6,726.1
459,0,person,0.3669,1208.7,652.4,1233.3,717.6
459,0,person,0.3434,1197.1,524.8,1216.4,567.2
459,0,person,0.2811,1203.6,683.7,1234.8,726.6
459,2,large_vehicle,0.1689,956.2,413.1,1025.7,454.5
459,1,car,0.1235,956.2,413.1,1025.7,454.5
459,0,person,0.1210,1204.0,653.1,1232.9,725.6
460,1,car,0.7836,558.0,481.7,650.5,533.4
460,0,person,0.3810,1208.6,652.4,1233.6,717.6
460,0,person,0.3712,1202.9,682.8,1227.7,726.0
460,0,person,0.3297,1197.0,524.7,1216.2,567.3
460,0,person,0.2457,1203.6,683.8,1234.8,726.5
460,2,large_vehicle,0.1787,956.3,413.4,1026.3,454.6
460,0,person,0.1341,1203.8,653.1,1233.3,725.7
460,1,car,0.1302,956.3,413.4,1026.3,454.6
461,1,car,0.7924,557.6,481.5,651.1,533.2
461,0,person,0.4361,1201.1,683.4,1225.4,727.0
461,0,person,0.2652,1205.9,653.6,1229.7,721.7
461,0,person,0.2108,1207.4,684.0,1233.2,727.1
461,2,large_vehicle,0.1406,956.7,412.4,1025.6,454.4
461,0,person,0.1379,1196.3,514.3,1216.6,567.3
461,0,person,0.1199,1201.9,654.0,1230.4,728.4
461,1,car,0.1082,956.7,412.4,1025.6,454.4
462,1,car,0.7930,557.4,481.5,651.2,533.2
462,0,person,0.4287,1201.1,683.4,1225.4,727.0
462,0,person,0.2652,1205.9,653.6,1229.7,722.0
462,0,person,0.2086,1207.3,684.0,1233.3,727.1
462,2,large_vehicle,0.1420,956.6,412.4,1025.6,454.4
462,0,person,0.1407,1196.3,514.1,1216.6,567.3
462,0,person,0.1331,1201.9,653.9,1230.4,728.4
462,1,car,0.1080,956.6,412.4,1025.6,454.4
462,0,person,0.1040,1201.1,653.8,1230.7,727.7
463,1,car,0.7926,557.4,481.4,651.0,533.3
463,0,person,0.4474,1201.2,683.4,1225.2,727.1
463,0,person,0.2611,1206.0,653.6,1229.8,721.5
463,0,person,0.2250,1207.8,684.0,1233.2,727.1
463,2,large_vehicle,0.1450,956.5,412.0,1025.5,454.4
463,1,car,0.1110,956.5,412.0,1025.5,454.4
464,1,car,0.7390,559.2,481.5,650.5,533.2
464,0,person,0.6084,1200.5,655.7,1229.9,726.5
464,0,person,0.1343,1199.9,680.9,1225.9,726.1
464,2,large_vehicle,0.1108,956.7,412.7,1025.5,454.3
465,1,car,0.7354,559.3,481.5,650.4,533.2
465,0,person,0.6027,1200.5,655.7,1230.1,726.5
465,0,person,0.1420,1199.8,681.1,1226.1,726.2
465,2,large_vehicle,0.1025,559.3,481.5,650.4,533.2
465,2,large_vehicle,0.1005,956.9,412.7,1025.4,454.3
466,1,car,0.7301,560.6,481.6,650.6,533.3
466,0,person,0.5295,1199.5,656.1,1227.7,727.7
466,0,person,0.2658,1197.0,524.4,1216.0,567.4
466,0,person,0.2592,1197.7,682.9,1224.9,727.3
466,0,person,0.1942,1210.9,685.8,1231.0,726.6
466,2,large_vehicle,0.1299,956.7,412.5,1024.4,454.5
467,1,car,0.6881,561.7,481.7,650.2,533.3
467,0,person,0.5271,1199.5,656.0,1227.8,727.9
467,0,person,0.2993,1197.0,524.2,1215.9,567.4
467,0,person,0.2723,1197.7,682.8,1224.9,727.4
467,0,person,0.1750,1210.8,685.8,1231.0,726.7
467,2,large_vehicle,0.1600,957.0,412.6,1025.4,454.5
467,1,car,0.1456,564.4,481.4,650.8,533.4
467,1,car,0.1054,957.0,412.6,1025.4,454.5
468,1,car,0.6910,561.6,481.6,650.3,533.3
468,0,person,0.5002,1199.6,656.1,1227.8,727.8
468,0,person,0.2991,1197.0,524.3,1215.9,567.4
468,0,person,0.2865,1197.8,682.9,1224.8,727.4
468,0,person,0.1800,1210.8,685.7,1230.9,726.7
468,2,large_vehicle,0.1523,957.0,412.5,1025.4,454.5
468,1,car,0.1411,564.3,481.4,650.9,533.4
469,1,car,0.7648,557.6,481.1,650.1,533.5
469,0,person,0.6817,1198.5,656.4,1226.7,729.3
469,0,person,0.3519,1197.1,524.9,1216.1,567.3
469,0,person,0.2389,1197.4,682.8,1225.8,730.2
469,2,large_vehicle,0.2034,956.5,412.3,1025.7,454.6
469,0,person,0.1828,1209.4,686.8,1229.7,729.1
469,0,person,0.1115,737.3,460.6,753.7,498.5
469,0,person,0.1009,1196.5,682.0,1220.3,730.7
470,1,car,0.7512,558.5,481.3,650.1,533.5
470,0,person,0.6884,1198.4,656.5,1226.7,729.3
470,0,person,0.3000,1197.1,525.2,1216.2,567.3
470,0,person,0.2288,1197.4,682.6,1226.0,730.2
470,2,large_vehicle,0.2055,956.3,412.5,1025.9,454.6
470,0,person,0.1759,1209.2,686.7,1229.7,729.1
470,0,person,0.1054,737.4,460.8,753.7,498.5
471,1,car,0.7877,557.6,481.4,651.0,533.3
471,0,person,0.7230,1197.5,656.5,1227.1,731.1
471,0,person,0.3424,1196.9,524.1,1216.4,567.4
471,0,person,0.1943,765.4,469.4,780.1,509.4
471,2,large_vehicle,0.1830,956.5,411.7,1025.6,454.3
471,0,person,0.1680,763.7,469.5,778.2,508.8
471,0,person,0.1576,1196.0,676.0,1223.6,731.4
471,1,car,0.1130,956.5,411.7,1025.6,454.3
472,1,car,0.7894,557.6,481.3,650.8,533.3
472,0,person,0.7286,1197.6,656.5,1227.1,731.2
472,0,person,0.2446,1196.7,524.2,1216.2,567.2
472,0,person,0.1871,765.4,469.3,780.1,509.3
472,0,person,0.1631,763.7,469.4,778.3,508.7
472,2,large_vehicle,0.1604,956.4,411.9,1025.3,454.3
472,0,person,0.1575,1196.3,676.3,1223.7,731.3
472,1,car,0.1220,956.4,411.9,1025.3,454.3
473,1,car,0.7807,557.2,481.3,650.5,533.3
473,0,person,0.7196,1197.6,656.5,1227.2,731.1
473,0,person,0.2587,1196.7,524.0,1216.0,567.3
473,0,person,0.2019,765.4,469.5,780.3,509.4
473,2,large_vehicle,0.1633,956.8,412.2,1025.6,454.3
473,0,person,0.1614,1196.2,676.8,1223.7,731.3
473,0,person,0.1444,763.6,469.5,778.3,508.8
473,1,car,0.1443,956.8,412.2,1025.6,454.3
474,1,car,0.7509,558.4,481.3,650.4,533.5
474,0,person,0.6105,1199.6,656.9,1226.9,728.4
474,0,person,0.3501,1196.8,524.9,1216.1,567.2
474,0,person,0.2612,1196.3,680.2,1223.3,731.8
474,0,person,0.1397,733.5,459.5,750.9,491.2
474,2,large_vehicle,0.1261,956.5,412.5,1025.6,454.5
475,1,car,0.7538,559.0,481.3,650.3,533.5
475,0,person,0.6067,1199.7,657.0,1227.0,728.2
475,0,person,0.3146,1196.7,524.7,1215.9,567.1
475,0,person,0.2510,1196.0,679.7,1223.5,731.9
475,0,person,0.1532,733.6,459.5,750.8,491.2
475,2,large_vehicle,0.1361,956.4,412.7,1025.8,454.4
476,1,car,0.7347,559.2,481.2,650.0,533.4
476,0,person,0.6165,1200.5,656.8,1226.2,729.2
476,0,person,0.1528,1196.5,686.0,1218.2,733.0
476,0,person,0.1192,1196.7,679.8,1223.3,732.4
476,0,person,0.1184,1196.7,518.0,1216.2,566.3
476,0,person,0.1153,1196.7,523.8,1215.9,567.0
477,1,car,0.7346,559.2,481.2,650.0,533.4
477,0,person,0.6225,1200.4,656.8,1226.2,729.3
477,0,person,0.1463,1196.5,686.0,1218.3,733.0
477,0,person,0.1307,1196.7,516.6,1216.2,566.4
477,0,person,0.1199,1196.7,679.6,1223.3,732.4
478,1,car,0.7362,558.5,481.2,650.0,533.5
478,0,person,0.6024,1200.6,656.8,1226.2,729.1
478,0,person,0.2076,1196.6,523.6,1215.9,567.1
478,0,person,0.1656,1196.6,686.2,1218.2,733.0
478,2,large_vehicle,0.1356,956.8,411.3,1026.6,454.4
478,0,person,0.1278,1196.8,680.5,1223.3,732.4
478,2,large_vehicle,0.1105,558.5,481.2,650.0,533.5
479,1,car,0.7983,557.4,481.4,650.0,533.5
479,0,person,0.6038,1200.8,657.8,1224.3,726.9
479,0,person,0.2944,761.3,473.2,779.1,512.3
479,0,person,0.2594,1197.3,688.8,1216.5,732.7
479,0,person,0.2152,1196.5,524.1,1216.2,567.1
479,2,large_vehicle,0.1562,955.9,411.8,1026.2,454.5
480,1,car,0.7895,557.2,481.4,650.6,533.3
480,0,person,0.5434,1199.7,657.8,1223.3,728.5
480,0,person,0.2216,1196.5,524.0,1216.2,567.0
480,0,person,0.2112,1197.5,690.4,1216.2,732.4
480,2,large_vehicle,0.1915,956.2,411.2,1025.9,454.4
480,1,car,0.1275,956.2,411.2,1025.9,454.4
480,0,person,0.1001,1197.6,684.2,1222.2,731.9
481,1,car,0.7888,557.6,481.4,650.9,533.3
481,0,person,0.5298,1199.6,657.8,1223.4,729.4
481,0,person,0.2683,1196.6,524.4,1216.4,566.8
481,0,person,0.1987,1197.5,690.5,1216.1,732.4
481,2,large_vehicle,0.1684,956.3,411.3,1025.3,454.3
481,0,person,0.1213,1197.5,684.7,1222.5,732.0
481,1,car,0.1128,956.3,411.3,1025.3,454.3
482,1,car,0.7809,557.2,481.3,651.0,533.4
482,0,person,0.5095,1199.7,657.8,1222.9,728.8
482,0,person,0.3054,1196.6,524.5,1216.1,566.8
482,0,person,0.2127,1197.6,690.7,1216.0,732.4
482,2,large_vehicle,0.1861,956.4,410.9,1025.8,454.4
482,0,person,0.1517,1197.6,685.3,1222.6,732.1
482,1,car,0.1114,956.4,410.9,1025.8,454.4
483,1,car,0.7502,558.9,481.6,650.6,533.3
483,0,person,0.6338,1199.1,657.7,1222.8,728.1
483,0,person,0.3705,760.7,474.8,777.7,513.2
483,0,person,0.3011,1196.7,524.3,1216.0,566.8
483,2,large_vehicle,0.1526,957.3,411.7,1026.5,454.5
484,1,car,0.7556,558.5,481.5,650.7,533.3
484,0,person,0.6409,1199.0,657.6,1222.9,728.6
484,0,person,0.3642,760.6,474.7,777.9,513.3
484,0,person,0.2046,1196.7,524.1,1215.9,566.8
484,2,large_vehicle,0.1620,956.9,412.2,1026.0,454.5
484,1,car,0.1004,956.9,412.2,1026.0,454.5
485,1,car,0.7226,560.3,481.4,650.5,533.4
485,0,person,0.6531,1198.7,657.9,1223.1,732.0
485,0,person,0.1823,1196.9,524.0,1215.9,566.9
485,2,large_vehicle,0.1406,956.7,411.8,1025.4,454.5
485,0,person,0.1327,1196.8,519.3,1216.4,566.4
485,0,person,0.1166,760.3,473.1,775.6,512.0
485,2,large_vehicle,0.1030,560.3,481.4,650.5,533.4
486,1,car,0.7323,559.0,481.4,650.5,533.4
486,0,person,0.6560,1198.7,657.9,1223.2,732.1
486,0,person,0.1566,1196.7,518.9,1216.3,566.3
486,2,large_vehicle,0.1432,956.7,411.8,1025.4,454.5
486,0,person,0.1251,760.3,473.2,775.6,512.0
486,2,large_vehicle,0.1036,559.0,481.4,650.5,533.4
487,1,car,0.7011,560.6,481.5,650.5,533.4
487,0,person,0.6417,1198.6,657.8,1223.1,732.0
487,0,person,0.1549,1196.8,519.7,1216.3,566.3
487,2,large_vehicle,0.1180,560.6,481.5,650.5,533.4
487,2,large_vehicle,0.1076,956.6,411.7,1026.0,454.5
487,0,person,0.1075,760.3,473.1,775.5,512.0
487,0,person,0.1038,1196.9,524.3,1215.8,566.8
488,1,car,0.7799,558.5,481.4,650.3,533.5
488,0,person,0.6880,1196.6,658.9,1222.5,734.5
488,0,person,0.3414,759.1,471.9,776.0,512.7
488,0,person,0.3323,1196.7,523.9,1216.2,567.0
488,2,large_vehicle,0.1436,956.3,412.0,1026.4,454.5
489,1,car,0.7834,558.8,481.5,650.3,533.4
489,0,person,0.6529,1196.7,658.8,1222.5,734.1
489,0,person,0.3549,1196.7,524.3,1216.2,566.9
489,0,person,0.3350,759.1,471.6,775.8,512.6
489,0,person,0.1457,1196.0,686.9,1223.3,736.0
489,2,large_vehicle,0.1369,956.4,412.1,1026.3,454.5
490,1,car,0.7919,558.0,481.6,651.4,533.3
490,0,person,0.5231,1196.3,659.8,1221.6,727.5
490,0,person,0.2244,1196.8,524.7,1215.9,566.8
490,2,large_vehicle,0.1942,956.0,411.7,1026.0,454.4
490,0,person,0.1738,1191.6,659.3,1221.5,737.6
490,0,person,0.1611,758.8,472.1,773.7,512.1
490,1,car,0.1305,956.0,411.7,1026.0,454.4
490,0,person,0.1069,1192.9,686.6,1220.8,737.6
491,1,car,0.7900,557.7,481.6,651.5,533.3
491,0,person,0.5292,1196.1,659.7,1221.7,728.5
491,2,large_vehicle,0.1655,956.0,411.9,1025.6,454.3
491,0,person,0.1597,1196.7,524.5,1215.7,566.9
491,0,person,0.1478,1191.4,659.3,1221.6,737.7
491,0,person,0.1252,1192.6,686.0,1221.0,737.8
491,1,car,0.1107,956.0,411.9,1025.6,454.3
492,1,car,0.7898,557.8,481.7,651.5,533.3
492,0,person,0.5355,1196.2,659.7,1221.6,728.5
492,2,large_vehicle,0.1673,956.0,411.9,1025.6,454.3
492,0,person,0.1480,1196.7,524.6,1215.7,566.8
492,0,person,0.1436,1191.4,659.3,1221.5,737.8
492,0,person,0.1202,1192.7,686.4,1221.0,737.8
492,1,car,0.1097,956.0,411.9,1025.6,454.3
492,0,person,0.1083,758.8,472.0,773.7,512.2
493,1,car,0.7179,559.4,481.5,650.7,533.3
493,0,person,0.4361,1194.8,660.0,1221.5,728.2
493,0,person,0.1714,1190.5,659.8,1221.0,737.0
493,2,large_vehicle,0.1476,956.6,412.1,1026.1,454.4
493,0,person,0.1449,1191.4,688.5,1220.5,737.3
493,2,large_vehicle,0.1213,559.4,481.5,650.7,533.3
494,1,car,0.7203,559.4,481.5,650.6,533.3
494,0,person,0.4792,1194.6,660.0,1221.2,728.3
494,0,person,0.1864,1190.5,659.8,1220.8,737.0
494,0,person,0.1599,1191.4,688.0,1220.0,737.3
494,2,large_vehicle,0.1467,956.7,412.2,1025.8,454.4
494,2,large_vehicle,0.1129,559.4,481.5,650.6,533.3
495,1,car,0.6848,560.0,481.4,650.4,533.5
495,0,person,0.2942,1192.3,661.8,1217.0,718.7
495,0,person,0.2836,1188.1,688.5,1217.7,736.8
495,0,person,0.2616,1196.8,524.0,1216.1,566.8
495,0,person,0.1738,1194.5,661.7,1220.7,724.6
495,0,person,0.1535,1187.8,661.1,1220.2,736.2
495,2,large_vehicle,0.1296,560.0,481.4,650.4,533.5
495,2,large_vehicle,0.1107,956.5,412.2,1025.4,454.5
496,1,car,0.6842,559.6,481.4,650.3,533.4
496,0,person,0.2945,1192.2,661.9,1217.0,719.7
496,0,person,0.2786,1188.1,688.4,1217.8,736.9
496,0,person,0.1859,1194.4,661.7,1220.8,725.0
496,0,person,0.1687,1187.8,661.3,1220.1,736.2
496,0,person,0.1557,1196.6,519.0,1216.9,566.5
496,2,large_vehicle,0.1343,559.6,481.4,650.3,533.4
496,2,large_vehicle,0.1077,956.5,412.3,1025.3,454.5
497,1,car,0.6916,560.0,481.4,650.3,533.4
497,0,person,0.3839,1192.6,661.9,1218.2,719.9
497,0,person,0.2938,1188.1,688.7,1219.2,737.0
497,0,person,0.2710,1196.9,523.7,1216.4,567.1
497,0,person,0.1562,1187.6,660.9,1220.4,736.1
497,2,large_vehicle,0.1174,560.0,481.4,650.3,533.4
497,0,person,0.1043,1194.3,661.6,1220.5,723.9
498,1,car,0.7295,558.1,481.1,650.2,533.5
498,0,person,0.3751,1187.2,689.0,1217.7,738.0
498,0,person,0.3589,1191.5,662.2,1217.9,729.9
498,0,person,0.3565,1186.7,662.4,1218.8,737.7
498,0,person,0.3345,1196.9,523.4,1216.4,567.3
498,2,large_vehicle,0.1615,955.4,412.6,1025.6,454.6
498,1,car,0.1442,955.4,412.6,1025.6,454.6
498,2,large_vehicle,0.1002,558.1,481.1,650.2,533.5
499,1,car,0.7301,558.3,481.2,650.1,533.5
499,0,person,0.4159,1197.0,523.9,1216.7,567.3
499,0,person,0.3912,1187.1,689.2,1218.1,738.2
499,0,person,0.3602,1191.6,662.2,1218.0,729.8
499,0,person,0.3388,1186.6,662.3,1218.9,737.7
499,2,large_vehicle,0.1367,956.0,413.3,1025.8,454.7
499,1,car,0.1216,956.0,413.3,1025.8,454.7
500,1,car,0.7496,557.4,480.7,650.0,533.3
500,0,person,0.5986,1188.1,664.1,1218.6,738.9
500,0,person,0.2584,1196.2,515.5,1217.2,567.3
500,0,person,0.1804,1186.6,686.3,1216.5,739.8
500,2,large_vehicle,0.1760,955.5,411.3,1025.9,454.3
500,1,car,0.1678,955.5,411.3,1025.9,454.3
500,2,large_vehicle,0.1023,557.4,480.7,650.0,533.3
501,1,car,0.7195,557.1,480.6,649.9,533.3
501,0,person,0.6388,1187.9,663.9,1218.4,739.2
501,0,person,0.2300,1196.2,513.6,1217.3,567.3
501,2,large_vehicle,0.1745,956.0,411.5,1026.3,454.4
501,0,person,0.1529,1186.6,685.3,1216.0,739.9
501,2,large_vehicle,0.1416,557.1,480.6,649.9,533.3
501,1,car,0.1135,956.0,411.5,1026.3,454.4
502,1,car,0.7332,557.1,480.6,650.0,533.3
502,0,person,0.6273,1188.0,664.0,1218.5,739.2
502,0,person,0.2357,1196.2,513.9,1217.3,567.3
502,2,large_vehicle,0.1813,956.1,411.3,1026.4,454.4
502,0,person,0.1659,1186.6,685.5,1216.1,739.9
502,2,large_vehicle,0.1358,557.1,480.6,650.0,533.3
502,1,car,0.1325,956.1,411.3,1026.4,454.4
503,1,car,0.7050,557.9,480.8,649.8,533.4
503,0,person,0.6630,1188.0,663.9,1218.3,739.4
503,0,person,0.3459,1195.9,508.6,1217.7,567.5
503,4,other_vehicle,0.2244,693.6,481.2,728.8,511.3
503,2,large_vehicle,0.1477,557.9,480.8,649.8,533.4
503,2,large_vehicle,0.1431,956.2,411.5,1026.8,454.3
503,1,car,0.1213,956.2,411.5,1026.8,454.3
503,0,person,0.1034,1186.5,687.2,1217.4,741.7
504,1,car,0.6655,558.1,481.0,649.9,533.2
504,0,person,0.5836,1188.3,663.9,1217.3,739.0
504,0,person,0.3337,1196.4,511.1,1217.5,567.6
504,0,person,0.3077,1185.9,663.2,1217.4,741.5
504,0,person,0.2608,1187.2,692.1,1216.2,741.6
504,2,large_vehicle,0.1897,956.2,411.5,1027.2,454.4
504,0,person,0.1728,705.4,464.6,718.9,500.2
504,2,large_vehicle,0.1721,558.1,481.0,649.9,533.2
504,4,other_vehicle,0.1380,691.9,484.2,725.3,510.5
504,1,car,0.1356,956.2,411.5,1027.2,454.4
504,0,person,0.1217,755.7,467.6,770.6,510.3
505,1,car,0.6555,558.1,480.9,649.9,533.2
505,0,person,0.5768,1188.3,663.8,1217.3,738.8
505,0,person,0.3518,1196.3,510.7,1217.5,567.5
505,0,person,0.3508,1185.7,663.3,1217.5,741.7
505,0,person,0.2862,1186.9,692.3,1216.2,741.8
505,2,large_vehicle,0.1909,956.2,411.5,1027.2,454.4
505,2,large_vehicle,0.1858,558.1,480.9,649.9,533.2
505,0,person,0.1771,705.3,464.6,718.9,500.2
505,4,other_vehicle,0.1404,691.9,484.2,725.3,510.4
505,1,car,0.1322,956.2,411.5,1027.2,454.4
505,0,person,0.1296,755.7,467.8,770.5,510.3
506,1,car,0.6625,556.7,480.7,649.8,533.3
506,0,person,0.5696,1188.2,663.8,1217.4,738.9
506,0,person,0.3765,1196.3,510.6,1217.6,567.7
506,0,person,0.3583,1185.6,663.2,1217.6,741.7
506,0,person,0.2908,1186.9,692.2,1216.3,741.8
506,2,large_vehicle,0.1784,556.7,480.7,649.8,533.3
506,0,person,0.1669,705.4,464.6,718.9,500.5
506,4,other_vehicle,0.1318,691.9,483.9,725.3,510.3
506,2,large_vehicle,0.1316,956.1,411.1,1027.1,454.4
506,0,person,0.1107,755.7,467.6,770.6,510.4
507,1,car,0.7159,556.8,480.8,649.6,533.2
507,0,person,0.6886,1187.5,664.3,1216.6,739.9
507,0,person,0.3201,1196.2,512.2,1217.7,567.4
507,0,person,0.1505,703.3,464.0,717.2,499.6
507,2,large_vehicle,0.1437,556.8,480.8,649.6,533.2
507,0,person,0.1345,754.1,471.9,771.2,511.5
507,2,large_vehicle,0.1253,955.6,411.1,1026.5,454.3
507,0,person,0.1184,701.9,466.1,719.5,506.2
508,1,car,0.7204,556.9,480.9,649.6,533.2
508,0,person,0.6878,1187.6,664.3,1216.6,739.9
508,0,person,0.3254,1196.2,512.0,1217.6,567.4
508,0,person,0.1604,754.2,472.3,771.3,511.5
508,0,person,0.1579,703.2,464.2,717.1,499.7
508,2,large_vehicle,0.1363,556.9,480.9,649.6,533.2
508,4,other_vehicle,0.1253,689.2,485.4,725.1,513.5
508,2,large_vehicle,0.1184,955.7,411.2,1026.5,454.3
508,0,person,0.1147,701.7,466.3,719.5,506.7
509,1,car,0.7631,557.5,481.0,649.8,533.1
509,0,person,0.7312,1186.6,664.0,1215.8,741.6
509,0,person,0.5187,753.2,470.3,772.3,512.4
509,0,person,0.3706,1196.1,511.0,1217.5,567.5
509,2,large_vehicle,0.1165,956.1,411.4,1026.7,454.3
509,1,car,0.1065,956.1,411.4,1026.7,454.3
510,1,car,0.7569,557.2,480.8,649.8,533.1
510,0,person,0.7172,1186.7,664.0,1215.7,741.2
510,0,person,0.5161,753.2,470.5,772.4,512.5
510,0,person,0.3246,1196.2,513.8,1217.5,567.2
510,2,large_vehicle,0.1152,956.3,411.1,1026.7,454.4
510,2,large_vehicle,0.1024,557.2,480.8,649.8,533.1
510,0,person,0.1021,701.0,463.8,715.4,498.1
511,1,car,0.7515,557.2,480.8,649.8,533.1
511,0,person,0.7134,1186.7,664.0,1215.6,741.3
511,0,person,0.5076,753.2,470.5,772.3,512.5
511,0,person,0.3155,1196.2,514.1,1217.5,567.2
511,2,large_vehicle,0.1207,956.3,411.1,1026.7,454.4
511,2,large_vehicle,0.1056,557.2,480.8,649.8,533.1
511,0,person,0.1023,701.0,463.7,715.4,498.0
512,1,car,0.7062,557.8,480.9,650.0,533.3
512,0,person,0.6899,1186.2,664.2,1214.7,741.4
512,0,person,0.2405,1196.3,514.3,1217.3,567.2
512,0,person,0.2066,753.0,467.0,770.3,511.7
512,0,person,0.1997,751.5,466.7,767.7,511.6
512,2,large_vehicle,0.1292,557.8,480.9,650.0,533.3
512,0,person,0.1166,1186.7,688.1,1214.1,741.4
513,0,person,0.6831,1186.4,664.3,1214.6,741.3
513,1,car,0.6792,557.6,480.8,650.1,533.4
513,0,person,0.3415,752.8,466.7,770.4,511.6
513,0,person,0.2756,1196.4,515.1,1217.3,567.1
513,0,person,0.1987,751.3,466.6,767.7,511.6
513,2,large_vehicle,0.1523,557.6,480.8,650.1,533.4
513,0,person,0.1163,1186.8,687.9,1213.9,741.2
514,1,car,0.6379,560.1,481.2,649.7,533.3
514,0,person,0.4599,1187.7,664.1,1213.4,733.5
514,0,person,0.4247,751.0,471.5,767.8,511.5
514,0,person,0.3791,697.6,466.3,714.6,506.8
514,0,person,0.3155,1196.7,523.7,1216.6,567.2
514,0,person,0.2298,695.2,466.6,711.1,507.4
514,0,person,0.1952,1187.6,693.6,1214.5,741.7
514,2,large_vehicle,0.1895,560.1,481.2,649.7,533.3
514,0,person,0.1202,752.3,471.6,770.0,511.8
514,0,person,0.1030,1184.8,664.3,1213.8,739.5
515,1,car,0.6199,560.2,481.4,649.7,533.3
515,0,person,0.4539,1187.7,664.1,1213.3,733.9
515,0,person,0.4186,751.1,471.7,767.7,511.5
515,0,person,0.3703,697.7,466.3,714.5,506.7
515,0,person,0.3429,1196.9,523.5,1216.5,567.2
515,0,person,0.2332,695.3,466.5,711.0,507.2
515,0,person,0.2084,1187.6,693.8,1214.4,741.7
515,2,large_vehicle,0.1764,560.2,481.4,649.7,533.3
515,0,person,0.1129,1184.7,664.3,1213.7,739.6
515,0,person,0.1040,752.5,471.8,769.9,511.7
516,1,car,0.6049,561.0,481.5,649.6,533.2
516,0,person,0.4505,751.2,472.0,767.7,511.5
516,0,person,0.4482,1187.9,664.3,1213.2,733.3
516,0,person,0.3760,1196.9,523.7,1216.5,567.1
516,0,person,0.3759,697.8,466.5,714.4,506.5
516,0,person,0.2335,695.5,466.8,710.9,506.9
516,0,person,0.1835,1187.6,693.8,1214.5,741.7
516,2,large_vehicle,0.1767,561.0,481.5,649.6,533.2
517,1,car,0.7066,557.6,481.1,649.6,533.4
517,0,person,0.4047,1185.8,665.9,1212.5,740.0
517,0,person,0.3693,751.7,474.3,773.3,513.1
517,0,person,0.2436,1196.8,523.3,1216.4,567.2
517,0,person,0.2344,695.2,469.9,710.8,509.4
517,0,person,0.1710,1183.4,665.0,1212.3,741.3
517,2,large_vehicle,0.1424,557.6,481.1,649.6,533.4
517,0,person,0.1187,1188.2,693.4,1213.8,741.8
517,4,other_vehicle,0.1158,680.4,485.6,716.3,516.0
518,1,car,0.6951,557.6,481.2,649.7,533.4
518,0,person,0.4024,1185.9,665.9,1212.4,739.9
518,0,person,0.3352,751.7,474.4,773.2,513.1
518,0,person,0.2838,1196.7,523.4,1216.5,567.2
518,0,person,0.2224,695.2,470.1,710.8,509.4
518,0,person,0.1765,1183.4,665.0,1212.2,741.0
518,2,large_vehicle,0.1453,557.6,481.2,649.7,533.4
518,0,person,0.1298,1188.3,693.6,1213.8,741.8
518,4,other_vehicle,0.1065,680.4,485.7,716.1,516.1
519,1,car,0.6172,556.6,481.0,650.0,533.3
519,0,person,0.3754,1187.7,696.6,1213.2,742.6
519,0,person,0.3670,1179.4,665.4,1210.9,741.9
519,0,person,0.3570,1196.5,523.0,1216.8,567.5
519,0,person,0.2678,1181.1,696.7,1203.1,742.1
519,0,person,0.2293,1181.4,667.1,1209.0,744.6
519,0,person,0.1804,1186.5,666.0,1211.0,735.5
519,0,person,0.1528,692.2,473.4,710.0,509.0
519,2,large_vehicle,0.1500,556.6,481.0,650.0,533.3
519,0,person,0.1248,750.2,469.3,767.8,512.2
520,1,car,0.6316,556.6,481.0,650.0,533.3
520,0,person,0.3727,1187.7,696.6,1213.2,742.6
520,0,person,0.3700,1179.4,665.4,1210.8,741.9
520,0,person,0.3481,1196.5,522.9,1216.8,567.5
520,0,person,0.2642,1181.1,696.7,1203.1,742.1
520,0,person,0.2337,1181.4,667.2,1209.0,744.6
520,0,person,0.1761,1186.5,666.0,1211.0,735.5
520,2,large_vehicle,0.1600,556.6,481.0,650.0,533.3
520,0,person,0.1536,692.2,473.3,710.0,509.1
520,0,person,0.1333,750.2,469.3,767.8,512.3
521,1,car,0.6056,556.5,480.9,650.0,533.3
521,0,person,0.3746,1188.0,696.6,1213.2,742.6
521,0,person,0.3664,1179.4,665.5,1210.8,741.9
521,0,person,0.3472,1196.5,523.1,1216.7,567.8
521,0,person,0.2810,1181.1,696.7,1203.0,742.0
521,0,person,0.2257,1181.4,667.2,1209.0,744.6
521,2,large_vehicle,0.1791,556.5,480.9,650.0,533.3
521,0,person,0.1712,1186.6,666.1,1210.9,735.2
521,0,person,0.1542,692.2,473.3,710.0,509.0
521,2,large_vehicle,0.1240,956.0,410.5,1024.8,454.3
521,0,person,0.1044,750.3,469.6,767.7,512.2
521,4,other_vehicle,0.1017,678.4,487.1,722.0,516.9
522,1,car,0.6286,557.9,480.7,650.0,533.3
522,0,person,0.4128,1179.6,667.5,1209.9,744.5
522,0,person,0.3573,1176.7,666.1,1211.1,744.3
522,0,person,0.3405,1178.2,698.6,1202.8,743.5
522,0,person,0.2866,1196.3,513.5,1217.4,567.6
522,0,person,0.2092,1183.1,667.1,1211.6,739.8
522,2,large_vehicle,0.1969,557.9,480.7,650.0,533.3
523,1,car,0.6245,557.9,480.7,650.0,533.3
523,0,person,0.4123,1179.4,666.9,1210.0,744.5
523,0,person,0.3495,1176.6,665.5,1211.2,744.3
523,0,person,0.3210,1178.2,698.4,1202.9,743.6
523,0,person,0.3023,1196.2,512.5,1217.5,567.6
523,2,large_vehicle,0.2132,557.9,480.7,650.0,533.3
523,0,person,0.1377,1182.9,666.6,1211.7,740.0
523,0,person,0.1133,749.3,465.4,766.2,512.8
524,1,car,0.6329,558.5,481.1,649.8,533.3
524,0,person,0.4229,1174.4,668.4,1209.2,743.5
524,0,person,0.3692,1178.4,669.6,1207.9,743.8
524,0,person,0.3331,1175.6,697.7,1201.8,743.4
524,0,person,0.2555,1189.0,698.3,1211.6,742.5
524,2,large_vehicle,0.1956,558.5,481.1,649.8,533.3
524,0,person,0.1855,1196.9,523.8,1216.3,567.4
524,0,person,0.1099,1196.7,518.1,1216.9,567.0
525,1,car,0.6343,558.0,481.0,649.8,533.3
525,0,person,0.4013,1174.4,668.9,1208.7,743.4
525,0,person,0.3354,1175.6,697.9,1201.7,743.4
525,0,person,0.2867,1178.5,670.2,1207.1,743.4
525,0,person,0.2742,1189.1,698.3,1211.5,742.4
525,2,large_vehicle,0.1949,558.0,481.0,649.8,533.3
525,0,person,0.1699,1196.9,523.9,1216.3,567.3
525,0,person,0.1092,1196.7,518.0,1216.8,566.8
526,1,car,0.6381,558.0,481.0,649.9,533.4
526,0,person,0.4201,1174.4,668.4,1209.2,743.4
526,0,person,0.3501,1178.5,669.7,1207.9,743.7
526,0,person,0.3332,1175.6,697.5,1202.0,743.4
526,0,person,0.2507,1189.0,698.4,1211.6,742.5
526,2,large_vehicle,0.1845,558.0,481.0,649.9,533.4
526,0,person,0.1487,1196.7,517.0,1216.8,566.9
526,2,large_vehicle,0.1023,956.5,410.7,1025.0,454.4
527,1,car,0.6261,557.4,480.9,650.0,533.5
527,0,person,0.5441,1175.5,669.8,1205.4,745.2
527,0,person,0.2165,1185.6,698.9,1210.3,743.6
527,2,large_vehicle,0.2083,557.4,480.9,650.0,533.5
527,0,person,0.1790,1174.1,693.3,1203.2,744.0
527,0,person,0.1696,1196.3,515.9,1216.8,567.2
527,2,large_vehicle,0.1315,956.4,411.1,1024.6,454.5
527,0,person,0.1006,687.6,471.5,701.7,508.1
528,0,person,0.6811,1173.6,671.8,1203.4,745.5
528,1,car,0.6390,557.0,480.7,650.2,533.2
528,0,person,0.1951,1196.4,523.7,1216.2,567.3
528,0,person,0.1427,745.9,464.8,763.2,511.2
528,2,large_vehicle,0.1226,956.1,410.1,1024.9,454.3
528,2,large_vehicle,0.1085,557.0,480.7,650.2,533.2
529,0,person,0.6736,1173.5,671.7,1203.4,745.4
529,1,car,0.5515,557.1,480.8,650.2,533.2
529,0,person,0.2454,1196.4,523.8,1216.1,567.3
529,1,car,0.1555,556.4,481.0,650.6,533.3
529,0,person,0.1369,745.9,464.8,763.2,511.2
529,2,large_vehicle,0.1196,956.3,410.3,1024.8,454.3
529,0,person,0.1107,1187.9,698.8,1209.3,743.0
530,0,person,0.6787,1173.5,671.7,1203.5,745.4
530,1,car,0.4932,557.3,480.7,650.0,533.1
530,1,car,0.2035,556.6,480.9,650.4,533.2
530,0,person,0.1887,1196.4,523.9,1216.1,567.2
530,2,large_vehicle,0.1466,955.9,410.2,1025.5,454.2
530,0,person,0.1383,745.9,464.5,763.1,511.1
530,0,person,0.1009,1187.9,698.7,1209.3,742.9
531,0,person,0.7626,1173.1,672.0,1205.7,749.4
531,1,car,0.5563,557.3,480.9,649.8,533.4
531,0,person,0.3614,1196.2,510.9,1217.4,567.5
531,0,person,0.2777,682.4,471.4,695.9,506.5
531,2,large_vehicle,0.2527,557.3,480.9,649.8,533.4
531,2,large_vehicle,0.1393,956.2,410.2,1025.3,454.3
532,0,person,0.7551,1173.2,672.0,1205.5,749.2
532,1,car,0.5380,557.2,480.9,649.7,533.4
532,0,person,0.3582,1196.3,511.2,1217.4,567.5
532,0,person,0.2709,682.3,471.4,695.9,506.5
532,2,large_vehicle,0.2581,557.2,480.9,649.7,533.4
532,2,large_vehicle,0.1280,956.1,410.4,1025.2,454.4
532,0,person,0.1012,745.8,464.3,762.4,509.3
533,1,car,0.5946,557.0,481.1,650.3,533.3
533,0,person,0.5765,1173.4,672.8,1203.3,750.0
533,0,person,0.3377,679.8,471.6,694.0,504.7
533,0,person,0.2819,1196.7,523.9,1216.3,567.2
533,2,large_vehicle,0.2392,557.0,481.1,650.3,533.3
533,0,person,0.1474,745.2,465.4,762.2,509.8
534,1,car,0.6563,556.4,481.2,650.2,533.2
534,0,person,0.6185,1173.2,672.9,1203.6,750.2
534,0,person,0.3342,679.7,471.5,694.1,504.5
534,0,person,0.2500,1196.7,524.0,1216.3,567.4
534,2,large_vehicle,0.1921,556.4,481.2,650.2,533.2
534,0,person,0.1701,745.1,465.7,762.4,509.9
535,1,car,0.6556,556.7,481.2,650.2,533.2
535,0,person,0.5942,1173.2,672.8,1203.5,750.2
535,0,person,0.3334,679.7,471.5,694.1,504.5
535,0,person,0.2613,1196.8,524.2,1216.3,567.3
535,2,large_vehicle,0.1923,556.7,481.2,650.2,533.2
535,0,person,0.1674,745.2,465.7,762.4,510.0
536,1,car,0.6752,557.0,481.0,649.9,533.3
536,0,person,0.5036,1172.9,671.3,1202.6,750.1
536,0,person,0.2748,678.3,470.6,692.6,505.9
536,0,person,0.2581,743.9,465.9,761.5,510.3
536,2,large_vehicle,0.2057,956.4,411.4,1025.3,454.5
536,2,large_vehicle,0.1674,557.0,481.0,649.9,533.3
536,0,person,0.1505,1196.5,516.4,1217.0,566.8
537,1,car,0.6436,557.7,481.2,649.9,533.3
537,0,person,0.5230,1172.9,671.4,1202.5,750.0
537,0,person,0.3181,744.1,466.1,761.5,510.0
537,0,person,0.2893,678.4,470.8,692.6,505.9
537,2,large_vehicle,0.2247,956.3,411.4,1025.9,454.5
537,2,large_vehicle,0.2068,557.7,481.2,649.9,533.3
537,0,person,0.1331,1196.7,523.2,1216.4,567.3
537,0,person,0.1013,1196.5,518.8,1216.9,566.8
538,1,car,0.5880,557.2,480.9,650.0,533.3
538,0,person,0.4234,1173.8,671.7,1202.6,749.9
538,2,large_vehicle,0.1881,956.1,411.3,1025.7,454.3
538,0,person,0.1615,1196.6,519.1,1216.7,566.8
538,2,large_vehicle,0.1592,557.2,480.9,650.0,533.3
538,0,person,0.1485,743.2,463.5,760.8,511.8
539,1,car,0.6399,557.5,481.0,650.1,533.2
539,0,person,0.4541,1173.7,671.7,1202.6,749.9
539,2,large_vehicle,0.2177,955.7,411.5,1025.9,454.3
539,0,person,0.1836,1196.6,518.0,1216.9,566.8
539,2,large_vehicle,0.1685,557.5,481.0,650.1,533.2
539,0,person,0.1533,743.1,463.4,760.8,511.9
539,1,car,0.1241,955.7,411.5,1025.9,454.3
540,1,car,0.6440,557.2,480.9,650.0,533.2
540,0,person,0.5016,1173.6,671.7,1202.6,749.9
540,0,person,0.2196,1196.5,515.7,1216.9,566.8
540,2,large_vehicle,0.1952,955.9,411.5,1026.4,454.3
540,2,large_vehicle,0.1713,557.2,480.9,650.0,533.2
540,0,person,0.1692,743.1,463.4,760.9,512.0
540,1,car,0.1189,955.9,411.5,1026.4,454.3
541,1,car,0.6535,558.7,481.1,649.9,533.3
541,0,person,0.6240,1173.2,672.3,1202.8,750.3
541,0,person,0.2946,1196.1,510.1,1217.4,567.1
541,2,large_vehicle,0.1752,558.7,481.1,649.9,533.3
541,2,large_vehicle,0.1500,956.6,411.2,1026.7,454.2
541,1,car,0.1044,956.6,411.2,1026.7,454.2
542,1,car,0.6461,558.2,481.0,649.8,533.3
542,0,person,0.6177,1173.2,672.3,1202.8,750.4
542,0,person,0.3449,1196.0,508.6,1217.6,567.3
542,2,large_vehicle,0.1904,558.2,481.0,649.8,533.3
542,2,large_vehicle,0.1490,956.6,411.4,1026.9,454.2
542,1,car,0.1004,956.6,411.4,1026.9,454.2
543,0,person,0.7071,1172.5,671.5,1202.7,750.8
543,1,car,0.6404,556.9,481.1,649.5,533.1
543,0,person,0.4265,1195.9,508.5,1218.1,567.8
543,0,person,0.2448,743.2,467.9,760.6,510.8
543,2,large_vehicle,0.1974,556.9,481.1,649.5,533.1
543,2,large_vehicle,0.1832,956.2,411.1,1026.4,454.4
543,0,person,0.1575,670.0,468.0,684.5,505.3
543,1,car,0.1117,956.2,411.1,1026.4,454.4
544,0,person,0.7049,1172.6,671.6,1202.6,750.7
544,1,car,0.6300,557.0,481.1,649.5,533.1
544,0,person,0.4261,1195.9,508.4,1218.1,567.8
544,0,person,0.2435,743.3,467.9,760.6,510.7
544,2,large_vehicle,0.2131,557.0,481.1,649.5,533.1
544,2,large_vehicle,0.1904,956.2,411.1,1026.4,454.4
544,0,person,0.1633,670.1,468.1,684.4,505.3
544,1,car,0.1132,956.2,411.1,1026.4,454.4
545,0,person,0.6982,1172.5,671.5,1202.7,750.8
545,1,car,0.6205,557.6,481.0,649.5,533.1
545,0,person,0.4415,1195.9,508.6,1218.2,567.9
545,0,person,0.2352,743.1,467.8,760.6,510.8
545,2,large_vehicle,0.2126,557.6,481.0,649.5,533.1
545,0,person,0.1498,670.0,467.9,684.5,505.3
545,2,large_vehicle,0.1395,956.2,411.2,1026.6,454.4
546,1,car,0.6060,558.0,480.9,649.5,533.2
546,0,person,0.5845,1173.5,672.8,1202.5,750.7
546,2,large_vehicle,0.2528,558.0,480.9,649.5,533.2
546,0,person,0.2201,1196.3,513.9,1217.4,567.0
546,2,large_vehicle,0.1959,956.3,411.9,1027.1,454.5
546,1,car,0.1598,956.3,411.9,1027.1,454.5
547,1,car,0.6073,558.0,480.9,649.5,533.2
547,0,person,0.5985,1173.3,672.8,1202.5,750.7
547,2,large_vehicle,0.2539,558.0,480.9,649.5,533.2
547,0,person,0.2183,1196.3,513.9,1217.4,567.1
547,2,large_vehicle,0.1930,956.2,411.9,1027.3,454.5
547,1,car,0.1555,956.2,411.9,1027.3,454.5
548,1,car,0.6063,557.4,480.9,649.7,533.0
548,0,person,0.4029,1172.8,673.2,1201.7,754.2
548,0,person,0.4013,664.5,474.8,682.5,513.0
548,2,large_vehicle,0.2712,956.0,411.8,1027.7,454.3
548,2,large_vehicle,0.2522,557.4,480.9,649.7,533.0
548,1,car,0.1845,956.0,411.8,1027.7,454.3
548,0,person,0.1787,660.6,474.6,678.6,512.6
548,0,person,0.1722,1195.9,513.0,1217.6,567.6
548,0,person,0.1280,742.7,466.8,760.3,512.4
549,1,car,0.6136,556.8,480.8,650.0,533.1
549,0,person,0.5425,1172.6,673.4,1201.7,754.3
549,0,person,0.4150,664.5,474.6,682.6,513.0
549,2,large_vehicle,0.2710,956.1,411.1,1027.6,454.3
549,2,large_vehicle,0.2316,556.8,480.8,650.0,533.1
549,0,person,0.2103,1196.1,511.2,1217.6,567.3
549,1,car,0.1552,956.1,411.1,1027.6,454.3
549,0,person,0.1487,742.4,466.4,760.4,512.6
549,0,person,0.1400,660.5,474.5,678.5,512.6
550,1,car,0.6206,556.8,480.8,650.0,533.1
550,0,person,0.5398,1172.7,673.3,1201.8,754.2
550,0,person,0.4166,664.5,474.6,682.6,513.0
550,2,large_vehicle,0.2830,955.9,411.0,1027.6,454.3
550,2,large_vehicle,0.2272,556.8,480.8,650.0,533.1
550,0,person,0.2097,1196.1,511.3,1217.6,567.3
550,1,car,0.1599,955.9,411.0,1027.6,454.3
550,0,person,0.1463,742.4,466.5,760.3,512.5
550,0,person,0.1440,660.5,474.5,678.5,512.6
551,1,car,0.5829,556.7,480.7,650.2,533.4
551,0,person,0.4491,1171.5,674.2,1201.5,756.5
551,2,large_vehicle,0.2597,955.3,410.3,1027.6,454.2
551,0,person,0.2297,741.0,468.0,761.3,514.6
551,0,person,0.2234,1196.0,509.2,1217.8,567.5
551,0,person,0.2038,1171.1,699.8,1202.0,755.9
551,0,person,0.2004,1170.0,675.1,1197.4,756.7
551,2,large_vehicle,0.1773,556.7,480.7,650.2,533.4
551,1,car,0.1187,955.3,410.3,1027.6,454.2
551,0,person,0.1063,1171.2,673.7,1203.3,756.4
552,1,car,0.5608,556.0,480.8,649.8,533.0
552,0,person,0.3572,1169.2,675.0,1196.8,756.7
552,0,person,0.3160,1196.2,509.9,1217.8,567.5
552,0,person,0.2609,741.2,467.4,760.0,514.4
552,2,large_vehicle,0.2391,556.0,480.8,649.8,533.0
552,2,large_vehicle,0.2201,955.7,410.0,1027.4,454.4
552,0,person,0.1865,1170.6,674.3,1200.6,756.3
552,0,person,0.1455,1169.6,701.0,1201.4,756.2
552,0,person,0.1156,659.3,475.2,675.8,513.1
553,1,car,0.5607,556.7,480.9,649.8,533.0
553,0,person,0.3485,1169.2,675.1,1196.8,757.1
553,0,person,0.3024,1196.2,510.1,1217.8,567.5
553,0,person,0.2618,741.2,467.4,760.0,514.4
553,2,large_vehicle,0.2373,556.7,480.9,649.8,533.0
553,2,large_vehicle,0.2282,955.7,410.0,1027.6,454.4
553,0,person,0.1741,1170.6,674.4,1200.6,756.6
553,0,person,0.1304,1169.6,700.5,1201.3,756.6
553,0,person,0.1163,659.3,475.1,675.9,513.1
553,1,car,0.1043,955.7,410.0,1027.6,454.4
554,1,car,0.5697,556.1,481.0,649.8,533.0
554,0,person,0.3540,1169.3,675.0,1196.7,756.7
554,0,person,0.3007,1196.2,510.2,1217.7,567.4
554,0,person,0.2748,741.2,467.6,760.1,514.4
554,2,large_vehicle,0.2493,955.8,409.9,1027.4,454.4
554,2,large_vehicle,0.2310,556.1,481.0,649.8,533.0
554,0,person,0.1839,1170.7,674.4,1200.6,756.2
554,0,person,0.1567,1169.6,701.4,1201.4,756.2
554,0,person,0.1277,659.3,475.2,675.9,513.1
554,1,car,0.1015,955.8,409.9,1027.4,454.4
555,1,car,0.6463,557.2,480.7,652.3,533.0
555,0,person,0.4603,1167.2,675.6,1195.4,756.2
555,0,person,0.2928,657.1,477.2,673.7,514.7
555,2,large_vehicle,0.2398,956.1,410.2,1027.5,454.4
555,0,person,0.2238,1196.3,512.1,1217.5,567.0
555,1,car,0.1568,956.1,410.2,1027.5,454.4
555,2,large_vehicle,0.1347,557.2,480.7,652.3,533.0
555,0,person,0.1124,1169.6,674.9,1200.1,753.3
555,0,person,0.1044,661.5,476.8,680.9,515.6
556,1,car,0.6390,557.0,480.7,652.2,533.0
556,0,person,0.4176,1167.4,675.7,1195.2,756.3
556,0,person,0.2857,657.2,477.3,673.7,514.7
556,2,large_vehicle,0.2421,956.1,410.3,1027.5,454.4
556,0,person,0.1879,1196.5,514.5,1217.2,566.7
556,1,car,0.1505,956.1,410.3,1027.5,454.4
556,2,large_vehicle,0.1408,557.0,480.7,652.2,533.0
556,0,person,0.1072,1170.0,675.1,1199.9,753.4
556,0,person,0.1032,661.7,476.9,680.9,515.6
557,1,car,0.6258,557.3,480.7,655.7,533.1
557,0,person,0.5727,1167.0,676.4,1196.0,753.4
557,0,person,0.3202,1195.9,507.7,1217.8,567.2
557,0,person,0.2928,655.6,479.1,672.0,516.8
557,2,large_vehicle,0.1728,955.0,408.0,1026.8,454.2
557,2,large_vehicle,0.1231,557.3,480.7,655.7,533.1
557,1,car,0.1166,955.0,408.0,1026.8,454.2
558,1,car,0.6321,557.1,480.4,656.6,533.2
558,0,person,0.5747,1167.0,676.5,1196.2,753.9
558,0,person,0.3430,1196.1,507.5,1217.8,567.1
558,0,person,0.2840,655.5,479.0,672.0,517.0
558,2,large_vehicle,0.2139,955.1,409.5,1027.0,454.2
558,1,car,0.1447,955.1,409.5,1027.0,454.2
558,0,person,0.1153,739.2,466.3,756.9,513.9
558,2,large_vehicle,0.1076,557.1,480.4,656.6,533.2
559,1,car,0.6180,557.2,480.5,656.4,533.2
559,0,person,0.5913,1166.9,676.5,1196.2,754.2
559,0,person,0.3576,1196.1,507.5,1217.8,567.1
559,0,person,0.2839,655.6,479.1,672.0,517.0
559,2,large_vehicle,0.2173,955.1,409.5,1027.0,454.2
559,1,car,0.1464,955.1,409.5,1027.0,454.2
559,2,large_vehicle,0.1184,557.2,480.5,656.4,533.2
560,1,car,0.5758,557.1,480.8,653.4,533.2
560,0,person,0.4937,1166.3,678.4,1193.8,750.3
560,0,person,0.2487,1196.1,503.6,1218.3,566.5
560,0,person,0.2119,1162.6,679.3,1196.9,757.0
560,2,large_vehicle,0.1987,955.5,410.5,1027.0,454.1
560,2,large_vehicle,0.1736,557.1,480.8,653.4,533.2
560,1,car,0.1590,955.5,410.5,1027.0,454.1
560,0,person,0.1589,1164.0,704.1,1199.2,758.0
561,1,car,0.5618,557.0,480.8,653.8,533.1
561,0,person,0.4995,1166.0,678.5,1193.7,751.4
561,0,person,0.2383,1196.1,503.7,1218.3,566.7
561,0,person,0.2251,1162.4,679.0,1196.4,757.2
561,2,large_vehicle,0.1799,557.0,480.8,653.8,533.1
561,2,large_vehicle,0.1792,955.4,410.2,1026.7,454.2
561,0,person,0.1380,1163.9,704.3,1198.3,758.1
561,1,car,0.1197,955.4,410.2,1026.7,454.2
562,1,car,0.5787,558.2,480.5,657.4,533.2
562,0,person,0.5477,1165.9,678.8,1193.6,752.8
562,0,person,0.3764,1196.1,508.0,1217.2,567.1
562,0,person,0.3521,1162.2,679.1,1196.1,759.7
562,2,large_vehicle,0.1828,955.7,410.2,1026.8,454.2
562,2,large_vehicle,0.1605,558.2,480.5,657.4,533.2
562,0,person,0.1212,740.2,468.7,756.3,514.6
562,1,car,0.1123,955.7,410.2,1026.8,454.2
563,1,car,0.5881,557.8,480.5,657.3,533.2
563,0,person,0.5452,1165.9,678.8,1193.8,752.5
563,0,person,0.3682,1162.2,679.1,1196.1,759.7
563,0,person,0.3494,1196.3,508.6,1217.0,567.2
563,2,large_vehicle,0.1840,955.8,409.8,1026.7,454.2
563,2,large_vehicle,0.1512,557.8,480.5,657.3,533.2
563,0,person,0.1149,740.2,468.7,756.3,514.7
564,1,car,0.6429,558.5,480.8,657.3,533.1
564,0,person,0.5399,1166.0,678.9,1193.4,749.3
564,0,person,0.2469,1162.3,679.7,1196.6,759.9
564,0,person,0.2165,1196.4,511.3,1216.9,567.0
564,2,large_vehicle,0.1902,956.0,410.2,1026.8,454.2
564,0,person,0.1539,740.3,469.1,756.3,514.6
564,2,large_vehicle,0.1149,558.5,480.8,657.3,533.1
564,1,car,0.1145,956.0,410.2,1026.8,454.2
565,1,car,0.6345,553.9,479.6,657.5,533.3
565,0,person,0.5369,1165.9,679.3,1193.2,747.8
565,0,person,0.2017,1196.0,504.4,1217.8,567.0
565,2,large_vehicle,0.1817,955.9,410.3,1026.7,454.3
565,0,person,0.1532,1163.0,704.5,1197.9,760.9
565,1,car,0.1490,955.9,410.3,1026.7,454.3
565,4,other_vehicle,0.1377,1163.0,704.5,1197.9,760.9
565,2,large_vehicle,0.1108,553.9,479.6,657.5,533.3
566,1,car,0.6307,553.7,479.4,657.4,533.3
566,0,person,0.5402,1165.8,679.3,1193.2,748.3
566,0,person,0.2304,1195.9,504.3,1217.9,567.0
566,2,large_vehicle,0.1768,956.2,410.5,1026.8,454.2
566,0,person,0.1638,1163.0,704.6,1198.0,760.9
566,4,other_vehicle,0.1448,1163.0,704.6,1198.0,760.9
566,1,car,0.1448,956.2,410.5,1026.8,454.2
566,2,large_vehicle,0.1155,553.7,479.4,657.4,533.3
567,0,person,0.7063,1162.6,679.2,1193.7,761.3
567,1,car,0.5976,557.1,479.4,657.4,533.1
567,2,large_vehicle,0.1711,955.8,410.8,1025.8,454.0
567,2,large_vehicle,0.1322,557.1,479.4,657.4,533.1
567,1,car,0.1118,955.8,410.8,1025.8,454.0
568,0,person,0.6857,1162.7,679.1,1193.8,761.3
568,1,car,0.5964,557.1,479.4,657.4,533.1
568,2,large_vehicle,0.1761,955.7,410.8,1025.8,454.1
568,2,large_vehicle,0.1342,557.1,479.4,657.4,533.1
568,1,car,0.1154,955.7,410.8,1025.8,454.1
569,0,person,0.6816,1162.4,679.0,1194.0,761.3
569,1,car,0.5889,557.4,479.3,657.3,533.1
569,2,large_vehicle,0.1542,955.8,410.7,1025.9,454.0
569,2,large_vehicle,0.1345,557.4,479.3,657.3,533.1
569,1,car,0.1118,955.8,410.7,1025.9,454.0
570,0,person,0.5584,1164.5,679.3,1192.8,755.9
570,1,car,0.3234,554.7,477.7,658.4,532.8
570,2,large_vehicle,0.1512,954.9,410.5,1027.1,454.0
570,2,large_vehicle,0.1236,554.7,477.7,658.4,532.8
570,1,car,0.1175,954.9,410.5,1027.1,454.0
570,0,person,0.1129,1162.0,679.4,1194.5,761.5
571,0,person,0.5623,1164.4,679.4,1192.8,756.5
571,1,car,0.2894,555.8,477.8,658.4,532.9
571,2,large_vehicle,0.1454,955.1,410.3,1026.9,454.1
571,2,large_vehicle,0.1332,555.8,477.8,658.4,532.9
571,1,car,0.1001,955.1,410.3,1026.9,454.1
572,0,person,0.5463,1164.2,679.9,1192.2,755.0
572,1,car,0.3003,558.0,478.9,654.7,533.0
572,0,person,0.2524,1161.6,680.1,1193.9,761.2
572,1,car,0.1061,955.7,409.5,1027.2,453.9
572,2,large_vehicle,0.1027,558.0,478.9,654.7,533.0
573,0,person,0.5573,1163.9,679.8,1192.3,757.8
573,1,car,0.4008,557.6,479.5,654.3,533.0
573,2,large_vehicle,0.1171,557.6,479.5,654.3,533.0
573,1,car,0.1076,956.1,409.9,1027.1,454.0
573,2,large_vehicle,0.1005,956.1,409.9,1027.1,454.0
574,0,person,0.5757,1163.9,679.8,1192.4,757.9
574,1,car,0.3243,559.4,479.1,654.4,533.0
574,2,large_vehicle,0.1118,559.4,479.1,654.4,533.0
575,0,person,0.6176,1163.5,679.5,1193.1,758.0
575,1,car,0.2760,555.2,479.5,652.7,532.9
575,0,person,0.1842,1195.4,522.8,1214.2,567.0
575,2,large_vehicle,0.1280,555.2,479.5,652.7,532.9
575,1,car,0.1126,955.2,409.6,1027.2,453.7
576,0,person,0.5288,1163.5,680.7,1191.3,749.7
576,0,person,0.2890,1195.4,525.0,1214.0,567.4
576,1,car,0.2464,558.6,480.9,649.0,532.4
576,4,other_vehicle,0.1813,1161.5,705.3,1193.5,760.9
576,1,car,0.1612,954.0,408.6,1025.8,453.3
576,3,motorcycle,0.1220,1161.5,705.3,1193.5,760.9
576,2,large_vehicle,0.1188,558.6,480.9,649.0,532.4
576,2,large_vehicle,0.1153,954.0,408.6,1025.8,453.3
577,0,person,0.5386,1163.4,680.6,1191.2,749.2
577,0,person,0.3203,1195.5,524.7,1214.2,567.4
577,1,car,0.2571,559.6,481.0,649.0,532.4
577,4,other_vehicle,0.1966,1161.5,705.3,1193.6,760.9
577,1,car,0.1659,954.0,408.4,1025.9,453.3
577,3,motorcycle,0.1395,1161.5,705.3,1193.6,760.9
577,2,large_vehicle,0.1201,559.6,481.0,649.0,532.4
577,2,large_vehicle,0.1190,954.0,408.4,1025.9,453.3
577,1,car,0.1007,564.8,481.6,649.0,532.4
578,0,person,0.5280,1163.5,680.6,1191.2,749.4
578,0,person,0.3087,1195.4,524.7,1214.1,567.5
578,1,car,0.2320,558.5,480.9,648.8,532.4
578,4,other_vehicle,0.1927,1161.5,705.2,1193.4,761.0
578,1,car,0.1681,953.9,408.5,1026.1,453.3
578,3,motorcycle,0.1237,1161.5,705.2,1193.4,761.0
578,2,large_vehicle,0.1178,558.5,480.9,648.8,532.4
578,2,large_vehicle,0.1149,953.9,408.5,1026.1,453.3
579,0,person,0.5907,1162.6,680.7,1191.3,750.7
579,3,motorcycle,0.2728,1158.3,708.6,1193.6,761.1
579,1,car,0.1790,951.5,406.8,1026.5,453.1
579,4,other_vehicle,0.1572,1158.3,708.6,1193.6,761.1
579,1,car,0.1548,559.2,481.1,651.1,532.2
579,0,person,0.1077,1195.3,527.7,1213.7,567.7
579,2,large_vehicle,0.1011,951.5,406.8,1026.5,453.1
580,0,person,0.5313,1162.6,680.9,1191.0,750.1
580,3,motorcycle,0.2402,1158.5,708.8,1193.4,761.0
580,1,car,0.1855,951.8,406.9,1026.6,453.1
580,4,other_vehicle,0.1709,1158.5,708.8,1193.4,761.0
580,0,person,0.1187,1195.3,527.9,1213.6,567.5
581,0,person,0.5053,735.0,468.1,755.1,514.5
581,0,person,0.4611,1156.0,683.1,1185.6,760.4
581,1,car,0.3960,1183.0,465.7,1293.3,537.8
581,1,car,0.3867,564.2,481.2,650.6,532.2
581,0,person,0.3320,1195.7,515.8,1215.1,567.0
581,0,person,0.3032,1153.9,682.0,1189.4,760.8
581,0,person,0.2852,1159.5,681.1,1191.2,760.1
581,1,car,0.1006,566.9,482.6,651.0,532.3
582,0,person,0.4827,735.1,468.6,755.2,514.7
582,0,person,0.4795,1155.7,683.1,1185.3,760.7
582,1,car,0.4341,565.2,481.3,650.5,532.2
582,1,car,0.4037,1183.2,465.7,1290.4,537.8
582,0,person,0.3352,1153.6,682.0,1189.0,761.1
582,0,person,0.2993,1195.8,516.9,1214.9,566.8
582,0,person,0.2489,1159.5,681.1,1191.0,760.1
582,1,car,0.1021,955.0,406.7,1026.3,453.2
582,1,car,0.1020,567.1,482.9,651.0,532.3
583,0,person,0.5108,735.0,468.4,755.0,514.8
583,0,person,0.4632,1155.8,683.1,1185.4,760.7
583,1,car,0.4121,1183.1,465.8,1290.4,537.7
583,1,car,0.3845,565.4,481.2,650.6,532.2
583,0,person,0.3626,1153.7,682.0,1189.1,761.1
583,0,person,0.3009,1195.7,516.3,1214.9,566.7
583,0,person,0.2610,1159.5,681.1,1191.0,760.0
583,1,car,0.1047,954.9,406.7,1026.4,453.1
584,0,person,0.6845,1151.7,683.5,1186.0,762.8
584,0,person,0.5129,734.1,469.0,755.3,514.8
584,1,car,0.5099,1179.0,466.0,1291.8,539.0
584,0,person,0.4215,1196.3,514.1,1215.1,566.6
584,1,car,0.4044,563.5,481.1,651.2,532.3
584,1,car,0.1218,954.5,406.7,1026.3,453.2
585,0,person,0.6892,1151.8,683.5,1186.0,762.6
585,1,car,0.5142,1179.0,466.6,1292.8,539.1
585,0,person,0.4799,734.3,468.9,755.3,514.6
585,1,car,0.4069,562.2,481.1,651.5,532.4
585,0,person,0.3954,1196.4,514.1,1215.0,566.3
585,1,car,0.1464,954.2,406.5,1026.4,453.2
586,0,person,0.7349,1150.3,684.8,1183.0,761.8
586,1,car,0.6553,566.3,482.5,652.7,532.4
586,1,car,0.5760,1174.6,473.2,1271.1,540.9
586,0,person,0.4970,733.9,464.5,754.0,513.8
586,2,large_vehicle,0.1491,954.6,406.7,1025.4,453.1
586,1,car,0.1454,954.6,406.7,1025.4,453.1
587,0,person,0.7351,1150.3,684.9,1183.0,761.6
587,1,car,0.6592,565.4,482.6,652.6,532.3
587,1,car,0.5631,1174.6,473.1,1270.9,541.0
587,0,person,0.4914,733.9,464.7,754.0,513.8
587,1,car,0.1443,954.4,406.9,1024.9,453.1
587,2,large_vehicle,0.1423,954.4,406.9,1024.9,453.1
588,0,person,0.7311,1150.3,684.9,1182.7,761.8
588,1,car,0.6567,565.1,482.4,652.5,532.4
588,1,car,0.5562,1174.6,473.2,1271.5,540.9
588,0,person,0.4996,733.8,464.7,754.0,513.7
588,1,car,0.1546,954.3,407.1,1025.1,453.0
588,2,large_vehicle,0.1457,954.3,407.1,1025.1,453.0
589,1,car,0.6259,1170.2,474.8,1265.8,542.2
589,0,person,0.5376,1151.4,685.8,1180.0,762.5
589,1,car,0.4672,564.0,482.3,650.9,532.4
589,0,person,0.3677,733.5,469.7,752.0,514.1
589,1,car,0.2558,953.3,406.6,1025.0,453.0
589,1,car,0.1855,567.6,483.7,650.3,532.5
589,2,large_vehicle,0.1327,953.3,406.6,1025.0,453.0
589,1,car,0.1063,1223.1,543.2,1341.9,621.2
590,1,car,0.6253,1170.2,474.7,1266.1,542.2
590,0,person,0.5470,1151.2,685.8,1180.3,762.6
590,1,car,0.4197,564.8,482.2,651.0,532.4
590,0,person,0.3334,733.5,469.5,752.3,514.1
590,1,car,0.2633,952.8,406.5,1025.5,453.0
590,1,car,0.1509,568.0,483.7,650.2,532.4
590,2,large_vehicle,0.1265,952.8,406.5,1025.5,453.0
590,1,car,0.1194,1223.0,542.5,1342.0,621.2
591,1,car,0.6453,1166.2,482.6,1252.0,544.7
591,1,car,0.5962,572.2,482.6,649.8,532.7
591,0,person,0.4685,733.3,473.2,752.1,513.8
591,0,person,0.4036,1152.8,686.9,1181.9,760.5
591,0,person,0.2454,1195.9,525.0,1213.5,566.3
591,0,person,0.1894,1150.1,686.0,1186.2,762.8
591,1,car,0.1800,955.3,407.0,1026.3,452.8
592,1,car,0.6440,1166.2,482.6,1252.0,544.6
592,1,car,0.6048,572.1,482.6,649.8,532.7
592,0,person,0.4691,733.3,473.2,752.1,513.8
592,0,person,0.3886,1153.0,686.9,1182.0,760.2
592,0,person,0.2455,1196.0,525.0,1213.5,566.3
592,0,person,0.1947,1150.2,686.0,1186.4,762.8
592,1,car,0.1802,955.3,407.0,1026.3,452.8
593,1,car,0.6486,1166.2,482.7,1252.4,544.6
593,1,car,0.6344,572.1,482.5,649.8,532.7
593,0,person,0.4826,733.4,473.3,752.1,513.9
593,0,person,0.4107,1152.7,687.0,1182.0,760.5
593,0,person,0.2634,1196.0,525.2,1213.6,566.3
593,0,person,0.1785,1150.1,686.0,1186.3,762.8
593,1,car,0.1651,955.1,407.0,1026.0,452.7
594,1,car,0.7718,1161.8,484.9,1246.8,545.1
594,1,car,0.5165,566.1,482.7,650.2,532.8
594,0,person,0.4675,1151.2,687.6,1181.5,762.5
594,0,person,0.1524,1147.9,686.5,1185.3,765.1
594,0,person,0.1276,1195.8,526.3,1214.1,566.7
594,1,car,0.1275,955.2,406.6,1025.8,452.7
595,1,car,0.7763,1161.8,485.2,1246.4,545.1
595,1,car,0.5087,566.2,482.8,650.3,532.8
595,0,person,0.4419,1151.4,687.6,1181.4,762.5
595,1,car,0.1243,955.2,406.7,1026.2,452.7
595,0,person,0.1187,1195.8,526.4,1214.1,566.6
595,0,person,0.1183,1147.8,686.8,1185.5,765.4
596,1,car,0.6729,1157.1,486.3,1244.2,547.9
596,0,person,0.5314,1150.2,687.3,1180.8,763.8
596,1,car,0.2469,564.9,482.1,650.5,532.4
596,1,car,0.2443,566.7,482.3,650.3,532.4
596,1,car,0.1846,955.1,406.8,1026.3,452.8
596,2,large_vehicle,0.1470,955.1,406.8,1026.3,452.8
596,0,person,0.1310,731.9,471.4,750.5,514.4
597,1,car,0.6621,1157.1,486.2,1244.1,547.8
597,0,person,0.5571,1149.6,687.2,1181.0,764.2
597,1,car,0.3026,567.4,482.2,650.1,532.4
597,1,car,0.1900,955.3,406.8,1026.4,452.7
597,2,large_vehicle,0.1666,955.3,406.8,1026.4,452.7
597,0,person,0.1382,731.9,471.4,750.6,514.3
597,1,car,0.1239,565.8,481.9,650.4,532.4
597,2,large_vehicle,0.1012,1157.1,486.2,1244.1,547.8
598,1,car,0.6627,1157.1,486.2,1244.1,547.8
598,0,person,0.5396,1150.0,687.2,1181.0,763.8
598,1,car,0.3345,567.3,482.2,650.1,532.4
598,1,car,0.1854,955.4,406.6,1026.4,452.7
598,2,large_vehicle,0.1692,955.4,406.6,1026.4,452.7
598,0,person,0.1339,731.9,471.4,750.5,514.3
598,2,large_vehicle,0.1020,1157.1,486.2,1244.1,547.8
599,1,car,0.7435,1151.8,487.0,1241.1,549.2
599,0,person,0.2038,1150.8,688.4,1181.6,763.5
599,1,car,0.1371,954.5,406.5,1026.2,452.7
599,1,car,0.1346,569.1,483.3,650.3,532.4
599,0,person,0.1188,1146.2,686.7,1184.5,767.0
600,1,car,0.7690,1146.8,489.4,1239.7,550.5
600,1,car,0.1899,955.4,406.6,1027.0,452.8
600,1,car,0.1287,573.0,485.1,650.0,533.3
600,2,large_vehicle,0.1264,955.4,406.6,1027.0,452.8
600,0,person,0.1134,1147.9,688.5,1175.7,765.7
601,1,car,0.7696,1146.8,489.4,1239.7,550.5
601,1,car,0.1874,955.4,406.7,1027.0,452.8
601,0,person,0.1240,1147.8,688.6,1175.7,765.8
601,2,large_vehicle,0.1234,955.4,406.7,1027.0,452.8
601,1,car,0.1156,573.0,485.1,650.0,533.3
602,1,car,0.7721,1146.8,489.4,1239.8,550.5
602,1,car,0.1830,955.3,407.1,1026.6,452.8
602,2,large_vehicle,0.1211,955.3,407.1,1026.6,452.8
602,0,person,0.1037,1148.0,688.5,1175.5,765.7
602,1,car,0.1028,572.7,485.1,650.0,533.3
603,1,car,0.5990,1141.5,490.5,1227.9,553.6
603,0,person,0.1673,1147.4,688.1,1175.1,767.0
603,0,person,0.1398,1149.5,687.4,1180.7,764.4
603,1,car,0.1036,955.6,407.2,1026.0,452.9
604,1,car,0.5899,1141.3,490.4,1228.2,553.8
604,0,person,0.1662,1147.3,688.3,1175.1,767.0
604,0,person,0.1385,1149.5,687.6,1180.7,764.3
604,1,car,0.1070,955.7,407.2,1026.0,452.9
605,1,car,0.7918,1136.9,493.2,1219.4,554.7
605,0,person,0.3063,1196.8,524.8,1216.2,566.9
605,0,person,0.2402,1148.9,687.4,1180.2,766.4
605,1,car,0.2296,954.6,408.0,1026.2,452.6
605,0,person,0.1939,1144.2,687.1,1179.1,768.4
605,2,large_vehicle,0.1697,954.6,408.0,1026.2,452.6
605,0,person,0.1588,1145.9,687.5,1175.0,770.1
605,0,person,0.1578,1146.6,716.2,1170.8,767.7
605,0,person,0.1072,1198.6,524.4,1218.4,567.0
605,0,person,0.1023,1150.9,686.5,1180.0,762.1
606,1,car,0.7934,1136.9,493.3,1219.2,554.7
606,0,person,0.3231,1197.0,524.9,1216.2,567.0
606,0,person,0.2424,1148.8,687.9,1180.2,766.2
606,1,car,0.2383,954.6,408.0,1026.1,452.7
606,2,large_vehicle,0.1848,954.6,408.0,1026.1,452.7
606,0,person,0.1765,1143.7,687.2,1179.3,768.1
606,0,person,0.1693,1145.6,687.7,1175.4,769.7
606,0,person,0.1269,1198.6,524.5,1218.4,567.1
606,0,person,0.1187,1146.8,716.0,1171.4,767.6
607,1,car,0.7937,1136.9,493.3,1219.1,554.7
607,0,person,0.3333,1196.9,524.9,1216.2,566.9
607,1,car,0.2432,954.6,408.0,1026.0,452.7
607,2,large_vehicle,0.1823,954.6,408.0,1026.0,452.7
607,0,person,0.1805,1146.7,714.9,1171.2,767.6
607,0,person,0.1652,1151.3,686.8,1179.8,761.1
607,0,person,0.1249,1144.2,686.8,1179.0,768.1
607,0,person,0.1198,1198.6,524.6,1218.3,566.9
608,1,car,0.5366,1131.5,494.4,1217.9,558.8
608,1,car,0.2043,952.9,406.8,1026.1,452.7
608,1,car,0.1965,572.9,482.2,650.5,532.7
608,2,large_vehicle,0.1423,1131.5,494.4,1217.9,558.8
608,2,large_vehicle,0.1258,952.9,406.8,1026.1,452.7
608,0,person,0.1141,1146.4,688.3,1173.4,766.3
608,0,person,0.1118,1143.8,687.5,1176.5,768.2
608,0,person,0.1047,1149.3,689.2,1179.4,763.0
609,1,car,0.5133,1131.5,494.2,1217.8,558.8
609,1,car,0.1886,953.1,406.5,1026.1,452.7
609,1,car,0.1777,573.0,482.3,650.6,532.8
609,2,large_vehicle,0.1522,1131.5,494.2,1217.8,558.8
609,2,large_vehicle,0.1236,953.1,406.5,1026.1,452.7
609,0,person,0.1143,1143.6,687.5,1176.4,768.0
609,0,person,0.1099,1146.4,688.4,1173.4,765.7
610,1,car,0.8458,1126.2,497.9,1209.1,559.2
610,1,car,0.5663,566.3,481.2,650.3,534.8
610,1,car,0.2325,954.0,406.8,1025.7,452.6
610,0,person,0.2277,1145.5,689.5,1170.4,762.9
610,2,large_vehicle,0.1491,954.0,406.8,1025.7,452.6
610,0,person,0.1220,1196.0,524.7,1214.4,566.4
610,0,person,0.1205,1146.7,688.6,1169.9,754.6
611,1,car,0.8461,1126.3,497.9,1209.1,559.2
611,1,car,0.5996,567.3,481.3,650.3,534.9
611,1,car,0.2416,954.2,407.0,1025.8,452.6
611,0,person,0.2280,1145.5,689.5,1170.3,762.4
611,2,large_vehicle,0.1566,954.2,407.0,1025.8,452.6
611,0,person,0.1415,1146.7,688.7,1169.9,754.3
611,0,person,0.1247,1196.0,524.7,1214.4,566.6
612,1,car,0.8459,1126.3,497.9,1209.0,559.2
612,1,car,0.5715,566.6,481.1,650.3,534.9
612,1,car,0.2682,954.4,407.0,1026.1,452.7
612,0,person,0.2234,1145.5,689.4,1170.4,762.7
612,2,large_vehicle,0.1552,954.4,407.0,1026.1,452.7
612,0,person,0.1221,1196.0,524.6,1214.5,566.6
612,0,person,0.1194,1146.6,688.5,1169.9,754.5
613,1,car,0.7964,1121.0,499.3,1210.6,562.4
613,1,car,0.4251,565.5,480.9,650.1,532.5
613,0,person,0.2105,1144.4,690.8,1169.3,765.0
613,1,car,0.1742,954.5,407.0,1026.3,452.7
613,2,large_vehicle,0.1735,954.5,407.0,1026.3,452.7
613,2,large_vehicle,0.1009,565.5,480.9,650.1,532.5
614,1,car,0.7986,1120.9,499.4,1210.6,562.4
614,1,car,0.4303,565.3,480.8,650.0,532.4
614,0,person,0.2097,1144.4,690.8,1169.2,765.1
614,1,car,0.1579,954.5,407.0,1025.9,452.7
614,2,large_vehicle,0.1475,954.5,407.0,1025.9,452.7
615,1,car,0.8425,1115.5,500.5,1210.6,563.6
615,1,car,0.7007,567.5,481.0,650.5,533.2
615,1,car,0.2309,954.3,407.2,1025.5,452.6
615,2,large_vehicle,0.2135,954.3,407.2,1025.5,452.6
615,0,person,0.1190,1142.8,690.9,1169.6,764.1
616,1,car,0.8425,1115.5,500.5,1210.6,563.6
616,1,car,0.6996,567.5,481.0,650.5,533.2
616,1,car,0.2255,954.3,407.2,1025.5,452.6
616,2,large_vehicle,0.2115,954.3,407.2,1025.5,452.6
616,0,person,0.1181,1142.8,690.9,1169.6,763.8
617,1,car,0.8404,1115.5,500.4,1210.6,563.6
617,1,car,0.6781,567.6,481.1,650.4,533.1
617,1,car,0.2363,954.3,407.1,1025.5,452.6
617,2,large_vehicle,0.2302,954.3,407.1,1025.5,452.6
617,1,car,0.1267,567.7,481.3,650.3,532.7
617,0,person,0.1185,1142.9,691.0,1169.6,763.7
618,1,car,0.8222,1110.2,502.3,1199.7,566.1
618,1,car,0.4791,569.8,480.8,650.7,533.7
618,1,car,0.2722,953.2,406.5,1024.8,452.3
618,2,large_vehicle,0.2011,953.2,406.5,1024.8,452.3
618,2,large_vehicle,0.1760,569.8,480.8,650.7,533.7
619,1,car,0.8137,1110.3,502.2,1200.5,566.2
619,1,car,0.5054,569.4,480.8,650.3,533.9
619,1,car,0.2717,953.6,406.2,1025.1,452.3
619,2,large_vehicle,0.2128,953.6,406.2,1025.1,452.3
619,2,large_vehicle,0.1610,569.4,480.8,650.3,533.9
620,1,car,0.8181,1105.0,503.9,1191.2,567.2
620,1,car,0.3755,570.2,480.7,650.6,532.0
620,2,large_vehicle,0.2229,954.7,406.9,1024.3,452.5
620,1,car,0.1966,954.7,406.9,1024.3,452.5
620,2,large_vehicle,0.1410,570.2,480.7,650.6,532.0
620,1,car,0.1087,581.9,480.8,652.9,529.5
621,1,car,0.8094,1105.0,503.8,1191.5,567.3
621,1,car,0.3923,570.6,480.4,650.8,532.0
621,2,large_vehicle,0.2326,954.9,407.0,1024.1,452.5
621,1,car,0.1984,954.9,407.0,1024.1,452.5
621,2,large_vehicle,0.1238,570.6,480.4,650.8,532.0
621,1,car,0.1099,582.2,480.5,652.8,529.6
622,1,car,0.8116,1105.0,503.9,1191.5,567.2
622,1,car,0.3812,570.1,480.5,650.8,532.0
622,2,large_vehicle,0.2362,954.9,407.0,1024.1,452.5
622,1,car,0.1973,954.9,407.0,1024.1,452.5
622,2,large_vehicle,0.1370,570.1,480.5,650.8,532.0
622,1,car,0.1001,581.7,480.6,652.9,529.5
623,1,car,0.8078,1099.3,504.9,1185.7,569.6
623,1,car,0.4553,564.0,480.0,650.3,531.6
623,2,large_vehicle,0.2036,954.8,406.6,1024.2,452.4
623,1,car,0.1706,954.8,406.6,1024.2,452.4
623,0,person,0.1501,1140.3,694.4,1170.0,759.0
623,2,large_vehicle,0.1429,564.0,480.0,650.3,531.6
623,3,motorcycle,0.1152,1135.6,717.1,1176.6,778.4
624,1,car,0.8329,1093.8,506.6,1182.1,571.6
624,1,car,0.6508,565.6,480.5,650.8,533.1
624,2,large_vehicle,0.1837,954.6,407.0,1024.3,452.7
624,1,car,0.1830,954.6,407.0,1024.3,452.7
624,0,person,0.1455,1136.1,695.3,1166.3,762.8
624,0,person,0.1214,1135.6,725.3,1162.1,779.6
625,1,car,0.8338,1093.8,506.6,1182.2,571.6
625,1,car,0.6539,565.6,480.5,650.8,533.1
625,2,large_vehicle,0.1901,954.5,407.0,1024.4,452.7
625,1,car,0.1885,954.5,407.0,1024.4,452.7
625,0,person,0.1470,1136.1,695.3,1166.2,762.6
625,0,person,0.1185,1135.7,725.4,1162.0,779.6
625,0,person,0.1059,1196.8,523.0,1215.7,566.2
626,1,car,0.8313,1093.8,506.6,1182.2,571.6
626,1,car,0.6482,564.6,480.4,650.8,533.4
626,1,car,0.1887,954.0,406.8,1024.4,452.6
626,2,large_vehicle,0.1783,954.0,406.8,1024.4,452.6
626,0,person,0.1561,1136.1,695.3,1166.2,762.8
626,0,person,0.1330,1135.7,725.5,1161.9,779.6
627,1,car,0.7879,1088.5,508.3,1177.1,574.8
627,1,car,0.4111,574.4,479.9,650.5,535.0
627,2,large_vehicle,0.3155,574.4,479.9,650.5,535.0
627,0,person,0.1902,1135.7,724.6,1160.8,780.4
627,1,car,0.1839,953.1,406.0,1025.1,452.4
627,2,large_vehicle,0.1696,953.1,406.0,1025.1,452.4
627,0,person,0.1248,1196.5,519.3,1216.2,565.8
627,0,person,0.1047,1135.0,696.0,1164.7,764.7
628,1,car,0.7870,1088.5,508.1,1177.1,574.8
628,1,car,0.3910,574.4,479.9,650.5,534.9
628,2,large_vehicle,0.3347,574.4,479.9,650.5,534.9
628,2,large_vehicle,0.2003,953.4,406.0,1024.8,452.4
628,0,person,0.1772,1135.6,724.8,1161.0,780.4
628,1,car,0.1576,953.4,406.0,1024.8,452.4
628,0,person,0.1257,1134.8,696.0,1165.2,766.1
628,0,person,0.1206,1196.4,519.4,1216.2,565.8
629,1,car,0.8473,1081.4,509.9,1173.5,575.7
629,1,car,0.5444,576.1,480.0,650.4,533.3
629,0,person,0.4597,723.5,472.1,741.2,516.4
629,1,car,0.2280,954.1,406.5,1025.3,452.5
629,2,large_vehicle,0.1787,954.1,406.5,1025.3,452.5
630,1,car,0.8477,1081.4,510.0,1173.4,575.7
630,1,car,0.5361,576.0,480.1,650.2,533.1
630,0,person,0.5041,723.4,472.5,740.9,516.4
630,1,car,0.2243,954.2,406.5,1025.3,452.6
630,2,large_vehicle,0.1987,954.2,406.5,1025.3,452.6
630,0,person,0.1659,1196.8,520.5,1215.9,565.2
631,1,car,0.8475,1081.4,510.0,1173.4,575.7
631,1,car,0.5358,576.0,480.0,650.3,533.1
631,0,person,0.4863,723.4,472.2,741.0,516.4
631,1,car,0.2218,954.2,406.4,1025.2,452.5
631,2,large_vehicle,0.1957,954.2,406.4,1025.2,452.5
631,0,person,0.1828,1196.8,520.7,1216.0,565.2
631,2,large_vehicle,0.1056,576.0,480.0,650.3,533.1
632,1,car,0.7782,1075.2,510.4,1168.2,578.6
632,0,person,0.4418,723.5,473.1,742.2,516.3
632,1,car,0.2700,561.9,479.1,649.9,545.5
632,0,person,0.2469,1196.9,521.1,1216.1,565.0
632,2,large_vehicle,0.2253,954.6,406.4,1024.2,452.4
632,1,car,0.1907,954.6,406.4,1024.2,452.4
632,1,car,0.1056,574.1,478.8,649.2,527.8
633,1,car,0.7694,1075.2,510.3,1168.2,578.7
633,0,person,0.4567,723.5,473.1,742.6,516.2
633,1,car,0.3478,561.9,479.1,650.3,545.2
633,0,person,0.2730,1196.9,521.3,1216.1,564.9
633,2,large_vehicle,0.2013,954.2,406.4,1024.2,452.4
633,1,car,0.1813,954.2,406.4,1024.2,452.4
634,1,car,0.8318,1069.2,514.0,1163.3,579.9
634,0,person,0.5427,722.0,474.2,740.3,516.2
634,0,person,0.2817,1196.8,520.1,1216.2,564.7
634,1,car,0.2546,953.3,406.0,1024.3,452.2
634,2,large_vehicle,0.2263,953.3,406.0,1024.3,452.2
634,3,motorcycle,0.1313,561.3,512.1,599.2,545.3
634,0,person,0.1084,573.4,504.3,592.8,539.7
634,4,other_vehicle,0.1036,561.3,512.1,599.2,545.3
635,1,car,0.8324,1069.2,514.0,1163.3,579.9
635,0,person,0.5432,722.0,474.2,740.2,516.2
635,1,car,0.2770,953.3,406.4,1024.1,452.1
635,0,person,0.2767,1196.9,520.6,1216.1,564.9
635,2,large_vehicle,0.2212,953.3,406.4,1024.1,452.1
635,1,car,0.1164,574.1,480.2,650.9,527.5
635,0,person,0.1158,573.6,504.2,592.8,539.7
635,3,motorcycle,0.1150,561.4,511.8,598.8,545.3
635,4,other_vehicle,0.1116,561.4,511.8,598.8,545.3
636,1,car,0.8308,1069.2,514.0,1163.3,579.9
636,0,person,0.5353,722.1,474.3,740.3,515.9
636,0,person,0.2594,1196.9,520.5,1216.2,564.8
636,1,car,0.2249,952.9,406.3,1023.8,452.2
636,2,large_vehicle,0.2226,952.9,406.3,1023.8,452.2
636,3,motorcycle,0.1278,561.4,512.0,599.0,545.3
636,0,person,0.1089,573.4,504.4,593.0,539.7
636,4,other_vehicle,0.1036,561.4,512.0,599.0,545.3
637,1,car,0.8481,1062.5,514.2,1158.9,583.4
637,1,car,0.4734,575.1,479.9,650.7,530.6
637,0,person,0.2653,721.5,474.3,739.3,516.3
637,0,person,0.2287,1196.9,521.2,1216.0,565.0
637,1,car,0.2012,951.9,406.4,1024.6,452.3
637,2,large_vehicle,0.1839,951.9,406.4,1024.6,452.3
638,1,car,0.8485,1062.5,514.2,1158.8,583.4
638,1,car,0.4593,575.2,479.8,651.0,530.6
638,0,person,0.2571,721.5,474.2,739.3,516.3
638,2,large_vehicle,0.2071,952.1,406.6,1024.7,452.3
638,1,car,0.1934,952.1,406.6,1024.7,452.3
638,0,person,0.1698,1196.9,520.7,1216.0,564.9
639,1,car,0.8684,1056.1,517.4,1154.3,584.0
639,1,car,0.4796,571.4,480.2,652.1,530.4
639,0,person,0.2893,721.7,473.6,742.2,517.4
639,2,large_vehicle,0.2360,954.0,406.5,1024.7,452.3
639,1,car,0.1677,954.0,406.5,1024.7,452.3
639,0,person,0.1642,1196.8,519.0,1216.5,564.9
639,0,person,0.1344,1158.4,382.5,1170.4,413.3
640,1,car,0.8687,1056.1,517.4,1154.3,584.0
640,1,car,0.4770,571.4,480.2,652.1,530.4
640,0,person,0.3089,721.6,473.6,742.0,517.4
640,2,large_vehicle,0.2287,953.8,406.4,1024.7,452.3
640,1,car,0.1646,953.8,406.4,1024.7,452.3
640,0,person,0.1569,1196.9,518.8,1216.5,564.9
640,0,person,0.1336,1158.4,382.5,1170.4,413.3
640,0,person,0.1002,1131.8,700.1,1161.3,774.1
641,1,car,0.8684,1056.0,517.4,1154.3,584.0
641,1,car,0.5368,571.8,480.3,651.6,530.4
641,0,person,0.2643,721.7,473.7,742.0,517.6
641,2,large_vehicle,0.1718,954.1,406.8,1024.8,452.3
641,1,car,0.1710,954.1,406.8,1024.8,452.3
641,0,person,0.1245,1196.9,518.2,1216.6,565.0
642,1,car,0.8898,1049.9,517.7,1149.9,587.4
642,1,car,0.6586,568.5,480.0,651.3,528.8
642,0,person,0.4142,721.2,473.9,741.8,516.8
642,4,other_vehicle,0.3192,555.2,516.1,603.8,547.4
642,3,motorcycle,0.2970,555.2,516.1,603.8,547.4
642,0,person,0.2883,1197.2,520.5,1216.1,564.7
642,2,large_vehicle,0.1787,954.2,405.4,1024.9,452.5
642,0,person,0.1601,1123.6,698.5,1156.2,765.5
642,0,person,0.1493,1131.7,698.6,1156.8,765.5
642,1,car,0.1015,954.2,405.4,1024.9,452.5
643,1,car,0.8876,1049.9,517.5,1150.3,587.4
643,1,car,0.6520,568.4,479.9,651.3,528.8
643,0,person,0.4259,721.2,473.9,741.8,516.7
643,4,other_vehicle,0.3148,555.2,516.0,603.8,547.4
643,3,motorcycle,0.2975,555.2,516.0,603.8,547.4
643,0,person,0.2664,1197.2,520.1,1216.1,564.6
643,0,person,0.1711,1123.5,698.5,1156.7,765.6
643,2,large_vehicle,0.1599,954.2,405.4,1025.2,452.5
643,0,person,0.1597,1131.5,698.6,1157.1,765.6
644,1,car,0.9009,1042.5,520.4,1142.8,590.3
644,1,car,0.6755,569.0,480.2,651.4,530.2
644,0,person,0.3292,1197.3,520.8,1216.1,564.6
644,0,person,0.2884,720.5,473.8,738.0,515.1
644,2,large_vehicle,0.2078,953.3,405.8,1025.7,452.4
644,0,person,0.1641,1123.6,698.7,1156.1,760.7
644,1,car,0.1638,953.3,405.8,1025.7,452.4
644,0,person,0.1553,1130.5,698.9,1156.8,762.1
644,0,person,0.1283,1127.1,728.5,1151.9,780.6
645,1,car,0.9005,1042.7,520.5,1143.0,590.3
645,1,car,0.6537,568.9,480.1,651.6,530.1
645,0,person,0.2700,720.4,474.3,738.0,515.2
645,0,person,0.2530,1197.2,520.1,1216.2,564.6
645,2,large_vehicle,0.2434,953.4,405.9,1025.9,452.4
645,1,car,0.1755,953.4,405.9,1025.9,452.4
645,0,person,0.1545,1123.3,698.7,1155.8,760.2
645,0,person,0.1427,1127.2,728.3,1152.1,780.8
645,0,person,0.1341,1130.7,699.0,1156.3,761.4
645,2,large_vehicle,0.1029,568.9,480.1,651.6,530.1
646,1,car,0.9006,1042.7,520.5,1143.0,590.3
646,1,car,0.6523,568.9,480.1,651.6,530.1
646,0,person,0.2762,720.5,474.0,738.1,515.1
646,0,person,0.2527,1197.2,519.9,1216.2,564.6
646,2,large_vehicle,0.2373,953.4,405.9,1026.0,452.4
646,1,car,0.1733,953.4,405.9,1026.0,452.4
646,0,person,0.1663,1127.2,728.5,1152.0,780.9
646,0,person,0.1503,1123.5,698.8,1155.7,760.9
646,0,person,0.1412,1130.9,699.0,1156.2,762.0
646,2,large_vehicle,0.1008,568.9,480.1,651.6,530.1
647,1,car,0.9006,1036.3,522.1,1136.3,592.1
647,1,car,0.4156,567.3,479.7,651.0,529.9
647,0,person,0.3900,1124.3,699.8,1154.0,758.5
647,0,person,0.3485,1123.6,725.1,1150.6,782.1
647,0,person,0.3247,720.7,475.4,740.4,516.0
647,1,car,0.2789,566.5,479.9,651.2,530.2
647,0,person,0.2116,1197.1,518.5,1216.1,564.7
647,0,person,0.1906,1130.3,700.0,1154.9,759.9
647,2,large_vehicle,0.1792,952.2,405.7,1025.5,452.4
647,1,car,0.1236,952.2,405.7,1025.5,452.4
648,1,car,0.9008,1028.7,523.2,1134.7,595.2
648,1,car,0.7761,559.9,480.1,651.1,531.4
648,0,person,0.2695,1197.2,515.9,1216.4,564.5
648,0,person,0.2579,1124.5,700.8,1152.4,758.0
648,4,other_vehicle,0.1482,545.6,517.9,586.5,549.8
648,1,car,0.1334,953.6,406.3,1025.6,452.4
648,0,person,0.1183,1121.5,724.1,1150.7,783.0
648,2,large_vehicle,0.1103,953.6,406.3,1025.6,452.4
648,0,person,0.1016,719.7,474.3,737.7,515.4
649,1,car,0.9009,1028.7,523.2,1134.7,595.2
649,1,car,0.7753,559.9,480.1,651.1,531.4
649,0,person,0.2716,1197.2,516.0,1216.3,564.5
649,0,person,0.2588,1124.6,700.8,1152.3,758.0
649,4,other_vehicle,0.1474,545.7,517.8,586.6,549.8
649,1,car,0.1218,953.7,406.1,1026.1,452.4
649,0,person,0.1187,1121.5,724.2,1150.7,783.0
650,1,car,0.9006,1028.8,523.2,1134.7,595.1
650,1,car,0.7721,559.6,480.0,651.1,531.4
650,0,person,0.2451,1197.1,514.9,1216.3,564.6
650,0,person,0.2423,1124.6,700.8,1152.5,758.1
650,4,other_vehicle,0.1565,545.7,517.8,586.7,549.8
650,1,car,0.1467,953.8,406.2,1026.2,452.4
650,0,person,0.1184,1121.7,724.1,1150.6,782.9
650,2,large_vehicle,0.1169,953.8,406.2,1026.2,452.4
651,1,car,0.8987,1022.1,525.4,1124.6,597.1
651,1,car,0.7682,562.6,480.1,651.2,533.1
651,0,person,0.3824,556.3,502.4,572.3,536.5
651,0,person,0.3203,1197.4,521.2,1216.2,564.6
651,0,person,0.2163,1126.6,703.0,1151.6,766.3
651,2,large_vehicle,0.1852,953.4,405.7,1025.2,452.4
651,1,car,0.1536,953.4,405.7,1025.2,452.4
651,0,person,0.1282,1126.5,702.3,1150.7,760.4
651,0,person,0.1088,1131.5,702.5,1152.6,760.8
652,1,car,0.8986,1022.1,525.4,1124.7,597.2
652,1,car,0.7680,562.6,480.1,651.2,533.1
652,0,person,0.3800,556.3,502.5,572.3,536.5
652,0,person,0.3273,1197.4,521.3,1216.2,564.6
652,2,large_vehicle,0.1847,953.4,405.7,1025.3,452.4
652,0,person,0.1722,1126.3,703.2,1151.7,766.3
652,1,car,0.1509,953.4,405.7,1025.3,452.4
652,0,person,0.1500,1126.1,702.4,1150.7,760.2
652,0,person,0.1046,1131.5,702.6,1152.7,760.7
653,1,car,0.9036,1015.5,526.5,1120.1,600.6
653,1,car,0.7308,554.7,479.3,651.0,533.1
653,0,person,0.4401,1125.1,703.4,1150.0,766.6
653,0,person,0.3386,1197.3,520.8,1216.5,564.7
653,2,large_vehicle,0.2592,952.7,405.8,1025.3,452.4
653,1,car,0.2544,952.7,405.8,1025.3,452.4
653,0,person,0.1732,553.8,502.7,568.3,537.1
653,0,person,0.1573,547.9,503.9,565.8,539.6
653,4,other_vehicle,0.1440,540.3,520.5,575.0,551.6
654,1,car,0.9040,1015.5,526.6,1120.1,600.7
654,1,car,0.7396,554.0,479.5,651.0,533.1
654,0,person,0.4321,1125.2,703.5,1150.0,766.4
654,0,person,0.3122,1197.3,520.2,1216.4,564.5
654,2,large_vehicle,0.3061,952.6,405.7,1024.8,452.3
654,1,car,0.2551,952.6,405.7,1024.8,452.3
654,0,person,0.1752,553.8,502.7,568.3,537.1
654,0,person,0.1601,547.9,503.8,565.9,539.5
654,4,other_vehicle,0.1456,540.1,520.4,575.2,551.6
655,1,car,0.9041,1015.5,526.6,1120.1,600.7
655,1,car,0.7404,554.0,479.4,651.0,533.1
655,0,person,0.4336,1125.1,703.5,1150.0,766.4
655,0,person,0.3158,1197.3,520.3,1216.4,564.6
655,2,large_vehicle,0.3084,952.7,405.6,1024.8,452.3
655,1,car,0.2527,952.7,405.6,1024.8,452.3
655,0,person,0.1757,553.7,502.6,568.4,537.2
655,0,person,0.1633,547.8,503.8,565.9,539.6
655,4,other_vehicle,0.1478,540.1,520.4,575.2,551.7
656,1,car,0.9085,1007.9,529.0,1115.2,603.4
656,1,car,0.6586,551.8,479.1,651.0,533.7
656,0,person,0.3139,1197.2,518.4,1216.6,564.9
656,2,large_vehicle,0.2959,950.8,405.2,1025.2,452.3
656,0,person,0.2933,547.9,503.9,566.4,535.9
656,0,person,0.2517,1123.3,704.8,1149.3,775.2
656,4,other_vehicle,0.2388,538.5,520.9,578.6,551.2
656,1,car,0.2355,950.8,405.2,1025.2,452.3
656,0,person,0.1474,1122.6,703.6,1147.5,762.5
656,0,person,0.1469,552.2,503.5,567.6,535.3
656,0,person,0.1233,1124.3,707.0,1148.9,779.8
657,1,car,0.9089,1007.9,529.0,1115.6,603.4
657,1,car,0.6781,551.6,479.0,651.0,533.7
657,0,person,0.3540,1197.3,519.7,1216.7,564.9
657,0,person,0.2962,1123.6,704.7,1149.3,774.1
657,2,large_vehicle,0.2831,951.0,405.2,1025.1,452.3
657,0,person,0.2785,547.6,503.9,566.4,535.9
657,4,other_vehicle,0.2485,538.5,520.8,578.8,551.2
657,1,car,0.2111,951.0,405.2,1025.1,452.3
657,0,person,0.1422,552.1,503.4,567.6,535.3
657,0,person,0.1335,1122.9,703.5,1147.5,762.1
657,0,person,0.1152,1133.5,727.2,1160.4,782.5
658,1,car,0.9053,1000.1,529.6,1108.5,606.1
658,1,car,0.5905,551.7,479.3,650.9,533.1
658,0,person,0.3222,1123.5,705.6,1147.6,773.6
658,0,person,0.3203,1197.2,517.9,1216.7,564.8
658,2,large_vehicle,0.2715,952.9,405.3,1025.3,452.4
658,0,person,0.2500,1156.4,383.3,1167.8,416.1
658,4,other_vehicle,0.2265,535.2,520.1,579.0,552.1
658,1,car,0.2092,952.9,405.3,1025.3,452.4
659,1,car,0.9048,1000.1,529.6,1108.5,606.1
659,1,car,0.5992,551.4,479.3,650.9,533.1
659,0,person,0.3402,1123.4,705.4,1147.7,773.8
659,0,person,0.3170,1197.3,518.2,1216.7,564.7
659,0,person,0.2433,1156.4,382.9,1167.8,416.1
659,2,large_vehicle,0.2429,953.6,405.4,1025.3,452.4
659,4,other_vehicle,0.2345,535.2,520.0,579.2,552.1
659,1,car,0.1903,953.6,405.4,1025.3,452.4
660,1,car,0.9058,1000.2,529.7,1108.6,606.1
660,1,car,0.6356,551.4,479.3,650.9,533.1
660,0,person,0.3547,1123.7,705.5,1147.7,772.8
660,0,person,0.3341,1197.2,519.6,1216.8,564.6
660,2,large_vehicle,0.2462,953.8,405.6,1024.9,452.4
660,4,other_vehicle,0.2424,535.2,520.2,579.2,552.1
660,0,person,0.2027,1156.4,383.2,1167.9,416.0
660,1,car,0.1900,953.8,405.6,1024.9,452.4
660,0,person,0.1005,548.4,504.3,565.4,538.8
661,1,car,0.9081,992.6,532.8,1107.4,608.9
661,1,car,0.6514,549.0,478.8,650.8,532.8
661,0,person,0.4253,1122.1,705.8,1146.8,776.1
661,4,other_vehicle,0.4044,532.2,519.3,577.0,552.8
661,0,person,0.3630,1197.2,519.1,1216.9,564.7
661,0,person,0.3089,1156.1,383.6,1167.8,416.0
661,2,large_vehicle,0.2714,953.2,405.8,1025.3,452.5
661,1,car,0.1812,953.2,405.8,1025.3,452.5
661,0,person,0.1035,1122.7,704.4,1144.9,764.3
662,1,car,0.9082,992.7,532.8,1107.4,609.0
662,1,car,0.6488,547.6,478.5,650.7,532.9
662,0,person,0.4210,1122.3,705.8,1146.9,775.7
662,4,other_vehicle,0.4117,532.6,519.1,577.1,552.7
662,0,person,0.3751,1197.1,519.0,1216.9,564.7
662,0,person,0.3210,1156.0,383.8,1167.6,415.8
662,2,large_vehicle,0.2545,953.3,405.8,1025.4,452.5
662,1,car,0.1776,953.3,405.8,1025.4,452.5
662,0,person,0.1003,1122.7,704.4,1144.9,764.2
663,1,car,0.9030,984.7,534.2,1098.0,610.9
663,1,car,0.7641,558.4,479.6,650.9,532.0
663,4,other_vehicle,0.4059,529.4,519.8,574.1,553.0
663,0,person,0.3206,1197.2,518.9,1216.9,564.8
663,2,large_vehicle,0.3059,953.4,405.8,1025.0,452.4
663,0,person,0.2977,1120.3,706.1,1145.1,775.4
663,1,car,0.1966,953.4,405.8,1025.0,452.4
663,0,person,0.1417,543.2,504.8,562.3,537.3
663,0,person,0.1185,1156.1,383.6,1167.1,415.7
664,1,car,0.9028,984.7,534.2,1098.1,610.9
664,1,car,0.7607,558.8,479.6,650.9,532.0
664,4,other_vehicle,0.4049,529.4,519.7,574.1,553.0
664,0,person,0.3187,1197.2,518.9,1216.9,564.8
664,2,large_vehicle,0.3127,953.4,405.8,1025.0,452.5
664,0,person,0.2886,1120.3,706.1,1145.1,775.4
664,1,car,0.1993,953.4,405.8,1025.0,452.5
664,0,person,0.1400,543.2,504.8,562.3,537.4
664,0,person,0.1092,1156.1,383.6,1167.1,415.7
665,1,car,0.9019,984.7,534.2,1098.1,610.9
665,1,car,0.7679,559.1,479.6,651.0,531.9
665,4,other_vehicle,0.3804,529.7,519.9,574.1,552.9
665,0,person,0.3266,1197.3,519.5,1216.7,564.8
665,2,large_vehicle,0.3008,953.3,405.8,1025.1,452.5
665,0,person,0.2861,1120.2,706.1,1145.0,775.6
665,1,car,0.2040,953.3,405.8,1025.1,452.5
665,0,person,0.1410,543.3,504.9,562.2,537.0
665,0,person,0.1080,1156.0,383.4,1167.0,415.5
666,1,car,0.9085,977.6,537.0,1088.7,614.4
666,1,car,0.7575,556.7,479.9,651.0,531.7
666,0,person,0.3717,1155.5,384.0,1167.0,416.0
666,0,person,0.2835,1197.4,520.4,1216.4,564.9
666,2,large_vehicle,0.2532,952.5,406.1,1025.1,452.3
666,1,car,0.2075,952.5,406.1,1025.1,452.3
667,1,car,0.9085,977.5,537.0,1088.6,614.4
667,1,car,0.7640,556.1,479.8,650.9,531.7
667,0,person,0.3671,1155.5,384.0,1167.0,416.0
667,0,person,0.2849,1197.4,520.3,1216.4,564.9
667,2,large_vehicle,0.2543,952.5,406.0,1025.1,452.3
667,1,car,0.2059,952.5,406.0,1025.1,452.3
668,1,car,0.9003,969.4,538.0,1084.9,617.3
668,1,car,0.7443,548.4,480.0,650.8,532.2
668,0,person,0.2628,1197.2,518.5,1216.6,564.5
668,2,large_vehicle,0.2011,953.6,406.2,1024.8,452.3
668,1,car,0.1894,953.6,406.2,1024.8,452.3
668,0,person,0.1540,1155.3,384.0,1166.7,415.6
668,0,person,0.1049,1118.5,707.4,1144.7,780.3
669,1,car,0.9010,969.5,538.0,1084.9,617.3
669,1,car,0.7311,549.8,479.9,650.7,532.2
669,0,person,0.2578,1197.1,518.8,1216.5,564.6
669,2,large_vehicle,0.2144,953.6,406.2,1025.1,452.3
669,1,car,0.2014,953.6,406.2,1025.1,452.3
669,0,person,0.1871,1117.9,707.2,1144.3,782.2
669,0,person,0.1071,1155.2,383.7,1166.4,415.3
670,1,car,0.9008,969.5,538.0,1084.8,617.3
670,1,car,0.7341,549.9,480.0,650.7,532.2
670,0,person,0.2573,1197.0,518.3,1216.5,564.6
670,2,large_vehicle,0.2162,953.6,406.2,1025.1,452.3
670,0,person,0.2076,1118.0,707.0,1144.4,782.2
670,1,car,0.2010,953.6,406.2,1025.1,452.3
670,0,person,0.1281,1155.2,383.5,1166.5,415.3
671,1,car,0.9104,961.0,541.2,1078.6,618.9
671,1,car,0.7587,556.0,479.6,650.8,531.7
671,0,person,0.3090,1197.0,517.3,1216.8,564.0
671,0,person,0.3070,1116.1,707.7,1141.8,786.0
671,0,person,0.2807,1116.8,706.8,1144.9,783.5
671,2,large_vehicle,0.2536,953.2,406.0,1025.3,452.4
671,0,person,0.2182,1154.7,383.8,1166.4,415.5
671,1,car,0.1984,953.2,406.0,1025.3,452.4
671,4,other_vehicle,0.1976,521.5,521.6,562.3,556.2
671,0,person,0.1851,536.0,502.8,553.6,545.9
671,0,person,0.1346,1120.6,705.0,1145.1,762.5
671,0,person,0.1226,717.3,474.1,733.8,516.3
672,1,car,0.9172,952.5,542.8,1068.7,622.1
672,1,car,0.8064,561.8,480.3,651.5,531.7
672,0,person,0.3958,1197.0,515.5,1216.9,564.7
672,0,person,0.3860,1120.3,705.7,1145.0,758.4
672,2,large_vehicle,0.3132,953.2,405.6,1024.9,452.3
672,0,person,0.2184,717.1,472.8,733.9,516.1
672,0,person,0.2167,532.4,503.4,550.3,545.6
672,0,person,0.2150,1154.4,383.5,1166.4,415.5
672,1,car,0.1863,953.2,405.6,1024.9,452.3
672,4,other_vehicle,0.1431,519.2,524.6,560.5,556.1
673,1,car,0.9173,952.5,542.8,1068.7,622.1
673,1,car,0.8117,561.6,480.2,651.6,531.7
673,0,person,0.4008,1197.0,515.1,1216.9,564.7
673,0,person,0.3806,1120.3,705.7,1145.0,758.4
673,2,large_vehicle,0.3114,953.2,405.6,1024.9,452.3
673,0,person,0.2162,717.0,472.8,733.9,516.1
673,0,person,0.2109,532.3,503.4,550.3,545.8
673,0,person,0.2068,1154.4,383.5,1166.4,415.5
673,1,car,0.1857,953.2,405.6,1024.9,452.3
673,4,other_vehicle,0.1371,519.2,524.4,560.6,556.1
673,0,person,0.1012,1116.2,710.9,1140.8,777.0
674,1,car,0.9169,952.5,542.8,1068.8,622.2
674,1,car,0.8112,561.7,480.3,651.6,531.7
674,0,person,0.3709,1120.2,705.7,1145.0,758.6
674,0,person,0.3697,1197.0,515.3,1216.8,564.7
674,2,large_vehicle,0.3078,952.9,406.0,1025.0,452.3
674,0,person,0.2295,717.1,472.8,733.9,516.0
674,0,person,0.2175,532.5,503.5,550.3,545.4
674,1,car,0.2108,952.9,406.0,1025.0,452.3
674,0,person,0.1803,1154.4,383.4,1166.3,415.3
674,4,other_vehicle,0.1460,519.3,524.7,560.6,556.1
674,0,person,0.1021,1116.2,710.8,1140.8,776.8
675,1,car,0.9070,944.9,545.6,1062.5,625.8
675,1,car,0.7276,562.1,480.5,651.3,531.7
675,0,person,0.2789,1196.7,511.0,1217.1,565.1
675,2,large_vehicle,0.2639,952.6,405.9,1024.6,452.3
675,0,person,0.2163,1115.4,708.6,1140.8,780.5
675,1,car,0.1883,952.6,405.9,1024.6,452.3
675,0,person,0.1650,529.7,506.3,548.2,545.3
675,0,person,0.1541,525.7,505.8,545.7,543.6
675,0,person,0.1426,1154.2,384.2,1166.0,415.5
675,4,other_vehicle,0.1324,515.8,516.3,580.1,555.9
675,2,large_vehicle,0.1199,562.1,480.5,651.3,531.7
675,4,other_vehicle,0.1113,515.9,515.2,580.3,556.9
675,0,person,0.1108,717.2,473.9,733.9,515.7
676,1,car,0.9080,944.9,545.6,1061.7,625.8
676,1,car,0.7201,562.0,480.5,651.2,531.8
676,0,person,0.3201,1196.8,512.5,1217.1,564.8
676,2,large_vehicle,0.2625,952.6,405.9,1024.6,452.3
676,0,person,0.2203,1115.7,708.7,1140.6,778.0
676,1,car,0.1880,952.6,405.9,1024.6,452.3
676,0,person,0.1637,529.7,506.3,548.2,545.1
676,0,person,0.1540,1154.2,384.2,1166.1,415.6
676,0,person,0.1526,525.7,505.8,545.7,543.5
676,4,other_vehicle,0.1437,515.8,516.2,580.0,555.9
676,2,large_vehicle,0.1266,562.0,480.5,651.2,531.8
676,4,other_vehicle,0.1132,515.9,515.3,580.3,556.9
677,1,car,0.9046,936.7,547.3,1055.4,628.1
677,1,car,0.7372,562.6,480.2,651.1,531.9
677,0,person,0.3549,1196.5,512.4,1217.4,565.1
677,0,person,0.3529,1114.0,709.4,1139.4,784.1
677,4,other_vehicle,0.3404,512.9,524.2,555.0,557.8
677,0,person,0.2687,524.5,505.0,545.6,546.8
677,0,person,0.2429,1153.7,384.2,1165.8,415.9
677,2,large_vehicle,0.2133,953.5,406.0,1025.4,452.4
677,1,car,0.2054,953.5,406.0,1025.4,452.4
677,0,person,0.1537,717.1,473.7,733.7,516.0
677,3,motorcycle,0.1107,512.9,524.2,555.0,557.8
678,1,car,0.9044,936.7,547.3,1056.3,628.1
678,1,car,0.7590,561.7,480.1,651.2,532.0
678,0,person,0.4072,1113.9,709.0,1139.6,784.4
678,0,person,0.3770,1196.5,511.9,1217.4,565.1
678,4,other_vehicle,0.3168,512.9,524.3,554.7,557.7
678,0,person,0.2598,524.4,504.9,545.4,546.8
678,2,large_vehicle,0.2296,953.5,405.8,1025.5,452.5
678,1,car,0.1968,953.5,405.8,1025.5,452.5
678,0,person,0.1778,717.2,473.8,733.7,516.0
678,0,person,0.1086,1153.7,384.4,1165.8,415.8
679,1,car,0.9048,936.7,547.3,1056.1,628.1
679,1,car,0.7590,562.0,480.2,651.2,532.0
679,0,person,0.3922,1114.0,709.1,1139.7,784.5
679,0,person,0.3791,1196.6,512.0,1217.3,565.0
679,4,other_vehicle,0.3346,512.8,524.3,554.8,557.8
679,0,person,0.2712,1153.6,384.3,1166.0,416.1
679,0,person,0.2645,524.4,504.9,545.5,546.9
679,2,large_vehicle,0.2326,953.4,405.8,1025.5,452.5
679,0,person,0.2082,717.1,473.8,733.8,516.1
679,1,car,0.1983,953.4,405.8,1025.5,452.5
680,1,car,0.9007,928.2,549.7,1052.4,630.3
680,1,car,0.7748,561.4,479.7,650.9,532.1
680,4,other_vehicle,0.5693,512.2,523.8,550.6,557.1
680,0,person,0.4385,522.2,505.3,543.1,545.7
680,0,person,0.4106,1196.9,511.5,1217.1,564.0
680,2,large_vehicle,0.3084,953.4,405.7,1025.0,452.4
680,0,person,0.2095,1152.9,384.6,1165.5,415.6
680,0,person,0.1838,717.0,473.4,733.3,516.1
680,1,car,0.1784,953.4,405.7,1025.0,452.4
680,0,person,0.1620,1112.4,711.7,1137.3,784.0
681,1,car,0.9010,928.2,549.7,1052.5,630.3
681,1,car,0.7870,561.9,479.9,651.0,532.2
681,4,other_vehicle,0.5738,512.2,523.7,550.5,557.1
681,0,person,0.4538,522.1,505.2,543.1,545.3
681,0,person,0.3676,1196.9,513.8,1217.1,564.3
681,2,large_vehicle,0.3010,953.1,405.8,1025.1,452.4
681,0,person,0.1967,1153.0,384.5,1165.6,415.6
681,1,car,0.1856,953.1,405.8,1025.1,452.4
681,0,person,0.1348,717.0,473.1,733.4,516.0
681,0,person,0.1342,1112.1,711.9,1137.1,784.0
682,1,car,0.9091,919.0,552.0,1040.9,633.8
682,1,car,0.8039,562.6,480.1,651.6,532.2
682,0,person,0.5229,519.9,505.3,539.7,547.7
682,0,person,0.4120,1152.4,384.1,1165.1,415.8
682,0,person,0.3594,1197.0,514.6,1217.1,564.3
682,2,large_vehicle,0.3378,952.8,405.6,1024.9,452.2
682,4,other_vehicle,0.2748,510.0,525.1,547.9,556.9
682,0,person,0.2242,716.7,473.1,733.1,515.8
682,1,car,0.1825,952.8,405.6,1024.9,452.2
682,0,person,0.1243,1110.2,712.4,1136.3,785.8
683,1,car,0.9089,919.1,552.0,1040.9,633.8
683,1,car,0.8033,562.7,480.3,651.6,532.1
683,0,person,0.5263,519.8,505.3,539.9,547.9
683,0,person,0.3602,1152.3,384.1,1165.0,415.7
683,2,large_vehicle,0.3576,952.9,405.7,1024.7,452.2
683,0,person,0.3465,1196.9,514.8,1217.2,564.4
683,4,other_vehicle,0.2773,510.0,525.1,547.7,556.9
683,0,person,0.2281,716.8,473.1,733.1,515.8
683,1,car,0.1816,952.9,405.7,1024.7,452.2
684,1,car,0.9090,919.1,552.0,1040.9,633.8
684,1,car,0.7937,563.5,480.3,651.5,532.2
684,0,person,0.5202,519.8,505.5,539.8,547.8
684,2,large_vehicle,0.3660,953.1,405.6,1025.1,452.2
684,4,other_vehicle,0.2933,510.0,525.3,548.1,556.9
684,0,person,0.2766,1152.3,384.0,1165.0,415.7
684,0,person,0.2725,1196.8,515.3,1217.2,564.3
684,0,person,0.2576,716.8,473.7,733.1,515.8
684,1,car,0.1823,953.1,405.6,1025.1,452.2
684,0,person,0.1014,1110.3,712.3,1136.6,785.5
685,1,car,0.9141,908.8,555.1,1033.4,636.9
685,1,car,0.7455,561.5,479.7,650.8,532.2
685,0,person,0.3581,1152.0,383.9,1164.8,415.7
685,2,large_vehicle,0.3111,950.7,405.7,1024.8,452.2
685,0,person,0.2748,1196.8,516.5,1217.2,564.4
685,1,car,0.2288,950.7,405.7,1024.8,452.2
685,0,person,0.2152,1106.5,714.2,1136.1,793.4
685,0,person,0.1720,517.8,505.7,537.0,546.2
685,0,person,0.1367,515.1,504.8,533.3,544.6
686,1,car,0.9140,908.8,555.1,1033.3,636.8
686,1,car,0.7457,561.3,479.7,650.8,532.1
686,2,large_vehicle,0.3374,951.1,405.7,1025.0,452.2
686,0,person,0.2855,1196.6,514.7,1217.3,564.4
686,0,person,0.2766,1151.9,384.0,1164.6,415.7
686,0,person,0.2643,1106.3,713.8,1136.4,793.5
686,1,car,0.2128,951.1,405.7,1025.0,452.2
686,0,person,0.1627,518.0,505.9,536.9,545.8
686,0,person,0.1217,515.2,504.8,533.1,544.2
687,1,car,0.9175,900.0,556.4,1026.6,638.5
687,1,car,0.7822,559.9,479.9,651.3,532.2
687,0,person,0.4697,1105.9,713.3,1135.6,792.9
687,0,person,0.3717,1196.6,511.9,1217.5,564.2
687,2,large_vehicle,0.2924,953.1,406.0,1025.2,452.2
687,0,person,0.2909,1151.3,384.3,1164.3,416.3
687,0,person,0.1832,513.6,506.8,533.5,553.3
687,1,car,0.1769,953.1,406.0,1025.2,452.2
688,1,car,0.9176,900.0,556.4,1026.5,638.5
688,1,car,0.7825,559.9,479.9,651.3,532.2
688,0,person,0.4566,1105.9,713.4,1135.6,792.8
688,0,person,0.3592,1196.6,512.2,1217.5,564.4
688,2,large_vehicle,0.2903,953.1,406.0,1025.1,452.2
688,0,person,0.2885,1151.3,384.3,1164.3,416.3
688,0,person,0.1826,513.6,506.8,533.5,553.2
688,1,car,0.1754,953.1,406.0,1025.1,452.2
689,1,car,0.9173,900.1,556.4,1026.4,638.5
689,1,car,0.7764,559.6,480.1,651.4,532.2
689,0,person,0.4325,1106.3,713.4,1135.6,792.2
689,0,person,0.3794,1196.6,511.7,1217.6,564.4
689,0,person,0.3198,1151.3,384.2,1164.4,416.4
689,2,large_vehicle,0.2618,952.9,406.2,1025.3,452.2
689,1,car,0.2037,952.9,406.2,1025.3,452.2
689,0,person,0.1747,513.6,506.8,533.5,553.3
690,1,car,0.9203,890.3,559.6,1016.0,642.5
690,1,car,0.7950,562.6,480.3,651.4,532.2
690,0,person,0.3714,1151.0,383.9,1164.4,416.4
690,2,large_vehicle,0.2888,953.2,405.6,1025.0,452.3
690,0,person,0.2597,1196.8,515.0,1217.2,564.2
690,0,person,0.2465,1106.1,714.6,1134.2,791.6
690,0,person,0.2282,511.6,513.4,532.8,556.2
690,0,person,0.1895,1197.7,513.4,1220.3,564.6
690,4,other_vehicle,0.1252,501.5,530.9,538.5,559.7
690,1,car,0.1095,953.2,405.6,1025.0,452.3
691,1,car,0.9206,890.3,559.7,1016.0,642.5
691,1,car,0.7947,562.5,480.3,651.4,532.2
691,0,person,0.4183,1150.8,383.9,1164.3,416.6
691,0,person,0.3330,1105.9,715.0,1133.6,791.5
691,2,large_vehicle,0.2818,953.1,405.6,1025.0,452.3
691,0,person,0.2709,1196.8,514.9,1217.2,564.3
691,0,person,0.2198,511.6,513.5,532.8,556.2
691,0,person,0.1793,1197.7,513.4,1220.3,564.7
691,4,other_vehicle,0.1159,501.5,530.9,538.5,559.7
691,1,car,0.1107,953.1,405.6,1025.0,452.3
692,1,car,0.9181,881.1,561.6,1008.9,644.9
692,1,car,0.8233,561.4,480.3,652.0,532.2
692,0,person,0.3053,1150.5,383.6,1164.0,416.6
692,2,large_vehicle,0.3005,952.3,405.6,1024.8,452.2
692,0,person,0.2911,1105.5,713.9,1133.4,789.1
692,1,car,0.2037,952.3,405.6,1024.8,452.2
692,0,person,0.1980,1196.7,515.7,1217.1,564.3
692,0,person,0.1511,1197.6,514.0,1220.4,564.8
692,0,person,0.1444,716.0,472.9,732.5,516.3
692,0,person,0.1391,510.1,503.8,529.0,544.5
693,1,car,0.9181,881.1,561.5,1008.9,644.9
693,1,car,0.8156,561.6,480.1,652.0,532.3
693,2,large_vehicle,0.3154,952.3,405.4,1024.6,452.2
693,0,person,0.2744,1105.6,713.7,1133.4,788.7
693,0,person,0.2266,1150.5,383.3,1163.9,416.4
693,0,person,0.1977,1196.7,515.2,1217.1,564.3
693,1,car,0.1682,952.3,405.4,1024.6,452.2
693,0,person,0.1642,716.0,472.9,732.5,516.2
693,0,person,0.1446,510.1,503.7,529.1,544.5
693,0,person,0.1252,1104.9,714.0,1130.0,790.1
693,0,person,0.1079,1197.7,513.5,1220.4,564.8
694,1,car,0.9180,881.1,561.5,1009.0,644.9
694,1,car,0.8152,561.5,480.1,652.0,532.3
694,2,large_vehicle,0.3143,952.3,405.5,1024.6,452.2
694,0,person,0.2717,1105.7,713.8,1133.1,788.3
694,0,person,0.2629,1150.5,383.4,1164.0,416.3
694,0,person,0.1969,1196.7,515.3,1217.1,564.3
694,1,car,0.1702,952.3,405.5,1024.6,452.2
694,0,person,0.1528,716.0,472.9,732.6,516.5
694,0,person,0.1390,510.1,503.7,529.0,544.5
694,0,person,0.1247,1105.1,714.1,1130.0,789.6
694,0,person,0.1044,1197.6,513.6,1220.4,564.8
695,1,car,0.9144,871.6,562.9,1000.0,647.7
695,1,car,0.7625,559.4,479.3,651.2,532.1
695,0,person,0.3439,1150.0,383.0,1163.8,416.7
695,0,person,0.3203,1104.4,714.1,1128.8,790.6
695,2,large_vehicle,0.2497,950.1,405.0,1024.3,452.3
695,0,person,0.1998,1196.7,516.2,1217.3,564.1
695,1,car,0.1673,950.1,405.0,1024.3,452.3
696,1,car,0.9092,863.0,565.5,991.6,653.4
696,1,car,0.7768,557.6,480.2,651.1,532.2
696,0,person,0.4458,1149.8,382.5,1163.5,416.5
696,0,person,0.2951,1196.4,512.6,1217.0,564.2
696,0,person,0.2948,1103.4,714.2,1129.3,795.9
696,2,large_vehicle,0.2631,953.4,406.0,1025.2,452.3
696,1,car,0.1756,953.4,406.0,1025.2,452.3
697,1,car,0.9093,863.0,565.5,991.6,653.4
697,1,car,0.7758,557.6,480.2,651.1,532.2
697,0,person,0.4413,1149.9,382.5,1163.4,416.5
697,0,person,0.3042,1196.3,512.3,1217.0,564.1
697,0,person,0.2945,1103.3,714.2,1129.3,795.9
697,2,large_vehicle,0.2705,953.5,406.1,1025.3,452.3
697,1,car,0.1833,953.5,406.1,1025.3,452.3
698,1,car,0.9090,863.0,565.5,991.7,653.4
698,1,car,0.7641,557.7,480.2,651.0,532.2
698,0,person,0.4370,1149.9,382.6,1163.4,416.5
698,0,person,0.2997,1196.4,512.3,1217.0,564.1
698,0,person,0.2574,1103.3,714.1,1129.3,795.8
698,2,large_vehicle,0.2146,953.4,406.0,1025.1,452.3
698,1,car,0.1633,953.4,406.0,1025.1,452.3
699,1,car,0.9056,853.2,567.8,983.6,656.3
699,1,car,0.7247,560.7,479.8,651.1,532.3
699,2,large_vehicle,0.2782,953.1,405.6,1025.1,452.3
699,0,person,0.1506,1196.5,516.3,1217.2,564.8
699,0,person,0.1421,1149.4,383.0,1162.4,416.5
699,0,person,0.1366,715.3,473.2,731.1,516.6
699,1,car,0.1189,953.1,405.6,1025.1,452.3
699,2,large_vehicle,0.1062,560.7,479.8,651.1,532.3
700,1,car,0.9043,853.2,567.8,983.6,656.4
700,1,car,0.7267,560.8,479.8,651.1,532.4
700,2,large_vehicle,0.2714,953.1,405.7,1025.2,452.3
700,0,person,0.1523,1196.5,516.3,1217.2,565.0
700,0,person,0.1392,1149.4,383.0,1162.4,416.6
700,0,person,0.1391,715.3,473.2,731.1,516.6
700,1,car,0.1216,953.1,405.7,1025.2,452.3
700,2,large_vehicle,0.1051,560.8,479.8,651.1,532.4
701,1,car,0.9036,841.2,570.6,975.2,659.5
701,1,car,0.7815,559.7,479.9,651.9,532.3
701,0,person,0.3579,1149.2,382.9,1162.6,416.9
701,2,large_vehicle,0.3053,951.4,405.3,1025.3,452.2
701,0,person,0.3047,715.1,473.5,730.6,515.3
701,4,other_vehicle,0.2602,488.2,529.0,528.2,558.4
701,1,car,0.2244,951.4,405.3,1025.3,452.2
701,4,other_vehicle,0.1926,488.7,532.5,528.4,559.5
701,0,person,0.1328,501.6,514.6,519.8,551.3
702,1,car,0.9026,841.2,570.6,975.3,659.4
702,1,car,0.7874,558.0,479.6,651.7,532.3
702,0,person,0.3259,1149.1,382.6,1162.5,417.0
702,2,large_vehicle,0.3053,951.6,405.2,1025.2,452.1
702,0,person,0.2763,715.0,473.6,730.7,515.3
702,4,other_vehicle,0.2569,488.3,529.0,528.2,558.5
702,4,other_vehicle,0.2193,488.7,532.4,528.4,559.6
702,1,car,0.2016,951.6,405.2,1025.2,452.1
702,0,person,0.1355,501.7,515.5,520.0,551.6
703,1,car,0.9026,841.2,570.6,975.3,659.4
703,1,car,0.7957,558.6,479.7,651.7,532.3
703,2,large_vehicle,0.3036,951.6,405.2,1025.2,452.1
703,0,person,0.2792,715.0,473.5,730.7,515.3
703,4,other_vehicle,0.2568,488.3,529.0,528.2,558.5
703,0,person,0.2400,1149.1,382.6,1162.3,416.9
703,4,other_vehicle,0.2107,488.7,532.4,528.4,559.6
703,1,car,0.2060,951.6,405.2,1025.2,452.1
703,0,person,0.1408,501.7,515.4,519.9,551.5
704,1,car,0.9175,830.2,574.3,966.2,662.2
704,1,car,0.7313,557.6,478.9,651.1,532.2
704,0,person,0.4008,1196.1,517.6,1216.6,565.2
704,0,person,0.3673,1148.9,383.0,1162.2,417.1
704,0,person,0.3067,1098.9,721.1,1123.2,797.5
704,4,other_vehicle,0.3000,485.5,532.0,525.8,560.8
704,2,large_vehicle,0.2805,950.5,405.7,1024.3,452.2
704,0,person,0.2589,499.5,514.2,517.3,553.4
704,0,person,0.2074,714.9,474.6,731.5,516.7
704,1,car,0.1990,950.5,405.7,1024.3,452.2
704,2,large_vehicle,0.1208,557.6,478.9,651.1,532.2
705,1,car,0.9175,830.1,574.3,966.0,662.1
705,1,car,0.7135,557.6,478.8,651.2,532.3
705,0,person,0.3921,1196.0,517.8,1216.6,565.2
705,0,person,0.3561,1149.0,383.0,1162.2,417.0
705,2,large_vehicle,0.2731,950.5,405.5,1023.9,452.2
705,4,other_vehicle,0.2688,485.1,532.0,525.8,560.8
705,0,person,0.2473,499.5,514.3,517.3,553.4
705,0,person,0.2301,1098.8,720.7,1123.2,797.6
705,0,person,0.2202,715.0,475.0,731.5,516.8
705,1,car,0.1820,950.5,405.5,1023.9,452.2
705,2,large_vehicle,0.1393,557.6,478.8,651.2,532.3
706,1,car,0.9238,820.9,575.0,956.0,665.9
706,1,car,0.7660,559.3,480.1,651.3,532.2
706,0,person,0.5583,1094.1,720.6,1123.5,798.8
706,0,person,0.4033,1148.8,384.0,1161.7,417.3
706,0,person,0.3050,713.9,474.8,730.5,517.4
706,2,large_vehicle,0.2252,953.8,406.0,1025.1,452.3
706,0,person,0.1651,498.0,516.6,514.3,551.0
706,1,car,0.1627,953.8,406.0,1025.1,452.3
706,0,person,0.1489,1195.9,523.6,1216.0,565.3
707,1,car,0.9236,821.0,575.1,956.1,665.9
707,1,car,0.7581,560.1,480.2,651.1,532.2
707,0,person,0.5208,1094.1,720.6,1123.6,799.0
707,0,person,0.4114,1148.8,384.0,1161.7,417.2
707,0,person,0.3081,713.9,474.9,730.4,517.3
707,2,large_vehicle,0.2258,953.3,406.2,1025.0,452.2
707,0,person,0.1721,498.1,516.6,514.1,550.6
707,1,car,0.1707,953.3,406.2,1025.0,452.2
707,0,person,0.1559,1195.9,523.5,1216.1,565.3
708,1,car,0.9240,820.9,575.0,956.0,665.9
708,1,car,0.7497,560.9,480.0,651.1,532.2
708,0,person,0.6366,1094.3,720.6,1123.3,799.1
708,0,person,0.4227,1148.8,384.0,1161.6,417.5
708,0,person,0.2957,714.0,475.2,730.4,517.4
708,2,large_vehicle,0.2420,953.6,406.3,1024.6,452.2
708,0,person,0.1803,498.0,516.8,514.2,550.6
708,1,car,0.1769,953.6,406.3,1024.6,452.2
708,0,person,0.1505,1195.9,523.6,1216.0,565.3
709,1,car,0.9252,812.9,577.2,945.1,669.0
709,1,car,0.7154,559.7,479.4,651.1,532.4
709,4,other_vehicle,0.5131,476.4,530.8,519.5,561.2
709,0,person,0.3665,1094.3,722.1,1121.0,800.0
709,0,person,0.2533,492.3,517.3,509.9,554.8
709,2,large_vehicle,0.2450,952.3,406.1,1024.6,452.3
709,0,person,0.2221,1197.0,523.9,1215.3,564.5
709,0,person,0.1983,1198.1,523.7,1218.9,564.1
709,0,person,0.1783,1148.5,383.6,1161.0,417.6
709,1,car,0.1536,952.3,406.1,1024.6,452.3
709,0,person,0.1268,495.8,517.6,513.9,553.6
709,2,large_vehicle,0.1221,559.7,479.4,651.1,532.4
710,1,car,0.9252,812.9,577.2,945.2,668.9
710,1,car,0.7150,558.2,479.2,651.0,532.4
710,4,other_vehicle,0.5174,475.9,530.6,519.4,561.2
710,0,person,0.3840,1094.2,722.0,1121.1,799.9
710,0,person,0.2551,492.2,516.8,509.9,554.7
710,0,person,0.2127,1196.9,523.9,1215.2,564.5
710,2,large_vehicle,0.2092,953.0,406.2,1024.7,452.3
710,0,person,0.1679,1198.1,523.6,1218.9,564.1
710,0,person,0.1596,1148.5,383.8,1160.9,417.7
710,1,car,0.1516,953.0,406.2,1024.7,452.3
710,2,large_vehicle,0.1235,558.2,479.2,651.0,532.4
710,0,person,0.1209,495.7,517.2,513.7,553.4
711,1,car,0.9232,801.1,580.3,936.7,672.6
711,1,car,0.7673,558.0,479.4,651.5,532.2
711,4,other_vehicle,0.4681,476.3,530.4,517.7,563.2
711,0,person,0.3842,490.2,517.9,506.7,553.1
711,2,large_vehicle,0.2955,1180.3,441.6,1324.5,541.0
711,0,person,0.2621,713.6,476.2,730.7,518.4
711,2,large_vehicle,0.2426,952.6,405.6,1024.9,452.1
711,0,person,0.2116,1147.9,384.1,1160.7,417.6
711,1,car,0.1706,952.6,405.6,1024.9,452.1
711,4,other_vehicle,0.1698,476.9,526.8,517.1,555.5
712,1,car,0.9232,801.1,580.3,936.7,672.6
712,1,car,0.7703,557.9,479.4,651.5,532.2
712,4,other_vehicle,0.4696,476.3,530.3,517.8,563.2
712,0,person,0.3844,490.3,517.9,506.7,553.1
712,2,large_vehicle,0.3048,1180.3,441.5,1324.6,541.0
712,0,person,0.2695,713.7,476.1,730.7,518.2
712,2,large_vehicle,0.2495,952.6,405.6,1024.9,452.1
712,0,person,0.2123,1147.9,384.1,1160.7,417.6
712,1,car,0.1741,952.6,405.6,1024.9,452.1
712,4,other_vehicle,0.1663,476.9,526.8,517.1,555.5
713,1,car,0.9226,801.1,580.3,936.6,672.6
713,1,car,0.7735,559.0,479.7,651.4,532.2
713,4,other_vehicle,0.4706,476.3,530.4,517.7,563.2
713,0,person,0.3845,490.2,517.9,506.6,553.0
713,2,large_vehicle,0.2815,1180.2,441.8,1324.6,541.0
713,0,person,0.2656,713.6,476.0,730.6,518.3
713,2,large_vehicle,0.2566,952.5,406.0,1025.0,452.1
713,0,person,0.2191,1147.9,384.2,1160.6,417.6
713,1,car,0.2051,952.5,406.0,1025.0,452.1
713,4,other_vehicle,0.1870,476.9,526.8,517.1,555.4
714,1,car,0.9142,791.1,582.2,926.4,676.1
714,1,car,0.7586,559.7,479.2,651.2,532.1
714,4,other_vehicle,0.4420,474.4,533.6,516.5,563.6
714,0,person,0.3431,485.9,521.1,504.4,559.5
714,2,large_vehicle,0.2850,1175.1,432.7,1311.2,539.4
714,1,car,0.2431,950.4,405.6,1024.6,452.1
714,2,large_vehicle,0.2366,950.4,405.6,1024.6,452.1
714,0,person,0.2327,480.4,521.1,503.2,558.4
714,0,person,0.1258,1147.8,384.1,1160.4,417.5
715,1,car,0.9139,791.0,582.2,926.1,676.1
715,1,car,0.7510,559.8,479.3,651.2,532.1
715,4,other_vehicle,0.3943,474.3,533.5,516.6,563.6
715,0,person,0.3395,485.8,521.1,504.4,559.5
715,2,large_vehicle,0.2942,1175.1,431.6,1315.1,539.6
715,1,car,0.2396,950.3,405.6,1024.6,452.1
715,0,person,0.2355,480.4,521.1,503.2,558.4
715,2,large_vehicle,0.2291,950.3,405.6,1024.6,452.1
715,0,person,0.1255,1147.8,384.3,1160.4,417.6
716,1,car,0.9148,781.0,587.2,918.7,679.0
716,1,car,0.7553,559.8,480.0,650.9,532.2
716,0,person,0.4123,480.7,520.9,500.6,557.2
716,4,other_vehicle,0.3824,473.3,534.2,512.5,563.0
716,0,person,0.2764,484.9,520.9,502.6,557.2
716,2,large_vehicle,0.2619,1169.6,430.9,1334.4,545.7
716,2,large_vehicle,0.2394,953.7,406.1,1026.2,452.3
716,1,car,0.2050,953.7,406.1,1026.2,452.3
716,0,person,0.1487,712.3,475.2,728.3,518.2
716,0,person,0.1292,1196.6,513.6,1213.3,563.9
717,1,car,0.9151,781.1,587.2,918.8,678.9
717,1,car,0.7758,560.8,480.1,651.0,532.2
717,0,person,0.4200,480.6,520.9,500.6,557.4
717,4,other_vehicle,0.3496,473.3,533.9,513.0,563.0
717,2,large_vehicle,0.2911,1169.6,430.7,1333.1,546.0
717,0,person,0.2805,484.8,520.9,502.8,557.4
717,2,large_vehicle,0.2319,953.9,405.9,1026.1,452.3
717,1,car,0.1760,953.9,405.9,1026.1,452.3
717,0,person,0.1420,712.3,474.9,728.3,518.4
717,0,person,0.1286,1196.6,513.5,1213.2,563.7
718,1,car,0.9152,781.1,587.2,918.8,678.9
718,1,car,0.7726,560.6,480.1,651.0,532.2
718,4,other_vehicle,0.4379,473.2,534.0,512.6,563.0
718,0,person,0.4201,480.7,520.9,500.6,557.3
718,2,large_vehicle,0.2837,1169.6,430.1,1332.2,546.0
718,0,person,0.2830,484.8,521.0,502.7,557.3
718,2,large_vehicle,0.2336,953.9,405.9,1026.1,452.3
718,1,car,0.1735,953.9,405.9,1026.1,452.3
718,0,person,0.1464,712.2,474.7,728.3,518.3
718,0,person,0.1275,1196.6,513.4,1213.2,563.5
719,1,car,0.9111,769.9,589.3,911.1,681.5
719,1,car,0.7524,558.9,478.7,651.1,532.4
719,2,large_vehicle,0.6590,1164.8,430.4,1319.9,543.9
719,0,person,0.5706,1193.3,514.4,1212.2,562.9
719,4,other_vehicle,0.3763,471.1,530.7,510.8,563.8
719,1,car,0.2133,952.9,405.8,1026.0,452.4
719,0,person,0.1910,478.8,520.1,499.0,559.8
719,2,large_vehicle,0.1858,952.9,405.8,1026.0,452.4
719,0,person,0.1392,484.4,521.0,502.1,559.7
719,0,person,0.1306,1147.0,383.9,1160.3,418.2
719,0,person,0.1279,1088.0,724.1,1116.1,800.8
720,1,car,0.9210,758.5,591.8,900.6,685.0
720,1,car,0.7796,559.0,479.7,651.5,532.2
720,2,large_vehicle,0.6553,1159.2,432.1,1328.2,546.9
720,4,other_vehicle,0.6066,469.0,535.5,507.8,564.5
720,0,person,0.5137,1081.4,723.8,1115.4,802.9
720,0,person,0.4340,479.9,521.5,498.3,559.8
720,0,person,0.2809,1146.7,384.5,1160.1,418.0
720,2,large_vehicle,0.2475,951.6,405.4,1025.9,452.1
720,1,car,0.2165,951.6,405.4,1025.9,452.1
721,1,car,0.9210,758.5,591.8,900.6,685.0
721,1,car,0.7831,559.2,479.7,651.5,532.2
721,2,large_vehicle,0.6540,1159.2,432.3,1328.0,546.9
721,4,other_vehicle,0.6068,469.0,535.5,507.8,564.5
721,0,person,0.5166,1081.3,723.9,1115.3,802.9
721,0,person,0.4346,479.9,521.5,498.3,559.8
721,0,person,0.2817,1146.7,384.5,1160.2,418.1
721,2,large_vehicle,0.2517,951.6,405.4,1025.9,452.1
721,1,car,0.2207,951.6,405.4,1025.9,452.1
721,0,person,0.1004,482.5,520.8,502.4,558.9
722,1,car,0.9206,758.5,591.8,900.7,685.0
722,1,car,0.7815,559.2,479.7,651.4,532.2
722,2,large_vehicle,0.6600,1159.3,433.6,1329.8,546.8
722,4,other_vehicle,0.6094,469.0,535.5,507.7,564.5
722,0,person,0.5042,1081.3,723.8,1115.3,803.0
722,0,person,0.4348,479.9,521.5,498.3,559.7
722,0,person,0.2530,1146.7,384.6,1160.1,418.0
722,1,car,0.2470,951.7,405.9,1025.7,452.1
722,2,large_vehicle,0.2224,951.7,405.9,1025.7,452.1
723,1,car,0.9216,747.7,594.9,888.4,687.8
723,1,car,0.7638,559.4,479.2,650.9,532.2
723,0,person,0.5831,1080.3,724.3,1111.9,804.0
723,2,large_vehicle,0.5690,1154.3,434.3,1324.8,549.4
723,4,other_vehicle,0.4072,464.7,535.7,504.8,564.9
723,0,person,0.3131,478.9,521.0,495.7,558.2
723,1,car,0.2358,951.5,406.3,1025.3,452.1
723,2,large_vehicle,0.2230,951.5,406.3,1025.3,452.1
723,0,person,0.1583,1194.9,514.2,1212.1,562.1
724,1,car,0.9213,747.7,594.9,888.4,687.5
724,1,car,0.7660,559.3,479.3,650.9,532.1
724,0,person,0.6118,1080.4,724.2,1111.6,803.8
724,2,large_vehicle,0.5910,1154.3,434.2,1324.5,549.2
724,4,other_vehicle,0.4069,464.7,535.7,504.8,564.9
724,0,person,0.3165,478.9,521.0,495.7,558.1
724,1,car,0.2454,951.4,406.2,1025.0,452.1
724,2,large_vehicle,0.2261,951.4,406.2,1025.0,452.1
724,0,person,0.1593,1194.9,514.2,1212.2,562.2
725,1,car,0.9233,736.2,597.8,879.8,690.3
725,1,car,0.7551,558.9,479.4,650.9,532.4
725,2,large_vehicle,0.5975,1148.5,432.9,1332.6,552.1
725,0,person,0.4817,1079.7,724.2,1110.7,804.0
725,4,other_vehicle,0.2719,462.5,535.8,502.1,565.5
725,0,person,0.2679,476.4,520.6,492.4,558.6
725,1,car,0.2285,954.2,406.7,1025.0,452.3
725,2,large_vehicle,0.1563,954.2,406.7,1025.0,452.3
726,1,car,0.9231,736.2,597.8,879.7,690.2
726,1,car,0.7724,559.2,479.4,650.9,532.5
726,2,large_vehicle,0.6671,1148.4,434.7,1319.2,551.7
726,0,person,0.5201,1079.6,724.3,1110.7,803.9
726,0,person,0.2606,476.5,520.5,492.4,558.3
726,4,other_vehicle,0.2496,462.3,535.4,502.1,565.5
726,1,car,0.2213,954.1,406.7,1024.9,452.3
726,2,large_vehicle,0.1551,954.1,406.7,1024.9,452.3
727,1,car,0.9232,736.2,597.8,879.7,690.2
727,1,car,0.7691,559.1,479.4,650.9,532.5
727,2,large_vehicle,0.6521,1148.4,435.3,1318.9,551.8
727,0,person,0.4970,1079.7,724.3,1110.7,803.9
727,0,person,0.2623,476.5,520.5,492.5,558.3
727,4,other_vehicle,0.2499,462.3,535.3,502.1,565.5
727,1,car,0.2136,954.1,406.6,1024.9,452.3
727,2,large_vehicle,0.1564,954.1,406.6,1024.9,452.3
728,1,car,0.9274,725.5,601.6,868.0,694.0
728,1,car,0.7473,560.6,479.4,650.6,532.4
728,2,large_vehicle,0.6376,1144.4,439.4,1338.9,554.0
728,0,person,0.6251,1080.8,724.4,1108.4,804.8
728,2,large_vehicle,0.2473,953.8,407.3,1025.1,452.4
728,1,car,0.1816,953.8,407.3,1025.1,452.4
728,4,other_vehicle,0.1657,460.9,533.6,498.4,565.0
728,0,person,0.1313,1144.6,384.8,1157.5,417.9
728,0,person,0.1165,475.1,522.2,490.5,551.8
729,1,car,0.9275,725.5,601.6,868.1,694.0
729,1,car,0.7557,561.7,479.5,650.7,532.4
729,2,large_vehicle,0.6222,1144.3,439.1,1339.4,554.2
729,0,person,0.5909,1080.7,724.6,1108.3,804.8
729,2,large_vehicle,0.2469,953.4,406.9,1024.6,452.4
729,4,other_vehicle,0.1910,461.2,533.9,498.6,565.0
729,1,car,0.1619,953.4,406.9,1024.6,452.4
729,0,person,0.1246,475.0,522.3,490.6,552.1
729,0,person,0.1212,1144.5,384.8,1157.5,418.0
730,1,car,0.9187,713.1,603.4,859.3,697.7
730,1,car,0.7722,558.4,479.1,651.5,532.4
730,0,person,0.7323,1080.5,724.9,1107.1,805.8
730,2,large_vehicle,0.6649,1136.0,437.8,1340.3,558.2
730,4,other_vehicle,0.2689,458.9,534.5,497.0,564.3
730,2,large_vehicle,0.2223,952.6,406.3,1024.5,452.2
730,1,car,0.2074,952.6,406.3,1024.5,452.2
730,0,person,0.1135,469.9,519.3,487.1,557.1
731,1,car,0.9186,713.2,603.4,859.2,697.7
731,1,car,0.7882,559.8,479.4,651.7,532.3
731,0,person,0.7367,1080.5,725.0,1107.0,805.8
731,2,large_vehicle,0.6567,1136.1,438.5,1340.2,558.1
731,4,other_vehicle,0.2624,458.9,534.6,497.0,564.3
731,1,car,0.2225,952.3,406.2,1024.4,452.2
731,2,large_vehicle,0.2155,952.3,406.2,1024.4,452.2
731,0,person,0.1123,470.1,519.7,487.0,557.0
732,1,car,0.9188,713.1,603.3,859.2,697.7
732,1,car,0.7779,559.0,479.1,652.0,532.3
732,0,person,0.7329,1080.4,725.0,1107.1,805.9
732,2,large_vehicle,0.6706,1136.2,439.3,1340.6,557.8
732,4,other_vehicle,0.3048,458.8,534.6,497.2,564.2
732,2,large_vehicle,0.2272,952.5,406.2,1024.5,452.2
732,1,car,0.2212,952.5,406.2,1024.5,452.2
732,0,person,0.1282,469.8,520.1,487.2,557.4
733,1,car,0.9279,703.4,606.8,847.2,701.1
733,1,car,0.7212,559.2,479.0,651.5,532.3
733,2,large_vehicle,0.5010,1132.5,449.8,1316.6,560.1
733,0,person,0.4580,1080.1,724.7,1104.5,806.1
733,1,car,0.2142,951.5,406.5,1024.6,452.3
733,2,large_vehicle,0.1658,951.5,406.5,1024.6,452.3
733,4,other_vehicle,0.1258,454.5,530.9,495.4,564.7
733,2,large_vehicle,0.1112,559.2,479.0,651.5,532.3
734,1,car,0.9279,703.5,606.8,847.1,701.1
734,1,car,0.7149,558.7,478.8,651.4,532.3
734,2,large_vehicle,0.5328,1132.5,450.4,1316.8,560.2
734,0,person,0.4560,1080.2,724.7,1104.5,806.1
734,1,car,0.2182,951.3,406.2,1024.1,452.2
734,2,large_vehicle,0.2072,951.3,406.2,1024.1,452.2
734,4,other_vehicle,0.1359,454.6,530.8,495.4,564.7
734,2,large_vehicle,0.1122,558.7,478.8,651.4,532.3
735,1,car,0.9226,689.6,608.9,837.1,704.0
735,1,car,0.7429,560.4,479.5,651.4,532.3
735,0,person,0.5710,1079.4,725.3,1103.9,805.9
735,2,large_vehicle,0.2172,1125.5,447.6,1342.0,560.9
735,1,car,0.1654,953.5,406.6,1024.2,452.2
735,2,large_vehicle,0.1609,953.5,406.6,1024.2,452.2
735,0,person,0.1326,464.6,521.8,482.0,564.9
735,0,person,0.1322,710.0,475.4,725.4,517.4
736,1,car,0.9226,689.6,608.9,837.1,704.0
736,1,car,0.7391,560.5,479.4,651.4,532.3
736,0,person,0.5695,1079.4,725.3,1103.9,805.8
736,2,large_vehicle,0.2102,1125.5,447.7,1342.0,560.9
736,2,large_vehicle,0.1641,953.5,406.6,1024.2,452.2
736,1,car,0.1619,953.5,406.6,1024.2,452.2
736,0,person,0.1319,464.6,521.8,482.0,564.9
736,0,person,0.1289,710.0,475.3,725.4,517.4
737,1,car,0.9227,689.6,608.9,837.1,704.0
737,1,car,0.7317,559.3,479.4,651.4,532.2
737,0,person,0.5666,1079.5,725.4,1103.8,805.5
737,2,large_vehicle,0.2988,1125.6,447.4,1342.0,560.9
737,1,car,0.1779,953.5,406.6,1023.9,452.2
737,0,person,0.1681,710.0,475.4,725.4,517.4
737,2,large_vehicle,0.1620,953.5,406.6,1023.9,452.2
737,0,person,0.1490,464.6,521.9,482.0,564.9
737,4,other_vehicle,0.1096,452.9,534.1,485.5,567.3
738,1,car,0.9227,679.2,610.7,826.5,707.5
738,1,car,0.7229,559.0,478.7,651.5,532.5
738,0,person,0.5808,1078.4,726.7,1102.0,801.5
738,0,person,0.3756,709.1,477.0,725.3,518.9
738,4,other_vehicle,0.3193,449.2,535.9,493.9,569.1
738,0,person,0.2141,461.7,524.2,481.1,567.1
738,2,large_vehicle,0.1242,1120.7,448.9,1342.0,563.4
738,0,person,0.1211,459.5,522.6,477.9,562.6
738,2,large_vehicle,0.1199,954.4,406.8,1024.5,452.4
738,0,person,0.1113,458.5,524.0,478.7,566.4
739,1,car,0.9235,679.3,610.6,826.6,707.5
739,1,car,0.7193,559.0,478.5,651.7,532.5
739,0,person,0.5708,1078.3,726.6,1102.0,801.9
739,0,person,0.3634,709.1,476.5,725.3,518.8
739,4,other_vehicle,0.3537,449.2,535.9,494.1,569.1
739,0,person,0.2101,461.7,524.2,481.2,567.1
739,2,large_vehicle,0.1243,954.3,406.8,1024.5,452.4
739,0,person,0.1241,459.5,522.7,477.9,562.6
739,2,large_vehicle,0.1234,1120.7,449.2,1342.0,563.4
739,0,person,0.1075,458.6,524.0,478.8,566.4
740,1,car,0.9254,666.3,614.2,816.2,710.8
740,1,car,0.7764,559.0,479.2,651.5,532.3
740,0,person,0.6657,1076.7,728.1,1100.5,795.3
740,0,person,0.4992,708.2,478.2,726.4,518.1
740,4,other_vehicle,0.2844,446.9,533.1,488.2,568.4
740,0,person,0.2445,1143.5,386.0,1155.4,417.8
740,4,other_vehicle,0.2015,447.1,537.8,488.2,570.0
740,0,person,0.1803,458.0,523.7,477.2,567.7
740,2,large_vehicle,0.1649,953.3,406.9,1024.4,452.3
740,0,person,0.1454,459.4,522.0,476.4,563.0
740,1,car,0.1348,953.3,406.9,1024.4,452.3
740,0,person,0.1090,461.8,523.8,481.5,566.2
741,1,car,0.9255,666.2,614.2,816.1,710.8
741,1,car,0.7786,559.1,479.4,651.6,532.3
741,0,person,0.6679,1076.7,728.1,1101.2,795.3
741,0,person,0.4965,708.2,478.3,725.8,518.2
741,4,other_vehicle,0.2602,446.8,533.1,488.2,568.3
741,0,person,0.2374,1143.4,386.1,1155.4,417.8
741,4,other_vehicle,0.2038,447.1,537.8,488.3,570.0
741,2,large_vehicle,0.1937,953.6,406.9,1024.6,452.2
741,0,person,0.1765,458.0,523.6,477.3,567.7
741,0,person,0.1409,459.4,521.8,476.4,563.0
741,1,car,0.1333,953.6,406.9,1024.6,452.2
741,0,person,0.1122,461.8,523.7,481.6,566.1
742,1,car,0.9253,666.2,614.2,816.1,710.8
742,1,car,0.7789,559.1,479.3,651.6,532.3
742,0,person,0.6683,1076.7,728.1,1101.2,795.2
742,0,person,0.4981,708.3,478.4,726.1,518.1
742,0,person,0.2654,1143.4,386.1,1155.5,418.0
742,4,other_vehicle,0.2630,446.8,533.0,488.1,568.3
742,4,other_vehicle,0.2038,447.1,537.8,488.2,570.0
742,2,large_vehicle,0.1886,953.6,406.8,1024.5,452.2
742,0,person,0.1753,458.0,523.6,477.3,567.7
742,0,person,0.1425,459.3,521.8,476.4,563.0
742,1,car,0.1273,953.6,406.8,1024.5,452.2
742,0,person,0.1109,461.8,523.6,481.6,566.1
743,1,car,0.9317,655.4,614.8,803.7,712.6
743,1,car,0.6778,557.2,478.1,651.5,532.1
743,0,person,0.6522,1073.0,727.9,1099.4,804.9
743,0,person,0.3888,708.0,477.1,725.7,517.9
743,0,person,0.3456,1143.1,386.3,1155.2,418.4
743,4,other_vehicle,0.3229,443.8,532.3,485.0,569.1
743,0,person,0.1884,456.7,522.4,475.1,561.3
743,2,large_vehicle,0.1864,952.0,406.4,1024.3,452.1
743,2,large_vehicle,0.1498,1107.6,457.1,1271.9,569.5
743,1,car,0.1471,952.0,406.4,1024.3,452.1
743,2,large_vehicle,0.1393,557.2,478.1,651.5,532.1
743,0,person,0.1306,707.2,477.1,722.4,517.6
743,0,person,0.1081,454.3,523.5,475.7,567.5
744,1,car,0.9250,644.4,617.8,793.1,716.0
744,1,car,0.7351,560.2,479.4,651.3,532.3
744,2,large_vehicle,0.5487,1103.0,454.2,1251.7,574.0
744,0,person,0.4471,706.9,477.2,725.7,519.4
744,0,person,0.4177,1142.6,386.9,1154.7,418.1
744,0,person,0.2736,1070.0,730.0,1096.2,810.7
744,0,person,0.1949,705.8,477.0,723.2,519.1
744,0,person,0.1557,454.8,523.8,474.6,564.8
744,0,person,0.1305,1066.4,728.3,1097.9,812.5
744,0,person,0.1210,1071.6,729.3,1097.8,806.1
744,0,person,0.1042,1126.8,392.7,1138.5,419.2
744,2,large_vehicle,0.1028,953.8,407.1,1024.8,452.3
745,1,car,0.9251,644.4,617.8,793.1,716.0
745,1,car,0.7391,560.2,479.4,651.3,532.3
745,2,large_vehicle,0.5424,1103.0,454.2,1251.5,574.0
745,0,person,0.4459,706.9,477.3,725.6,519.4
745,0,person,0.4022,1142.6,386.9,1154.6,418.0
745,0,person,0.2709,1070.0,730.0,1096.2,810.7
745,0,person,0.1986,705.8,477.0,723.2,519.0
745,0,person,0.1597,454.8,523.8,474.5,564.8
745,0,person,0.1278,1066.4,728.2,1097.9,812.5
745,0,person,0.1251,1071.6,729.3,1097.8,806.2
745,2,large_vehicle,0.1019,953.8,407.1,1024.8,452.3
746,1,car,0.9253,644.4,617.8,793.0,716.0
746,1,car,0.7445,560.2,479.5,651.3,532.3
746,2,large_vehicle,0.5323,1103.0,454.4,1250.4,574.0
746,0,person,0.4191,1070.2,730.0,1095.8,810.4
746,0,person,0.4083,707.1,477.5,725.5,519.5
746,0,person,0.3953,1142.6,386.9,1154.6,418.0
746,0,person,0.2964,705.9,477.2,723.2,519.1
746,0,person,0.1613,454.9,523.8,474.5,564.7
747,1,car,0.9299,632.0,622.2,782.1,719.3
747,1,car,0.7569,558.4,479.0,651.4,532.3
747,4,other_vehicle,0.6991,439.0,536.6,480.6,569.1
747,2,large_vehicle,0.6370,1097.0,452.6,1263.9,574.0
747,0,person,0.6262,1066.2,731.1,1097.1,811.8
747,0,person,0.3536,706.4,477.5,725.6,518.6
747,0,person,0.2738,451.9,524.7,469.7,561.2
747,0,person,0.2723,705.5,477.8,722.9,518.4
747,0,person,0.2117,1142.3,386.4,1154.5,418.4
747,0,person,0.1885,448.5,523.7,467.4,561.1
748,1,car,0.9295,632.0,622.2,782.1,719.4
748,1,car,0.7520,558.1,478.9,651.4,532.3
748,4,other_vehicle,0.7024,438.9,536.6,480.5,569.1
748,2,large_vehicle,0.6673,1097.0,452.7,1263.1,573.9
748,0,person,0.5334,1064.0,731.1,1097.2,814.0
748,0,person,0.3641,706.4,477.7,725.6,518.6
748,0,person,0.3586,1142.1,385.6,1154.8,418.9
748,0,person,0.2764,451.8,524.7,469.7,561.3
748,0,person,0.2709,705.5,477.9,722.9,518.4
748,0,person,0.1908,448.5,523.7,467.4,561.1
749,1,car,0.9218,620.6,624.1,771.0,723.0
749,1,car,0.7844,558.3,479.3,651.6,532.2
749,0,person,0.6674,1068.9,732.4,1094.3,808.6
749,0,person,0.5036,705.6,477.0,722.7,518.6
749,2,large_vehicle,0.4543,1089.7,455.2,1252.4,578.2
749,4,other_vehicle,0.4058,437.6,536.3,482.3,568.7
749,0,person,0.2945,1141.6,386.4,1153.5,417.9
749,2,large_vehicle,0.1572,953.5,407.2,1024.7,452.2
749,1,car,0.1156,953.5,407.2,1024.7,452.2
749,2,large_vehicle,0.1101,1092.7,447.8,1337.0,575.8
750,1,car,0.9222,620.5,624.2,771.2,723.0
750,0,person,0.7876,1067.1,732.1,1097.5,810.4
750,1,car,0.7396,556.8,478.6,651.4,532.2
750,0,person,0.5571,705.6,476.7,722.8,518.6
750,4,other_vehicle,0.5548,437.7,537.0,481.4,568.5
750,2,large_vehicle,0.3948,1088.9,456.0,1248.7,576.6
750,0,person,0.3823,1141.9,386.3,1154.0,418.1
750,2,large_vehicle,0.1684,1096.9,450.1,1334.5,571.0
750,2,large_vehicle,0.1543,953.7,406.8,1024.6,452.1
750,0,person,0.1516,447.2,520.0,467.0,558.3
751,1,car,0.9227,620.5,624.2,771.2,723.0
751,0,person,0.7849,1067.1,732.2,1097.5,810.3
751,1,car,0.7769,558.4,479.0,651.6,532.2
751,0,person,0.5666,705.7,476.8,722.8,518.6
751,4,other_vehicle,0.5566,437.7,536.8,481.6,568.4
751,2,large_vehicle,0.4126,1088.8,455.8,1249.5,576.7
751,0,person,0.3966,1141.8,386.3,1153.9,418.1
751,0,person,0.1719,446.9,520.0,467.1,558.3
751,2,large_vehicle,0.1419,1097.6,450.3,1334.0,571.0
751,2,large_vehicle,0.1393,953.7,406.4,1024.7,452.1
752,1,car,0.9268,608.2,626.4,759.7,724.7
752,0,person,0.7423,1065.9,732.4,1095.0,810.8
752,1,car,0.7164,556.3,478.6,651.3,532.1
752,2,large_vehicle,0.3730,1083.7,458.1,1228.0,577.7
752,0,person,0.3570,705.1,475.1,722.8,519.2
752,4,other_vehicle,0.3135,434.2,534.8,473.4,569.0
752,0,person,0.3090,1141.3,386.2,1153.5,418.0
752,2,large_vehicle,0.3076,1083.7,457.7,1232.7,578.0
752,4,other_vehicle,0.2378,434.7,539.2,475.2,570.3
752,0,person,0.1685,445.9,519.0,465.9,561.8
752,2,large_vehicle,0.1659,952.8,406.3,1025.1,452.0
752,0,person,0.1006,448.7,526.0,470.1,566.0
753,1,car,0.9266,608.2,626.4,759.7,724.7
753,0,person,0.7449,1065.8,732.4,1095.2,810.9
753,1,car,0.7182,557.1,479.0,651.4,532.0
753,2,large_vehicle,0.5843,1083.8,457.6,1232.8,578.0
753,0,person,0.3672,705.2,475.2,722.8,519.2
753,0,person,0.2879,1141.3,386.2,1153.3,417.8
753,4,other_vehicle,0.2794,434.2,534.6,473.5,568.8
753,4,other_vehicle,0.2154,434.7,539.3,475.2,570.3
753,2,large_vehicle,0.1724,952.4,406.2,1025.1,452.1
753,0,person,0.1532,445.9,519.3,465.8,561.7
753,0,person,0.1068,448.7,526.0,470.1,565.8
754,1,car,0.8718,596.7,630.3,747.8,728.1
754,1,car,0.7544,560.3,480.0,651.7,532.1
754,0,person,0.7485,1064.3,732.9,1095.1,811.7
754,2,large_vehicle,0.6989,1076.8,461.7,1206.8,579.8
754,0,person,0.5836,704.3,475.6,723.2,518.8
754,4,other_vehicle,0.5291,432.7,537.4,472.1,570.2
754,1,car,0.1794,596.5,630.1,747.9,728.0
754,0,person,0.1524,1140.8,385.9,1152.9,418.0
754,2,large_vehicle,0.1496,954.8,406.3,1024.5,452.2
754,0,person,0.1491,444.1,522.9,461.5,559.9
754,4,other_vehicle,0.1038,432.7,539.6,473.7,571.5
754,0,person,0.1027,442.7,525.3,461.4,566.3
755,1,car,0.8720,596.7,630.3,747.8,728.1
755,1,car,0.7558,560.4,480.0,651.7,532.1
755,0,person,0.7540,1064.4,732.8,1095.2,810.9
755,2,large_vehicle,0.6994,1076.7,461.7,1206.7,579.8
755,0,person,0.5871,704.2,475.6,723.2,518.8
755,4,other_vehicle,0.5320,432.7,537.3,472.1,570.2
755,1,car,0.1769,596.5,630.1,747.9,728.0
755,0,person,0.1548,1140.8,386.0,1152.9,418.0
755,0,person,0.1479,444.1,522.9,461.5,559.9
755,2,large_vehicle,0.1401,954.8,406.3,1024.5,452.2
755,0,person,0.1016,442.7,525.3,461.4,566.4
756,1,car,0.8841,596.8,630.3,747.7,728.1
756,0,person,0.7474,1064.4,732.9,1095.4,811.3
756,1,car,0.7437,559.9,480.1,651.6,532.1
756,2,large_vehicle,0.6811,1076.8,461.7,1206.8,579.7
756,0,person,0.5771,704.2,475.6,723.1,518.8
756,4,other_vehicle,0.4884,432.8,537.6,472.1,570.1
756,4,other_vehicle,0.1844,432.9,539.7,473.8,571.4
756,0,person,0.1342,442.9,525.5,461.4,566.4
756,0,person,0.1297,444.4,523.2,461.6,559.8
756,1,car,0.1285,596.5,630.1,747.9,728.0
756,0,person,0.1249,1140.8,386.1,1152.7,417.9
756,2,large_vehicle,0.1013,955.2,406.4,1024.0,452.1
757,1,car,0.9239,585.8,632.1,737.1,729.5
757,1,car,0.7708,558.9,479.8,651.5,532.2
757,0,person,0.6789,1064.4,733.4,1091.3,810.2
757,4,other_vehicle,0.6029,430.8,535.7,468.1,569.3
757,2,large_vehicle,0.5237,1070.0,462.6,1198.7,581.8
757,0,person,0.3337,705.1,475.9,721.6,518.7
757,0,person,0.2676,1140.6,386.2,1152.2,417.7
757,0,person,0.2418,441.4,525.3,459.8,558.0
757,2,large_vehicle,0.1724,954.2,406.6,1024.6,452.3
757,0,person,0.1115,441.0,527.1,459.7,563.1
757,0,person,0.1055,437.3,524.8,457.1,558.1
758,1,car,0.9254,585.9,632.2,737.1,729.7
758,1,car,0.7716,558.8,479.7,651.5,532.3
758,0,person,0.6458,1062.2,733.5,1092.0,816.2
758,4,other_vehicle,0.5863,430.8,535.6,468.1,569.2
758,2,large_vehicle,0.5256,1070.0,462.7,1198.5,581.7
758,0,person,0.3290,705.1,475.9,721.6,518.7
758,0,person,0.2970,1140.6,386.2,1152.4,417.8
758,0,person,0.2312,441.4,525.3,459.8,558.0
758,2,large_vehicle,0.1594,954.2,406.6,1024.6,452.3
758,0,person,0.1166,441.0,527.1,459.7,563.1
758,0,person,0.1036,437.3,524.8,457.1,558.1
759,1,car,0.9252,573.2,634.9,725.6,732.4
759,1,car,0.7745,561.2,480.0,652.0,532.2
759,0,person,0.7616,1061.4,734.2,1092.5,817.2
759,2,large_vehicle,0.6690,1062.6,463.6,1193.9,585.1
759,0,person,0.3704,703.4,476.3,720.8,519.5
759,2,large_vehicle,0.2183,952.8,405.9,1024.4,452.0
759,1,car,0.1351,952.8,405.9,1024.4,452.0
759,0,person,0.1199,437.0,525.0,454.8,555.9
759,0,person,0.1178,1140.1,386.0,1151.5,417.8
760,1,car,0.9254,573.1,634.9,725.7,732.3
760,1,car,0.7956,562.5,480.2,652.0,532.3
760,0,person,0.7592,1061.4,734.1,1092.5,817.2
760,2,large_vehicle,0.6454,1062.6,463.6,1194.3,585.1
760,0,person,0.3622,703.7,476.6,720.8,519.3
760,2,large_vehicle,0.2309,953.4,405.9,1024.6,452.0
760,0,person,0.1406,436.7,524.6,454.9,556.7
760,1,car,0.1310,953.4,405.9,1024.6,452.0
760,4,other_vehicle,0.1213,428.7,532.4,466.3,568.4
761,1,car,0.9254,573.1,634.9,725.6,732.3
761,1,car,0.7979,562.3,480.2,652.0,532.2
761,0,person,0.7555,1061.4,734.4,1092.4,817.1
761,2,large_vehicle,0.6676,1062.6,463.7,1194.1,585.1
761,0,person,0.3758,703.6,476.5,720.9,519.4
761,2,large_vehicle,0.2415,953.8,405.8,1024.6,452.0
761,0,person,0.1380,436.8,524.8,454.9,556.6
761,1,car,0.1329,953.8,405.8,1024.6,452.0
761,4,other_vehicle,0.1255,428.7,532.5,466.3,568.4
762,1,car,0.9253,561.7,637.5,713.8,735.3
762,1,car,0.7630,561.7,479.7,651.5,532.0
762,2,large_vehicle,0.6894,1055.7,465.4,1187.4,587.8
762,0,person,0.4227,1061.7,732.9,1089.3,817.0
762,0,person,0.3018,703.2,475.4,719.2,518.6
762,2,large_vehicle,0.1829,952.5,406.2,1024.2,452.0
762,0,person,0.1516,435.4,523.8,452.5,556.8
763,1,car,0.9253,561.7,637.5,713.7,735.3
763,1,car,0.7555,560.0,479.6,651.6,532.1
763,2,large_vehicle,0.6984,1055.7,465.5,1187.3,587.8
763,0,person,0.4116,1061.8,732.9,1088.9,817.1
763,0,person,0.3039,703.2,475.3,719.5,518.7
763,2,large_vehicle,0.1741,952.8,406.2,1024.5,452.0
763,0,person,0.1468,435.4,523.7,452.5,556.9
764,1,car,0.9240,550.1,639.9,700.6,736.1
764,2,large_vehicle,0.8412,1049.0,465.2,1183.7,589.6
764,1,car,0.7658,561.2,480.5,651.8,532.0
764,0,person,0.4581,1060.4,734.1,1087.5,808.9
764,0,person,0.3749,432.6,526.6,450.3,562.2
764,4,other_vehicle,0.3125,422.6,541.8,459.6,572.6
764,0,person,0.1575,434.6,525.5,450.4,557.8
764,0,person,0.1383,701.8,472.7,718.4,518.2
765,1,car,0.9240,550.1,639.9,700.6,736.1
765,2,large_vehicle,0.8401,1049.0,465.2,1183.7,589.5
765,1,car,0.7579,561.2,480.4,651.8,532.0
765,0,person,0.4662,1060.6,734.1,1087.4,807.1
765,0,person,0.3752,432.8,526.7,450.4,562.2
765,4,other_vehicle,0.3026,422.9,541.8,459.7,572.6
765,0,person,0.1619,434.8,525.6,450.4,557.7
765,0,person,0.1183,701.7,472.8,718.2,518.2
765,2,large_vehicle,0.1117,955.4,406.3,1024.5,452.0
766,1,car,0.9240,550.2,639.9,700.6,736.1
766,2,large_vehicle,0.8450,1049.0,465.3,1183.8,589.6
766,1,car,0.7757,561.3,480.6,651.9,532.0
766,0,person,0.4284,1060.7,734.1,1087.0,807.7
766,0,person,0.3645,432.7,526.4,450.3,562.0
766,4,other_vehicle,0.2976,422.4,541.9,459.5,572.7
766,0,person,0.1809,434.6,525.3,450.3,557.8
766,0,person,0.1129,702.1,473.2,718.3,518.2
766,2,large_vehicle,0.1106,955.5,406.2,1024.5,452.0
767,1,car,0.9252,538.7,642.0,688.7,738.9
767,1,car,0.7296,560.5,480.5,651.6,532.1
767,2,large_vehicle,0.3947,1042.5,468.7,1178.4,590.1
767,0,person,0.3185,431.7,528.0,447.5,561.9
767,0,person,0.2312,1197.6,522.7,1215.5,564.7
767,2,large_vehicle,0.2101,954.2,406.5,1024.7,452.1
767,4,other_vehicle,0.1233,420.3,548.1,449.6,573.8
768,1,car,0.9238,527.5,645.6,678.3,742.8
768,1,car,0.7868,560.3,480.5,652.3,532.0
768,2,large_vehicle,0.7264,1034.9,469.4,1174.4,595.8
768,0,person,0.4727,1057.0,734.2,1083.2,817.2
768,0,person,0.3908,430.1,529.6,447.3,566.9
768,4,other_vehicle,0.3885,417.6,545.3,452.6,574.0
768,2,large_vehicle,0.2098,953.1,406.4,1024.9,451.8
768,0,person,0.2026,1197.3,520.8,1216.3,565.0
768,0,person,0.1074,426.6,529.2,444.4,567.0
769,1,car,0.9238,527.4,645.5,678.4,742.8
769,1,car,0.7736,559.8,480.4,652.2,532.1
769,2,large_vehicle,0.7362,1035.0,469.3,1174.1,595.8
769,0,person,0.6791,1056.8,734.8,1083.4,817.1
769,0,person,0.3706,430.2,529.5,447.4,566.5
769,4,other_vehicle,0.2946,418.3,545.0,452.5,573.8
769,2,large_vehicle,0.1951,953.1,406.7,1024.4,451.9
769,0,person,0.1754,1197.2,520.6,1216.5,565.0
769,4,other_vehicle,0.1139,420.8,544.0,453.0,572.8
770,1,car,0.9237,527.4,645.5,678.4,742.8
770,1,car,0.7760,559.6,480.3,652.2,532.1
770,2,large_vehicle,0.7279,1034.9,469.3,1174.1,595.8
770,0,person,0.6147,1056.8,734.7,1083.2,817.3
770,0,person,0.3724,430.2,529.5,447.4,566.3
770,4,other_vehicle,0.3041,418.3,545.0,452.5,573.8
770,2,large_vehicle,0.1794,953.1,406.7,1024.3,451.9
770,0,person,0.1328,1197.3,520.5,1216.4,564.7
770,4,other_vehicle,0.1005,420.7,544.0,453.1,572.9
771,1,car,0.9230,514.9,647.5,666.0,744.1
771,2,large_vehicle,0.8287,1025.2,469.3,1169.9,599.4
771,0,person,0.7591,1052.7,736.1,1083.0,817.9
771,1,car,0.7525,560.3,479.7,652.0,532.0
771,0,person,0.2305,1138.0,386.0,1149.9,419.1
771,0,person,0.1761,701.7,477.5,716.6,519.5
771,2,large_vehicle,0.1745,952.5,406.5,1024.3,451.9
771,1,car,0.1145,952.5,406.5,1024.3,451.9
772,1,car,0.9228,514.9,647.5,665.9,744.0
772,2,large_vehicle,0.8264,1025.1,469.2,1169.9,599.4
772,0,person,0.7531,1052.8,736.1,1083.1,818.0
772,1,car,0.7349,559.4,479.3,651.8,532.1
772,0,person,0.2885,1137.9,385.9,1150.0,419.1
772,2,large_vehicle,0.1692,952.2,406.4,1024.5,451.9
772,0,person,0.1356,701.4,476.7,716.6,519.5
772,1,car,0.1258,952.2,406.4,1024.5,451.9
773,1,car,0.9173,504.0,649.8,654.5,747.1
773,2,large_vehicle,0.8756,1019.7,472.0,1160.8,600.9
773,1,car,0.7215,562.5,480.2,652.2,531.9
773,0,person,0.6259,1055.3,736.3,1081.2,816.4
773,0,person,0.4605,424.8,527.4,442.9,570.7
773,4,other_vehicle,0.2313,413.4,541.7,449.6,574.8
773,0,person,0.2112,1137.5,387.4,1149.1,418.6
773,0,person,0.1769,1197.1,519.5,1216.9,565.1
773,2,large_vehicle,0.1407,955.2,406.7,1024.7,451.9
774,1,car,0.9172,504.0,649.8,654.5,747.1
774,2,large_vehicle,0.8739,1019.7,471.9,1160.9,600.9
774,1,car,0.6963,560.1,479.7,652.1,531.9
774,0,person,0.6086,1055.4,736.5,1080.8,816.3
774,0,person,0.4630,424.8,527.3,443.0,570.7
774,4,other_vehicle,0.2164,413.5,541.5,449.5,574.7
774,0,person,0.1880,1137.5,387.4,1149.1,418.6
774,0,person,0.1661,1197.1,519.0,1217.0,565.0
774,2,large_vehicle,0.1461,955.1,406.6,1024.7,451.9
774,0,person,0.1222,1137.1,388.3,1150.8,419.5
774,1,car,0.1015,955.1,406.6,1024.7,451.9
775,1,car,0.9173,504.0,649.8,654.6,747.1
775,2,large_vehicle,0.8746,1019.7,472.0,1161.2,600.9
775,1,car,0.6968,559.6,479.6,652.0,531.9
775,0,person,0.6326,1055.3,736.4,1081.0,816.2
775,0,person,0.4439,424.8,527.4,443.0,570.6
775,0,person,0.2816,1137.5,387.0,1149.5,418.7
775,4,other_vehicle,0.2583,413.4,541.6,449.9,574.8
775,0,person,0.1723,1197.1,519.1,1216.9,565.0
775,2,large_vehicle,0.1436,955.1,406.5,1024.5,451.9
775,1,car,0.1062,955.1,406.5,1024.5,451.9
776,1,car,0.9027,492.7,652.5,641.2,749.4
776,1,car,0.7086,559.4,479.0,651.7,532.1
776,0,person,0.6376,1053.0,738.2,1078.9,817.4
776,2,large_vehicle,0.5413,1011.1,474.8,1158.3,602.6
776,0,person,0.3795,420.0,527.3,439.2,566.9
776,4,other_vehicle,0.3545,410.1,540.6,446.7,576.0
776,2,large_vehicle,0.2942,1011.3,475.2,1158.6,602.5
776,0,person,0.2031,700.1,475.0,716.1,518.2
776,0,person,0.1808,1196.9,516.6,1217.2,565.0
776,2,large_vehicle,0.1490,954.5,406.6,1024.4,452.1
777,1,car,0.9027,492.8,652.5,641.2,749.4
777,1,car,0.7076,558.7,478.8,651.7,532.0
777,2,large_vehicle,0.6810,1011.2,474.8,1158.1,602.7
777,0,person,0.6310,1052.9,738.2,1078.9,817.4
777,0,person,0.3699,420.0,527.4,439.2,566.9
777,4,other_vehicle,0.3476,410.1,540.6,446.7,576.0
777,0,person,0.2248,700.0,474.8,716.1,518.2
777,0,person,0.1906,1196.8,516.4,1217.1,564.9
777,2,large_vehicle,0.1655,1011.4,475.2,1158.4,602.5
777,2,large_vehicle,0.1453,954.6,406.5,1024.3,452.1
777,0,person,0.1058,1136.6,386.9,1150.3,419.3
778,1,car,0.9234,479.8,656.0,630.3,752.0
778,2,large_vehicle,0.8128,1002.7,474.3,1151.8,604.3
778,1,car,0.7741,561.0,479.4,651.7,531.7
778,0,person,0.6182,1052.1,738.8,1077.3,817.2
778,4,other_vehicle,0.4249,407.5,542.4,447.6,576.1
778,0,person,0.3618,419.1,528.8,436.3,565.7
778,0,person,0.2280,1197.1,514.0,1216.9,564.5
778,2,large_vehicle,0.2073,953.7,406.4,1024.1,451.8
778,1,car,0.1745,953.7,406.4,1024.1,451.8
778,0,person,0.1679,698.7,474.1,715.6,517.8
779,1,car,0.9234,479.8,656.0,630.3,752.0
779,2,large_vehicle,0.8111,1002.8,474.3,1151.8,604.3
779,1,car,0.7759,560.9,479.4,651.5,531.7
779,0,person,0.6245,1052.1,738.8,1077.3,817.2
779,4,other_vehicle,0.4274,407.5,542.4,447.6,576.0
779,0,person,0.3585,419.1,528.9,436.3,565.6
779,0,person,0.2139,1197.0,514.0,1216.9,564.3
779,2,large_vehicle,0.2069,953.7,406.3,1024.1,451.8
779,1,car,0.1771,953.7,406.3,1024.1,451.8
779,0,person,0.1644,698.7,474.1,715.6,517.7
780,1,car,0.9234,479.8,655.9,630.3,752.0
780,2,large_vehicle,0.8117,1002.7,474.3,1151.8,604.3
780,1,car,0.7690,560.2,479.4,651.5,531.7
780,0,person,0.6292,1051.8,738.8,1077.4,817.0
780,4,other_vehicle,0.4391,407.8,542.7,447.7,576.0
780,0,person,0.3697,419.1,528.8,436.3,565.5
780,0,person,0.2227,1197.1,514.8,1217.0,564.4
780,2,large_vehicle,0.2040,953.6,406.4,1023.9,451.8
780,1,car,0.1708,953.6,406.4,1023.9,451.8
780,0,person,0.1693,698.7,474.2,715.6,517.8
781,1,car,0.9159,470.0,657.6,617.9,754.8
781,1,car,0.7511,559.4,478.4,651.5,531.6
781,0,person,0.6807,1051.5,739.1,1075.7,816.1
781,4,other_vehicle,0.5586,405.0,542.0,442.6,577.0
781,2,large_vehicle,0.4636,994.9,478.7,1144.1,604.0
781,0,person,0.3015,413.7,529.7,433.1,569.8
781,0,person,0.2535,698.5,475.3,715.6,519.2
781,0,person,0.2194,416.6,529.2,436.2,569.1
781,0,person,0.1677,1197.0,517.1,1216.9,564.2
781,2,large_vehicle,0.1415,953.1,406.2,1024.3,451.7
781,1,car,0.1125,953.1,406.2,1024.3,451.7
781,0,person,0.1091,1136.1,387.3,1150.4,419.4
782,1,car,0.9168,469.9,657.7,618.1,754.5
782,1,car,0.7558,559.7,478.6,651.5,531.6
782,0,person,0.6547,1051.9,739.3,1075.8,816.3
782,4,other_vehicle,0.5826,405.0,542.1,442.8,577.0
782,2,large_vehicle,0.4925,994.8,478.4,1144.5,604.9
782,0,person,0.3100,413.7,529.7,433.2,569.5
782,0,person,0.2949,698.2,474.9,715.8,519.0
782,0,person,0.2176,416.7,529.2,436.1,568.8
782,2,large_vehicle,0.1691,953.2,406.1,1024.2,451.8
782,1,car,0.1256,953.2,406.1,1024.2,451.8
782,0,person,0.1235,1136.1,387.2,1150.3,419.5
782,0,person,0.1193,1197.1,517.1,1216.9,564.2
783,1,car,0.9179,458.6,660.1,605.8,754.7
783,1,car,0.7333,562.7,479.4,651.3,531.5
783,0,person,0.6315,1049.7,740.5,1074.1,814.6
783,4,other_vehicle,0.5102,402.6,542.5,438.2,576.9
783,2,large_vehicle,0.5048,986.3,478.4,1141.8,606.0
783,0,person,0.3241,413.1,528.6,432.1,572.5
783,0,person,0.1797,1197.3,516.5,1216.7,564.2
783,0,person,0.1069,415.5,528.4,435.5,573.2
784,1,car,0.9181,458.6,660.1,605.8,754.6
784,1,car,0.7572,562.6,479.6,651.7,531.5
784,0,person,0.5839,1049.8,740.6,1073.9,814.2
784,4,other_vehicle,0.5504,402.8,542.7,438.6,576.9
784,2,large_vehicle,0.4710,986.3,478.4,1141.8,605.3
784,0,person,0.3405,412.9,528.7,432.1,572.2
784,0,person,0.2298,1197.3,516.3,1216.6,564.4
784,0,person,0.1090,1135.9,386.5,1148.4,419.3
784,0,person,0.1070,415.6,528.5,435.5,572.7
785,1,car,0.9180,458.6,660.1,605.7,754.7
785,1,car,0.7421,562.8,479.5,651.6,531.5
785,0,person,0.6357,1049.8,740.7,1073.9,814.6
785,4,other_vehicle,0.5223,402.7,542.7,438.6,576.9
785,2,large_vehicle,0.4604,986.4,478.3,1141.8,605.3
785,0,person,0.3345,413.0,528.8,432.1,572.2
785,0,person,0.1997,1197.3,517.4,1216.6,564.1
785,0,person,0.1027,415.7,528.6,435.5,572.7
786,1,car,0.9155,448.6,661.5,594.4,757.0
786,2,large_vehicle,0.8733,977.5,480.5,1142.1,616.0
786,0,person,0.7006,1047.2,739.5,1074.0,815.4
786,1,car,0.6873,559.4,478.5,651.9,531.6
786,0,person,0.3779,411.5,529.2,429.5,572.0
786,0,person,0.2884,1135.0,385.0,1148.8,419.7
786,4,other_vehicle,0.2282,399.7,544.2,438.0,576.9
786,0,person,0.1975,1197.1,515.5,1216.9,564.3
786,4,other_vehicle,0.1243,399.7,550.5,437.5,578.6
787,1,car,0.9152,448.6,661.5,594.3,757.0
787,2,large_vehicle,0.8692,977.5,480.4,1142.5,615.8
787,0,person,0.7123,1046.8,739.5,1073.6,815.5
787,1,car,0.6963,559.6,478.8,652.2,531.6
787,0,person,0.3721,411.5,529.1,429.5,571.9
787,4,other_vehicle,0.2608,399.8,544.4,437.8,576.9
787,0,person,0.2493,1135.2,384.6,1148.9,419.6
787,0,person,0.1637,1197.2,516.2,1216.7,564.3
787,2,large_vehicle,0.1160,954.7,406.3,1024.5,451.6
787,4,other_vehicle,0.1123,400.1,550.9,437.1,578.5
787,1,car,0.1025,954.7,406.3,1024.5,451.6
788,1,car,0.9200,435.8,664.5,582.2,758.1
788,2,large_vehicle,0.8252,969.9,483.8,1131.6,617.7
788,1,car,0.7778,560.6,479.4,652.3,531.4
788,4,other_vehicle,0.5100,397.4,547.6,436.4,577.6
788,0,person,0.3398,408.8,531.0,426.4,571.3
788,0,person,0.3049,1197.3,518.0,1216.8,564.1
788,0,person,0.2990,1135.4,385.3,1148.5,418.9
788,1,car,0.1069,953.7,406.4,1024.8,451.1
789,1,car,0.9199,435.9,664.5,582.2,758.1
789,2,large_vehicle,0.8276,969.9,483.8,1131.5,617.6
789,1,car,0.7800,560.7,479.4,652.3,531.4
789,4,other_vehicle,0.5169,397.4,547.5,436.4,577.6
789,0,person,0.3423,408.7,530.8,426.4,571.4
789,0,person,0.3362,1197.4,519.1,1216.7,564.3
789,0,person,0.2863,1135.5,385.4,1148.5,418.8
790,1,car,0.9201,435.9,664.5,582.2,758.1
790,2,large_vehicle,0.8220,969.8,483.8,1132.2,617.7
790,1,car,0.7852,560.7,479.5,652.8,531.4
790,4,other_vehicle,0.5077,397.4,547.4,436.5,577.6
790,0,person,0.3424,408.7,530.7,426.5,571.4
790,0,person,0.3102,1135.4,385.3,1148.6,418.9
790,0,person,0.3042,1197.3,518.5,1216.7,564.4
791,1,car,0.9165,426.5,666.9,571.3,761.1
791,2,large_vehicle,0.7693,961.4,483.2,1123.2,621.2
791,1,car,0.7594,561.1,478.6,652.8,531.1
791,4,other_vehicle,0.4203,397.2,548.3,433.5,579.2
791,4,other_vehicle,0.3589,396.9,549.9,433.8,580.1
791,0,person,0.2939,407.3,532.7,426.2,573.1
791,0,person,0.1635,1197.4,516.9,1216.5,563.9
792,1,car,0.9133,415.3,668.0,559.3,764.2
792,2,large_vehicle,0.8484,949.8,485.7,1121.1,622.7
792,1,car,0.7826,561.4,478.7,652.7,531.2
792,0,person,0.1322,1197.1,513.1,1217.0,563.8
792,0,person,0.1130,1043.1,739.4,1068.8,822.3
793,1,car,0.9138,415.3,668.0,559.3,764.1
793,2,large_vehicle,0.8526,949.8,485.6,1121.4,622.7
793,1,car,0.7872,561.5,478.7,653.0,531.2
793,0,person,0.1270,1197.0,512.1,1217.0,563.6
793,0,person,0.1088,1043.0,739.5,1068.9,821.5
794,1,car,0.9136,415.3,668.0,559.3,764.1
794,2,large_vehicle,0.8504,949.8,485.6,1121.4,622.7
794,1,car,0.7903,561.2,478.7,653.0,531.2
794,0,person,0.1415,1043.3,739.5,1068.9,821.4
794,0,person,0.1197,1197.0,512.6,1217.0,563.6
795,1,car,0.9071,404.1,670.5,546.7,765.8
795,2,large_vehicle,0.8887,940.9,486.1,1110.2,626.5
795,1,car,0.7346,559.5,478.1,653.0,531.3
795,0,person,0.4113,1041.4,740.1,1067.1,822.8
795,0,person,0.1762,1197.0,512.5,1217.2,563.9
795,4,other_vehicle,0.1741,390.2,539.8,423.7,579.5
795,0,person,0.1023,401.3,532.8,418.0,569.0
796,1,car,0.9079,404.2,670.5,546.6,765.8
796,2,large_vehicle,0.8911,940.9,486.0,1109.6,626.4
796,1,car,0.7603,560.1,478.6,652.7,531.2
796,0,person,0.2658,1041.0,740.0,1066.8,824.9
796,0,person,0.1945,1197.0,513.5,1217.1,563.8
796,4,other_vehicle,0.1640,390.2,540.2,423.8,579.3
796,0,person,0.1111,401.5,532.9,418.0,568.8
797,1,car,0.9101,394.3,673.2,534.6,766.9
797,2,large_vehicle,0.8057,932.1,490.4,1109.2,629.6
797,1,car,0.7738,561.1,478.8,652.9,531.1
797,4,other_vehicle,0.2576,386.8,540.7,425.4,576.9
797,0,person,0.2175,397.7,532.5,415.7,567.7
797,0,person,0.2175,1197.0,513.3,1217.0,563.7
797,0,person,0.1170,1132.9,385.9,1144.7,417.4
798,1,car,0.9103,394.3,673.2,534.6,766.9
798,2,large_vehicle,0.8101,932.1,490.4,1109.0,629.7
798,1,car,0.7702,560.5,478.9,652.8,531.2
798,4,other_vehicle,0.2793,386.8,540.9,425.4,577.0
798,0,person,0.2346,1197.0,514.6,1217.0,564.0
798,0,person,0.2239,397.7,532.6,415.7,567.7
799,1,car,0.9104,394.3,673.2,534.6,766.8
799,2,large_vehicle,0.7979,932.2,490.4,1109.6,629.5
799,1,car,0.7667,560.1,478.7,652.8,531.2
799,4,other_vehicle,0.2415,386.7,540.6,425.5,577.0
799,0,person,0.2070,397.6,532.4,415.8,567.8
799,0,person,0.1944,1197.0,515.7,1217.0,563.9
800,1,car,0.8861,383.0,674.8,523.1,768.3
800,2,large_vehicle,0.8448,922.3,487.3,1096.5,632.3
800,1,car,0.7720,562.5,478.8,652.4,531.2
800,0,person,0.1219,1197.2,517.3,1216.7,563.7
801,1,car,0.8863,383.1,674.8,523.2,768.2
801,2,large_vehicle,0.8470,922.3,487.3,1096.6,632.4
801,1,car,0.7681,561.9,478.5,652.2,531.3
801,0,person,0.1804,1197.3,518.0,1216.8,563.7
802,1,car,0.8918,371.7,675.8,512.3,770.1
802,2,large_vehicle,0.8705,912.5,492.6,1088.4,634.6
802,1,car,0.7547,563.6,478.9,652.6,531.5
802,0,person,0.5570,1036.9,743.1,1061.1,821.3
802,4,other_vehicle,0.3058,384.0,546.4,418.5,578.2
802,0,person,0.2653,1197.2,516.8,1217.1,563.8
802,4,other_vehicle,0.1478,383.2,552.1,417.8,581.8
802,0,person,0.1193,392.8,534.1,409.8,569.7
803,1,car,0.8918,371.8,675.8,512.3,770.1
803,2,large_vehicle,0.8699,912.5,492.6,1088.5,634.7
803,1,car,0.7525,563.6,478.9,652.6,531.5
803,0,person,0.5051,1036.9,742.9,1060.9,821.5
803,4,other_vehicle,0.3043,383.9,546.5,418.6,578.2
803,0,person,0.2751,1197.1,516.5,1217.1,563.9
803,4,other_vehicle,0.1477,383.2,552.2,417.8,581.8
803,0,person,0.1179,392.9,534.2,409.8,569.6
804,1,car,0.8911,371.8,675.9,512.2,770.1
804,2,large_vehicle,0.8736,912.4,492.6,1088.1,634.8
804,1,car,0.7406,563.4,478.7,652.4,531.5
804,0,person,0.5479,1036.9,743.0,1061.1,821.4
804,4,other_vehicle,0.3086,384.0,546.4,418.5,578.1
804,0,person,0.2360,1197.1,516.2,1217.1,563.7
804,4,other_vehicle,0.1406,383.3,552.2,417.7,581.8
804,0,person,0.1172,392.9,534.1,409.8,569.6
805,1,car,0.8893,362.8,678.6,501.4,772.0
805,2,large_vehicle,0.8816,901.1,494.5,1078.5,639.5
805,1,car,0.7514,564.4,478.9,652.8,531.5
805,0,person,0.6086,1033.9,744.5,1059.2,828.8
805,4,other_vehicle,0.2733,380.6,543.8,413.7,580.6
805,4,other_vehicle,0.2378,380.8,547.0,414.2,582.4
805,0,person,0.1749,390.3,536.8,408.8,578.2
805,0,person,0.1409,1197.1,514.0,1216.9,563.9
806,1,car,0.8884,362.7,678.4,501.4,772.2
806,2,large_vehicle,0.8813,901.5,494.5,1078.1,639.7
806,1,car,0.7428,564.2,478.7,652.8,531.5
806,0,person,0.6291,1033.9,744.5,1059.1,828.4
806,4,other_vehicle,0.2385,380.8,546.9,414.1,582.4
806,4,other_vehicle,0.2382,380.6,543.7,413.6,580.4
806,0,person,0.1768,390.3,536.7,408.8,578.2
806,0,person,0.1620,1197.2,514.7,1216.9,563.9
807,1,car,0.9056,352.5,680.8,490.1,773.8
807,1,car,0.7842,561.0,479.5,652.5,531.0
807,0,person,0.6692,1031.1,745.2,1058.1,827.3
807,2,large_vehicle,0.6637,899.4,497.4,1070.1,637.2
807,0,person,0.3788,1197.2,517.1,1217.0,563.9
807,0,person,0.3267,923.8,612.1,946.7,655.2
807,0,person,0.2492,388.6,537.0,405.3,576.8
807,4,other_vehicle,0.2250,377.1,547.0,413.9,582.9
808,1,car,0.9048,352.5,680.7,490.1,773.8
808,1,car,0.7870,560.8,479.2,652.7,531.1
808,0,person,0.7062,1030.6,745.3,1058.1,828.7
808,2,large_vehicle,0.6377,900.8,497.3,1070.0,635.6
808,0,person,0.4169,1197.2,517.4,1217.1,564.0
808,0,person,0.3402,923.8,612.1,946.7,655.4
808,0,person,0.2467,388.5,537.0,405.4,577.0
808,4,other_vehicle,0.2294,377.1,546.9,414.1,582.9
809,1,car,0.9045,352.5,680.7,490.1,773.8
809,1,car,0.7822,560.9,479.4,652.7,531.1
809,0,person,0.6723,1031.3,745.2,1058.0,827.3
809,2,large_vehicle,0.6429,900.5,497.2,1070.1,635.9
809,0,person,0.4079,1197.2,517.5,1217.0,563.9
809,0,person,0.3353,923.8,612.1,946.7,655.2
809,0,person,0.2488,388.5,537.0,405.4,577.0
809,4,other_vehicle,0.2314,377.1,547.0,414.1,582.9
810,1,car,0.9061,342.2,683.9,480.8,775.2
810,2,large_vehicle,0.8941,880.6,497.7,1062.6,643.1
810,1,car,0.7853,563.5,478.2,652.4,531.2
810,0,person,0.7045,1026.0,746.8,1056.1,832.3
810,0,person,0.2292,1131.8,386.2,1143.7,417.9
810,0,person,0.1851,1196.9,514.8,1217.2,564.1
810,0,person,0.1000,692.9,476.5,710.4,519.7
811,1,car,0.9054,342.2,683.9,480.8,775.2
811,2,large_vehicle,0.8920,880.5,497.6,1062.8,643.3
811,1,car,0.7749,563.0,478.2,652.3,531.2
811,0,person,0.6587,1026.2,746.8,1056.1,832.6
811,0,person,0.2251,1131.7,386.1,1143.7,418.0
811,0,person,0.1400,1196.9,513.2,1217.1,563.9
811,0,person,0.1176,693.0,477.0,710.4,519.7
812,1,car,0.9054,332.7,684.1,467.2,775.8
812,2,large_vehicle,0.8947,869.4,498.4,1055.8,638.3
812,1,car,0.7778,562.1,478.2,652.3,531.3
812,0,person,0.7229,1025.3,748.3,1054.1,831.6
812,0,person,0.4637,904.9,611.7,924.5,668.1
812,0,person,0.3861,1131.4,386.7,1143.7,419.1
812,0,person,0.2521,691.2,478.9,709.3,521.0
812,0,person,0.2227,1196.7,513.0,1217.5,564.2
812,0,person,0.1431,1001.6,587.0,1024.8,623.5
813,1,car,0.9049,332.7,684.1,467.2,775.8
813,2,large_vehicle,0.8952,869.6,498.4,1055.6,638.4
813,1,car,0.7680,563.5,478.3,652.1,531.3
813,0,person,0.7176,1025.5,748.2,1054.1,831.1
813,0,person,0.4658,905.0,611.8,924.4,668.1
813,0,person,0.3810,1131.4,386.7,1143.7,419.0
813,0,person,0.2211,1196.7,512.5,1217.6,564.2
813,0,person,0.2081,691.2,478.9,709.2,520.8
813,0,person,0.1525,1001.6,587.0,1024.7,623.4
814,1,car,0.9054,332.7,684.1,467.2,775.8
814,2,large_vehicle,0.8945,869.6,498.3,1055.5,638.4
814,1,car,0.7855,563.9,478.5,652.3,531.3
814,0,person,0.7194,1025.5,748.2,1054.2,830.8
814,0,person,0.4751,904.9,611.8,924.4,668.4
814,0,person,0.3800,1131.4,386.7,1143.7,419.1
814,0,person,0.2671,1196.7,511.4,1217.6,564.0
814,0,person,0.2590,691.2,479.1,709.2,520.9
814,0,person,0.1507,1001.6,587.0,1024.8,623.4
815,1,car,0.8921,322.1,686.0,457.5,776.8
815,2,large_vehicle,0.8373,861.1,503.3,1048.4,653.5
815,1,car,0.7619,560.9,478.4,651.9,531.2
815,0,person,0.6946,1024.8,748.6,1051.9,833.9
815,0,person,0.2592,690.7,481.2,708.0,521.1
815,0,person,0.2326,1131.1,386.7,1143.3,419.3
815,0,person,0.2187,1196.7,509.6,1217.3,563.8
816,1,car,0.9067,313.7,688.6,446.2,778.2
816,2,large_vehicle,0.8820,849.4,505.2,1039.8,656.6
816,1,car,0.8052,561.3,479.1,652.4,531.0
816,0,person,0.6597,1023.3,748.7,1052.0,835.0
816,0,person,0.4778,1130.3,386.5,1142.7,418.6
816,0,person,0.3576,1196.4,505.8,1217.6,564.1
816,4,other_vehicle,0.1977,368.2,551.3,403.1,585.3
816,0,person,0.1563,689.7,479.9,707.3,521.4
817,1,car,0.9066,313.7,688.6,446.2,778.2
817,2,large_vehicle,0.8817,849.3,505.1,1039.8,656.7
817,1,car,0.8032,561.4,479.0,652.5,531.1
817,0,person,0.6124,1023.9,748.6,1052.0,831.3
817,0,person,0.4903,1130.2,386.1,1142.8,418.8
817,0,person,0.2257,1196.4,505.9,1217.6,564.0
817,4,other_vehicle,0.1629,368.4,551.1,403.5,585.4
817,0,person,0.1415,689.8,480.9,707.1,521.3
818,1,car,0.9070,313.7,688.6,446.1,778.2
818,2,large_vehicle,0.8814,849.3,505.1,1039.9,656.8
818,1,car,0.8041,561.4,479.0,652.4,531.1
818,0,person,0.6344,1023.6,748.6,1052.4,833.7
818,0,person,0.4852,1130.3,386.1,1142.8,418.5
818,0,person,0.2535,1196.4,506.0,1217.6,564.0
818,4,other_vehicle,0.1701,368.2,551.3,403.5,585.4
818,0,person,0.1608,689.8,480.9,707.2,521.3
819,1,car,0.9065,303.5,690.4,436.1,779.0
819,2,large_vehicle,0.8162,836.6,506.9,1030.5,660.2
819,1,car,0.7771,562.9,478.4,652.1,531.2
819,0,person,0.5223,1023.0,750.2,1049.3,817.9
819,0,person,0.5060,388.7,740.0,412.4,792.6
819,0,person,0.2188,1196.7,510.1,1217.2,563.8
819,4,other_vehicle,0.1893,365.8,552.5,400.8,585.3
819,0,person,0.1010,376.6,540.8,394.1,578.4
820,1,car,0.9064,303.5,690.4,436.1,778.9
820,2,large_vehicle,0.8596,836.6,506.8,1030.5,660.1
820,1,car,0.7656,562.0,478.3,651.9,531.3
820,0,person,0.5239,1023.1,750.4,1049.0,816.7
820,0,person,0.5155,388.7,740.0,412.3,792.6
820,0,person,0.2699,1196.7,509.1,1217.1,563.7
820,4,other_vehicle,0.2205,365.9,552.4,401.3,585.1
820,0,person,0.1145,376.5,541.2,394.2,578.5
821,1,car,0.8982,294.4,692.5,424.3,780.4
821,1,car,0.7719,561.9,478.9,652.3,531.2
821,2,large_vehicle,0.7493,825.9,507.3,1025.1,666.5
821,0,person,0.5769,1021.1,750.8,1049.9,832.5
821,2,large_vehicle,0.2292,826.2,507.2,1024.9,667.0
821,0,person,0.2155,1196.4,507.5,1217.4,563.9
821,4,other_vehicle,0.1524,362.9,555.3,404.0,586.6
821,0,person,0.1378,1018.9,749.7,1050.3,838.8
822,1,car,0.8982,294.5,692.5,424.3,780.4
822,1,car,0.7635,562.0,478.8,652.3,531.2
822,2,large_vehicle,0.6145,826.4,507.3,1024.8,667.0
822,0,person,0.5737,1021.0,750.8,1049.9,833.1
822,2,large_vehicle,0.4131,826.1,507.4,1025.0,666.5
822,0,person,0.1837,1196.4,507.2,1217.3,563.8
822,4,other_vehicle,0.1504,362.9,555.4,403.7,586.5
822,0,person,0.1391,1018.8,749.6,1050.3,838.9
823,1,car,0.8981,294.4,692.5,424.3,780.4
823,1,car,0.7795,563.5,479.0,652.9,531.1
823,2,large_vehicle,0.6166,826.0,507.2,1025.6,666.5
823,0,person,0.5836,1020.8,750.7,1049.9,833.4
823,2,large_vehicle,0.3861,826.3,507.2,1025.3,666.9
823,0,person,0.2187,1196.5,508.0,1217.3,563.8
823,4,other_vehicle,0.2034,363.1,554.9,404.2,586.5
823,0,person,0.1271,1018.6,749.6,1050.2,839.1
824,1,car,0.8886,285.8,694.9,413.7,780.7
824,2,large_vehicle,0.7873,816.1,510.8,1013.6,670.1
824,1,car,0.7194,561.9,478.7,652.2,531.0
824,0,person,0.5519,1019.2,750.0,1048.6,838.8
824,4,other_vehicle,0.4971,360.4,549.5,396.4,586.8
824,0,person,0.2849,1196.6,508.3,1217.4,563.8
824,0,person,0.1221,1129.5,386.2,1140.8,417.8
824,2,large_vehicle,0.1023,561.9,478.7,652.2,531.0
825,1,car,0.8888,285.9,695.0,413.7,780.7
825,2,large_vehicle,0.8051,815.9,511.2,1013.6,670.0
825,1,car,0.7253,561.9,478.7,652.2,531.0
825,0,person,0.5830,1019.2,750.0,1048.8,839.1
825,4,other_vehicle,0.5127,360.3,549.4,396.7,586.8
825,0,person,0.2404,1196.5,509.5,1217.5,564.0
825,0,person,0.1306,1129.4,386.2,1140.8,417.8
825,0,person,0.1187,1197.4,508.8,1219.7,564.1
825,2,large_vehicle,0.1021,561.9,478.7,652.2,531.0
826,2,large_vehicle,0.8805,804.7,513.6,1005.4,673.2
826,1,car,0.8544,277.9,696.6,404.9,783.5
826,1,car,0.7887,562.4,479.1,652.5,531.0
826,4,other_vehicle,0.3197,357.1,548.0,393.6,587.1
826,0,person,0.2654,1017.9,750.0,1048.8,839.8
826,0,person,0.2436,1196.5,508.9,1217.4,563.8
826,0,person,0.1549,1016.7,749.4,1049.7,839.7
827,2,large_vehicle,0.8807,804.7,513.6,1005.4,673.2
827,1,car,0.8541,277.9,696.6,404.9,783.5
827,1,car,0.7907,562.4,479.1,652.4,531.0
827,4,other_vehicle,0.3225,357.1,548.0,393.6,587.1
827,0,person,0.2640,1017.9,750.0,1048.8,839.8
827,0,person,0.2452,1196.5,509.2,1217.4,563.8
827,0,person,0.1520,1016.7,749.5,1049.7,839.7
828,2,large_vehicle,0.8820,804.8,513.6,1005.3,673.2
828,1,car,0.8559,277.9,696.6,404.9,783.5
828,1,car,0.7972,562.3,479.5,652.5,531.0
828,4,other_vehicle,0.3278,357.2,548.0,393.6,587.1
828,0,person,0.2451,1018.1,750.1,1049.1,839.6
828,0,person,0.2154,1196.5,509.6,1217.3,563.7
828,0,person,0.1705,1016.9,749.6,1050.1,839.5
828,2,large_vehicle,0.1001,954.3,406.2,1025.3,451.0
829,2,large_vehicle,0.9147,794.0,516.3,995.2,677.0
829,1,car,0.7708,563.4,478.5,652.5,531.2
829,1,car,0.6733,266.5,695.9,395.1,783.7
829,0,person,0.2167,1196.6,508.4,1217.5,563.4
829,0,person,0.1331,1018.5,751.3,1044.0,826.5
829,2,large_vehicle,0.1033,951.9,405.6,1024.9,450.9
829,4,other_vehicle,0.1019,351.2,547.4,393.1,587.7
830,2,large_vehicle,0.9169,794.1,516.3,995.1,676.9
830,1,car,0.7680,563.4,478.4,652.6,531.3
830,1,car,0.6581,266.1,695.9,395.1,783.7
830,0,person,0.2791,1018.6,751.8,1043.8,824.8
830,0,person,0.2209,1196.6,508.5,1217.5,563.8
830,0,person,0.1425,1017.1,750.4,1046.1,839.7
830,2,large_vehicle,0.1076,951.9,405.6,1024.9,450.9
831,2,large_vehicle,0.8554,780.1,519.2,988.7,679.4
831,1,car,0.8073,260.3,698.6,384.9,784.3
831,1,car,0.7455,563.4,478.9,652.1,531.3
831,4,other_vehicle,0.3171,350.7,546.5,389.1,589.0
831,0,person,0.2823,926.2,610.6,948.7,662.2
831,0,person,0.1854,1196.7,508.9,1217.2,563.7
831,0,person,0.1445,1127.9,386.9,1139.4,417.8
832,2,large_vehicle,0.8575,780.0,518.7,988.8,679.4
832,1,car,0.8108,259.9,698.7,384.9,784.4
832,1,car,0.7425,562.7,478.8,652.1,531.3
832,4,other_vehicle,0.3284,350.6,546.6,389.1,589.1
832,0,person,0.2708,926.2,610.6,948.7,662.3
832,0,person,0.1877,1196.7,509.0,1217.4,563.6
833,2,large_vehicle,0.8561,780.0,518.7,988.7,679.4
833,1,car,0.8105,259.9,698.6,384.9,784.3
833,1,car,0.7387,562.7,478.8,652.1,531.3
833,4,other_vehicle,0.3299,350.7,546.7,389.1,589.1
833,0,person,0.2708,926.2,610.5,948.7,662.2
833,0,person,0.1962,1196.8,509.2,1217.2,563.5
833,0,person,0.1111,1128.1,386.9,1139.6,417.5
834,2,large_vehicle,0.8827,769.7,519.0,979.4,682.5
834,1,car,0.7656,242.5,700.0,374.9,784.8
834,1,car,0.6988,561.0,478.5,652.2,531.3
834,0,person,0.5860,1012.1,753.7,1044.2,838.5
834,4,other_vehicle,0.2966,349.1,553.1,389.0,589.5
834,0,person,0.2917,1196.7,509.3,1217.3,563.6
834,0,person,0.2176,920.6,613.5,947.5,668.2
835,2,large_vehicle,0.8860,769.5,519.0,978.7,682.4
835,1,car,0.7635,242.3,700.1,374.9,784.8
835,1,car,0.6982,561.3,478.6,652.2,531.3
835,0,person,0.5990,1012.3,753.8,1043.7,838.3
835,4,other_vehicle,0.2977,349.2,552.7,388.9,589.5
835,0,person,0.2487,1196.8,510.0,1217.3,563.7
835,0,person,0.1899,920.5,613.5,947.6,668.3
835,0,person,0.1175,1197.6,509.0,1219.4,563.7
836,2,large_vehicle,0.8904,756.0,520.7,968.5,685.5
836,1,car,0.7801,562.0,479.1,652.0,531.1
836,1,car,0.6324,233.7,700.4,363.7,786.5
836,4,other_vehicle,0.4669,348.7,557.0,383.7,588.5
836,0,person,0.2390,1011.0,753.5,1043.6,839.9
836,0,person,0.2239,1196.7,508.0,1217.4,563.7
836,0,person,0.1510,354.2,538.8,376.0,580.4
836,2,large_vehicle,0.1269,954.7,407.6,1023.7,451.1
837,2,large_vehicle,0.8904,756.0,520.7,968.6,685.5
837,1,car,0.7645,561.6,479.3,652.0,531.1
837,1,car,0.6375,233.6,700.4,363.7,786.5
837,4,other_vehicle,0.4702,348.7,557.0,383.8,588.5
837,0,person,0.3341,1010.9,753.5,1043.4,839.9
837,0,person,0.2614,1196.8,507.2,1217.4,563.7
837,0,person,0.1598,354.0,538.5,376.1,580.4
837,2,large_vehicle,0.1371,954.7,407.7,1023.5,451.0
838,2,large_vehicle,0.8909,756.0,520.5,967.9,685.5
838,1,car,0.7571,560.8,478.9,652.3,531.1
838,1,car,0.6355,233.5,700.3,363.8,786.5
838,0,person,0.4826,1010.8,753.6,1043.0,839.9
838,4,other_vehicle,0.4737,348.7,556.9,383.8,588.5
838,0,person,0.2837,1196.7,506.0,1217.5,563.5
838,0,person,0.1648,353.7,538.5,376.2,580.4
838,2,large_vehicle,0.1304,954.7,407.3,1023.9,451.1
839,2,large_vehicle,0.9076,743.7,524.3,959.9,690.1
839,1,car,0.7524,563.6,478.5,652.4,531.3
839,1,car,0.6925,231.6,702.8,355.7,787.8
839,4,other_vehicle,0.3770,347.5,559.0,384.3,588.4
839,0,person,0.2228,1009.4,754.3,1039.8,835.9
839,0,person,0.2135,1196.6,506.9,1217.3,563.4
839,0,person,0.1899,351.7,538.8,373.6,581.2
840,2,large_vehicle,0.9139,732.3,527.1,946.6,691.7
840,1,car,0.7421,560.6,478.7,652.5,531.1
840,1,car,0.7256,226.6,704.5,346.6,787.3
840,4,other_vehicle,0.3580,343.6,555.3,379.6,588.8
840,0,person,0.3153,347.3,537.8,370.8,580.8
840,0,person,0.2471,1002.5,754.3,1037.4,841.3
840,0,person,0.2203,1007.8,754.6,1036.3,839.0
840,0,person,0.1460,1196.7,507.7,1217.2,563.4
840,0,person,0.1360,345.8,538.6,366.5,578.0
841,2,large_vehicle,0.9113,732.3,527.1,946.8,691.7
841,1,car,0.7352,561.7,478.7,652.6,531.1
841,1,car,0.7254,226.6,704.5,346.6,787.2
841,4,other_vehicle,0.3555,343.8,555.5,379.3,588.8
841,0,person,0.3052,347.4,537.5,370.9,581.0
841,0,person,0.2753,1002.0,754.5,1037.3,841.4
841,0,person,0.2580,1007.4,754.7,1036.1,839.3
841,0,person,0.1360,1196.7,508.3,1217.2,563.4
841,0,person,0.1256,345.8,538.5,366.5,578.0
842,2,large_vehicle,0.9133,732.3,527.2,946.8,691.7
842,1,car,0.7325,561.7,478.7,652.6,531.1
842,1,car,0.7261,226.6,704.5,346.6,787.1
842,4,other_vehicle,0.3710,343.8,555.5,379.7,588.8
842,0,person,0.3050,347.4,537.6,370.9,580.7
842,0,person,0.2635,1002.2,754.4,1037.2,841.3
842,0,person,0.2530,1007.7,754.6,1036.2,839.1
842,0,person,0.1359,1196.8,508.4,1217.2,563.3
842,0,person,0.1249,345.8,538.6,366.5,577.9
843,2,large_vehicle,0.9113,719.9,530.3,937.7,694.9
843,1,car,0.7721,219.7,703.5,335.6,788.6
843,1,car,0.7179,561.5,478.2,652.3,531.2
843,0,person,0.2141,348.3,539.3,369.9,580.3
843,0,person,0.1922,1196.5,506.9,1217.4,563.6
843,4,other_vehicle,0.1852,342.4,556.4,378.5,589.1
843,0,person,0.1808,346.5,539.9,365.8,578.1
843,4,other_vehicle,0.1250,342.3,557.0,371.1,589.0
844,2,large_vehicle,0.9116,719.9,530.3,937.9,694.9
844,1,car,0.7694,219.5,703.5,335.6,788.6
844,1,car,0.7404,561.4,478.5,652.3,531.2
844,0,person,0.2604,1196.6,507.1,1217.3,563.6
844,0,person,0.2078,348.3,539.2,369.8,580.3
844,0,person,0.1682,346.5,539.8,365.7,578.0
844,4,other_vehicle,0.1441,343.2,555.9,376.7,589.0
844,4,other_vehicle,0.1342,342.5,556.4,370.5,589.0
845,2,large_vehicle,0.8643,708.5,533.2,927.8,699.0
845,1,car,0.7234,210.7,704.3,328.0,790.2
845,1,car,0.7180,561.4,479.0,652.5,531.1
845,0,person,0.3276,344.8,539.8,365.0,579.9
845,0,person,0.2584,1196.6,507.3,1217.3,563.7
845,4,other_vehicle,0.1555,342.0,554.0,368.3,589.7
845,0,person,0.1441,1004.0,758.4,1033.0,840.0
845,2,large_vehicle,0.1329,954.3,406.5,1023.9,451.0
845,0,person,0.1152,347.6,540.0,368.6,581.2
846,2,large_vehicle,0.8623,708.4,533.2,927.9,699.0
846,1,car,0.7189,561.5,479.1,652.5,531.0
846,1,car,0.7171,210.8,704.4,327.9,790.2
846,0,person,0.3193,344.8,539.9,364.9,579.8
846,0,person,0.2238,1196.6,507.6,1217.3,563.8
846,2,large_vehicle,0.1523,954.5,406.5,1023.5,451.0
846,4,other_vehicle,0.1438,342.1,554.0,368.3,589.6
846,0,person,0.1235,1003.9,758.3,1033.0,840.1
846,0,person,0.1222,347.6,540.1,368.6,581.1
846,4,other_vehicle,0.1044,343.0,555.6,375.4,589.8
847,2,large_vehicle,0.8701,708.5,532.9,927.8,699.1
847,1,car,0.7246,210.8,704.3,327.9,790.2
847,1,car,0.7067,561.7,479.0,652.5,531.1
847,0,person,0.3026,344.8,540.1,364.8,579.9
847,4,other_vehicle,0.1834,342.0,554.3,369.0,589.6
847,2,large_vehicle,0.1650,954.4,406.4,1024.2,451.1
847,0,person,0.1326,347.6,540.2,368.6,581.2
847,0,person,0.1169,1196.7,507.7,1217.1,563.4
847,0,person,0.1167,1003.9,758.3,1032.8,840.1
847,4,other_vehicle,0.1016,343.6,555.9,373.9,589.9
848,2,large_vehicle,0.8087,696.0,535.0,917.4,702.6
848,1,car,0.7428,561.8,478.4,651.9,530.9
848,1,car,0.6948,203.7,706.3,318.7,789.9
848,0,person,0.3066,1004.6,759.1,1030.6,831.4
848,0,person,0.2367,345.8,541.8,365.8,584.9
848,0,person,0.1219,346.4,541.3,364.4,580.7
848,2,large_vehicle,0.1177,953.0,406.1,1024.2,450.9
848,0,person,0.1138,1196.9,509.7,1217.0,563.3
849,2,large_vehicle,0.8115,696.1,534.9,917.3,702.7
849,1,car,0.7405,562.0,478.5,651.8,530.9
849,1,car,0.7018,203.7,706.3,318.8,789.9
849,0,person,0.2958,1004.4,759.1,1030.5,831.1
849,0,person,0.2056,345.7,541.9,365.8,584.8
849,0,person,0.1713,346.4,541.3,364.4,580.8
849,1,car,0.1124,1286.3,592.8,1342.0,677.1
850,1,car,0.7603,196.3,706.9,309.3,790.0
850,1,car,0.7192,564.9,479.1,652.0,530.9
850,2,large_vehicle,0.6184,681.7,537.6,909.7,708.4
850,0,person,0.3841,343.4,537.9,364.3,583.3
850,0,person,0.2192,681.0,481.0,697.7,523.6
850,0,person,0.1610,1196.9,507.9,1216.8,563.4
851,1,car,0.7599,196.2,706.9,309.3,790.0
851,1,car,0.7199,564.9,479.1,652.0,530.9
851,2,large_vehicle,0.6221,681.7,537.6,909.7,708.3
851,0,person,0.3823,343.4,537.9,364.3,583.3
851,0,person,0.2179,681.0,481.0,697.8,523.6
851,0,person,0.1604,1196.9,507.8,1216.8,563.3
852,1,car,0.7578,196.4,706.9,309.3,790.0
852,1,car,0.7066,563.7,478.9,651.9,531.0
852,2,large_vehicle,0.4456,681.6,537.6,909.4,708.6
852,0,person,0.3956,343.4,537.9,364.3,583.2
852,0,person,0.2460,681.0,481.0,697.8,523.6
852,0,person,0.1814,1196.9,507.6,1216.9,563.3
853,1,car,0.7447,191.4,708.6,300.8,789.7
853,2,large_vehicle,0.7314,669.3,539.4,894.9,711.0
853,1,car,0.6955,561.2,479.2,652.1,530.8
853,0,person,0.5848,1001.4,760.6,1028.6,833.9
853,2,large_vehicle,0.2698,669.6,540.6,894.5,711.2
853,0,person,0.1694,1196.9,509.7,1217.1,563.2
853,0,person,0.1292,343.2,542.7,362.5,585.0
853,2,large_vehicle,0.1076,561.2,479.2,652.1,530.8
853,0,person,0.1041,680.8,482.1,697.1,523.9
853,0,person,0.1036,343.2,541.1,362.1,580.8
854,2,large_vehicle,0.8412,669.5,540.4,894.1,711.3
854,1,car,0.7410,191.2,708.6,300.9,789.8
854,1,car,0.6876,561.3,479.2,652.0,530.8
854,0,person,0.6554,1001.3,760.4,1028.9,833.9
854,0,person,0.1920,1196.9,509.3,1217.2,563.3
854,0,person,0.1358,343.2,542.9,362.3,584.8
854,2,large_vehicle,0.1085,561.3,479.2,652.0,530.8
854,0,person,0.1045,680.8,482.1,697.1,523.9
855,2,large_vehicle,0.8903,657.4,542.8,885.4,714.0
855,1,car,0.7867,153.8,711.6,291.9,793.0
855,1,car,0.7150,561.0,479.7,651.8,530.6
855,0,person,0.2509,341.8,543.4,359.7,579.0
855,0,person,0.2486,999.9,761.3,1024.0,837.0
855,0,person,0.2357,1197.0,512.4,1217.1,563.4
855,0,person,0.2346,680.3,482.8,697.7,525.0
855,2,large_vehicle,0.1853,954.5,406.9,1023.5,451.1
855,2,large_vehicle,0.1177,561.0,479.7,651.8,530.6
856,2,large_vehicle,0.8917,657.5,542.8,885.0,714.0
856,1,car,0.7890,153.0,711.6,291.8,793.1
856,1,car,0.6977,561.2,479.6,652.0,530.7
856,0,person,0.2410,1000.1,761.4,1024.0,836.7
856,0,person,0.2378,341.8,543.6,359.8,578.8
856,0,person,0.1913,680.3,482.7,697.7,524.9
856,0,person,0.1878,1196.9,510.6,1217.1,563.3
856,2,large_vehicle,0.1428,954.5,406.9,1023.3,451.0
856,2,large_vehicle,0.1314,561.2,479.6,652.0,530.7
856,3,motorcycle,0.1004,337.4,554.3,363.3,586.8
857,2,large_vehicle,0.8906,657.5,542.8,885.3,713.9
857,1,car,0.7884,153.3,711.6,291.8,793.1
857,1,car,0.6967,561.2,479.6,651.9,530.7
857,0,person,0.2466,1000.1,761.4,1024.0,837.0
857,0,person,0.2375,341.8,543.4,359.8,578.8
857,0,person,0.2043,680.3,482.8,697.6,525.0
857,0,person,0.1842,1196.9,510.8,1217.1,563.3
857,2,large_vehicle,0.1484,954.5,406.9,1023.3,451.0
857,2,large_vehicle,0.1331,561.2,479.6,651.9,530.7
858,2,large_vehicle,0.9051,643.3,544.8,869.9,716.9
858,1,car,0.7589,154.4,712.2,284.2,792.4
858,1,car,0.7094,561.8,478.7,651.6,530.7
858,0,person,0.3240,998.8,761.5,1022.2,841.5
858,0,person,0.2168,680.2,482.9,696.6,525.1
858,2,large_vehicle,0.1165,952.3,406.7,1024.2,450.8
858,2,large_vehicle,0.1148,561.8,478.7,651.6,530.7
859,2,large_vehicle,0.9073,643.4,544.9,870.2,716.9
859,1,car,0.7575,154.3,712.2,284.2,792.3
859,1,car,0.7148,561.7,478.9,651.6,530.7
859,0,person,0.3586,998.7,761.6,1022.8,841.7
859,0,person,0.2301,680.2,482.8,696.7,525.2
859,2,large_vehicle,0.1263,953.3,406.9,1024.6,450.9
859,2,large_vehicle,0.1066,561.7,478.9,651.6,530.7
860,2,large_vehicle,0.9172,632.6,548.3,860.8,719.4
860,1,car,0.6450,561.3,479.2,652.1,530.8
860,1,car,0.5746,156.8,713.4,274.6,792.4
860,0,person,0.2204,679.2,483.0,695.5,525.6
860,0,person,0.2186,996.0,759.1,1020.8,845.1
860,2,large_vehicle,0.1565,561.3,479.2,652.1,530.8
860,0,person,0.1395,1196.6,507.3,1217.2,563.1
860,2,large_vehicle,0.1365,156.8,713.4,274.6,792.4
860,2,large_vehicle,0.1104,954.5,406.6,1024.6,450.9
861,2,large_vehicle,0.9155,632.7,548.3,860.8,719.4
861,1,car,0.6263,560.7,479.2,652.1,530.7
861,1,car,0.5702,156.9,713.3,274.6,792.4
861,0,person,0.2382,996.1,759.2,1020.7,845.0
861,0,person,0.2181,679.3,483.0,695.6,525.6
861,2,large_vehicle,0.1663,560.7,479.2,652.1,530.7
861,0,person,0.1514,1196.7,506.9,1217.2,563.2
861,2,large_vehicle,0.1348,156.9,713.3,274.6,792.4
862,2,large_vehicle,0.9165,632.6,548.4,860.9,719.4
862,1,car,0.6157,560.5,479.0,652.3,530.7
862,1,car,0.5765,156.9,713.3,274.6,792.3
862,0,person,0.2697,996.1,759.4,1020.7,845.2
862,0,person,0.2149,679.3,483.0,695.6,525.7
862,2,large_vehicle,0.1821,560.5,479.0,652.3,530.7
862,0,person,0.1515,1196.8,507.4,1217.1,563.1
862,2,large_vehicle,0.1357,156.9,713.3,274.6,792.3
863,2,large_vehicle,0.9137,618.0,550.4,849.7,723.9
863,1,car,0.6070,159.4,712.3,267.0,793.0
863,1,car,0.5857,560.4,478.5,652.2,530.9
863,0,person,0.4976,994.8,761.1,1018.8,842.5
863,0,person,0.2816,1196.6,507.8,1217.3,563.3
863,0,person,0.1735,332.6,552.0,348.6,587.5
863,2,large_vehicle,0.1462,560.4,478.5,652.2,530.9
864,2,large_vehicle,0.9023,605.5,552.5,835.0,726.3
864,1,car,0.6496,561.5,479.5,652.5,530.5
864,0,person,0.5936,993.8,763.6,1016.5,835.0
864,1,car,0.5400,158.2,713.1,259.9,792.3
864,0,person,0.2279,1197.0,512.2,1216.9,563.6
864,2,large_vehicle,0.1901,954.9,406.7,1025.1,450.9
864,2,large_vehicle,0.1253,561.5,479.5,652.5,530.5
864,2,large_vehicle,0.1178,158.2,713.1,259.9,792.3
865,2,large_vehicle,0.9006,605.6,552.5,834.9,726.3
865,1,car,0.6114,561.3,479.4,652.7,530.7
865,0,person,0.5943,993.8,763.5,1016.5,834.9
865,1,car,0.5505,158.2,713.0,259.9,792.3
865,0,person,0.2492,1197.0,512.0,1217.0,563.7
865,2,large_vehicle,0.1951,954.8,406.5,1025.0,450.8
865,2,large_vehicle,0.1351,561.3,479.4,652.7,530.7
865,2,large_vehicle,0.1105,158.2,713.0,259.9,792.3
866,2,large_vehicle,0.9001,605.5,552.5,835.0,726.3
866,0,person,0.6176,993.8,763.6,1016.4,834.8
866,1,car,0.6112,561.3,479.4,652.7,530.7
866,1,car,0.5543,158.2,713.0,259.9,792.3
866,0,person,0.2473,1197.0,512.2,1217.0,563.6
866,2,large_vehicle,0.2048,954.8,406.5,1025.1,450.8
866,2,large_vehicle,0.1376,561.3,479.4,652.7,530.7
866,2,large_vehicle,0.1097,158.2,713.0,259.9,792.3
867,2,large_vehicle,0.9166,592.7,557.7,827.1,731.0
867,1,car,0.6639,561.7,478.6,653.3,530.8
867,0,person,0.6240,991.8,763.9,1016.0,843.4
867,1,car,0.3888,149.4,717.0,252.5,792.7
867,2,large_vehicle,0.2309,953.3,406.4,1025.2,450.8
867,2,large_vehicle,0.2132,149.4,717.0,252.5,792.7
867,0,person,0.1684,1196.9,510.0,1217.1,563.6
867,1,car,0.1013,953.3,406.4,1025.2,450.8
868,2,large_vehicle,0.9173,592.8,557.8,826.9,731.0
868,1,car,0.6624,562.9,479.0,652.6,530.8
868,0,person,0.6282,991.8,763.8,1016.1,843.5
868,1,car,0.3875,149.0,717.0,252.5,792.7
868,2,large_vehicle,0.2164,149.0,717.0,252.5,792.7
868,2,large_vehicle,0.2076,953.0,406.5,1025.2,450.8
868,0,person,0.1717,1196.9,509.3,1217.1,563.6
869,2,large_vehicle,0.8800,579.6,558.9,812.4,732.1
869,0,person,0.6968,989.3,765.2,1014.3,845.7
869,1,car,0.6726,560.5,478.9,652.6,530.9
869,1,car,0.2855,142.1,716.5,244.0,794.4
869,2,large_vehicle,0.2474,142.1,716.5,244.0,794.4
869,0,person,0.1881,1196.8,509.9,1217.1,563.7
869,2,large_vehicle,0.1237,955.4,407.0,1025.4,450.8
870,2,large_vehicle,0.8817,579.6,558.9,812.4,732.1
870,0,person,0.7015,989.3,765.2,1014.3,845.7
870,1,car,0.6519,560.7,478.8,652.2,530.9
870,1,car,0.2771,142.2,716.5,244.0,794.2
870,2,large_vehicle,0.2520,142.2,716.5,244.0,794.2
870,0,person,0.2034,1196.9,510.2,1217.2,563.7
870,2,large_vehicle,0.1399,955.5,407.1,1025.6,450.8
870,2,large_vehicle,0.1121,560.7,478.8,652.2,530.9
871,2,large_vehicle,0.8784,579.6,558.9,812.3,732.1
871,0,person,0.7063,989.1,765.7,1014.1,845.4
871,1,car,0.6546,560.7,478.8,652.3,530.9
871,1,car,0.2783,142.1,716.5,244.0,794.3
871,2,large_vehicle,0.2558,142.1,716.5,244.0,794.3
871,0,person,0.2340,1196.9,509.6,1217.1,564.0
871,2,large_vehicle,0.1126,560.7,478.8,652.3,530.9
871,2,large_vehicle,0.1020,955.7,406.6,1025.0,450.8
872,2,large_vehicle,0.7498,567.2,561.8,801.8,735.1
872,0,person,0.7258,986.2,766.3,1012.3,845.1
872,1,car,0.6175,140.0,715.6,237.1,793.5
872,1,car,0.6164,560.8,478.7,652.5,530.8
872,0,person,0.2846,1197.0,511.4,1216.9,563.9
872,0,person,0.1164,324.3,552.4,338.9,582.1
872,2,large_vehicle,0.1109,560.8,478.7,652.5,530.8
873,2,large_vehicle,0.7597,567.2,561.7,801.8,735.1
873,0,person,0.7224,986.1,766.3,1011.5,845.2
873,1,car,0.6192,140.0,715.6,237.2,793.5
873,1,car,0.6131,560.6,478.5,652.1,530.7
873,0,person,0.2414,1196.8,510.1,1217.1,563.9
873,2,large_vehicle,0.1378,560.6,478.5,652.1,530.7
873,0,person,0.1145,324.4,552.3,338.9,582.1
874,2,large_vehicle,0.7647,556.3,566.5,789.8,737.4
874,0,person,0.7007,984.3,767.4,1009.8,845.9
874,1,car,0.6740,561.4,479.4,652.3,530.7
874,1,car,0.5644,134.6,715.8,228.9,793.4
874,0,person,0.3512,1197.1,513.9,1217.1,563.9
874,0,person,0.1363,322.3,551.3,336.6,581.7
874,2,large_vehicle,0.1050,561.4,479.4,652.3,530.7
874,2,large_vehicle,0.1047,954.8,407.1,1024.4,451.0
875,2,large_vehicle,0.7640,556.3,566.5,789.7,737.4
875,0,person,0.6998,984.3,767.4,1009.8,845.9
875,1,car,0.6718,561.4,479.4,652.3,530.7
875,1,car,0.5617,134.6,715.8,228.9,793.4
875,0,person,0.3522,1197.1,513.9,1217.1,563.9
875,0,person,0.1359,322.3,551.3,336.6,581.7
875,2,large_vehicle,0.1070,561.4,479.4,652.3,530.7
875,2,large_vehicle,0.1042,954.9,407.1,1024.3,451.0
876,2,large_vehicle,0.7687,556.4,566.6,789.7,737.4
876,1,car,0.7131,560.9,479.7,652.1,530.6
876,0,person,0.7020,984.3,767.5,1009.8,845.8
876,1,car,0.5597,134.7,715.8,228.8,793.4
876,0,person,0.3575,1197.1,515.5,1216.9,563.7
876,0,person,0.1262,322.3,551.3,336.6,581.7
876,2,large_vehicle,0.1203,954.8,407.0,1024.5,451.0
877,2,large_vehicle,0.8657,540.2,567.6,774.9,740.8
877,0,person,0.7377,983.3,768.6,1008.9,844.7
877,1,car,0.6633,560.4,478.2,652.6,530.7
877,1,car,0.6042,127.6,717.1,221.2,793.9
877,0,person,0.3373,320.4,553.1,336.9,588.8
877,0,person,0.2443,1197.0,512.6,1217.1,563.8
877,2,large_vehicle,0.1631,953.1,406.5,1026.0,450.8
877,1,car,0.1586,953.1,406.5,1026.0,450.8
878,2,large_vehicle,0.8520,540.0,567.6,774.7,740.7
878,0,person,0.7262,983.3,768.5,1008.6,844.7
878,1,car,0.6584,560.3,478.2,652.6,530.8
878,1,car,0.6103,127.6,716.8,221.2,794.0
878,0,person,0.3229,320.5,553.1,336.8,588.7
878,0,person,0.2348,1197.0,512.6,1217.2,563.8
878,2,large_vehicle,0.1655,953.0,406.5,1025.9,450.8
878,1,car,0.1604,953.0,406.5,1025.9,450.8
879,1,car,0.7187,122.7,716.9,214.7,795.0
879,0,person,0.6693,981.4,769.0,1009.1,844.4
879,1,car,0.6242,560.9,478.6,652.4,530.8
879,2,large_vehicle,0.5412,528.9,572.1,762.2,742.9
879,0,person,0.2842,1196.9,512.6,1217.4,564.0
879,0,person,0.2280,318.6,554.2,336.5,592.3
879,0,person,0.1919,319.3,554.0,335.3,588.6
879,0,person,0.1745,673.4,484.5,687.9,524.0
879,2,large_vehicle,0.1515,955.4,407.2,1026.2,450.9
879,1,car,0.1203,955.4,407.2,1026.2,450.9
880,1,car,0.7116,122.8,717.0,214.7,794.9
880,0,person,0.6467,981.9,769.1,1008.9,843.0
880,1,car,0.6341,560.8,478.6,652.8,530.8
880,2,large_vehicle,0.5725,528.9,572.0,762.2,743.0
880,0,person,0.2985,1196.8,512.5,1217.4,564.0
880,0,person,0.2894,318.6,554.0,336.7,592.4
880,0,person,0.1334,673.3,484.3,687.8,524.0
880,2,large_vehicle,0.1104,955.5,407.2,1025.6,451.0
881,1,car,0.7105,122.7,717.0,214.7,794.9
881,0,person,0.6634,981.7,769.1,1009.2,843.2
881,1,car,0.6372,560.8,478.6,652.8,530.8
881,2,large_vehicle,0.5923,528.9,571.9,762.1,743.0
881,0,person,0.3020,1196.8,512.3,1217.4,564.0
881,0,person,0.2294,318.6,554.1,336.6,592.2
881,0,person,0.1787,319.3,554.0,335.3,588.6
881,0,person,0.1676,673.4,484.5,687.9,524.0
881,2,large_vehicle,0.1110,955.5,407.2,1025.6,451.0
882,2,large_vehicle,0.6910,515.8,572.5,750.7,743.9
882,1,car,0.6497,117.3,717.8,207.2,793.8
882,0,person,0.6278,979.7,770.6,1003.4,840.6
882,1,car,0.5766,559.9,478.4,653.5,530.8
882,0,person,0.3480,672.0,484.7,687.7,523.9
882,0,person,0.3067,1196.9,512.2,1217.2,564.1
882,0,person,0.1331,312.7,554.1,331.1,591.3
883,2,large_vehicle,0.6980,515.6,572.5,751.0,743.9
883,1,car,0.6438,117.3,717.8,207.1,793.9
883,0,person,0.6196,979.8,770.6,1003.3,840.4
883,1,car,0.5550,559.8,478.2,653.4,530.8
883,0,person,0.3477,672.0,484.5,688.0,523.8
883,0,person,0.3192,1197.0,513.3,1217.2,563.9
883,0,person,0.1326,312.7,554.2,331.1,591.2
884,0,person,0.6695,978.1,771.3,1002.9,840.8
884,2,large_vehicle,0.6470,500.7,576.7,738.3,747.3
884,1,car,0.6349,561.0,479.4,653.2,530.6
884,1,car,0.5627,114.6,718.9,199.9,793.4
884,0,person,0.3379,1197.1,516.5,1216.8,563.7
884,0,person,0.3352,671.5,485.7,687.7,524.5
884,0,person,0.2295,310.9,555.1,328.3,588.1
884,2,large_vehicle,0.2125,954.9,407.0,1025.6,451.0
884,4,other_vehicle,0.1990,306.8,564.2,332.7,597.0
884,1,car,0.1069,954.9,407.0,1025.6,451.0
885,0,person,0.6661,978.1,771.3,1002.9,840.9
885,2,large_vehicle,0.6497,500.7,576.7,738.4,747.3
885,1,car,0.6402,561.2,479.6,653.0,530.6
885,1,car,0.5664,114.6,718.9,200.1,793.3
885,0,person,0.3518,1197.1,516.8,1216.8,563.9
885,0,person,0.3494,671.6,485.6,687.7,524.5
885,0,person,0.2438,310.9,555.1,328.3,588.1
885,4,other_vehicle,0.2071,306.9,564.3,332.7,596.9
885,2,large_vehicle,0.2036,954.8,406.8,1025.8,450.9
885,1,car,0.1043,954.8,406.8,1025.8,450.9
886,2,large_vehicle,0.6685,500.7,576.6,738.1,747.3
886,0,person,0.6613,977.6,771.3,1003.0,840.8
886,1,car,0.6396,561.1,479.4,653.6,530.6
886,1,car,0.5553,114.7,718.9,199.9,793.3
886,0,person,0.3134,1197.2,516.0,1216.8,563.9
886,0,person,0.2926,671.6,485.5,687.7,524.5
886,0,person,0.2308,310.9,555.1,328.4,588.1
886,4,other_vehicle,0.2021,306.8,564.4,333.0,596.9
886,2,large_vehicle,0.1991,954.7,406.8,1025.2,451.0
887,1,car,0.7312,105.0,718.0,194.3,795.0
887,0,person,0.6494,975.7,771.1,1000.7,845.2
887,1,car,0.6069,561.5,478.7,653.8,530.9
887,0,person,0.3842,670.9,484.7,687.6,524.6
887,2,large_vehicle,0.3160,489.9,580.4,722.6,752.4
887,0,person,0.2204,306.8,556.6,326.0,596.0
887,0,person,0.2136,1197.0,512.5,1216.9,563.8
887,2,large_vehicle,0.1145,954.0,407.0,1026.1,450.8
888,1,car,0.6609,99.7,718.0,186.4,795.6
888,1,car,0.5868,561.8,478.6,652.5,531.0
888,0,person,0.4835,973.3,771.4,999.7,848.1
888,0,person,0.3678,669.9,485.0,686.6,525.6
888,0,person,0.2701,1197.1,513.3,1217.0,563.8
888,0,person,0.2667,305.9,551.3,324.2,590.9
888,4,other_vehicle,0.1280,301.5,566.0,328.1,597.6
888,2,large_vehicle,0.1130,561.8,478.6,652.5,531.0
888,2,large_vehicle,0.1121,955.6,407.0,1025.9,450.9
888,0,person,0.1039,1117.5,388.5,1132.5,422.7
888,2,large_vehicle,0.1038,475.9,581.4,713.6,752.5
889,1,car,0.6545,99.7,718.2,186.4,795.4
889,1,car,0.6134,561.4,478.6,652.3,531.0
889,0,person,0.4560,973.4,771.4,999.6,848.0
889,0,person,0.4460,670.1,485.0,687.1,525.5
889,0,person,0.2606,1197.0,511.9,1217.0,563.8
889,0,person,0.2433,306.1,551.2,324.1,590.4
889,0,person,0.1381,305.6,554.5,325.6,595.4
889,2,large_vehicle,0.1213,955.7,407.2,1026.0,450.9
889,2,large_vehicle,0.1128,561.4,478.6,652.3,531.0
890,1,car,0.6536,99.7,718.2,186.4,795.4
890,1,car,0.6083,561.5,478.6,652.3,531.0
890,0,person,0.4574,973.4,771.3,999.6,847.8
890,0,person,0.3873,670.1,484.9,686.6,525.5
890,0,person,0.2627,1197.0,511.4,1217.0,563.8
890,0,person,0.2623,306.0,551.2,324.1,590.6
890,2,large_vehicle,0.1280,955.7,407.1,1026.1,450.9
890,2,large_vehicle,0.1132,561.5,478.6,652.3,531.0
890,4,other_vehicle,0.1093,302.0,566.1,327.6,597.7
890,2,large_vehicle,0.1030,475.7,581.2,713.7,752.6
891,2,large_vehicle,0.7996,465.3,582.3,696.8,756.1
891,1,car,0.6297,95.0,717.2,181.0,795.9
891,1,car,0.5331,559.6,478.2,652.3,530.9
891,0,person,0.4747,972.9,772.1,997.5,846.6
891,0,person,0.2067,1197.3,513.1,1216.8,563.5
891,0,person,0.1490,302.6,549.1,320.5,585.4
891,2,large_vehicle,0.1488,559.6,478.2,652.3,530.9
891,2,large_vehicle,0.1084,955.4,407.1,1025.2,451.1
892,2,large_vehicle,0.8058,465.3,582.4,696.9,756.1
892,1,car,0.6186,95.0,717.5,180.9,795.6
892,1,car,0.5713,560.2,478.4,652.1,530.9
892,0,person,0.5030,972.1,772.1,997.6,846.6
892,0,person,0.2475,1197.4,516.1,1216.6,563.7
892,0,person,0.1539,302.6,549.1,320.6,585.2
892,2,large_vehicle,0.1470,560.2,478.4,652.1,530.9
893,2,large_vehicle,0.7779,450.7,584.9,682.7,759.5
893,1,car,0.7277,89.5,718.4,174.6,797.4
893,1,car,0.6312,560.9,479.3,651.5,530.6
893,0,person,0.3941,971.2,772.8,994.4,850.2
893,0,person,0.1945,1197.3,516.3,1216.7,563.7
893,0,person,0.1555,668.2,483.8,685.7,526.5
893,2,large_vehicle,0.1293,955.4,407.9,1024.1,451.1
894,2,large_vehicle,0.7766,450.8,584.8,682.5,759.5
894,1,car,0.7236,89.5,718.4,174.7,797.4
894,1,car,0.6469,560.9,479.4,651.4,530.6
894,0,person,0.4149,971.3,772.9,994.4,850.4
894,0,person,0.2847,1197.4,518.6,1216.5,563.6
894,0,person,0.1653,668.2,483.9,685.6,526.6
894,2,large_vehicle,0.1048,955.2,408.0,1023.9,451.0
895,2,large_vehicle,0.7846,450.8,585.0,682.8,759.4
895,1,car,0.7270,89.5,718.6,174.6,797.2
895,1,car,0.6391,561.1,479.3,651.6,530.5
895,0,person,0.4542,971.2,772.6,994.4,850.4
895,0,person,0.3130,1197.5,519.5,1216.4,563.6
895,0,person,0.1822,668.4,483.8,685.4,526.5
895,0,person,0.1047,301.2,549.5,318.4,584.6
895,2,large_vehicle,0.1031,561.1,479.3,651.6,530.5
896,2,large_vehicle,0.7338,439.6,585.8,671.0,762.2
896,1,car,0.5898,84.0,721.1,168.5,797.3
896,1,car,0.5728,562.3,478.2,651.8,530.9
896,0,person,0.3318,969.7,772.9,992.6,848.6
896,0,person,0.1930,300.2,552.5,316.4,585.1
896,2,large_vehicle,0.1093,562.3,478.2,651.8,530.9
896,0,person,0.1080,667.2,482.6,684.5,526.1
896,0,person,0.1005,1197.5,517.6,1216.4,563.5
897,2,large_vehicle,0.7096,439.8,585.9,671.0,762.1
897,1,car,0.5593,562.0,478.1,651.7,530.9
897,1,car,0.5320,84.0,721.2,168.6,797.2
897,0,person,0.3861,969.7,773.0,992.5,848.8
897,0,person,0.1944,300.1,552.4,316.4,585.2
897,0,person,0.1423,1197.4,518.0,1216.6,563.5
897,0,person,0.1219,667.2,482.5,684.5,526.1
897,2,large_vehicle,0.1140,562.0,478.1,651.7,530.9
898,2,large_vehicle,0.8073,427.9,592.5,656.8,763.8
898,1,car,0.6514,79.9,721.4,162.0,796.4
898,1,car,0.5235,562.7,478.3,651.6,531.0
898,2,large_vehicle,0.1748,562.7,478.3,651.6,531.0
898,0,person,0.1524,298.8,557.3,313.8,586.9
898,0,person,0.1476,1197.5,517.1,1216.5,563.4
898,0,person,0.1304,298.3,558.4,315.9,593.0
899,2,large_vehicle,0.8080,427.9,592.7,656.7,763.8
899,1,car,0.6525,79.9,721.4,162.0,796.4
899,1,car,0.5206,562.7,478.4,651.6,531.0
899,2,large_vehicle,0.1717,562.7,478.4,651.6,531.0
899,0,person,0.1521,298.8,557.3,313.8,586.9
899,0,person,0.1461,1197.5,517.2,1216.5,563.4
899,0,person,0.1286,298.3,558.4,315.9,593.0
900,2,large_vehicle,0.8156,427.7,592.6,656.9,763.7
900,1,car,0.6528,79.9,721.4,162.0,796.4
900,1,car,0.4972,562.8,478.2,651.7,530.9
900,2,large_vehicle,0.1931,562.8,478.2,651.7,530.9
900,0,person,0.1510,298.8,557.3,313.8,586.8
900,0,person,0.1304,298.3,558.4,315.8,592.9
900,0,person,0.1022,1197.6,519.1,1216.2,563.4
901,1,car,0.7242,75.4,722.7,157.1,794.2
901,2,large_vehicle,0.6117,415.3,592.8,643.0,767.1
901,1,car,0.4599,561.7,478.2,651.3,531.0
901,0,person,0.4156,968.0,775.8,990.0,847.6
901,0,person,0.3056,1197.7,520.0,1215.9,563.4
901,0,person,0.2209,297.4,559.8,314.9,592.0
901,2,large_vehicle,0.1908,561.7,478.2,651.3,531.0
901,4,other_vehicle,0.1714,290.3,566.6,319.2,594.7
901,0,person,0.1603,297.5,558.0,312.6,588.5
901,0,person,0.1362,293.2,554.5,308.9,587.6
902,1,car,0.7103,75.4,722.7,157.3,794.2
902,2,large_vehicle,0.6281,415.3,592.8,643.1,767.2
902,1,car,0.4583,561.8,478.3,651.3,531.0
902,0,person,0.3259,968.1,775.8,990.2,847.1
902,0,person,0.3072,1197.8,520.1,1215.9,563.4
902,0,person,0.2118,297.4,560.0,314.7,592.0
902,4,other_vehicle,0.2111,289.4,566.9,319.5,594.9
902,2,large_vehicle,0.1951,561.8,478.3,651.3,531.0
902,0,person,0.1695,297.5,558.1,312.6,588.6
902,0,person,0.1418,293.1,554.5,308.9,587.7
903,2,large_vehicle,0.8455,404.7,597.6,632.3,772.2
903,1,car,0.5898,71.7,722.5,151.3,795.6
903,1,car,0.5487,561.8,479.2,651.3,530.7
903,0,person,0.3602,1197.7,519.7,1216.4,563.5
903,2,large_vehicle,0.2181,561.8,479.2,651.3,530.7
903,0,person,0.1165,291.2,553.5,307.7,588.1
903,2,large_vehicle,0.1153,955.3,406.4,1024.9,450.9
903,1,car,0.1033,1285.9,594.7,1342.0,676.9
904,2,large_vehicle,0.8354,404.3,597.5,632.4,772.1
904,1,car,0.6063,71.7,722.4,151.3,795.5
904,1,car,0.5051,562.1,479.2,651.3,530.8
904,0,person,0.3275,1197.7,519.6,1216.3,563.7
904,2,large_vehicle,0.2207,562.1,479.2,651.3,530.8
904,0,person,0.1060,291.2,554.0,307.6,588.3
904,2,large_vehicle,0.1034,955.2,406.5,1024.8,450.9
905,2,large_vehicle,0.8334,404.3,597.5,632.4,772.1
905,1,car,0.6028,71.6,722.4,151.3,795.6
905,1,car,0.4999,562.0,479.1,651.3,530.8
905,0,person,0.3141,1197.7,519.6,1216.3,563.7
905,2,large_vehicle,0.2241,562.0,479.1,651.3,530.8
905,2,large_vehicle,0.1025,955.3,406.5,1024.8,450.9
906,1,car,0.5078,563.5,478.2,651.0,530.7
906,4,other_vehicle,0.4035,67.1,723.6,145.1,796.7
906,0,person,0.3445,1197.9,522.6,1215.6,562.9
906,1,car,0.3250,67.1,723.6,145.1,796.7
906,0,person,0.2609,289.1,555.4,304.7,589.3
906,2,large_vehicle,0.2453,563.5,478.2,651.0,530.7
906,1,car,0.2049,1257.8,466.5,1309.0,506.2
906,2,large_vehicle,0.1693,396.2,600.0,613.3,780.4
906,2,large_vehicle,0.1395,954.1,406.4,1025.2,450.5
907,1,car,0.4776,564.2,478.3,650.9,530.8
907,4,other_vehicle,0.4109,67.1,723.6,145.1,796.7
907,0,person,0.3691,1197.9,522.7,1215.7,562.9
907,1,car,0.3160,67.1,723.6,145.1,796.7
907,0,person,0.2888,289.2,555.2,304.7,589.2
907,2,large_vehicle,0.2749,564.2,478.3,650.9,530.8
907,2,large_vehicle,0.2210,396.0,600.0,613.3,780.2
907,1,car,0.1963,1257.7,466.3,1307.3,506.1
907,2,large_vehicle,0.1502,954.8,406.5,1025.1,450.5
908,2,large_vehicle,0.6176,380.1,603.0,605.0,770.2
908,0,person,0.5100,962.5,780.6,984.5,851.6
908,1,car,0.4645,563.6,478.3,651.3,531.2
908,4,other_vehicle,0.4002,61.7,724.2,139.4,794.6
908,0,person,0.3440,1197.6,520.9,1216.4,563.7
908,1,car,0.2587,61.7,724.2,139.4,794.6
908,2,large_vehicle,0.2487,563.6,478.3,651.3,531.2
908,2,large_vehicle,0.1174,955.5,406.7,1025.3,450.8
909,2,large_vehicle,0.6097,380.2,602.9,605.1,770.3
909,0,person,0.4885,962.5,780.5,984.5,851.8
909,1,car,0.4466,563.7,478.4,651.2,531.2
909,4,other_vehicle,0.4015,61.7,724.1,139.4,794.6
909,0,person,0.2950,1197.5,521.0,1216.3,563.7
909,1,car,0.2722,61.7,724.1,139.4,794.6
909,2,large_vehicle,0.2556,563.7,478.4,651.2,531.2
909,2,large_vehicle,0.1113,955.6,406.5,1025.2,450.8
910,2,large_vehicle,0.5815,380.2,603.0,605.0,770.3
910,0,person,0.4749,962.5,780.5,984.6,851.8
910,1,car,0.4335,563.9,478.4,651.2,531.2
910,4,other_vehicle,0.3868,61.7,723.9,139.4,794.7
910,0,person,0.3690,1197.5,520.1,1216.4,563.5
910,1,car,0.2765,61.7,723.9,139.4,794.7
910,2,large_vehicle,0.2715,563.9,478.4,651.2,531.2
911,1,car,0.4329,561.9,478.0,651.4,531.1
911,4,other_vehicle,0.3652,58.3,724.1,134.9,793.4
911,0,person,0.2771,1197.4,518.9,1216.6,563.5
911,2,large_vehicle,0.2604,561.9,478.0,651.4,531.1
911,1,car,0.2461,58.3,724.1,134.9,793.4
911,0,person,0.1960,960.0,780.6,982.5,851.3
912,4,other_vehicle,0.5802,54.6,726.9,128.9,792.3
912,1,car,0.5664,561.4,478.8,651.3,530.9
912,0,person,0.3755,1197.5,520.1,1216.5,563.4
912,2,large_vehicle,0.2616,561.4,478.8,651.3,530.9
912,0,person,0.1764,281.4,560.6,303.1,601.4
912,2,large_vehicle,0.1697,955.1,407.2,1024.7,450.9
912,1,car,0.1007,54.6,726.9,128.9,792.3
913,1,car,0.5900,561.3,478.6,651.3,530.9
913,4,other_vehicle,0.5633,54.5,727.0,128.9,792.2
913,2,large_vehicle,0.2396,561.3,478.6,651.3,530.9
913,2,large_vehicle,0.2171,954.9,407.0,1025.1,450.8
913,0,person,0.1988,1197.4,518.8,1216.4,563.3
913,0,person,0.1970,281.6,560.5,303.6,601.2
913,0,person,0.1566,957.5,781.5,979.3,853.5
913,1,car,0.1032,54.5,727.0,128.9,792.2
914,1,car,0.5886,561.3,478.6,651.3,530.9
914,4,other_vehicle,0.5673,54.5,727.0,129.0,792.2
914,0,person,0.2478,281.6,560.5,303.4,601.3
914,2,large_vehicle,0.2422,561.3,478.6,651.3,530.9
914,2,large_vehicle,0.2141,954.9,407.0,1025.1,450.8
914,0,person,0.1915,1197.4,518.6,1216.4,563.3
914,0,person,0.1037,957.5,781.2,979.6,853.5
915,2,large_vehicle,0.6329,345.7,604.8,566.1,777.1
915,1,car,0.6268,562.5,478.4,650.7,530.8
915,0,person,0.3953,955.4,781.8,976.8,854.5
915,4,other_vehicle,0.3848,50.9,727.2,122.0,791.7
915,2,large_vehicle,0.1910,562.5,478.4,650.7,530.8
915,0,person,0.1850,1197.5,519.8,1216.3,563.4
915,1,car,0.1745,50.9,727.2,122.0,791.7
915,2,large_vehicle,0.1320,954.2,405.9,1026.7,450.7
916,1,car,0.6381,562.7,478.6,650.8,530.8
916,2,large_vehicle,0.6373,345.8,604.9,565.8,777.1
916,4,other_vehicle,0.4286,51.0,727.1,121.4,791.8
916,0,person,0.3834,955.3,782.1,976.9,854.6
916,0,person,0.1894,1197.5,519.2,1216.4,563.3
916,2,large_vehicle,0.1859,562.7,478.6,650.8,530.8
916,2,large_vehicle,0.1712,954.3,405.7,1026.8,450.7
916,1,car,0.1251,51.0,727.1,121.4,791.8
917,1,car,0.5142,562.3,478.1,650.8,530.8
917,2,large_vehicle,0.3341,562.3,478.1,650.8,530.8
917,4,other_vehicle,0.2881,46.7,727.0,117.8,792.1
917,0,person,0.2615,953.9,781.8,974.8,853.4
917,2,large_vehicle,0.1871,335.6,613.7,550.5,780.0
917,0,person,0.1620,1197.3,515.0,1216.8,563.3
917,0,person,0.1449,277.9,557.4,295.4,590.6
917,2,large_vehicle,0.1150,338.2,609.6,627.7,779.4
918,1,car,0.4850,562.4,478.0,650.8,530.8
918,2,large_vehicle,0.3560,562.4,478.0,650.8,530.8
918,4,other_vehicle,0.2938,46.7,727.0,117.8,792.1
918,0,person,0.2881,953.8,781.8,974.8,853.6
918,2,large_vehicle,0.1847,335.5,613.4,550.4,780.0
918,0,person,0.1514,1197.2,513.0,1216.9,563.3
918,0,person,0.1339,277.9,557.6,295.3,590.6
918,2,large_vehicle,0.1088,955.1,406.1,1026.3,450.8
918,2,large_vehicle,0.1024,338.0,609.5,627.1,779.6
919,1,car,0.4752,562.2,478.1,650.7,530.9
919,2,large_vehicle,0.3782,562.2,478.1,650.7,530.9
919,0,person,0.3398,953.9,782.0,974.9,853.3
919,4,other_vehicle,0.2479,46.7,727.1,117.8,792.1
919,2,large_vehicle,0.2049,335.6,614.1,550.1,780.0
919,0,person,0.2036,1197.2,514.9,1216.9,563.3
919,0,person,0.1490,277.8,557.3,295.3,590.3
919,2,large_vehicle,0.1127,338.0,609.5,627.2,779.4
920,1,car,0.4694,561.1,478.6,650.7,530.9
920,0,person,0.4139,276.6,560.1,292.7,591.8
920,4,other_vehicle,0.3816,268.2,569.6,300.2,597.1
920,2,large_vehicle,0.3353,561.1,478.6,650.7,530.9
920,0,person,0.2336,952.0,781.2,973.7,850.5
920,4,other_vehicle,0.2208,42.9,727.4,112.3,791.6
920,0,person,0.2114,1197.5,518.5,1216.6,563.2
920,0,person,0.1539,661.6,485.9,677.8,527.7
920,0,person,0.1190,276.9,561.5,293.6,595.1
920,2,large_vehicle,0.1010,955.4,407.2,1025.4,450.9
921,1,car,0.4861,560.2,478.4,650.7,530.9
921,0,person,0.4169,276.6,560.1,292.6,591.9
921,4,other_vehicle,0.3974,268.2,569.7,300.2,597.2
921,2,large_vehicle,0.3244,560.2,478.4,650.7,530.9
921,0,person,0.2433,952.1,781.3,973.6,850.2
921,4,other_vehicle,0.2063,42.9,727.4,112.3,791.6
921,0,person,0.1655,1197.2,517.8,1216.7,563.0
921,0,person,0.1529,661.6,485.8,677.9,527.7
921,0,person,0.1230,276.9,561.6,293.6,595.2
922,1,car,0.6254,561.8,478.8,650.8,530.9
922,0,person,0.4621,275.6,561.3,292.9,599.3
922,0,person,0.2689,1197.1,516.9,1216.8,563.2
922,4,other_vehicle,0.2685,39.2,727.8,108.0,791.6
922,1,car,0.1770,39.2,727.8,108.0,791.6
922,2,large_vehicle,0.1659,561.8,478.8,650.8,530.9
922,2,large_vehicle,0.1638,954.7,406.6,1025.8,450.8
922,0,person,0.1165,267.4,567.6,286.0,603.3
922,4,other_vehicle,0.1064,264.4,567.1,298.9,602.7
923,1,car,0.6256,561.9,478.8,650.8,530.9
923,0,person,0.4629,275.6,561.3,292.9,599.3
923,0,person,0.2679,1197.1,517.1,1216.8,563.2
923,4,other_vehicle,0.2676,39.2,727.8,108.0,791.6
923,1,car,0.1751,39.2,727.8,108.0,791.6
923,2,large_vehicle,0.1655,561.9,478.8,650.8,530.9
923,2,large_vehicle,0.1611,954.7,406.6,1025.7,450.8
923,0,person,0.1172,267.4,567.5,286.0,603.3
923,4,other_vehicle,0.1049,264.4,567.0,298.9,602.7
924,1,car,0.6306,561.3,478.8,650.9,530.8
924,0,person,0.4609,275.6,561.3,292.8,599.1
924,0,person,0.3268,1197.2,518.4,1216.7,563.2
924,4,other_vehicle,0.2700,39.2,727.8,108.2,791.6
924,1,car,0.1786,39.2,727.8,108.2,791.6
924,2,large_vehicle,0.1729,561.3,478.8,650.9,530.8
924,2,large_vehicle,0.1397,954.8,406.8,1026.1,450.7
924,0,person,0.1164,267.4,567.6,286.0,603.3
924,4,other_vehicle,0.1106,264.4,567.6,299.1,602.7
925,1,car,0.5894,561.2,478.0,650.9,530.8
925,0,person,0.3114,1197.3,515.9,1216.8,563.1
925,0,person,0.2932,272.2,559.6,290.5,598.4
925,4,other_vehicle,0.2539,35.8,728.5,102.3,791.1
925,0,person,0.2197,659.8,485.7,678.0,527.6
925,2,large_vehicle,0.2183,561.2,478.0,650.9,530.8
925,2,large_vehicle,0.1205,954.3,406.3,1026.7,450.6
925,0,person,0.1048,947.6,782.5,969.5,853.0
926,1,car,0.6062,561.2,478.1,650.9,530.8
926,0,person,0.3124,1197.3,516.2,1216.8,563.4
926,0,person,0.2854,272.2,559.6,290.5,598.4
926,4,other_vehicle,0.2504,35.8,728.5,102.2,791.1
926,2,large_vehicle,0.1981,561.2,478.1,650.9,530.8
926,0,person,0.1267,947.5,782.6,969.3,853.0
926,0,person,0.1169,659.6,485.3,678.0,527.7
926,2,large_vehicle,0.1079,954.4,406.3,1026.9,450.7
927,1,car,0.6023,561.5,478.2,650.8,530.7
927,0,person,0.4107,946.0,784.2,967.5,853.4
927,0,person,0.3452,659.3,485.6,678.6,528.2
927,0,person,0.2947,271.5,561.4,289.0,598.2
927,4,other_vehicle,0.2717,32.9,728.4,97.4,790.6
927,0,person,0.2562,660.4,485.4,681.8,528.0
927,0,person,0.1987,1197.2,517.4,1216.8,563.3
927,2,large_vehicle,0.1925,561.5,478.2,650.8,530.7
927,0,person,0.1333,268.6,562.3,285.9,598.2
927,0,person,0.1091,266.3,565.4,285.8,601.2
928,1,car,0.5975,562.0,478.2,651.6,530.7
928,0,person,0.4500,946.1,784.3,967.5,853.3
928,0,person,0.3339,659.3,485.9,678.5,528.2
928,0,person,0.3019,271.3,561.5,288.9,598.0
928,4,other_vehicle,0.2909,32.9,728.4,97.7,790.6
928,0,person,0.2416,660.4,485.8,681.8,528.0
928,2,large_vehicle,0.2019,562.0,478.2,651.6,530.7
928,0,person,0.1916,1197.3,517.9,1216.7,563.2
928,0,person,0.1812,268.4,561.9,286.3,598.2
929,1,car,0.5930,562.0,478.2,651.5,530.8
929,0,person,0.4497,946.1,784.2,967.5,853.4
929,0,person,0.3403,659.3,486.0,678.5,528.2
929,0,person,0.3172,271.4,561.6,289.0,598.2
929,4,other_vehicle,0.2774,32.9,728.4,97.6,790.6
929,0,person,0.2279,660.4,485.8,681.7,528.0
929,2,large_vehicle,0.2077,562.0,478.2,651.5,530.8
929,0,person,0.1717,1197.3,517.9,1216.7,562.9
929,0,person,0.1677,268.6,562.1,286.2,598.2
930,1,car,0.5103,560.8,478.3,650.7,530.8
930,0,person,0.4056,659.4,489.1,677.0,529.0
930,0,person,0.3845,1197.5,515.0,1216.5,563.0
930,0,person,0.3530,943.9,785.6,964.8,853.6
930,0,person,0.3481,268.2,560.9,285.8,599.0
930,2,large_vehicle,0.2724,560.8,478.3,650.7,530.8
930,4,other_vehicle,0.1355,28.2,728.5,94.8,790.3
931,1,car,0.5306,560.3,478.4,650.7,530.7
931,0,person,0.3900,659.4,489.3,677.0,529.0
931,0,person,0.3797,1197.3,515.3,1216.4,563.2
931,0,person,0.3539,268.3,560.9,285.8,599.4
931,0,person,0.3453,943.6,785.6,965.1,854.0
931,2,large_vehicle,0.2461,560.3,478.4,650.7,530.7
931,4,other_vehicle,0.1418,28.2,728.4,94.8,790.3
932,0,person,0.6827,940.0,787.1,963.0,854.4
932,1,car,0.6328,561.7,478.2,658.4,530.7
932,0,person,0.3054,658.9,488.2,675.0,529.1
932,0,person,0.2134,265.9,561.8,283.8,599.4
932,4,other_vehicle,0.1741,25.4,727.8,88.3,790.2
932,2,large_vehicle,0.1253,561.7,478.2,658.4,530.7
932,0,person,0.1113,1197.3,524.6,1215.1,563.4
933,0,person,0.6859,940.0,787.1,963.0,854.3
933,1,car,0.6397,561.2,478.1,658.9,530.7
933,0,person,0.2776,658.9,488.1,675.0,529.1
933,0,person,0.2100,265.8,561.8,283.8,599.4
933,0,person,0.1457,1197.3,524.9,1215.1,563.6
933,4,other_vehicle,0.1453,25.4,727.8,88.5,790.2
933,2,large_vehicle,0.1138,561.2,478.1,658.9,530.7
934,0,person,0.6942,939.9,787.1,963.1,854.7
934,1,car,0.6413,561.6,478.2,658.8,530.7
934,0,person,0.2870,658.8,488.2,675.1,529.1
934,0,person,0.2037,265.8,561.8,283.8,599.5
934,4,other_vehicle,0.1629,25.3,727.8,88.4,790.3
934,0,person,0.1546,1197.4,524.7,1215.1,563.7
934,2,large_vehicle,0.1120,561.6,478.2,658.8,530.7
935,0,person,0.6666,935.7,786.8,961.4,856.1
935,1,car,0.6241,563.1,477.8,660.3,530.5
935,0,person,0.4263,657.8,487.8,675.0,529.3
935,4,other_vehicle,0.3490,21.8,728.0,84.4,790.1
935,0,person,0.1771,1197.0,521.6,1214.7,563.3
935,2,large_vehicle,0.1383,954.9,406.0,1026.1,450.7
935,0,person,0.1295,264.1,560.2,283.3,601.0
935,2,large_vehicle,0.1089,563.1,477.8,660.3,530.5
936,2,large_vehicle,0.6750,257.1,630.7,455.6,793.1
936,0,person,0.6536,934.6,788.6,959.7,856.3
936,1,car,0.5961,562.7,478.3,656.4,530.5
936,4,other_vehicle,0.3871,17.2,728.6,79.9,789.8
936,0,person,0.3863,261.2,559.2,280.1,598.3
936,0,person,0.3342,658.1,492.1,673.1,530.2
936,2,large_vehicle,0.1601,562.7,478.3,656.4,530.5
936,2,large_vehicle,0.1406,1189.7,463.9,1337.3,535.8
936,4,other_vehicle,0.1098,17.5,727.8,78.7,790.1
937,2,large_vehicle,0.6721,257.0,630.7,455.6,792.7
937,0,person,0.6721,934.3,788.7,959.7,856.3
937,1,car,0.5993,562.5,478.0,658.6,530.6
937,0,person,0.3936,261.0,559.0,280.0,597.7
937,0,person,0.2945,658.1,492.0,673.1,530.2
937,4,other_vehicle,0.2390,17.3,728.5,79.8,789.8
937,4,other_vehicle,0.1599,17.6,727.8,78.7,790.1
937,2,large_vehicle,0.1448,562.5,478.0,658.6,530.6
938,2,large_vehicle,0.6735,257.1,630.8,455.7,792.6
938,0,person,0.6673,934.5,788.7,959.6,856.3
938,1,car,0.5913,562.5,478.1,658.3,530.6
938,0,person,0.3668,260.9,559.0,280.1,598.0
938,0,person,0.2999,658.1,492.1,673.1,530.2
938,4,other_vehicle,0.1850,17.6,728.5,79.8,789.8
938,4,other_vehicle,0.1827,18.0,727.8,78.6,790.1
938,2,large_vehicle,0.1524,562.5,478.1,658.3,530.6
939,0,person,0.6728,932.4,789.9,957.7,856.3
939,1,car,0.5552,561.5,477.4,660.4,530.8
939,0,person,0.4212,386.5,730.5,404.9,781.8
939,0,person,0.3635,259.1,560.3,279.9,599.5
939,0,person,0.3171,658.1,491.7,673.2,529.5
939,2,large_vehicle,0.2540,1185.2,467.1,1272.5,537.6
939,0,person,0.2035,257.8,560.4,277.0,598.7
939,4,other_vehicle,0.1870,253.3,574.2,284.4,606.8
939,2,large_vehicle,0.1729,561.5,477.4,660.4,530.8
939,4,other_vehicle,0.1469,13.9,728.0,75.8,790.0
939,1,car,0.1050,1185.2,467.1,1272.5,537.6
939,0,person,0.1034,1195.2,512.9,1214.1,563.0
939,1,car,0.1032,1286.0,593.8,1342.0,677.8
940,0,person,0.6754,932.7,789.8,957.7,856.3
940,1,car,0.5202,561.6,477.5,661.7,530.8
940,0,person,0.4405,386.6,730.4,404.8,781.4
940,0,person,0.3667,259.2,560.3,279.8,599.3
940,0,person,0.3201,658.3,492.3,673.3,529.6
940,2,large_vehicle,0.3000,1185.2,466.7,1273.1,537.7
940,0,person,0.2048,257.8,560.4,277.0,598.5
940,2,large_vehicle,0.1983,561.6,477.5,661.7,530.8
940,4,other_vehicle,0.1725,253.3,574.2,284.4,606.7
940,4,other_vehicle,0.1454,14.0,728.0,75.8,790.0
940,1,car,0.1116,1286.0,594.1,1342.0,677.7
941,1,car,0.6499,561.7,478.4,660.8,530.6
941,4,other_vehicle,0.5014,11.4,727.9,70.3,788.8
941,2,large_vehicle,0.4049,240.9,636.1,433.0,789.0
941,0,person,0.3936,929.3,790.2,955.4,855.5
941,0,person,0.2874,657.6,486.6,672.9,528.8
941,0,person,0.2836,256.6,561.7,276.2,601.1
941,1,car,0.2760,1178.6,465.7,1271.4,538.5
941,2,large_vehicle,0.1723,1178.6,465.7,1271.4,538.5
941,2,large_vehicle,0.1373,955.2,406.4,1025.8,450.7
941,4,other_vehicle,0.1197,252.6,574.1,281.4,606.6
941,1,car,0.1131,1286.3,592.2,1342.0,676.8
941,2,large_vehicle,0.1024,561.7,478.4,660.8,530.6
941,1,car,0.1013,11.4,727.9,70.3,788.8
942,1,car,0.6285,561.6,478.5,659.6,530.6
942,4,other_vehicle,0.5172,11.1,727.9,70.0,788.8
942,0,person,0.4200,929.2,790.1,955.3,855.5
942,2,large_vehicle,0.3611,241.1,636.1,432.9,789.3
942,0,person,0.3091,256.7,561.7,276.1,601.0
942,0,person,0.3022,657.6,486.5,672.9,528.9
942,1,car,0.2665,1178.7,465.7,1271.5,538.6
942,2,large_vehicle,0.1890,1178.7,465.7,1271.5,538.6
942,2,large_vehicle,0.1261,561.6,478.5,659.6,530.6
942,4,other_vehicle,0.1261,252.6,574.4,281.4,606.9
942,2,large_vehicle,0.1212,955.2,406.4,1025.0,450.7
942,1,car,0.1041,1286.3,592.6,1342.0,676.6
943,1,car,0.5850,561.4,478.5,658.6,530.6
943,4,other_vehicle,0.5033,11.3,727.9,70.3,788.8
943,2,large_vehicle,0.4078,241.0,636.1,432.8,788.9
943,0,person,0.3989,928.9,790.2,955.7,855.5
943,0,person,0.2871,256.7,561.7,276.1,601.2
943,1,car,0.2690,1178.6,465.4,1272.1,538.5
943,0,person,0.2596,657.5,486.8,672.8,529.2
943,2,large_vehicle,0.1848,1178.6,465.4,1272.1,538.5
943,2,large_vehicle,0.1533,561.4,478.5,658.6,530.6
943,4,other_vehicle,0.1150,252.6,574.2,281.3,606.6
943,2,large_vehicle,0.1107,955.1,406.3,1025.3,450.6
943,1,car,0.1051,11.3,727.9,70.3,788.8
943,1,car,0.1014,1286.2,592.1,1342.0,677.0
944,1,car,0.6189,562.0,477.9,654.5,530.6
944,4,other_vehicle,0.5753,8.2,727.7,68.1,789.2
944,0,person,0.5471,254.8,562.6,273.0,600.5
944,0,person,0.5346,927.1,791.0,955.6,857.8
944,2,large_vehicle,0.3854,1173.5,476.6,1259.5,540.3
944,1,car,0.2758,1173.5,482.8,1245.2,540.4
944,2,large_vehicle,0.2394,1173.5,482.8,1245.2,540.4
944,2,large_vehicle,0.1479,955.3,405.8,1025.4,450.4
944,2,large_vehicle,0.1307,562.0,477.9,654.5,530.6
944,1,car,0.1205,1286.3,593.4,1342.0,676.9
944,0,person,0.1052,1195.8,521.5,1212.3,563.2
945,1,car,0.6154,562.3,477.9,655.7,530.6
945,4,other_vehicle,0.5812,8.2,727.6,68.1,789.2
945,0,person,0.5648,927.0,790.9,955.9,857.8
945,0,person,0.5347,254.6,562.4,272.9,600.6
945,2,large_vehicle,0.3914,1173.6,476.8,1259.7,540.3
945,1,car,0.2694,1173.6,483.0,1245.6,540.4
945,2,large_vehicle,0.2448,1173.6,483.0,1245.6,540.4
945,2,large_vehicle,0.1444,954.6,405.7,1025.6,450.4
945,2,large_vehicle,0.1294,562.3,477.9,655.7,530.6
945,1,car,0.1023,1286.1,593.4,1342.0,677.4
946,2,large_vehicle,0.6320,1167.3,479.0,1253.0,543.7
946,1,car,0.6201,562.3,477.8,659.0,530.7
946,0,person,0.5339,925.9,792.3,952.6,857.7
946,0,person,0.4816,252.9,562.9,271.1,599.4
946,4,other_vehicle,0.2725,3.8,728.7,64.3,789.3
946,2,large_vehicle,0.1659,955.6,406.2,1026.2,450.6
946,1,car,0.1021,1167.3,479.0,1253.0,543.7
947,2,large_vehicle,0.6303,1167.3,479.1,1253.0,543.7
947,1,car,0.6234,562.3,477.8,659.5,530.7
947,0,person,0.5332,925.9,792.3,952.6,857.6
947,0,person,0.4752,252.9,562.8,271.1,599.4
947,4,other_vehicle,0.2748,3.8,728.7,64.3,789.3
947,2,large_vehicle,0.1564,955.4,406.2,1026.1,450.6
947,1,car,0.1041,1167.3,479.1,1253.0,543.7
948,2,large_vehicle,0.6213,1167.3,479.0,1253.0,543.7
948,1,car,0.6053,563.0,477.8,656.9,530.7
948,0,person,0.5333,926.0,792.3,952.6,857.7
948,0,person,0.4858,252.9,562.9,271.1,599.4
948,4,other_vehicle,0.2331,3.6,728.7,64.4,789.3
948,2,large_vehicle,0.1505,955.8,406.4,1026.4,450.7
948,1,car,0.1104,1167.3,479.0,1253.0,543.7
948,2,large_vehicle,0.1089,563.0,477.8,656.9,530.7
949,1,car,0.7014,562.1,477.1,664.2,531.0
949,0,person,0.5236,252.0,563.1,267.9,597.0
949,4,other_vehicle,0.4811,0.7,727.2,57.8,788.1
949,0,person,0.4765,923.8,792.2,957.1,860.0
949,1,car,0.4527,1161.5,485.2,1244.9,544.9
949,2,large_vehicle,0.2417,1161.5,485.2,1244.9,544.9
949,1,car,0.1234,1286.0,594.7,1342.0,677.4
950,1,car,0.6918,562.2,477.1,664.2,531.0
950,0,person,0.5227,252.0,563.2,268.0,597.1
950,1,car,0.4878,1161.5,485.2,1244.8,544.9
950,4,other_vehicle,0.4778,0.6,727.2,57.7,788.1
950,0,person,0.3537,923.9,792.4,956.9,859.9
950,2,large_vehicle,0.2164,1161.5,485.2,1244.8,544.9
950,1,car,0.1305,1285.9,594.6,1342.0,677.5
951,1,car,0.6847,561.5,477.5,661.0,531.0
951,4,other_vehicle,0.4133,0.3,726.3,55.0,788.4
951,0,person,0.3187,250.6,564.4,266.3,595.4
951,0,person,0.2077,923.4,793.1,949.9,858.4
951,2,large_vehicle,0.1877,1154.6,487.5,1234.9,548.5
951,1,car,0.1576,1154.6,487.5,1234.9,548.5
951,1,car,0.1529,1285.5,595.4,1342.0,678.4
951,0,person,0.1452,248.6,564.7,263.7,595.3
952,1,car,0.6815,561.6,477.7,661.4,531.0
952,4,other_vehicle,0.4447,0.3,726.3,55.2,788.4
952,0,person,0.3084,250.6,564.4,266.2,595.4
952,0,person,0.2173,923.2,793.1,950.1,858.6
952,2,large_vehicle,0.1840,1154.5,487.5,1233.5,548.6
952,1,car,0.1581,1154.5,487.5,1233.5,548.6
952,0,person,0.1488,248.6,564.8,263.7,595.3
952,1,car,0.1257,1285.5,595.4,1342.0,678.3
953,1,car,0.6858,561.4,477.8,662.3,531.0
953,4,other_vehicle,0.4309,0.3,726.3,55.2,788.4
953,0,person,0.3069,250.6,564.4,266.2,595.5
953,0,person,0.2454,923.3,793.1,950.0,858.6
953,2,large_vehicle,0.1856,1154.5,487.6,1233.4,548.6
953,1,car,0.1558,1154.5,487.6,1233.4,548.6
953,0,person,0.1513,248.6,564.8,263.7,595.4
953,1,car,0.1243,1285.5,595.4,1342.0,678.3
954,1,car,0.6913,563.6,477.4,654.3,531.0
954,4,other_vehicle,0.4551,0.3,726.3,51.0,787.7
954,1,car,0.3920,1147.1,489.7,1218.1,550.7
954,0,person,0.2418,249.4,568.1,262.7,599.1
954,0,person,0.1872,923.4,793.7,947.6,859.8
954,0,person,0.1839,249.5,568.8,268.8,604.1
954,0,person,0.1517,654.6,484.4,672.0,526.7
954,0,person,0.1194,247.7,568.1,263.9,603.5
954,0,person,0.1147,251.8,568.2,266.5,599.0
955,1,car,0.6880,563.8,477.4,655.7,531.0
955,4,other_vehicle,0.4333,0.3,726.3,50.8,787.8
955,1,car,0.3751,1147.1,489.7,1218.1,550.7
955,0,person,0.2322,249.4,568.1,262.7,599.1
955,0,person,0.1846,249.5,568.8,268.8,604.1
955,0,person,0.1780,923.3,793.8,947.5,859.6
955,0,person,0.1533,654.8,485.4,671.9,526.9
955,0,person,0.1244,247.6,568.1,263.9,603.6
955,0,person,0.1157,251.8,568.3,266.4,599.0
955,2,large_vehicle,0.1046,954.8,405.8,1025.1,450.5
956,1,car,0.6768,564.2,477.6,658.9,530.9
956,1,car,0.4198,1141.2,491.4,1217.6,553.8
956,0,person,0.3537,245.9,565.5,263.9,606.1
956,4,other_vehicle,0.3423,0.2,725.4,46.5,787.5
956,0,person,0.2031,653.4,485.3,671.7,527.7
956,2,large_vehicle,0.2011,1141.2,491.4,1217.6,553.8
956,2,large_vehicle,0.1276,0.2,725.4,46.5,787.5
956,2,large_vehicle,0.1097,955.5,405.2,1026.7,450.6
956,1,car,0.1039,0.2,725.4,46.5,787.5
957,1,car,0.6927,565.5,477.7,658.9,530.8
957,1,car,0.4015,1141.1,491.4,1217.8,553.8
957,0,person,0.3719,245.8,565.4,263.9,606.2
957,4,other_vehicle,0.3380,0.2,725.5,46.6,787.5
957,2,large_vehicle,0.2158,1141.1,491.4,1217.8,553.8
957,0,person,0.2126,653.4,485.4,671.8,527.7
957,2,large_vehicle,0.1381,0.2,725.5,46.6,787.5
957,2,large_vehicle,0.1300,955.6,405.1,1027.5,450.6
957,1,car,0.1032,0.2,725.5,46.6,787.5
958,1,car,0.7132,565.7,477.7,659.2,530.8
958,1,car,0.4112,1141.2,491.4,1218.5,553.7
958,0,person,0.3730,245.7,565.3,264.0,606.5
958,4,other_vehicle,0.3507,0.1,725.5,46.5,787.5
958,0,person,0.2251,653.4,485.3,671.8,527.7
958,2,large_vehicle,0.2162,1141.2,491.4,1218.5,553.7
958,2,large_vehicle,0.1352,955.7,405.4,1027.3,450.6
958,2,large_vehicle,0.1307,0.1,725.5,46.5,787.5
958,1,car,0.1170,1285.8,594.4,1342.0,678.2
959,1,car,0.7463,1133.2,494.2,1213.7,555.5
959,1,car,0.6526,563.7,477.5,657.2,530.9
959,2,large_vehicle,0.3891,0.2,726.3,45.3,787.3
959,0,person,0.3780,242.4,566.9,261.4,608.1
959,0,person,0.3129,653.7,489.8,671.9,528.8
959,1,car,0.1837,0.2,726.3,45.3,787.3
959,1,car,0.1404,1285.9,596.7,1342.0,677.9
959,0,person,0.1104,920.9,795.4,943.6,863.3
959,2,large_vehicle,0.1078,955.7,405.9,1027.0,450.6
959,4,other_vehicle,0.1073,0.2,726.3,45.3,787.3
960,1,car,0.7513,562.4,478.0,660.3,530.9
960,1,car,0.4658,1126.2,494.8,1211.2,560.0
960,0,person,0.3337,240.9,568.7,258.4,609.4
960,2,large_vehicle,0.3316,0.1,726.1,40.6,787.3
960,1,car,0.3206,0.1,726.1,40.6,787.3
960,1,car,0.2502,1285.5,596.4,1342.0,678.5
960,2,large_vehicle,0.2023,1126.2,494.8,1211.2,560.0
960,2,large_vehicle,0.1499,954.5,406.3,1026.5,450.7
960,0,person,0.1338,919.0,795.7,942.4,862.6
961,1,car,0.7461,561.6,477.8,660.3,530.9
961,1,car,0.4658,1126.2,494.8,1210.8,560.0
961,0,person,0.3548,240.5,568.0,258.4,609.3
961,2,large_vehicle,0.2984,0.1,726.0,40.6,787.2
961,1,car,0.2900,0.1,726.0,40.6,787.2
961,1,car,0.2425,1285.5,596.2,1342.0,678.7
961,0,person,0.2024,918.8,795.6,942.8,863.0
961,2,large_vehicle,0.1970,1126.2,494.8,1210.8,560.0
961,2,large_vehicle,0.1725,954.7,406.1,1026.6,450.7
961,4,other_vehicle,0.1342,0.1,726.0,40.6,787.2
962,1,car,0.7489,561.5,477.8,660.3,530.9
962,1,car,0.4636,1126.2,494.8,1210.5,560.0
962,0,person,0.3334,240.8,568.2,258.5,609.2
962,2,large_vehicle,0.2954,0.1,726.0,40.7,787.2
962,1,car,0.2887,0.1,726.0,40.7,787.2
962,1,car,0.2470,1285.5,596.3,1342.0,678.8
962,0,person,0.2000,918.9,795.6,942.8,862.9
962,2,large_vehicle,0.1984,1126.2,494.8,1210.5,560.0
962,2,large_vehicle,0.1727,954.7,406.1,1026.5,450.7
962,4,other_vehicle,0.1369,0.1,726.0,40.7,787.2
963,1,car,0.7456,563.3,477.6,660.7,530.8
963,1,car,0.4894,1119.6,499.0,1198.3,562.6
963,0,person,0.4135,238.4,566.1,257.0,606.8
963,2,large_vehicle,0.2789,0.0,725.1,36.5,787.2
963,2,large_vehicle,0.2354,1119.6,499.0,1198.3,562.6
963,1,car,0.2182,0.0,725.1,36.5,787.2
963,1,car,0.2004,1286.0,596.2,1342.0,678.0
963,2,large_vehicle,0.1518,953.7,405.8,1027.2,450.5
963,1,car,0.1145,953.7,405.8,1027.2,450.5
963,4,other_vehicle,0.1073,0.0,725.1,36.5,787.2
963,0,person,0.1014,651.5,488.9,671.0,528.6
964,1,car,0.7429,563.2,477.6,662.1,530.8
964,1,car,0.4803,1119.6,499.0,1199.8,562.6
964,0,person,0.4267,238.3,566.1,257.0,607.0
964,2,large_vehicle,0.3025,0.0,724.8,36.9,787.3
964,2,large_vehicle,0.2352,1119.6,499.0,1199.8,562.6
964,1,car,0.2161,0.0,724.8,36.9,787.3
964,2,large_vehicle,0.1292,954.1,405.8,1026.9,450.5
964,1,car,0.1260,1286.0,595.8,1342.0,678.0
965,1,car,0.7811,563.2,478.0,663.0,530.9
965,0,person,0.3989,238.2,569.5,256.6,608.3
965,0,person,0.3885,915.0,798.3,939.2,865.9
965,2,large_vehicle,0.3537,1111.5,500.0,1190.7,564.1
965,0,person,0.3132,650.9,492.2,671.3,529.8
965,1,car,0.2882,1111.5,500.0,1190.7,564.1
965,2,large_vehicle,0.2880,0.0,724.9,33.8,786.4
965,0,person,0.1860,236.0,569.3,253.9,607.5
965,4,other_vehicle,0.1543,0.0,724.9,33.8,786.4
965,4,other_vehicle,0.1362,1111.5,500.0,1190.7,564.1
965,1,car,0.1298,0.0,724.9,33.8,786.4
965,0,person,0.1272,649.4,492.0,666.0,529.8
966,1,car,0.7686,563.6,478.0,663.0,530.8
966,0,person,0.3984,238.2,569.5,256.7,608.4
966,0,person,0.3869,914.9,798.4,939.4,865.7
966,2,large_vehicle,0.3629,1111.5,500.0,1191.0,564.1
966,0,person,0.3031,651.0,492.2,671.3,529.9
966,2,large_vehicle,0.3009,0.0,724.8,34.0,786.5
966,1,car,0.2783,1111.5,500.0,1191.0,564.1
966,0,person,0.1855,236.0,569.3,253.9,607.6
966,4,other_vehicle,0.1545,0.0,724.8,34.0,786.5
966,1,car,0.1368,0.0,724.8,34.0,786.5
966,4,other_vehicle,0.1281,1111.5,500.0,1191.0,564.1
966,0,person,0.1240,649.5,491.9,666.0,529.9
966,2,large_vehicle,0.1140,955.0,405.2,1027.6,450.5
966,2,large_vehicle,0.1073,1111.9,499.6,1211.3,564.6
966,1,car,0.1010,955.0,405.2,1027.6,450.5
967,1,car,0.7911,563.3,477.8,664.0,530.8
967,0,person,0.3973,238.3,569.5,256.5,608.2
967,0,person,0.3868,914.9,798.3,939.4,865.8
967,2,large_vehicle,0.3545,1111.5,500.0,1188.8,564.1
967,1,car,0.2918,1111.5,500.0,1188.8,564.1
967,2,large_vehicle,0.2776,0.0,724.7,33.4,786.5
967,0,person,0.2087,651.3,492.4,671.5,530.0
967,0,person,0.1978,236.1,569.2,253.9,607.4
967,4,other_vehicle,0.1504,1111.5,500.0,1188.8,564.1
967,4,other_vehicle,0.1439,0.0,724.7,33.4,786.5
967,1,car,0.1274,0.0,724.7,33.4,786.5
968,1,car,0.7728,563.0,477.2,665.3,530.9
968,1,car,0.4313,1105.5,503.1,1181.4,567.5
968,1,car,0.2876,0.0,726.3,29.9,786.9
968,2,large_vehicle,0.2797,1105.5,503.1,1181.4,567.5
968,2,large_vehicle,0.2328,0.0,726.3,29.9,786.9
968,0,person,0.1590,234.9,569.4,252.9,609.0
968,0,person,0.1093,914.1,798.9,937.1,866.4
969,1,car,0.7739,562.8,476.9,665.1,530.9
969,1,car,0.4367,1105.5,503.1,1181.4,567.5
969,2,large_vehicle,0.2758,1105.5,503.1,1181.4,567.5
969,1,car,0.2703,0.0,726.2,29.8,786.8
969,2,large_vehicle,0.2282,0.0,726.2,29.8,786.8
969,0,person,0.1707,234.9,569.4,252.9,608.9
969,0,person,0.1150,914.4,798.9,937.1,866.4
969,1,car,0.1005,1285.9,596.2,1342.0,677.2
970,1,car,0.7766,562.9,477.4,662.7,531.0
970,0,person,0.4101,233.0,569.7,250.8,609.1
970,1,car,0.4001,1097.5,503.2,1173.7,570.5
970,2,large_vehicle,0.2896,1097.5,503.2,1173.7,570.5
970,0,person,0.2128,912.4,800.8,935.3,867.3
970,0,person,0.1498,1197.5,521.5,1215.6,564.0
970,2,large_vehicle,0.1152,954.2,405.6,1025.5,450.5
970,1,car,0.1100,0.0,724.9,29.0,786.1
970,2,large_vehicle,0.1013,0.0,724.9,29.0,786.1
971,1,car,0.7766,562.9,477.4,662.7,531.0
971,0,person,0.4075,233.0,569.7,250.8,609.1
971,1,car,0.4053,1097.5,503.2,1173.7,570.5
971,2,large_vehicle,0.2880,1097.5,503.2,1173.7,570.5
971,0,person,0.2172,912.4,800.8,935.3,867.2
971,0,person,0.1468,1197.5,521.4,1215.6,564.0
971,2,large_vehicle,0.1153,954.2,405.6,1025.5,450.5
971,1,car,0.1098,0.0,724.9,29.0,786.1
971,2,large_vehicle,0.1009,0.0,724.9,29.0,786.1
972,1,car,0.7856,562.4,477.7,662.8,531.0
972,0,person,0.4075,233.1,569.7,250.8,609.1
972,1,car,0.3941,1097.5,503.3,1173.7,570.5
972,2,large_vehicle,0.2972,1097.5,503.3,1173.7,570.5
972,0,person,0.2015,912.5,800.9,935.3,867.1
972,0,person,0.1438,1197.4,521.5,1215.6,563.9
972,2,large_vehicle,0.1231,0.1,724.2,28.3,785.9
972,2,large_vehicle,0.1150,954.6,405.6,1025.8,450.6
972,1,car,0.1091,0.1,724.2,28.3,785.9
973,1,car,0.7546,564.1,477.2,661.6,531.1
973,1,car,0.4832,1088.3,505.5,1169.4,572.2
973,0,person,0.4176,232.6,571.5,249.3,611.4
973,2,large_vehicle,0.2622,0.1,720.2,25.4,784.8
973,2,large_vehicle,0.2150,1088.3,505.5,1169.4,572.2
973,1,car,0.2048,0.1,720.2,25.4,784.8
973,0,person,0.1089,1197.5,520.9,1215.5,564.0
973,2,large_vehicle,0.1086,953.2,405.0,1026.3,450.5
973,4,other_vehicle,0.1016,229.4,584.4,253.3,615.2
974,1,car,0.7552,564.0,477.2,661.5,531.1
974,1,car,0.4827,1088.3,505.4,1169.2,572.3
974,0,person,0.4213,232.6,571.5,249.3,611.4
974,2,large_vehicle,0.2621,0.1,720.1,25.8,784.8
974,2,large_vehicle,0.2065,1088.3,505.4,1169.2,572.3
974,1,car,0.2016,0.1,720.1,25.8,784.8
974,2,large_vehicle,0.1091,953.3,405.1,1026.5,450.5
975,1,car,0.7862,564.1,477.5,664.0,531.0
975,0,person,0.4859,228.7,569.7,247.2,610.3
975,2,large_vehicle,0.3569,1080.2,507.5,1158.4,575.5
975,1,car,0.3162,1080.2,507.5,1158.4,575.5
975,2,large_vehicle,0.1747,0.1,721.9,18.9,786.4
975,0,person,0.1220,1197.5,520.8,1215.6,563.9
975,4,other_vehicle,0.1148,224.5,583.4,252.8,615.3
975,4,other_vehicle,0.1011,1080.2,507.5,1158.4,575.5
976,1,car,0.7839,563.4,477.6,663.9,531.1
976,0,person,0.4806,228.6,569.7,247.3,610.4
976,2,large_vehicle,0.3396,1080.2,507.5,1158.5,575.5
976,1,car,0.3155,1080.2,507.5,1158.5,575.5
976,2,large_vehicle,0.1737,0.1,721.8,19.0,786.4
976,0,person,0.1392,1197.5,520.8,1215.6,563.9
976,4,other_vehicle,0.1153,1080.2,507.5,1158.5,575.5
976,4,other_vehicle,0.1027,224.8,583.0,252.5,615.2
977,1,car,0.7891,563.7,477.6,663.1,531.0
977,0,person,0.4779,228.6,569.7,247.2,610.4
977,2,large_vehicle,0.3431,1080.2,507.5,1158.5,575.5
977,1,car,0.3143,1080.2,507.5,1158.5,575.5
977,2,large_vehicle,0.1751,0.1,721.8,19.0,786.5
977,0,person,0.1335,1197.5,520.7,1215.6,563.9
977,4,other_vehicle,0.1139,1080.2,507.5,1158.5,575.5
977,4,other_vehicle,0.1033,224.9,583.1,252.5,615.2
978,1,car,0.7438,563.9,477.4,660.8,531.1
978,0,person,0.5331,226.9,567.9,248.0,611.1
978,1,car,0.3107,1071.9,510.9,1157.3,578.9
978,2,large_vehicle,0.2891,1071.9,510.9,1157.3,578.9
978,4,other_vehicle,0.2409,1071.9,510.9,1157.3,578.9
978,0,person,0.1221,1197.5,520.3,1215.7,563.8
979,1,car,0.7611,562.4,477.5,660.4,531.1
979,0,person,0.5273,227.0,567.8,247.4,611.3
979,1,car,0.3071,1071.9,510.9,1157.4,578.9
979,2,large_vehicle,0.3059,1071.9,510.9,1157.4,578.9
979,4,other_vehicle,0.2298,1071.9,510.9,1157.4,578.9
979,0,person,0.1881,1197.5,520.4,1215.7,563.4
980,1,car,0.8114,563.1,477.9,660.5,530.9
980,1,car,0.3765,1063.2,512.2,1147.0,581.1
980,0,person,0.3537,223.2,566.5,242.8,607.2
980,2,large_vehicle,0.3268,1063.2,512.2,1147.0,581.1
980,0,person,0.3066,225.0,566.3,245.6,608.4
980,0,person,0.2199,1197.5,520.3,1215.6,563.3
980,0,person,0.1991,902.5,803.2,924.9,870.9
980,4,other_vehicle,0.1212,1063.2,512.2,1147.0,581.1
981,1,car,0.8135,562.4,478.0,660.4,531.0
981,1,car,0.3772,1063.2,512.2,1147.0,581.1
981,0,person,0.3718,223.2,566.5,242.8,607.2
981,2,large_vehicle,0.3161,1063.2,512.2,1147.0,581.1
981,0,person,0.2856,225.1,566.3,245.6,608.3
981,0,person,0.2709,1197.6,520.6,1215.6,563.1
981,0,person,0.1704,902.7,803.4,924.9,871.2
981,4,other_vehicle,0.1308,1063.2,512.2,1147.0,581.1
982,1,car,0.8120,562.5,478.0,660.3,530.9
982,1,car,0.3811,1063.2,512.2,1146.9,581.1
982,0,person,0.3782,223.2,566.5,242.9,607.1
982,2,large_vehicle,0.3181,1063.2,512.2,1146.9,581.1
982,0,person,0.2671,225.0,566.3,245.6,608.3
982,0,person,0.2425,1197.6,520.6,1215.6,563.2
982,0,person,0.2255,902.5,803.2,925.1,870.9
982,4,other_vehicle,0.1257,1063.2,512.2,1146.9,581.1
983,1,car,0.7699,565.0,477.9,659.2,530.9
983,2,large_vehicle,0.5722,1054.5,515.8,1141.9,583.4
983,0,person,0.5230,900.9,804.8,924.0,869.1
983,0,person,0.3155,221.6,568.2,242.2,609.1
983,0,person,0.2896,1197.5,521.2,1215.5,563.1
983,1,car,0.2058,1054.5,515.8,1141.9,583.4
983,2,large_vehicle,0.1139,954.2,405.7,1026.1,450.4
984,1,car,0.7888,565.6,478.4,660.1,530.9
984,1,car,0.5464,1045.1,517.0,1134.5,587.4
984,2,large_vehicle,0.2995,1045.1,517.0,1134.5,587.4
984,0,person,0.2522,1197.6,520.7,1215.7,563.1
984,0,person,0.2146,219.0,567.6,240.2,611.6
984,0,person,0.1269,1098.9,389.4,1111.7,425.7
985,1,car,0.7731,565.0,478.1,659.5,531.0
985,1,car,0.5479,1045.2,517.0,1134.9,587.4
985,2,large_vehicle,0.3022,1045.2,517.0,1134.9,587.4
985,0,person,0.2812,1197.6,520.7,1215.7,563.1
985,0,person,0.2106,219.0,567.5,240.2,611.7
985,0,person,0.1379,1099.1,389.4,1111.9,426.1
985,0,person,0.1160,899.5,805.2,920.9,869.8
986,1,car,0.7742,565.0,478.3,659.7,531.0
986,1,car,0.5481,1045.2,517.0,1134.5,587.4
986,2,large_vehicle,0.3014,1045.2,517.0,1134.5,587.4
986,0,person,0.2883,1197.6,520.8,1215.7,563.2
986,0,person,0.2160,219.0,567.5,240.1,611.6
986,0,person,0.1673,1099.0,389.4,1112.0,426.5
986,0,person,0.1201,899.6,805.2,921.0,869.8
987,1,car,0.7477,565.5,477.7,660.0,531.1
987,1,car,0.5932,1036.9,520.4,1124.3,590.9
987,0,person,0.4458,217.7,568.0,238.3,610.6
987,2,large_vehicle,0.2751,1036.9,520.4,1124.3,590.9
987,0,person,0.2109,1197.5,520.2,1215.8,563.3
987,0,person,0.1692,1098.3,387.7,1112.2,426.6
987,0,person,0.1174,897.5,806.0,919.1,873.0
988,1,car,0.7598,563.4,477.7,659.3,531.1
988,1,car,0.5997,1036.9,520.5,1124.2,590.9
988,0,person,0.4486,217.5,568.1,238.2,610.5
988,2,large_vehicle,0.2702,1036.9,520.5,1124.2,590.9
988,0,person,0.2215,1098.2,387.4,1112.5,426.8
988,0,person,0.1835,1197.4,519.9,1215.6,563.3
988,0,person,0.1529,897.6,806.1,919.4,873.1
989,1,car,0.7872,562.9,477.6,659.6,531.1
989,1,car,0.5185,1026.7,521.5,1117.0,593.2
989,0,person,0.4647,215.9,569.2,235.9,611.1
989,0,person,0.3950,1097.4,387.0,1112.4,427.0
989,2,large_vehicle,0.3163,1026.7,521.5,1117.0,593.2
989,0,person,0.1664,1197.3,518.0,1215.7,563.4
990,1,car,0.7806,562.3,477.7,659.7,531.1
990,1,car,0.5144,1026.6,521.5,1117.0,593.3
990,0,person,0.4776,215.8,569.1,235.7,611.1
990,0,person,0.3750,1097.4,387.0,1112.4,427.0
990,2,large_vehicle,0.3161,1026.6,521.5,1117.0,593.3
990,0,person,0.2043,1197.3,519.0,1215.7,563.4
991,1,car,0.7826,561.8,477.7,659.9,531.1
991,1,car,0.5683,1026.6,521.5,1117.7,593.3
991,0,person,0.4512,216.0,569.2,235.9,611.0
991,0,person,0.3963,1097.4,387.0,1112.5,427.0
991,2,large_vehicle,0.2761,1026.6,521.5,1117.7,593.3
991,0,person,0.1552,1197.2,517.9,1215.5,563.0
992,1,car,0.7735,563.1,477.8,658.4,531.1
992,1,car,0.5979,1017.5,524.3,1112.3,597.0
992,0,person,0.3877,214.6,568.9,234.3,609.4
992,0,person,0.2928,1097.4,387.0,1112.0,426.9
992,2,large_vehicle,0.2230,1017.5,524.3,1112.3,597.0
992,0,person,0.1867,1197.2,520.0,1215.4,563.0
993,1,car,0.7580,563.4,477.4,658.3,531.1
993,1,car,0.5973,1017.5,524.3,1112.3,597.0
993,0,person,0.3952,214.7,568.9,234.2,609.3
993,0,person,0.2921,1097.4,387.1,1111.9,426.9
993,2,large_vehicle,0.2223,1017.5,524.3,1112.3,597.0
993,0,person,0.1557,1197.3,520.0,1215.4,562.8
994,1,car,0.7387,564.7,477.9,657.6,531.1
994,1,car,0.6586,1008.1,526.0,1104.1,601.1
994,0,person,0.5131,212.5,570.4,231.4,609.3
994,0,person,0.2421,1096.9,387.0,1111.4,426.8
994,0,person,0.1826,1197.3,518.3,1215.8,563.1
994,2,large_vehicle,0.1631,1008.1,526.0,1104.1,601.1
995,1,car,0.7365,564.7,477.9,657.6,531.1
995,1,car,0.6561,1008.1,526.0,1104.1,601.1
995,0,person,0.5073,212.5,570.4,231.3,609.3
995,0,person,0.2404,1096.9,387.0,1111.4,426.8
995,0,person,0.1839,1197.3,518.4,1215.9,563.1
995,2,large_vehicle,0.1625,1008.1,526.0,1104.1,601.1
996,1,car,0.7309,564.0,477.8,657.5,531.0
996,1,car,0.6502,1008.1,526.1,1104.1,601.1
996,0,person,0.5059,212.5,570.4,231.4,609.4
996,0,person,0.2148,1096.9,386.9,1111.4,426.8
996,0,person,0.1828,1197.3,518.3,1215.9,562.9
996,2,large_vehicle,0.1706,1008.1,526.1,1104.1,601.1
997,1,car,0.7813,997.4,528.9,1093.7,604.4
997,1,car,0.6784,559.9,476.9,655.8,531.0
997,0,person,0.3989,885.0,810.8,914.0,875.2
997,0,person,0.3733,210.4,571.0,228.7,607.5
997,0,person,0.2883,1197.3,518.3,1215.7,562.9
997,0,person,0.1263,1096.4,387.3,1111.2,426.4
997,2,large_vehicle,0.1089,997.4,528.9,1093.7,604.4
998,1,car,0.7701,997.5,528.9,1093.9,604.4
998,1,car,0.6809,560.0,477.0,655.9,531.0
998,0,person,0.3794,885.1,810.8,914.0,875.4
998,0,person,0.3367,210.3,571.2,228.6,607.9
998,0,person,0.3072,1197.3,518.2,1215.8,562.8
998,2,large_vehicle,0.1150,997.5,528.9,1093.9,604.4
999,1,car,0.7395,560.4,478.1,655.6,531.0
999,1,car,0.6944,987.5,532.3,1083.6,607.0
999,0,person,0.5945,208.2,570.7,226.4,606.5
999,0,person,0.4090,882.0,811.3,910.9,873.7
999,0,person,0.3292,1197.3,519.0,1216.0,562.9
999,0,person,0.2096,1095.6,388.4,1110.5,426.7
999,2,large_vehicle,0.1573,987.5,532.3,1083.6,607.0
1000,1,car,0.7076,560.0,478.1,654.9,531.0
1000,1,car,0.6219,987.7,532.3,1083.9,606.8
1000,0,person,0.5887,208.8,571.3,226.6,607.0
1000,0,person,0.3931,882.0,811.2,910.9,872.6
1000,0,person,0.3598,1095.8,389.6,1110.8,427.1
1000,0,person,0.2435,1197.4,518.2,1216.4,563.0
1000,2,large_vehicle,0.2254,987.7,532.3,1083.9,606.8
1001,1,car,0.6581,559.7,477.6,654.4,530.9
1001,1,car,0.6312,987.7,532.3,1083.9,606.8
1001,0,person,0.6094,208.6,571.2,226.6,607.2
1001,0,person,0.4166,882.2,811.2,910.9,872.8
1001,0,person,0.3650,1095.7,389.4,1110.9,427.1
1001,0,person,0.3228,1197.6,519.5,1216.4,562.9
1001,2,large_vehicle,0.2114,987.7,532.3,1083.9,606.8
1001,2,large_vehicle,0.1404,559.7,477.6,654.4,530.9
1002,1,car,0.6047,561.8,477.0,657.1,530.8
1002,1,car,0.6034,977.0,534.1,1075.7,610.8
1002,0,person,0.5392,879.4,813.4,910.4,874.2
1002,0,person,0.4189,1095.2,389.5,1110.9,427.0
1002,0,person,0.3656,207.3,573.9,224.4,609.6
1002,0,person,0.3414,1197.4,520.3,1216.5,563.0
1002,2,large_vehicle,0.2948,977.0,534.1,1075.7,610.8
1002,2,large_vehicle,0.1696,561.8,477.0,657.1,530.8
1003,1,car,0.5980,561.6,476.8,656.8,530.7
1003,1,car,0.5839,977.0,534.1,1075.6,610.8
1003,0,person,0.5473,879.5,813.4,910.0,873.8
1003,0,person,0.4135,1095.2,389.4,1110.9,427.0
1003,0,person,0.3636,207.4,573.8,224.4,609.3
1003,0,person,0.3287,1197.5,520.8,1216.5,563.1
1003,2,large_vehicle,0.3170,977.0,534.1,1075.6,610.8
1003,2,large_vehicle,0.1745,561.6,476.8,656.8,530.7
1004,1,car,0.7406,965.3,537.3,1067.6,614.8
1004,0,person,0.6458,877.6,814.3,908.3,874.4
1004,1,car,0.5450,562.7,477.8,652.8,530.8
1004,0,person,0.4934,205.2,572.7,224.1,613.8
1004,0,person,0.4779,1094.5,388.8,1110.2,427.4
1004,0,person,0.3003,1197.3,517.6,1216.3,563.1
1004,2,large_vehicle,0.2544,562.7,477.8,652.8,530.8
1004,2,large_vehicle,0.1819,965.3,537.3,1067.6,614.8
1004,2,large_vehicle,0.1266,954.9,405.0,1027.5,450.4
1005,1,car,0.7428,965.2,537.3,1067.6,614.8
1005,0,person,0.6409,877.6,814.3,908.3,874.5
1005,1,car,0.5533,562.6,477.8,652.8,530.8
1005,0,person,0.4933,205.2,572.7,224.1,613.8
1005,0,person,0.4849,1094.5,388.8,1110.7,427.4
1005,0,person,0.2889,1197.3,517.3,1216.3,563.1
1005,2,large_vehicle,0.2449,562.6,477.8,652.8,530.8
1005,2,large_vehicle,0.1795,965.2,537.3,1067.6,614.8
1005,2,large_vehicle,0.1404,954.9,404.9,1027.6,450.4
1005,1,car,0.1003,954.9,404.9,1027.6,450.4
1006,1,car,0.7306,965.4,537.3,1067.6,614.8
1006,0,person,0.6452,877.5,814.4,908.2,874.2
1006,1,car,0.5446,562.9,477.7,652.7,530.7
1006,0,person,0.4866,205.2,572.7,224.1,613.8
1006,0,person,0.4746,1094.5,388.8,1110.2,427.4
1006,0,person,0.2666,1197.3,517.1,1216.4,563.1
1006,2,large_vehicle,0.2556,562.9,477.7,652.7,530.7
1006,2,large_vehicle,0.1947,965.4,537.3,1067.6,614.8
1006,2,large_vehicle,0.1285,954.8,405.0,1027.6,450.4
1007,1,car,0.6152,559.0,477.6,653.0,530.7
1007,1,car,0.6042,954.8,540.2,1056.0,618.6
1007,0,person,0.5769,875.0,815.2,903.3,874.8
1007,0,person,0.2940,1197.7,519.2,1216.2,563.0
1007,0,person,0.2851,206.0,577.0,222.8,617.6
1007,0,person,0.2842,1094.4,389.7,1109.5,428.0
1007,2,large_vehicle,0.2812,954.8,540.2,1056.0,618.6
1007,0,person,0.1601,634.3,498.8,651.1,532.3
1007,2,large_vehicle,0.1326,955.2,405.1,1026.9,450.3
1007,2,large_vehicle,0.1297,559.0,477.6,653.0,530.7
1007,0,person,0.1052,201.3,575.0,221.8,615.6
1008,0,person,0.6656,872.6,814.7,902.3,876.5
1008,2,large_vehicle,0.5148,943.7,542.5,1048.9,621.5
1008,0,person,0.4880,1093.5,389.5,1110.4,428.5
1008,1,car,0.4653,560.3,476.6,656.9,530.7
1008,1,car,0.4432,943.7,542.5,1048.9,621.5
1008,0,person,0.3030,199.8,573.7,219.7,614.3
1008,0,person,0.2605,1197.0,513.5,1217.2,563.0
1008,2,large_vehicle,0.2476,560.3,476.6,656.9,530.7
1008,2,large_vehicle,0.2435,61.5,682.0,183.1,796.1
1008,2,large_vehicle,0.1537,954.8,404.7,1027.0,450.2
1008,0,person,0.1345,204.6,576.0,221.6,616.3
1008,1,car,0.1173,954.8,404.7,1027.0,450.2
1009,0,person,0.6704,872.6,814.7,902.3,876.5
1009,2,large_vehicle,0.5088,943.7,542.5,1048.8,621.5
1009,1,car,0.5043,560.8,476.7,656.4,530.7
1009,0,person,0.4868,1093.5,389.4,1110.4,428.5
1009,1,car,0.4531,943.7,542.5,1048.8,621.5
1009,0,person,0.3550,1197.2,516.1,1217.1,563.2
1009,0,person,0.3038,199.8,573.6,219.8,614.4
1009,2,large_vehicle,0.2276,61.5,682.0,183.1,796.1
1009,2,large_vehicle,0.2097,560.8,476.7,656.4,530.7
1009,0,person,0.1449,204.5,575.9,221.8,616.4
1009,2,large_vehicle,0.1414,954.8,404.6,1027.0,450.2
1009,1,car,0.1128,954.8,404.6,1027.0,450.2
1010,0,person,0.6714,872.4,814.7,902.3,876.3
1010,1,car,0.5476,561.4,476.6,658.3,530.7
1010,0,person,0.5068,1093.4,389.5,1110.7,428.6
1010,1,car,0.4820,943.6,542.5,1048.9,621.5
1010,2,large_vehicle,0.4754,943.6,542.5,1048.9,621.5
1010,0,person,0.3327,1197.2,517.4,1216.9,562.8
1010,0,person,0.3017,199.7,573.7,219.9,614.4
1010,2,large_vehicle,0.2841,61.5,682.0,183.4,796.0
1010,2,large_vehicle,0.1918,954.9,404.4,1027.8,450.2
1010,2,large_vehicle,0.1676,561.4,476.6,658.3,530.7
1010,0,person,0.1586,204.4,576.0,222.1,616.1
1010,1,car,0.1442,954.9,404.4,1027.8,450.2
1011,2,large_vehicle,0.5681,934.2,545.4,1036.4,623.7
1011,1,car,0.5420,562.8,477.1,650.5,530.3
1011,0,person,0.4825,872.6,815.3,900.5,878.6
1011,0,person,0.4592,1093.0,389.2,1111.0,428.7
1011,1,car,0.3669,934.2,545.4,1036.4,623.7
1011,0,person,0.2732,1197.2,518.2,1216.9,562.4
1011,2,large_vehicle,0.2600,562.8,477.1,650.5,530.3
1011,0,person,0.2170,199.0,575.6,218.6,614.6
1011,1,car,0.1080,954.3,404.5,1027.8,450.1
1011,2,large_vehicle,0.1059,954.3,404.5,1027.8,450.1
1012,2,large_vehicle,0.5648,934.3,545.5,1036.5,623.7
1012,1,car,0.5480,562.9,477.0,650.6,530.3
1012,0,person,0.4805,872.7,815.3,900.6,878.5
1012,0,person,0.4588,1093.0,389.2,1111.0,428.7
1012,1,car,0.3703,934.3,545.5,1036.5,623.7
1012,2,large_vehicle,0.2472,562.9,477.0,650.6,530.3
1012,0,person,0.2268,1197.1,518.3,1216.8,562.3
1012,0,person,0.2195,199.0,575.6,218.6,614.5
1012,1,car,0.1163,954.3,404.7,1027.7,450.0
1013,1,car,0.7431,922.1,547.8,1027.9,627.5
1013,0,person,0.4581,871.7,816.2,898.7,879.6
1013,0,person,0.4413,1092.9,389.3,1109.4,428.1
1013,1,car,0.3535,562.8,476.7,650.9,530.5
1013,2,large_vehicle,0.3329,562.8,476.7,650.9,530.5
1013,0,person,0.3217,1197.0,510.6,1217.1,562.3
1013,0,person,0.2726,199.5,579.1,217.3,616.9
1013,2,large_vehicle,0.1527,922.1,547.8,1027.9,627.5
1013,0,person,0.1207,634.6,498.2,652.4,532.5
1014,1,car,0.7418,922.1,547.8,1027.9,627.5
1014,0,person,0.4678,871.6,816.1,898.9,879.5
1014,0,person,0.4539,1092.9,389.3,1109.4,428.1
1014,1,car,0.3558,562.5,476.7,650.9,530.5
1014,2,large_vehicle,0.3452,562.5,476.7,650.9,530.5
1014,0,person,0.3071,1197.0,510.8,1217.0,562.3
1014,0,person,0.2731,199.5,579.2,217.4,616.9
1014,2,large_vehicle,0.1536,922.1,547.8,1027.9,627.5
1014,0,person,0.1170,634.6,498.2,652.4,532.6
1015,1,car,0.7413,922.1,547.8,1027.9,627.5
1015,0,person,0.4437,871.7,816.1,898.7,880.0
1015,0,person,0.4389,1092.9,389.3,1109.4,428.1
1015,1,car,0.3599,563.0,476.8,650.9,530.5
1015,2,large_vehicle,0.3257,563.0,476.8,650.9,530.5
1015,0,person,0.3224,1197.0,509.3,1217.2,562.3
1015,0,person,0.2815,199.4,579.1,217.4,617.0
1015,2,large_vehicle,0.1530,922.1,547.8,1027.9,627.5
1015,0,person,0.1137,634.7,498.2,652.4,532.5
1016,1,car,0.6214,909.4,550.7,1019.3,630.1
1016,0,person,0.4100,870.9,816.5,898.2,881.7
1016,0,person,0.4063,196.2,575.1,218.3,616.9
1016,2,large_vehicle,0.3498,559.1,475.8,651.7,530.6
1016,0,person,0.3219,1197.1,513.0,1217.2,562.8
1016,1,car,0.3186,559.1,475.8,651.7,530.6
1016,2,large_vehicle,0.2387,909.4,550.7,1019.3,630.1
1016,0,person,0.1295,1093.0,389.6,1109.4,428.4
1017,1,car,0.6442,909.2,550.6,1020.3,630.1
1017,0,person,0.4447,196.2,575.2,218.3,617.2
1017,0,person,0.4230,870.3,816.2,898.1,881.4
1017,0,person,0.3609,1196.9,510.5,1217.3,562.8
1017,2,large_vehicle,0.3172,559.3,475.8,652.2,530.6
1017,1,car,0.3057,559.3,475.8,652.2,530.6
1017,0,person,0.2194,1092.6,389.5,1109.2,428.2
1017,2,large_vehicle,0.2172,909.2,550.6,1020.3,630.1
1017,1,car,0.1080,955.2,404.2,1026.9,449.9
1018,1,car,0.7864,896.9,553.7,1008.3,634.3
1018,1,car,0.5731,559.6,476.6,651.9,530.9
1018,0,person,0.4316,197.0,579.5,214.7,616.8
1018,0,person,0.3260,1197.1,514.7,1217.1,562.5
1018,0,person,0.2805,1092.3,389.6,1108.7,428.1
1018,0,person,0.2243,872.2,817.7,897.0,881.5
1018,2,large_vehicle,0.1428,559.6,476.6,651.9,530.9
1018,1,car,0.1263,955.1,404.4,1027.2,449.9
1018,2,large_vehicle,0.1172,955.1,404.4,1027.2,449.9
1018,2,large_vehicle,0.1077,896.9,553.7,1008.3,634.3
1019,1,car,0.7902,896.9,553.7,1008.3,634.3
1019,1,car,0.5957,560.6,476.6,651.6,530.8
1019,0,person,0.4186,197.0,579.6,214.5,616.9
1019,0,person,0.3053,1197.2,515.3,1217.0,562.0
1019,0,person,0.2738,1092.0,389.9,1108.0,428.2
1019,0,person,0.2238,872.0,817.6,897.6,881.1
1019,1,car,0.1532,955.0,404.6,1026.7,449.9
1019,2,large_vehicle,0.1314,955.0,404.6,1026.7,449.9
1019,2,large_vehicle,0.1284,560.6,476.6,651.6,530.8
1019,2,large_vehicle,0.1034,896.9,553.7,1008.3,634.3
1020,1,car,0.7859,896.9,553.6,1008.3,634.3
1020,1,car,0.5979,560.5,476.6,651.8,530.8
1020,0,person,0.4202,197.0,579.6,214.5,616.9
1020,0,person,0.3095,1197.1,514.5,1217.0,562.0
1020,0,person,0.2887,1092.3,389.7,1108.5,428.3
1020,0,person,0.2262,872.0,817.7,897.6,881.1
1020,2,large_vehicle,0.1243,560.5,476.6,651.8,530.8
1020,1,car,0.1151,955.2,404.6,1026.4,449.8
1020,2,large_vehicle,0.1077,896.9,553.6,1008.3,634.3
1020,2,large_vehicle,0.1072,955.2,404.6,1026.4,449.8
1021,1,car,0.7522,885.6,556.4,993.7,638.3
1021,1,car,0.5666,563.8,476.0,657.5,530.6
1021,0,person,0.2537,194.8,578.4,214.0,618.3
1021,0,person,0.2436,1091.7,390.4,1107.3,428.5
1021,0,person,0.1796,1196.9,513.7,1217.2,562.0
1021,2,large_vehicle,0.1427,885.6,556.4,993.7,638.3
1021,1,car,0.1360,953.9,404.3,1026.8,449.7
1021,0,person,0.1275,193.8,575.3,213.6,616.6
1022,1,car,0.7504,885.6,556.4,993.6,638.3
1022,1,car,0.5413,564.4,476.2,656.2,530.6
1022,0,person,0.2646,194.9,578.1,213.9,618.2
1022,0,person,0.2082,1092.1,390.2,1108.0,428.5
1022,0,person,0.2045,1196.9,510.3,1217.2,562.1
1022,2,large_vehicle,0.1424,885.6,556.4,993.6,638.3
1022,0,person,0.1417,193.9,575.4,213.4,616.5
1022,1,car,0.1309,954.1,404.2,1027.0,449.7
1022,2,large_vehicle,0.1046,564.4,476.2,656.2,530.6
1022,2,large_vehicle,0.1043,954.1,404.2,1027.0,449.7
1023,1,car,0.6866,872.6,559.8,985.8,641.9
1023,1,car,0.5263,565.6,476.8,652.1,530.2
1023,2,large_vehicle,0.3394,36.3,685.4,143.3,795.8
1023,0,person,0.3037,188.8,577.3,209.9,617.3
1023,0,person,0.2644,191.6,576.7,212.7,617.8
1023,2,large_vehicle,0.2418,872.6,559.8,985.8,641.9
1023,0,person,0.2416,1197.1,511.9,1217.0,561.8
1023,2,large_vehicle,0.1725,565.6,476.8,652.1,530.2
1023,1,car,0.1516,954.7,404.6,1026.1,449.6
1023,2,large_vehicle,0.1354,954.7,404.6,1026.1,449.6
1024,1,car,0.6744,872.7,559.7,985.8,642.0
1024,1,car,0.5166,565.6,476.8,651.9,530.2
1024,2,large_vehicle,0.3817,36.2,685.3,143.3,795.9
1024,0,person,0.3106,188.8,577.3,210.0,617.2
1024,0,person,0.2606,191.7,576.8,212.7,617.8
1024,2,large_vehicle,0.2544,872.7,559.7,985.8,642.0
1024,0,person,0.2263,1197.1,511.4,1217.1,562.0
1024,2,large_vehicle,0.1750,565.6,476.8,651.9,530.2
1024,1,car,0.1584,954.6,404.6,1026.2,449.6
1024,2,large_vehicle,0.1279,954.6,404.6,1026.2,449.6
1025,1,car,0.6825,872.6,559.7,985.8,642.0
1025,1,car,0.5499,565.3,477.1,650.4,530.3
1025,2,large_vehicle,0.3417,36.4,685.4,143.2,795.6
1025,0,person,0.2906,188.9,577.3,210.1,617.2
1025,0,person,0.2669,191.7,576.7,212.8,617.8
1025,2,large_vehicle,0.2462,872.6,559.7,985.8,642.0
1025,0,person,0.2292,1197.0,511.0,1217.0,562.0
1025,2,large_vehicle,0.1752,565.3,477.1,650.4,530.3
1025,2,large_vehicle,0.1494,954.5,404.3,1026.3,449.6
1025,1,car,0.1391,954.5,404.3,1026.3,449.6
1026,1,car,0.7851,859.6,563.1,972.2,647.1
1026,1,car,0.5365,563.5,477.0,649.5,530.5
1026,2,large_vehicle,0.3316,32.9,686.0,138.4,795.8
1026,0,person,0.2620,1196.8,511.2,1217.3,562.3
1026,2,large_vehicle,0.2081,563.5,477.0,649.5,530.5
1026,2,large_vehicle,0.1830,954.3,404.4,1027.0,449.6
1026,1,car,0.1820,954.3,404.4,1027.0,449.6
1026,0,person,0.1535,1091.3,389.5,1106.2,427.6
1026,0,person,0.1115,188.7,577.5,208.1,618.7
1026,0,person,0.1058,867.1,819.8,889.9,880.5
1026,2,large_vehicle,0.1016,859.6,563.1,972.2,647.1
1027,1,car,0.7798,859.5,563.1,972.2,647.1
1027,1,car,0.5118,563.1,476.9,649.6,530.5
1027,2,large_vehicle,0.3005,32.9,686.0,138.3,795.8
1027,0,person,0.2516,1196.9,509.4,1217.3,562.3
1027,1,car,0.2196,954.2,404.5,1027.0,449.6
1027,2,large_vehicle,0.2054,563.1,476.9,649.6,530.5
1027,2,large_vehicle,0.1701,954.2,404.5,1027.0,449.6
1027,0,person,0.1316,1091.3,389.5,1106.1,427.6
1027,0,person,0.1101,867.2,819.8,889.8,880.3
1027,2,large_vehicle,0.1075,859.5,563.1,972.2,647.1
1028,1,car,0.6779,845.9,566.3,962.6,651.6
1028,1,car,0.5769,561.8,476.9,652.2,530.7
1028,0,person,0.4335,187.4,578.3,206.3,619.1
1028,2,large_vehicle,0.2512,845.9,566.3,962.6,651.6
1028,0,person,0.1775,1196.4,501.7,1218.2,561.9
1028,1,car,0.1728,954.8,404.4,1027.2,449.5
1028,2,large_vehicle,0.1346,954.8,404.4,1027.2,449.5
1028,0,person,0.1284,865.0,820.7,889.0,883.8
1029,1,car,0.6723,845.9,566.3,962.6,651.6
1029,1,car,0.5781,561.8,476.9,652.2,530.7
1029,0,person,0.4313,187.4,578.4,206.2,619.1
1029,2,large_vehicle,0.2585,845.9,566.3,962.6,651.6
1029,0,person,0.2097,1196.8,508.9,1217.3,562.5
1029,1,car,0.1694,954.9,404.5,1027.2,449.5
1029,2,large_vehicle,0.1362,954.9,404.5,1027.2,449.5
1029,0,person,0.1316,865.0,820.7,889.0,883.9
1030,1,car,0.6764,845.8,566.3,962.5,651.6
1030,1,car,0.5932,560.8,476.7,652.3,530.7
1030,0,person,0.4420,187.3,578.4,206.4,619.3
1030,2,large_vehicle,0.2531,845.8,566.3,962.5,651.6
1030,0,person,0.2184,1196.4,501.4,1218.1,562.0
1030,1,car,0.1904,954.6,404.5,1027.1,449.5
1030,2,large_vehicle,0.1308,954.6,404.5,1027.1,449.5
1030,0,person,0.1099,864.9,820.6,889.0,883.7
1031,1,car,0.6876,832.7,569.9,951.1,656.8
1031,1,car,0.6559,562.3,477.0,651.9,530.2
1031,0,person,0.3087,185.3,578.3,204.6,618.5
1031,2,large_vehicle,0.2379,955.2,404.4,1027.1,449.5
1031,2,large_vehicle,0.2102,832.7,569.9,951.1,656.8
1031,0,person,0.2082,1198.0,512.7,1219.6,563.0
1031,1,car,0.2029,955.2,404.4,1027.1,449.5
1031,0,person,0.1157,1196.9,512.5,1217.3,562.7
1032,1,car,0.8206,820.4,572.1,936.5,660.6
1032,1,car,0.5742,562.5,477.3,649.8,530.4
1032,0,person,0.5514,183.5,576.1,203.7,620.4
1032,2,large_vehicle,0.1712,954.5,404.8,1026.6,449.6
1032,0,person,0.1708,1197.0,509.1,1217.3,562.6
1032,2,large_vehicle,0.1531,562.5,477.3,649.8,530.4
1032,1,car,0.1346,954.5,404.8,1026.6,449.6
1033,1,car,0.8245,820.4,572.1,936.6,660.6
1033,1,car,0.5525,563.3,477.4,649.8,530.4
1033,0,person,0.5502,183.5,576.2,203.7,620.4
1033,2,large_vehicle,0.1789,563.3,477.4,649.8,530.4
1033,2,large_vehicle,0.1778,954.6,404.9,1026.8,449.6
1033,0,person,0.1431,1197.0,508.9,1217.3,562.5
1033,1,car,0.1343,954.6,404.9,1026.8,449.6
1034,1,car,0.8213,820.4,572.1,936.6,660.6
1034,0,person,0.5548,183.5,576.1,203.7,620.3
1034,1,car,0.5145,562.1,476.9,649.6,530.4
1034,2,large_vehicle,0.1941,562.1,476.9,649.6,530.4
1034,2,large_vehicle,0.1569,954.6,405.1,1026.8,449.6
1034,1,car,0.1405,954.6,405.1,1026.8,449.6
1034,0,person,0.1253,1196.7,501.8,1218.0,561.6
1035,1,car,0.8685,808.1,575.5,922.0,664.8
1035,1,car,0.4939,560.4,476.5,650.3,530.6
1035,0,person,0.4160,182.9,578.5,202.1,619.9
1035,2,large_vehicle,0.1194,560.4,476.5,650.3,530.6
1035,0,person,0.1105,1196.7,501.7,1218.0,561.5
1035,1,car,0.1099,955.0,405.3,1026.9,449.6
1036,1,car,0.8663,808.1,575.5,922.1,664.8
1036,1,car,0.4935,560.5,476.3,650.2,530.7
1036,0,person,0.4253,182.9,578.4,202.1,619.8
1036,2,large_vehicle,0.1293,560.5,476.3,650.2,530.7
1036,1,car,0.1272,955.1,405.6,1026.8,449.6
1036,0,person,0.1058,1196.6,501.7,1218.0,561.3
1037,1,car,0.7376,793.9,579.3,913.8,669.3
1037,1,car,0.5393,559.8,477.0,649.7,530.6
1037,0,person,0.4805,180.9,577.8,201.8,620.1
1037,0,person,0.2146,1196.6,501.5,1218.2,560.9
1037,1,car,0.1634,955.0,405.5,1026.7,449.6
1037,2,large_vehicle,0.1512,955.0,405.5,1026.7,449.6
1037,2,large_vehicle,0.1479,559.8,477.0,649.7,530.6
1037,2,large_vehicle,0.1385,793.9,579.3,913.8,669.3
1038,1,car,0.7372,793.9,579.3,913.7,669.3
1038,1,car,0.5439,559.7,477.0,649.7,530.5
1038,0,person,0.4812,180.9,577.8,201.8,620.1
1038,0,person,0.1829,1196.6,501.7,1218.2,561.0
1038,1,car,0.1537,955.0,405.6,1026.5,449.6
1038,2,large_vehicle,0.1501,955.0,405.6,1026.5,449.6
1038,2,large_vehicle,0.1484,559.7,477.0,649.7,530.5
1038,2,large_vehicle,0.1388,793.9,579.3,913.7,669.3
1039,1,car,0.7442,793.9,579.3,914.0,669.3
1039,1,car,0.5972,558.2,476.9,649.8,530.5
1039,0,person,0.4871,180.9,577.8,201.8,620.1
1039,0,person,0.2590,1196.6,501.6,1218.1,561.0
1039,2,large_vehicle,0.1725,955.0,405.4,1027.0,449.6
1039,1,car,0.1447,955.0,405.4,1027.0,449.6
1039,2,large_vehicle,0.1332,793.9,579.3,914.0,669.3
1039,2,large_vehicle,0.1142,558.2,476.9,649.8,530.5
1040,1,car,0.7408,562.4,477.9,652.6,530.3
1040,1,car,0.6414,779.0,583.6,899.8,673.6
1040,2,large_vehicle,0.2907,779.0,583.6,899.8,673.6
1040,0,person,0.1661,1196.6,501.5,1218.1,560.8
1040,2,large_vehicle,0.1453,954.0,405.8,1026.1,449.5
1040,1,car,0.1294,954.0,405.8,1026.1,449.5
1041,1,car,0.7406,562.3,477.9,652.3,530.2
1041,1,car,0.6384,779.0,583.6,899.7,673.6
1041,2,large_vehicle,0.2915,779.0,583.6,899.7,673.6
1041,0,person,0.1618,1196.6,501.5,1218.1,560.8
1041,2,large_vehicle,0.1496,953.9,405.8,1025.8,449.4
1041,1,car,0.1374,953.9,405.8,1025.8,449.4
1041,0,person,0.1100,178.7,581.6,199.4,620.2
1042,1,car,0.8089,765.4,587.8,884.4,676.9
1042,1,car,0.6686,562.8,478.3,651.2,530.3
1042,0,person,0.1859,1196.7,501.6,1218.0,560.8
1042,2,large_vehicle,0.1800,953.7,405.6,1026.2,449.5
1042,1,car,0.1755,953.7,405.6,1026.2,449.5
1042,0,person,0.1012,177.5,580.4,196.7,616.8
1043,1,car,0.8104,765.3,587.8,884.4,676.9
1043,1,car,0.6563,562.1,478.1,651.1,530.2
1043,1,car,0.1636,954.0,405.6,1026.1,449.4
1043,2,large_vehicle,0.1552,954.0,405.6,1026.1,449.4
1043,0,person,0.1470,1196.6,501.8,1218.0,561.1
1043,0,person,0.1120,177.6,580.6,196.5,617.0
1044,1,car,0.8114,765.3,587.8,884.4,676.9
1044,1,car,0.6786,562.7,478.4,651.1,530.3
1044,1,car,0.1661,954.0,405.6,1026.1,449.4
1044,0,person,0.1550,1196.7,501.8,1218.0,561.1
1044,2,large_vehicle,0.1537,954.0,405.6,1026.1,449.4
1044,0,person,0.1221,177.7,580.4,196.5,616.9
1045,1,car,0.8265,748.9,591.2,873.6,681.0
1045,1,car,0.5386,561.8,478.3,650.7,530.4
1045,2,large_vehicle,0.1351,561.8,478.3,650.7,530.4
1046,1,car,0.8241,749.0,591.2,873.7,680.9
1046,1,car,0.5376,562.4,478.3,650.7,530.4
1046,2,large_vehicle,0.1179,562.4,478.3,650.7,530.4
1046,0,person,0.1163,1197.0,510.4,1217.0,561.5
1047,1,car,0.8479,733.7,594.0,858.1,684.7
1047,1,car,0.6148,559.8,478.9,651.1,530.4
1047,0,person,0.2628,176.5,583.9,193.5,617.9
1047,0,person,0.1825,629.9,500.1,649.2,532.8
1047,0,person,0.1338,1197.1,511.8,1216.9,561.4
1047,1,car,0.1241,955.3,405.8,1026.0,449.4
1047,2,large_vehicle,0.1125,955.3,405.8,1026.0,449.4
1048,1,car,0.8419,733.7,594.0,858.1,684.7
1048,1,car,0.6423,558.9,478.7,651.2,530.4
1048,0,person,0.2786,176.4,583.8,193.5,617.9
1048,0,person,0.1800,629.9,500.0,649.3,532.9
1048,0,person,0.1575,1197.1,512.5,1216.9,561.5
1048,1,car,0.1177,955.1,405.5,1026.1,449.4
1048,2,large_vehicle,0.1173,955.1,405.5,1026.1,449.4
1049,1,car,0.8527,733.8,594.0,858.1,684.7
1049,1,car,0.6082,559.7,478.7,651.3,530.3
1049,0,person,0.2609,176.5,583.9,193.5,618.0
1049,0,person,0.2550,1197.1,513.6,1217.0,561.6
1049,0,person,0.1736,630.1,500.0,649.2,533.3
1049,2,large_vehicle,0.1505,954.9,405.3,1026.2,449.5
1049,1,car,0.1487,954.9,405.3,1026.2,449.5
1050,1,car,0.8754,721.6,597.7,844.8,688.1
1050,1,car,0.7564,564.2,478.8,652.2,530.5
1050,0,person,0.2467,1197.0,512.5,1217.1,561.6
1050,1,car,0.2203,954.8,405.3,1025.8,449.4
1050,2,large_vehicle,0.1381,954.8,405.3,1025.8,449.4
1050,0,person,0.1324,173.2,582.3,190.6,616.9
1051,1,car,0.8726,721.6,597.8,844.8,688.1
1051,1,car,0.7622,563.6,478.7,652.2,530.4
1051,1,car,0.2706,954.5,405.4,1026.2,449.4
1051,0,person,0.2109,1197.0,514.6,1217.2,561.6
1051,2,large_vehicle,0.1370,954.5,405.4,1026.2,449.4
1051,0,person,0.1355,173.1,582.2,190.6,616.9
1052,1,car,0.8588,706.6,601.3,830.7,693.2
1052,1,car,0.5997,563.9,477.6,651.9,530.2
1052,0,person,0.2279,629.4,498.0,648.7,532.2
1052,1,car,0.2204,953.8,405.2,1025.5,449.4
1052,0,person,0.1817,1197.3,515.0,1217.0,561.4
1052,2,large_vehicle,0.1527,953.8,405.2,1025.5,449.4
1052,0,person,0.1389,628.2,498.6,644.9,532.3
1052,0,person,0.1254,171.9,582.4,189.9,619.3
1053,1,car,0.8596,706.6,601.3,830.7,693.2
1053,1,car,0.5835,563.6,477.4,651.9,530.2
1053,0,person,0.2236,629.4,498.1,648.7,532.2
1053,1,car,0.2217,953.8,405.2,1025.6,449.4
1053,0,person,0.1841,1197.3,514.5,1217.0,561.4
1053,2,large_vehicle,0.1484,953.8,405.2,1025.6,449.4
1053,0,person,0.1356,628.1,498.6,645.0,532.3
1053,0,person,0.1224,171.9,582.5,190.0,619.5
1054,1,car,0.8550,706.6,601.3,830.7,693.2
1054,1,car,0.5961,564.3,477.6,651.8,530.2
1054,0,person,0.2331,629.4,498.0,648.7,532.2
1054,1,car,0.2156,953.6,405.2,1025.6,449.4
1054,2,large_vehicle,0.1651,953.6,405.2,1025.6,449.4
1054,0,person,0.1625,171.8,582.2,190.0,619.3
1054,0,person,0.1560,1197.3,514.7,1217.1,561.4
1054,0,person,0.1418,628.1,498.6,644.9,532.3
1055,1,car,0.8784,690.7,605.2,815.9,696.4
1055,1,car,0.6022,561.9,478.3,651.4,530.3
1055,0,person,0.2748,169.4,580.6,189.7,621.2
1055,0,person,0.2412,168.3,580.4,187.5,620.3
1055,1,car,0.1877,954.6,405.3,1025.9,449.3
1055,0,person,0.1538,629.9,499.4,648.6,533.7
1055,0,person,0.1471,1197.3,514.3,1216.9,561.2
1055,2,large_vehicle,0.1309,954.6,405.3,1025.9,449.3
1056,1,car,0.8375,676.7,607.6,802.7,700.7
1056,1,car,0.6858,561.6,478.5,652.1,530.3
1056,2,large_vehicle,0.2097,955.2,405.4,1025.9,449.4
1056,1,car,0.1986,955.2,405.4,1025.9,449.4
1056,0,person,0.1977,1197.2,512.8,1217.0,561.4
1056,0,person,0.1140,168.5,582.8,185.4,618.1
1057,1,car,0.8214,676.8,607.5,802.6,700.8
1057,1,car,0.6744,561.0,478.4,652.0,530.3
1057,0,person,0.2658,1197.4,514.9,1216.7,561.1
1057,2,large_vehicle,0.2130,955.3,405.1,1025.8,449.4
1057,1,car,0.2053,955.3,405.1,1025.8,449.4
1057,0,person,0.1167,168.5,582.7,185.5,618.2
1058,1,car,0.8349,676.8,607.5,802.7,700.7
1058,1,car,0.6764,561.0,478.6,652.2,530.3
1058,0,person,0.2227,1197.4,514.8,1216.7,561.3
1058,2,large_vehicle,0.2126,955.6,405.0,1026.0,449.5
1058,1,car,0.1771,955.6,405.0,1026.0,449.5
1058,0,person,0.1457,168.5,582.8,185.6,618.4
1059,1,car,0.8717,660.4,611.0,788.6,704.7
1059,1,car,0.6643,563.7,478.2,653.9,530.3
1059,0,person,0.3781,166.5,580.9,184.1,617.9
1059,0,person,0.1751,1197.5,516.7,1216.5,561.0
1059,1,car,0.1739,955.1,405.4,1025.5,449.4
1059,2,large_vehicle,0.1537,955.1,405.4,1025.5,449.4
1060,1,car,0.8717,660.4,611.0,788.6,704.7
1060,1,car,0.6654,563.0,478.2,653.3,530.3
1060,0,person,0.3637,166.5,580.7,184.0,617.7
1060,1,car,0.1830,954.9,405.5,1025.5,449.3
1060,2,large_vehicle,0.1466,954.9,405.5,1025.5,449.3
1060,0,person,0.1182,1197.5,516.6,1216.4,561.0
1061,1,car,0.8798,645.7,614.9,773.2,708.5
1061,1,car,0.7164,564.5,478.2,651.7,530.0
1061,2,large_vehicle,0.1887,955.1,405.0,1025.3,449.4
1061,1,car,0.1444,955.1,405.0,1025.3,449.4
1061,0,person,0.1368,165.7,583.8,182.1,618.2
1061,0,person,0.1102,1197.3,511.4,1216.6,561.0
1062,1,car,0.8797,645.7,614.9,773.2,708.5
1062,1,car,0.7152,564.5,478.2,651.7,530.0
1062,2,large_vehicle,0.1930,955.1,405.0,1025.3,449.4
1062,0,person,0.1531,1197.4,512.6,1216.6,561.0
1062,1,car,0.1454,955.1,405.0,1025.3,449.4
1062,0,person,0.1324,165.8,583.8,182.0,618.1
1063,1,car,0.8794,645.7,614.8,773.1,708.5
1063,1,car,0.7033,565.7,478.5,651.6,530.0
1063,2,large_vehicle,0.1899,955.1,404.6,1025.4,449.4
1063,0,person,0.1526,165.8,583.8,181.9,618.1
1063,1,car,0.1195,955.1,404.6,1025.4,449.4
1064,1,car,0.8730,632.6,617.6,758.0,712.3
1064,1,car,0.6998,563.2,478.2,651.7,530.0
1064,0,person,0.3481,163.3,582.7,181.0,619.1
1064,0,person,0.2300,1197.5,513.1,1216.3,560.9
1064,2,large_vehicle,0.1596,955.6,404.7,1025.7,449.4
1064,1,car,0.1049,955.6,404.7,1025.7,449.4
1065,1,car,0.8713,632.6,617.6,758.0,712.3
1065,1,car,0.6944,563.1,478.0,651.5,530.0
1065,0,person,0.3655,163.3,582.7,181.1,619.2
1065,0,person,0.2295,1197.5,513.4,1216.3,560.9
1065,2,large_vehicle,0.1546,955.7,404.5,1025.5,449.4
1065,1,car,0.1059,955.7,404.5,1025.5,449.4
1066,1,car,0.8147,616.7,621.0,743.1,716.0
1066,1,car,0.6892,563.4,478.5,652.1,530.3
1066,0,person,0.3101,1197.5,512.7,1216.2,560.7
1066,2,large_vehicle,0.2042,955.8,404.6,1026.0,449.4
1066,0,person,0.1642,163.3,586.0,179.2,619.8
1066,1,car,0.1345,955.8,404.6,1026.0,449.4
1066,0,person,0.1088,1197.2,501.8,1216.9,560.4
1066,2,large_vehicle,0.1012,616.7,621.0,743.1,716.0
1067,1,car,0.8209,616.7,621.0,743.0,716.1
1067,1,car,0.6501,562.8,477.8,652.0,530.3
1067,0,person,0.3161,1197.5,513.3,1216.1,560.7
1067,2,large_vehicle,0.2127,956.0,404.7,1026.2,449.5
1067,0,person,0.1658,163.3,585.8,179.4,619.8
1067,1,car,0.1498,956.0,404.7,1026.2,449.5
1068,1,car,0.8214,616.7,621.0,743.0,716.0
1068,1,car,0.6743,563.6,478.1,651.9,530.3
1068,0,person,0.3235,1197.5,513.2,1216.2,560.7
1068,2,large_vehicle,0.2158,956.0,404.7,1026.2,449.4
1068,0,person,0.1674,163.2,585.5,179.3,619.6
1068,1,car,0.1529,956.0,404.7,1026.2,449.4
1069,1,car,0.7871,601.4,624.5,728.1,720.0
1069,1,car,0.6953,563.6,477.8,652.2,530.5
1069,0,person,0.4739,162.1,587.0,179.7,621.4
1069,0,person,0.2073,1197.3,511.7,1216.2,561.0
1069,2,large_vehicle,0.1775,955.3,405.0,1026.2,449.3
1069,1,car,0.1300,955.3,405.0,1026.2,449.3
1070,1,car,0.7806,601.4,624.5,728.2,719.9
1070,1,car,0.7114,565.4,478.3,652.1,530.5
1070,0,person,0.4716,162.1,587.0,179.8,621.5
1070,2,large_vehicle,0.1899,955.2,404.9,1026.0,449.3
1070,0,person,0.1725,1196.9,501.8,1217.1,560.3
1070,1,car,0.1478,955.2,404.9,1026.0,449.3
1071,1,car,0.7667,586.8,627.5,714.1,723.3
1071,1,car,0.4612,565.1,476.3,651.7,530.4
1071,2,large_vehicle,0.2358,954.0,404.8,1026.2,449.3
1071,1,car,0.1627,954.0,404.8,1026.2,449.3
1071,2,large_vehicle,0.1584,565.1,476.3,651.7,530.4
1071,0,person,0.1068,1196.9,501.8,1217.5,560.5
1072,1,car,0.7666,586.9,627.5,714.1,723.3
1072,1,car,0.4697,565.8,477.2,651.7,530.3
1072,2,large_vehicle,0.2256,953.8,405.1,1025.9,449.3
1072,1,car,0.1833,953.8,405.1,1025.9,449.3
1072,0,person,0.1568,1196.9,501.6,1217.6,560.6
1072,2,large_vehicle,0.1451,565.8,477.2,651.7,530.3
1072,2,large_vehicle,0.1020,586.9,627.5,714.1,723.3
1073,1,car,0.7692,586.8,627.5,714.0,723.3
1073,1,car,0.4964,565.0,477.9,651.5,530.3
1073,2,large_vehicle,0.2114,953.8,405.1,1025.6,449.2
1073,1,car,0.1793,953.8,405.1,1025.6,449.2
1073,0,person,0.1232,1197.0,501.8,1217.5,560.5
1073,2,large_vehicle,0.1106,565.0,477.9,651.5,530.3
1074,1,car,0.8598,571.3,631.5,699.4,726.6
1074,1,car,0.5270,565.7,479.3,652.1,530.4
1074,2,large_vehicle,0.1460,956.0,404.5,1025.7,449.4
1074,1,car,0.1257,956.0,404.5,1025.7,449.4
1074,0,person,0.1157,1197.0,501.8,1217.6,560.5
1075,1,car,0.8596,571.3,631.5,699.4,726.6
1075,1,car,0.5175,566.2,480.0,652.1,530.5
1075,1,car,0.1570,955.6,404.5,1025.5,449.3
1075,2,large_vehicle,0.1565,955.6,404.5,1025.5,449.3
1075,0,person,0.1132,1197.0,501.8,1217.6,560.6
1076,1,car,0.8841,555.1,635.3,685.3,729.0
1076,1,car,0.6800,563.8,478.4,652.4,530.6
1076,0,person,0.2912,1197.3,513.9,1216.4,560.7
1076,2,large_vehicle,0.1749,955.7,404.5,1026.2,449.4
1076,0,person,0.1264,813.9,838.9,844.0,887.5
1076,1,car,0.1126,955.7,404.5,1026.2,449.4
1077,1,car,0.8838,555.1,635.4,685.3,729.0
1077,1,car,0.6788,563.7,478.4,652.4,530.6
1077,0,person,0.2715,1197.3,512.4,1216.4,560.9
1077,2,large_vehicle,0.1751,955.7,404.5,1026.3,449.5
1077,0,person,0.1260,813.8,838.9,843.9,887.5
1077,1,car,0.1096,955.7,404.5,1026.3,449.5
1078,1,car,0.8842,555.1,635.4,685.2,729.0
1078,1,car,0.6909,563.6,478.2,652.3,530.6
1078,0,person,0.2942,1197.3,515.2,1216.4,561.1
1078,2,large_vehicle,0.1405,955.4,404.9,1026.1,449.5
1078,0,person,0.1302,813.8,839.0,843.8,886.7
1078,1,car,0.1089,955.4,404.9,1026.1,449.5
1079,1,car,0.9051,541.8,638.7,668.1,732.0
1079,1,car,0.6835,563.2,478.2,653.5,530.3
1079,0,person,0.2191,1197.5,514.1,1216.2,560.7
1079,2,large_vehicle,0.1625,955.3,404.4,1026.2,449.3
1079,0,person,0.1376,1081.7,390.5,1095.8,429.2
1079,1,car,0.1258,955.3,404.4,1026.2,449.3
1080,1,car,0.8765,526.3,641.7,653.8,736.3
1080,1,car,0.6891,562.9,478.0,651.5,530.1
1080,0,person,0.1672,1197.3,511.5,1216.4,560.9
1080,2,large_vehicle,0.1492,954.4,404.3,1026.1,449.3
1080,1,car,0.1224,954.4,404.3,1026.1,449.3
1081,1,car,0.8783,526.4,641.7,653.4,736.3
1081,1,car,0.6774,563.5,477.9,651.5,530.1
1081,2,large_vehicle,0.1849,954.7,404.4,1026.6,449.3
1081,1,car,0.1251,954.7,404.4,1026.6,449.3
1081,0,person,0.1092,1197.3,512.5,1216.5,561.0
1082,1,car,0.8748,526.3,641.7,654.1,736.3
1082,1,car,0.6660,563.5,477.5,651.6,530.2
1082,2,large_vehicle,0.1599,954.7,404.4,1025.8,449.3
1082,0,person,0.1365,1197.2,512.5,1216.5,561.3
1082,1,car,0.1335,954.7,404.4,1025.8,449.3
1083,1,car,0.8730,510.0,644.4,639.5,739.3
1083,1,car,0.6401,564.7,477.0,652.2,530.3
1083,0,person,0.1466,1197.2,511.5,1216.7,561.3
1083,1,car,0.1295,954.9,404.3,1026.3,449.3
1083,2,large_vehicle,0.1205,954.9,404.3,1026.3,449.3
1084,1,car,0.8718,510.0,644.4,639.5,739.3
1084,1,car,0.6175,563.8,476.9,652.4,530.3
1084,0,person,0.1398,1197.1,510.2,1216.7,561.3
1084,1,car,0.1307,954.9,404.3,1026.1,449.2
1084,2,large_vehicle,0.1088,954.9,404.3,1026.1,449.2
1085,1,car,0.8880,496.8,649.7,621.6,742.3
1085,1,car,0.6712,560.0,476.6,651.1,530.3
1085,0,person,0.2139,1197.1,513.0,1216.5,561.3
1085,2,large_vehicle,0.1603,955.6,404.5,1026.2,449.3
1085,1,car,0.1022,955.6,404.5,1026.2,449.3
1086,1,car,0.8880,496.9,649.7,621.6,742.3
1086,1,car,0.6667,560.0,476.6,651.1,530.3
1086,0,person,0.2078,1197.1,512.8,1216.4,561.3
1086,2,large_vehicle,0.1585,955.6,404.6,1026.2,449.3
1086,1,car,0.1010,955.6,404.6,1026.2,449.3
1087,1,car,0.8871,496.9,649.7,621.6,742.3
1087,1,car,0.6797,560.0,476.7,651.2,530.3
1087,0,person,0.2250,1197.0,512.9,1216.6,561.1
1087,2,large_vehicle,0.1277,955.5,404.8,1026.0,449.3
1087,1,car,0.1119,955.5,404.8,1026.0,449.3
1088,1,car,0.8373,481.1,652.9,604.6,745.2
1088,1,car,0.6941,563.3,476.8,651.6,529.7
1088,1,car,0.1199,953.9,404.5,1025.9,449.2
1088,1,car,0.1144,53.3,769.1,144.1,847.6
1088,2,large_vehicle,0.1125,953.9,404.5,1025.9,449.2
1088,0,person,0.1062,1196.6,501.5,1217.8,560.5
1089,1,car,0.8383,481.1,652.8,604.7,745.2
1089,1,car,0.7051,563.3,477.1,651.6,529.7
1089,1,car,0.1227,953.9,404.5,1025.9,449.2
1089,2,large_vehicle,0.1164,953.9,404.5,1025.9,449.2
1089,1,car,0.1043,53.2,769.0,144.1,847.6
1089,0,person,0.1036,1196.5,501.6,1217.8,560.5
1090,1,car,0.8916,467.0,654.7,590.6,748.5
1090,1,car,0.6348,563.0,475.8,651.6,529.8
1090,2,large_vehicle,0.2578,58.4,768.3,151.1,846.8
1090,2,large_vehicle,0.1478,954.0,405.2,1026.2,449.2
1090,1,car,0.1368,954.0,405.2,1026.2,449.2
1091,1,car,0.8923,467.0,654.6,590.6,748.5
1091,1,car,0.6106,561.9,476.0,651.6,530.0
1091,2,large_vehicle,0.2280,58.4,768.2,151.1,847.2
1091,2,large_vehicle,0.1597,954.1,405.1,1025.1,449.2
1091,1,car,0.1425,954.1,405.1,1025.1,449.2
1092,1,car,0.8931,467.0,654.6,590.7,748.6
1092,1,car,0.6177,562.0,476.2,651.7,530.0
1092,2,large_vehicle,0.2237,58.4,768.2,151.1,847.3
1092,2,large_vehicle,0.1539,954.2,405.1,1025.2,449.2
1092,1,car,0.1419,954.2,405.1,1025.2,449.2
1093,1,car,0.8730,451.9,657.7,576.1,750.9
1093,1,car,0.5766,565.2,477.2,651.4,530.1
1093,2,large_vehicle,0.2781,63.9,768.5,159.2,848.9
1093,1,car,0.2038,63.9,768.5,159.2,848.9
1093,1,car,0.1444,954.5,405.2,1026.0,449.2
1093,2,large_vehicle,0.1257,954.5,405.2,1026.0,449.2
1093,0,person,0.1156,1080.0,391.3,1094.8,428.9
1094,1,car,0.8726,451.9,657.7,576.2,750.9
1094,1,car,0.5517,563.1,476.5,651.3,530.1
1094,2,large_vehicle,0.2814,63.9,768.5,159.2,848.7
1094,1,car,0.2015,63.9,768.5,159.2,848.7
1094,1,car,0.1253,954.7,405.0,1026.0,449.3
1094,2,large_vehicle,0.1229,954.7,405.0,1026.0,449.3
1094,0,person,0.1141,1080.1,391.2,1094.9,428.9
1095,1,car,0.8529,438.3,661.6,560.4,752.6
1095,1,car,0.6804,562.7,477.4,651.8,530.1
1095,1,car,0.2422,70.1,767.8,166.5,849.1
1095,2,large_vehicle,0.2393,70.1,767.8,166.5,849.1
1095,2,large_vehicle,0.2257,955.3,405.1,1026.2,449.3
1095,0,person,0.1552,1079.8,391.3,1094.8,428.2
1095,1,car,0.1512,955.3,405.1,1026.2,449.3
1095,0,person,0.1365,1197.0,511.5,1216.6,561.3
1096,1,car,0.8525,438.3,661.6,560.4,752.6
1096,1,car,0.6739,562.7,477.4,651.5,530.1
1096,1,car,0.2398,70.1,767.8,166.6,849.0
1096,2,large_vehicle,0.2340,70.1,767.8,166.6,849.0
1096,2,large_vehicle,0.2135,955.1,405.1,1025.9,449.3
1096,0,person,0.1971,1197.0,511.9,1216.7,561.4
1096,0,person,0.1548,1079.8,391.3,1094.8,428.2
1096,1,car,0.1366,955.1,405.1,1025.9,449.3
1097,1,car,0.8511,438.3,661.6,560.4,752.7
1097,1,car,0.6617,562.9,477.1,651.4,530.1
1097,2,large_vehicle,0.2471,70.1,767.7,166.5,849.0
1097,1,car,0.2443,70.1,767.7,166.5,849.0
1097,2,large_vehicle,0.2068,955.3,405.1,1026.2,449.3
1097,0,person,0.1622,1197.0,512.5,1216.8,561.2
1097,0,person,0.1530,1079.7,391.4,1094.6,428.5
1097,1,car,0.1144,955.3,405.1,1026.2,449.3
1098,1,car,0.8007,425.0,664.2,545.6,755.4
1098,1,car,0.6860,563.1,477.4,651.6,530.1
1098,2,large_vehicle,0.3024,76.3,768.6,174.6,846.6
1098,2,large_vehicle,0.1965,954.9,405.2,1026.6,449.3
1098,1,car,0.1384,76.3,768.6,174.6,846.6
1098,0,person,0.1363,1197.0,517.3,1216.6,561.3
1098,1,car,0.1221,954.9,405.2,1026.6,449.3
1099,1,car,0.7993,424.9,664.2,545.6,755.5
1099,1,car,0.6708,563.1,477.2,651.6,530.1
1099,2,large_vehicle,0.2998,76.3,768.5,174.6,846.3
1099,2,large_vehicle,0.1494,954.9,404.8,1026.7,449.3
1099,1,car,0.1419,76.3,768.5,174.6,846.3
1099,0,person,0.1326,1198.3,518.3,1218.9,561.5
1099,2,large_vehicle,0.1000,424.9,664.2,545.6,755.5
1100,1,car,0.8099,410.1,666.1,531.3,759.0
1100,1,car,0.5151,563.6,476.3,651.6,530.1
1100,2,large_vehicle,0.5024,83.1,768.3,183.4,848.8
1100,2,large_vehicle,0.1604,954.1,404.6,1027.0,449.4
1100,2,large_vehicle,0.1069,563.6,476.3,651.6,530.1
1101,1,car,0.8098,410.1,666.1,531.3,759.1
1101,2,large_vehicle,0.5051,83.1,768.3,183.4,848.7
1101,1,car,0.5013,563.5,476.2,651.6,530.1
1101,2,large_vehicle,0.1665,954.1,404.6,1027.0,449.4
1101,2,large_vehicle,0.1116,563.5,476.2,651.6,530.1
1101,0,person,0.1108,1197.2,514.8,1216.8,561.3
1102,1,car,0.8115,410.1,666.1,531.3,759.1
1102,2,large_vehicle,0.5136,83.1,768.3,183.4,848.7
1102,1,car,0.5073,564.5,476.2,651.5,530.0
1102,2,large_vehicle,0.1613,954.3,404.8,1026.9,449.3
1102,2,large_vehicle,0.1199,564.5,476.2,651.5,530.0
1103,1,car,0.8261,396.1,669.5,514.9,762.3
1103,1,car,0.3718,563.9,476.1,651.4,530.3
1103,2,large_vehicle,0.3644,88.8,767.2,192.3,850.5
1103,2,large_vehicle,0.1408,955.0,404.8,1026.9,449.4
1103,1,car,0.1075,88.8,767.2,192.3,850.5
1104,1,car,0.7298,383.7,673.3,500.5,764.2
1104,1,car,0.4107,561.4,476.4,651.8,530.2
1104,2,large_vehicle,0.3344,95.3,768.3,201.0,850.6
1104,2,large_vehicle,0.1894,955.2,404.6,1027.4,449.4
1104,0,person,0.1539,137.4,587.0,157.0,627.3
1104,0,person,0.1329,1196.4,501.7,1218.0,560.9
1105,1,car,0.7129,383.7,673.3,500.5,764.2
1105,1,car,0.4199,562.1,476.4,651.9,530.2
1105,2,large_vehicle,0.3355,95.2,768.3,201.0,850.5
1105,0,person,0.1904,1196.4,501.2,1218.0,561.0
1105,0,person,0.1457,137.4,587.3,157.0,627.4
1105,2,large_vehicle,0.1283,955.3,404.6,1027.4,449.4
1106,1,car,0.7309,383.7,673.2,500.5,764.2
1106,1,car,0.3981,561.4,475.9,651.8,530.3
1106,2,large_vehicle,0.3210,95.1,768.2,201.0,850.7
1106,0,person,0.2007,1196.4,500.9,1218.0,560.7
1106,2,large_vehicle,0.1711,955.1,404.5,1027.4,449.4
1106,0,person,0.1468,137.1,587.3,157.0,627.5
1107,1,car,0.7763,369.6,673.0,486.4,766.6
1107,1,car,0.5104,566.5,476.2,651.5,530.6
1107,2,large_vehicle,0.2515,103.3,766.7,211.2,848.2
1107,1,car,0.1513,103.3,766.7,211.2,848.2
1107,0,person,0.1123,136.5,588.0,155.7,627.6
1107,2,large_vehicle,0.1105,954.3,404.4,1026.9,449.2
1108,1,car,0.7768,369.6,673.1,486.4,766.5
1108,1,car,0.5100,563.8,476.1,651.4,530.5
1108,2,large_vehicle,0.2504,103.4,766.7,211.1,848.0
1108,1,car,0.1531,103.4,766.7,211.1,848.0
1108,0,person,0.1190,136.4,588.0,155.8,627.6
1108,2,large_vehicle,0.1116,954.2,404.7,1026.8,449.3
1108,0,person,0.1057,1197.1,514.2,1216.7,560.6
1109,1,car,0.7786,358.5,676.8,473.9,768.5
1109,0,person,0.5021,128.4,586.0,153.1,627.2
1109,1,car,0.3680,567.0,476.1,651.8,530.6
1109,1,car,0.3086,110.4,764.4,221.1,851.7
1109,2,large_vehicle,0.2373,110.4,764.4,221.1,851.7
1109,2,large_vehicle,0.1247,954.0,404.6,1026.9,449.4
1110,1,car,0.7827,358.5,676.8,473.9,768.5
1110,0,person,0.4992,128.4,585.9,153.2,627.2
1110,1,car,0.3576,567.1,476.0,651.7,530.7
1110,1,car,0.3078,110.4,764.3,221.1,851.7
1110,2,large_vehicle,0.2298,110.4,764.3,221.1,851.7
1110,2,large_vehicle,0.1248,954.0,404.6,1026.9,449.4
1111,1,car,0.7820,358.5,676.8,473.9,768.5
1111,0,person,0.4976,128.4,585.9,153.2,627.2
1111,1,car,0.3685,568.2,476.2,651.9,530.7
1111,1,car,0.3078,110.4,764.4,221.2,851.9
1111,2,large_vehicle,0.2316,110.4,764.4,221.2,851.9
1111,2,large_vehicle,0.1238,953.8,404.6,1026.7,449.4
1111,1,car,0.1055,953.8,404.6,1026.7,449.4
1112,1,car,0.8130,344.1,679.2,458.1,771.6
1112,0,person,0.5222,126.8,585.7,152.1,627.2
1112,2,large_vehicle,0.3527,117.5,763.8,230.5,863.1
1112,1,car,0.1439,117.5,763.8,230.5,863.1
1113,1,car,0.8094,344.3,679.4,458.0,771.6
1113,0,person,0.5537,126.9,585.6,151.9,627.3
1113,2,large_vehicle,0.3362,117.5,763.9,230.4,861.6
1113,1,car,0.1233,117.5,763.9,230.4,861.6
1114,1,car,0.8011,331.8,681.3,445.1,772.7
1114,0,person,0.4441,126.3,585.8,150.7,627.4
1114,1,car,0.4068,565.4,476.6,651.0,530.7
1114,2,large_vehicle,0.3323,126.0,761.4,240.9,868.2
1114,1,car,0.2748,126.0,761.4,240.9,868.2
1114,2,large_vehicle,0.1480,955.1,404.8,1026.4,449.6
1114,0,person,0.1133,1197.1,511.7,1216.5,560.5
1114,1,car,0.1090,955.1,404.8,1026.4,449.6
1115,1,car,0.8071,331.7,681.2,445.1,772.8
1115,0,person,0.4495,126.5,585.8,150.5,627.2
1115,1,car,0.3580,565.4,476.1,651.2,530.8
1115,1,car,0.3308,126.0,761.2,240.8,868.2
1115,2,large_vehicle,0.3082,126.0,761.2,240.8,868.2
1115,0,person,0.1134,1197.3,514.8,1216.4,560.5
1115,2,large_vehicle,0.1050,955.0,404.6,1026.1,449.5
1116,1,car,0.8068,331.7,681.2,445.1,772.8
1116,0,person,0.4549,126.5,585.8,150.5,627.3
1116,1,car,0.3642,565.4,476.2,651.2,530.8
1116,1,car,0.3259,126.0,761.2,240.9,868.2
1116,2,large_vehicle,0.3215,126.0,761.2,240.9,868.2
1116,0,person,0.1142,1197.3,515.0,1216.3,560.5
1116,2,large_vehicle,0.1064,955.0,404.6,1026.1,449.5
1117,1,car,0.5143,563.8,476.0,651.6,530.5
1117,0,person,0.4977,125.8,586.4,149.6,629.4
1117,1,car,0.4721,318.9,684.6,430.4,773.8
1117,2,large_vehicle,0.4625,132.7,762.5,250.5,845.1
1117,4,other_vehicle,0.2490,132.7,762.5,250.5,845.1
1117,2,large_vehicle,0.2240,318.9,684.6,430.4,773.8
1117,2,large_vehicle,0.1345,954.6,404.2,1026.9,449.3
1117,1,car,0.1136,954.6,404.2,1026.9,449.3
1117,4,other_vehicle,0.1007,318.9,684.6,430.4,773.8
1118,0,person,0.5324,125.8,586.5,149.3,628.9
1118,1,car,0.4886,319.0,684.6,430.5,773.8
1118,2,large_vehicle,0.4446,132.7,762.6,250.5,845.1
1118,1,car,0.4071,563.3,476.1,651.5,530.5
1118,4,other_vehicle,0.2779,132.7,762.6,250.5,845.1
1118,2,large_vehicle,0.2227,319.0,684.6,430.5,773.8
1118,2,large_vehicle,0.1707,954.8,404.2,1026.6,449.3
1118,1,car,0.1226,954.8,404.2,1026.6,449.3
1118,0,person,0.1106,1197.3,516.6,1216.5,560.7
1118,4,other_vehicle,0.1051,319.0,684.6,430.5,773.8
1119,0,person,0.6698,125.9,586.4,148.5,629.2
1119,1,car,0.5124,307.8,687.5,417.8,776.1
1119,2,large_vehicle,0.3320,138.5,762.5,260.9,851.0
1119,4,other_vehicle,0.1572,307.8,687.5,417.8,776.1
1119,1,car,0.1491,566.1,476.8,651.5,530.6
1119,2,large_vehicle,0.1470,954.0,404.1,1026.3,449.4
1119,2,large_vehicle,0.1425,70.9,763.1,260.6,870.8
1119,2,large_vehicle,0.1293,307.8,687.5,417.8,776.1
1119,1,car,0.1209,954.0,404.1,1026.3,449.4
1120,0,person,0.6645,125.6,586.5,148.5,629.1
1120,1,car,0.5436,307.7,687.5,417.9,776.1
1120,2,large_vehicle,0.3232,138.5,762.4,261.0,852.0
1120,1,car,0.1584,567.3,476.5,651.3,530.6
1120,2,large_vehicle,0.1493,71.4,763.1,260.6,871.2
1120,2,large_vehicle,0.1370,953.9,404.2,1026.4,449.3
1120,4,other_vehicle,0.1333,307.7,687.5,417.9,776.1
1120,2,large_vehicle,0.1242,307.7,687.5,417.9,776.1
1120,1,car,0.1159,953.9,404.2,1026.4,449.3
1121,0,person,0.6784,125.7,586.4,148.5,629.2
1121,1,car,0.5289,307.8,687.3,417.9,776.1
1121,2,large_vehicle,0.3044,138.2,762.3,261.0,850.9
1121,4,other_vehicle,0.1487,307.8,687.3,417.9,776.1
1121,1,car,0.1473,567.2,476.9,651.6,530.9
1121,2,large_vehicle,0.1213,954.2,404.3,1026.0,449.3
1121,2,large_vehicle,0.1199,307.8,687.3,417.9,776.1
1121,2,large_vehicle,0.1174,137.1,762.8,260.6,850.8
1121,2,large_vehicle,0.1011,71.0,763.0,260.6,870.8
1122,0,person,0.5701,125.2,586.2,147.2,629.9
1122,1,car,0.4193,294.9,690.2,404.1,777.1
1122,4,other_vehicle,0.4119,294.9,690.2,404.1,777.1
1122,2,large_vehicle,0.1810,81.6,761.2,271.3,869.8
1122,1,car,0.1163,566.3,476.5,651.5,530.5
1123,0,person,0.5776,125.3,586.2,147.2,629.9
1123,4,other_vehicle,0.4295,295.0,690.2,404.1,777.1
1123,1,car,0.4076,295.0,690.2,404.1,777.1
1123,2,large_vehicle,0.1968,80.7,761.1,271.4,869.8
1123,1,car,0.1042,566.1,476.4,651.5,530.5
1124,1,car,0.6575,284.7,691.5,389.1,778.1
1124,0,person,0.4498,125.0,586.9,145.5,629.6
1124,1,car,0.4422,565.0,476.3,651.1,530.7
1124,2,large_vehicle,0.3929,79.3,761.8,281.2,870.5
1124,2,large_vehicle,0.1378,955.7,404.6,1025.2,449.4
1125,1,car,0.6570,284.7,691.5,389.1,778.1
1125,0,person,0.4604,125.0,587.2,145.5,629.6
1125,1,car,0.4443,565.2,476.3,651.1,530.7
1125,2,large_vehicle,0.3896,79.8,761.8,281.2,870.6
1125,2,large_vehicle,0.1320,955.8,404.6,1025.1,449.4
1126,1,car,0.6355,284.8,691.6,389.2,778.1
1126,0,person,0.4637,124.9,587.2,145.6,629.7
1126,1,car,0.4618,563.3,476.4,651.1,530.7
1126,2,large_vehicle,0.3762,78.2,761.8,281.1,870.5
1126,2,large_vehicle,0.1287,955.6,404.8,1025.5,449.4
1126,0,person,0.1031,1196.9,511.0,1216.7,560.8
1127,1,car,0.5019,273.6,695.7,377.0,779.3
1127,2,large_vehicle,0.4098,73.5,763.5,293.1,870.6
1127,0,person,0.4096,124.6,586.6,145.9,630.7
1127,1,car,0.3535,568.8,476.3,651.5,529.9
1127,4,other_vehicle,0.1698,273.6,695.7,377.0,779.3
1127,2,large_vehicle,0.1437,955.1,404.2,1026.1,449.3
1127,0,person,0.1289,1075.6,392.8,1089.4,427.8
1128,2,large_vehicle,0.5319,64.7,762.8,304.6,871.6
1128,0,person,0.4153,123.9,586.8,145.8,631.9
1128,1,car,0.3970,263.2,696.4,365.6,780.3
1128,0,person,0.2632,123.1,586.8,142.7,631.5
1128,1,car,0.2350,567.5,477.0,651.8,529.7
1129,2,large_vehicle,0.5267,65.1,762.8,304.6,871.8
1129,0,person,0.4853,123.2,586.9,142.7,631.6
1129,1,car,0.3819,263.2,696.4,365.7,780.4
1129,1,car,0.2955,568.7,477.1,651.6,529.6
1129,0,person,0.2690,124.1,586.9,145.9,631.9
1129,2,large_vehicle,0.1113,954.0,404.4,1026.3,449.3
1130,2,large_vehicle,0.5244,64.7,762.7,304.5,871.7
1130,0,person,0.4577,123.8,586.8,145.7,632.0
1130,1,car,0.3992,263.2,696.4,365.7,780.3
1130,1,car,0.3182,569.1,477.0,651.6,529.9
1130,0,person,0.1748,123.0,586.8,142.7,631.7
1130,2,large_vehicle,0.1268,954.8,403.9,1026.9,449.3
1131,0,person,0.5059,122.4,586.6,142.1,631.9
1131,2,large_vehicle,0.4802,78.7,763.6,317.5,871.2
1131,1,car,0.1963,199.4,697.2,352.2,782.7
1131,2,large_vehicle,0.1235,955.1,404.2,1026.8,449.2
1131,1,car,0.1036,568.6,475.7,651.8,530.9
1131,1,car,0.1032,955.1,404.2,1026.8,449.2
1132,0,person,0.5017,122.3,586.5,142.2,632.0
1132,2,large_vehicle,0.4859,76.3,763.7,317.5,871.2
1132,1,car,0.1878,199.6,697.2,352.3,782.6
1132,1,car,0.1134,955.2,404.2,1026.7,449.2
1133,1,car,0.5714,564.8,476.2,650.6,530.6
1133,0,person,0.4571,121.0,587.3,141.4,632.6
1133,2,large_vehicle,0.4545,69.0,760.9,329.6,871.7
1133,0,person,0.2389,1075.1,392.1,1090.3,431.5
1133,2,large_vehicle,0.2112,185.6,763.8,329.0,866.7
1133,2,large_vehicle,0.1852,955.7,404.2,1027.1,449.3
1133,1,car,0.1671,239.7,699.9,341.6,778.9
1133,1,car,0.1287,955.7,404.2,1027.1,449.3
1133,0,person,0.1213,1196.6,501.6,1217.7,559.9
1133,1,car,0.1120,193.5,699.0,343.3,781.5
1134,1,car,0.5713,564.8,476.2,650.6,530.6
1134,0,person,0.4594,121.0,587.3,141.4,632.6
1134,2,large_vehicle,0.4566,68.3,760.9,329.6,871.7
1134,0,person,0.2408,1075.2,392.1,1090.4,431.5
1134,2,large_vehicle,0.2059,185.2,763.7,329.1,866.7
1134,2,large_vehicle,0.1834,955.7,404.2,1027.0,449.3
1134,1,car,0.1647,239.9,699.9,341.6,778.9
1134,1,car,0.1241,955.7,404.2,1027.0,449.3
1134,0,person,0.1175,1196.6,501.5,1217.8,559.9
1134,1,car,0.1117,193.3,698.9,343.3,781.5
1135,1,car,0.5762,564.8,476.1,650.6,530.6
1135,0,person,0.4364,120.9,587.3,141.4,632.6
1135,2,large_vehicle,0.4242,67.9,760.9,329.8,871.6
1135,0,person,0.2193,1075.2,392.3,1090.2,431.5
1135,2,large_vehicle,0.2185,187.5,763.8,329.1,866.7
1135,1,car,0.1810,240.2,699.9,341.5,778.8
1135,2,large_vehicle,0.1587,955.5,404.4,1026.5,449.3
1135,1,car,0.1102,955.5,404.4,1026.5,449.3
1135,1,car,0.1072,194.6,699.0,343.3,781.5
1136,1,car,0.5615,567.7,476.1,651.0,530.5
1136,1,car,0.5390,229.2,701.0,329.6,780.1
1136,0,person,0.2791,119.5,589.9,139.5,632.5
1136,2,large_vehicle,0.1448,955.1,404.6,1026.1,449.3
1136,0,person,0.1384,1196.6,501.3,1217.6,559.6
1136,1,car,0.1264,955.1,404.6,1026.1,449.3
1136,2,large_vehicle,0.1094,52.3,759.2,343.1,875.0
1137,1,car,0.5602,567.9,476.1,651.1,530.5
1137,1,car,0.5516,229.3,701.0,329.6,779.8
1137,0,person,0.1980,119.4,590.7,139.7,632.7
1137,2,large_vehicle,0.1459,955.1,404.6,1026.0,449.3
1137,1,car,0.1325,955.1,404.6,1026.0,449.3
1137,0,person,0.1238,1196.6,501.3,1217.6,559.6
1137,2,large_vehicle,0.1065,50.6,759.4,343.2,875.0
1138,1,car,0.7288,222.2,704.3,317.8,776.9
1138,0,person,0.5155,117.8,589.9,137.3,630.4
1138,1,car,0.4576,570.1,475.7,651.1,530.4
1138,1,car,0.1647,953.9,404.7,1025.0,449.1
1138,2,large_vehicle,0.1618,953.9,404.7,1025.0,449.1
1139,1,car,0.7243,222.2,704.3,318.0,776.9
1139,0,person,0.5025,117.9,589.7,137.5,630.6
1139,1,car,0.5022,569.9,476.1,650.8,530.5
1139,2,large_vehicle,0.1443,953.4,404.1,1025.8,449.2
1139,0,person,0.1375,1074.5,392.4,1088.7,430.9
1139,1,car,0.1226,953.4,404.1,1025.8,449.2
1140,1,car,0.7235,222.2,704.3,318.0,777.0
1140,0,person,0.5013,117.9,589.7,137.4,630.3
1140,1,car,0.4774,569.8,475.9,651.1,530.4
1140,2,large_vehicle,0.1324,953.4,404.1,1025.7,449.2
1140,1,car,0.1145,953.4,404.1,1025.7,449.2
1141,1,car,0.4697,213.0,704.0,306.7,784.5
1141,1,car,0.3855,569.2,476.1,651.0,531.0
1141,0,person,0.3844,116.8,590.7,136.9,631.2
1141,2,large_vehicle,0.3147,224.6,762.6,366.1,865.2
1141,0,person,0.2445,1073.7,393.2,1088.3,431.4
1141,2,large_vehicle,0.1542,955.3,404.0,1026.4,449.2
1141,1,car,0.1419,224.6,762.6,366.1,865.2
1141,1,car,0.1393,955.3,404.0,1026.4,449.2
1142,1,car,0.5471,570.1,476.2,650.9,530.9
1142,1,car,0.4505,212.6,704.0,306.8,784.7
1142,0,person,0.4462,116.3,590.9,137.0,631.8
1142,2,large_vehicle,0.3286,224.4,762.6,366.2,865.1
1142,0,person,0.1641,1073.7,393.4,1088.3,431.6
1142,1,car,0.1359,224.4,762.6,366.2,865.1
1142,2,large_vehicle,0.1284,955.3,404.1,1026.0,449.2
1142,0,person,0.1246,1196.5,500.8,1217.9,560.4
1142,1,car,0.1038,955.3,404.1,1026.0,449.2
1143,1,car,0.5401,566.9,476.5,650.4,530.3
1143,0,person,0.5086,115.4,591.6,135.6,631.8
1143,1,car,0.3786,204.3,706.8,293.3,786.9
1143,2,large_vehicle,0.3646,236.7,759.4,379.5,865.5
1143,1,car,0.2605,236.7,759.4,379.5,865.5
1143,2,large_vehicle,0.1684,956.0,404.3,1025.8,449.2
1143,2,large_vehicle,0.1337,566.9,476.5,650.4,530.3
1143,0,person,0.1102,1073.5,393.8,1088.2,432.0
1144,1,car,0.5467,566.8,476.5,650.4,530.3
1144,0,person,0.5124,115.4,591.7,135.6,632.0
1144,1,car,0.3918,203.7,706.7,293.4,786.9
1144,2,large_vehicle,0.3398,236.8,759.3,379.6,865.5
1144,1,car,0.2757,236.8,759.3,379.6,865.5
1144,0,person,0.1325,1073.5,393.9,1088.2,432.0
1144,2,large_vehicle,0.1192,566.8,476.5,650.4,530.3
1144,2,large_vehicle,0.1147,955.9,404.4,1025.2,449.2
1144,0,person,0.1021,1196.6,501.1,1217.7,560.6
1145,1,car,0.5353,567.0,476.3,650.6,530.6
1145,0,person,0.4761,115.5,591.7,135.5,631.8
1145,1,car,0.3780,203.7,706.7,293.4,786.8
1145,2,large_vehicle,0.3350,236.7,759.3,379.5,865.5
1145,1,car,0.2505,236.7,759.3,379.5,865.5
1145,2,large_vehicle,0.1383,955.4,404.5,1025.2,449.1
1145,2,large_vehicle,0.1041,567.0,476.3,650.6,530.6
1146,1,car,0.5154,192.3,707.3,285.4,788.4
1146,2,large_vehicle,0.4201,247.6,745.7,393.2,865.6
1146,0,person,0.3981,114.5,591.7,134.2,631.7
1146,1,car,0.3243,566.6,475.3,650.7,530.2
1146,2,large_vehicle,0.1495,955.0,404.3,1025.6,449.1
1147,1,car,0.5133,192.1,707.4,285.4,788.4
1147,2,large_vehicle,0.4206,247.6,746.1,393.2,865.7
1147,0,person,0.4016,114.5,591.7,134.2,631.7
1147,1,car,0.3910,566.4,475.4,650.8,530.1
1147,2,large_vehicle,0.1730,954.9,404.6,1025.5,449.1
1148,0,person,0.5095,112.5,590.3,132.3,631.6
1148,1,car,0.4999,154.5,708.8,274.1,789.6
1148,1,car,0.4732,566.9,477.0,650.6,530.0
1148,0,person,0.4063,1072.9,393.2,1087.6,432.4
1148,2,large_vehicle,0.3613,259.3,748.2,406.1,864.5
1148,2,large_vehicle,0.2429,954.4,404.4,1026.3,449.3
1148,2,large_vehicle,0.1912,154.5,708.8,274.1,789.6
1148,1,car,0.1814,259.3,748.2,406.1,864.5
1148,2,large_vehicle,0.1455,566.9,477.0,650.6,530.0
1148,1,car,0.1094,954.4,404.4,1026.3,449.3
1149,0,person,0.5144,112.5,590.3,132.3,631.7
1149,1,car,0.4964,154.7,708.8,274.1,789.6
1149,1,car,0.4622,567.0,477.0,650.6,530.1
1149,0,person,0.4061,1072.9,393.3,1087.6,432.4
1149,2,large_vehicle,0.3610,259.3,748.1,406.1,864.5
1149,2,large_vehicle,0.2459,954.4,404.2,1026.3,449.3
1149,2,large_vehicle,0.1911,154.7,708.8,274.1,789.6
1149,1,car,0.1817,259.3,748.1,406.1,864.5
1149,2,large_vehicle,0.1412,567.0,477.0,650.6,530.1
1150,1,car,0.5110,154.5,708.8,274.1,789.6
1150,0,person,0.5036,112.5,590.2,132.3,631.5
1150,1,car,0.4787,568.0,476.8,650.7,530.1
1150,0,person,0.3973,1072.9,393.3,1087.6,432.3
1150,2,large_vehicle,0.3353,259.4,747.9,405.9,864.6
1150,2,large_vehicle,0.2631,954.4,404.4,1026.6,449.3
1150,2,large_vehicle,0.1890,154.5,708.8,274.1,789.6
1150,1,car,0.1769,259.4,747.9,405.9,864.6
1150,2,large_vehicle,0.1569,568.0,476.8,650.7,530.1
1150,1,car,0.1245,954.4,404.4,1026.6,449.3
1151,1,car,0.6630,177.9,710.5,264.4,787.6
1151,2,large_vehicle,0.4121,270.8,748.4,419.9,863.5
1151,1,car,0.3811,566.8,476.2,650.6,529.6
1151,0,person,0.3226,1072.7,394.2,1087.6,433.0
1151,0,person,0.2764,111.7,592.3,129.5,632.2
1151,1,car,0.2498,270.8,748.4,419.9,863.5
1151,2,large_vehicle,0.2405,955.4,404.9,1026.1,449.3
1151,2,large_vehicle,0.2179,566.8,476.2,650.6,529.6
1151,1,car,0.1099,955.4,404.9,1026.1,449.3
1152,0,person,0.4433,110.9,592.7,128.8,632.0
1152,2,large_vehicle,0.4196,280.3,747.2,432.9,863.7
1152,1,car,0.4130,567.4,476.1,650.6,529.4
1152,1,car,0.3942,168.9,710.4,253.9,789.7
1152,4,other_vehicle,0.3349,168.9,710.4,253.9,789.7
1152,1,car,0.1739,280.3,747.2,432.9,863.7
1152,2,large_vehicle,0.1662,955.6,404.6,1026.2,449.3
1152,2,large_vehicle,0.1438,567.4,476.1,650.6,529.4
1152,0,person,0.1149,1072.3,394.7,1088.0,433.1
1153,0,person,0.4354,110.8,592.7,128.8,631.8
1153,2,large_vehicle,0.4353,280.3,747.2,432.9,863.7
1153,1,car,0.3880,168.9,710.5,253.9,789.7
1153,1,car,0.3751,567.2,476.0,650.4,529.4
1153,4,other_vehicle,0.3383,168.9,710.5,253.9,789.7
1153,1,car,0.1744,280.3,747.2,432.9,863.7
1153,2,large_vehicle,0.1482,955.6,404.4,1026.0,449.3
1153,2,large_vehicle,0.1320,567.2,476.0,650.4,529.4
1153,0,person,0.1226,1072.2,394.6,1088.1,433.0
1154,2,large_vehicle,0.4349,280.4,747.1,433.0,863.8
1154,0,person,0.4261,111.0,592.9,129.0,632.1
1154,1,car,0.4135,566.1,475.9,650.5,529.4
1154,1,car,0.3844,168.8,710.3,254.0,789.7
1154,4,other_vehicle,0.3427,168.8,710.3,254.0,789.7
1154,1,car,0.1792,280.4,747.1,433.0,863.8
1154,2,large_vehicle,0.1259,956.2,404.8,1025.8,449.3
1154,2,large_vehicle,0.1130,566.1,475.9,650.5,529.4
1154,0,person,0.1061,1072.3,394.7,1088.2,433.1
1155,1,car,0.5437,161.6,711.6,245.5,790.6
1155,1,car,0.5270,566.1,476.1,650.9,529.7
1155,0,person,0.4128,109.9,594.1,128.1,633.2
1155,0,person,0.3417,1071.5,394.9,1087.3,433.1
1155,2,large_vehicle,0.2528,289.2,744.0,447.0,863.7
1155,1,car,0.2206,289.2,744.0,447.0,863.7
1155,2,large_vehicle,0.1366,955.8,405.2,1025.9,449.2
1155,1,car,0.1027,955.8,405.2,1025.9,449.2
1156,1,car,0.5451,161.6,711.6,245.8,790.6
1156,1,car,0.5410,566.3,476.1,650.8,529.6
1156,0,person,0.4193,109.9,594.2,128.1,633.1
1156,0,person,0.2998,1071.5,395.2,1087.2,433.0
1156,2,large_vehicle,0.2554,289.2,743.9,446.7,863.7
1156,1,car,0.2188,289.2,743.9,446.7,863.7
1156,2,large_vehicle,0.1218,955.4,405.2,1025.7,449.2
1156,1,car,0.1047,955.4,405.2,1025.7,449.2
1156,0,person,0.1018,1197.4,513.1,1216.4,561.0
1157,1,car,0.5287,567.4,475.9,651.0,530.0
1157,1,car,0.4999,153.7,713.1,234.7,792.0
1157,0,person,0.4647,108.4,594.9,126.9,633.5
1157,0,person,0.3822,1070.9,395.1,1086.8,432.9
1157,2,large_vehicle,0.3758,306.7,738.7,457.0,862.4
1157,2,large_vehicle,0.1758,955.1,405.1,1025.7,449.2
1157,1,car,0.1650,306.7,738.7,457.0,862.4
1158,1,car,0.5361,567.3,476.0,651.0,529.9
1158,1,car,0.5032,153.7,713.1,234.7,792.0
1158,0,person,0.4663,108.4,594.8,126.9,633.4
1158,0,person,0.3820,1070.9,395.1,1086.7,432.9
1158,2,large_vehicle,0.3748,306.7,738.7,457.0,862.4
1158,2,large_vehicle,0.1779,955.1,405.1,1025.7,449.2
1158,1,car,0.1670,306.7,738.7,457.0,862.4
1159,1,car,0.5359,567.4,475.7,651.0,529.9
1159,1,car,0.4945,153.7,713.2,234.7,792.0
1159,0,person,0.4689,108.4,594.8,126.9,633.4
1159,2,large_vehicle,0.3642,306.7,738.7,457.0,862.3
1159,0,person,0.3632,1070.9,395.2,1086.7,432.8
1159,2,large_vehicle,0.1907,955.2,405.1,1025.3,449.2
1159,1,car,0.1761,306.7,738.7,457.0,862.3
1159,1,car,0.1033,955.2,405.1,1025.3,449.2
1160,1,car,0.6296,145.2,714.1,226.2,791.9
1160,1,car,0.3715,564.8,475.3,650.7,530.1
1160,1,car,0.3196,321.0,740.8,477.0,862.1
1160,0,person,0.2231,106.7,597.8,127.0,634.3
1160,2,large_vehicle,0.2095,321.0,740.8,477.0,862.1
1161,1,car,0.6345,145.2,714.1,226.2,791.8
1161,1,car,0.4092,565.0,475.3,650.8,530.2
1161,1,car,0.2751,321.1,740.8,476.9,862.1
1161,2,large_vehicle,0.2407,321.1,740.8,476.9,862.1
1161,0,person,0.2018,106.8,597.7,127.0,634.1
1161,0,person,0.1103,1071.2,396.8,1085.6,432.5
1162,1,car,0.7005,137.3,713.9,217.4,793.4
1162,1,car,0.5445,565.7,476.1,650.6,529.6
1162,1,car,0.3152,334.2,736.5,484.1,861.1
1162,0,person,0.2009,1070.9,395.7,1086.5,432.6
1162,0,person,0.1684,106.0,597.4,125.4,633.7
1162,0,person,0.1447,106.1,597.6,124.2,633.0
1162,2,large_vehicle,0.1322,955.8,405.0,1025.5,449.3
1162,2,large_vehicle,0.1025,334.2,736.5,484.1,861.1
1163,1,car,0.6075,137.3,713.9,216.8,793.5
1163,1,car,0.5160,563.6,475.8,650.8,529.7
1163,1,car,0.3144,334.2,736.6,484.3,861.1
1163,0,person,0.2892,106.4,597.3,124.2,632.9
1163,1,car,0.2856,137.2,713.7,217.2,793.5
1163,0,person,0.2458,1070.9,396.2,1086.3,432.5
1163,2,large_vehicle,0.1690,956.2,404.6,1025.6,449.3
1163,2,large_vehicle,0.1105,334.2,736.6,484.3,861.1
1164,1,car,0.6084,137.2,713.9,216.8,793.5
1164,1,car,0.5159,563.5,475.8,650.7,529.7
1164,1,car,0.3150,334.2,736.5,484.3,861.1
1164,0,person,0.3059,106.1,597.5,124.0,632.9
1164,1,car,0.2816,137.2,713.7,217.2,793.5
1164,0,person,0.2316,1070.9,396.3,1086.4,432.6
1164,2,large_vehicle,0.1616,956.2,404.7,1025.4,449.3
1164,2,large_vehicle,0.1095,334.2,736.5,484.3,861.1
1165,1,car,0.7237,129.8,718.4,208.5,790.7
1165,1,car,0.5195,565.9,476.1,650.9,529.4
1165,2,large_vehicle,0.4350,347.7,736.7,502.1,859.2
1165,2,large_vehicle,0.1856,955.8,404.6,1025.6,449.1
1165,0,person,0.1843,105.9,597.4,122.8,632.5
1165,0,person,0.1737,1070.8,399.7,1084.5,431.9
1165,2,large_vehicle,0.1566,565.9,476.1,650.9,529.4
1165,0,person,0.1457,1070.9,396.0,1084.2,428.5
1165,1,car,0.1385,347.7,736.7,502.1,859.2
1165,1,car,0.1172,955.8,404.6,1025.6,449.1
1166,1,car,0.7209,129.8,718.4,208.4,790.7
1166,1,car,0.5237,567.6,476.4,651.1,529.3
1166,2,large_vehicle,0.4382,347.8,736.8,501.8,859.0
1166,0,person,0.2238,1070.7,399.7,1084.5,432.0
1166,2,large_vehicle,0.1842,567.6,476.4,651.1,529.3
1166,2,large_vehicle,0.1595,955.8,404.2,1025.3,449.1
1166,1,car,0.1333,347.8,736.8,501.8,859.0
1166,0,person,0.1279,106.0,597.4,122.9,632.5
1167,1,car,0.6122,123.4,719.3,198.1,791.5
1167,1,car,0.4574,564.8,475.9,650.8,529.6
1167,1,car,0.4290,361.5,732.3,517.4,857.4
1167,2,large_vehicle,0.2211,361.5,732.3,517.4,857.4
1167,0,person,0.2095,1070.1,398.3,1084.1,432.6
1167,0,person,0.1950,103.1,597.5,119.2,631.3
1167,0,person,0.1748,104.6,597.4,122.0,632.4
1167,2,large_vehicle,0.1496,955.2,404.3,1025.5,449.2
1167,2,large_vehicle,0.1270,564.8,475.9,650.8,529.6
1168,1,car,0.6141,123.4,719.4,198.5,791.5
1168,1,car,0.4452,565.9,476.0,650.8,529.5
1168,1,car,0.4223,361.5,732.4,517.4,857.3
1168,2,large_vehicle,0.2209,361.5,732.4,517.4,857.3
1168,0,person,0.2040,103.1,597.5,119.3,631.3
1168,0,person,0.1991,1070.1,398.3,1084.1,432.7
1168,2,large_vehicle,0.1762,955.2,404.2,1025.8,449.2
1168,0,person,0.1724,104.5,597.4,122.0,632.4
1168,2,large_vehicle,0.1371,565.9,476.0,650.8,529.5
1168,1,car,0.1079,955.2,404.2,1025.8,449.2
1169,1,car,0.6040,123.4,719.4,198.1,791.4
1169,1,car,0.4401,361.5,732.3,517.4,857.3
1169,1,car,0.4285,565.8,476.1,650.9,529.5
1169,0,person,0.2631,1069.9,398.1,1084.3,432.7
1169,0,person,0.2349,102.9,597.4,119.4,631.3
1169,2,large_vehicle,0.2187,361.5,732.3,517.4,857.3
1169,2,large_vehicle,0.1767,955.0,404.1,1025.6,449.2
1169,0,person,0.1558,104.3,597.3,122.1,632.4
1169,2,large_vehicle,0.1321,565.8,476.1,650.9,529.5
1170,1,car,0.5769,117.6,720.5,189.1,791.4
1170,1,car,0.4427,568.0,476.2,650.3,530.1
1170,2,large_vehicle,0.2616,375.2,730.3,532.3,856.5
1170,1,car,0.2449,375.2,730.3,532.3,856.5
1170,0,person,0.2051,1069.4,398.5,1083.3,432.5
1170,2,large_vehicle,0.1459,955.8,404.6,1025.6,449.2
1170,2,large_vehicle,0.1384,568.0,476.2,650.3,530.1
1171,1,car,0.5773,117.6,720.5,189.0,791.3
1171,1,car,0.4337,567.6,476.1,650.4,530.2
1171,2,large_vehicle,0.2529,375.2,730.3,532.0,856.4
1171,1,car,0.2330,375.2,730.3,532.0,856.4
1171,0,person,0.2012,1069.4,398.7,1083.3,432.6
1171,2,large_vehicle,0.1416,567.6,476.1,650.4,530.2
1171,2,large_vehicle,0.1349,955.8,404.6,1025.3,449.1
1172,1,car,0.6609,106.7,719.0,181.2,794.0
1172,1,car,0.5276,567.8,476.3,650.7,530.5
1172,1,car,0.4773,389.3,726.7,549.3,854.3
1172,0,person,0.4043,1069.4,398.8,1083.2,432.7
1172,0,person,0.3154,101.5,597.4,118.2,632.9
1172,2,large_vehicle,0.1720,956.1,404.3,1026.4,449.2
1172,0,person,0.1205,1196.8,500.9,1217.9,560.8
1172,2,large_vehicle,0.1168,567.8,476.3,650.7,530.5
1172,2,large_vehicle,0.1128,389.3,726.7,549.3,854.3
1173,1,car,0.6592,106.8,719.0,181.2,794.0
1173,1,car,0.5299,567.9,476.4,650.7,530.5
1173,1,car,0.4774,389.3,726.7,549.3,854.3
1173,0,person,0.4041,1069.4,398.7,1083.2,432.7
1173,0,person,0.3152,101.5,597.4,118.2,632.9
1173,2,large_vehicle,0.1684,956.1,404.3,1026.4,449.3
1173,0,person,0.1231,1196.8,501.0,1217.9,560.8
1173,2,large_vehicle,0.1180,567.9,476.4,650.7,530.5
1173,2,large_vehicle,0.1140,389.3,726.7,549.3,854.3
1174,1,car,0.6687,106.9,719.1,181.0,793.7
1174,1,car,0.5441,567.3,476.4,650.7,530.4
1174,1,car,0.4725,389.4,726.7,549.2,854.5
1174,0,person,0.4026,1069.4,398.9,1083.2,432.7
1174,0,person,0.3179,101.5,597.3,118.2,632.8
1174,2,large_vehicle,0.1692,955.9,404.4,1026.4,449.3
1174,2,large_vehicle,0.1126,389.4,726.7,549.2,854.5
1174,0,person,0.1089,1196.8,500.9,1217.8,561.0
1174,2,large_vehicle,0.1045,567.3,476.4,650.7,530.4
1175,1,car,0.7039,100.9,719.9,175.1,791.4
1175,1,car,0.5690,566.2,476.4,651.1,530.3
1175,1,car,0.4376,399.4,725.1,564.5,851.6
1175,0,person,0.2561,1069.6,399.7,1082.8,433.3
1175,2,large_vehicle,0.1495,956.0,404.3,1026.5,449.4
1175,2,large_vehicle,0.1206,399.4,725.1,564.5,851.6
1175,0,person,0.1193,100.1,598.0,117.6,634.1
1175,2,large_vehicle,0.1096,566.2,476.4,651.1,530.3
1176,1,car,0.6290,95.0,720.9,166.7,792.3
1176,1,car,0.4930,568.0,476.2,651.1,530.6
1176,2,large_vehicle,0.4908,416.0,724.7,579.8,850.6
1176,0,person,0.4149,1068.9,398.1,1082.5,433.0
1176,1,car,0.3234,416.0,724.7,579.8,850.6
1176,2,large_vehicle,0.1846,955.2,403.9,1026.1,449.3
1176,2,large_vehicle,0.1484,568.0,476.2,651.1,530.6
1176,0,person,0.1130,98.4,598.4,116.1,634.3
1177,1,car,0.6164,95.0,721.1,166.7,792.2
1177,1,car,0.5087,567.5,476.4,651.1,530.5
1177,2,large_vehicle,0.4962,416.1,724.7,579.8,850.5
1177,0,person,0.4026,1068.9,398.0,1082.4,432.9
1177,1,car,0.3176,416.1,724.7,579.8,850.5
1177,2,large_vehicle,0.1701,955.0,404.2,1026.2,449.4
1177,2,large_vehicle,0.1493,567.5,476.4,651.1,530.5
1177,0,person,0.1127,1196.5,500.5,1218.3,561.1
1177,0,person,0.1024,98.4,598.3,116.0,634.3
1178,1,car,0.6224,95.0,721.0,166.7,792.3
1178,2,large_vehicle,0.4725,415.6,724.7,579.8,850.6
1178,1,car,0.4132,567.5,476.0,650.8,530.5
1178,0,person,0.4038,1068.7,398.2,1082.4,433.0
1178,1,car,0.3384,415.6,724.7,579.8,850.6
1178,2,large_vehicle,0.2139,567.5,476.0,650.8,530.5
1178,0,person,0.1544,98.1,598.1,114.8,632.0
1178,2,large_vehicle,0.1377,955.1,404.1,1026.2,449.4
1179,1,car,0.6134,87.9,722.1,162.0,792.8
1179,1,car,0.4799,569.3,475.8,650.6,531.1
1179,1,car,0.4619,432.9,720.7,596.9,847.5
1179,2,large_vehicle,0.4235,432.9,720.7,596.9,847.5
1179,0,person,0.4025,1068.5,397.9,1082.2,432.7
1179,1,car,0.1653,6.9,779.6,79.2,828.0
1179,2,large_vehicle,0.1582,569.3,475.8,650.6,531.1
1179,2,large_vehicle,0.1432,955.6,403.9,1026.0,449.3
1179,0,person,0.1278,97.1,598.6,113.6,632.4
1179,0,person,0.1184,1066.5,398.2,1079.9,432.5
1179,0,person,0.1103,1196.5,500.3,1218.6,561.1
1180,1,car,0.6159,87.9,722.2,162.1,792.7
1180,1,car,0.4695,432.9,720.8,596.9,847.5
1180,1,car,0.4495,567.8,475.4,650.5,531.3
1180,2,large_vehicle,0.4187,432.9,720.8,596.9,847.5
1180,0,person,0.3965,1068.5,397.8,1082.3,432.7
1180,2,large_vehicle,0.1795,567.8,475.4,650.5,531.3
1180,1,car,0.1741,7.0,779.5,78.8,828.0
1180,0,person,0.1470,97.1,598.6,113.6,632.3
1180,2,large_vehicle,0.1426,955.1,404.1,1026.3,449.2
1180,0,person,0.1322,1196.5,500.2,1218.6,561.1
1180,0,person,0.1226,1066.4,398.2,1079.9,432.5
1180,1,car,0.1159,955.1,404.1,1026.3,449.2
1181,1,car,0.6414,81.6,721.6,151.8,794.6
1181,1,car,0.5274,567.4,475.8,650.2,530.5
1181,0,person,0.4270,1068.4,398.5,1082.6,433.9
1181,1,car,0.3945,448.2,717.2,612.7,846.1
1181,2,large_vehicle,0.3400,448.2,717.2,612.7,846.1
1181,1,car,0.2681,12.5,777.7,84.8,830.9
1181,0,person,0.2616,1196.6,500.5,1218.2,560.7
1181,2,large_vehicle,0.2037,955.7,403.4,1026.7,449.4
1181,0,person,0.1490,1066.5,399.0,1079.8,433.7
1181,1,car,0.1151,955.7,403.4,1026.7,449.4
1181,2,large_vehicle,0.1096,567.4,475.8,650.2,530.5
1181,0,person,0.1065,95.9,598.8,114.0,636.7
1182,1,car,0.6454,81.6,721.6,151.8,794.7
1182,1,car,0.5244,567.4,475.8,650.2,530.5
1182,0,person,0.4232,1068.4,398.4,1082.6,433.9
1182,1,car,0.3925,448.2,717.2,612.7,846.1
1182,2,large_vehicle,0.3394,448.2,717.2,612.7,846.1
1182,1,car,0.2730,12.5,777.6,84.8,830.9
1182,0,person,0.2604,1196.6,500.4,1218.2,560.7
1182,2,large_vehicle,0.2118,955.8,403.5,1026.6,449.4
1182,0,person,0.1449,1066.5,398.8,1079.8,433.7
1182,1,car,0.1164,955.8,403.5,1026.6,449.4
1182,2,large_vehicle,0.1099,567.4,475.8,650.2,530.5
1182,0,person,0.1058,95.8,598.8,114.0,636.7
1183,1,car,0.6515,81.6,721.5,152.0,794.8
1183,1,car,0.5194,565.3,475.8,650.1,530.5
1183,0,person,0.4312,1068.4,398.5,1082.5,433.9
1183,1,car,0.3949,448.2,717.3,612.8,846.1
1183,2,large_vehicle,0.3439,448.2,717.3,612.8,846.1
1183,1,car,0.2838,12.5,777.5,84.7,830.9
1183,0,person,0.2238,1196.7,500.5,1218.2,560.5
1183,2,large_vehicle,0.1730,955.2,403.6,1027.1,449.4
1183,0,person,0.1534,1066.5,398.9,1079.8,433.7
1183,0,person,0.1130,95.8,598.8,114.1,636.6
1183,1,car,0.1080,955.2,403.6,1027.1,449.4
1184,1,car,0.5873,565.6,475.8,650.6,529.6
1184,1,car,0.4844,462.1,716.6,628.5,843.3
1184,2,large_vehicle,0.3722,462.1,716.6,628.5,843.3
1184,0,person,0.3361,1068.4,397.7,1082.0,434.9
1184,1,car,0.3225,77.2,723.8,145.7,793.4
1184,4,other_vehicle,0.2432,77.2,723.8,145.7,793.4
1184,0,person,0.2145,1066.5,397.8,1079.9,434.8
1184,0,person,0.2042,94.4,599.3,112.6,636.9
1184,2,large_vehicle,0.1840,954.6,404.1,1026.9,449.2
1184,0,person,0.1684,1196.6,500.7,1218.5,561.2
1184,1,car,0.1470,17.3,780.2,87.9,833.5
1184,1,car,0.1054,954.6,404.1,1026.9,449.2
1185,1,car,0.5888,565.6,475.8,650.5,529.7
1185,1,car,0.4785,462.6,716.6,628.6,843.1
1185,2,large_vehicle,0.3944,462.6,716.6,628.6,843.1
1185,0,person,0.3152,1068.3,397.7,1082.1,434.9
1185,1,car,0.3109,77.2,723.8,145.7,793.4
1185,4,other_vehicle,0.2424,77.2,723.8,145.7,793.4
1185,0,person,0.2277,1066.5,397.8,1080.0,434.9
1185,0,person,0.2173,94.4,599.2,112.8,637.0
1185,2,large_vehicle,0.1767,954.5,404.0,1026.9,449.2
1185,0,person,0.1746,1196.6,500.6,1218.5,561.1
1185,1,car,0.1346,17.3,780.1,88.0,833.7
1185,1,car,0.1038,954.5,404.0,1026.9,449.2
1185,2,large_vehicle,0.1011,565.6,475.8,650.5,529.7
1186,1,car,0.4191,563.7,475.3,650.8,531.0
1186,2,large_vehicle,0.4040,479.4,712.1,643.2,840.3
1186,1,car,0.3788,479.4,712.1,643.2,840.3
1186,0,person,0.3419,1066.2,397.4,1080.3,435.8
1186,0,person,0.2797,1068.2,397.5,1082.2,435.8
1186,2,large_vehicle,0.2118,954.4,404.1,1027.0,449.2
1186,0,person,0.1766,1196.5,500.3,1218.5,560.5
1186,0,person,0.1440,94.2,600.7,112.2,637.8
1186,2,large_vehicle,0.1415,563.7,475.3,650.8,531.0
1186,1,car,0.1296,954.4,404.1,1027.0,449.2
1186,1,car,0.1265,21.2,781.2,92.2,837.6
1187,1,car,0.4533,564.0,475.4,650.7,531.4
1187,2,large_vehicle,0.4001,479.3,712.2,643.1,840.2
1187,1,car,0.3861,479.3,712.2,643.1,840.2
1187,0,person,0.3277,1066.3,397.2,1080.3,436.1
1187,0,person,0.2448,1068.3,397.3,1082.2,436.1
1187,2,large_vehicle,0.2230,954.3,404.1,1027.0,449.2
1187,0,person,0.2039,1196.5,500.1,1218.4,561.0
1187,2,large_vehicle,0.1666,564.0,475.4,650.7,531.4
1187,0,person,0.1471,94.4,600.9,112.0,637.5
1187,1,car,0.1288,21.2,781.4,92.2,837.6
1187,1,car,0.1212,954.3,404.1,1027.0,449.2
1188,1,car,0.4301,563.4,475.3,650.7,531.3
1188,2,large_vehicle,0.4027,479.3,712.3,643.1,840.2
1188,1,car,0.3883,479.3,712.3,643.1,840.2
1188,0,person,0.3528,1066.2,397.2,1080.3,435.9
1188,0,person,0.2652,1068.2,397.3,1082.2,435.9
1188,2,large_vehicle,0.2250,954.2,404.1,1027.0,449.2
1188,0,person,0.2063,1196.5,500.1,1218.4,561.0
1188,2,large_vehicle,0.1289,563.4,475.3,650.7,531.3
1188,1,car,0.1273,21.2,781.3,92.2,837.6
1188,1,car,0.1252,954.2,404.1,1027.0,449.2
1188,0,person,0.1109,94.4,600.7,112.2,637.7
1189,1,car,0.4901,568.7,475.6,650.5,532.4
1189,1,car,0.4841,495.3,709.9,679.7,837.6
1189,0,person,0.2861,1066.3,399.0,1079.9,436.5
1189,1,car,0.2728,25.2,781.9,100.8,841.9
1189,2,large_vehicle,0.2641,495.3,709.9,679.7,837.6
1189,2,large_vehicle,0.1987,954.6,404.2,1027.1,449.2
1189,0,person,0.1629,1196.3,500.0,1218.5,561.3
1189,1,car,0.1540,954.6,404.2,1027.1,449.2
1189,0,person,0.1415,93.1,599.1,111.1,637.0
1189,0,person,0.1178,1068.3,399.2,1081.7,436.4
1189,2,large_vehicle,0.1174,568.7,475.6,650.5,532.4
1189,2,large_vehicle,0.1058,66.8,707.3,290.8,794.9
1190,1,car,0.4923,568.8,475.7,650.1,532.0
1190,1,car,0.4914,495.3,709.8,679.3,837.7
1190,1,car,0.2775,25.2,781.9,100.7,841.9
1190,0,person,0.2711,1066.4,399.2,1079.9,436.2
1190,2,large_vehicle,0.2626,495.3,709.8,679.3,837.7
1190,2,large_vehicle,0.1890,955.2,404.1,1026.8,449.3
1190,0,person,0.1341,1068.4,399.3,1081.7,436.1
1190,2,large_vehicle,0.1317,568.8,475.7,650.1,532.0
1190,0,person,0.1159,93.3,599.3,110.9,636.8
1190,0,person,0.1132,1196.4,500.5,1218.4,561.3
1190,4,other_vehicle,0.1056,66.6,724.0,131.9,790.6
1190,1,car,0.1024,955.2,404.1,1026.8,449.3
1191,1,car,0.5771,560.1,475.2,650.3,532.1
1191,1,car,0.5652,511.9,706.2,675.2,835.7
1191,0,person,0.2860,1066.4,399.3,1079.9,436.9
1191,0,person,0.1949,1196.3,499.9,1218.5,561.0
1191,2,large_vehicle,0.1794,511.9,706.2,675.2,835.7
1191,2,large_vehicle,0.1778,955.2,403.9,1026.9,449.4
1191,0,person,0.1261,1068.3,399.5,1082.0,436.9
1191,1,car,0.1083,955.2,403.9,1026.9,449.4
1192,1,car,0.5836,511.9,706.2,675.3,835.7
1192,1,car,0.5665,559.9,475.3,650.3,532.0
1192,0,person,0.3028,1066.4,399.2,1079.9,437.0
1192,0,person,0.2300,1196.3,500.1,1218.5,561.2
1192,2,large_vehicle,0.1745,955.2,404.0,1027.0,449.4
1192,2,large_vehicle,0.1695,511.9,706.2,675.3,835.7
1192,0,person,0.1330,1068.3,399.5,1082.0,437.0
1192,1,car,0.1225,955.2,404.0,1027.0,449.4
1193,1,car,0.5811,563.3,475.2,650.4,532.6
1193,1,car,0.5790,511.8,706.2,675.2,835.6
1193,0,person,0.3398,1066.3,399.4,1079.9,436.8
1193,0,person,0.3027,1196.2,499.6,1218.6,560.9
1193,2,large_vehicle,0.1928,955.3,403.9,1026.6,449.4
1193,2,large_vehicle,0.1813,511.8,706.2,675.2,835.6
1193,0,person,0.1482,1068.2,399.6,1082.1,436.8
1193,1,car,0.1157,955.3,403.9,1026.6,449.4
1194,1,car,0.5627,567.4,475.7,650.5,532.4
1194,0,person,0.4178,1066.4,399.8,1079.6,436.9
1194,1,car,0.3501,525.9,699.4,730.0,831.0
1194,2,large_vehicle,0.2965,955.2,404.2,1026.1,449.2
1194,4,other_vehicle,0.2944,34.8,783.3,109.3,840.7
1194,0,person,0.2338,1196.5,500.2,1218.3,560.6
1194,2,large_vehicle,0.2031,525.9,699.4,730.0,831.0
1194,1,car,0.1779,955.2,404.2,1026.1,449.2
1194,4,other_vehicle,0.1578,33.9,783.6,109.5,840.9
1194,2,large_vehicle,0.1505,567.4,475.7,650.5,532.4
1194,0,person,0.1322,1068.3,400.0,1082.0,437.0
1194,0,person,0.1074,90.4,600.1,108.1,636.5
1195,1,car,0.5414,566.6,475.6,650.6,532.4
1195,0,person,0.4041,1066.4,399.7,1079.6,436.9
1195,1,car,0.3497,525.8,699.3,729.8,831.0
1195,0,person,0.3047,1196.6,500.3,1218.3,560.6
1195,4,other_vehicle,0.2804,34.7,783.2,109.3,840.6
1195,2,large_vehicle,0.2596,955.0,404.3,1026.0,449.2
1195,2,large_vehicle,0.2081,525.8,699.3,729.8,831.0
1195,1,car,0.2043,955.0,404.3,1026.0,449.2
1195,4,other_vehicle,0.1700,33.8,783.6,109.5,840.9
1195,2,large_vehicle,0.1469,566.6,475.6,650.6,532.4
1195,0,person,0.1105,1068.3,400.0,1082.0,437.0
1196,0,person,0.4834,1065.9,400.1,1079.7,437.4
1196,1,car,0.4697,569.8,475.4,650.6,532.2
1196,1,car,0.2968,38.9,780.6,116.8,842.7
1196,2,large_vehicle,0.1709,954.2,404.8,1026.0,449.2
1196,1,car,0.1605,954.2,404.8,1026.0,449.2
1196,1,car,0.1593,39.3,779.7,116.0,842.3
1196,0,person,0.1170,1196.5,500.5,1218.3,560.7
1197,0,person,0.4860,1065.9,400.1,1079.7,437.4
1197,1,car,0.4676,569.8,475.5,650.6,532.3
1197,1,car,0.2894,38.9,780.6,116.8,842.8
1197,1,car,0.1643,39.3,779.7,116.0,842.3
1197,2,large_vehicle,0.1609,954.3,404.7,1025.8,449.2
1197,1,car,0.1581,954.3,404.7,1025.8,449.2
1197,0,person,0.1482,1196.5,500.6,1218.3,560.8
1198,0,person,0.4954,1065.9,400.1,1079.7,437.3
1198,1,car,0.4845,569.5,475.5,650.6,532.1
1198,1,car,0.2950,38.9,780.7,116.8,842.6
1198,2,large_vehicle,0.1915,954.4,405.0,1025.9,449.2
1198,1,car,0.1826,954.4,405.0,1025.9,449.2
1198,1,car,0.1404,39.3,779.9,116.0,842.2
1198,2,large_vehicle,0.1056,569.5,475.5,650.6,532.1
1199,1,car,0.4846,564.7,475.5,650.1,531.0
1199,0,person,0.4831,1065.7,399.6,1079.7,437.2
1199,0,person,0.2219,1196.4,500.4,1218.4,560.9
1199,0,person,0.2159,1197.7,500.3,1220.4,561.2
1199,1,car,0.2085,43.3,781.4,122.1,844.4
1199,2,large_vehicle,0.1977,955.1,404.3,1025.2,449.2
1199,1,car,0.1436,955.1,404.3,1025.2,449.2
1199,2,large_vehicle,0.1051,557.3,693.9,730.2,825.2
1200,0,person,0.5888,1065.2,400.0,1079.6,437.5
1200,1,car,0.5596,562.9,475.7,650.3,531.5
1200,2,large_vehicle,0.5532,572.6,689.3,740.6,821.8
1200,0,person,0.3073,1196.2,499.7,1218.4,561.4
1200,2,large_vehicle,0.2098,955.1,404.1,1025.1,449.2
1200,1,car,0.1597,955.1,404.1,1025.1,449.2
1200,2,large_vehicle,0.1254,47.0,723.7,303.5,847.0
1201,0,person,0.5913,1065.2,399.5,1079.6,437.5
1201,1,car,0.5535,562.3,475.7,650.0,531.5
1201,2,large_vehicle,0.5484,572.5,689.2,740.5,821.8
1201,0,person,0.3584,1196.2,499.5,1218.4,561.8
1201,2,large_vehicle,0.1699,954.8,404.1,1025.4,449.2
1201,1,car,0.1517,954.8,404.1,1025.4,449.2
1201,2,large_vehicle,0.1184,47.2,723.8,302.3,846.6
1202,0,person,0.5948,1065.1,399.4,1079.6,437.4
1202,1,car,0.5855,563.3,476.0,650.0,531.0
1202,2,large_vehicle,0.5348,572.6,689.2,740.6,821.8
1202,0,person,0.3704,1196.2,499.5,1218.3,561.7
1202,2,large_vehicle,0.2015,955.2,404.0,1025.2,449.2
1202,1,car,0.1567,955.2,404.0,1025.2,449.2
1202,2,large_vehicle,0.1241,47.2,723.2,303.5,847.2
1202,0,person,0.1077,86.9,601.6,104.8,637.3
1203,1,car,0.6579,565.1,476.0,650.6,529.8
1203,0,person,0.5258,1065.4,400.7,1079.5,437.2
1203,2,large_vehicle,0.4961,589.4,686.7,758.8,817.8
1203,2,large_vehicle,0.3740,35.2,722.6,197.1,792.0
1203,0,person,0.2549,86.5,601.8,102.9,636.5
1203,0,person,0.2015,1197.8,509.0,1219.6,561.5
1203,2,large_vehicle,0.1787,954.8,404.3,1024.8,449.0
1203,1,car,0.1420,954.8,404.3,1024.8,449.0
1203,1,car,0.1050,589.4,686.7,758.8,817.8
1204,1,car,0.6613,563.9,476.0,650.7,529.8
1204,0,person,0.5372,1065.4,400.7,1079.5,437.2
1204,2,large_vehicle,0.5074,589.3,687.0,758.9,817.8
1204,2,large_vehicle,0.3823,35.1,722.6,198.7,792.1
1204,0,person,0.2544,86.4,601.8,103.0,636.6
1204,0,person,0.2244,1197.6,508.5,1219.7,561.6
1204,2,large_vehicle,0.1903,955.0,404.3,1025.1,449.1
1204,1,car,0.1531,955.0,404.3,1025.1,449.1
1204,1,car,0.1143,589.3,687.0,758.9,817.8
1205,1,car,0.5401,568.7,476.4,650.3,529.8
1205,0,person,0.4384,1064.9,400.7,1078.7,437.3
1205,4,other_vehicle,0.3029,32.0,726.9,88.7,789.1
1205,2,large_vehicle,0.1968,954.6,404.8,1024.6,449.1
1205,1,car,0.1579,954.6,404.8,1024.6,449.1
1205,2,large_vehicle,0.1493,58.4,781.9,142.0,847.0
1205,2,large_vehicle,0.1095,568.7,476.4,650.3,529.8
1206,1,car,0.5332,568.8,476.4,650.3,529.8
1206,0,person,0.4342,1064.9,400.7,1078.7,437.3
1206,4,other_vehicle,0.3042,32.0,726.9,88.7,789.1
1206,2,large_vehicle,0.1951,954.5,404.8,1024.7,449.1
1206,1,car,0.1579,954.5,404.8,1024.7,449.1
1206,2,large_vehicle,0.1439,58.4,781.8,142.0,847.0
1206,2,large_vehicle,0.1080,568.8,476.4,650.3,529.8
1207,1,car,0.5449,569.0,476.4,650.4,529.9
1207,0,person,0.4528,1064.9,400.7,1078.7,437.4
1207,4,other_vehicle,0.3173,32.0,727.0,88.6,789.1
1207,2,large_vehicle,0.2241,954.2,404.9,1024.7,449.1
1207,1,car,0.2042,954.2,404.9,1024.7,449.1
1207,2,large_vehicle,0.1454,58.4,782.0,141.9,846.9
1207,2,large_vehicle,0.1017,569.0,476.4,650.4,529.9
1208,2,large_vehicle,0.6257,622.6,678.7,788.3,811.1
1208,0,person,0.5667,1063.8,398.7,1078.3,437.6
1208,4,other_vehicle,0.5306,27.1,726.7,83.4,789.2
1208,1,car,0.5257,63.2,780.9,148.5,849.8
1208,1,car,0.5134,558.8,475.3,650.1,529.9
1208,0,person,0.4757,1195.3,506.5,1216.7,561.5
1208,2,large_vehicle,0.2608,954.8,404.6,1025.2,449.1
1208,0,person,0.2281,85.9,603.1,101.1,636.7
1208,1,car,0.1766,954.8,404.6,1025.2,449.1
1208,1,car,0.1659,622.6,678.7,788.3,811.1
1208,2,large_vehicle,0.1403,27.1,726.7,83.4,789.2
1209,2,large_vehicle,0.6342,622.6,678.7,788.3,810.9
1209,0,person,0.5698,1063.9,399.3,1078.4,437.4
1209,4,other_vehicle,0.5153,27.1,726.8,83.4,789.2
1209,1,car,0.5132,559.0,475.4,650.0,529.9
1209,1,car,0.5127,63.2,780.9,148.5,849.7
1209,0,person,0.4844,1195.4,506.6,1216.7,561.5
1209,2,large_vehicle,0.2651,954.8,404.5,1025.3,449.1
1209,0,person,0.2559,85.8,602.7,101.0,636.6
1209,1,car,0.1783,954.8,404.5,1025.3,449.1
1209,1,car,0.1553,622.6,678.7,788.3,810.9
1209,2,large_vehicle,0.1472,27.1,726.8,83.4,789.2
1210,4,other_vehicle,0.6484,22.5,726.9,79.1,788.9
1210,2,large_vehicle,0.5972,636.6,678.0,802.4,805.8
1210,1,car,0.5541,567.0,476.6,650.2,530.9
1210,1,car,0.5323,69.9,782.6,155.6,849.3
1210,0,person,0.5036,1063.6,400.1,1077.8,438.3
1210,0,person,0.3451,1197.0,519.2,1216.8,561.5
1210,1,car,0.2349,636.6,678.0,802.4,805.8
1210,2,large_vehicle,0.2061,955.2,404.8,1024.4,449.3
1210,0,person,0.2053,84.6,602.3,100.0,637.0
1210,1,car,0.1539,955.2,404.8,1024.4,449.3
1210,1,car,0.1306,1223.0,545.9,1342.0,618.5
1211,4,other_vehicle,0.6536,22.6,726.9,78.8,788.9
1211,2,large_vehicle,0.6096,636.6,677.9,802.4,805.9
1211,0,person,0.5509,1063.5,400.2,1077.4,438.1
1211,1,car,0.5346,70.0,782.6,155.6,849.4
1211,1,car,0.5022,567.1,476.2,650.1,531.0
1211,0,person,0.3723,1197.0,519.2,1216.8,561.5
1211,1,car,0.2294,636.6,677.9,802.4,805.9
1211,2,large_vehicle,0.2189,955.7,404.6,1024.7,449.3
1211,0,person,0.1864,84.6,602.6,100.1,637.2
1211,1,car,0.1499,955.7,404.6,1024.7,449.3
1211,1,car,0.1371,1223.0,545.9,1342.0,618.5
1212,4,other_vehicle,0.6525,22.6,726.9,78.8,788.9
1212,2,large_vehicle,0.6097,636.6,677.9,802.4,805.8
1212,0,person,0.5459,1063.4,400.2,1077.5,438.3
1212,1,car,0.5423,70.0,782.6,155.6,849.3
1212,1,car,0.5217,566.6,476.2,650.1,530.9
1212,0,person,0.3718,1197.0,519.2,1216.8,561.5
1212,1,car,0.2295,636.6,677.9,802.4,805.8
1212,2,large_vehicle,0.2217,955.7,404.7,1024.8,449.3
1212,0,person,0.1893,84.6,602.8,100.1,637.2
1212,1,car,0.1492,955.7,404.7,1024.8,449.3
1212,1,car,0.1332,1223.1,545.8,1342.0,618.6
1213,1,car,0.6217,76.2,782.3,165.0,850.3
1213,4,other_vehicle,0.5330,18.3,726.6,74.3,789.3
1213,1,car,0.5232,564.6,475.4,650.6,529.5
1213,2,large_vehicle,0.5154,652.4,674.3,817.8,802.3
1213,0,person,0.4058,1062.5,399.1,1076.8,438.7
1213,1,car,0.3315,652.4,674.3,817.8,802.3
1213,0,person,0.3010,1194.3,509.6,1215.0,560.4
1213,2,large_vehicle,0.1467,954.6,404.7,1024.7,449.2
1213,2,large_vehicle,0.1119,18.3,726.6,74.3,789.3
1213,0,person,0.1118,84.0,603.9,99.2,637.5
1213,1,car,0.1050,954.6,404.7,1024.7,449.2
1214,1,car,0.6264,76.2,782.3,165.1,850.3
1214,1,car,0.5634,566.5,475.6,650.8,529.6
1214,4,other_vehicle,0.5305,18.3,726.5,74.4,789.3
1214,0,person,0.4504,1062.4,398.8,1076.5,438.5
1214,2,large_vehicle,0.2934,652.4,674.3,817.8,802.3
1214,0,person,0.2775,1193.8,508.9,1214.9,560.2
1214,2,large_vehicle,0.2296,653.2,674.2,818.4,802.3
1214,2,large_vehicle,0.1792,954.3,404.6,1025.0,449.1
1214,1,car,0.1698,653.2,674.2,818.4,802.3
1214,1,car,0.1582,652.4,674.3,817.8,802.3
1214,1,car,0.1165,954.3,404.6,1025.0,449.1
1214,2,large_vehicle,0.1153,18.3,726.5,74.4,789.3
1215,2,large_vehicle,0.8503,666.9,669.3,831.5,797.3
1215,0,person,0.6067,1061.7,397.7,1076.0,437.9
1215,1,car,0.5379,81.2,782.1,171.2,850.8
1215,4,other_vehicle,0.3988,14.0,727.0,69.1,789.0
1215,1,car,0.3790,556.1,475.0,650.6,528.8
1215,2,large_vehicle,0.2747,953.8,404.8,1025.2,449.2
1215,2,large_vehicle,0.2135,14.0,727.0,69.1,789.0
1215,1,car,0.2072,953.8,404.8,1025.2,449.2
1215,1,car,0.1144,14.0,727.0,69.1,789.0
1216,2,large_vehicle,0.8483,667.0,669.4,831.5,797.4
1216,0,person,0.6127,1061.6,397.6,1076.0,437.8
1216,1,car,0.5489,81.3,782.3,171.2,850.6
1216,4,other_vehicle,0.3936,14.0,727.1,69.1,789.0
1216,1,car,0.3813,558.0,475.0,650.7,528.8
1216,2,large_vehicle,0.2719,953.5,404.8,1025.3,449.1
1216,2,large_vehicle,0.2263,14.0,727.1,69.1,789.0
1216,1,car,0.1983,953.5,404.8,1025.3,449.1
1216,1,car,0.1084,14.0,727.1,69.1,789.0
1217,2,large_vehicle,0.8490,666.8,669.3,831.5,797.3
1217,0,person,0.6022,1061.6,397.7,1075.7,437.7
1217,1,car,0.5469,81.0,782.2,171.3,850.9
1217,1,car,0.3776,557.5,475.2,650.7,528.8
1217,4,other_vehicle,0.3724,14.0,727.0,68.7,788.9
1217,2,large_vehicle,0.2795,953.5,404.8,1025.4,449.2
1217,2,large_vehicle,0.2037,14.0,727.0,68.7,788.9
1217,1,car,0.1897,953.5,404.8,1025.4,449.2
1217,1,car,0.1497,14.0,727.0,68.7,788.9
1218,2,large_vehicle,0.7523,684.0,667.8,846.1,792.9
1218,1,car,0.5572,86.0,782.3,178.9,849.5
1218,0,person,0.4960,1061.7,400.0,1075.3,437.0
1218,4,other_vehicle,0.4730,9.9,728.5,63.2,788.0
1218,1,car,0.4536,1171.8,483.9,1245.7,535.5
1218,1,car,0.4083,1171.8,478.1,1253.8,535.4
1218,2,large_vehicle,0.3192,9.9,728.5,63.2,788.0
1218,2,large_vehicle,0.2547,955.7,404.6,1024.4,449.1
1218,1,car,0.1474,568.3,475.4,650.6,530.3
1218,1,car,0.1341,955.7,404.6,1024.4,449.1
1219,2,large_vehicle,0.7514,684.0,667.8,846.0,792.9
1219,1,car,0.5540,86.1,782.4,178.8,849.4
1219,0,person,0.5162,1061.6,399.5,1075.3,437.0
1219,4,other_vehicle,0.4715,9.9,728.5,63.3,788.0
1219,1,car,0.4626,1171.7,483.7,1245.7,535.5
1219,1,car,0.4097,1171.7,478.1,1253.4,535.3
1219,2,large_vehicle,0.3174,9.9,728.5,63.3,788.0
1219,2,large_vehicle,0.2786,955.8,404.7,1024.5,449.2
1219,1,car,0.1689,955.8,404.7,1024.5,449.2
1219,1,car,0.1364,570.5,475.3,650.8,530.2
1219,1,car,0.1049,684.0,667.8,846.0,792.9
1220,4,other_vehicle,0.6265,5.1,727.7,58.8,788.4
1220,1,car,0.6249,89.3,782.2,187.6,853.6
1220,1,car,0.5518,1166.8,470.3,1256.9,537.7
1220,0,person,0.4887,1061.4,399.0,1075.4,436.5
1220,2,large_vehicle,0.3710,698.9,663.1,860.6,787.6
1220,2,large_vehicle,0.3179,698.6,663.0,860.8,787.8
1220,2,large_vehicle,0.2856,955.6,404.2,1024.7,449.2
1220,0,person,0.2663,1197.0,512.5,1215.1,560.4
1220,0,person,0.1760,78.6,601.5,94.4,635.9
1220,1,car,0.1449,698.9,663.1,860.6,787.6
1220,1,car,0.1309,955.6,404.2,1024.7,449.2
1220,2,large_vehicle,0.1035,5.1,727.7,58.8,788.4
1221,1,car,0.6270,89.3,782.2,187.6,853.5
1221,4,other_vehicle,0.6252,5.1,727.7,58.8,788.4
1221,1,car,0.5519,1166.8,470.3,1257.0,537.7
1221,0,person,0.4933,1061.4,399.0,1075.4,436.5
1221,2,large_vehicle,0.3969,698.9,663.1,860.6,787.6
1221,2,large_vehicle,0.2837,698.6,663.0,860.8,787.8
1221,2,large_vehicle,0.2808,955.6,404.2,1024.8,449.2
1221,0,person,0.2724,1197.0,512.5,1215.1,560.4
1221,0,person,0.1752,78.7,601.6,94.5,635.9
1221,1,car,0.1611,698.9,663.1,860.6,787.6
1221,1,car,0.1358,955.6,404.2,1024.8,449.2
1221,2,large_vehicle,0.1057,5.1,727.7,58.8,788.4
1222,4,other_vehicle,0.6371,5.2,727.7,58.8,788.4
1222,1,car,0.6281,89.3,782.1,187.6,853.6
1222,1,car,0.5583,1166.9,470.6,1256.6,537.6
1222,0,person,0.5042,1061.3,398.6,1075.4,436.5
1222,2,large_vehicle,0.3739,698.9,663.1,860.6,787.6
1222,2,large_vehicle,0.2907,955.5,404.4,1025.0,449.2
1222,2,large_vehicle,0.2622,698.6,663.0,860.7,787.8
1222,0,person,0.2368,1197.1,512.8,1215.1,560.5
1222,0,person,0.1757,78.6,601.5,94.4,635.8
1222,1,car,0.1699,955.5,404.4,1025.0,449.2
1222,1,car,0.1631,698.9,663.1,860.6,787.6
1223,4,other_vehicle,0.7114,0.7,727.6,54.0,787.6
1223,2,large_vehicle,0.6716,714.4,658.2,874.7,783.7
1223,1,car,0.6194,1159.3,480.3,1245.9,542.2
1223,1,car,0.4864,564.2,475.6,651.1,529.6
1223,1,car,0.4740,93.2,780.8,196.6,857.7
1223,0,person,0.4400,1060.2,397.4,1075.0,436.8
1223,2,large_vehicle,0.3684,954.7,403.7,1025.4,449.1
1223,1,car,0.1674,954.7,403.7,1025.4,449.1
1223,1,car,0.1494,714.4,658.2,874.7,783.7
1223,1,car,0.1239,1223.3,538.1,1342.0,618.0
1224,2,large_vehicle,0.7182,728.9,653.7,887.7,778.6
1224,1,car,0.6504,1153.2,482.2,1241.7,543.2
1224,0,person,0.4418,1059.6,398.4,1075.0,436.8
1224,1,car,0.4410,104.9,780.4,205.7,853.7
1224,4,other_vehicle,0.4175,0.3,726.6,52.2,787.9
1224,1,car,0.3103,551.0,474.3,650.5,529.0
1224,2,large_vehicle,0.3080,954.0,403.8,1025.3,449.1
1224,2,large_vehicle,0.2271,0.3,726.6,52.2,787.9
1224,1,car,0.1838,954.0,403.8,1025.3,449.1
1224,0,person,0.1592,75.6,601.3,92.5,638.0
1224,1,car,0.1425,0.3,726.6,52.2,787.9
1225,2,large_vehicle,0.7185,728.9,653.6,887.5,778.6
1225,1,car,0.6543,1153.3,482.3,1241.5,543.2
1225,0,person,0.4555,1059.6,398.5,1075.0,436.8
1225,1,car,0.4472,105.1,780.3,205.7,853.6
1225,4,other_vehicle,0.4084,0.3,726.6,52.4,787.9
1225,2,large_vehicle,0.3371,953.9,404.0,1025.3,449.1
1225,1,car,0.2730,552.8,474.1,650.7,528.8
1225,2,large_vehicle,0.2221,0.3,726.6,52.4,787.9
1225,1,car,0.2219,953.9,404.0,1025.3,449.1
1225,0,person,0.1562,75.5,601.3,92.6,638.5
1225,1,car,0.1556,0.3,726.6,52.4,787.9
1226,2,large_vehicle,0.7223,728.9,653.7,887.7,778.6
1226,1,car,0.6635,1153.3,482.2,1241.4,543.2
1226,0,person,0.4508,1059.5,398.6,1074.9,436.8
1226,1,car,0.4460,104.9,780.2,205.7,853.9
1226,4,other_vehicle,0.4082,0.3,726.5,52.1,787.9
1226,2,large_vehicle,0.3182,954.9,403.9,1025.0,449.0
1226,2,large_vehicle,0.2241,0.3,726.5,52.1,787.9
1226,1,car,0.1878,954.9,403.9,1025.0,449.0
1226,1,car,0.1831,555.9,474.3,650.8,529.4
1226,1,car,0.1499,0.3,726.5,52.1,787.9
1226,1,car,0.1085,1223.2,538.2,1341.8,618.0
1227,2,large_vehicle,0.6764,744.7,649.4,905.1,774.7
1227,1,car,0.5743,1148.7,483.0,1241.2,546.5
1227,0,person,0.4023,1058.5,399.2,1074.6,437.6
1227,2,large_vehicle,0.3520,0.1,727.3,50.7,787.9
1227,2,large_vehicle,0.3033,955.5,403.5,1025.0,449.0
1227,1,car,0.2826,111.7,780.0,214.5,860.2
1227,4,other_vehicle,0.2824,0.1,727.3,50.7,787.9
1227,1,car,0.1856,955.5,403.5,1025.0,449.0
1227,1,car,0.1573,1223.3,537.4,1342.0,618.3
1227,2,large_vehicle,0.1367,111.7,780.0,214.5,860.2
1227,1,car,0.1324,0.1,727.3,50.7,787.9
1227,2,large_vehicle,0.1048,1148.7,483.0,1241.2,546.5
1228,2,large_vehicle,0.6840,744.7,649.4,905.1,774.7
1228,1,car,0.5781,1148.7,483.0,1241.3,546.5
1228,0,person,0.4058,1058.6,399.2,1074.6,437.6
1228,2,large_vehicle,0.3757,0.1,727.3,50.7,787.8
1228,1,car,0.2863,111.9,780.0,214.5,860.3
1228,2,large_vehicle,0.2836,955.6,403.8,1025.2,449.0
1228,4,other_vehicle,0.2760,0.1,727.3,50.7,787.8
1228,1,car,0.2076,955.6,403.8,1025.2,449.0
1228,1,car,0.1731,1223.4,537.0,1342.0,618.2
1228,2,large_vehicle,0.1430,111.9,780.0,214.5,860.3
1228,1,car,0.1236,0.1,727.3,50.7,787.8
1228,2,large_vehicle,0.1095,1148.7,483.0,1241.3,546.5
1229,2,large_vehicle,0.7539,758.2,647.0,916.3,769.3
1229,1,car,0.5233,1141.2,487.1,1224.6,549.3
1229,1,car,0.3095,0.0,727.3,41.0,787.6
1229,2,large_vehicle,0.3006,956.0,403.8,1025.4,449.1
1229,2,large_vehicle,0.2772,0.0,727.3,41.0,787.6
1229,2,large_vehicle,0.2247,1141.2,487.1,1224.6,549.3
1229,1,car,0.1796,117.3,779.4,222.3,852.6
1229,4,other_vehicle,0.1663,0.0,727.3,41.0,787.6
1229,1,car,0.1573,568.7,475.8,650.3,531.0
1229,2,large_vehicle,0.1452,568.7,475.8,650.3,531.0
1229,1,car,0.1349,1223.1,545.0,1341.1,618.0
1229,0,person,0.1315,1058.4,400.4,1074.1,437.8
1229,0,person,0.1173,73.1,601.4,90.6,639.6
1230,2,large_vehicle,0.7504,758.2,647.0,916.3,769.3
1230,1,car,0.5225,1141.2,487.1,1224.7,549.3
1230,1,car,0.3060,0.0,727.3,41.0,787.6
1230,2,large_vehicle,0.2999,956.0,403.7,1025.3,449.1
1230,2,large_vehicle,0.2797,0.0,727.3,41.0,787.6
1230,2,large_vehicle,0.2255,1141.2,487.1,1224.7,549.3
1230,1,car,0.1778,117.1,779.3,222.3,852.2
1230,4,other_vehicle,0.1676,0.0,727.3,41.0,787.6
1230,1,car,0.1519,569.1,475.8,650.4,531.1
1230,2,large_vehicle,0.1469,569.1,475.8,650.4,531.1
1230,1,car,0.1345,1223.0,545.1,1341.1,618.0
1230,0,person,0.1293,1058.4,400.4,1074.1,437.7
1230,0,person,0.1178,73.1,601.4,90.5,639.6
1231,2,large_vehicle,0.7598,758.1,647.1,916.4,769.4
1231,1,car,0.5377,1141.1,487.0,1225.4,549.3
1231,1,car,0.3128,0.0,727.3,40.9,787.6
1231,2,large_vehicle,0.2729,955.8,403.9,1025.2,449.1
1231,2,large_vehicle,0.2722,0.0,727.3,40.9,787.6
1231,2,large_vehicle,0.2178,1141.1,487.0,1225.4,549.3
1231,1,car,0.1846,117.8,779.4,222.3,852.4
1231,4,other_vehicle,0.1685,0.0,727.3,40.9,787.6
1231,1,car,0.1602,568.2,475.8,650.2,530.9
1231,2,large_vehicle,0.1563,568.2,475.8,650.2,530.9
1231,0,person,0.1357,1058.4,400.3,1074.2,437.8
1231,1,car,0.1307,1223.1,545.6,1340.9,618.0
1231,0,person,0.1226,73.1,601.3,90.6,639.7
1231,1,car,0.1055,955.8,403.9,1025.2,449.1
1232,2,large_vehicle,0.4659,774.0,642.9,945.1,764.3
1232,1,car,0.4363,564.9,475.6,650.9,530.6
1232,1,car,0.3848,1131.8,490.1,1217.5,552.0
1232,2,large_vehicle,0.3441,1131.8,490.1,1217.5,552.0
1232,4,other_vehicle,0.3126,0.0,726.7,36.3,787.2
1232,2,large_vehicle,0.2668,954.2,403.9,1025.6,449.0
1232,1,car,0.2203,90.8,777.9,232.4,866.2
1232,1,car,0.2193,0.0,726.7,36.3,787.2
1232,0,person,0.2162,1058.2,402.0,1073.5,437.5
1232,2,large_vehicle,0.2118,0.0,726.7,36.3,787.2
1232,2,large_vehicle,0.2070,564.9,475.6,650.9,530.6
1232,1,car,0.1536,954.2,403.9,1025.6,449.0
1232,0,person,0.1461,70.2,602.8,89.6,640.8
1232,1,car,0.1024,1223.3,544.8,1340.7,617.8
1233,2,large_vehicle,0.5077,773.9,642.8,946.2,764.3
1233,1,car,0.4337,564.0,475.4,651.0,530.4
1233,1,car,0.3723,1131.8,489.8,1217.6,552.0
1233,2,large_vehicle,0.3503,1131.8,489.8,1217.6,552.0
1233,4,other_vehicle,0.3296,0.0,726.7,36.4,787.2
1233,2,large_vehicle,0.2647,954.1,403.8,1025.6,449.0
1233,0,person,0.2363,1058.1,402.0,1073.6,437.6
1233,1,car,0.2335,90.3,777.8,232.4,866.3
1233,1,car,0.2153,0.0,726.7,36.4,787.2
1233,2,large_vehicle,0.1957,0.0,726.7,36.4,787.2
1233,2,large_vehicle,0.1682,564.0,475.4,651.0,530.4
1233,0,person,0.1633,70.1,602.7,89.6,640.7
1233,1,car,0.1542,954.1,403.8,1025.6,449.0
1233,2,large_vehicle,0.1120,90.3,777.8,232.4,866.3
1233,1,car,0.1010,1223.2,544.7,1340.8,617.8
1234,2,large_vehicle,0.6145,1127.5,492.8,1207.1,554.6
1234,1,car,0.4978,569.5,475.9,651.0,531.0
1234,4,other_vehicle,0.4279,0.0,726.4,33.8,787.5
1234,1,car,0.3048,83.9,777.4,241.8,868.0
1234,2,large_vehicle,0.2886,953.5,404.2,1025.8,448.9
1234,2,large_vehicle,0.2865,788.2,640.1,957.8,759.0
1234,1,car,0.2205,76.1,777.1,242.0,868.3
1234,1,car,0.2004,1127.5,492.8,1207.1,554.6
1234,1,car,0.1892,0.0,726.4,33.8,787.5
1234,2,large_vehicle,0.1877,569.5,475.9,651.0,531.0
1234,1,car,0.1668,953.5,404.2,1025.8,448.9
1234,1,car,0.1194,788.2,640.1,957.8,759.0
1234,2,large_vehicle,0.1033,0.0,726.4,33.8,787.5
1235,2,large_vehicle,0.6036,1127.4,492.7,1207.4,554.6
1235,4,other_vehicle,0.4304,0.0,726.4,33.8,787.5
1235,1,car,0.4289,569.4,475.9,651.0,529.8
1235,2,large_vehicle,0.3011,788.1,640.1,957.8,759.0
1235,1,car,0.2853,76.3,777.1,242.1,868.3
1235,2,large_vehicle,0.2742,953.4,404.0,1025.5,448.9
1235,2,large_vehicle,0.2187,569.4,475.9,651.0,529.8
1235,1,car,0.2065,1127.4,492.7,1207.4,554.6
1235,1,car,0.1818,0.0,726.4,33.8,787.5
1235,1,car,0.1501,953.4,404.0,1025.5,448.9
1235,1,car,0.1146,788.1,640.1,957.8,759.0
1235,2,large_vehicle,0.1009,0.0,726.4,33.8,787.5
1236,2,large_vehicle,0.6083,1127.4,492.7,1207.3,554.6
1236,1,car,0.4543,569.4,475.9,651.0,530.7
1236,4,other_vehicle,0.4351,0.0,726.4,33.8,787.4
1236,2,large_vehicle,0.2983,788.2,640.1,958.0,759.0
1236,1,car,0.2863,76.1,777.1,242.1,868.3
1236,2,large_vehicle,0.2820,953.3,404.1,1025.5,448.9
1236,2,large_vehicle,0.2201,569.4,475.9,651.0,530.7
1236,1,car,0.2028,1127.4,492.7,1207.3,554.6
1236,1,car,0.1790,0.0,726.4,33.8,787.4
1236,1,car,0.1623,953.3,404.1,1025.5,448.9
1236,1,car,0.1154,788.2,640.1,958.0,759.0
1237,2,large_vehicle,0.6286,801.7,634.6,955.7,756.7
1237,2,large_vehicle,0.5883,1119.6,493.7,1200.7,558.4
1237,2,large_vehicle,0.3188,570.2,475.2,650.9,532.9
1237,2,large_vehicle,0.2435,954.8,403.3,1026.2,448.9
1237,1,car,0.2180,570.2,475.2,650.9,532.9
1237,1,car,0.2110,1119.6,493.7,1200.7,558.4
1237,1,car,0.1630,0.0,726.0,31.4,787.9
1237,1,car,0.1484,954.8,403.3,1026.2,448.9
1237,1,car,0.1457,61.3,772.3,251.2,868.8
1237,2,large_vehicle,0.1453,0.0,726.0,31.4,787.9
1237,1,car,0.1387,1223.2,544.5,1340.8,618.3
1237,4,other_vehicle,0.1016,0.0,726.0,31.4,787.9
1238,2,large_vehicle,0.6192,801.8,634.5,955.8,756.8
1238,2,large_vehicle,0.5913,1119.6,493.7,1200.5,558.6
1238,2,large_vehicle,0.3008,569.3,475.2,651.0,532.9
1238,1,car,0.2687,69.9,772.5,250.3,868.4
1238,2,large_vehicle,0.2176,954.9,403.2,1025.6,448.9
1238,1,car,0.2078,1119.6,493.7,1200.5,558.6
1238,1,car,0.1752,569.3,475.2,651.0,532.9
1238,1,car,0.1737,0.0,725.7,31.3,787.9
1238,1,car,0.1510,1223.2,544.3,1340.8,618.3
1238,2,large_vehicle,0.1438,0.0,725.7,31.3,787.9
1238,1,car,0.1163,954.9,403.2,1025.6,448.9
1239,2,large_vehicle,0.7076,1112.9,496.9,1191.8,560.5
1239,2,large_vehicle,0.4950,816.8,631.6,975.8,751.0
1239,2,large_vehicle,0.3251,955.0,403.1,1024.9,448.9
1239,1,car,0.2897,567.0,475.4,651.2,529.2
1239,2,large_vehicle,0.2662,567.0,475.4,651.2,529.2
1239,1,car,0.1368,72.2,775.4,261.7,864.3
1239,1,car,0.1357,1112.9,496.9,1191.8,560.5
1239,1,car,0.1208,1223.0,544.6,1340.8,618.0
1239,1,car,0.1171,955.0,403.1,1024.9,448.9
1240,2,large_vehicle,0.7093,1112.9,496.9,1191.8,560.5
1240,2,large_vehicle,0.4861,816.9,631.6,976.7,751.0
1240,1,car,0.2768,564.9,475.2,650.4,529.6
1240,2,large_vehicle,0.2675,954.8,403.1,1025.2,449.0
1240,2,large_vehicle,0.2627,564.9,475.2,650.4,529.6
1240,1,car,0.1350,1112.9,496.9,1191.8,560.5
1240,1,car,0.1162,954.8,403.1,1025.2,449.0
1240,1,car,0.1114,1223.0,544.5,1340.9,617.9
1240,1,car,0.1093,72.3,775.7,261.6,864.2
1241,2,large_vehicle,0.7091,1112.8,496.9,1191.8,560.5
1241,2,large_vehicle,0.4978,816.8,631.6,976.2,751.0
1241,1,car,0.3135,563.0,475.0,650.4,528.9
1241,2,large_vehicle,0.2604,954.9,402.6,1025.6,449.0
1241,2,large_vehicle,0.2014,563.0,475.0,650.4,528.9
1241,1,car,0.1386,73.3,775.5,261.7,864.8
1241,1,car,0.1320,1112.8,496.9,1191.8,560.5
1242,2,large_vehicle,0.6109,1105.2,497.5,1186.6,563.9
1242,2,large_vehicle,0.5865,830.1,628.3,993.1,745.4
1242,1,car,0.3027,569.7,475.3,650.5,529.5
1242,2,large_vehicle,0.2811,569.7,475.3,650.5,529.5
1242,2,large_vehicle,0.2744,955.3,402.8,1026.0,448.9
1242,1,car,0.2192,1105.2,497.5,1186.6,563.9
1242,0,person,0.1891,1054.5,399.2,1069.5,436.8
1243,2,large_vehicle,0.6085,1105.1,497.6,1186.5,563.9
1243,2,large_vehicle,0.5958,830.2,628.3,993.5,745.4
1243,1,car,0.3195,569.7,475.3,650.4,529.7
1243,2,large_vehicle,0.2765,569.7,475.3,650.4,529.7
1243,2,large_vehicle,0.2541,954.7,402.8,1026.0,448.9
1243,1,car,0.2194,1105.1,497.6,1186.5,563.9
1243,0,person,0.1840,1054.5,399.2,1069.4,436.8
1243,1,car,0.1023,954.7,402.8,1026.0,448.9
1244,2,large_vehicle,0.7455,1097.8,500.3,1182.0,566.7
1244,2,large_vehicle,0.6234,843.3,622.9,1000.1,741.0
1244,2,large_vehicle,0.4075,568.5,475.9,650.3,528.7
1244,2,large_vehicle,0.3094,954.2,402.9,1024.1,449.0
1244,0,person,0.2701,1053.9,398.8,1069.6,437.4
1244,1,car,0.2527,568.5,475.9,650.3,528.7
1244,0,person,0.1676,1055.4,398.7,1073.7,437.5
1244,1,car,0.1662,167.5,778.7,281.9,863.9
1244,1,car,0.1030,1222.8,544.4,1341.3,618.2
1244,1,car,0.1014,954.2,402.9,1024.1,449.0
1245,2,large_vehicle,0.7462,1097.8,500.3,1182.0,566.7
1245,2,large_vehicle,0.6167,843.3,622.9,1000.2,741.0
1245,2,large_vehicle,0.4018,568.7,476.0,650.4,528.7
1245,2,large_vehicle,0.2999,954.2,402.8,1024.2,448.9
1245,0,person,0.2650,1053.9,398.8,1069.6,437.4
1245,1,car,0.2501,568.7,476.0,650.4,528.7
1245,0,person,0.1647,1055.4,398.7,1073.7,437.5
1245,1,car,0.1634,167.5,778.7,281.9,863.9
1245,1,car,0.1001,1097.8,500.3,1182.0,566.7
1246,2,large_vehicle,0.7507,1097.9,500.4,1182.0,566.7
1246,2,large_vehicle,0.6119,843.4,622.9,1000.3,741.0
1246,2,large_vehicle,0.4408,568.7,475.9,650.5,528.6
1246,2,large_vehicle,0.3014,954.0,402.9,1024.2,449.0
1246,1,car,0.2552,568.7,475.9,650.5,528.6
1246,0,person,0.2452,1053.9,398.7,1069.5,437.4
1246,1,car,0.1695,167.5,778.7,281.8,863.9
1246,0,person,0.1295,1055.5,398.7,1073.8,437.5
1246,1,car,0.1078,1222.6,544.5,1341.3,618.3
1246,1,car,0.1055,954.0,402.9,1024.2,449.0
1247,2,large_vehicle,0.7504,1089.1,502.9,1175.0,569.6
1247,2,large_vehicle,0.6920,857.4,619.6,1017.6,737.1
1247,2,large_vehicle,0.2583,954.3,402.7,1024.5,449.2
1247,2,large_vehicle,0.2440,568.5,475.4,651.2,529.2
1247,1,car,0.1046,568.5,475.4,651.2,529.2
1247,1,car,0.1036,1089.1,502.9,1175.0,569.6
1248,2,large_vehicle,0.7136,1081.2,506.2,1168.9,572.7
1248,2,large_vehicle,0.4217,870.2,616.4,1022.8,731.7
1248,1,car,0.2722,870.2,616.4,1022.8,731.7
1248,1,car,0.2685,564.7,475.3,650.2,529.1
1248,2,large_vehicle,0.2661,564.7,475.3,650.2,529.1
1248,2,large_vehicle,0.2375,954.8,402.9,1024.6,449.1
1248,1,car,0.1418,1081.2,506.2,1168.9,572.7
1248,1,car,0.1220,1222.6,543.4,1341.9,618.2
1248,0,person,0.1139,1053.4,398.4,1069.0,438.4
1248,2,large_vehicle,0.1118,185.4,776.0,304.8,863.5
1249,2,large_vehicle,0.7178,1081.1,506.2,1168.9,572.7
1249,2,large_vehicle,0.4278,870.2,616.6,1022.3,731.7
1249,1,car,0.2695,870.2,616.6,1022.3,731.7
1249,2,large_vehicle,0.2547,564.4,475.4,650.7,529.3
1249,1,car,0.2401,564.4,475.4,650.7,529.3
1249,2,large_vehicle,0.2319,954.6,403.0,1025.1,449.2
1249,1,car,0.1391,1081.1,506.2,1168.9,572.7
1249,1,car,0.1342,1222.5,543.1,1342.0,618.2
1249,2,large_vehicle,0.1084,185.4,776.1,304.9,863.4
1250,2,large_vehicle,0.6718,1081.1,506.4,1169.4,572.8
1250,2,large_vehicle,0.3984,870.4,616.4,1022.8,731.7
1250,1,car,0.3122,564.6,475.6,649.7,530.2
1250,1,car,0.3117,870.4,616.4,1022.8,731.7
1250,2,large_vehicle,0.2687,564.6,475.6,649.7,530.2
1250,2,large_vehicle,0.2414,954.3,403.1,1026.2,449.1
1250,1,car,0.1823,1081.1,506.4,1169.4,572.8
1250,0,person,0.1667,1053.6,398.5,1069.0,438.6
1250,1,car,0.1155,954.3,403.1,1026.2,449.1
1251,2,large_vehicle,0.8115,1073.7,507.2,1163.7,575.7
1251,2,large_vehicle,0.4903,883.7,612.2,1042.2,726.2
1251,1,car,0.3598,564.7,475.3,650.1,529.1
1251,2,large_vehicle,0.3286,564.7,475.3,650.1,529.1
1251,2,large_vehicle,0.2570,954.7,403.2,1026.6,448.9
1251,2,large_vehicle,0.1626,193.7,774.5,316.2,865.0
1251,1,car,0.1239,883.7,612.2,1042.2,726.2
1252,2,large_vehicle,0.8183,1073.8,507.2,1163.6,575.6
1252,2,large_vehicle,0.5319,883.7,612.1,1040.6,725.7
1252,1,car,0.4293,564.5,475.5,650.0,529.1
1252,2,large_vehicle,0.3021,564.5,475.5,650.0,529.1
1252,2,large_vehicle,0.2434,954.8,403.4,1025.9,448.9
1252,2,large_vehicle,0.1438,193.8,774.4,316.1,864.9
1252,1,car,0.1021,883.7,612.1,1040.6,725.7
1253,2,large_vehicle,0.7659,1063.5,509.5,1157.6,578.2
1253,2,large_vehicle,0.6183,896.5,608.1,1053.3,722.1
1253,1,car,0.3889,570.9,476.4,650.3,529.0
1253,2,large_vehicle,0.3348,953.5,403.4,1027.1,449.0
1253,2,large_vehicle,0.3164,570.9,476.4,650.3,529.0
1253,0,person,0.1262,1053.4,399.7,1068.0,438.5
1253,1,car,0.1077,1063.5,509.5,1157.6,578.2
1253,1,car,0.1038,953.5,403.4,1027.1,449.0
1254,2,large_vehicle,0.7624,1063.6,509.3,1157.2,578.1
1254,2,large_vehicle,0.5924,896.5,608.2,1054.1,722.1
1254,2,large_vehicle,0.3753,953.5,403.3,1027.2,449.0
1254,2,large_vehicle,0.2741,570.4,476.0,650.2,529.3
1254,1,car,0.2672,570.4,476.0,650.2,529.3
1254,0,person,0.2296,1053.2,399.6,1068.1,438.4
1254,1,car,0.1161,953.5,403.3,1027.2,449.0
1254,1,car,0.1115,1063.6,509.3,1157.2,578.1
1254,2,large_vehicle,0.1001,202.3,774.3,326.2,864.5
1255,2,large_vehicle,0.7604,1063.6,509.3,1157.3,578.2
1255,2,large_vehicle,0.6081,896.5,608.1,1052.9,722.0
1255,2,large_vehicle,0.3542,953.5,403.3,1027.0,449.0
1255,2,large_vehicle,0.3125,570.7,476.1,650.3,529.3
1255,1,car,0.2877,570.7,476.1,650.3,529.3
1255,0,person,0.1572,1053.4,399.7,1068.1,438.4
1255,1,car,0.1137,1063.6,509.3,1157.3,578.2
1255,1,car,0.1061,953.5,403.3,1027.0,449.0
1256,2,large_vehicle,0.6677,1055.2,511.0,1149.9,580.8
1256,2,large_vehicle,0.5473,908.6,604.8,1060.4,717.8
1256,0,person,0.4811,1052.7,398.5,1068.1,438.1
1256,2,large_vehicle,0.3724,954.2,403.3,1027.4,448.9
1256,1,car,0.2364,565.3,475.0,650.2,529.1
1256,1,car,0.2220,211.3,772.1,339.4,861.8
1256,1,car,0.2148,1055.2,511.0,1149.9,580.8
1256,1,car,0.1824,954.2,403.3,1027.4,448.9
1256,2,large_vehicle,0.1715,565.3,475.0,650.2,529.1
1257,2,large_vehicle,0.6713,1055.1,511.0,1150.0,580.8
1257,2,large_vehicle,0.5430,908.6,604.8,1060.6,717.8
1257,0,person,0.4601,1052.9,398.7,1068.1,438.0
1257,2,large_vehicle,0.3892,954.5,403.5,1027.2,449.0
1257,1,car,0.2203,563.0,475.1,650.3,529.3
1257,1,car,0.2202,211.3,772.2,339.3,861.5
1257,1,car,0.2097,1055.1,511.0,1150.0,580.8
1257,1,car,0.1786,954.5,403.5,1027.2,449.0
1257,2,large_vehicle,0.1682,563.0,475.1,650.3,529.3
1258,2,large_vehicle,0.6550,1045.8,513.2,1144.1,583.8
1258,2,large_vehicle,0.5506,914.7,600.8,1063.3,711.2
1258,2,large_vehicle,0.2983,954.7,403.8,1026.9,449.0
1258,1,car,0.2632,1045.8,513.2,1144.1,583.8
1258,1,car,0.2593,561.3,475.6,649.6,528.0
1258,2,large_vehicle,0.2250,222.3,771.7,350.0,861.6
1258,2,large_vehicle,0.2211,561.3,475.6,649.6,528.0
1258,1,car,0.1780,222.3,771.7,350.0,861.6
1258,0,person,0.1716,1052.3,399.8,1067.0,437.5
1258,1,car,0.1382,954.7,403.8,1026.9,449.0
1258,0,person,0.1012,1197.3,501.3,1217.3,560.2
1259,2,large_vehicle,0.6826,1045.8,513.1,1143.7,583.8
1259,2,large_vehicle,0.5492,915.0,600.8,1063.4,711.2
1259,2,large_vehicle,0.2836,954.7,403.8,1026.7,449.0
1259,1,car,0.2312,1045.8,513.1,1143.7,583.8
1259,2,large_vehicle,0.2183,222.3,771.8,350.0,861.7
1259,1,car,0.2021,559.9,475.6,649.8,528.2
1259,2,large_vehicle,0.1893,559.9,475.6,649.8,528.2
1259,1,car,0.1814,222.3,771.8,350.0,861.7
1259,0,person,0.1232,1052.4,399.9,1066.9,437.4
1259,1,car,0.1214,954.7,403.8,1026.7,449.0
1260,2,large_vehicle,0.6559,1045.9,513.1,1144.3,583.8
1260,2,large_vehicle,0.5478,915.1,600.8,1063.4,711.0
1260,2,large_vehicle,0.3244,955.2,403.7,1026.8,449.1
1260,1,car,0.2633,1045.9,513.1,1144.3,583.8
1260,1,car,0.2487,561.8,475.6,649.8,528.7
1260,2,large_vehicle,0.2307,222.3,771.7,350.0,861.6
1260,2,large_vehicle,0.2025,561.8,475.6,649.8,528.7
1260,0,person,0.1863,1197.6,512.9,1216.5,560.7
1260,1,car,0.1747,222.3,771.7,350.0,861.6
1260,0,person,0.1460,1052.4,400.1,1066.9,437.4
1260,1,car,0.1405,955.2,403.7,1026.8,449.1
1261,2,large_vehicle,0.7779,1037.3,516.2,1133.4,588.2
1261,2,large_vehicle,0.5066,932.5,599.4,1071.7,708.6
1261,1,car,0.4727,568.4,475.6,650.1,529.5
1261,2,large_vehicle,0.3556,954.0,403.6,1026.9,448.9
1261,2,large_vehicle,0.2839,568.4,475.6,650.1,529.5
1261,0,person,0.2489,1197.6,511.4,1216.5,560.7
1261,1,car,0.2166,233.2,770.0,361.4,860.2
1261,1,car,0.1913,932.5,599.4,1071.7,708.6
1261,1,car,0.1713,954.0,403.6,1026.9,448.9
1261,2,large_vehicle,0.1139,233.2,770.0,361.4,860.2
1261,1,car,0.1128,1037.3,516.2,1133.4,588.2
1261,0,person,0.1115,1051.8,399.6,1066.5,437.7
1262,2,large_vehicle,0.7753,1037.3,516.3,1133.3,588.2
1262,2,large_vehicle,0.5080,932.6,599.4,1071.8,708.5
1262,1,car,0.4953,568.4,475.7,650.1,529.5
1262,2,large_vehicle,0.3296,954.1,403.9,1026.7,449.0
1262,2,large_vehicle,0.2758,568.4,475.7,650.1,529.5
1262,1,car,0.2166,233.1,770.0,361.5,860.2
1262,0,person,0.1975,1197.6,513.2,1216.4,560.7
1262,1,car,0.1947,954.1,403.9,1026.7,449.0
1262,1,car,0.1880,932.6,599.4,1071.8,708.5
1262,2,large_vehicle,0.1194,233.1,770.0,361.5,860.2
1262,1,car,0.1155,1037.3,516.3,1133.3,588.2
1262,0,person,0.1021,1051.7,399.6,1066.4,437.7
1263,2,large_vehicle,0.5186,1028.7,518.6,1126.4,589.9
1263,2,large_vehicle,0.4854,945.5,597.4,1082.1,701.4
1263,1,car,0.4200,570.5,475.8,650.3,529.9
1263,1,car,0.4119,1028.7,518.6,1126.4,589.9
1263,0,person,0.3572,1050.6,399.2,1065.8,437.8
1263,0,person,0.3552,1197.4,500.8,1217.5,559.5
1263,2,large_vehicle,0.3372,953.1,403.4,1027.2,448.9
1263,2,large_vehicle,0.3286,570.5,475.8,650.3,529.9
1263,2,large_vehicle,0.2297,63.9,758.6,374.3,880.6
1263,1,car,0.1779,953.1,403.4,1027.2,448.9
1263,1,car,0.1523,945.5,597.4,1082.1,701.4
1264,2,large_vehicle,0.5225,1028.8,518.6,1126.3,589.9
1264,2,large_vehicle,0.4890,945.5,597.4,1082.1,701.4
1264,1,car,0.4393,570.5,476.0,650.3,529.9
1264,1,car,0.4083,1028.8,518.6,1126.3,589.9
1264,0,person,0.3451,1050.6,399.2,1065.8,437.8
1264,2,large_vehicle,0.3328,953.1,403.4,1027.1,448.9
1264,2,large_vehicle,0.3131,570.5,476.0,650.3,529.9
1264,0,person,0.2733,1197.4,501.2,1217.4,559.5
1264,2,large_vehicle,0.2288,63.7,758.6,374.3,880.4
1264,1,car,0.1772,953.1,403.4,1027.1,448.9
1264,1,car,0.1519,945.5,597.4,1082.1,701.4
1265,2,large_vehicle,0.5232,1028.8,518.6,1126.4,589.9
1265,2,large_vehicle,0.4999,945.5,597.4,1081.8,701.4
1265,1,car,0.4258,569.3,475.5,650.4,530.0
1265,1,car,0.4075,1028.8,518.6,1126.4,589.9
1265,2,large_vehicle,0.3561,952.6,403.3,1027.1,448.9
1265,0,person,0.3518,1050.6,399.2,1065.7,437.8
1265,2,large_vehicle,0.3265,569.3,475.5,650.4,530.0
1265,0,person,0.3215,1197.4,500.9,1217.5,559.8
1265,2,large_vehicle,0.2218,64.0,758.7,374.3,881.0
1265,1,car,0.1855,952.6,403.3,1027.1,448.9
1265,1,car,0.1446,945.5,597.4,1081.8,701.4
1266,2,large_vehicle,0.7373,957.4,593.2,1086.0,698.5
1266,2,large_vehicle,0.6325,1018.8,518.9,1119.4,593.3
1266,1,car,0.3580,553.7,474.1,650.4,530.3
1266,2,large_vehicle,0.3167,553.7,474.1,650.4,530.3
1266,1,car,0.3075,1018.8,518.9,1119.4,593.3
1266,2,large_vehicle,0.2907,954.7,403.6,1026.5,448.8
1266,0,person,0.2826,1197.3,500.6,1217.6,560.0
1266,0,person,0.1630,1050.6,400.9,1064.8,438.0
1267,2,large_vehicle,0.5832,1018.8,519.0,1119.8,593.3
1267,2,large_vehicle,0.4558,957.0,593.6,1087.0,698.5
1267,2,large_vehicle,0.4026,957.3,593.2,1086.5,698.4
1267,1,car,0.3695,553.7,474.2,650.4,530.3
1267,1,car,0.3639,1018.8,519.0,1119.8,593.3
1267,2,large_vehicle,0.3174,553.7,474.2,650.4,530.3
1267,2,large_vehicle,0.2912,954.7,403.6,1026.5,448.8
1267,0,person,0.2826,1197.3,500.6,1217.6,559.8
1267,0,person,0.2060,1050.6,401.0,1064.6,438.0
1268,2,large_vehicle,0.8667,969.0,594.4,1097.7,692.2
1268,1,car,0.7592,1009.3,522.8,1110.3,596.5
1268,1,car,0.4477,264.6,767.3,398.9,858.3
1268,2,large_vehicle,0.3757,954.9,404.6,1026.8,449.0
1268,1,car,0.3160,551.6,474.4,649.7,531.7
1268,2,large_vehicle,0.2788,551.6,474.4,649.7,531.7
1268,0,person,0.2627,575.8,492.8,594.5,538.5
1268,0,person,0.2206,1197.5,511.6,1216.7,560.8
1268,0,person,0.2019,1050.0,399.5,1064.8,438.6
1268,1,car,0.1308,954.9,404.6,1026.8,449.0
1268,2,large_vehicle,0.1189,1009.3,522.8,1110.3,596.5
1269,2,large_vehicle,0.8672,969.0,594.3,1097.7,692.1
1269,1,car,0.7700,1009.3,522.7,1110.4,596.4
1269,1,car,0.4420,264.5,767.3,398.9,858.3
1269,2,large_vehicle,0.4025,954.8,404.6,1026.7,449.0
1269,1,car,0.3427,551.2,474.5,649.7,531.4
1269,0,person,0.2989,575.9,494.0,593.9,538.5
1269,2,large_vehicle,0.2793,551.2,474.5,649.7,531.4
1269,0,person,0.2790,1049.8,399.1,1064.9,438.6
1269,0,person,0.2303,1197.5,511.8,1216.7,560.6
1269,1,car,0.1267,954.8,404.6,1026.7,449.0
1269,2,large_vehicle,0.1077,1009.3,522.7,1110.4,596.4
1270,2,large_vehicle,0.8678,969.0,594.3,1097.7,692.1
1270,1,car,0.7672,1009.3,522.8,1110.3,596.4
1270,1,car,0.4448,264.5,767.3,399.0,858.3
1270,2,large_vehicle,0.3982,954.8,404.6,1026.7,449.0
1270,1,car,0.3510,550.1,474.4,649.7,531.4
1270,2,large_vehicle,0.2841,550.1,474.4,649.7,531.4
1270,0,person,0.2646,576.1,494.1,594.1,538.6
1270,0,person,0.2467,1049.8,399.4,1064.9,438.6
1270,0,person,0.2185,1197.5,511.8,1216.7,560.6
1270,1,car,0.1222,954.8,404.6,1026.7,449.0
1270,2,large_vehicle,0.1111,1009.3,522.8,1110.3,596.4
1271,2,large_vehicle,0.7835,978.6,590.5,1110.1,689.5
1271,1,car,0.6524,998.4,523.7,1106.0,598.6
1271,1,car,0.6075,554.0,475.1,650.5,531.0
1271,0,person,0.4032,1049.1,397.9,1064.1,438.8
1271,0,person,0.3238,1197.0,500.8,1217.9,560.4
1271,1,car,0.3212,275.5,764.8,413.1,858.0
1271,2,large_vehicle,0.2847,954.0,404.4,1027.1,448.9
1271,0,person,0.2459,575.8,492.0,594.0,538.8
1271,1,car,0.2322,954.0,404.4,1027.1,448.9
1271,2,large_vehicle,0.1566,998.4,523.7,1106.0,598.6
1271,2,large_vehicle,0.1050,275.5,764.8,413.1,858.0
1272,2,large_vehicle,0.7638,990.1,591.5,1112.3,684.7
1272,1,car,0.6689,285.6,763.7,426.0,854.8
1272,1,car,0.6612,989.9,525.8,1098.4,597.3
1272,1,car,0.5482,560.9,475.6,650.5,531.1
1272,0,person,0.2183,1196.7,500.2,1218.5,560.3
1272,2,large_vehicle,0.2049,953.3,404.2,1026.4,448.8
1272,1,car,0.1702,953.3,404.2,1026.4,448.8
1272,2,large_vehicle,0.1291,560.9,475.6,650.5,531.1
1272,0,person,0.1279,1197.8,499.7,1220.7,560.5
1273,2,large_vehicle,0.7625,990.1,591.5,1112.3,684.7
1273,1,car,0.6686,285.6,763.7,426.0,854.8
1273,1,car,0.6607,989.9,525.7,1098.4,597.3
1273,1,car,0.5475,560.5,475.5,650.5,531.2
1273,0,person,0.2267,1196.7,500.2,1218.5,560.3
1273,2,large_vehicle,0.2204,953.3,404.0,1026.4,448.8
1273,1,car,0.1642,953.3,404.0,1026.4,448.8
1273,2,large_vehicle,0.1272,560.5,475.5,650.5,531.2
1273,0,person,0.1269,1197.8,499.7,1220.7,560.4
1274,2,large_vehicle,0.7630,990.1,591.6,1112.7,684.7
1274,1,car,0.6700,285.4,763.7,425.9,854.7
1274,1,car,0.6586,989.9,525.8,1098.5,597.3
1274,1,car,0.5410,561.1,475.5,650.5,531.2
1274,2,large_vehicle,0.2256,953.3,404.2,1026.4,448.8
1274,0,person,0.2050,1197.8,499.5,1220.7,560.5
1274,0,person,0.1985,1196.7,500.0,1218.6,560.3
1274,1,car,0.1800,953.3,404.2,1026.4,448.8
1274,2,large_vehicle,0.1361,561.1,475.5,650.5,531.2
1275,2,large_vehicle,0.7082,1000.0,582.3,1124.4,680.8
1275,1,car,0.5951,290.8,761.3,436.7,853.4
1275,1,car,0.5782,980.8,528.6,1086.6,604.8
1275,1,car,0.5338,552.7,474.8,650.4,531.1
1275,2,large_vehicle,0.3838,954.8,404.0,1027.0,448.9
1275,0,person,0.2898,1196.7,499.9,1218.5,560.6
1275,2,large_vehicle,0.2445,980.8,528.6,1086.6,604.8
1275,1,car,0.1702,954.8,404.0,1027.0,448.9
1275,0,person,0.1492,1197.8,499.4,1220.4,560.7
1275,2,large_vehicle,0.1245,552.7,474.8,650.4,531.1
1275,0,person,0.1110,1047.3,398.5,1062.9,440.0
1276,2,large_vehicle,0.7017,999.9,582.2,1124.4,680.9
1276,1,car,0.6245,290.7,761.2,436.7,853.4
1276,1,car,0.5838,980.8,528.6,1086.6,604.4
1276,1,car,0.5176,553.0,474.7,650.3,531.1
1276,2,large_vehicle,0.3840,954.7,403.9,1026.9,448.9
1276,0,person,0.2859,1196.7,500.0,1218.5,560.6
1276,2,large_vehicle,0.2426,980.8,528.6,1086.6,604.4
1276,1,car,0.1678,954.7,403.9,1026.9,448.9
1276,0,person,0.1447,1197.8,499.5,1220.4,560.7
1276,2,large_vehicle,0.1336,553.0,474.7,650.3,531.1
1277,2,large_vehicle,0.8242,1010.7,574.2,1132.0,676.4
1277,1,car,0.6756,967.4,531.5,1073.7,610.6
1277,1,car,0.5731,309.8,761.8,453.1,855.4
1277,1,car,0.4835,549.9,474.2,649.9,531.9
1277,2,large_vehicle,0.3821,954.9,403.4,1027.7,449.1
1277,0,person,0.2091,1046.7,397.7,1062.5,439.3
1277,2,large_vehicle,0.2089,967.4,531.5,1073.7,610.6
1277,2,large_vehicle,0.1622,549.9,474.2,649.9,531.9
1277,1,car,0.1446,954.9,403.4,1027.7,449.1
1277,0,person,0.1273,1198.0,509.5,1219.3,562.1
1277,0,person,0.1151,577.4,497.0,594.8,539.6
1277,1,car,0.1107,1223.0,541.2,1342.0,618.3
1277,0,person,0.1089,1196.7,501.1,1218.0,561.1
1278,2,large_vehicle,0.8206,1010.6,574.3,1131.9,676.4
1278,1,car,0.6774,967.3,531.5,1073.8,610.6
1278,1,car,0.5768,309.6,761.8,453.2,855.3
1278,1,car,0.5207,551.5,474.5,649.8,532.4
1278,2,large_vehicle,0.4115,955.4,403.3,1027.2,449.0
1278,2,large_vehicle,0.2068,967.3,531.5,1073.8,610.6
1278,0,person,0.2040,1046.7,397.9,1062.3,438.9
1278,0,person,0.1635,1198.0,510.4,1219.2,561.6
1278,2,large_vehicle,0.1395,551.5,474.5,649.8,532.4
1278,1,car,0.1257,955.4,403.3,1027.2,449.0
1278,0,person,0.1178,1196.9,510.3,1217.0,561.1
1278,1,car,0.1057,1223.1,541.2,1342.0,618.2
1278,0,person,0.1016,577.8,497.7,594.9,539.8
1279,2,large_vehicle,0.8203,1010.6,574.3,1131.9,676.4
1279,1,car,0.6758,967.3,531.5,1073.7,610.6
1279,1,car,0.5811,309.8,761.8,453.2,855.3
1279,1,car,0.5051,551.6,474.5,649.9,532.3
1279,2,large_vehicle,0.4150,955.2,403.2,1027.4,449.0
1279,0,person,0.2460,1196.7,501.1,1218.0,560.7
1279,0,person,0.2199,1046.6,398.0,1062.4,439.2
1279,2,large_vehicle,0.2094,967.3,531.5,1073.7,610.6
1279,2,large_vehicle,0.1504,551.6,474.5,649.9,532.3
1279,1,car,0.1224,955.2,403.2,1027.4,449.0
1279,0,person,0.1105,1198.0,509.7,1219.2,561.6
1279,0,person,0.1080,577.8,497.4,594.9,539.7
1280,2,large_vehicle,0.8232,1021.0,578.4,1136.7,672.5
1280,1,car,0.6476,322.0,758.9,465.2,851.0
1280,1,car,0.5856,957.5,534.2,1064.0,615.7
1280,1,car,0.5679,561.3,475.2,650.8,531.8
1280,2,large_vehicle,0.3104,954.1,402.7,1026.5,448.7
1280,2,large_vehicle,0.3070,957.5,534.2,1064.0,615.7
1280,0,person,0.2027,1197.2,513.2,1216.6,560.4
1280,1,car,0.1611,954.1,402.7,1026.5,448.7
1280,0,person,0.1489,1198.3,513.5,1218.9,560.8
1280,0,person,0.1186,577.2,497.0,594.1,539.6
1280,0,person,0.1120,1046.7,400.8,1060.8,437.4
1281,2,large_vehicle,0.8253,1020.9,578.7,1136.6,672.5
1281,1,car,0.6525,322.0,758.9,465.1,851.1
1281,1,car,0.5625,957.5,534.1,1064.1,615.7
1281,1,car,0.5588,561.5,475.0,650.8,532.0
1281,2,large_vehicle,0.3321,957.5,534.1,1064.1,615.7
1281,2,large_vehicle,0.3180,954.5,402.7,1026.7,448.8
1281,0,person,0.1825,1197.1,513.3,1216.8,560.7
1281,0,person,0.1655,1198.2,513.7,1219.0,561.1
1281,1,car,0.1586,954.5,402.7,1026.7,448.8
1281,1,car,0.1262,1222.9,542.2,1342.0,618.6
1282,2,large_vehicle,0.8202,1030.2,571.0,1148.5,668.3
1282,1,car,0.7414,334.7,757.2,480.0,848.1
1282,1,car,0.5420,570.2,476.5,650.7,532.7
1282,1,car,0.4673,947.1,537.5,1054.4,618.8
1282,2,large_vehicle,0.4588,947.1,537.5,1054.4,618.8
1282,2,large_vehicle,0.4570,954.3,403.2,1027.1,448.9
1282,0,person,0.2589,1197.0,500.9,1217.9,560.4
1282,2,large_vehicle,0.2586,570.2,476.5,650.7,532.7
1282,1,car,0.1320,954.3,403.2,1027.1,448.9
1282,0,person,0.1280,1046.5,400.8,1060.6,437.3
1282,1,car,0.1085,1223.1,543.4,1342.0,617.8
1283,2,large_vehicle,0.8077,1030.8,570.8,1147.9,667.9
1283,1,car,0.7443,334.7,757.2,479.9,848.1
1283,1,car,0.5237,570.2,476.3,650.7,532.7
1283,2,large_vehicle,0.4713,947.2,537.5,1054.4,618.8
1283,1,car,0.4691,947.2,537.5,1054.4,618.8
1283,2,large_vehicle,0.4237,954.2,403.2,1027.5,448.9
1283,2,large_vehicle,0.2768,570.2,476.3,650.7,532.7
1283,0,person,0.1978,1197.0,500.9,1217.9,560.4
1283,2,large_vehicle,0.1426,1030.2,570.9,1148.4,668.2
1283,1,car,0.1294,954.2,403.2,1027.5,448.9
1283,0,person,0.1268,1046.5,401.0,1060.6,437.3
1283,1,car,0.1180,1223.0,543.7,1342.0,617.8
1284,1,car,0.7433,334.7,757.2,480.1,847.9
1284,2,large_vehicle,0.7241,1030.2,571.1,1148.5,668.2
1284,1,car,0.5561,569.6,476.2,650.8,532.2
1284,1,car,0.5033,947.1,537.4,1054.7,618.8
1284,2,large_vehicle,0.4613,954.7,403.4,1027.4,448.9
1284,2,large_vehicle,0.4494,947.1,537.4,1054.7,618.8
1284,2,large_vehicle,0.3901,1030.8,571.0,1148.1,667.9
1284,0,person,0.2358,1197.0,500.6,1218.0,560.0
1284,2,large_vehicle,0.2257,569.6,476.2,650.8,532.2
1284,1,car,0.1414,1223.1,543.1,1342.0,617.8
1284,1,car,0.1381,954.7,403.4,1027.4,448.9
1284,0,person,0.1315,1046.4,400.6,1060.6,437.1
1285,1,car,0.7424,346.5,752.9,493.8,847.6
1285,2,large_vehicle,0.6462,1039.2,566.1,1155.4,664.0
1285,2,large_vehicle,0.5601,935.7,540.6,1045.8,622.1
1285,0,person,0.4229,1045.5,400.3,1060.9,438.2
1285,1,car,0.4134,556.4,474.3,650.9,532.1
1285,2,large_vehicle,0.4014,954.9,403.0,1027.4,448.6
1285,1,car,0.3529,935.7,540.6,1045.8,622.1
1285,2,large_vehicle,0.2071,556.4,474.3,650.9,532.1
1285,0,person,0.1992,1197.0,500.1,1218.3,559.9
1285,1,car,0.1499,954.9,403.0,1027.4,448.6
1286,1,car,0.7299,346.4,753.0,493.6,847.6
1286,2,large_vehicle,0.6609,1039.3,566.2,1155.4,664.1
1286,2,large_vehicle,0.5396,935.7,540.6,1045.7,622.1
1286,0,person,0.4357,1045.4,400.3,1060.9,438.2
1286,1,car,0.4089,556.4,474.1,650.9,532.1
1286,2,large_vehicle,0.4026,955.1,403.2,1027.6,448.7
1286,1,car,0.3748,935.7,540.6,1045.7,622.1
1286,2,large_vehicle,0.2103,556.4,474.1,650.9,532.1
1286,1,car,0.1670,955.1,403.2,1027.6,448.7
1286,0,person,0.1324,1196.9,500.4,1218.2,560.2
1287,2,large_vehicle,0.7699,1050.0,563.7,1161.2,660.7
1287,1,car,0.7285,359.1,751.6,508.0,846.5
1287,2,large_vehicle,0.6331,925.9,542.3,1038.0,625.2
1287,1,car,0.5363,563.4,475.5,650.6,533.1
1287,0,person,0.4155,1045.1,400.8,1060.6,439.4
1287,2,large_vehicle,0.3453,955.9,403.2,1027.2,448.6
1287,1,car,0.2667,925.9,542.3,1038.0,625.2
1287,0,person,0.2331,1197.0,500.9,1217.8,560.3
1287,2,large_vehicle,0.1357,563.4,475.5,650.6,533.1
1287,0,person,0.1234,1042.8,401.2,1058.5,439.4
1287,1,car,0.1146,955.9,403.2,1027.2,448.6
1288,2,large_vehicle,0.7701,1050.0,563.7,1161.2,660.7
1288,1,car,0.7313,359.1,751.6,508.0,846.4
1288,2,large_vehicle,0.6312,925.9,542.3,1038.0,625.2
1288,1,car,0.5410,563.2,475.6,650.7,532.9
1288,0,person,0.4172,1045.1,400.8,1060.6,439.4
1288,2,large_vehicle,0.3618,955.9,403.2,1027.4,448.6
1288,1,car,0.2686,925.9,542.3,1038.0,625.2
1288,0,person,0.1977,1197.0,500.9,1217.8,560.3
1288,2,large_vehicle,0.1407,563.2,475.6,650.7,532.9
1288,0,person,0.1230,1042.8,401.2,1058.5,439.4
1288,1,car,0.1217,955.9,403.2,1027.4,448.6
1289,2,large_vehicle,0.7717,1050.1,563.8,1161.3,660.5
1289,1,car,0.7337,359.1,751.5,507.9,846.2
1289,2,large_vehicle,0.6212,925.9,542.3,1038.0,625.2
1289,1,car,0.5538,565.1,475.7,650.6,533.2
1289,0,person,0.4208,1045.0,400.8,1060.6,439.4
1289,2,large_vehicle,0.3602,955.9,403.4,1027.0,448.6
1289,0,person,0.2859,1197.0,500.6,1217.9,560.4
1289,1,car,0.2807,925.9,542.3,1038.0,625.2
1289,2,large_vehicle,0.1444,565.1,475.7,650.6,533.2
1289,0,person,0.1353,1042.7,401.2,1058.5,439.5
1289,1,car,0.1259,955.9,403.4,1027.0,448.6
1290,2,large_vehicle,0.7524,1059.3,560.8,1165.6,655.2
1290,1,car,0.6407,373.8,748.9,523.1,843.6
1290,1,car,0.5461,568.0,476.5,651.0,533.3
1290,2,large_vehicle,0.4991,910.9,544.1,1030.7,628.4
1290,2,large_vehicle,0.4313,955.1,403.3,1027.4,448.4
1290,0,person,0.3965,1044.8,400.4,1060.5,439.1
1290,1,car,0.3936,910.9,544.1,1030.7,628.4
1290,0,person,0.3519,1043.0,400.9,1058.7,439.2
1290,0,person,0.3053,1197.0,500.9,1217.9,559.6
1290,1,car,0.1948,955.1,403.3,1027.4,448.4
1290,2,large_vehicle,0.1765,568.0,476.5,651.0,533.3
1291,2,large_vehicle,0.7682,1059.3,560.7,1166.0,655.1
1291,1,car,0.6342,373.6,748.9,522.9,843.3
1291,1,car,0.5630,568.6,476.5,651.0,532.8
1291,2,large_vehicle,0.4910,910.7,544.1,1028.8,628.4
1291,2,large_vehicle,0.4544,955.1,403.1,1027.5,448.4
1291,1,car,0.4040,910.7,544.1,1028.8,628.4
1291,0,person,0.3790,1043.0,401.0,1058.7,439.2
1291,0,person,0.3631,1045.0,400.5,1060.4,439.1
1291,0,person,0.3525,1197.1,500.0,1218.0,559.7
1291,1,car,0.1808,955.1,403.1,1027.5,448.4
1291,2,large_vehicle,0.1755,568.6,476.5,651.0,532.8
1292,2,large_vehicle,0.8293,1068.3,558.8,1174.3,651.5
1292,1,car,0.7027,386.2,746.0,538.7,842.6
1292,1,car,0.6421,898.3,546.5,1020.0,631.8
1292,1,car,0.5312,565.8,476.3,650.8,532.2
1292,2,large_vehicle,0.4297,954.6,403.6,1027.1,448.0
1292,0,person,0.3136,1043.1,400.1,1058.5,439.4
1292,0,person,0.2899,1044.9,399.7,1060.5,439.4
1292,2,large_vehicle,0.2645,898.3,546.5,1020.0,631.8
1292,0,person,0.2501,1197.2,499.9,1218.2,558.6
1292,1,car,0.1739,954.6,403.6,1027.1,448.0
1292,2,large_vehicle,0.1115,565.8,476.3,650.8,532.2
1293,2,large_vehicle,0.8334,1068.3,558.8,1174.6,651.5
1293,1,car,0.7090,386.2,746.0,538.7,842.6
1293,1,car,0.6223,898.1,546.5,1020.1,631.9
1293,1,car,0.5474,564.6,476.4,651.1,531.9
1293,2,large_vehicle,0.4741,955.4,403.6,1027.3,448.0
1293,0,person,0.3472,1043.0,399.8,1058.5,439.6
1293,0,person,0.3083,1197.1,500.3,1218.2,559.0
1293,0,person,0.2930,1044.9,399.6,1060.4,439.5
1293,2,large_vehicle,0.2888,898.1,546.5,1020.1,631.9
1293,1,car,0.1809,955.4,403.6,1027.3,448.0
1293,2,large_vehicle,0.1112,564.6,476.4,651.1,531.9
1294,2,large_vehicle,0.8321,1068.2,558.8,1174.6,651.5
1294,1,car,0.7063,386.2,746.0,538.7,842.6
1294,1,car,0.6251,898.1,546.5,1020.1,631.9
1294,1,car,0.5314,565.5,476.3,651.1,532.3
1294,2,large_vehicle,0.4598,955.3,403.7,1027.2,448.0
1294,0,person,0.3308,1043.0,399.8,1058.5,439.3
1294,2,large_vehicle,0.2856,898.1,546.5,1020.1,631.9
1294,0,person,0.2803,1045.0,399.6,1060.4,439.3
1294,0,person,0.2494,1197.1,500.5,1218.2,558.7
1294,1,car,0.1893,955.3,403.7,1027.2,448.0
1294,2,large_vehicle,0.1101,565.5,476.3,651.1,532.3
1295,2,large_vehicle,0.7737,1077.2,556.4,1180.2,647.0
1295,1,car,0.7686,397.5,742.4,554.6,844.3
1295,2,large_vehicle,0.6843,887.4,550.1,1008.6,635.4
1295,1,car,0.5176,558.3,475.1,651.6,529.5
1295,0,person,0.4836,1042.7,400.8,1058.4,439.6
1295,2,large_vehicle,0.4080,955.8,403.5,1027.4,447.8
1295,1,car,0.1913,887.4,550.1,1008.6,635.4
1295,0,person,0.1591,1044.7,400.6,1060.6,439.5
1295,1,car,0.1468,955.8,403.5,1027.4,447.8
1295,2,large_vehicle,0.1334,558.3,475.1,651.6,529.5
1295,0,person,0.1314,1197.0,500.2,1218.3,559.0
1295,0,person,0.1215,1197.9,499.8,1220.3,559.1
1296,1,car,0.6295,565.1,476.5,651.2,529.8
1296,2,large_vehicle,0.6047,875.2,553.8,992.2,638.2
1296,1,car,0.5792,411.8,740.1,568.3,838.3
1296,0,person,0.3919,1042.3,401.2,1057.4,438.0
1296,1,car,0.3327,875.2,553.8,992.2,638.2
1296,2,large_vehicle,0.3232,1085.5,553.9,1185.1,643.3
1296,2,large_vehicle,0.2490,955.7,403.4,1025.9,447.5
1296,0,person,0.1817,1198.3,502.1,1220.2,559.0
1296,2,large_vehicle,0.1221,565.1,476.5,651.2,529.8
1297,1,car,0.6305,564.9,476.5,651.2,529.8
1297,2,large_vehicle,0.6064,875.2,553.8,992.2,638.2
1297,1,car,0.5763,411.8,740.1,568.3,838.3
1297,0,person,0.3939,1042.3,401.2,1057.4,438.0
1297,1,car,0.3309,875.2,553.8,992.2,638.2
1297,2,large_vehicle,0.3169,1085.5,553.9,1185.1,643.3
1297,2,large_vehicle,0.2946,956.0,403.3,1025.8,447.5
1297,0,person,0.1776,1198.1,501.1,1220.2,558.9
1297,2,large_vehicle,0.1181,564.9,476.5,651.2,529.8
1298,2,large_vehicle,0.6219,875.3,553.9,992.1,638.2
1298,1,car,0.6214,564.9,476.5,651.2,529.9
1298,1,car,0.5713,411.7,740.1,568.2,838.8
1298,0,person,0.3937,1042.3,401.2,1057.4,438.0
1298,2,large_vehicle,0.3556,1085.5,554.0,1185.3,643.3
1298,1,car,0.3130,875.3,553.9,992.1,638.2
1298,2,large_vehicle,0.2547,955.7,403.4,1025.9,447.5
1298,0,person,0.1788,1198.2,501.7,1220.2,559.5
1298,2,large_vehicle,0.1239,564.9,476.5,651.2,529.9
1299,1,car,0.8192,863.4,557.7,982.4,643.6
1299,1,car,0.6840,427.5,737.4,583.1,832.9
1299,1,car,0.6667,562.5,475.7,651.6,529.5
1299,2,large_vehicle,0.4504,1094.3,551.1,1192.3,639.5
1299,2,large_vehicle,0.3134,956.0,403.3,1027.7,447.6
1299,0,person,0.2961,1042.4,400.8,1056.0,436.6
1300,1,car,0.8205,863.5,557.8,982.3,643.6
1300,1,car,0.6689,427.4,737.4,582.8,833.5
1300,1,car,0.6494,560.3,475.2,651.8,529.7
1300,2,large_vehicle,0.3895,1094.5,551.3,1192.4,639.5
1300,2,large_vehicle,0.3464,956.0,403.4,1027.4,447.6
1300,0,person,0.3296,1042.4,401.2,1055.9,436.7
1300,1,car,0.1169,956.0,403.4,1027.4,447.6
1300,0,person,0.1151,1198.2,500.5,1220.3,558.8
1301,1,car,0.6624,443.8,732.7,598.5,835.6
1301,2,large_vehicle,0.6574,1102.2,547.6,1199.2,636.2
1301,1,car,0.6213,561.6,475.5,651.7,527.7
1301,1,car,0.5207,850.5,557.8,970.3,648.0
1301,2,large_vehicle,0.3868,850.5,557.8,970.3,648.0
1301,2,large_vehicle,0.3441,954.8,403.4,1028.2,447.6
1301,0,person,0.2908,1041.1,399.8,1055.3,437.9
1301,1,car,0.1242,954.8,403.4,1028.2,447.6
1302,2,large_vehicle,0.6746,1102.2,547.6,1199.2,636.2
1302,1,car,0.6549,443.6,732.8,598.4,835.8
1302,1,car,0.6220,557.7,475.2,651.9,527.6
1302,1,car,0.5228,850.7,557.6,970.5,648.1
1302,2,large_vehicle,0.3951,850.7,557.6,970.5,648.1
1302,2,large_vehicle,0.3239,955.5,403.2,1028.5,447.6
1302,0,person,0.3168,1041.0,399.5,1055.6,438.6
1302,1,car,0.1101,955.5,403.2,1028.5,447.6
1303,2,large_vehicle,0.6740,1102.2,547.5,1199.2,636.2
1303,1,car,0.6567,443.7,732.7,598.4,835.7
1303,1,car,0.6162,558.6,475.1,651.9,527.7
1303,1,car,0.5229,850.7,557.5,970.6,648.1
1303,2,large_vehicle,0.3970,850.7,557.5,970.6,648.1
1303,2,large_vehicle,0.3113,955.4,403.2,1028.6,447.6
1303,0,person,0.2224,1041.1,399.5,1055.4,437.8
1303,1,car,0.1046,955.4,403.2,1028.6,447.6
1304,1,car,0.7364,455.3,729.6,613.4,834.5
1304,1,car,0.5891,835.5,563.5,957.5,653.4
1304,0,person,0.5467,1040.4,399.1,1055.4,439.1
1304,1,car,0.3541,835.4,563.6,957.5,653.3
1304,2,large_vehicle,0.2472,956.1,403.3,1028.2,447.5
1304,1,car,0.1837,565.7,475.3,651.4,526.8
1304,2,large_vehicle,0.1670,1110.7,545.2,1203.7,632.2
1304,1,car,0.1463,956.1,403.3,1028.2,447.5
1304,1,car,0.1077,568.0,475.7,652.4,526.9
1304,2,large_vehicle,0.1032,835.5,563.5,957.5,653.4
1305,1,car,0.7350,455.4,729.5,613.3,834.1
1305,1,car,0.7255,835.4,563.5,957.5,653.3
1305,0,person,0.5756,1040.3,399.3,1055.3,439.3
1305,1,car,0.3600,567.0,475.5,651.6,526.6
1305,2,large_vehicle,0.2774,956.4,403.1,1028.3,447.4
1305,2,large_vehicle,0.1688,835.4,563.5,957.5,653.3
1305,2,large_vehicle,0.1598,1110.7,545.1,1203.7,632.1
1305,1,car,0.1479,956.4,403.1,1028.3,447.4
1306,1,car,0.7018,471.9,727.4,629.6,828.3
1306,1,car,0.6903,822.5,567.5,945.9,657.6
1306,1,car,0.5193,567.0,475.7,650.6,526.9
1306,0,person,0.4219,1039.7,401.4,1054.4,438.7
1306,2,large_vehicle,0.2931,1118.0,542.3,1209.7,628.9
1306,2,large_vehicle,0.2058,822.5,567.5,945.9,657.6
1306,2,large_vehicle,0.1765,955.8,403.4,1026.5,447.2
1307,1,car,0.7058,472.0,727.5,629.5,828.2
1307,1,car,0.6856,822.6,567.5,945.9,657.6
1307,1,car,0.5135,567.1,475.7,650.7,526.8
1307,0,person,0.4273,1039.7,401.4,1054.4,438.7
1307,2,large_vehicle,0.2861,1118.0,542.3,1209.8,628.9
1307,2,large_vehicle,0.2118,822.6,567.5,945.9,657.6
1307,2,large_vehicle,0.1653,955.7,403.5,1026.7,447.2
1308,1,car,0.7003,471.9,727.4,629.6,828.2
1308,1,car,0.6866,822.6,567.5,945.9,657.6
1308,1,car,0.5251,567.7,476.1,650.9,526.9
1308,0,person,0.4418,1039.7,401.3,1054.8,439.2
1308,2,large_vehicle,0.3136,1117.9,542.3,1209.8,628.9
1308,2,large_vehicle,0.2109,822.6,567.5,945.9,657.6
1308,2,large_vehicle,0.2086,955.8,403.2,1027.0,447.3
1309,1,car,0.7590,487.6,725.5,643.9,824.0
1309,1,car,0.5294,808.7,570.0,933.7,661.1
1309,1,car,0.4201,569.8,477.1,652.5,527.5
1309,2,large_vehicle,0.4132,808.7,570.0,933.7,661.1
1309,0,person,0.3691,1038.9,400.8,1053.8,439.6
1309,2,large_vehicle,0.2655,955.9,403.3,1027.7,447.3
1310,1,car,0.7628,487.6,725.4,643.9,824.3
1310,1,car,0.5402,808.7,570.1,933.6,661.1
1310,2,large_vehicle,0.4006,808.7,570.1,933.6,661.1
1310,0,person,0.3624,1039.0,401.0,1053.7,439.6
1310,1,car,0.3467,569.7,477.1,652.5,527.5
1310,2,large_vehicle,0.2636,955.7,403.5,1027.7,447.3
1310,1,car,0.1100,569.5,476.9,652.5,527.1
1311,1,car,0.7457,500.2,719.9,661.2,823.8
1311,1,car,0.7055,569.8,476.9,650.8,525.9
1311,0,person,0.5982,1038.4,400.7,1054.3,440.6
1311,2,large_vehicle,0.5704,795.2,573.4,922.4,665.7
1311,1,car,0.3619,795.2,573.4,922.4,665.7
1311,2,large_vehicle,0.3041,955.5,402.9,1027.9,447.5
1311,2,large_vehicle,0.2722,1132.5,536.2,1225.3,621.9
1311,2,large_vehicle,0.2559,1131.4,526.5,1299.9,622.6
1311,2,large_vehicle,0.1136,569.8,476.9,650.8,525.9
1311,1,car,0.1103,955.5,402.9,1027.9,447.5
1312,1,car,0.7458,500.2,719.9,661.3,823.8
1312,1,car,0.7030,569.8,476.7,650.7,525.8
1312,0,person,0.5980,1038.4,400.7,1054.3,440.6
1312,2,large_vehicle,0.5731,795.2,573.4,922.4,665.7
1312,1,car,0.3586,795.2,573.4,922.4,665.7
1312,2,large_vehicle,0.3084,955.5,402.9,1027.9,447.5
1312,2,large_vehicle,0.2685,1132.5,536.1,1225.3,621.9
1312,2,large_vehicle,0.2545,1131.4,526.5,1300.1,622.6
1312,2,large_vehicle,0.1130,569.8,476.7,650.7,525.8
1312,1,car,0.1099,955.5,402.9,1027.9,447.5
1313,1,car,0.7382,500.2,719.9,661.7,823.7
1313,1,car,0.7118,569.9,476.8,650.7,525.8
1313,0,person,0.6018,1038.5,400.8,1054.3,440.6
1313,2,large_vehicle,0.5483,795.2,573.4,922.5,665.6
1313,1,car,0.3852,795.2,573.4,922.5,665.6
1313,2,large_vehicle,0.3441,955.0,403.1,1027.9,447.5
1313,2,large_vehicle,0.2869,1132.4,536.2,1225.3,621.9
1313,2,large_vehicle,0.2634,1131.4,526.9,1297.9,622.6
1313,1,car,0.1332,955.0,403.1,1027.9,447.5
1313,2,large_vehicle,0.1144,569.9,476.8,650.7,525.8
1314,1,car,0.6803,517.0,717.5,679.4,823.0
1314,2,large_vehicle,0.6795,1139.5,532.7,1260.3,619.5
1314,0,person,0.6196,1037.4,400.6,1055.1,441.0
1314,1,car,0.5928,780.9,575.2,914.9,670.2
1314,1,car,0.5014,565.7,475.5,650.8,527.3
1314,2,large_vehicle,0.3298,955.6,402.9,1027.6,447.5
1314,2,large_vehicle,0.3043,780.9,575.2,914.9,670.2
1314,1,car,0.1418,955.6,402.9,1027.6,447.5
1315,1,car,0.6737,516.9,717.5,682.0,822.7
1315,0,person,0.6230,1037.4,400.7,1055.1,441.0
1315,1,car,0.5993,780.8,575.5,914.6,670.2
1315,2,large_vehicle,0.5303,1139.5,529.9,1285.4,620.1
1315,1,car,0.4739,565.7,475.4,650.9,527.3
1315,2,large_vehicle,0.3367,955.5,403.0,1027.8,447.5
1315,2,large_vehicle,0.2971,780.8,575.5,914.6,670.2
1315,1,car,0.1583,955.5,403.0,1027.8,447.5
1316,1,car,0.6216,767.3,580.7,895.6,674.4
1316,2,large_vehicle,0.5218,1145.3,515.5,1332.4,617.7
1316,1,car,0.4984,531.9,713.9,720.1,818.3
1316,0,person,0.4534,1037.0,402.1,1053.5,441.3
1316,1,car,0.4095,567.3,475.5,650.2,526.9
1316,2,large_vehicle,0.2756,767.3,580.7,895.6,674.4
1316,2,large_vehicle,0.2536,955.4,403.4,1027.1,447.4
1317,1,car,0.6146,767.3,580.6,895.6,674.3
1317,2,large_vehicle,0.5322,1145.3,514.7,1332.4,617.7
1317,1,car,0.4928,531.9,713.9,720.1,818.3
1317,0,person,0.4884,1037.0,402.0,1053.5,441.3
1317,1,car,0.3718,567.3,475.9,650.3,526.9
1317,2,large_vehicle,0.3463,955.7,403.1,1026.6,447.4
1317,2,large_vehicle,0.2813,767.3,580.6,895.6,674.3
1318,1,car,0.6195,767.4,580.7,895.6,674.3
1318,2,large_vehicle,0.5277,1145.3,514.6,1332.2,617.7
1318,1,car,0.4840,531.9,713.9,720.1,818.3
1318,0,person,0.4806,1036.9,402.1,1053.5,441.2
1318,1,car,0.4547,567.4,475.9,650.3,526.9
1318,2,large_vehicle,0.3107,955.6,403.1,1026.7,447.4
1318,2,large_vehicle,0.2740,767.4,580.7,895.6,674.3
1319,1,car,0.6436,751.9,583.8,882.0,678.0
1319,0,person,0.4896,1037.3,401.2,1053.1,439.8
1319,2,large_vehicle,0.4859,1153.2,513.2,1313.1,613.0
1319,1,car,0.4661,569.7,477.0,650.9,527.5
1319,2,large_vehicle,0.4164,955.7,402.9,1026.4,447.3
1319,2,large_vehicle,0.3945,1152.5,510.7,1326.7,613.4
1319,2,large_vehicle,0.2190,751.9,583.8,882.0,678.0
1319,1,car,0.1975,548.9,712.8,705.9,811.9
1319,2,large_vehicle,0.1131,569.7,477.0,650.9,527.5
1320,1,car,0.7784,737.8,587.6,869.8,681.9
1320,2,large_vehicle,0.5005,1159.8,514.2,1329.8,609.8
1320,1,car,0.3673,570.7,476.8,651.0,527.5
1320,2,large_vehicle,0.3587,954.5,403.4,1027.2,447.2
1320,0,person,0.2388,1036.6,401.7,1051.1,439.2
1320,1,car,0.1871,563.1,707.6,725.8,809.9
1320,2,large_vehicle,0.1282,737.8,587.6,869.8,681.9
1320,1,car,0.1244,954.5,403.4,1027.2,447.2
1321,1,car,0.7789,737.8,587.6,869.8,681.9
1321,2,large_vehicle,0.5013,1159.8,514.2,1329.9,609.8
1321,1,car,0.3932,570.7,477.0,651.0,527.5
1321,2,large_vehicle,0.3556,954.5,403.3,1027.1,447.2
1321,0,person,0.2271,1036.6,401.7,1051.0,439.1
1321,1,car,0.1903,563.1,707.6,725.7,809.8
1321,2,large_vehicle,0.1277,737.8,587.6,869.8,681.9
1321,1,car,0.1174,954.5,403.3,1027.1,447.2
1321,2,large_vehicle,0.1067,570.7,477.0,651.0,527.5
1322,1,car,0.7797,737.8,587.6,869.8,681.9
1322,2,large_vehicle,0.5084,1159.8,513.6,1330.0,609.8
1322,1,car,0.3958,570.7,477.0,651.2,527.5
1322,2,large_vehicle,0.3526,955.0,403.4,1027.2,447.2
1322,0,person,0.2570,1036.7,401.7,1051.1,439.2
1322,1,car,0.1628,563.2,707.7,725.1,809.9
1322,2,large_vehicle,0.1266,737.8,587.6,869.8,681.9
1322,1,car,0.1190,955.0,403.4,1027.2,447.2
1322,2,large_vehicle,0.1066,1229.7,524.8,1342.0,615.6
1322,2,large_vehicle,0.1021,570.7,477.0,651.2,527.5
1323,1,car,0.8516,722.9,590.1,858.6,685.5
1323,1,car,0.7173,577.1,705.4,737.1,804.8
1323,1,car,0.4780,571.5,477.5,651.1,528.1
1323,2,large_vehicle,0.4110,1166.5,524.0,1273.4,605.6
1323,2,large_vehicle,0.3466,956.6,403.6,1025.2,447.2
1323,0,person,0.2204,1036.5,401.3,1050.3,439.1
1323,2,large_vehicle,0.1573,1166.2,518.4,1339.0,608.4
1323,2,large_vehicle,0.1346,571.5,477.5,651.1,528.1
1323,1,car,0.1183,956.6,403.6,1025.2,447.2
1324,1,car,0.8440,722.8,590.2,858.3,685.5
1324,1,car,0.7022,577.1,705.5,736.9,807.7
1324,1,car,0.4742,571.5,477.6,651.1,528.1
1324,2,large_vehicle,0.3932,1166.5,524.0,1275.8,605.6
1324,2,large_vehicle,0.3368,956.6,403.6,1025.3,447.2
1324,0,person,0.2280,1036.4,401.3,1050.4,439.0
1324,2,large_vehicle,0.1395,571.5,477.6,651.1,528.1
1324,1,car,0.1222,956.6,403.6,1025.3,447.2
1325,1,car,0.8006,707.3,595.3,842.3,689.0
1325,1,car,0.7365,591.8,701.5,774.4,802.6
1325,1,car,0.7193,566.7,476.4,651.2,528.2
1325,2,large_vehicle,0.6187,1172.4,516.5,1338.4,603.0
1325,0,person,0.4158,1035.6,401.3,1050.5,439.6
1325,2,large_vehicle,0.2785,955.3,403.4,1025.5,447.2
1325,1,car,0.1003,955.3,403.4,1025.5,447.2
1326,1,car,0.7980,707.3,595.3,842.4,689.0
1326,1,car,0.7400,591.9,701.5,775.3,802.5
1326,1,car,0.7145,566.4,476.6,650.5,528.0
1326,2,large_vehicle,0.6115,1172.4,516.4,1338.3,602.9
1326,0,person,0.4590,1035.6,401.2,1050.6,439.7
1326,2,large_vehicle,0.3540,955.5,403.5,1026.0,447.3
1327,1,car,0.7978,707.3,595.3,842.4,689.0
1327,1,car,0.7403,591.9,701.5,775.3,802.6
1327,1,car,0.7250,566.0,476.5,650.5,528.2
1327,2,large_vehicle,0.6080,1172.4,516.3,1338.3,603.0
1327,0,person,0.4305,1035.6,401.3,1050.5,439.5
1327,2,large_vehicle,0.3607,955.5,403.5,1025.8,447.3
1328,1,car,0.8419,692.0,598.9,829.0,691.8
1328,1,car,0.7859,563.9,476.6,651.3,528.2
1328,2,large_vehicle,0.4949,1179.0,524.8,1263.5,597.1
1328,1,car,0.4670,608.5,700.1,784.7,803.1
1328,0,person,0.4372,1035.2,400.8,1049.8,439.9
1328,2,large_vehicle,0.3544,955.6,404.2,1026.3,447.3
1328,1,car,0.1798,542.8,472.4,611.7,512.4
1328,2,large_vehicle,0.1757,1177.9,517.2,1328.0,598.2
1328,1,car,0.1541,955.6,404.2,1026.3,447.3
1328,1,car,0.1039,1179.0,524.8,1263.5,597.1
1329,1,car,0.8451,691.4,598.8,829.0,691.8
1329,1,car,0.7697,564.0,476.4,651.3,528.2
1329,2,large_vehicle,0.5134,1179.0,524.9,1262.6,597.3
1329,1,car,0.4438,608.8,700.1,782.7,803.0
1329,0,person,0.4189,1035.2,400.7,1049.8,439.8
1329,2,large_vehicle,0.3755,955.7,404.1,1026.2,447.3
1329,2,large_vehicle,0.1617,1177.9,517.0,1328.1,598.3
1329,1,car,0.1454,955.7,404.1,1026.2,447.3
1329,1,car,0.1411,542.9,472.1,610.7,512.5
1329,1,car,0.1018,1179.0,524.9,1262.6,597.3
1330,1,car,0.7472,678.1,601.5,813.7,696.1
1330,1,car,0.6803,566.5,476.8,651.2,528.1
1330,1,car,0.6032,623.5,697.2,815.0,799.8
1330,2,large_vehicle,0.4982,1184.5,513.3,1336.8,595.8
1330,0,person,0.4051,1034.2,400.9,1049.3,440.8
1330,2,large_vehicle,0.3036,953.7,403.9,1025.6,447.3
1330,1,car,0.1778,953.7,403.9,1025.6,447.3
1330,0,person,0.1459,1031.1,401.3,1047.6,441.6
1331,1,car,0.7454,678.1,601.4,813.7,696.1
1331,1,car,0.6219,623.5,697.2,815.0,799.8
1331,1,car,0.5909,567.0,476.9,651.3,528.1
1331,2,large_vehicle,0.5018,1184.5,512.9,1337.2,595.7
1331,0,person,0.4039,1034.2,400.9,1049.3,440.8
1331,2,large_vehicle,0.3082,953.8,403.9,1025.1,447.3
1331,1,car,0.1632,953.8,403.9,1025.1,447.3
1331,0,person,0.1408,1031.1,401.1,1047.6,441.5
1332,1,car,0.7486,678.1,601.4,813.6,696.1
1332,1,car,0.7078,566.2,477.0,651.3,528.3
1332,1,car,0.6126,623.5,697.2,814.9,799.8
1332,2,large_vehicle,0.4704,1184.4,513.8,1335.3,595.8
1332,0,person,0.3873,1034.0,400.7,1049.4,440.7
1332,2,large_vehicle,0.3421,954.5,403.4,1025.4,447.3
1332,0,person,0.1489,1031.0,401.1,1047.7,441.4
1332,1,car,0.1434,954.5,403.4,1025.4,447.3
1333,1,car,0.7550,564.2,475.8,651.3,528.0
1333,1,car,0.7476,661.6,605.3,798.7,697.0
1333,1,car,0.7166,638.9,693.8,798.5,795.8
1333,2,large_vehicle,0.6419,1190.7,518.2,1266.9,588.4
1333,2,large_vehicle,0.3854,955.4,403.4,1026.7,447.4
1333,0,person,0.2767,1033.3,400.5,1049.6,441.3
1333,0,person,0.2728,1030.5,400.9,1047.8,442.0
1333,2,large_vehicle,0.2490,1190.9,514.0,1312.6,589.7
1333,2,large_vehicle,0.1467,638.9,693.8,798.5,795.8
1333,1,car,0.1459,955.4,403.4,1026.7,447.4
1334,1,car,0.7503,564.2,475.8,651.3,527.9
1334,1,car,0.7428,661.9,605.3,798.6,697.0
1334,1,car,0.7219,638.9,693.8,798.5,795.8
1334,2,large_vehicle,0.6501,1190.7,518.3,1266.9,588.4
1334,2,large_vehicle,0.3614,955.8,403.5,1027.1,447.4
1334,0,person,0.2906,1030.4,400.9,1047.8,442.1
1334,0,person,0.2703,1033.3,400.4,1049.5,441.4
1334,2,large_vehicle,0.2461,1190.9,514.1,1311.1,589.8
1334,1,car,0.1637,955.8,403.5,1027.1,447.4
1334,2,large_vehicle,0.1386,638.9,693.8,798.5,795.8
1335,1,car,0.7971,653.6,687.9,812.0,790.8
1335,1,car,0.7523,565.5,475.9,651.1,528.4
1335,1,car,0.7410,647.7,608.0,784.4,703.5
1335,2,large_vehicle,0.5689,1196.4,479.9,1336.8,588.5
1335,2,large_vehicle,0.3145,955.5,403.7,1026.6,447.3
1335,0,person,0.2816,1030.1,401.8,1047.5,441.9
1335,0,person,0.1437,1033.1,401.8,1049.7,441.3
1335,2,large_vehicle,0.1231,653.6,687.9,812.0,790.8
1335,1,car,0.1010,955.5,403.7,1026.6,447.3
1336,1,car,0.7987,653.6,687.9,812.0,790.8
1336,1,car,0.7534,565.6,475.9,651.1,528.4
1336,1,car,0.7428,647.7,608.0,784.4,703.5
1336,2,large_vehicle,0.5698,1196.4,479.9,1336.8,588.5
1336,2,large_vehicle,0.3150,955.5,403.7,1026.7,447.3
1336,0,person,0.2825,1030.1,401.8,1047.5,441.9
1336,0,person,0.1458,1033.1,401.8,1049.7,441.3
1336,2,large_vehicle,0.1205,653.6,687.9,812.0,790.8
1336,1,car,0.1012,955.5,403.7,1026.7,447.3
1337,1,car,0.8012,653.6,687.8,811.9,790.8
1337,1,car,0.7597,565.9,475.9,651.2,528.3
1337,1,car,0.7404,647.8,608.0,784.5,703.4
1337,2,large_vehicle,0.5166,1196.3,480.7,1336.7,588.0
1337,0,person,0.2671,1030.1,401.9,1047.4,441.9
1337,2,large_vehicle,0.2665,955.5,403.6,1026.6,447.2
1337,0,person,0.1418,1033.1,401.9,1049.7,441.3
1337,2,large_vehicle,0.1186,653.6,687.8,811.9,790.8
1337,1,car,0.1070,542.3,472.3,608.8,511.1
1338,1,car,0.8113,632.0,611.3,769.1,707.7
1338,1,car,0.8027,667.5,685.5,825.6,785.2
1338,1,car,0.7673,562.1,476.2,651.5,528.4
1338,2,large_vehicle,0.4235,955.8,403.9,1027.2,447.4
1338,0,person,0.4158,1030.7,402.0,1046.5,441.2
1338,2,large_vehicle,0.2794,1201.3,514.6,1275.9,583.0
1338,2,large_vehicle,0.2175,1200.1,484.1,1332.6,582.8
1338,1,car,0.1756,955.8,403.9,1027.2,447.4
1338,0,person,0.1374,1034.0,402.1,1048.7,440.5
1338,2,large_vehicle,0.1092,667.5,685.5,825.6,785.2
1339,1,car,0.8127,667.4,685.1,825.5,785.7
1339,1,car,0.8071,631.7,611.2,769.1,707.8
1339,1,car,0.7726,562.4,476.4,651.3,528.4
1339,2,large_vehicle,0.4276,955.9,403.9,1027.2,447.4
1339,0,person,0.4028,1030.7,402.0,1046.6,441.3
1339,2,large_vehicle,0.2651,1201.3,514.6,1276.3,583.3
1339,2,large_vehicle,0.2580,1200.1,484.3,1334.6,583.2
1339,1,car,0.1668,955.9,403.9,1027.2,447.4
1339,0,person,0.1609,1033.9,402.1,1048.8,440.6
1340,1,car,0.7836,616.2,614.9,752.8,711.8
1340,1,car,0.7226,561.6,475.4,651.1,528.6
1340,1,car,0.5063,685.3,681.3,840.1,782.4
1340,2,large_vehicle,0.4563,955.1,403.3,1027.0,447.4
1340,2,large_vehicle,0.4321,685.3,681.3,840.1,782.4
1340,0,person,0.3843,1029.2,401.2,1046.6,441.1
1340,2,large_vehicle,0.3069,1202.6,507.6,1283.5,582.2
1340,2,large_vehicle,0.1694,1202.3,500.8,1331.6,583.6
1340,1,car,0.1510,955.1,403.3,1027.0,447.4
1340,2,large_vehicle,0.1028,616.2,614.9,752.8,711.8
1341,1,car,0.7823,616.1,614.9,752.9,711.8
1341,1,car,0.7424,560.4,475.1,651.3,528.4
1341,1,car,0.5291,685.3,681.2,840.3,782.4
1341,2,large_vehicle,0.4158,955.1,403.1,1026.9,447.4
1341,2,large_vehicle,0.4057,685.3,681.2,840.3,782.4
1341,0,person,0.3709,1029.5,401.3,1046.3,440.7
1341,2,large_vehicle,0.3155,1202.2,507.2,1283.8,582.3
1341,2,large_vehicle,0.1609,1202.0,500.3,1331.5,583.7
1341,1,car,0.1546,955.1,403.1,1026.9,447.4
1341,2,large_vehicle,0.1026,616.1,614.9,752.9,711.8
1342,1,car,0.7862,616.1,614.9,752.8,711.8
1342,1,car,0.7381,561.1,475.2,651.3,528.4
1342,1,car,0.5374,685.3,681.2,840.3,782.4
1342,2,large_vehicle,0.4168,955.0,403.1,1026.9,447.3
1342,2,large_vehicle,0.3978,685.3,681.2,840.3,782.4
1342,0,person,0.3559,1029.4,401.3,1046.3,440.9
1342,2,large_vehicle,0.3122,1202.2,507.1,1284.0,582.3
1342,2,large_vehicle,0.1614,1202.0,500.1,1331.3,583.7
1342,1,car,0.1513,955.0,403.1,1026.9,447.3
1343,1,car,0.8341,600.2,616.7,739.3,716.8
1343,2,large_vehicle,0.6987,1208.7,475.8,1342.0,581.8
1343,1,car,0.6837,557.5,474.8,651.3,528.8
1343,1,car,0.5581,698.0,677.7,863.6,779.2
1343,2,large_vehicle,0.4303,955.5,402.9,1025.4,447.5
1343,0,person,0.4263,1029.7,401.7,1045.7,440.4
1343,2,large_vehicle,0.3469,698.0,677.7,863.6,779.2
1343,1,car,0.1144,955.5,402.9,1025.4,447.5
1344,1,car,0.7997,585.2,620.3,723.3,720.6
1344,1,car,0.6417,713.6,671.7,888.3,773.7
1344,1,car,0.5869,559.5,475.6,650.9,528.8
1344,0,person,0.5379,1029.4,402.1,1046.0,441.8
1344,2,large_vehicle,0.4731,955.9,402.9,1024.7,447.5
1344,2,large_vehicle,0.2909,713.6,671.7,888.3,773.7
1344,0,person,0.1516,1197.2,500.1,1218.5,561.2
1344,1,car,0.1181,955.9,402.9,1024.7,447.5
1344,2,large_vehicle,0.1057,1213.3,475.6,1338.5,579.8
1345,1,car,0.7990,585.2,620.3,723.3,720.6
1345,1,car,0.6417,713.6,671.7,888.4,773.7
1345,1,car,0.5866,559.6,475.6,650.9,528.9
1345,0,person,0.5394,1029.4,402.1,1046.0,441.8
1345,2,large_vehicle,0.4719,955.9,402.9,1024.7,447.5
1345,2,large_vehicle,0.2912,713.6,671.7,888.4,773.7
1345,0,person,0.1491,1197.2,500.1,1218.5,561.2
1345,1,car,0.1177,955.9,402.9,1024.7,447.5
1345,2,large_vehicle,0.1073,1213.3,475.5,1338.7,579.8
1346,1,car,0.7999,585.2,620.4,723.3,720.6
1346,1,car,0.6305,561.7,475.9,651.1,529.0
1346,1,car,0.6118,713.6,671.7,888.1,773.7
1346,0,person,0.5293,1029.4,402.1,1045.9,441.7
1346,2,large_vehicle,0.3847,955.0,402.9,1024.6,447.5
1346,2,large_vehicle,0.3243,713.6,671.7,888.1,773.7
1346,0,person,0.1308,1197.2,500.0,1218.5,561.0
1346,1,car,0.1240,955.0,402.9,1024.6,447.5
1346,2,large_vehicle,0.1062,1213.1,475.6,1339.0,579.8
1347,1,car,0.8177,568.5,624.2,712.1,723.9
1347,1,car,0.7176,728.9,667.5,885.4,768.4
1347,1,car,0.7163,564.8,476.9,651.3,528.1
1347,0,person,0.5745,1028.9,402.0,1045.0,442.3
1347,2,large_vehicle,0.5435,954.2,403.0,1025.1,447.4
1347,2,large_vehicle,0.2617,1221.8,481.9,1340.4,577.3
1347,0,person,0.2430,1197.3,497.5,1218.1,559.7
1347,2,large_vehicle,0.1841,728.9,667.5,885.4,768.4
1348,1,car,0.8154,568.5,624.2,711.8,723.9
1348,1,car,0.7315,565.4,476.9,651.4,528.3
1348,1,car,0.7252,728.9,667.6,885.5,768.3
1348,0,person,0.5717,1028.9,402.0,1044.9,442.3
1348,2,large_vehicle,0.5162,954.1,402.9,1025.4,447.4
1348,2,large_vehicle,0.2493,1221.7,479.1,1339.5,577.1
1348,0,person,0.2262,1197.3,497.7,1218.1,559.6
1348,2,large_vehicle,0.1752,728.9,667.6,885.5,768.3
1349,1,car,0.7807,555.0,628.4,693.3,727.4
1349,1,car,0.7284,744.3,664.2,899.3,765.6
1349,1,car,0.7157,562.7,476.3,651.0,527.6
1349,0,person,0.6139,1028.0,402.9,1043.5,441.9
1349,2,large_vehicle,0.4444,954.2,403.3,1026.2,447.4
1349,0,person,0.2881,1197.8,498.5,1219.9,560.3
1349,1,car,0.1734,954.2,403.3,1026.2,447.4
1349,2,large_vehicle,0.1396,744.3,664.2,899.3,765.6
1349,0,person,0.1001,1197.1,498.7,1218.4,559.8
1350,1,car,0.7831,554.9,628.4,693.2,727.5
1350,1,car,0.7333,563.3,476.4,651.0,527.9
1350,1,car,0.7204,744.2,664.2,899.9,765.6
1350,0,person,0.5842,1027.9,403.1,1043.5,442.1
1350,2,large_vehicle,0.4415,954.4,403.3,1026.3,447.4
1350,0,person,0.2843,1197.7,498.2,1219.8,560.4
1350,1,car,0.1777,954.4,403.3,1026.3,447.4
1350,2,large_vehicle,0.1516,744.2,664.2,899.9,765.6
1350,0,person,0.1439,1197.1,498.4,1218.5,559.8
1350,2,large_vehicle,0.1003,1225.2,473.2,1338.1,570.9
1351,1,car,0.7808,555.0,628.5,693.4,727.4
1351,1,car,0.7299,562.4,476.5,651.0,527.7
1351,1,car,0.7268,744.3,664.2,899.6,765.6
1351,0,person,0.5951,1027.9,403.1,1043.3,441.9
1351,2,large_vehicle,0.4622,954.4,403.2,1026.1,447.4
1351,0,person,0.2471,1197.6,498.3,1219.8,560.4
1351,0,person,0.1753,1197.1,498.5,1218.5,559.8
1351,1,car,0.1665,954.4,403.2,1026.1,447.4
1351,2,large_vehicle,0.1428,744.3,664.2,899.6,765.6
1351,2,large_vehicle,0.1004,1225.2,473.5,1338.1,570.9
1352,1,car,0.7903,539.6,631.6,678.2,729.3
1352,1,car,0.7256,561.8,475.8,651.2,528.4
1352,1,car,0.7041,757.3,659.1,914.5,759.9
1352,0,person,0.5876,1028.1,403.0,1043.0,442.1
1352,2,large_vehicle,0.4165,955.1,403.1,1027.9,447.4
1352,0,person,0.2157,1197.7,500.4,1220.2,560.3
1352,1,car,0.1706,955.1,403.1,1027.9,447.4
1352,0,person,0.1149,1196.9,500.1,1218.2,560.0
1352,1,car,0.1139,1229.2,492.8,1329.9,567.7
1353,1,car,0.7857,539.7,631.6,678.2,729.3
1353,1,car,0.7189,562.2,475.7,651.1,528.4
1353,1,car,0.7040,757.2,659.1,915.3,760.0
1353,0,person,0.5861,1027.9,402.9,1042.6,441.9
1353,2,large_vehicle,0.3851,955.3,402.8,1028.5,447.5
1353,1,car,0.1572,955.3,402.8,1028.5,447.5
1353,0,person,0.1397,1198.0,500.2,1220.2,560.2
1353,0,person,0.1394,1197.0,499.9,1218.2,559.9
1353,1,car,0.1034,1229.4,491.2,1329.3,567.7
1354,1,car,0.7809,563.4,476.3,651.1,528.6
1354,1,car,0.7805,523.5,634.8,661.1,732.6
1354,1,car,0.7154,773.6,656.0,941.4,755.4
1354,0,person,0.5834,1026.9,404.1,1042.0,443.1
1354,2,large_vehicle,0.3633,955.7,402.9,1027.8,447.3
1354,0,person,0.1415,1197.9,501.5,1219.8,560.0
1355,1,car,0.7798,523.4,634.8,661.2,732.6
1355,1,car,0.7745,563.2,476.2,651.0,528.7
1355,1,car,0.7179,773.6,656.0,941.4,755.4
1355,0,person,0.5861,1027.1,404.3,1042.0,443.0
1355,2,large_vehicle,0.2511,955.2,402.8,1028.1,447.3
1356,1,car,0.7745,523.4,634.8,661.2,732.6
1356,1,car,0.7704,563.5,476.3,651.1,528.7
1356,1,car,0.7253,773.6,656.1,941.5,755.4
1356,0,person,0.6337,1027.1,404.1,1042.2,443.0
1356,2,large_vehicle,0.3649,955.0,403.0,1027.7,447.3
1356,0,person,0.1707,1197.8,501.2,1219.8,560.1
1357,1,car,0.8441,507.8,638.9,646.1,735.8
1357,1,car,0.7422,562.1,475.8,651.3,528.2
1357,0,person,0.6728,1026.1,404.3,1041.2,443.5
1357,1,car,0.4444,787.9,653.1,952.2,750.8
1357,0,person,0.2832,1197.4,500.2,1220.0,560.3
1357,2,large_vehicle,0.2725,955.3,402.7,1029.7,447.4
1357,2,large_vehicle,0.2572,787.9,653.1,952.2,750.8
1357,0,person,0.2136,1196.7,500.4,1218.5,560.4
1358,1,car,0.8432,507.8,638.9,646.2,735.8
1358,1,car,0.7287,562.0,475.6,651.2,528.2
1358,0,person,0.6724,1026.1,404.3,1041.2,443.4
1358,1,car,0.4614,787.9,653.1,952.1,750.8
1358,0,person,0.4057,1197.4,500.5,1220.1,560.3
1358,2,large_vehicle,0.3114,954.8,402.8,1029.7,447.4
1358,2,large_vehicle,0.2473,787.9,653.1,952.1,750.8
1359,1,car,0.8129,493.9,641.9,632.6,740.4
1359,1,car,0.6717,561.1,475.9,651.0,527.7
1359,1,car,0.5763,801.6,648.5,950.4,746.6
1359,0,person,0.4622,1025.7,404.3,1040.7,442.1
1359,2,large_vehicle,0.4233,954.6,403.2,1027.8,447.3
1359,0,person,0.2689,1196.9,499.9,1218.3,560.5
1359,0,person,0.2297,1197.8,499.7,1219.9,560.5
1359,2,large_vehicle,0.1659,801.6,648.5,950.4,746.6
1359,1,car,0.1439,954.6,403.2,1027.8,447.3
1360,1,car,0.8128,493.9,641.9,632.6,740.4
1360,1,car,0.6697,561.3,476.0,651.0,527.7
1360,1,car,0.5760,801.6,648.5,950.4,746.6
1360,0,person,0.4569,1025.7,404.3,1040.7,442.1
1360,2,large_vehicle,0.4249,954.6,403.2,1027.8,447.3
1360,0,person,0.2580,1196.8,500.1,1218.2,560.5
1360,0,person,0.2352,1197.8,499.9,1219.9,560.5
1360,2,large_vehicle,0.1663,801.6,648.5,950.4,746.6
1360,1,car,0.1428,954.6,403.2,1027.8,447.3
1361,1,car,0.8125,493.9,641.9,632.6,740.4
1361,1,car,0.6878,563.1,476.2,651.1,527.8
1361,1,car,0.5811,801.6,648.4,950.4,746.6
1361,0,person,0.4517,1025.7,404.3,1040.7,442.1
1361,2,large_vehicle,0.4218,954.6,403.5,1027.6,447.3
1361,0,person,0.3451,1196.9,500.0,1218.3,560.5
1361,2,large_vehicle,0.1637,801.6,648.4,950.4,746.6
1361,1,car,0.1607,954.6,403.5,1027.6,447.3
1361,0,person,0.1602,1197.8,499.8,1219.9,560.4
1362,1,car,0.7343,478.2,645.1,615.2,743.4
1362,1,car,0.7052,567.4,476.7,651.2,528.1
1362,1,car,0.6523,814.5,644.9,967.6,742.5
1362,2,large_vehicle,0.4431,956.0,403.1,1028.1,447.1
1362,0,person,0.4193,1025.2,403.7,1039.7,442.4
1362,0,person,0.2332,1197.5,500.0,1220.0,560.3
1362,0,person,0.1981,1196.7,500.2,1218.5,560.2
1362,1,car,0.1446,956.0,403.1,1028.1,447.1
1362,2,large_vehicle,0.1315,814.5,644.9,967.6,742.5
1362,1,car,0.1143,565.7,476.3,650.1,527.8
1363,1,car,0.7362,478.4,645.2,615.2,743.4
1363,1,car,0.6611,814.6,644.7,967.5,742.0
1363,1,car,0.6564,567.5,476.7,651.1,527.9
1363,2,large_vehicle,0.4337,956.0,403.1,1028.6,447.1
1363,0,person,0.3922,1025.2,403.6,1039.6,442.2
1363,0,person,0.2104,1196.8,500.2,1218.5,560.2
1363,0,person,0.1807,1197.6,500.1,1220.0,560.3
1363,1,car,0.1630,956.0,403.1,1028.6,447.1
1363,1,car,0.1596,565.9,476.2,650.1,527.7
1363,2,large_vehicle,0.1177,814.6,644.7,967.5,742.0
1364,1,car,0.7751,464.2,649.5,599.3,745.6
1364,1,car,0.7700,563.3,476.1,650.9,528.4
1364,1,car,0.7117,829.0,641.0,979.7,735.2
1364,0,person,0.5571,1197.1,499.4,1220.2,560.4
1364,0,person,0.4931,1024.5,403.5,1040.3,443.6
1364,2,large_vehicle,0.2502,955.1,403.0,1028.6,447.3
1364,1,car,0.1037,955.1,403.0,1028.6,447.3
1365,1,car,0.7768,464.1,649.5,599.3,745.6
1365,1,car,0.7742,563.4,476.4,650.9,528.3
1365,1,car,0.7204,829.0,641.0,979.9,735.2
1365,0,person,0.5323,1197.0,499.4,1220.2,560.4
1365,0,person,0.4847,1024.5,403.0,1040.4,443.8
1365,2,large_vehicle,0.2632,954.7,403.0,1028.8,447.3
1366,1,car,0.7783,464.1,649.5,599.3,745.6
1366,1,car,0.7736,563.5,476.3,651.0,528.4
1366,1,car,0.7226,828.9,640.9,979.9,735.3
1366,0,person,0.5558,1197.1,499.3,1220.2,560.4
1366,0,person,0.5367,1024.6,403.1,1040.5,443.7
1366,2,large_vehicle,0.2552,954.7,403.1,1028.5,447.3
1367,1,car,0.7342,562.2,476.3,651.2,528.5
1367,1,car,0.7324,448.9,652.3,587.5,749.1
1367,0,person,0.5949,1197.0,500.6,1220.9,560.7
1367,1,car,0.5731,841.8,635.4,987.0,734.5
1367,0,person,0.3986,1023.9,403.8,1038.9,444.6
1367,2,large_vehicle,0.2829,955.0,403.1,1029.1,447.2
1368,1,car,0.7808,433.6,655.6,570.9,751.5
1368,1,car,0.7106,564.0,475.9,651.4,527.5
1368,1,car,0.3363,856.2,631.8,998.5,729.1
1368,2,large_vehicle,0.2917,954.4,403.4,1029.6,447.3
1368,0,person,0.2847,1024.1,404.3,1039.2,446.7
1368,0,person,0.2289,1197.6,500.8,1220.3,560.3
1368,1,car,0.1635,954.4,403.4,1029.6,447.3
1368,2,large_vehicle,0.1357,856.2,631.8,998.5,729.1
1368,2,large_vehicle,0.1028,433.6,655.6,570.9,751.5
1369,1,car,0.7806,433.6,655.6,570.9,751.5
1369,1,car,0.7095,564.0,475.9,651.4,527.5
1369,1,car,0.3328,856.2,631.8,998.6,729.1
1369,2,large_vehicle,0.3054,954.4,403.5,1029.3,447.2
1369,0,person,0.2857,1024.1,404.3,1039.2,446.7
1369,0,person,0.2259,1197.6,500.7,1220.3,560.3
1369,1,car,0.1754,954.4,403.5,1029.3,447.2
1369,2,large_vehicle,0.1355,856.2,631.8,998.6,729.1
1369,2,large_vehicle,0.1031,433.6,655.6,570.9,751.5
1370,1,car,0.7833,433.6,655.6,571.0,751.5
1370,1,car,0.7014,564.8,476.0,651.4,527.6
1370,0,person,0.3070,1024.1,404.4,1039.2,446.7
1370,1,car,0.3009,856.2,631.9,998.3,729.0
1370,2,large_vehicle,0.2810,954.3,403.4,1030.1,447.4
1370,0,person,0.2803,1197.3,499.5,1220.5,560.2
1370,1,car,0.1809,954.3,403.4,1030.1,447.4
1370,2,large_vehicle,0.1192,856.2,631.9,998.3,729.0
1371,1,car,0.8439,419.2,658.2,554.3,753.2
1371,1,car,0.6805,565.7,476.4,650.7,528.1
1371,1,car,0.4906,868.4,628.8,1013.8,725.6
1371,0,person,0.4535,1023.2,403.9,1041.0,446.8
1371,2,large_vehicle,0.2634,956.3,403.3,1027.8,447.4
1371,1,car,0.1076,956.3,403.3,1027.8,447.4
1372,1,car,0.8370,419.2,658.2,554.3,753.2
1372,1,car,0.6849,565.7,476.4,650.8,528.1
1372,1,car,0.4698,868.4,628.8,1013.8,725.6
1372,0,person,0.3956,1023.2,402.6,1040.9,446.7
1372,2,large_vehicle,0.2894,956.4,403.3,1026.8,447.4
1372,1,car,0.1160,956.4,403.3,1026.8,447.4
1373,1,car,0.6668,554.7,475.8,650.7,528.1
1373,1,car,0.5788,405.8,661.6,536.9,756.5
1373,0,person,0.4027,1021.9,403.0,1040.5,447.3
1373,2,large_vehicle,0.3619,955.2,403.6,1026.1,447.5
1373,1,car,0.3476,882.0,624.6,1027.2,721.1
1373,1,car,0.1144,955.2,403.6,1026.1,447.5
1374,1,car,0.6738,554.1,475.8,650.7,528.2
1374,1,car,0.5820,405.8,661.6,537.1,756.4
1374,0,person,0.5275,1021.7,403.1,1041.0,447.3
1374,2,large_vehicle,0.4051,955.6,403.4,1025.9,447.5
1374,1,car,0.3319,882.1,624.5,1027.2,721.1
1374,1,car,0.1128,955.6,403.4,1025.9,447.5
1375,1,car,0.6667,554.7,475.9,650.7,528.2
1375,1,car,0.5720,405.8,661.6,537.0,756.4
1375,0,person,0.5333,1021.7,403.0,1041.2,447.3
1375,2,large_vehicle,0.4158,955.6,403.5,1025.7,447.5
1375,1,car,0.3194,882.1,624.5,1027.2,721.2
1375,1,car,0.1129,955.6,403.5,1025.7,447.5
1376,1,car,0.6981,565.3,477.1,651.2,528.4
1376,1,car,0.6726,391.2,664.5,522.3,757.3
1376,1,car,0.6004,894.2,620.6,1037.4,714.3
1376,0,person,0.3729,1196.7,499.2,1220.9,560.3
1376,2,large_vehicle,0.3301,955.3,403.4,1029.4,447.4
1376,0,person,0.3059,1022.3,404.3,1038.3,445.9
1376,0,person,0.2972,1019.4,404.9,1036.2,445.6
1376,2,large_vehicle,0.2279,894.2,620.6,1037.4,714.3
1376,1,car,0.1509,955.3,403.4,1029.4,447.4
1376,2,large_vehicle,0.1015,391.2,664.5,522.3,757.3
1377,1,car,0.7015,564.5,477.1,651.3,528.2
1377,1,car,0.6672,391.1,664.5,522.6,757.2
1377,1,car,0.6072,894.2,620.7,1037.5,714.3
1377,2,large_vehicle,0.3700,955.9,403.5,1030.3,447.4
1377,0,person,0.3414,1196.8,499.7,1220.9,560.5
1377,0,person,0.2342,1019.5,404.9,1036.3,445.2
1377,2,large_vehicle,0.2317,894.2,620.7,1037.5,714.3
1377,0,person,0.1999,1022.4,404.6,1037.2,445.6
1377,1,car,0.1951,955.9,403.5,1030.3,447.4
1377,2,large_vehicle,0.1039,391.1,664.5,522.6,757.2
1378,1,car,0.7938,377.8,667.3,508.2,759.2
1378,1,car,0.7143,561.9,476.9,651.4,527.2
1378,1,car,0.5999,906.8,617.2,1042.2,708.6
1378,2,large_vehicle,0.3467,954.8,403.6,1029.8,447.3
1378,2,large_vehicle,0.2332,906.8,617.2,1042.2,708.6
1378,0,person,0.1719,1022.6,405.7,1037.4,444.7
1378,1,car,0.1575,954.8,403.6,1029.8,447.3
1378,0,person,0.1474,1020.4,405.5,1034.5,443.5
1379,1,car,0.7938,377.8,667.4,508.2,759.2
1379,1,car,0.7180,562.0,476.7,651.3,527.3
1379,1,car,0.5889,906.8,617.1,1042.2,708.6
1379,2,large_vehicle,0.3494,954.7,403.7,1029.7,447.4
1379,2,large_vehicle,0.2482,906.8,617.1,1042.2,708.6
1379,0,person,0.1863,1022.5,405.6,1037.4,445.1
1379,1,car,0.1829,954.7,403.7,1029.7,447.4
1379,0,person,0.1705,1020.4,405.4,1034.6,443.9
1380,1,car,0.7955,377.8,667.3,508.3,759.3
1380,1,car,0.7054,563.1,476.7,651.3,527.4
1380,1,car,0.5959,906.8,617.1,1042.2,708.6
1380,2,large_vehicle,0.3040,954.9,403.5,1030.1,447.3
1380,0,person,0.2378,1022.5,405.8,1037.8,445.6
1380,2,large_vehicle,0.2343,906.8,617.1,1042.2,708.6
1380,1,car,0.1635,954.9,403.5,1030.1,447.3
1380,0,person,0.1432,1020.7,405.4,1034.6,443.9
1381,1,car,0.7702,363.9,671.1,492.0,763.9
1381,1,car,0.6567,918.1,614.2,1055.7,704.8
1381,1,car,0.6245,567.2,477.0,651.4,527.7
1381,2,large_vehicle,0.3873,955.5,403.1,1029.9,447.4
1381,0,person,0.2455,1196.5,512.3,1216.4,559.7
1381,2,large_vehicle,0.2292,918.1,614.2,1055.7,704.8
1381,1,car,0.1843,955.5,403.1,1029.9,447.4
1381,1,car,0.1128,566.7,476.7,651.0,527.8
1382,1,car,0.7719,363.9,671.1,492.1,763.9
1382,1,car,0.6667,566.6,476.9,651.2,527.8
1382,1,car,0.6536,918.1,614.1,1055.8,704.8
1382,2,large_vehicle,0.3652,955.5,403.0,1030.2,447.3
1382,0,person,0.2374,1196.5,512.1,1216.6,559.7
1382,2,large_vehicle,0.2303,918.1,614.1,1055.8,704.8
1382,1,car,0.1685,955.5,403.0,1030.2,447.3
1382,1,car,0.1050,566.2,476.5,650.7,527.8
1383,1,car,0.7613,926.0,611.1,1061.9,700.9
1383,1,car,0.7499,562.6,476.6,650.9,527.8
1383,1,car,0.7097,349.9,674.3,477.5,766.6
1383,0,person,0.3239,1196.8,513.8,1215.3,559.8
1383,2,large_vehicle,0.2373,955.4,403.6,1031.7,447.2
1383,1,car,0.1759,955.4,403.6,1031.7,447.2
1383,1,car,0.1405,1183.6,476.1,1275.2,531.0
1384,1,car,0.7606,925.9,611.1,1061.9,700.9
1384,1,car,0.7496,562.5,476.5,650.9,527.9
1384,1,car,0.7113,349.9,674.3,477.5,766.7
1384,0,person,0.3294,1196.8,513.7,1215.3,559.8
1384,2,large_vehicle,0.2313,955.4,403.6,1031.7,447.2
1384,1,car,0.1756,955.4,403.6,1031.7,447.2
1384,1,car,0.1304,1183.6,476.0,1275.6,531.1
1385,1,car,0.7505,926.6,611.2,1061.7,700.9
1385,1,car,0.7471,562.8,476.5,650.9,527.9
1385,1,car,0.7056,350.0,674.3,477.5,766.7
1385,0,person,0.3056,1196.8,513.6,1215.2,559.8
1385,2,large_vehicle,0.1867,954.8,403.7,1031.4,447.2
1385,1,car,0.1648,954.8,403.7,1031.4,447.2
1385,1,car,0.1360,1183.6,475.6,1276.9,531.0
1385,2,large_vehicle,0.1049,1183.6,475.6,1276.9,531.0
1385,2,large_vehicle,0.1033,926.6,611.2,1061.7,700.9
1385,0,person,0.1004,1019.9,403.8,1033.7,442.3
1386,1,car,0.7582,565.0,477.1,652.2,527.6
1386,1,car,0.5736,943.8,605.9,1074.0,698.3
1386,1,car,0.5244,338.0,676.0,463.6,768.0
1386,1,car,0.4964,1179.0,471.4,1275.8,533.2
1386,2,large_vehicle,0.3499,955.3,403.7,1030.9,447.3
1386,2,large_vehicle,0.3191,338.0,676.0,463.6,768.0
1386,2,large_vehicle,0.2306,943.8,605.9,1074.0,698.3
1386,0,person,0.2110,1197.5,514.9,1215.5,559.8
1386,1,car,0.2019,955.3,403.7,1030.9,447.3
1386,0,person,0.1282,1019.1,402.5,1033.4,443.0
1386,2,large_vehicle,0.1028,1179.0,471.4,1275.8,533.2
1387,1,car,0.7573,564.8,476.9,652.2,527.7
1387,1,car,0.6019,943.9,606.0,1074.2,698.5
1387,1,car,0.5272,338.4,676.0,463.8,767.8
1387,1,car,0.5010,1179.0,470.4,1277.8,533.4
1387,2,large_vehicle,0.3151,955.3,403.7,1030.9,447.3
1387,2,large_vehicle,0.2766,338.4,676.0,463.8,767.8
1387,1,car,0.2063,955.3,403.7,1030.9,447.3
1387,2,large_vehicle,0.1816,943.9,606.0,1074.2,698.5
1387,0,person,0.1302,1019.2,402.8,1033.4,443.4
1388,1,car,0.6603,566.8,477.1,651.5,527.6
1388,1,car,0.6527,323.9,678.1,448.9,768.7
1388,1,car,0.5530,954.7,602.7,1082.1,693.9
1388,1,car,0.4431,1172.5,467.7,1264.9,534.8
1388,2,large_vehicle,0.3843,954.6,404.0,1030.3,447.3
1388,1,car,0.2460,954.6,404.0,1030.3,447.3
1388,2,large_vehicle,0.1845,323.9,678.1,448.9,768.7
1388,2,large_vehicle,0.1628,954.7,602.7,1082.1,693.9
1388,1,car,0.1474,566.3,476.8,650.5,527.6
1389,1,car,0.7222,566.0,477.2,651.5,527.6
1389,1,car,0.6562,323.9,678.0,448.8,768.7
1389,1,car,0.5631,954.6,602.7,1082.6,693.9
1389,1,car,0.4682,1172.5,468.3,1264.3,534.8
1389,2,large_vehicle,0.3990,954.9,403.9,1029.9,447.3
1389,1,car,0.2171,954.9,403.9,1029.9,447.3
1389,2,large_vehicle,0.1785,323.9,678.0,448.8,768.7
1389,2,large_vehicle,0.1641,954.6,602.7,1082.6,693.9
1389,1,car,0.1269,565.8,476.8,650.5,527.5
1389,0,person,0.1234,1018.5,402.5,1032.7,442.0
1390,1,car,0.6528,323.9,678.0,448.8,768.7
1390,1,car,0.6503,566.6,477.3,651.5,527.5
1390,1,car,0.5553,954.6,602.8,1082.6,693.9
1390,1,car,0.4667,1172.5,468.3,1264.4,534.8
1390,2,large_vehicle,0.3973,954.8,404.0,1030.4,447.3
1390,1,car,0.2190,954.8,404.0,1030.4,447.3
1390,2,large_vehicle,0.1815,323.9,678.0,448.8,768.7
1390,2,large_vehicle,0.1671,954.6,602.8,1082.6,693.9
1390,1,car,0.1584,566.2,476.9,650.4,527.5
1391,1,car,0.6250,1167.3,476.4,1253.3,537.6
1391,1,car,0.6061,966.7,599.9,1089.0,688.6
1391,1,car,0.4447,313.9,683.0,433.1,773.1
1391,2,large_vehicle,0.3364,955.7,403.5,1030.8,447.4
1391,1,car,0.3181,569.9,477.2,651.7,527.7
1391,1,car,0.2667,570.2,477.8,651.6,527.9
1391,2,large_vehicle,0.1993,313.9,683.0,433.1,773.1
1391,1,car,0.1941,955.7,403.5,1030.8,447.4
1391,2,large_vehicle,0.1815,966.7,599.9,1089.0,688.6
1392,1,car,0.7433,1162.0,482.4,1245.6,539.0
1392,1,car,0.7318,565.2,476.9,651.3,527.7
1392,1,car,0.6497,298.7,684.3,419.5,773.3
1392,2,large_vehicle,0.4393,955.9,404.0,1030.4,447.1
1392,1,car,0.4321,976.9,597.1,1100.4,683.4
1392,2,large_vehicle,0.3282,976.9,597.1,1100.4,683.4
1392,1,car,0.1883,955.9,404.0,1030.4,447.1
1392,2,large_vehicle,0.1858,298.7,684.3,419.5,773.3
1393,1,car,0.7413,1162.0,482.4,1245.7,539.0
1393,1,car,0.7329,565.2,476.9,651.3,527.7
1393,1,car,0.6536,298.7,684.3,419.5,773.3
1393,2,large_vehicle,0.4393,955.9,404.0,1030.3,447.1
1393,1,car,0.4345,976.9,597.1,1100.4,683.4
1393,2,large_vehicle,0.3266,976.9,597.1,1100.4,683.4
1393,1,car,0.1905,955.9,404.0,1030.3,447.1
1393,2,large_vehicle,0.1830,298.7,684.3,419.5,773.3
1394,1,car,0.7445,1162.0,482.2,1245.4,539.0
1394,1,car,0.7211,565.6,476.8,650.9,527.7
1394,1,car,0.6553,298.6,684.3,419.5,773.2
1394,1,car,0.4230,976.9,597.1,1100.5,683.4
1394,2,large_vehicle,0.3944,955.4,404.0,1030.3,447.1
1394,2,large_vehicle,0.3314,976.9,597.1,1100.5,683.4
1394,1,car,0.1885,955.4,404.0,1030.3,447.1
1394,2,large_vehicle,0.1819,298.6,684.3,419.5,773.2
1395,1,car,0.7538,1155.7,482.7,1242.2,542.2
1395,1,car,0.6468,568.1,477.8,652.0,527.9
1395,1,car,0.6422,288.3,687.5,406.6,775.4
1395,1,car,0.5207,987.9,593.7,1107.8,679.3
1395,2,large_vehicle,0.5128,955.5,404.2,1029.5,447.3
1395,2,large_vehicle,0.3629,987.9,593.7,1107.8,679.3
1395,1,car,0.2838,569.0,477.6,652.0,528.0
1395,1,car,0.2416,955.5,404.2,1029.5,447.3
1395,2,large_vehicle,0.2367,288.3,687.5,406.6,775.4
1396,1,car,0.7586,1155.6,482.9,1241.7,542.2
1396,1,car,0.6406,288.3,687.4,406.6,775.5
1396,1,car,0.5491,568.3,477.6,651.9,527.8
1396,1,car,0.5178,987.9,593.6,1108.0,679.5
1396,2,large_vehicle,0.5135,955.5,404.2,1029.5,447.3
1396,2,large_vehicle,0.3655,987.9,593.6,1108.0,679.5
1396,1,car,0.3237,569.3,477.4,652.1,527.9
1396,1,car,0.2410,955.5,404.2,1029.5,447.3
1396,2,large_vehicle,0.2380,288.3,687.4,406.6,775.5
1397,1,car,0.6864,1149.5,484.3,1236.4,544.3
1397,1,car,0.6576,999.2,590.8,1116.2,673.9
1397,1,car,0.5322,569.3,477.3,651.3,527.6
1397,1,car,0.4629,276.7,689.4,391.3,776.2
1397,2,large_vehicle,0.4104,954.1,404.1,1029.6,447.1
1397,1,car,0.3576,569.3,477.5,651.0,527.8
1397,1,car,0.3297,954.1,404.1,1029.6,447.1
1397,2,large_vehicle,0.2241,276.7,689.4,391.3,776.2
1397,2,large_vehicle,0.1515,999.2,590.8,1116.2,673.9
1397,2,large_vehicle,0.1020,1149.5,484.3,1236.4,544.3
1398,1,car,0.6966,1149.5,484.2,1236.8,544.3
1398,1,car,0.6474,999.2,590.8,1116.1,674.0
1398,1,car,0.6317,569.2,477.1,651.4,527.7
1398,1,car,0.4689,276.6,689.3,391.3,776.2
1398,2,large_vehicle,0.4219,954.2,404.1,1029.8,447.0
1398,1,car,0.3330,569.4,477.5,651.1,527.8
1398,1,car,0.3247,954.2,404.1,1029.8,447.0
1398,2,large_vehicle,0.2352,276.6,689.3,391.3,776.2
1398,2,large_vehicle,0.1590,999.2,590.8,1116.1,674.0
1399,1,car,0.6981,1149.5,484.3,1236.7,544.3
1399,1,car,0.6506,999.2,590.7,1116.1,674.0
1399,1,car,0.4704,276.6,689.3,391.3,776.2
1399,2,large_vehicle,0.4232,954.2,404.1,1029.7,447.0
1399,1,car,0.4225,569.3,477.2,651.3,527.5
1399,1,car,0.3754,569.8,477.8,651.1,527.7
1399,1,car,0.3193,954.2,404.1,1029.7,447.0
1399,2,large_vehicle,0.2332,276.6,689.3,391.3,776.2
1399,2,large_vehicle,0.1555,999.2,590.7,1116.1,674.0
1400,1,car,0.7257,1009.1,586.9,1123.6,671.2
1400,1,car,0.6779,264.9,692.4,378.6,777.3
1400,1,car,0.6496,568.7,477.4,651.4,527.7
1400,1,car,0.6007,1143.6,485.7,1232.3,547.2
1400,2,large_vehicle,0.3805,955.6,403.5,1029.0,447.0
1400,1,car,0.3193,955.6,403.5,1029.0,447.0
1400,1,car,0.3110,569.7,478.0,651.7,527.9
1400,2,large_vehicle,0.1710,1143.6,485.7,1232.3,547.2
1400,2,large_vehicle,0.1127,1009.1,586.9,1123.6,671.2
1401,1,car,0.7358,1009.1,586.8,1123.7,671.2
1401,1,car,0.6745,264.9,692.3,378.7,777.3
1401,1,car,0.6029,1143.6,485.6,1232.7,547.2
1401,1,car,0.4457,569.2,477.2,651.4,527.8
1401,2,large_vehicle,0.3787,955.9,403.5,1029.1,447.1
1401,1,car,0.3719,570.3,477.7,651.8,527.8
1401,1,car,0.3080,955.9,403.5,1029.1,447.1
1401,2,large_vehicle,0.1727,1143.6,485.6,1232.7,547.2
1401,2,large_vehicle,0.1053,1009.1,586.8,1123.7,671.2
1402,1,car,0.7977,1019.0,582.9,1133.4,667.9
1402,1,car,0.7630,566.7,477.2,650.7,527.8
1402,1,car,0.7557,1137.4,488.9,1220.1,549.7
1402,1,car,0.4259,253.4,695.2,365.1,779.0
1402,2,large_vehicle,0.4028,955.5,403.4,1028.8,447.1
1402,0,person,0.2752,1198.3,513.3,1215.6,560.2
1402,1,car,0.2739,955.5,403.4,1028.8,447.1
1402,1,car,0.1044,567.8,477.2,650.8,527.9
1403,1,car,0.7953,1019.0,582.9,1133.4,667.9
1403,1,car,0.7566,566.4,477.1,650.8,527.9
1403,1,car,0.7554,1137.4,488.9,1220.0,549.7
1403,1,car,0.4178,253.3,695.2,365.1,779.0
1403,2,large_vehicle,0.3669,955.2,403.4,1028.7,447.1
1403,1,car,0.2834,955.2,403.4,1028.7,447.1
1403,0,person,0.2369,1198.3,513.3,1215.6,560.1
1404,1,car,0.8019,1018.9,582.9,1133.4,668.0
1404,1,car,0.7661,566.3,477.2,650.7,527.9
1404,1,car,0.7563,1137.4,488.9,1219.9,549.7
1404,1,car,0.4207,253.3,695.4,365.1,779.0
1404,2,large_vehicle,0.3856,955.4,403.0,1029.0,447.2
1404,0,person,0.2494,1198.3,513.2,1215.7,560.0
1404,1,car,0.2021,955.4,403.0,1029.0,447.2
1405,1,car,0.7695,566.2,477.1,651.7,527.9
1405,1,car,0.6352,1029.6,581.1,1139.5,663.1
1405,1,car,0.5772,1131.5,491.0,1214.8,551.7
1405,0,person,0.3912,1198.9,521.0,1215.4,560.6
1405,2,large_vehicle,0.3446,955.1,402.0,1029.3,447.3
1405,2,large_vehicle,0.2874,1029.6,581.1,1139.5,663.1
1405,2,large_vehicle,0.2609,1131.5,491.0,1214.8,551.7
1405,1,car,0.1828,243.8,696.6,352.6,778.5
1405,0,person,0.1714,1200.4,520.6,1217.2,560.6
1406,1,car,0.7578,566.1,477.1,651.4,528.0
1406,1,car,0.6328,1029.7,581.1,1139.5,663.1
1406,1,car,0.5757,1131.5,490.9,1214.7,551.7
1406,0,person,0.4040,1198.8,521.0,1215.4,560.5
1406,2,large_vehicle,0.3869,955.1,402.0,1029.3,447.3
1406,2,large_vehicle,0.2899,1029.7,581.1,1139.5,663.1
1406,2,large_vehicle,0.2625,1131.5,490.9,1214.7,551.7
1406,1,car,0.1875,243.9,696.6,352.6,778.4
1406,0,person,0.1689,1200.4,520.7,1217.1,560.5
1407,1,car,0.7364,564.5,476.5,651.3,528.1
1407,2,large_vehicle,0.6774,1125.2,493.8,1209.2,555.9
1407,2,large_vehicle,0.4734,1038.1,577.4,1147.4,660.3
1407,1,car,0.4570,1038.1,577.4,1147.4,660.3
1407,1,car,0.2939,232.7,697.9,341.6,780.1
1407,1,car,0.1747,1125.2,493.8,1209.2,555.9
1407,4,other_vehicle,0.1164,232.7,697.9,341.6,780.1
1407,2,large_vehicle,0.1106,954.0,402.7,1029.2,447.1
1407,2,large_vehicle,0.1055,954.5,402.3,1028.6,447.2
1408,1,car,0.7370,564.7,476.5,651.3,528.1
1408,2,large_vehicle,0.6765,1125.2,493.8,1209.6,555.9
1408,2,large_vehicle,0.4690,1038.1,577.4,1147.4,660.3
1408,1,car,0.4613,1038.1,577.4,1147.4,660.3
1408,1,car,0.2933,232.7,697.9,341.6,780.1
1408,1,car,0.1750,1125.2,493.8,1209.6,555.9
1408,2,large_vehicle,0.1198,954.6,402.3,1028.5,447.2
1408,4,other_vehicle,0.1169,232.7,697.9,341.6,780.1
1409,1,car,0.7278,565.4,476.5,651.3,528.1
1409,2,large_vehicle,0.6930,1125.2,493.7,1209.0,555.9
1409,2,large_vehicle,0.4931,1038.1,577.4,1147.3,660.4
1409,1,car,0.4391,1038.1,577.4,1147.3,660.4
1409,1,car,0.3048,232.7,697.9,341.6,780.2
1409,2,large_vehicle,0.2284,954.5,402.4,1028.6,447.2
1409,1,car,0.1590,1125.2,493.7,1209.0,555.9
1409,1,car,0.1260,954.5,402.4,1028.6,447.2
1409,4,other_vehicle,0.1126,232.7,697.9,341.6,780.2
1410,1,car,0.7153,565.2,476.2,651.2,528.0
1410,1,car,0.6288,1118.9,495.1,1200.9,557.0
1410,1,car,0.5644,1048.8,575.4,1154.3,655.2
1410,2,large_vehicle,0.2848,1048.8,575.4,1154.3,655.2
1410,1,car,0.1993,221.7,701.7,328.0,781.3
1410,2,large_vehicle,0.1838,956.5,402.7,1030.3,447.4
1410,2,large_vehicle,0.1791,1118.9,495.1,1200.9,557.0
1410,0,person,0.1485,1012.4,406.8,1028.2,445.7
1410,2,large_vehicle,0.1206,955.7,402.7,1029.8,447.2
1410,1,car,0.1108,956.5,402.7,1030.3,447.4
1411,1,car,0.7221,566.6,476.4,651.2,528.1
1411,1,car,0.6560,1119.0,495.1,1201.0,557.0
1411,1,car,0.5644,1048.8,575.2,1154.6,655.2
1411,2,large_vehicle,0.2702,1048.8,575.2,1154.6,655.2
1411,1,car,0.2634,221.8,701.6,328.0,781.1
1411,2,large_vehicle,0.1915,956.6,402.8,1030.6,447.3
1411,0,person,0.1456,1012.4,406.9,1028.2,445.7
1411,2,large_vehicle,0.1445,1119.0,495.1,1201.0,557.0
1411,1,car,0.1175,956.6,402.8,1030.6,447.3
1411,2,large_vehicle,0.1168,955.8,402.8,1029.9,447.1
1412,1,car,0.6931,562.5,475.8,650.9,528.2
1412,1,car,0.5091,1057.5,572.8,1162.0,652.7
1412,1,car,0.4434,1111.3,497.9,1192.9,561.0
1412,2,large_vehicle,0.4307,1111.3,497.9,1192.9,561.0
1412,2,large_vehicle,0.4046,1057.5,572.8,1162.0,652.7
1412,2,large_vehicle,0.1548,955.0,402.7,1026.2,447.2
1413,1,car,0.6949,561.9,475.7,650.9,528.1
1413,1,car,0.5127,1057.5,572.8,1161.8,652.6
1413,2,large_vehicle,0.4477,1111.3,497.9,1192.9,561.0
1413,1,car,0.4241,1111.3,497.9,1192.9,561.0
1413,2,large_vehicle,0.3974,1057.5,572.8,1161.8,652.6
1413,2,large_vehicle,0.1812,956.0,402.6,1026.4,447.2
1413,1,car,0.1023,211.4,701.8,315.3,782.8
1414,1,car,0.6907,561.1,475.6,650.9,528.1
1414,1,car,0.5034,1057.5,572.8,1161.8,652.7
1414,2,large_vehicle,0.4503,1111.3,497.8,1192.9,561.0
1414,1,car,0.4223,1111.3,497.8,1192.9,561.0
1414,2,large_vehicle,0.4076,1057.5,572.8,1161.8,652.7
1414,2,large_vehicle,0.1793,955.9,402.7,1026.4,447.2
1414,1,car,0.1111,211.3,701.8,315.3,782.8
1415,1,car,0.7436,565.1,476.5,651.3,528.0
1415,1,car,0.7142,1104.6,498.7,1187.4,562.0
1415,2,large_vehicle,0.6023,1066.8,570.3,1169.4,648.0
1415,2,large_vehicle,0.3345,955.0,403.9,1025.0,447.1
1415,1,car,0.3048,1066.8,570.3,1169.4,648.0
1415,1,car,0.1804,955.0,403.9,1025.0,447.1
1415,1,car,0.1791,203.0,704.8,303.3,783.4
1415,2,large_vehicle,0.1423,1104.6,498.7,1187.4,562.0
1416,1,car,0.7888,1097.1,501.2,1182.9,565.4
1416,1,car,0.7453,562.8,475.7,651.5,527.9
1416,1,car,0.5153,192.9,705.3,292.4,784.0
1416,2,large_vehicle,0.4548,1074.8,568.3,1174.3,643.9
1416,1,car,0.4413,1074.8,568.3,1174.3,643.9
1416,2,large_vehicle,0.2685,955.2,403.9,1026.7,447.1
1416,1,car,0.2189,955.2,403.9,1026.7,447.1
1417,1,car,0.7848,1097.1,501.1,1182.8,565.4
1417,1,car,0.7401,562.6,475.7,651.4,527.9
1417,1,car,0.5153,192.9,705.3,292.4,784.0
1417,2,large_vehicle,0.4569,1074.8,568.3,1174.3,643.9
1417,1,car,0.4390,1074.8,568.3,1174.3,643.9
1417,2,large_vehicle,0.2616,955.2,403.9,1026.7,447.1
1417,1,car,0.2178,955.2,403.9,1026.7,447.1
1418,1,car,0.7915,1097.1,501.2,1182.8,565.4
1418,1,car,0.7378,562.6,475.7,651.5,527.9
1418,1,car,0.5236,192.9,705.4,292.4,784.0
1418,2,large_vehicle,0.4671,1074.8,568.3,1174.3,643.9
1418,1,car,0.4301,1074.8,568.3,1174.3,643.9
1418,1,car,0.3064,953.7,403.9,1026.7,447.1
1418,2,large_vehicle,0.2400,953.7,403.9,1026.7,447.1
1419,1,car,0.7376,1090.4,504.3,1178.2,566.7
1419,2,large_vehicle,0.7165,1084.1,567.6,1180.3,639.9
1419,1,car,0.6887,563.7,476.2,651.8,527.7
1419,1,car,0.3202,183.0,708.8,280.5,785.0
1419,2,large_vehicle,0.2183,955.4,403.5,1024.7,447.1
1419,1,car,0.1567,1084.1,567.6,1180.3,639.9
1419,2,large_vehicle,0.1134,183.0,708.8,280.5,785.0
1419,1,car,0.1133,955.4,403.5,1024.7,447.1
1419,2,large_vehicle,0.1095,1090.4,504.3,1178.2,566.7
1420,1,car,0.7292,1090.4,504.7,1178.2,566.7
1420,2,large_vehicle,0.7153,1084.1,567.6,1180.2,640.1
1420,1,car,0.6981,563.9,476.3,651.8,527.7
1420,1,car,0.3638,183.0,708.6,280.5,785.1
1420,2,large_vehicle,0.1741,955.5,403.5,1025.2,447.1
1420,1,car,0.1607,1084.1,567.6,1180.2,640.1
1420,2,large_vehicle,0.1201,1090.4,504.7,1178.2,566.7
1420,2,large_vehicle,0.1140,183.0,708.6,280.5,785.1
1421,1,car,0.7932,1083.5,505.6,1171.4,568.7
1421,2,large_vehicle,0.7424,1092.4,565.6,1186.4,636.6
1421,1,car,0.6569,553.2,474.7,651.2,528.5
1421,1,car,0.2347,174.7,710.0,269.4,785.7
1421,1,car,0.1338,1092.4,565.6,1186.4,636.6
1421,2,large_vehicle,0.1074,955.7,403.3,1027.8,447.4
1422,1,car,0.7869,1083.5,505.5,1171.7,568.8
1422,2,large_vehicle,0.7429,1092.4,565.6,1186.4,636.6
1422,1,car,0.6376,553.1,474.5,651.3,528.4
1422,1,car,0.2484,174.7,710.0,269.5,785.7
1422,1,car,0.1321,1092.4,565.6,1186.4,636.6
1422,2,large_vehicle,0.1248,956.1,403.4,1027.8,447.4
1423,1,car,0.7868,1083.5,505.5,1171.7,568.8
1423,2,large_vehicle,0.7443,1092.4,565.6,1186.4,636.6
1423,1,car,0.6369,551.1,474.2,651.3,528.5
1423,1,car,0.2496,174.7,710.0,269.5,785.6
1423,1,car,0.1313,1092.4,565.6,1186.4,636.6
1423,2,large_vehicle,0.1209,956.1,403.5,1027.7,447.4
1424,1,car,0.7465,564.4,476.6,651.3,528.2
1424,2,large_vehicle,0.6581,1101.1,563.2,1192.6,632.4
1424,1,car,0.6483,1075.4,506.5,1166.7,573.3
1424,2,large_vehicle,0.2301,1075.4,506.5,1166.7,573.3
1424,2,large_vehicle,0.2072,955.4,404.1,1028.2,447.2
1424,1,car,0.1915,1101.1,563.2,1192.6,632.4
1425,1,car,0.7421,566.0,477.3,651.8,528.1
1425,2,large_vehicle,0.6634,1101.1,563.2,1192.6,632.4
1425,1,car,0.6561,1075.4,506.6,1166.7,573.4
1425,2,large_vehicle,0.2511,955.7,404.0,1028.3,447.2
1425,2,large_vehicle,0.2223,1075.4,506.6,1166.7,573.4
1425,1,car,0.1866,1101.1,563.2,1192.6,632.4
1425,1,car,0.1153,955.7,404.0,1028.3,447.2
1426,1,car,0.7808,565.2,476.6,651.7,527.7
1426,1,car,0.7068,1067.2,509.2,1159.0,576.4
1426,2,large_vehicle,0.5625,1108.8,559.8,1198.8,628.4
1426,2,large_vehicle,0.3201,954.2,404.6,1025.6,447.2
1426,1,car,0.3085,1108.8,559.8,1198.8,628.4
1426,1,car,0.2268,157.1,712.0,249.6,787.3
1426,1,car,0.2109,954.2,404.6,1025.6,447.2
1426,2,large_vehicle,0.1376,1067.2,509.2,1159.0,576.4
1427,1,car,0.7820,565.3,476.6,651.7,527.7
1427,1,car,0.7139,1067.2,509.2,1159.0,576.4
1427,2,large_vehicle,0.5507,1108.8,559.8,1198.8,628.4
1427,1,car,0.3221,1108.8,559.8,1198.8,628.4
1427,2,large_vehicle,0.3021,953.7,404.7,1025.7,447.2
1427,1,car,0.2413,953.7,404.7,1025.7,447.2
1427,1,car,0.2139,157.2,711.9,249.5,787.2
1427,2,large_vehicle,0.1302,1067.2,509.2,1159.0,576.4
1428,1,car,0.7693,563.3,476.4,651.8,527.8
1428,1,car,0.6995,1067.1,509.2,1159.1,576.4
1428,2,large_vehicle,0.5682,1108.7,559.8,1198.8,628.4
1428,1,car,0.3035,1108.7,559.8,1198.8,628.4
1428,2,large_vehicle,0.2914,954.6,404.8,1026.1,447.2
1428,1,car,0.2160,954.6,404.8,1026.1,447.2
1428,1,car,0.2140,157.2,712.0,249.5,787.2
1428,2,large_vehicle,0.1457,1067.1,509.2,1159.1,576.4
1429,1,car,0.7223,563.9,475.9,651.7,527.9
1429,1,car,0.6748,1059.9,510.6,1152.3,578.7
1429,1,car,0.4552,1116.3,556.3,1205.1,625.9
1429,2,large_vehicle,0.4362,1116.3,556.3,1205.1,625.9
1429,1,car,0.3300,148.2,712.8,238.4,787.2
1429,2,large_vehicle,0.2662,955.1,404.5,1026.7,447.4
1429,1,car,0.2213,955.1,404.5,1026.7,447.4
1429,2,large_vehicle,0.1878,1059.9,510.6,1152.3,578.7
1430,1,car,0.7190,563.8,476.0,651.6,527.9
1430,1,car,0.6822,1059.9,510.6,1152.3,578.7
1430,1,car,0.4731,1116.3,556.3,1205.1,625.9
1430,2,large_vehicle,0.4174,1116.3,556.3,1205.1,625.9
1430,1,car,0.3255,148.2,712.8,238.3,787.2
1430,2,large_vehicle,0.2574,955.6,405.2,1026.6,447.3
1430,1,car,0.2340,955.6,405.2,1026.6,447.3
1430,2,large_vehicle,0.1788,1059.9,510.6,1152.3,578.7
1431,1,car,0.6900,557.9,475.8,651.5,528.3
1431,2,large_vehicle,0.5817,1123.8,551.5,1210.9,621.7
1431,1,car,0.5651,1051.9,512.6,1146.8,581.0
1431,2,large_vehicle,0.3453,1051.9,512.6,1146.8,581.0
1431,1,car,0.3302,140.3,714.9,227.9,788.6
1431,1,car,0.2845,1123.8,551.5,1210.9,621.7
1431,2,large_vehicle,0.1713,955.6,404.7,1027.1,447.4
1431,2,large_vehicle,0.1163,140.3,714.9,227.9,788.6
1432,1,car,0.6899,557.1,475.6,651.5,528.2
1432,2,large_vehicle,0.5791,1123.8,551.4,1210.9,621.7
1432,1,car,0.5662,1051.9,512.6,1146.8,581.0
1432,2,large_vehicle,0.3452,1051.9,512.6,1146.8,581.0
1432,1,car,0.3266,140.3,714.9,227.9,788.6
1432,1,car,0.2878,1123.8,551.4,1210.9,621.7
1432,2,large_vehicle,0.1805,955.6,404.7,1027.1,447.4
1432,2,large_vehicle,0.1146,140.3,714.9,227.9,788.6
1433,1,car,0.6831,557.1,475.6,651.3,528.3
1433,2,large_vehicle,0.5906,1123.8,551.3,1210.9,621.7
1433,1,car,0.5517,1051.9,512.6,1146.7,581.0
1433,2,large_vehicle,0.3610,1051.9,512.6,1146.7,581.0
1433,1,car,0.3273,140.3,714.9,227.9,788.6
1433,1,car,0.2740,1123.8,551.3,1210.9,621.7
1433,2,large_vehicle,0.1444,955.4,404.7,1027.1,447.4
1433,2,large_vehicle,0.1120,140.3,714.9,227.9,788.6
1434,1,car,0.7542,565.2,476.8,651.8,527.9
1434,2,large_vehicle,0.5974,1043.4,514.7,1141.1,584.8
1434,2,large_vehicle,0.5174,1131.7,550.1,1215.5,618.8
1434,1,car,0.3500,1131.7,550.1,1215.5,618.8
1434,1,car,0.3202,1043.4,514.7,1141.1,584.8
1434,2,large_vehicle,0.2794,955.6,404.5,1024.9,447.4
1434,1,car,0.1624,132.8,716.2,218.0,787.9
1435,1,car,0.7495,564.7,476.8,651.8,527.9
1435,2,large_vehicle,0.5836,1043.4,514.7,1141.1,584.9
1435,2,large_vehicle,0.5139,1131.7,550.1,1215.5,618.8
1435,1,car,0.3533,1131.7,550.1,1215.5,618.8
1435,1,car,0.3395,1043.4,514.7,1141.1,584.9
1435,2,large_vehicle,0.2172,955.6,404.9,1025.6,447.4
1435,1,car,0.1574,132.8,716.0,218.0,788.1
1436,1,car,0.7731,565.2,476.9,651.6,527.8
1436,1,car,0.5354,1034.1,516.8,1135.6,589.0
1436,1,car,0.4375,1138.5,547.4,1220.7,615.7
1436,2,large_vehicle,0.4038,1138.5,547.4,1220.7,615.7
1436,2,large_vehicle,0.3930,1034.1,516.8,1135.6,589.0
1436,1,car,0.2143,125.1,718.5,208.6,788.0
1436,2,large_vehicle,0.1417,954.5,405.5,1027.2,447.6
1436,1,car,0.1039,954.5,405.5,1027.2,447.6
1437,1,car,0.7720,564.9,477.0,651.5,527.8
1437,1,car,0.5397,1034.1,516.8,1135.9,589.0
1437,1,car,0.4318,1138.5,547.4,1220.6,615.7
1437,2,large_vehicle,0.4131,1138.5,547.4,1220.6,615.7
1437,2,large_vehicle,0.3907,1034.1,516.8,1135.9,589.0
1437,1,car,0.2143,125.1,718.5,208.6,787.9
1437,2,large_vehicle,0.1390,955.3,404.0,1028.5,447.7
1437,2,large_vehicle,0.1170,954.6,405.7,1027.6,447.6
1438,1,car,0.6855,558.9,475.8,651.7,528.1
1438,1,car,0.6476,1145.8,543.7,1225.9,611.7
1438,1,car,0.5007,1025.1,518.3,1128.2,591.4
1438,2,large_vehicle,0.4272,1025.1,518.3,1128.2,591.4
1438,1,car,0.2473,118.0,719.1,198.3,789.5
1438,2,large_vehicle,0.1632,956.3,403.4,1030.1,447.6
1438,2,large_vehicle,0.1404,1145.8,543.7,1225.9,611.7
1439,1,car,0.6834,555.9,475.6,651.8,528.1
1439,1,car,0.6544,1145.8,543.7,1225.9,611.7
1439,1,car,0.5220,1025.0,518.2,1128.3,591.4
1439,2,large_vehicle,0.4033,1025.0,518.2,1128.3,591.4
1439,1,car,0.2637,118.0,719.1,198.3,789.5
1439,2,large_vehicle,0.1474,956.2,403.2,1029.6,447.6
1439,2,large_vehicle,0.1364,1145.8,543.7,1225.9,611.7
1440,1,car,0.6837,558.7,475.9,651.0,528.0
1440,2,large_vehicle,0.5119,1016.1,522.4,1122.1,593.7
1440,1,car,0.4348,1016.1,522.4,1122.1,593.7
1440,1,car,0.4281,1152.2,539.4,1231.1,608.8
1440,2,large_vehicle,0.1310,1152.2,539.4,1231.1,608.8
1441,1,car,0.6794,558.2,475.8,651.0,528.0
1441,2,large_vehicle,0.4785,1016.2,522.5,1121.9,593.7
1441,1,car,0.4732,1016.2,522.5,1121.9,593.7
1441,1,car,0.4294,1152.2,539.4,1231.1,608.8
1441,2,large_vehicle,0.1369,1152.2,539.4,1231.1,608.8
1442,1,car,0.7312,561.5,476.0,651.1,528.0
1442,2,large_vehicle,0.4853,1007.1,522.3,1112.4,598.0
1442,1,car,0.4393,1007.1,522.3,1112.4,598.0
1442,4,other_vehicle,0.3965,103.0,720.8,180.7,788.9
1442,1,car,0.3814,1159.6,534.6,1265.2,606.1
1442,2,large_vehicle,0.1856,1159.6,534.6,1265.2,606.1
1442,2,large_vehicle,0.1389,955.5,404.2,1029.9,447.5
1443,1,car,0.6961,559.7,475.7,651.2,528.0
1443,2,large_vehicle,0.4685,1007.1,522.3,1113.0,598.1
1443,1,car,0.4524,1007.1,522.3,1113.0,598.1
1443,4,other_vehicle,0.4214,103.0,720.8,180.7,788.9
1443,1,car,0.3935,1159.6,535.1,1264.6,606.1
1443,2,large_vehicle,0.1724,1159.6,535.1,1264.6,606.1
1443,2,large_vehicle,0.1376,956.1,404.0,1029.4,447.4
1444,1,car,0.6999,559.9,475.7,651.2,528.0
1444,2,large_vehicle,0.4868,1007.1,522.3,1112.4,598.1
1444,1,car,0.4359,1007.1,522.3,1112.4,598.1
1444,4,other_vehicle,0.4215,103.0,720.8,180.7,788.9
1444,1,car,0.3915,1159.6,535.0,1264.7,606.1
1444,2,large_vehicle,0.1763,1159.6,535.0,1264.7,606.1
1444,2,large_vehicle,0.1106,955.8,404.3,1029.7,447.5
1445,1,car,0.7563,565.1,476.7,651.5,527.8
1445,2,large_vehicle,0.5791,997.9,526.2,1106.9,602.3
1445,1,car,0.4435,1165.7,534.2,1272.0,602.7
1445,1,car,0.3547,997.9,526.2,1106.9,602.3
1445,1,car,0.3002,95.6,720.7,173.4,789.0
1445,4,other_vehicle,0.2655,95.6,720.7,173.4,789.0
1446,1,car,0.7674,564.4,477.0,651.5,527.9
1446,2,large_vehicle,0.5946,997.8,526.2,1106.8,602.3
1446,1,car,0.4397,1165.8,534.1,1273.6,602.7
1446,1,car,0.3380,997.8,526.2,1106.8,602.3
1446,1,car,0.3233,95.6,720.7,174.1,789.0
1446,4,other_vehicle,0.2272,95.6,720.7,174.1,789.0
1447,1,car,0.7285,562.2,476.7,651.3,528.2
1447,1,car,0.5833,1171.5,528.9,1273.1,598.2
1447,4,other_vehicle,0.5329,89.0,721.7,163.6,790.1
1447,2,large_vehicle,0.4896,988.2,528.5,1099.3,605.1
1447,1,car,0.4459,988.2,528.5,1099.3,605.1
1447,2,large_vehicle,0.1657,956.7,404.9,1030.1,447.8
1447,2,large_vehicle,0.1107,1171.5,528.9,1273.1,598.2
1448,1,car,0.7292,561.7,476.5,651.2,528.2
1448,1,car,0.5786,1171.5,529.1,1272.6,598.2
1448,4,other_vehicle,0.5442,89.0,721.7,163.6,790.1
1448,2,large_vehicle,0.5031,988.2,528.5,1099.2,605.1
1448,1,car,0.4314,988.2,528.5,1099.2,605.1
1448,2,large_vehicle,0.1199,956.5,404.9,1030.4,447.7
1448,2,large_vehicle,0.1132,1171.5,529.1,1272.6,598.2
1449,1,car,0.7134,560.6,475.9,651.2,528.2
1449,1,car,0.5837,1171.5,528.9,1273.4,598.2
1449,4,other_vehicle,0.5332,89.0,721.7,163.6,790.1
1449,2,large_vehicle,0.4936,988.2,528.4,1100.2,605.2
1449,1,car,0.4450,988.2,528.4,1100.2,605.2
1449,2,large_vehicle,0.1233,956.8,404.9,1030.8,447.7
1449,2,large_vehicle,0.1186,1171.5,528.9,1273.4,598.2
1450,1,car,0.7224,546.7,474.8,651.5,528.5
1450,1,car,0.5761,979.3,530.4,1091.2,607.9
1450,1,car,0.5389,1177.9,526.7,1280.6,595.8
1450,3,motorcycle,0.3947,82.0,723.5,155.3,788.4
1450,2,large_vehicle,0.3655,979.3,530.4,1091.2,607.9
1450,4,other_vehicle,0.2135,82.0,723.5,155.3,788.4
1450,2,large_vehicle,0.1771,956.2,405.4,1031.4,447.7
1450,0,person,0.1246,1003.6,410.9,1021.0,448.8
1450,0,person,0.1145,91.7,742.1,116.7,778.9
1450,3,motorcycle,0.1110,81.6,749.5,152.8,788.8
1451,1,car,0.7237,545.5,474.3,651.2,528.7
1451,1,car,0.5760,979.3,530.4,1090.7,607.8
1451,1,car,0.5399,1177.9,526.6,1281.4,595.7
1451,3,motorcycle,0.3966,82.0,723.6,155.4,788.4
1451,2,large_vehicle,0.3663,979.3,530.4,1090.7,607.8
1451,4,other_vehicle,0.2117,82.0,723.6,155.4,788.4
1451,2,large_vehicle,0.1801,955.9,405.4,1031.5,447.7
1451,0,person,0.1257,1003.5,410.8,1020.7,448.7
1451,0,person,0.1213,91.9,742.3,116.7,778.9
1451,3,motorcycle,0.1141,81.6,749.5,152.8,788.8
1451,1,car,0.1095,955.9,405.4,1031.5,447.7
1452,1,car,0.7375,562.3,476.0,651.9,528.1
1452,1,car,0.7164,969.3,534.1,1084.7,612.0
1452,3,motorcycle,0.4681,75.3,723.0,147.7,790.2
1452,1,car,0.3578,1183.4,526.7,1309.1,593.5
1452,0,person,0.2425,1002.9,414.3,1018.7,449.2
1452,2,large_vehicle,0.2165,969.3,534.1,1084.7,612.0
1452,0,person,0.1367,83.1,726.3,110.2,773.9
1452,0,person,0.1085,81.2,728.7,111.9,785.5
1453,1,car,0.7356,561.9,475.9,651.9,528.1
1453,1,car,0.7136,969.3,534.1,1084.6,612.0
1453,3,motorcycle,0.4761,75.3,723.0,147.7,790.2
1453,1,car,0.3585,1183.4,526.7,1309.1,593.5
1453,0,person,0.2445,1003.0,414.4,1018.7,449.2
1453,2,large_vehicle,0.2198,969.3,534.1,1084.6,612.0
1453,0,person,0.1373,83.1,726.3,110.2,774.0
1453,0,person,0.1087,81.2,728.7,111.9,785.5
1454,1,car,0.7018,560.3,475.4,651.5,528.1
1454,1,car,0.6921,969.3,534.0,1084.6,612.0
1454,3,motorcycle,0.4711,75.3,723.0,147.7,790.2
1454,1,car,0.3611,1183.4,526.7,1309.7,593.5
1454,2,large_vehicle,0.2466,969.3,534.0,1084.6,612.0
1454,0,person,0.2130,1002.9,414.3,1018.6,449.1
1454,0,person,0.1399,83.0,726.5,110.2,774.0
1454,0,person,0.1184,81.2,728.8,111.9,785.5
1455,1,car,0.7075,562.1,475.4,651.6,527.9
1455,3,motorcycle,0.5342,69.2,725.4,141.4,789.1
1455,2,large_vehicle,0.5084,959.5,536.2,1074.5,615.9
1455,1,car,0.4210,959.5,536.2,1074.5,615.9
1455,1,car,0.1911,1190.5,528.0,1258.1,588.2
1455,0,person,0.1431,83.0,730.2,111.3,783.9
1455,1,car,0.1254,956.2,410.1,1029.3,447.6
1455,3,motorcycle,0.1253,69.0,748.5,143.2,789.5
1455,1,car,0.1244,1189.8,512.1,1339.2,590.9
1456,1,car,0.7067,561.7,475.4,651.6,527.9
1456,3,motorcycle,0.5300,69.2,725.5,141.3,789.1
1456,2,large_vehicle,0.4691,959.6,536.5,1074.3,615.9
1456,1,car,0.4633,959.6,536.5,1074.3,615.9
1456,1,car,0.1954,1190.7,528.1,1258.2,588.3
1456,1,car,0.1359,955.8,410.5,1029.2,447.6
1456,0,person,0.1342,83.0,730.3,111.1,783.9
1456,3,motorcycle,0.1284,68.9,748.6,143.0,789.5
1456,1,car,0.1269,1189.9,512.3,1339.1,591.0
1457,1,car,0.6725,557.1,475.7,651.6,528.3
1457,2,large_vehicle,0.6406,948.8,537.8,1063.3,619.2
1457,3,motorcycle,0.6191,63.6,747.6,135.0,788.8
1457,1,car,0.5594,1195.7,527.0,1263.4,584.9
1457,0,person,0.2952,77.0,727.7,107.4,780.5
1457,1,car,0.2856,948.8,537.8,1063.3,619.2
1457,0,person,0.2435,74.6,728.3,101.1,777.1
1457,1,car,0.1993,1195.6,523.0,1277.1,584.9
1457,0,person,0.1638,96.9,721.2,132.4,785.7
1457,1,car,0.1273,1194.8,518.8,1305.0,585.2
1458,1,car,0.6663,556.3,475.4,651.5,528.3
1458,2,large_vehicle,0.6435,948.8,537.8,1063.3,619.2
1458,3,motorcycle,0.6036,63.6,747.8,134.6,788.8
1458,1,car,0.5415,1195.7,527.0,1263.4,584.9
1458,0,person,0.2921,77.0,727.9,107.3,780.5
1458,1,car,0.2829,948.8,537.8,1063.3,619.2
1458,0,person,0.2506,74.7,728.4,101.0,777.1
1458,1,car,0.1984,1195.6,523.1,1277.0,585.1
1458,0,person,0.1535,96.5,721.1,132.4,785.6
1458,1,car,0.1263,1194.9,519.4,1305.2,585.4
1459,1,car,0.6608,556.7,475.4,651.5,528.3
1459,2,large_vehicle,0.6452,948.8,537.8,1063.3,619.2
1459,3,motorcycle,0.6088,63.6,747.7,134.8,788.8
1459,1,car,0.5582,1195.7,527.0,1263.4,584.9
1459,0,person,0.2902,77.0,727.9,107.3,780.5
1459,1,car,0.2805,948.8,537.8,1063.3,619.2
1459,0,person,0.2493,74.7,728.4,101.0,777.2
1459,1,car,0.2006,1195.6,523.2,1276.6,585.0
1459,0,person,0.1505,96.4,721.1,132.5,785.8
1459,1,car,0.1212,1194.9,519.3,1304.9,585.3
1460,1,car,0.6456,548.8,473.6,651.1,528.6
1460,2,large_vehicle,0.5071,937.8,540.2,1056.8,621.2
1460,1,car,0.4483,937.8,540.2,1056.8,621.2
1460,0,person,0.3916,68.9,728.7,99.9,781.5
1460,1,car,0.3059,1200.9,519.4,1284.8,582.9
1460,1,car,0.2483,1201.2,525.4,1270.8,582.5
1460,0,person,0.2219,69.9,728.7,98.2,773.6
1460,3,motorcycle,0.2213,57.9,748.5,108.5,788.7
1460,3,motorcycle,0.1743,58.0,741.8,126.4,789.3
1460,2,large_vehicle,0.1217,548.8,473.6,651.1,528.6
1461,1,car,0.6548,550.8,474.2,651.1,528.6
1461,2,large_vehicle,0.4837,937.8,540.2,1057.1,621.2
1461,1,car,0.4721,937.8,540.2,1057.1,621.2
1461,0,person,0.4168,68.9,728.6,100.0,781.6
1461,1,car,0.2935,1200.8,519.4,1284.8,583.0
1461,1,car,0.2508,1201.2,525.4,1270.8,582.5
1461,3,motorcycle,0.2231,57.7,748.7,108.5,788.6
1461,3,motorcycle,0.1797,57.9,741.6,126.5,789.2
1462,1,car,0.7562,927.0,543.9,1051.0,625.7
1462,1,car,0.7142,556.2,475.0,651.7,528.5
1462,1,car,0.3393,1201.4,512.7,1281.8,580.8
1462,2,large_vehicle,0.1452,927.0,543.9,1051.0,625.7
1462,1,car,0.1285,1202.4,518.6,1273.0,580.8
1462,2,large_vehicle,0.1211,955.9,410.1,1030.2,447.6
1462,0,person,0.1191,64.2,729.4,97.4,781.1
1462,0,person,0.1094,66.4,728.8,95.2,767.6
1463,1,car,0.7493,926.9,544.0,1050.4,625.7
1463,1,car,0.7128,557.2,475.2,651.6,528.5
1463,1,car,0.3527,1201.6,512.8,1282.3,580.8
1463,2,large_vehicle,0.1527,926.9,544.0,1050.4,625.7
1463,2,large_vehicle,0.1415,955.8,409.7,1030.1,447.6
1463,1,car,0.1303,1202.6,518.7,1273.0,580.7
1463,0,person,0.1121,64.2,729.5,97.5,781.0
1463,0,person,0.1080,66.5,728.9,95.2,767.5
1464,1,car,0.6264,553.1,474.6,651.3,528.7
1464,1,car,0.6139,916.4,547.5,1039.1,628.9
1464,3,motorcycle,0.3744,47.1,730.9,113.2,789.0
1464,0,person,0.3637,58.4,726.5,89.7,784.7
1464,2,large_vehicle,0.3082,916.4,547.5,1039.1,628.9
1464,1,car,0.2654,1208.9,514.4,1279.0,574.9
1464,2,large_vehicle,0.1285,553.1,474.6,651.3,528.7
1465,1,car,0.6385,554.1,474.8,651.3,528.7
1465,1,car,0.6016,916.3,547.5,1038.9,629.0
1465,0,person,0.4335,58.2,726.2,89.9,784.8
1465,3,motorcycle,0.4020,47.1,732.2,113.7,789.0
1465,2,large_vehicle,0.3245,916.3,547.5,1038.9,629.0
1465,1,car,0.2470,1209.0,514.3,1279.1,574.9
1465,2,large_vehicle,0.1129,554.1,474.8,651.3,528.7
1466,1,car,0.6488,552.8,474.9,651.5,528.6
1466,1,car,0.4833,904.6,549.2,1026.3,632.2
1466,2,large_vehicle,0.4571,904.6,549.2,1026.3,632.2
1466,3,motorcycle,0.3149,41.4,728.7,107.8,789.5
1466,0,person,0.2307,53.8,728.5,85.6,784.9
1466,0,person,0.2187,49.2,728.0,82.2,783.5
1466,3,motorcycle,0.1614,41.7,748.7,97.9,789.1
1466,2,large_vehicle,0.1447,1214.8,472.8,1334.3,575.5
1466,4,other_vehicle,0.1293,41.4,728.7,107.8,789.5
1466,2,large_vehicle,0.1016,552.8,474.9,651.5,528.6
1467,1,car,0.6515,553.7,474.9,651.4,528.6
1467,1,car,0.4729,904.6,549.2,1026.7,632.1
1467,2,large_vehicle,0.4645,904.6,549.2,1026.7,632.1
1467,3,motorcycle,0.3246,41.4,729.5,107.9,789.5
1467,0,person,0.2306,53.6,728.2,85.7,784.8
1467,0,person,0.2180,48.9,727.6,82.4,783.4
1467,2,large_vehicle,0.1593,1215.2,471.7,1335.0,575.2
1467,3,motorcycle,0.1579,41.6,748.6,98.8,789.1
1467,4,other_vehicle,0.1216,41.4,729.5,107.9,789.5
1467,2,large_vehicle,0.1058,553.7,474.9,651.4,528.6
1468,1,car,0.6502,552.0,474.7,651.4,528.7
1468,1,car,0.4723,904.6,549.2,1026.6,632.2
1468,2,large_vehicle,0.4656,904.6,549.2,1026.6,632.2
1468,3,motorcycle,0.3303,41.4,729.8,107.9,789.5
1468,0,person,0.2338,53.6,728.2,85.7,784.8
1468,0,person,0.2169,48.9,727.6,82.5,783.4
1468,3,motorcycle,0.1614,41.6,748.5,98.9,789.1
1468,2,large_vehicle,0.1497,1215.1,472.2,1335.2,575.4
1468,4,other_vehicle,0.1166,41.4,729.8,107.9,789.5
1468,2,large_vehicle,0.1090,552.0,474.7,651.4,528.7
1469,1,car,0.7126,893.3,552.7,1014.9,634.1
1469,1,car,0.7030,556.8,475.1,651.2,528.3
1469,0,person,0.2985,47.5,723.6,78.9,783.4
1469,0,person,0.2898,48.3,721.8,77.6,777.2
1469,3,motorcycle,0.2441,37.1,735.1,100.0,789.0
1469,2,large_vehicle,0.1702,893.3,552.7,1014.9,634.1
1469,4,other_vehicle,0.1513,37.1,735.1,100.0,789.0
1469,0,person,0.1185,1198.0,511.7,1221.6,562.3
1469,0,person,0.1174,49.8,721.3,75.3,765.4
1470,1,car,0.7288,893.2,552.6,1014.8,634.1
1470,1,car,0.7039,555.4,474.9,651.1,528.3
1470,0,person,0.3042,47.5,723.6,79.0,783.6
1470,0,person,0.2757,48.3,721.8,77.7,777.4
1470,3,motorcycle,0.2484,37.0,734.7,99.7,789.0
1470,0,person,0.1876,1198.0,511.4,1221.4,562.2
1470,2,large_vehicle,0.1826,893.2,552.6,1014.8,634.1
1470,4,other_vehicle,0.1449,37.0,734.7,99.7,789.0
1470,0,person,0.1172,49.8,721.3,75.4,765.5
1471,1,car,0.8490,880.8,555.0,1007.1,639.9
1471,1,car,0.7146,557.5,475.4,651.4,528.5
1471,4,other_vehicle,0.4653,32.2,725.1,94.2,787.9
1471,0,person,0.3937,1198.2,510.7,1220.1,561.6
1471,1,car,0.2130,1226.5,507.3,1337.8,570.1
1471,4,other_vehicle,0.1122,32.5,724.7,93.8,787.9
1472,1,car,0.8522,880.6,555.0,1006.9,639.9
1472,1,car,0.7174,557.8,475.5,651.6,528.5
1472,0,person,0.4080,1198.2,511.5,1220.2,561.6
1472,4,other_vehicle,0.4026,32.2,725.2,94.2,787.9
1472,1,car,0.2349,1226.5,507.3,1337.5,570.0
1472,4,other_vehicle,0.1544,32.5,724.7,93.8,787.9
1473,1,car,0.8442,880.6,555.0,1007.1,639.9
1473,1,car,0.7351,560.4,475.8,651.9,528.3
1473,4,other_vehicle,0.5053,32.2,725.3,94.2,787.9
1473,0,person,0.3067,1198.0,509.4,1219.9,561.2
1473,1,car,0.2012,1226.4,506.7,1337.5,570.2
1474,1,car,0.8199,869.1,559.0,997.1,642.9
1474,1,car,0.7252,560.9,475.6,651.7,528.1
1474,4,other_vehicle,0.4922,27.9,729.6,86.7,786.8
1474,0,person,0.1608,1198.4,501.3,1220.4,559.5
1474,0,person,0.1132,41.3,720.4,64.0,762.6
1474,1,car,0.1056,1228.4,508.9,1289.9,564.9
1474,0,person,0.1038,58.4,725.9,84.6,767.6
1475,1,car,0.8062,869.1,559.0,997.1,642.8
1475,1,car,0.7275,562.5,475.8,651.7,528.2
1475,4,other_vehicle,0.4876,27.9,729.8,86.8,786.8
1475,0,person,0.1590,1198.5,500.9,1220.4,559.4
1475,1,car,0.1284,1228.2,508.7,1289.4,564.9
1475,0,person,0.1094,58.7,725.9,84.6,767.8
1475,0,person,0.1086,41.4,720.4,64.0,762.7
1475,0,person,0.1051,1197.0,500.9,1217.9,559.2
1476,1,car,0.8419,856.5,557.7,985.3,648.1
1476,1,car,0.7001,554.4,474.4,651.9,528.5
1476,0,person,0.4652,1197.5,501.3,1221.5,560.3
1476,3,motorcycle,0.3916,22.5,731.8,80.9,786.6
1476,0,person,0.3329,35.6,721.3,63.4,777.4
1476,4,other_vehicle,0.1853,22.5,731.8,80.9,786.6
1476,0,person,0.1072,38.0,721.3,62.0,765.5
1477,1,car,0.8414,856.5,557.8,985.3,648.1
1477,1,car,0.7016,554.3,474.4,651.9,528.5
1477,0,person,0.4776,1197.5,501.1,1221.4,560.2
1477,3,motorcycle,0.3908,22.5,731.8,81.0,786.6
1477,0,person,0.3311,35.6,721.3,63.4,777.3
1477,4,other_vehicle,0.1886,22.5,731.8,81.0,786.6
1477,0,person,0.1069,38.0,721.3,62.0,765.4
1478,1,car,0.8378,856.6,557.8,985.2,648.1
1478,1,car,0.7150,554.5,474.6,651.9,528.5
1478,0,person,0.4088,1197.4,501.4,1221.4,559.9
1478,3,motorcycle,0.3920,22.5,731.9,80.9,786.6
1478,0,person,0.3408,35.5,721.4,63.5,777.2
1478,4,other_vehicle,0.1790,22.5,731.9,80.9,786.6
1478,0,person,0.1052,38.0,721.4,62.0,765.4
1479,1,car,0.7108,557.4,475.1,651.5,528.3
1479,1,car,0.6277,841.2,558.9,974.7,652.3
1479,0,person,0.5603,1197.6,502.0,1220.8,560.3
1479,4,other_vehicle,0.5365,17.9,730.1,74.7,787.1
1479,2,large_vehicle,0.2256,841.2,558.9,974.7,652.3
1479,0,person,0.1425,36.6,718.9,59.4,763.6
1479,0,person,0.1017,29.8,724.9,55.7,770.2
1480,1,car,0.7104,557.2,475.0,651.5,528.3
1480,1,car,0.5959,841.1,559.4,974.5,652.4
1480,4,other_vehicle,0.5332,17.9,730.0,74.7,787.1
1480,0,person,0.4287,1198.0,502.9,1220.8,560.3
1480,2,large_vehicle,0.2415,841.1,559.4,974.5,652.4
1480,0,person,0.1435,36.6,718.9,59.4,763.7
1480,0,person,0.1011,29.8,724.9,55.7,770.3
1481,1,car,0.7433,561.2,475.3,651.3,528.4
1481,1,car,0.6499,828.9,567.2,963.0,657.4
1481,0,person,0.4200,1198.0,502.1,1220.5,559.8
1481,4,other_vehicle,0.3083,13.4,727.5,68.7,785.6
1481,2,large_vehicle,0.2910,828.9,567.2,963.0,657.4
1481,4,other_vehicle,0.2788,12.9,733.6,68.9,786.3
1481,4,other_vehicle,0.2696,13.1,727.9,69.2,785.8
1481,0,person,0.1227,1196.7,502.9,1217.7,559.6
1482,1,car,0.7445,561.8,475.8,651.4,528.2
1482,1,car,0.6610,829.5,567.2,963.1,657.4
1482,0,person,0.4804,1198.0,502.1,1220.6,559.8
1482,4,other_vehicle,0.2875,13.1,728.0,69.2,785.8
1482,2,large_vehicle,0.2792,829.5,567.2,963.1,657.4
1482,4,other_vehicle,0.2749,13.4,727.5,68.7,785.5
1482,4,other_vehicle,0.2722,12.9,733.9,69.0,786.3
1483,1,car,0.7453,562.0,475.9,651.3,528.2
1483,1,car,0.6535,829.5,567.2,963.1,657.4
1483,0,person,0.5001,1197.9,502.0,1220.6,559.8
1483,4,other_vehicle,0.3046,13.1,727.9,69.3,785.8
1483,2,large_vehicle,0.2880,829.5,567.2,963.1,657.4
1483,4,other_vehicle,0.2773,12.9,733.9,69.0,786.3
1483,4,other_vehicle,0.2573,13.4,727.5,68.7,785.5
1484,1,car,0.8450,817.9,571.2,951.0,661.4
1484,1,car,0.7154,560.9,475.2,651.7,528.0
1484,4,other_vehicle,0.6018,9.9,732.2,64.3,785.2
1484,0,person,0.2487,1197.2,499.6,1220.9,559.3
1484,4,other_vehicle,0.1329,9.9,729.7,64.4,785.2
1484,0,person,0.1085,1196.3,499.9,1219.0,559.2
1485,1,car,0.8438,817.9,571.2,951.0,661.3
1485,1,car,0.6953,560.3,474.8,651.7,527.9
1485,4,other_vehicle,0.5692,9.8,732.2,64.2,785.2
1485,0,person,0.2757,1197.3,499.7,1220.9,559.6
1485,4,other_vehicle,0.1268,9.7,729.8,64.4,785.3
1485,2,large_vehicle,0.1126,560.3,474.8,651.7,527.9
1486,1,car,0.8991,805.7,573.9,940.7,665.4
1486,1,car,0.6921,558.7,474.8,651.5,528.2
1486,4,other_vehicle,0.3748,5.2,732.1,58.4,784.5
1486,0,person,0.2375,1197.4,501.6,1220.8,559.7
1486,4,other_vehicle,0.1410,5.5,729.7,59.8,784.9
1487,1,car,0.8984,805.7,573.9,940.8,665.4
1487,1,car,0.6810,558.4,474.6,651.4,528.2
1487,4,other_vehicle,0.3650,5.2,732.2,58.5,784.5
1487,0,person,0.3011,1197.4,501.8,1220.8,560.0
1487,4,other_vehicle,0.1535,5.5,729.7,59.9,784.8
1488,1,car,0.7572,792.8,574.4,927.4,670.1
1488,1,car,0.7168,557.7,475.3,651.1,528.3
1488,0,person,0.4033,1197.3,502.8,1220.8,560.0
1488,4,other_vehicle,0.2263,1.6,728.7,53.8,784.8
1488,4,other_vehicle,0.2112,1.8,732.3,53.3,784.5
1488,1,car,0.1968,957.1,403.2,1028.5,446.9
1488,2,large_vehicle,0.1468,792.8,574.4,927.4,670.1
1489,1,car,0.7461,792.8,574.2,927.5,670.2
1489,1,car,0.7171,558.0,475.3,651.1,528.3
1489,0,person,0.3867,1197.3,502.9,1220.7,559.9
1489,4,other_vehicle,0.1908,1.6,728.5,54.2,784.8
1489,4,other_vehicle,0.1795,1.8,732.2,53.5,784.4
1489,2,large_vehicle,0.1557,792.8,574.2,927.5,670.2
1490,1,car,0.7293,558.8,475.5,651.2,528.4
1490,1,car,0.5660,779.6,579.2,921.5,674.1
1490,0,person,0.4929,1197.3,501.4,1220.4,560.0
1490,2,large_vehicle,0.3454,779.6,579.2,921.5,674.1
1490,4,other_vehicle,0.1488,0.2,730.9,52.5,783.9
1491,1,car,0.7064,560.0,475.5,651.6,528.2
1491,1,car,0.5581,779.6,579.5,922.0,674.1
1491,0,person,0.4311,1197.2,500.9,1220.6,559.9
1491,2,large_vehicle,0.3486,779.6,579.5,922.0,674.1
1491,4,other_vehicle,0.1355,0.2,731.0,52.4,783.9
1491,2,large_vehicle,0.1059,560.0,475.5,651.6,528.2
1492,1,car,0.7172,560.0,475.6,651.6,528.3
1492,1,car,0.5642,779.6,579.3,922.0,674.1
1492,0,person,0.4298,1197.2,500.9,1220.6,559.9
1492,2,large_vehicle,0.3421,779.6,579.3,922.0,674.1
1492,4,other_vehicle,0.1369,0.2,730.9,52.4,783.9
1493,1,car,0.7623,766.3,583.9,905.7,678.2
1493,1,car,0.6665,559.1,475.2,651.5,528.2
1493,1,car,0.2476,956.2,403.1,1028.3,447.5
1493,0,person,0.1923,1197.2,501.4,1220.5,559.3
1493,1,car,0.1438,955.3,403.2,1027.5,446.1
1493,2,large_vehicle,0.1278,956.2,403.1,1028.3,447.5
1493,2,large_vehicle,0.1226,559.1,475.2,651.5,528.2
1494,1,car,0.7612,766.3,583.9,905.7,678.3
1494,1,car,0.6665,558.2,475.2,651.4,528.2
1494,0,person,0.1781,1197.2,501.7,1220.6,559.6
1494,1,car,0.1497,957.3,402.5,1028.7,447.3
1494,2,large_vehicle,0.1161,558.2,475.2,651.4,528.2
1495,1,car,0.8450,750.7,588.4,893.1,683.2
1495,1,car,0.6878,559.5,475.2,651.3,528.3
1495,0,person,0.3504,1197.4,502.9,1220.8,559.8
1495,2,large_vehicle,0.1019,559.5,475.2,651.3,528.3
1496,1,car,0.8488,750.7,588.3,893.1,683.2
1496,1,car,0.6771,558.5,475.0,651.3,528.4
1496,0,person,0.3625,1197.8,504.2,1220.8,559.7
1496,2,large_vehicle,0.1083,558.5,475.0,651.3,528.4
1497,1,car,0.8496,750.8,588.0,893.1,683.2
1497,1,car,0.7113,560.2,475.5,651.2,528.3
1497,0,person,0.4213,1197.4,502.5,1220.5,559.7
1498,1,car,0.8513,737.4,591.4,879.7,686.3
1498,1,car,0.7064,558.9,475.6,651.2,528.2
1498,0,person,0.3425,1197.4,502.7,1220.5,559.6
1498,1,car,0.1127,959.0,402.8,1026.8,446.7
1498,2,large_vehicle,0.1010,558.9,475.6,651.2,528.2
1499,1,car,0.8533,737.3,591.4,879.7,686.3
1499,1,car,0.7068,560.1,475.6,651.1,528.3
1499,0,person,0.2015,1197.3,502.9,1220.4,559.6
1499,1,car,0.1491,958.2,402.9,1027.6,446.9
1499,2,large_vehicle,0.1041,560.1,475.6,651.1,528.3
1500,1,car,0.8827,722.7,595.1,868.7,689.9
1500,1,car,0.7347,560.5,475.5,651.4,528.2
1501,1,car,0.8822,722.7,595.1,868.7,689.8
1501,1,car,0.6970,559.9,475.2,651.4,528.3
1501,0,person,0.2152,1197.6,501.7,1220.1,559.8
1501,2,large_vehicle,0.1040,559.9,475.2,651.4,528.3
1502,1,car,0.8820,722.7,595.1,868.7,689.9
1502,1,car,0.6995,560.0,475.1,651.4,528.3
1502,0,person,0.2921,1197.7,501.8,1220.2,559.9
1502,2,large_vehicle,0.1090,560.0,475.1,651.4,528.3
1503,1,car,0.8884,708.3,598.9,854.5,694.4
1503,1,car,0.6899,562.6,475.8,651.1,528.2
1503,0,person,0.1603,1197.8,501.9,1219.9,559.5
1503,2,large_vehicle,0.1352,562.6,475.8,651.1,528.2
1503,4,other_vehicle,0.1050,0.0,729.0,27.6,782.9
1504,1,car,0.8883,708.3,598.9,854.5,694.4
1504,1,car,0.6725,563.3,476.3,650.9,528.1
1504,0,person,0.1494,1197.7,501.5,1220.1,559.7
1504,2,large_vehicle,0.1296,563.3,476.3,650.9,528.1
1505,1,car,0.8901,694.9,602.7,842.6,697.9
1505,1,car,0.6590,565.3,476.8,650.7,528.2
1505,0,person,0.1897,1197.7,501.8,1219.9,560.0
1505,4,other_vehicle,0.1423,0.1,733.6,15.9,782.2
1505,2,large_vehicle,0.1218,565.3,476.8,650.7,528.2
1506,1,car,0.8898,694.9,602.7,842.6,697.9
1506,1,car,0.6704,565.1,476.8,650.6,528.1
1506,0,person,0.2211,1197.6,501.8,1220.1,560.0
1506,4,other_vehicle,0.1368,0.1,733.6,15.7,782.2
1506,2,large_vehicle,0.1056,565.1,476.8,650.6,528.1
1507,1,car,0.8912,694.9,602.6,842.5,697.9
1507,1,car,0.6742,565.2,476.5,650.7,528.1
1507,0,person,0.1618,1197.7,502.4,1220.1,559.4
1507,4,other_vehicle,0.1384,0.1,733.4,15.8,782.2
1507,2,large_vehicle,0.1142,565.2,476.5,650.7,528.1
1508,1,car,0.8896,679.8,604.1,829.7,702.2
1508,1,car,0.6676,561.6,475.9,650.7,528.2
1508,2,large_vehicle,0.1512,561.6,475.9,650.7,528.2
1508,0,person,0.1208,1197.6,502.7,1220.0,559.7
1509,1,car,0.8932,679.7,604.1,829.1,702.2
1509,1,car,0.6720,560.9,475.8,650.6,528.2
1509,2,large_vehicle,0.1480,560.9,475.8,650.6,528.2
1509,0,person,0.1121,1197.7,504.1,1220.1,559.7
1510,1,car,0.8653,665.1,608.4,814.8,705.4
1510,1,car,0.5678,559.5,475.2,650.9,528.1
1510,0,person,0.2502,1197.7,502.1,1220.0,559.8
1510,2,large_vehicle,0.2381,559.5,475.2,650.9,528.1
1511,1,car,0.8600,665.2,608.5,815.0,705.3
1511,1,car,0.5580,559.5,475.2,650.9,528.1
1511,2,large_vehicle,0.2460,559.5,475.2,650.9,528.1
1511,0,person,0.2335,1197.7,502.0,1220.0,559.8
1512,1,car,0.8959,650.4,610.9,800.6,709.3
1512,1,car,0.6665,561.1,475.5,651.1,528.0
1512,0,person,0.2831,1198.0,502.0,1220.1,560.0
1512,2,large_vehicle,0.1608,561.1,475.5,651.1,528.0
1513,1,car,0.8951,650.4,610.8,800.5,709.4
1513,1,car,0.6042,557.4,474.8,651.0,528.1
1513,0,person,0.3496,1197.8,502.6,1220.2,560.1
1513,2,large_vehicle,0.1948,557.4,474.8,651.0,528.1
1513,0,person,0.1143,983.6,412.0,996.4,448.0
1514,1,car,0.8821,635.9,616.7,786.5,712.1
1514,1,car,0.6055,562.3,476.1,651.0,528.0
1514,0,person,0.3357,1197.6,502.0,1220.3,560.1
1514,2,large_vehicle,0.2099,562.3,476.1,651.0,528.0
1515,1,car,0.8838,635.9,616.7,786.5,712.2
1515,1,car,0.6227,560.9,476.0,651.0,528.0
1515,0,person,0.3270,1197.7,502.8,1220.3,560.1
1515,2,large_vehicle,0.1817,560.9,476.0,651.0,528.0
1516,1,car,0.8844,635.9,616.7,786.6,712.2
1516,1,car,0.6030,561.4,475.7,651.0,528.1
1516,0,person,0.3051,1197.7,502.5,1220.3,560.2
1516,2,large_vehicle,0.2151,561.4,475.7,651.0,528.1
1517,1,car,0.8583,621.3,618.1,770.4,715.9
1517,1,car,0.6338,560.3,475.8,650.7,528.0
1517,0,person,0.2314,1198.0,502.8,1220.2,560.2
1517,2,large_vehicle,0.2149,560.3,475.8,650.7,528.0
1518,1,car,0.8574,621.3,618.0,770.4,715.9
1518,1,car,0.6252,560.0,475.6,650.6,528.1
1518,0,person,0.2220,1197.9,502.7,1220.3,560.3
1518,2,large_vehicle,0.2170,560.0,475.6,650.6,528.1
1519,1,car,0.8692,606.9,621.4,757.5,720.4
1519,1,car,0.7204,561.2,476.6,650.9,528.3
1519,0,person,0.4606,1197.9,502.5,1220.2,560.4
1519,2,large_vehicle,0.2923,957.2,403.2,1026.5,447.0
1520,1,car,0.8692,606.9,621.5,757.5,720.4
1520,1,car,0.7167,561.2,476.5,650.9,528.4
1520,0,person,0.4206,1197.8,502.1,1220.1,560.3
1520,2,large_vehicle,0.2939,957.2,403.3,1026.7,447.0
1521,1,car,0.8697,607.0,621.3,757.4,720.3
1521,1,car,0.7060,561.2,476.5,650.8,528.3
1521,0,person,0.5020,1197.9,502.9,1220.2,560.4
1521,2,large_vehicle,0.2931,956.8,403.2,1026.6,447.0
1521,2,large_vehicle,0.1126,561.2,476.5,650.8,528.3
1522,1,car,0.8676,591.8,626.8,743.5,723.6
1522,1,car,0.6492,560.1,475.6,650.9,528.0
1522,2,large_vehicle,0.1746,560.1,475.6,650.9,528.0
1522,0,person,0.1175,1198.4,511.2,1218.7,559.9
1523,1,car,0.8616,591.8,626.8,743.5,723.7
1523,1,car,0.6493,560.2,475.7,650.9,528.0
1523,2,large_vehicle,0.1742,560.2,475.7,650.9,528.0
1523,0,person,0.1170,1198.1,503.4,1220.0,559.8
1524,1,car,0.8063,577.0,627.8,726.4,729.7
1524,1,car,0.6616,562.2,476.2,650.9,528.1
1524,0,person,0.2953,1197.6,500.8,1220.2,559.9
1524,2,large_vehicle,0.1432,562.2,476.2,650.9,528.1
1525,1,car,0.8152,577.0,627.8,726.5,729.7
1525,1,car,0.6198,562.3,475.9,650.9,528.1
1525,0,person,0.2968,1197.5,500.7,1220.2,559.7
1525,2,large_vehicle,0.1900,562.3,475.9,650.9,528.1
1526,1,car,0.8140,577.0,627.8,726.6,729.7
1526,1,car,0.6075,562.0,475.9,650.9,528.1
1526,0,person,0.2881,1197.6,500.7,1220.2,559.7
1526,2,large_vehicle,0.1971,562.0,475.9,650.9,528.1
1527,1,car,0.8411,561.7,631.1,713.0,732.3
1527,1,car,0.6405,562.8,476.0,650.6,528.1
1527,2,large_vehicle,0.2069,562.8,476.0,650.6,528.1
1527,0,person,0.1256,1197.5,500.4,1220.1,559.5
1528,1,car,0.8384,561.7,631.0,713.0,732.3
1528,1,car,0.6932,563.2,476.0,650.6,528.1
1528,0,person,0.2519,1197.9,502.1,1220.1,559.9
1528,2,large_vehicle,0.1625,563.2,476.0,650.6,528.1
1529,1,car,0.8120,546.3,635.5,697.7,734.2
1529,1,car,0.6407,560.9,475.8,650.6,528.3
1529,2,large_vehicle,0.2113,560.9,475.8,650.6,528.3
1530,1,car,0.8091,546.3,635.5,697.7,734.2
1530,1,car,0.6369,560.7,475.4,650.8,528.3
1530,2,large_vehicle,0.2102,560.7,475.4,650.8,528.3
1531,1,car,0.8089,546.3,635.5,697.8,734.2
1531,1,car,0.6035,561.4,475.5,650.7,528.2
1531,2,large_vehicle,0.2389,561.4,475.5,650.7,528.2
1532,1,car,0.7926,532.2,639.4,682.2,737.2
1532,1,car,0.4734,557.7,474.8,650.9,528.2
1532,2,large_vehicle,0.3409,557.7,474.8,650.9,528.2
1532,0,person,0.1956,1197.5,501.3,1220.1,559.8
1533,1,car,0.7965,532.2,639.4,682.0,737.1
1533,1,car,0.5579,562.9,475.8,650.8,528.1
1533,2,large_vehicle,0.2837,562.9,475.8,650.8,528.1
1533,0,person,0.1547,1197.7,501.4,1220.2,559.5
1534,1,car,0.6854,517.9,642.0,665.7,740.4
1534,1,car,0.6052,565.3,476.0,650.5,528.2
1534,2,large_vehicle,0.1786,565.3,476.0,650.5,528.2
1535,1,car,0.7048,517.9,642.0,665.8,740.3
1535,1,car,0.6026,565.1,476.0,650.5,528.2
1535,2,large_vehicle,0.1783,565.1,476.0,650.5,528.2
1536,1,car,0.8115,502.5,644.7,653.2,742.2
1536,1,car,0.6390,564.3,476.3,650.4,527.9
1536,2,large_vehicle,0.1952,564.3,476.3,650.4,527.9
1536,0,person,0.1017,1198.2,503.3,1220.0,559.5
1537,1,car,0.8115,502.6,644.7,653.2,742.2
1537,1,car,0.6489,564.7,476.6,650.4,527.9
1537,2,large_vehicle,0.1819,564.7,476.6,650.4,527.9
1537,0,person,0.1460,1198.5,513.8,1218.4,559.6
1537,0,person,0.1036,1197.7,514.5,1216.3,559.4
1538,1,car,0.6832,564.8,476.7,650.6,527.9
1538,1,car,0.6300,488.8,646.5,636.1,746.9
1538,2,large_vehicle,0.1424,564.8,476.7,650.6,527.9
1538,0,person,0.1388,1197.8,513.9,1216.2,559.4
1539,1,car,0.7142,564.5,477.3,650.5,528.0
1539,1,car,0.6374,488.8,646.5,636.1,746.9
1539,0,person,0.1695,1198.6,512.9,1218.3,559.6
1539,0,person,0.1110,1197.8,514.1,1216.3,559.4
1540,1,car,0.7056,564.1,477.0,650.5,527.8
1540,1,car,0.6422,488.8,646.5,636.0,746.8
1540,0,person,0.1085,1198.6,511.9,1218.3,559.6
1540,2,large_vehicle,0.1082,564.1,477.0,650.5,527.8
1540,0,person,0.1002,1197.8,513.4,1216.3,559.4
1541,1,car,0.6085,563.5,476.4,650.7,527.9
1541,1,car,0.5451,474.2,653.0,621.0,750.4
1541,2,large_vehicle,0.2093,563.5,476.4,650.7,527.9
1541,0,person,0.1258,1198.2,502.8,1219.8,559.5
1542,1,car,0.6352,563.8,476.3,651.0,527.9
1542,1,car,0.5307,474.2,653.0,621.0,750.4
1542,2,large_vehicle,0.1946,563.8,476.3,651.0,527.9
1542,0,person,0.1057,1198.1,502.3,1219.9,559.2
1543,1,car,0.6321,565.5,476.5,650.4,527.7
1543,1,car,0.3890,459.5,657.9,607.9,753.2
1543,2,large_vehicle,0.1704,565.5,476.5,650.4,527.7
1544,1,car,0.6353,565.4,476.5,650.3,527.7
1544,1,car,0.3842,459.5,657.9,607.9,753.2
1544,2,large_vehicle,0.1664,565.4,476.5,650.3,527.7
1544,0,person,0.1177,1197.8,500.6,1220.0,559.6
1545,1,car,0.6011,562.9,476.1,650.4,527.7
1545,1,car,0.3813,459.5,657.8,607.9,753.3
1545,2,large_vehicle,0.1606,562.9,476.1,650.4,527.7
1546,1,car,0.6035,561.8,475.8,650.6,528.1
1546,0,person,0.2640,1197.9,502.0,1220.1,560.2
1546,2,large_vehicle,0.2103,561.8,475.8,650.6,528.1
1546,1,car,0.1054,445.9,659.2,590.9,756.3
1547,1,car,0.6026,562.0,475.9,650.6,528.1
1547,0,person,0.2261,1198.1,502.4,1220.1,560.2
1547,2,large_vehicle,0.2108,562.0,475.9,650.6,528.1
1547,1,car,0.1027,445.9,659.0,590.8,756.2
1548,1,car,0.6950,563.6,476.6,650.6,528.0
1548,1,car,0.1649,432.4,663.4,576.0,757.4
1548,0,person,0.1229,1197.8,516.0,1216.0,559.5
1548,2,large_vehicle,0.1157,563.6,476.6,650.6,528.0
1549,1,car,0.6380,563.5,476.4,650.6,528.1
1549,1,car,0.2024,432.4,663.4,576.0,757.5
1549,2,large_vehicle,0.1667,563.5,476.4,650.6,528.1
1550,1,car,0.6360,563.6,476.4,650.6,528.1
1550,1,car,0.1997,432.4,663.4,576.0,757.5
1550,2,large_vehicle,0.1703,563.6,476.4,650.6,528.1
1551,1,car,0.6685,564.7,476.6,651.0,527.8
1551,1,car,0.6333,417.9,664.2,563.3,759.0
1551,0,person,0.1962,1198.3,512.5,1218.7,559.6
1551,2,large_vehicle,0.1621,564.7,476.6,651.0,527.8
1552,1,car,0.6617,564.5,476.5,651.0,527.8
1552,1,car,0.6383,417.8,664.0,563.2,759.0
1552,0,person,0.1975,1198.3,511.6,1218.7,560.0
1552,2,large_vehicle,0.1712,564.5,476.5,651.0,527.8
1552,2,large_vehicle,0.1273,956.2,403.4,1025.2,445.3
1553,1,car,0.6151,565.1,476.4,650.7,528.0
1553,2,large_vehicle,0.1671,565.1,476.4,650.7,528.0
1553,0,person,0.1471,1198.0,511.2,1218.9,560.1
1553,1,car,0.1465,405.1,667.1,548.1,762.7
1554,1,car,0.6013,564.5,476.4,650.8,528.0
1554,2,large_vehicle,0.1710,564.5,476.4,650.8,528.0
1554,1,car,0.1463,405.2,667.1,548.2,762.7
1554,0,person,0.1454,1198.1,511.4,1218.9,560.1
1555,1,car,0.6216,565.3,476.5,650.8,527.9
1555,2,large_vehicle,0.1694,565.3,476.5,650.8,527.9
1555,1,car,0.1640,405.1,667.0,548.3,762.7
1555,0,person,0.1154,1198.2,512.0,1218.8,559.7
1556,1,car,0.6047,563.5,476.2,650.7,527.9
1556,2,large_vehicle,0.1971,563.5,476.2,650.7,527.9
1556,1,car,0.1473,390.9,671.6,535.6,762.2
1557,1,car,0.6352,563.5,476.2,650.5,527.8
1557,2,large_vehicle,0.1687,563.5,476.2,650.5,527.8
1557,1,car,0.1342,390.9,671.9,535.9,762.8
1558,1,car,0.6759,563.6,476.1,650.9,527.8
1558,2,large_vehicle,0.1368,563.6,476.1,650.9,527.8
1559,1,car,0.6719,563.5,476.1,650.9,527.8
1559,2,large_vehicle,0.1405,563.5,476.1,650.9,527.8
1560,1,car,0.6890,563.7,476.3,651.3,527.7
1560,2,large_vehicle,0.1222,563.7,476.3,651.3,527.7
1560,0,person,0.1105,1197.7,512.2,1216.1,559.1
1561,1,car,0.6899,563.9,476.4,651.3,527.7
1561,2,large_vehicle,0.1147,563.9,476.4,651.3,527.7
1561,0,person,0.1093,1197.7,512.0,1216.1,559.1
1562,1,car,0.6644,566.3,476.5,651.1,527.8
1562,0,person,0.2163,1196.8,516.7,1214.4,559.2
1562,2,large_vehicle,0.1389,566.3,476.5,651.1,527.8
1562,1,car,0.1021,350.1,679.0,487.8,771.2
1563,1,car,0.6331,565.2,476.5,651.0,527.8
1563,0,person,0.1976,1196.8,516.4,1214.4,559.1
1563,2,large_vehicle,0.1457,565.2,476.5,651.0,527.8
1564,1,car,0.6286,565.2,476.3,650.9,527.8
1564,0,person,0.2314,1196.8,516.5,1214.5,559.2
1564,2,large_vehicle,0.1584,565.2,476.3,650.9,527.8
1565,1,car,0.6327,562.1,476.1,650.6,528.1
1565,1,car,0.3050,338.3,682.5,473.9,775.3
1565,0,person,0.2699,1197.6,517.3,1214.4,559.0
1565,2,large_vehicle,0.1927,562.1,476.1,650.6,528.1
1566,1,car,0.6666,562.3,476.1,650.6,528.0
1566,1,car,0.2993,338.4,682.5,473.9,775.3
1566,0,person,0.2963,1197.9,518.6,1214.4,559.4
1566,2,large_vehicle,0.1665,562.3,476.1,650.6,528.0
1567,1,car,0.7194,564.6,477.0,650.9,527.9
1567,0,person,0.3763,1196.8,511.3,1214.6,558.4
1567,1,car,0.2967,326.3,685.5,458.5,774.3
1567,2,large_vehicle,0.1063,564.6,477.0,650.9,527.9
1568,1,car,0.7207,564.4,477.0,650.9,527.9
1568,0,person,0.3692,1196.8,511.5,1214.6,558.5
1568,1,car,0.2990,326.3,685.5,458.5,774.3
1568,2,large_vehicle,0.1068,564.4,477.0,650.9,527.9
1569,1,car,0.7148,564.5,476.9,650.7,528.0
1569,0,person,0.3695,1196.8,511.5,1214.7,558.5
1569,1,car,0.3101,326.3,685.5,458.5,774.3
1569,2,large_vehicle,0.1121,564.5,476.9,650.7,528.0
1570,1,car,0.7713,313.5,686.4,448.0,776.1
1570,1,car,0.7073,564.9,476.7,650.9,527.8
1570,1,car,0.2007,1176.5,470.8,1260.9,532.8
1570,0,person,0.1514,972.1,430.5,985.0,456.4
1570,2,large_vehicle,0.1199,564.9,476.7,650.9,527.8
1571,1,car,0.7445,313.6,686.2,448.6,776.5
1571,1,car,0.7081,565.1,476.7,651.0,527.9
1571,1,car,0.1907,1176.5,471.5,1261.1,532.9
1571,0,person,0.1316,972.0,430.5,984.9,456.3
1571,2,large_vehicle,0.1165,565.1,476.7,651.0,527.9
1572,1,car,0.6459,564.9,476.4,650.7,527.9
1572,1,car,0.5675,301.2,689.4,431.5,773.9
1572,1,car,0.3525,1172.0,471.1,1261.9,533.7
1572,2,large_vehicle,0.1585,564.9,476.4,650.7,527.9
1573,1,car,0.6175,565.0,476.2,650.6,528.0
1573,1,car,0.5767,301.2,689.3,431.5,773.9
1573,1,car,0.3646,1172.0,470.8,1261.6,533.5
1573,2,large_vehicle,0.1854,565.0,476.2,650.6,528.0
1574,1,car,0.6189,565.1,476.2,650.7,528.0
1574,1,car,0.5808,301.2,689.4,431.5,773.9
1574,1,car,0.3644,1171.9,470.5,1261.8,533.5
1574,2,large_vehicle,0.1848,565.1,476.2,650.7,528.0
1575,1,car,0.6627,563.0,475.9,650.3,527.9
1575,1,car,0.3626,288.9,693.1,417.7,777.0
1575,1,car,0.3377,1166.3,479.3,1248.5,537.0
1575,1,car,0.2141,1166.2,477.3,1252.4,536.8
1575,2,large_vehicle,0.1867,563.0,475.9,650.3,527.9
1575,0,person,0.1266,1198.2,520.7,1214.5,559.8
1575,0,person,0.1105,510.8,503.1,525.9,544.0
1576,1,car,0.6670,563.4,475.9,650.4,527.9
1576,1,car,0.3891,1166.2,477.3,1253.3,536.9
1576,1,car,0.3512,289.0,693.1,417.7,776.8
1576,2,large_vehicle,0.1790,563.4,475.9,650.4,527.9
1576,0,person,0.1062,511.0,504.1,525.9,544.0
1576,0,person,0.1039,1198.1,519.5,1214.7,559.5
1577,1,car,0.6719,564.5,476.0,650.4,527.9
1577,1,car,0.4540,1158.5,482.1,1239.7,539.7
1577,1,car,0.3677,277.8,695.3,406.4,775.6
1577,2,large_vehicle,0.1416,564.5,476.0,650.4,527.9
1578,1,car,0.6734,564.1,476.0,650.5,528.0
1578,1,car,0.4575,1158.6,482.2,1239.2,539.7
1578,1,car,0.3405,277.9,695.3,406.4,775.3
1578,2,large_vehicle,0.1340,564.1,476.0,650.5,528.0
1579,1,car,0.6823,564.9,476.2,650.4,527.7
1579,1,car,0.4662,1158.5,482.2,1239.3,539.7
1579,1,car,0.3641,277.9,695.2,406.4,775.7
1579,2,large_vehicle,0.1345,564.9,476.2,650.4,527.7
1580,1,car,0.7128,565.5,476.5,651.1,527.6
1580,1,car,0.5302,268.3,698.4,390.5,779.8
1580,1,car,0.1307,1153.3,483.1,1230.9,541.5
1580,2,large_vehicle,0.1028,565.5,476.5,651.1,527.6
1581,1,car,0.7056,565.7,476.3,651.6,527.5
1581,1,car,0.5274,268.3,698.5,390.5,779.9
1581,1,car,0.1360,1153.3,483.2,1230.2,541.5
1581,2,large_vehicle,0.1313,565.7,476.3,651.6,527.5
1582,1,car,0.6841,567.6,476.8,650.9,528.0
1582,1,car,0.4333,253.9,697.4,378.9,783.9
1582,2,large_vehicle,0.2417,1146.9,484.2,1223.4,544.4
1582,2,large_vehicle,0.1271,567.6,476.8,650.9,528.0
1582,1,car,0.1183,1146.9,484.2,1223.4,544.4
1583,1,car,0.6910,567.7,477.0,650.9,528.0
1583,1,car,0.4502,253.7,697.5,379.1,783.6
1583,2,large_vehicle,0.2625,1147.3,484.8,1223.1,544.3
1583,1,car,0.1282,1147.3,484.8,1223.1,544.3
1583,2,large_vehicle,0.1218,567.7,477.0,650.9,528.0
1584,1,car,0.7146,563.2,476.2,650.3,527.9
1584,1,car,0.2839,217.1,701.8,365.3,782.2
1584,2,large_vehicle,0.2433,1142.0,487.1,1213.2,546.9
1584,1,car,0.2278,1142.0,487.1,1213.2,546.9
1585,1,car,0.7107,562.7,476.1,650.2,527.9
1585,1,car,0.2609,217.1,701.8,365.2,782.1
1585,2,large_vehicle,0.2494,1142.0,487.0,1212.8,546.9
1585,1,car,0.2202,1142.0,487.0,1212.8,546.9
1585,2,large_vehicle,0.1015,562.7,476.1,650.2,527.9
1586,1,car,0.7592,565.0,476.6,650.3,527.8
1586,1,car,0.2570,228.0,703.0,353.4,779.6
1586,2,large_vehicle,0.2517,1132.0,490.3,1203.1,549.5
1586,1,car,0.1540,1132.0,490.3,1203.1,549.5
1586,0,person,0.1042,309.7,748.7,327.0,784.9
1587,1,car,0.7426,564.9,476.6,650.2,527.8
1587,1,car,0.2539,228.0,703.1,353.4,779.9
1587,2,large_vehicle,0.2300,1132.1,490.3,1203.1,549.5
1587,1,car,0.1539,1132.1,490.3,1203.1,549.5
1587,0,person,0.1079,309.7,748.7,327.0,784.8
1588,1,car,0.7604,565.6,476.7,650.4,527.9
1588,1,car,0.2607,228.0,703.1,353.4,779.6
1588,2,large_vehicle,0.2370,1132.1,490.3,1203.3,549.5
1588,1,car,0.1542,1132.1,490.3,1203.3,549.5
1588,0,person,0.1066,309.7,748.7,327.0,784.8
1589,1,car,0.7808,566.8,476.9,650.9,528.0
1589,1,car,0.3506,1126.5,492.6,1194.9,551.8
1589,2,large_vehicle,0.2829,1126.5,492.6,1194.9,551.8
1590,1,car,0.7719,565.7,476.8,650.9,528.1
1590,1,car,0.3529,1126.5,492.7,1194.8,551.7
1590,2,large_vehicle,0.2925,1126.5,492.7,1194.8,551.7
1591,1,car,0.6900,567.6,476.6,650.4,528.0
1591,2,large_vehicle,0.2170,1120.6,494.9,1190.6,555.2
1591,2,large_vehicle,0.1167,567.6,476.6,650.4,528.0
1592,1,car,0.6912,567.6,476.6,650.4,528.0
1592,2,large_vehicle,0.2128,1120.6,494.9,1190.6,555.2
1592,2,large_vehicle,0.1161,567.6,476.6,650.4,528.0
1593,1,car,0.7060,566.7,476.6,650.4,527.9
1593,2,large_vehicle,0.2093,1120.6,495.0,1190.6,555.2
1594,1,car,0.6895,563.8,475.8,650.3,528.0
1594,2,large_vehicle,0.1437,1113.0,495.4,1184.0,557.6
1594,2,large_vehicle,0.1119,563.8,475.8,650.3,528.0
1595,1,car,0.6891,563.8,475.8,650.3,528.0
1595,2,large_vehicle,0.1465,1113.4,495.3,1184.0,557.5
1595,2,large_vehicle,0.1116,563.8,475.8,650.3,528.0
1596,1,car,0.7333,564.0,476.4,650.8,528.1
1596,2,large_vehicle,0.3251,1106.2,498.5,1180.5,559.2
1596,1,car,0.3012,1106.2,498.5,1180.5,559.2
1596,0,person,0.1097,972.9,430.3,985.4,456.6
1597,1,car,0.7441,564.1,476.4,650.8,527.8
1597,2,large_vehicle,0.3171,1106.2,498.4,1180.7,559.2
1597,1,car,0.2944,1106.2,498.4,1180.7,559.2
1597,0,person,0.1753,973.2,430.2,985.7,457.0
1597,0,person,0.1170,1198.0,520.1,1215.9,559.7
1598,1,car,0.7389,564.0,476.3,650.8,527.8
1598,2,large_vehicle,0.3137,1106.2,498.3,1180.7,559.2
1598,1,car,0.2981,1106.2,498.3,1180.7,559.2
1598,0,person,0.1747,973.2,430.2,985.7,457.0
1598,0,person,0.1045,1197.9,520.2,1215.8,559.7
1599,1,car,0.7297,564.4,476.3,651.3,528.1
1599,2,large_vehicle,0.6777,1099.4,501.0,1174.2,565.8
1599,0,person,0.2654,1198.3,520.1,1215.9,559.3
1599,1,car,0.1229,1099.4,501.0,1174.2,565.8
1600,1,car,0.7120,563.4,475.9,651.3,528.2
1600,2,large_vehicle,0.6781,1099.4,501.0,1173.9,565.8
1600,0,person,0.2423,1198.3,520.1,1216.0,559.4
1600,1,car,0.1195,1099.4,501.0,1173.9,565.8
1600,2,large_vehicle,0.1035,563.4,475.9,651.3,528.2
1601,1,car,0.6973,567.5,476.7,650.8,528.1
1601,2,large_vehicle,0.5539,1091.0,502.8,1168.3,566.6
1601,0,person,0.2218,1198.3,519.5,1216.0,559.6
1601,1,car,0.2030,1091.0,502.8,1168.3,566.6
1601,1,car,0.1156,181.2,713.2,283.0,789.5
1601,0,person,0.1105,1199.5,519.4,1218.2,559.8
1601,2,large_vehicle,0.1045,567.5,476.7,650.8,528.1
1602,1,car,0.6990,568.1,476.9,650.9,528.1
1602,2,large_vehicle,0.5576,1091.3,502.8,1168.3,566.7
1602,0,person,0.2024,1198.3,519.5,1216.0,559.5
1602,1,car,0.2015,1091.3,502.8,1168.3,566.7
1602,1,car,0.1086,181.3,713.3,283.1,789.3
1603,1,car,0.6713,567.6,476.5,650.6,528.1
1603,2,large_vehicle,0.5748,1091.2,502.5,1168.8,566.5
1603,0,person,0.2555,1198.1,519.3,1216.0,559.6
1603,1,car,0.1997,1091.2,502.5,1168.8,566.5
1603,0,person,0.1334,1199.4,519.2,1218.2,559.8
1603,1,car,0.1227,181.2,713.2,283.2,789.4
1603,2,large_vehicle,0.1190,567.6,476.5,650.6,528.1
1604,2,large_vehicle,0.7503,1083.8,504.9,1162.6,568.7
1604,1,car,0.7132,563.5,476.1,650.4,527.9
1604,0,person,0.1409,1198.3,519.3,1215.7,559.4
1604,0,person,0.1051,959.4,427.3,973.4,457.0
1604,0,person,0.1018,972.2,428.5,985.2,456.7
1605,2,large_vehicle,0.7562,1083.8,504.9,1162.5,568.7
1605,1,car,0.7047,563.4,475.9,650.4,527.8
1605,0,person,0.1055,959.4,427.3,973.5,456.9
1605,0,person,0.1008,972.2,428.5,985.2,456.7
1606,2,large_vehicle,0.7883,1075.6,506.0,1156.0,573.6
1606,1,car,0.6903,565.8,476.7,651.4,528.0
1606,0,person,0.1585,1198.1,517.3,1216.0,559.2
1607,2,large_vehicle,0.7904,1075.8,506.1,1156.1,573.4
1607,1,car,0.6898,566.0,476.7,651.3,528.0
1607,0,person,0.1394,1198.1,517.2,1216.0,559.2
1608,1,car,0.7373,566.1,476.9,651.8,528.1
1608,2,large_vehicle,0.6314,1069.3,508.7,1148.2,575.0
1608,0,person,0.1568,1198.3,518.3,1216.0,559.5
1609,1,car,0.7288,566.4,477.1,651.8,528.0
1609,2,large_vehicle,0.6339,1069.3,508.7,1148.5,575.0
1609,0,person,0.1140,1198.3,518.2,1215.9,559.5
1610,2,large_vehicle,0.7954,1059.1,508.6,1143.8,577.0
1610,1,car,0.7485,566.9,476.8,651.6,527.8
1610,2,large_vehicle,0.1393,957.1,402.6,1026.2,445.0
1610,1,car,0.1017,957.1,402.6,1026.2,445.0
1611,2,large_vehicle,0.7973,1059.1,508.6,1143.8,577.0
1611,1,car,0.7437,566.8,476.8,651.5,527.8
1611,2,large_vehicle,0.1286,956.9,402.6,1026.3,445.1
1611,1,car,0.1022,956.9,402.6,1026.3,445.1
1612,2,large_vehicle,0.7987,1059.0,508.5,1143.8,577.0
1612,1,car,0.7375,565.6,476.6,651.4,527.9
1612,2,large_vehicle,0.1192,956.9,402.7,1026.0,444.8
1613,1,car,0.7370,561.9,475.7,650.9,527.6
1613,2,large_vehicle,0.5642,1051.7,512.0,1134.7,579.1
1613,1,car,0.1641,1051.7,512.0,1134.7,579.1
1614,1,car,0.7317,562.0,475.9,650.9,527.6
1614,2,large_vehicle,0.5684,1051.8,512.0,1134.6,579.0
1614,1,car,0.1624,1051.8,512.0,1134.6,579.0
1614,2,large_vehicle,0.1072,562.0,475.9,650.9,527.6
1615,1,car,0.7929,562.7,475.6,651.5,527.2
1615,2,large_vehicle,0.4667,1042.5,512.7,1127.7,582.0
1615,1,car,0.2614,1042.5,512.7,1127.7,582.0
1615,0,person,0.2369,1199.0,516.1,1218.7,559.4
1615,1,car,0.1193,132.5,719.4,223.8,792.2
1616,1,car,0.7919,562.7,475.6,651.5,527.2
1616,2,large_vehicle,0.4692,1042.5,512.7,1127.7,582.0
1616,1,car,0.2615,1042.5,512.7,1127.7,582.0
1616,0,person,0.2369,1199.0,515.9,1218.8,559.5
1616,1,car,0.1176,132.6,719.4,223.8,792.2
1617,1,car,0.7928,562.6,475.6,651.5,527.2
1617,2,large_vehicle,0.4711,1042.5,512.7,1127.6,582.0
1617,1,car,0.2593,1042.5,512.7,1127.6,582.0
1617,0,person,0.2099,1199.0,516.0,1218.6,559.4
1617,1,car,0.1388,132.5,719.4,223.9,792.3
1618,1,car,0.7545,565.6,475.2,651.6,527.2
1618,2,large_vehicle,0.7020,1032.3,516.3,1122.0,585.2
1618,0,person,0.1326,1199.0,514.9,1218.7,559.5
1618,1,car,0.1159,1032.3,516.3,1122.0,585.2
1619,1,car,0.7512,565.7,475.5,651.5,527.2
1619,2,large_vehicle,0.6760,1032.2,516.4,1121.5,585.3
1619,0,person,0.2109,1199.2,515.7,1218.6,559.4
1619,1,car,0.1464,1032.2,516.4,1121.5,585.3
1620,1,car,0.7379,567.9,475.5,651.4,527.0
1620,2,large_vehicle,0.6575,1025.4,518.6,1112.7,589.0
1620,1,car,0.1630,1025.4,518.6,1112.7,589.0
1620,1,car,0.1277,117.9,720.9,205.8,791.0
1621,1,car,0.7201,568.0,475.5,651.3,527.1
1621,2,large_vehicle,0.6498,1025.4,518.6,1112.7,589.0
1621,1,car,0.1674,1025.4,518.6,1112.7,589.0
1621,0,person,0.1176,1199.2,516.5,1218.8,559.1
1621,1,car,0.1098,117.9,720.9,205.7,790.9
1622,1,car,0.7209,567.4,475.6,651.4,527.1
1622,2,large_vehicle,0.6513,1025.4,518.6,1112.7,589.0
1622,1,car,0.1640,1025.4,518.6,1112.7,589.0
1622,0,person,0.1399,1199.2,516.4,1218.8,559.1
1622,1,car,0.1074,117.9,720.9,205.7,791.0
1623,1,car,0.7413,564.2,475.0,651.2,527.1
1623,2,large_vehicle,0.7346,1015.9,522.9,1104.7,592.3
1623,1,car,0.2101,110.6,721.0,195.4,792.3
1623,0,person,0.1799,1199.0,516.2,1219.1,559.0
1623,1,car,0.1048,1015.9,522.9,1104.7,592.3
1624,1,car,0.7494,563.6,475.1,651.2,527.0
1624,2,large_vehicle,0.7274,1015.9,522.9,1104.9,592.4
1624,1,car,0.1990,110.7,721.0,195.4,792.5
1624,0,person,0.1537,1199.1,516.5,1218.9,558.9
1624,1,car,0.1086,1015.9,522.9,1104.9,592.4
1625,1,car,0.7942,563.1,475.3,651.5,527.0
1625,2,large_vehicle,0.7244,1005.6,524.6,1097.7,595.6
1625,0,person,0.2220,1199.1,516.6,1218.9,558.9
1625,1,car,0.1364,1005.6,524.6,1097.7,595.6
1625,0,person,0.1091,950.3,425.3,963.0,457.3
1626,1,car,0.7946,563.4,475.4,651.6,526.9
1626,2,large_vehicle,0.7181,1005.6,524.6,1097.8,595.5
1626,1,car,0.1423,1005.6,524.6,1097.8,595.5
1626,0,person,0.1370,1199.2,516.6,1218.6,558.8
1626,1,car,0.1037,103.4,722.3,187.1,791.3
1626,0,person,0.1019,950.5,425.6,963.0,457.4
1627,1,car,0.7938,564.8,475.5,651.8,526.9
1627,2,large_vehicle,0.7247,1005.6,524.6,1098.0,595.5
1627,0,person,0.1375,1199.2,516.4,1218.6,558.9
1627,1,car,0.1338,1005.6,524.6,1098.0,595.5
1627,0,person,0.1107,950.5,425.3,963.2,457.4
1628,2,large_vehicle,0.7896,996.6,525.6,1087.4,599.0
1628,1,car,0.7583,564.2,474.9,651.8,527.0
1628,1,car,0.4610,96.8,723.4,179.7,789.8
1628,0,person,0.3926,1199.1,516.5,1218.8,559.0
1629,2,large_vehicle,0.7946,996.5,525.6,1087.4,599.0
1629,1,car,0.7585,564.1,474.7,651.8,527.0
1629,1,car,0.4499,96.7,723.5,179.7,790.3
1629,0,person,0.4186,1199.1,516.3,1218.8,559.1
1629,0,person,0.1023,949.7,425.4,962.4,458.0
1630,2,large_vehicle,0.8488,986.7,527.9,1081.9,603.1
1630,1,car,0.7192,564.7,474.8,651.5,526.9
1630,0,person,0.2689,1198.9,515.1,1219.1,559.4
1631,2,large_vehicle,0.8557,986.7,527.9,1081.4,603.0
1631,1,car,0.7206,564.6,474.7,651.5,526.9
1631,0,person,0.2628,1199.0,514.8,1219.0,559.4
1632,2,large_vehicle,0.7539,976.8,530.3,1073.3,607.4
1632,1,car,0.7328,564.6,474.8,651.3,527.0
1632,1,car,0.4029,82.6,725.2,163.2,795.5
1632,0,person,0.1751,1198.9,515.3,1219.4,559.5
1632,1,car,0.1068,976.8,530.3,1073.3,607.4
1633,2,large_vehicle,0.7502,976.7,530.3,1073.3,607.4
1633,1,car,0.7120,565.0,474.8,651.4,527.0
1633,1,car,0.3798,82.7,725.3,163.2,795.6
1633,0,person,0.1967,1198.7,514.7,1219.2,559.1
1633,1,car,0.1093,976.7,530.3,1073.3,607.4
1633,2,large_vehicle,0.1018,565.0,474.8,651.4,527.0
1634,1,car,0.7955,562.0,475.1,651.4,526.8
1634,2,large_vehicle,0.5541,965.2,533.3,1065.1,609.4
1634,0,person,0.2937,1198.7,516.4,1219.2,558.9
1634,1,car,0.2875,965.2,533.3,1065.1,609.4
1634,3,motorcycle,0.2457,76.3,725.5,157.3,794.2
1634,4,other_vehicle,0.1492,76.3,725.5,157.3,794.2
1634,0,person,0.1021,84.4,741.2,110.1,780.5
1635,1,car,0.7976,562.2,475.3,651.3,526.8
1635,2,large_vehicle,0.5421,965.3,533.3,1065.1,609.4
1635,0,person,0.4234,1198.8,517.4,1219.2,558.6
1635,1,car,0.2968,965.3,533.3,1065.1,609.4
1635,3,motorcycle,0.2522,76.3,725.7,157.1,794.1
1635,4,other_vehicle,0.1609,76.3,725.7,157.1,794.1
1635,0,person,0.1083,84.4,741.3,110.1,780.6
1636,1,car,0.7832,563.0,475.1,651.4,526.8
1636,2,large_vehicle,0.5598,965.3,533.0,1064.8,609.3
1636,0,person,0.4186,1198.9,517.3,1219.3,558.6
1636,1,car,0.2784,965.3,533.0,1064.8,609.3
1636,3,motorcycle,0.2514,76.4,725.5,157.3,794.1
1636,4,other_vehicle,0.1448,76.4,725.5,157.3,794.1
1637,2,large_vehicle,0.7377,955.0,535.9,1055.9,613.4
1637,1,car,0.7249,564.2,474.8,651.6,526.9
1637,0,person,0.4995,83.8,730.3,109.2,775.4
1637,3,motorcycle,0.3675,69.4,727.6,149.1,793.0
1637,0,person,0.3407,1198.6,515.4,1219.1,558.4
1637,1,car,0.1966,945.9,402.2,1026.0,445.3
1637,1,car,0.1250,955.0,535.9,1055.9,613.4
1637,4,other_vehicle,0.1076,69.4,727.6,149.1,793.0
1638,2,large_vehicle,0.7317,955.1,535.9,1055.6,613.4
1638,1,car,0.7188,563.9,474.7,651.7,526.9
1638,0,person,0.4981,83.8,730.2,109.2,775.4
1638,0,person,0.3559,1198.5,515.2,1219.1,558.5
1638,3,motorcycle,0.3386,69.4,727.3,149.1,793.1
1638,1,car,0.2073,946.6,402.2,1026.0,445.3
1638,1,car,0.1354,955.1,535.9,1055.6,613.4
1638,2,large_vehicle,0.1026,946.6,402.2,1026.0,445.3
1639,2,large_vehicle,0.8047,944.9,539.0,1045.6,616.1
1639,1,car,0.6988,568.6,475.0,651.8,526.8
1639,3,motorcycle,0.4688,64.2,731.5,141.5,793.6
1639,0,person,0.3226,79.6,730.7,107.1,773.8
1639,1,car,0.2987,948.6,402.0,1027.1,445.6
1639,3,motorcycle,0.2301,64.3,748.6,137.7,793.4
1639,0,person,0.1697,1198.6,513.5,1219.3,558.8
1639,2,large_vehicle,0.1280,948.6,402.0,1027.1,445.6
1639,0,person,0.1109,76.9,729.9,101.5,772.7
1639,0,person,0.1044,945.1,423.4,960.4,460.7
1639,0,person,0.1032,78.8,731.1,108.6,779.7
1640,2,large_vehicle,0.8034,944.9,539.0,1045.5,616.1
1640,1,car,0.6977,568.7,475.1,651.8,526.8
1640,3,motorcycle,0.4721,64.2,731.2,141.5,793.6
1640,0,person,0.3207,79.6,730.7,107.1,773.7
1640,1,car,0.2948,948.5,402.2,1027.1,445.6
1640,3,motorcycle,0.2275,64.3,748.6,137.7,793.4
1640,0,person,0.1772,1198.6,513.7,1219.3,558.8
1640,2,large_vehicle,0.1260,948.5,402.2,1027.1,445.6
1640,0,person,0.1093,77.0,730.1,101.5,772.4
1640,0,person,0.1081,78.9,731.1,108.6,779.7
1640,0,person,0.1044,945.1,423.3,960.5,460.7
1641,2,large_vehicle,0.8036,944.9,539.0,1045.4,616.1
1641,1,car,0.6919,568.7,475.0,651.8,526.8
1641,3,motorcycle,0.4705,64.2,731.7,141.5,793.6
1641,0,person,0.3230,79.6,730.5,107.2,773.9
1641,1,car,0.3156,948.7,402.1,1027.2,445.5
1641,0,person,0.3083,1198.8,514.3,1219.4,559.2
1641,3,motorcycle,0.2261,64.3,748.4,137.9,793.4
1641,2,large_vehicle,0.1258,948.7,402.1,1027.2,445.5
1641,0,person,0.1083,77.0,729.6,101.6,772.7
1641,0,person,0.1009,945.0,423.2,960.4,460.9
1642,2,large_vehicle,0.8127,935.4,541.1,1030.9,618.9
1642,1,car,0.7344,561.5,474.3,651.4,526.9
1642,0,person,0.4109,1198.9,515.4,1219.5,559.0
1642,3,motorcycle,0.3518,59.3,727.9,134.0,793.1
1642,0,person,0.3483,72.7,732.1,99.1,770.8
1642,0,person,0.1683,71.9,732.6,100.0,777.7
1642,3,motorcycle,0.1066,58.0,750.0,131.0,793.2
1642,1,car,0.1036,952.7,402.0,1026.8,445.1
1642,2,large_vehicle,0.1021,561.5,474.3,651.4,526.9
1643,2,large_vehicle,0.8222,935.4,541.2,1030.5,618.9
1643,1,car,0.7385,561.5,474.3,651.4,527.0
1643,0,person,0.4128,1198.9,515.1,1219.5,559.0
1643,0,person,0.3624,72.7,732.0,99.1,771.0
1643,3,motorcycle,0.3545,59.3,728.1,134.0,793.1
1643,0,person,0.1551,71.9,732.6,100.0,777.7
1643,1,car,0.1310,952.3,402.1,1026.9,445.2
1643,3,motorcycle,0.1096,58.0,750.0,131.1,793.1
1644,1,car,0.7910,561.9,474.8,651.6,526.9
1644,2,large_vehicle,0.7884,921.7,544.6,1025.6,623.0
1644,0,person,0.3947,1198.8,514.6,1219.4,559.0
1644,0,person,0.3453,69.0,733.6,92.9,772.6
1644,3,motorcycle,0.3109,54.0,750.7,119.8,793.2
1644,0,person,0.2167,65.9,733.9,89.1,774.5
1644,3,motorcycle,0.1927,53.6,741.3,127.4,793.6
1645,1,car,0.7979,562.0,474.8,651.6,526.9
1645,2,large_vehicle,0.7835,921.6,544.5,1025.8,623.0
1645,0,person,0.3943,1198.8,514.5,1219.4,559.0
1645,0,person,0.3284,69.1,733.6,92.7,772.3
1645,3,motorcycle,0.2999,54.0,750.7,119.4,793.3
1645,0,person,0.2346,65.7,733.9,88.9,774.1
1645,3,motorcycle,0.1875,53.5,738.8,127.4,793.6
1646,1,car,0.7980,562.1,474.8,651.6,526.9
1646,2,large_vehicle,0.7833,921.6,544.5,1026.0,623.0
1646,0,person,0.3932,1198.8,514.4,1219.4,559.0
1646,0,person,0.3289,69.1,733.6,92.7,772.3
1646,3,motorcycle,0.3016,54.0,750.7,119.6,793.3
1646,0,person,0.2330,65.7,733.9,88.9,774.1
1646,3,motorcycle,0.1906,53.5,739.2,127.4,793.6
1647,1,car,0.7536,562.8,474.4,652.4,526.9
1647,2,large_vehicle,0.6265,909.2,546.6,1009.4,626.1
1647,0,person,0.2308,61.5,732.0,85.7,770.0
1647,0,person,0.2259,59.9,732.6,87.9,778.2
1647,1,car,0.1832,949.9,401.8,1027.3,445.5
1647,3,motorcycle,0.1675,48.9,729.7,120.1,792.0
1647,0,person,0.1507,1198.9,505.4,1220.1,558.3
1647,1,car,0.1380,909.2,546.6,1009.4,626.1
1648,1,car,0.7411,564.7,474.7,653.0,526.8
1648,2,large_vehicle,0.6066,909.2,546.6,1009.6,625.9
1648,0,person,0.2358,61.5,732.1,85.6,770.0
1648,0,person,0.2286,1198.8,502.4,1220.0,558.7
1648,0,person,0.2236,59.9,732.8,87.8,778.1
1648,3,motorcycle,0.1761,48.9,729.6,120.0,791.9
1648,1,car,0.1667,950.8,401.9,1027.2,445.5
1648,1,car,0.1400,909.2,546.6,1009.6,625.9
1649,1,car,0.7211,569.0,474.9,652.6,526.7
1649,2,large_vehicle,0.6483,898.4,549.8,998.0,629.3
1649,0,person,0.2501,1198.1,498.0,1220.2,558.8
1649,1,car,0.2222,898.4,549.8,998.0,629.3
1649,3,motorcycle,0.1680,43.9,729.2,113.6,792.0
1649,0,person,0.1588,58.6,730.5,83.1,768.9
1649,4,other_vehicle,0.1508,43.9,729.2,113.6,792.0
1649,0,person,0.1333,56.5,731.0,86.3,778.8
1649,1,car,0.1318,953.4,401.5,1027.1,445.2
1650,1,car,0.7245,569.0,474.9,652.9,526.7
1650,2,large_vehicle,0.6537,898.5,549.8,998.0,629.3
1650,1,car,0.2191,898.5,549.8,998.0,629.3
1650,0,person,0.1958,1198.2,498.2,1220.1,558.8
1650,0,person,0.1546,58.6,730.5,83.0,768.7
1650,3,motorcycle,0.1528,43.9,729.2,113.5,792.0
1650,4,other_vehicle,0.1523,43.9,729.2,113.5,792.0
1650,1,car,0.1458,953.7,401.5,1027.3,445.2
1650,0,person,0.1292,56.5,731.0,86.2,778.6
1651,1,car,0.7208,568.3,474.7,653.0,526.8
1651,2,large_vehicle,0.6505,898.5,549.8,997.9,629.3
1651,1,car,0.2204,898.5,549.8,997.9,629.3
1651,3,motorcycle,0.1521,43.9,728.9,113.5,792.0
1651,0,person,0.1434,58.6,730.6,83.0,768.6
1651,4,other_vehicle,0.1329,43.9,728.9,113.5,792.0
1651,0,person,0.1278,56.6,730.7,86.3,779.3
1651,1,car,0.1156,953.9,401.6,1027.2,445.2
1652,1,car,0.7645,563.3,474.8,652.1,526.7
1652,2,large_vehicle,0.6370,886.0,552.6,986.6,631.9
1652,4,other_vehicle,0.3046,39.5,726.4,108.2,791.3
1652,1,car,0.2249,886.0,552.6,986.6,631.9
1652,0,person,0.2144,1198.0,495.7,1220.3,559.0
1652,3,motorcycle,0.1715,39.5,726.4,108.2,791.3
1652,0,person,0.1494,49.0,731.3,78.0,778.9
1652,1,car,0.1456,951.5,402.0,1027.1,445.5
1652,0,person,0.1407,51.5,731.2,76.0,768.9
1652,0,person,0.1344,939.4,428.5,954.6,459.4
1653,1,car,0.7520,562.6,474.6,652.0,526.7
1653,2,large_vehicle,0.6442,886.1,552.6,986.6,631.9
1653,4,other_vehicle,0.3129,39.5,726.5,108.2,791.4
1653,0,person,0.2343,1197.9,495.3,1220.2,558.8
1653,1,car,0.2161,886.1,552.6,986.6,631.9
1653,1,car,0.1708,951.8,402.0,1027.3,445.5
1653,3,motorcycle,0.1654,39.5,726.5,108.2,791.4
1653,0,person,0.1580,49.2,731.5,78.0,778.9
1653,0,person,0.1455,939.4,428.4,954.6,459.3
1653,0,person,0.1425,51.6,731.3,76.0,768.9
1654,1,car,0.7838,563.3,475.1,652.1,526.6
1654,2,large_vehicle,0.7802,874.3,556.4,976.6,636.3
1654,4,other_vehicle,0.3414,35.1,727.1,100.9,791.8
1654,0,person,0.3195,1198.1,498.0,1220.2,558.9
1654,0,person,0.1766,47.9,732.1,72.2,767.4
1654,0,person,0.1364,939.0,429.4,952.5,460.0
1654,1,car,0.1111,956.4,402.0,1027.0,445.1
1654,0,person,0.1050,45.6,730.6,74.5,777.8
1655,1,car,0.7845,563.3,475.1,652.2,526.6
1655,2,large_vehicle,0.7753,874.3,556.3,976.8,636.4
1655,4,other_vehicle,0.3451,35.1,727.1,100.9,791.9
1655,0,person,0.3198,1198.1,498.1,1220.2,558.9
1655,0,person,0.1778,939.0,429.4,952.5,460.2
1655,0,person,0.1735,47.9,732.0,72.2,767.5
1655,1,car,0.1213,956.3,402.0,1027.0,445.1
1655,0,person,0.1064,45.7,730.5,74.4,777.9
1655,1,car,0.1036,874.3,556.3,976.8,636.4
1656,1,car,0.7763,564.0,474.5,652.7,526.6
1656,2,large_vehicle,0.4870,861.0,559.9,964.6,641.7
1656,1,car,0.4460,861.0,559.9,964.6,641.7
1656,4,other_vehicle,0.2619,33.1,729.9,95.1,790.9
1656,1,car,0.1766,954.7,402.2,1027.3,445.0
1656,0,person,0.1569,1198.7,502.3,1220.2,558.7
1657,1,car,0.7879,563.4,474.5,652.7,526.6
1657,2,large_vehicle,0.4813,861.0,559.8,964.5,641.9
1657,1,car,0.4515,861.0,559.8,964.5,641.9
1657,4,other_vehicle,0.2615,33.0,729.9,95.1,790.9
1657,1,car,0.1493,954.4,402.0,1026.6,445.0
1657,0,person,0.1207,1198.7,502.6,1220.1,558.4
1658,1,car,0.7184,566.8,474.7,652.3,526.6
1658,2,large_vehicle,0.6354,850.3,562.1,952.4,645.0
1658,4,other_vehicle,0.4356,30.2,728.4,89.9,790.4
1658,1,car,0.1810,850.3,562.1,952.4,645.0
1658,0,person,0.1567,1198.0,496.1,1220.2,558.5
1658,0,person,0.1231,938.5,430.6,951.9,459.0
1658,1,car,0.1186,956.4,402.1,1026.0,445.1
1658,2,large_vehicle,0.1037,956.4,402.1,1026.0,445.1
1659,1,car,0.7138,566.9,474.6,652.4,526.6
1659,2,large_vehicle,0.6489,850.3,562.1,952.4,645.1
1659,4,other_vehicle,0.4138,30.3,728.5,89.8,790.4
1659,1,car,0.1691,850.3,562.1,952.4,645.1
1659,0,person,0.1312,1197.9,495.8,1220.3,558.7
1659,1,car,0.1243,956.3,401.9,1026.4,445.0
1659,0,person,0.1173,938.5,430.6,951.9,459.0
1660,1,car,0.6785,567.7,474.7,652.2,526.6
1660,2,large_vehicle,0.6056,850.2,562.1,952.4,645.0
1660,4,other_vehicle,0.4233,30.2,728.3,89.9,790.4
1660,1,car,0.2032,850.2,562.1,952.4,645.0
1660,0,person,0.1860,1197.8,495.4,1220.5,558.9
1660,1,car,0.1289,956.8,402.1,1026.6,445.0
1660,0,person,0.1079,938.6,430.3,952.1,458.9
1661,1,car,0.7484,564.8,474.7,651.9,526.7
1661,1,car,0.5300,834.9,565.6,941.2,651.7
1661,4,other_vehicle,0.5080,25.4,729.7,84.0,790.8
1661,2,large_vehicle,0.3635,834.9,565.6,941.2,651.7
1661,0,person,0.2210,492.5,505.4,508.6,548.1
1661,0,person,0.1760,937.5,426.4,951.1,457.9
1662,1,car,0.7525,564.2,474.7,651.8,526.8
1662,1,car,0.5266,834.9,565.7,941.3,651.7
1662,4,other_vehicle,0.5082,25.4,729.7,84.0,790.9
1662,2,large_vehicle,0.3650,834.9,565.7,941.3,651.7
1662,0,person,0.2122,492.5,505.5,508.6,548.2
1662,0,person,0.1725,937.5,426.4,951.1,457.9
1663,1,car,0.7937,564.6,474.9,651.9,526.7
1663,2,large_vehicle,0.5962,823.2,569.4,927.9,655.4
1663,0,person,0.3245,937.0,426.8,950.1,458.4
1663,4,other_vehicle,0.3241,20.1,729.5,80.1,789.8
1663,1,car,0.2685,823.2,569.4,927.9,655.4
1663,0,person,0.1754,491.8,505.3,508.4,548.1
1663,1,car,0.1454,22.1,729.9,79.9,789.9
1663,1,car,0.1195,957.4,402.7,1026.0,444.9
1663,4,other_vehicle,0.1034,22.1,729.9,79.9,789.9
1664,1,car,0.7948,564.6,474.9,651.9,526.7
1664,2,large_vehicle,0.5958,823.2,569.4,927.9,655.4
1664,4,other_vehicle,0.3229,20.1,729.5,80.1,789.8
1664,0,person,0.3163,937.0,426.9,950.2,458.5
1664,1,car,0.2707,823.2,569.4,927.9,655.4
1664,0,person,0.1718,491.8,505.3,508.4,548.1
1664,1,car,0.1446,22.1,729.9,79.8,789.9
1664,1,car,0.1249,956.9,402.5,1025.9,445.0
1664,4,other_vehicle,0.1038,22.1,729.9,79.8,789.9
1665,1,car,0.8039,562.1,474.9,651.9,526.8
1665,2,large_vehicle,0.5935,823.3,569.4,927.9,655.4
1665,0,person,0.3211,937.0,426.8,950.1,458.4
1665,4,other_vehicle,0.3156,20.2,729.6,80.1,789.8
1665,1,car,0.2677,823.3,569.4,927.9,655.4
1665,0,person,0.2118,1199.0,514.7,1219.7,558.7
1665,0,person,0.1672,491.7,505.2,508.4,548.1
1665,1,car,0.1514,22.1,729.9,79.8,789.9
1665,1,car,0.1249,957.4,403.0,1026.0,444.9
1665,4,other_vehicle,0.1006,22.1,729.9,79.8,789.9
1666,1,car,0.8047,563.3,474.4,652.2,526.7
1666,2,large_vehicle,0.6115,810.6,573.6,917.4,658.1
1666,0,person,0.3613,490.8,504.9,507.5,548.1
1666,1,car,0.2946,956.9,402.7,1026.6,445.1
1666,4,other_vehicle,0.2093,17.3,730.5,73.6,788.8
1666,1,car,0.2026,810.6,573.6,917.4,658.1
1666,1,car,0.1932,17.3,730.5,73.6,788.8
1666,2,large_vehicle,0.1520,956.9,402.7,1026.6,445.1
1667,1,car,0.8081,563.1,474.4,652.2,526.7
1667,2,large_vehicle,0.6230,810.6,573.6,917.3,658.2
1667,0,person,0.3677,490.8,504.9,507.6,548.1
1667,1,car,0.3173,956.7,402.8,1026.6,445.1
1667,4,other_vehicle,0.1962,17.3,730.4,73.7,788.7
1667,1,car,0.1920,810.6,573.6,917.3,658.2
1667,1,car,0.1661,17.3,730.4,73.7,788.7
1667,2,large_vehicle,0.1370,956.7,402.8,1026.6,445.1
1668,1,car,0.7502,565.8,474.5,652.1,526.7
1668,1,car,0.4661,796.4,576.8,913.4,662.3
1668,2,large_vehicle,0.4115,796.4,576.8,913.4,662.3
1668,1,car,0.2897,954.6,402.5,1026.7,445.4
1668,2,large_vehicle,0.2039,954.6,402.5,1026.7,445.4
1668,0,person,0.1859,489.8,504.8,506.1,547.8
1668,4,other_vehicle,0.1448,11.9,729.9,68.4,790.0
1669,1,car,0.7458,566.2,474.7,652.0,526.7
1669,1,car,0.4769,796.5,576.8,913.1,662.4
1669,2,large_vehicle,0.3928,796.5,576.8,913.1,662.4
1669,1,car,0.2706,953.9,402.1,1026.7,445.4
1669,2,large_vehicle,0.2085,953.9,402.1,1026.7,445.4
1669,0,person,0.1738,489.8,505.1,506.2,547.9
1669,4,other_vehicle,0.1433,11.7,729.8,68.5,789.7
1670,1,car,0.7482,566.1,474.7,652.1,526.7
1670,1,car,0.4802,796.5,576.8,913.0,662.4
1670,2,large_vehicle,0.3900,796.5,576.8,913.0,662.4
1670,1,car,0.2713,953.9,402.1,1026.7,445.4
1670,2,large_vehicle,0.2132,953.9,402.1,1026.7,445.4
1670,0,person,0.2058,489.8,504.9,506.2,547.8
1670,4,other_vehicle,0.1476,11.7,729.7,68.5,789.8
1671,1,car,0.7522,561.8,474.7,651.8,526.8
1671,2,large_vehicle,0.5658,784.0,581.1,894.7,666.0
1671,0,person,0.3059,489.9,504.6,505.8,547.4
1671,1,car,0.2897,784.0,581.1,894.7,666.0
1671,0,person,0.2690,935.0,426.9,947.8,461.4
1671,2,large_vehicle,0.2413,956.6,402.2,1026.3,445.4
1671,1,car,0.2145,956.6,402.2,1026.3,445.4
1672,1,car,0.7427,562.3,474.6,651.7,526.8
1672,2,large_vehicle,0.5631,784.0,581.1,894.8,666.0
1672,1,car,0.2948,784.0,581.1,894.8,666.0
1672,0,person,0.2450,489.9,504.6,505.8,547.4
1672,1,car,0.2227,956.2,402.1,1026.3,445.4
1672,2,large_vehicle,0.1966,956.2,402.1,1026.3,445.4
1672,0,person,0.1879,935.0,426.5,947.9,461.5
1673,1,car,0.8142,562.6,475.0,651.7,526.9
1673,1,car,0.4669,769.2,581.8,880.9,669.9
1673,2,large_vehicle,0.4472,769.2,581.8,880.9,669.9
1673,0,person,0.4086,489.3,505.4,505.0,547.7
1673,4,other_vehicle,0.2223,7.3,729.1,57.3,789.2
1673,4,other_vehicle,0.1318,4.4,728.8,57.6,789.5
1673,0,person,0.1164,1198.7,512.2,1219.4,558.9
1674,1,car,0.8072,562.3,475.1,651.4,526.9
1674,1,car,0.4678,769.2,581.7,880.9,669.9
1674,2,large_vehicle,0.4454,769.2,581.7,880.9,669.9
1674,0,person,0.4044,489.3,505.4,505.0,547.7
1674,4,other_vehicle,0.2129,7.3,729.2,57.3,789.1
1674,0,person,0.1966,1198.7,513.5,1219.4,558.8
1674,4,other_vehicle,0.1286,4.4,728.9,57.6,789.4
1675,1,car,0.8059,562.6,475.1,651.5,526.9
1675,1,car,0.4951,769.2,581.7,880.9,669.9
1675,2,large_vehicle,0.4168,769.2,581.7,880.9,669.9
1675,0,person,0.3373,489.5,505.4,505.1,547.7
1675,4,other_vehicle,0.2680,7.1,729.3,57.4,789.3
1675,0,person,0.1481,1198.2,500.4,1220.2,558.7
1675,2,large_vehicle,0.1305,956.9,402.2,1025.6,445.1
1675,1,car,0.1225,956.9,402.2,1025.6,445.1
1675,4,other_vehicle,0.1078,4.3,728.9,57.7,789.5
1676,1,car,0.7729,563.5,474.8,652.2,526.8
1676,2,large_vehicle,0.5404,754.4,584.7,866.2,674.3
1676,1,car,0.3299,754.4,584.7,866.2,674.3
1676,1,car,0.1522,956.6,402.7,1025.7,445.1
1676,2,large_vehicle,0.1252,956.6,402.7,1025.7,445.1
1676,4,other_vehicle,0.1084,1.0,731.4,52.2,788.6
1677,1,car,0.7669,562.1,474.4,652.3,526.8
1677,2,large_vehicle,0.5363,754.4,584.7,866.2,674.3
1677,1,car,0.3337,754.4,584.7,866.2,674.3
1677,1,car,0.1759,956.1,402.4,1026.2,445.2
1677,2,large_vehicle,0.1568,956.1,402.4,1026.2,445.2
1677,4,other_vehicle,0.1074,1.0,731.3,52.4,788.6
1678,1,car,0.7489,567.5,474.9,651.9,526.8
1678,1,car,0.5941,740.1,588.3,856.5,678.7
1678,2,large_vehicle,0.2773,740.1,588.3,856.5,678.7
1678,2,large_vehicle,0.1072,957.7,401.9,1026.6,445.2
1679,1,car,0.7514,567.5,474.8,651.9,526.8
1679,1,car,0.6105,740.1,588.3,856.6,678.7
1679,2,large_vehicle,0.2587,740.1,588.3,856.6,678.7
1679,2,large_vehicle,0.1182,957.8,401.8,1026.5,445.1
1679,1,car,0.1054,957.8,401.8,1026.5,445.1
1680,1,car,0.7569,561.8,474.5,651.8,526.7
1680,1,car,0.6235,726.0,592.7,843.7,682.1
1680,2,large_vehicle,0.2390,726.0,592.7,843.7,682.1
1680,2,large_vehicle,0.1369,957.7,401.8,1027.2,445.2
1680,1,car,0.1260,0.0,725.0,42.4,789.2
1680,1,car,0.1246,957.7,401.8,1027.2,445.2
1681,1,car,0.7538,562.4,474.5,651.8,526.7
1681,1,car,0.6226,726.0,592.8,843.8,682.1
1681,2,large_vehicle,0.2366,726.0,592.8,843.8,682.1
1681,2,large_vehicle,0.1324,957.0,402.0,1027.2,445.3
1681,1,car,0.1295,957.0,402.0,1027.2,445.3
1681,1,car,0.1249,0.0,724.8,42.5,789.2
1682,1,car,0.7832,562.4,475.0,651.4,527.0
1682,1,car,0.6732,710.6,596.2,826.2,686.8
1682,0,person,0.2878,1198.9,516.2,1219.3,558.6
1682,2,large_vehicle,0.1921,710.6,596.2,826.2,686.8
1682,2,large_vehicle,0.1554,957.6,402.1,1027.1,445.3
1682,4,other_vehicle,0.1088,0.0,727.3,39.6,788.9
1683,1,car,0.7845,561.9,474.7,651.3,526.9
1683,1,car,0.6882,710.7,596.3,826.4,686.7
1683,0,person,0.2201,1198.7,514.8,1219.3,558.7
1683,2,large_vehicle,0.1780,710.7,596.3,826.4,686.7
1683,2,large_vehicle,0.1435,957.6,402.1,1027.2,445.3
1683,4,other_vehicle,0.1082,0.0,727.3,39.5,788.9
1683,1,car,0.1056,957.6,402.1,1027.2,445.3
1683,0,person,0.1001,4.6,732.9,30.9,788.9
1684,1,car,0.7747,562.4,474.8,651.4,526.9
1684,1,car,0.6687,710.7,596.2,826.2,686.7
1684,0,person,0.2181,1198.8,515.4,1219.3,558.6
1684,2,large_vehicle,0.1982,710.7,596.2,826.2,686.7
1684,2,large_vehicle,0.1385,957.2,401.9,1027.2,445.4
1684,0,person,0.1314,930.8,439.2,944.8,464.4
1684,4,other_vehicle,0.1044,0.0,727.4,39.5,788.9
1685,1,car,0.7462,562.7,474.2,651.7,526.9
1685,1,car,0.6746,697.2,599.7,812.0,690.7
1685,0,person,0.2868,1198.8,514.8,1219.5,558.6
1685,2,large_vehicle,0.2144,697.2,599.7,812.0,690.7
1686,1,car,0.7351,563.1,474.1,652.1,526.9
1686,1,car,0.6577,697.2,599.7,812.0,690.8
1686,0,person,0.2723,1198.8,514.6,1219.5,558.5
1686,2,large_vehicle,0.2347,697.2,599.7,812.0,690.8
1686,4,other_vehicle,0.1135,0.5,729.1,33.0,785.3
1686,2,large_vehicle,0.1022,956.8,402.7,1025.4,445.1
1686,1,car,0.1018,956.8,402.7,1025.4,445.1
1687,1,car,0.7191,568.4,474.9,651.7,526.6
1687,1,car,0.4618,682.8,602.1,797.5,693.6
1687,2,large_vehicle,0.3867,682.8,602.1,797.5,693.6
1687,4,other_vehicle,0.2190,0.4,726.0,32.3,785.9
1687,1,car,0.2167,955.9,402.6,1027.0,445.4
1687,0,person,0.2026,929.9,430.0,942.8,461.2
1687,2,large_vehicle,0.1723,955.9,402.6,1027.0,445.4
1687,2,large_vehicle,0.1138,0.0,719.5,33.3,785.7
1688,1,car,0.7176,568.5,474.9,651.7,526.6
1688,1,car,0.4647,682.8,602.1,797.5,693.6
1688,2,large_vehicle,0.3850,682.8,602.1,797.5,693.6
1688,4,other_vehicle,0.2136,0.3,726.0,32.3,785.9
1688,1,car,0.2037,955.9,402.5,1026.8,445.4
1688,0,person,0.2018,929.9,430.0,942.8,461.2
1688,2,large_vehicle,0.1638,955.9,402.5,1026.8,445.4
1688,2,large_vehicle,0.1125,0.0,719.6,33.3,785.7
1689,1,car,0.7256,568.5,475.0,651.7,526.6
1689,1,car,0.4424,682.9,602.1,797.5,693.6
1689,2,large_vehicle,0.4081,682.9,602.1,797.5,693.6
1689,1,car,0.2359,956.4,402.7,1027.5,445.5
1689,4,other_vehicle,0.2152,0.3,726.6,32.3,785.9
1689,0,person,0.1913,929.9,430.1,942.8,461.2
1689,2,large_vehicle,0.1867,956.4,402.7,1027.5,445.5
1689,2,large_vehicle,0.1032,0.0,720.3,33.3,785.6
1690,1,car,0.7313,562.7,474.7,651.5,526.7
1690,1,car,0.4913,667.6,607.5,783.0,698.7
1690,2,large_vehicle,0.3823,667.6,607.5,783.0,698.7
1690,1,car,0.1614,955.6,402.3,1027.2,445.4
1690,0,person,0.1444,486.4,504.9,502.4,547.7
1690,2,large_vehicle,0.1425,955.6,402.3,1027.2,445.4
1691,1,car,0.7289,562.7,474.7,651.5,526.7
1691,1,car,0.4818,667.6,607.4,783.0,698.7
1691,2,large_vehicle,0.3905,667.6,607.4,783.0,698.7
1691,1,car,0.1597,955.8,402.3,1027.1,445.4
1691,0,person,0.1466,486.4,505.0,502.4,547.7
1691,2,large_vehicle,0.1441,955.8,402.3,1027.1,445.4
1692,1,car,0.8088,561.5,475.0,651.0,526.7
1692,1,car,0.6008,652.9,610.2,769.4,702.2
1692,0,person,0.2371,928.6,437.0,941.0,463.3
1692,2,large_vehicle,0.2000,652.9,610.2,769.4,702.2
1692,1,car,0.1114,957.5,402.9,1026.6,445.2
1692,2,large_vehicle,0.1081,957.5,402.9,1026.6,445.2
1693,1,car,0.7986,561.6,474.8,651.4,526.7
1693,1,car,0.6023,652.9,610.3,769.4,702.2
1693,0,person,0.2365,1198.8,515.2,1219.1,558.7
1693,0,person,0.2165,928.7,436.6,941.1,463.4
1693,2,large_vehicle,0.1974,652.9,610.3,769.4,702.2
1693,1,car,0.1281,957.6,402.8,1026.8,445.2
1693,2,large_vehicle,0.1270,957.6,402.8,1026.8,445.2
1694,1,car,0.8005,561.6,474.8,651.5,526.7
1694,1,car,0.6044,652.9,610.3,769.4,702.2
1694,0,person,0.2381,1198.8,515.1,1219.1,558.7
1694,0,person,0.2172,928.6,436.6,941.1,463.3
1694,2,large_vehicle,0.1938,652.9,610.3,769.4,702.2
1694,1,car,0.1273,957.6,402.8,1026.8,445.2
1694,2,large_vehicle,0.1265,957.6,402.8,1026.8,445.2
1695,1,car,0.7660,562.7,474.3,652.3,526.7
1695,1,car,0.7107,637.5,612.4,753.9,705.8
1695,0,person,0.5494,484.5,504.6,503.2,548.6
1695,0,person,0.3548,1198.8,515.0,1219.2,558.6
1695,1,car,0.1476,956.6,403.2,1026.9,445.0
1695,0,person,0.1295,927.8,434.6,940.0,462.6
1695,2,large_vehicle,0.1254,637.5,612.4,753.9,705.8
1695,2,large_vehicle,0.1202,956.6,403.2,1026.9,445.0
1696,1,car,0.7585,562.2,474.5,652.1,526.7
1696,1,car,0.7117,637.5,612.4,753.8,705.6
1696,0,person,0.5644,484.6,504.6,503.2,548.6
1696,0,person,0.3523,1198.9,515.3,1219.3,558.6
1696,1,car,0.1567,957.1,403.2,1027.1,445.0
1696,2,large_vehicle,0.1332,957.1,403.2,1027.1,445.0
1696,2,large_vehicle,0.1240,637.5,612.4,753.8,705.6
1696,0,person,0.1173,927.7,434.6,940.0,462.5
1697,1,car,0.7053,566.4,474.9,651.4,526.5
1697,1,car,0.4555,623.2,616.9,739.4,709.6
1697,2,large_vehicle,0.4234,623.2,616.9,739.4,709.6
1697,1,car,0.2440,955.5,403.1,1027.6,445.3
1697,2,large_vehicle,0.1707,955.5,403.1,1027.6,445.3
1697,2,large_vehicle,0.1149,566.4,474.9,651.4,526.5
1698,1,car,0.7185,565.2,474.8,651.4,526.6
1698,1,car,0.4600,623.3,616.9,739.3,709.7
1698,2,large_vehicle,0.4195,623.3,616.9,739.3,709.7
1698,1,car,0.2510,955.9,403.1,1027.6,445.3
1698,2,large_vehicle,0.1564,955.9,403.1,1027.6,445.3
1698,2,large_vehicle,0.1085,565.2,474.8,651.4,526.6
1699,1,car,0.6855,566.1,474.9,651.1,526.6
1699,1,car,0.4592,623.3,616.8,739.3,709.7
1699,2,large_vehicle,0.4190,623.3,616.8,739.3,709.7
1699,1,car,0.2187,956.5,403.2,1027.4,445.1
1699,2,large_vehicle,0.1285,566.1,474.9,651.1,526.6
1699,2,large_vehicle,0.1240,956.5,403.2,1027.4,445.1
1700,1,car,0.7089,561.2,474.3,651.1,526.8
1700,1,car,0.4399,607.9,619.9,724.3,711.9
1700,2,large_vehicle,0.4249,607.9,619.9,724.3,711.9
1700,0,person,0.1489,484.0,505.2,502.0,548.4
1700,2,large_vehicle,0.1401,561.2,474.3,651.1,526.8
1700,1,car,0.1260,956.3,402.6,1026.6,445.3
1701,1,car,0.6823,561.0,474.2,651.1,526.8
1701,2,large_vehicle,0.4366,608.0,619.9,724.3,711.9
1701,1,car,0.4303,608.0,619.9,724.3,711.9
1701,2,large_vehicle,0.1648,561.0,474.2,651.1,526.8
1701,0,person,0.1623,483.9,505.1,502.0,548.4
1701,1,car,0.1518,956.0,402.6,1026.9,445.3
1701,0,person,0.1429,1198.7,513.4,1219.1,559.2
1701,0,person,0.1117,924.5,427.0,939.0,459.7
1701,2,large_vehicle,0.1060,956.0,402.6,1026.9,445.3
1702,1,car,0.7844,562.4,475.4,651.4,526.8
1702,1,car,0.4815,592.5,622.6,708.0,715.7
1702,2,large_vehicle,0.2513,592.5,622.6,708.0,715.7
1702,0,person,0.1969,1198.6,511.7,1219.1,559.0
1702,1,car,0.1759,957.3,402.9,1026.5,445.3
1702,2,large_vehicle,0.1587,957.3,402.9,1026.5,445.3
1702,0,person,0.1342,924.2,430.3,938.7,458.9
1702,3,motorcycle,0.1151,920.7,439.4,946.8,461.3
1703,1,car,0.7857,562.4,475.4,651.4,526.8
1703,1,car,0.4484,592.4,622.6,708.0,715.7
1703,2,large_vehicle,0.2447,592.4,622.6,708.0,715.7
1703,0,person,0.2401,1198.5,511.5,1219.2,559.1
1703,1,car,0.1797,957.3,402.7,1026.9,445.3
1703,2,large_vehicle,0.1617,957.3,402.7,1026.9,445.3
1703,0,person,0.1156,924.0,430.4,938.4,458.9
1703,3,motorcycle,0.1031,920.1,439.4,946.9,461.4
1704,1,car,0.7065,565.1,474.9,651.5,526.7
1704,1,car,0.5262,584.8,624.5,701.3,717.1
1704,1,car,0.2887,956.7,402.8,1026.4,445.2
1704,0,person,0.2484,1198.5,510.7,1219.3,559.5
1704,2,large_vehicle,0.2218,956.7,402.8,1026.4,445.2
1704,2,large_vehicle,0.1877,584.8,624.5,701.3,717.1
1704,2,large_vehicle,0.1130,565.1,474.9,651.5,526.7
1705,1,car,0.7224,564.3,474.8,651.5,526.7
1705,1,car,0.5530,584.8,624.5,701.0,717.1
1705,0,person,0.3089,1198.5,511.9,1219.3,559.4
1705,1,car,0.2896,956.8,402.5,1027.1,445.3
1705,2,large_vehicle,0.2457,956.8,402.5,1027.1,445.3
1705,2,large_vehicle,0.1864,584.8,624.5,701.0,717.1
1705,2,large_vehicle,0.1102,564.3,474.8,651.5,526.7
1706,1,car,0.7450,561.7,474.9,651.3,526.8
1706,1,car,0.5804,569.1,629.0,688.6,720.9
1706,2,large_vehicle,0.2046,569.1,629.0,688.6,720.9
1706,0,person,0.1996,482.4,504.9,499.0,548.0
1706,0,person,0.1834,1198.6,512.3,1219.2,559.1
1706,1,car,0.1817,956.3,402.4,1026.5,445.2
1706,2,large_vehicle,0.1654,956.3,402.4,1026.5,445.2
1707,1,car,0.7408,561.9,475.0,651.3,526.8
1707,1,car,0.5920,569.1,628.9,688.6,720.9
1707,2,large_vehicle,0.2030,569.1,628.9,688.6,720.9
1707,0,person,0.1929,482.3,504.9,499.0,548.0
1707,1,car,0.1618,956.1,402.5,1026.7,445.2
1707,2,large_vehicle,0.1503,956.1,402.5,1026.7,445.2
1707,2,large_vehicle,0.1033,561.9,475.0,651.3,526.8
1708,1,car,0.7401,561.4,474.9,651.4,526.8
1708,1,car,0.5837,569.1,629.0,688.3,720.8
1708,0,person,0.2196,482.2,504.8,499.3,548.2
1708,1,car,0.2118,956.1,402.7,1026.5,445.3
1708,2,large_vehicle,0.2066,569.1,629.0,688.3,720.8
1708,2,large_vehicle,0.1935,956.1,402.7,1026.5,445.3
1708,2,large_vehicle,0.1029,561.4,474.9,651.4,526.8
1709,1,car,0.8186,561.3,475.1,651.8,526.7
1709,1,car,0.6893,554.6,633.0,672.0,724.0
1709,0,person,0.3830,481.9,504.7,498.9,547.9
1709,1,car,0.2199,956.8,403.0,1026.4,445.1
1709,0,person,0.2014,1198.6,512.7,1218.9,559.0
1709,2,large_vehicle,0.1934,956.8,403.0,1026.4,445.1
1709,0,person,0.1174,923.1,431.2,937.5,461.8
1710,1,car,0.8137,561.3,475.1,651.7,526.7
1710,1,car,0.6832,554.6,633.0,672.0,724.0
1710,0,person,0.3926,481.8,504.6,498.9,547.8
1710,1,car,0.2399,957.0,403.2,1026.5,445.1
1710,2,large_vehicle,0.1930,957.0,403.2,1026.5,445.1
1710,0,person,0.1701,1198.7,513.2,1218.6,558.7
1710,0,person,0.1161,923.0,431.1,937.5,461.9
1711,1,car,0.7638,562.1,474.9,651.5,526.6
1711,1,car,0.7178,538.8,636.6,656.5,726.8
1711,0,person,0.2639,481.5,505.0,498.4,548.0
1711,0,person,0.2495,919.7,432.3,934.5,461.2
1711,2,large_vehicle,0.2424,955.4,402.6,1026.4,445.2
1711,1,car,0.1735,955.4,402.6,1026.4,445.2
1712,1,car,0.7688,562.1,475.0,651.5,526.6
1712,1,car,0.7235,538.8,636.6,656.4,726.8
1712,0,person,0.2485,919.7,432.3,934.5,461.2
1712,0,person,0.2444,481.5,505.0,498.4,548.0
1712,2,large_vehicle,0.2375,955.4,402.6,1026.4,445.2
1712,1,car,0.1773,955.4,402.6,1026.4,445.2
1713,1,car,0.7133,538.8,636.6,656.6,726.8
1713,1,car,0.7078,562.0,474.8,651.5,526.6
1713,2,large_vehicle,0.2853,955.4,402.3,1026.6,445.2
1713,0,person,0.2827,481.5,505.1,498.4,548.1
1713,0,person,0.2503,919.7,432.3,934.5,461.2
1713,2,large_vehicle,0.1442,562.0,474.8,651.5,526.6
1713,1,car,0.1414,955.4,402.3,1026.6,445.2
1713,0,person,0.1037,922.6,432.4,936.3,461.1
1714,1,car,0.6624,564.7,474.7,651.4,526.7
1714,1,car,0.5795,523.7,639.8,642.0,730.9
1714,0,person,0.2961,481.3,503.3,497.1,547.6
1714,2,large_vehicle,0.2522,955.7,401.7,1026.6,445.3
1714,2,large_vehicle,0.2351,523.7,639.8,642.0,730.9
1714,0,person,0.1744,1198.3,500.0,1219.9,558.6
1714,2,large_vehicle,0.1729,564.7,474.7,651.4,526.7
1714,0,person,0.1276,919.4,429.5,933.4,460.6
1714,1,car,0.1212,955.7,401.7,1026.6,445.3
1715,1,car,0.6732,564.6,474.7,651.4,526.7
1715,1,car,0.5676,523.7,639.5,641.8,731.0
1715,0,person,0.3168,481.3,502.9,497.2,547.6
1715,2,large_vehicle,0.2379,523.7,639.5,641.8,731.0
1715,2,large_vehicle,0.2265,955.3,401.7,1026.2,445.3
1715,0,person,0.1880,1198.3,499.6,1219.9,558.7
1715,2,large_vehicle,0.1654,564.6,474.7,651.4,526.7
1715,0,person,0.1237,919.4,429.5,933.4,460.7
1715,1,car,0.1194,955.3,401.7,1026.2,445.3
1716,1,car,0.7141,560.3,474.6,651.5,526.7
1716,1,car,0.5386,509.3,642.3,626.1,734.1
1716,2,large_vehicle,0.2064,509.3,642.3,626.1,734.1
1716,0,person,0.1609,481.2,504.4,496.5,548.2
1716,2,large_vehicle,0.1319,560.3,474.6,651.5,526.7
1716,2,large_vehicle,0.1309,956.6,402.0,1025.8,445.2
1716,0,person,0.1003,1198.2,501.3,1220.0,558.5
1717,1,car,0.7356,560.1,474.7,651.5,526.7
1717,1,car,0.5573,509.3,642.2,626.1,734.1
1717,2,large_vehicle,0.1871,509.3,642.2,626.1,734.1
1717,2,large_vehicle,0.1506,956.7,401.9,1026.2,445.3
1717,2,large_vehicle,0.1107,560.1,474.7,651.5,526.7
1717,0,person,0.1074,481.1,504.0,496.3,548.2
1718,1,car,0.7325,560.1,474.7,651.5,526.7
1718,1,car,0.5512,509.3,642.3,626.2,734.1
1718,2,large_vehicle,0.1966,509.3,642.3,626.2,734.1
1718,2,large_vehicle,0.1560,956.7,401.9,1026.2,445.3
1718,0,person,0.1415,481.2,504.3,496.4,548.2
1718,2,large_vehicle,0.1144,560.1,474.7,651.5,526.7
1719,1,car,0.8118,560.2,474.8,651.1,526.6
1719,1,car,0.5022,495.3,645.7,610.4,738.3
1719,0,person,0.4948,480.0,504.0,496.9,548.2
1719,2,large_vehicle,0.2632,957.3,402.5,1027.0,445.4
1719,2,large_vehicle,0.2337,495.3,645.7,610.4,738.3
1719,1,car,0.1362,957.3,402.5,1027.0,445.4
1720,1,car,0.8030,560.3,474.7,651.4,526.6
1720,1,car,0.4882,495.3,645.7,610.3,738.3
1720,0,person,0.4785,480.1,503.9,496.8,548.2
1720,0,person,0.2504,1198.8,513.5,1219.0,558.5
1720,2,large_vehicle,0.2459,495.3,645.7,610.3,738.3
1720,2,large_vehicle,0.2340,956.3,402.5,1027.1,445.3
1720,1,car,0.1551,956.3,402.5,1027.1,445.3
1721,1,car,0.7238,562.0,474.5,651.2,526.5
1721,1,car,0.4387,479.0,648.7,594.0,741.3
1721,2,large_vehicle,0.2792,955.6,402.7,1027.1,445.1
1721,1,car,0.1639,955.6,402.7,1027.1,445.1
1721,0,person,0.1466,1198.7,513.9,1218.7,558.4
1721,0,person,0.1249,479.8,503.4,495.4,548.2
1721,2,large_vehicle,0.1231,562.0,474.5,651.2,526.5
1722,1,car,0.7033,562.0,474.2,651.2,526.5
1722,1,car,0.4258,479.1,648.7,593.9,741.3
1722,2,large_vehicle,0.2580,954.4,402.6,1027.3,445.2
1722,1,car,0.1828,954.4,402.6,1027.3,445.2
1722,2,large_vehicle,0.1431,562.0,474.2,651.2,526.5
1722,0,person,0.1151,479.8,503.3,495.0,548.1
1723,1,car,0.7311,562.2,474.5,651.3,526.5
1723,1,car,0.4567,479.1,648.6,594.0,741.4
1723,2,large_vehicle,0.2487,954.0,402.6,1027.3,445.2
1723,1,car,0.1937,954.0,402.6,1027.3,445.2
1723,0,person,0.1187,479.8,503.4,495.2,548.1
1723,2,large_vehicle,0.1182,562.2,474.5,651.3,526.5
1724,1,car,0.7307,564.1,474.9,651.3,526.6
1724,1,car,0.3737,466.8,651.4,580.1,742.9
1724,2,large_vehicle,0.2575,956.7,402.3,1027.3,445.3
1724,1,car,0.2246,956.7,402.3,1027.3,445.3
1724,0,person,0.1407,916.0,433.4,929.3,461.4
1724,2,large_vehicle,0.1272,466.8,651.4,580.1,742.9
1724,2,large_vehicle,0.1074,564.1,474.9,651.3,526.6
1725,1,car,0.7127,565.5,474.9,651.3,526.6
1725,1,car,0.3989,466.6,651.4,580.0,742.9
1725,2,large_vehicle,0.2347,956.7,402.3,1026.9,445.2
1725,1,car,0.2063,956.7,402.3,1026.9,445.2
1725,0,person,0.1382,916.1,433.3,929.3,461.4
1725,2,large_vehicle,0.1241,466.6,651.4,580.0,742.9
1725,2,large_vehicle,0.1133,565.5,474.9,651.3,526.6
1726,1,car,0.7334,560.8,475.2,651.2,526.4
1726,1,car,0.3660,451.9,653.4,564.5,746.5
1726,0,person,0.2085,478.8,503.9,493.9,547.7
1726,2,large_vehicle,0.1876,957.9,403.0,1026.8,445.3
1726,1,car,0.1759,957.9,403.0,1026.8,445.3
1726,2,large_vehicle,0.1191,560.8,475.2,651.2,526.4
1726,0,person,0.1188,1198.3,499.0,1219.6,558.3
1727,1,car,0.7261,560.8,475.0,651.2,526.5
1727,1,car,0.4268,451.8,653.3,563.8,746.4
1727,0,person,0.2260,478.8,503.9,493.9,547.8
1727,1,car,0.1665,957.8,403.4,1025.9,445.3
1727,2,large_vehicle,0.1636,957.8,403.4,1025.9,445.3
1727,2,large_vehicle,0.1307,560.8,475.0,651.2,526.5
1727,0,person,0.1114,1198.3,499.3,1219.6,558.3
1728,1,car,0.8189,559.9,474.7,651.7,526.5
1728,2,large_vehicle,0.1984,957.5,403.3,1026.3,445.3
1728,1,car,0.1673,957.5,403.3,1026.3,445.3
1728,0,person,0.1591,1198.4,500.6,1219.6,558.5
1728,1,car,0.1535,438.1,657.3,551.0,749.2
1729,1,car,0.8268,560.1,474.9,651.9,526.5
1729,0,person,0.1753,478.2,503.5,494.4,547.5
1729,1,car,0.1717,957.4,403.6,1026.1,445.3
1729,2,large_vehicle,0.1672,957.4,403.6,1026.1,445.3
1729,0,person,0.1617,1198.6,502.3,1219.7,558.6
1729,1,car,0.1596,438.2,657.3,551.0,749.3
1730,1,car,0.7786,560.7,474.7,651.5,526.5
1730,1,car,0.4745,423.5,661.0,535.3,750.3
1730,2,large_vehicle,0.3104,423.5,661.0,535.3,750.3
1730,0,person,0.2673,1198.7,513.3,1219.0,558.5
1730,1,car,0.2129,955.2,403.3,1025.7,445.2
1730,2,large_vehicle,0.1437,955.2,403.3,1025.7,445.2
1731,1,car,0.7615,560.8,474.7,651.5,526.6
1731,1,car,0.4842,423.6,661.0,535.3,750.3
1731,2,large_vehicle,0.3064,423.6,661.0,535.3,750.3
1731,0,person,0.2789,1198.8,513.0,1219.1,558.4
1731,1,car,0.1958,955.4,403.4,1025.8,445.3
1731,2,large_vehicle,0.1289,955.4,403.4,1025.8,445.3
1732,1,car,0.7554,560.8,474.5,651.6,526.5
1732,1,car,0.4759,423.6,661.0,535.3,750.3
1732,2,large_vehicle,0.3128,423.6,661.0,535.3,750.3
1732,1,car,0.1981,954.6,403.1,1025.9,445.3
1732,2,large_vehicle,0.1297,954.6,403.1,1025.9,445.3
1733,1,car,0.7323,565.6,475.0,651.5,526.3
1733,0,person,0.5491,477.2,506.1,493.8,548.3
1733,1,car,0.4699,411.1,663.8,521.3,753.2
1733,1,car,0.2208,957.1,403.5,1026.8,445.2
1733,0,person,0.1432,1198.3,499.5,1219.8,558.9
1733,2,large_vehicle,0.1308,957.1,403.5,1026.8,445.2
1734,1,car,0.7345,566.0,474.9,651.4,526.3
1734,0,person,0.5105,477.3,506.1,493.7,548.2
1734,1,car,0.4554,411.1,663.7,521.3,753.2
1734,1,car,0.1884,957.4,403.2,1026.7,445.3
1734,2,large_vehicle,0.1289,957.4,403.2,1026.7,445.3
1734,0,person,0.1288,1198.2,498.2,1219.9,559.0
1735,1,car,0.7051,561.5,474.8,651.3,526.4
1735,1,car,0.3564,399.1,666.7,506.4,754.2
1735,2,large_vehicle,0.1274,561.5,474.8,651.3,526.4
1735,1,car,0.1252,957.8,403.0,1026.1,445.2
1735,2,large_vehicle,0.1047,957.8,403.0,1026.1,445.2
1736,1,car,0.7070,561.6,474.9,651.3,526.5
1736,1,car,0.3508,399.1,666.7,506.4,754.2
1736,1,car,0.1288,957.7,403.1,1026.2,445.2
1736,2,large_vehicle,0.1254,561.6,474.9,651.3,526.5
1736,2,large_vehicle,0.1054,957.7,403.1,1026.2,445.2
1737,1,car,0.7196,561.6,474.8,651.2,526.4
1737,1,car,0.3360,399.1,666.8,506.4,754.2
1737,2,large_vehicle,0.1188,561.6,474.8,651.2,526.4
1737,1,car,0.1005,957.8,402.6,1026.6,445.2
1738,1,car,0.8099,560.9,475.0,651.5,526.5
1738,1,car,0.3462,384.6,669.0,491.0,753.9
1738,2,large_vehicle,0.1980,384.6,669.0,491.0,753.9
1738,1,car,0.1342,957.7,403.1,1026.5,445.2
1738,2,large_vehicle,0.1012,957.7,403.1,1026.5,445.2
1739,1,car,0.8096,560.9,475.0,651.5,526.5
1739,1,car,0.3793,384.7,669.0,491.1,753.9
1739,2,large_vehicle,0.2088,384.7,669.0,491.1,753.9
1739,1,car,0.1364,957.8,403.3,1026.4,445.2
1740,1,car,0.7376,561.5,474.5,651.4,526.4
1740,1,car,0.3624,370.8,671.9,477.5,755.1
1740,1,car,0.1812,956.8,403.5,1026.3,445.2
1740,2,large_vehicle,0.1291,956.8,403.5,1026.3,445.2
1740,0,person,0.1021,1198.4,497.9,1219.6,558.4
1741,1,car,0.7424,561.6,474.6,651.4,526.4
1741,1,car,0.3942,370.7,671.9,477.6,755.4
1741,1,car,0.1703,956.2,403.3,1026.3,445.2
1741,2,large_vehicle,0.1193,956.2,403.3,1026.3,445.2
1742,1,car,0.7451,561.7,474.6,651.4,526.4
1742,1,car,0.3890,370.7,671.9,477.6,755.3
1742,1,car,0.1677,956.1,403.3,1026.3,445.2
1742,2,large_vehicle,0.1067,956.1,403.3,1026.3,445.2
1743,1,car,0.7018,565.7,475.0,651.3,526.3
1743,1,car,0.3494,358.0,675.7,464.3,762.9
1743,2,large_vehicle,0.2284,358.0,675.7,464.3,762.9
1743,1,car,0.1913,957.0,402.9,1025.9,445.2
1743,0,person,0.1583,1198.2,499.0,1219.7,558.7
1743,2,large_vehicle,0.1454,957.0,402.9,1025.9,445.2
1743,2,large_vehicle,0.1100,565.7,475.0,651.3,526.3
1744,1,car,0.6945,565.2,474.9,651.3,526.4
1744,1,car,0.3668,357.9,675.7,464.7,762.9
1744,2,large_vehicle,0.2431,357.9,675.7,464.7,762.9
1744,1,car,0.1646,957.4,402.4,1026.2,445.2
1744,2,large_vehicle,0.1507,957.4,402.4,1026.2,445.2
1744,2,large_vehicle,0.1198,565.2,474.9,651.3,526.4
1745,1,car,0.7167,561.6,474.9,651.2,526.4
1745,1,car,0.3413,343.2,678.5,453.9,764.5
1745,2,large_vehicle,0.1128,561.6,474.9,651.2,526.4
1746,1,car,0.6966,560.9,474.7,651.1,526.5
1746,1,car,0.3521,343.2,678.5,453.9,764.5
1746,2,large_vehicle,0.1362,560.9,474.7,651.1,526.5
1747,1,car,0.7175,560.7,474.8,651.0,526.5
1747,1,car,0.3669,343.2,678.5,454.1,764.4
1747,2,large_vehicle,0.1235,560.7,474.8,651.0,526.5
1748,1,car,0.7977,560.7,474.9,651.3,526.4
1748,0,person,0.3738,475.0,507.5,492.7,548.7
1748,2,large_vehicle,0.1366,957.7,402.6,1026.1,445.2
1748,1,car,0.1105,957.7,402.6,1026.1,445.2
1749,1,car,0.8014,560.7,474.8,651.3,526.5
1749,0,person,0.3302,475.0,507.5,492.7,548.6
1749,2,large_vehicle,0.1060,958.2,402.4,1026.2,445.0
1750,1,car,0.7100,559.1,473.9,651.5,526.1
1750,1,car,0.3583,320.8,682.7,421.8,765.7
1750,2,large_vehicle,0.2155,955.9,402.0,1025.9,445.2
1750,1,car,0.1609,955.9,402.0,1025.9,445.2
1751,1,car,0.7024,559.0,474.0,651.4,526.2
1751,1,car,0.3650,320.7,682.8,421.8,765.8
1751,2,large_vehicle,0.2214,956.8,401.6,1026.4,445.2
1751,1,car,0.1524,956.8,401.6,1026.4,445.2
1751,2,large_vehicle,0.1035,559.0,474.0,651.4,526.2
1752,1,car,0.7202,564.3,474.6,651.4,526.1
1752,1,car,0.3490,308.4,685.9,409.5,768.0
1752,2,large_vehicle,0.2445,957.2,401.7,1026.8,445.2
1752,1,car,0.1941,957.2,401.7,1026.8,445.2
1753,1,car,0.7128,564.9,474.7,651.5,526.1
1753,1,car,0.3415,308.4,686.0,409.5,768.1
1753,2,large_vehicle,0.1836,957.1,401.8,1026.2,445.1
1753,1,car,0.1595,957.1,401.8,1026.2,445.1
1753,0,person,0.1026,1199.0,513.4,1218.7,558.9
1754,1,car,0.7244,563.5,474.9,651.3,526.3
1754,1,car,0.3931,295.8,688.1,398.9,772.0
1754,2,large_vehicle,0.1982,957.4,401.8,1025.9,445.1
1754,1,car,0.1302,957.4,401.8,1025.9,445.1
1755,1,car,0.7253,563.7,474.9,651.3,526.3
1755,1,car,0.3915,295.8,688.1,398.9,772.1
1755,2,large_vehicle,0.2075,957.4,401.8,1026.1,445.1
1755,1,car,0.1371,957.4,401.8,1026.1,445.1
1756,1,car,0.7219,561.7,474.8,651.2,526.4
1756,1,car,0.3943,295.8,688.1,398.8,771.9
1756,2,large_vehicle,0.1266,958.0,402.2,1026.1,444.7
1756,1,car,0.1108,958.0,402.2,1026.1,444.7
1756,2,large_vehicle,0.1011,561.7,474.8,651.2,526.4
1757,1,car,0.8190,560.3,474.7,651.5,526.4
1757,1,car,0.3967,285.0,691.1,384.4,774.0
1757,2,large_vehicle,0.1535,958.3,402.5,1026.2,444.8
1757,1,car,0.1418,958.3,402.5,1026.2,444.8
1757,2,large_vehicle,0.1174,285.0,691.1,384.4,774.0
1757,0,person,0.1021,1198.4,501.7,1219.4,558.9
1758,1,car,0.8170,560.3,474.6,651.7,526.4
1758,1,car,0.4217,285.0,691.1,384.6,774.1
1758,2,large_vehicle,0.1592,958.2,402.5,1025.9,444.8
1758,1,car,0.1502,958.2,402.5,1025.9,444.8
1758,0,person,0.1018,906.8,436.7,920.3,467.2
1758,0,person,0.1018,1198.5,501.8,1219.4,558.8
1758,2,large_vehicle,0.1009,285.0,691.1,384.6,774.1
1759,1,car,0.7375,561.6,474.3,651.6,526.2
1759,2,large_vehicle,0.2295,956.9,402.3,1026.1,445.2
1759,1,car,0.1702,276.3,692.5,370.1,773.3
1759,1,car,0.1464,956.9,402.3,1026.1,445.2
1759,0,person,0.1277,906.0,437.3,919.7,467.1
1759,2,large_vehicle,0.1253,276.3,692.5,370.1,773.3
1760,1,car,0.7323,564.7,474.9,651.5,526.1
1760,2,large_vehicle,0.2239,956.5,402.2,1026.2,445.2
1760,1,car,0.1616,276.4,692.6,370.1,773.3
1760,0,person,0.1377,906.0,437.2,919.7,467.1
1760,1,car,0.1375,956.5,402.2,1026.2,445.2
1760,2,large_vehicle,0.1114,276.4,692.6,370.1,773.3
1761,1,car,0.7246,565.1,474.9,651.6,526.1
1761,2,large_vehicle,0.2150,956.7,402.3,1026.2,445.2
1761,1,car,0.1618,276.3,692.6,370.1,773.3
1761,1,car,0.1462,956.7,402.3,1026.2,445.2
1761,0,person,0.1379,906.0,437.1,919.7,467.1
1761,2,large_vehicle,0.1091,276.3,692.6,370.1,773.3
1762,1,car,0.7408,565.3,474.6,651.6,526.1
1762,2,large_vehicle,0.2805,957.2,401.7,1026.5,445.2
1762,0,person,0.2559,904.7,438.6,919.4,465.5
1762,1,car,0.2496,957.2,401.7,1026.5,445.2
1762,1,car,0.1384,264.8,695.0,359.5,773.5
1762,0,person,0.1118,905.7,435.3,919.0,463.4
1763,1,car,0.7407,566.1,474.7,651.6,526.2
1763,2,large_vehicle,0.2807,957.8,401.4,1026.9,445.2
1763,0,person,0.2665,904.7,438.5,919.3,465.5
1763,1,car,0.2252,957.8,401.4,1026.9,445.2
1763,1,car,0.1276,264.9,695.0,359.6,773.5
1763,0,person,0.1139,905.7,435.4,918.8,463.3
1764,1,car,0.7608,561.6,474.6,651.6,526.3
1764,0,person,0.3640,904.7,434.2,918.6,463.9
1764,2,large_vehicle,0.2728,957.3,401.4,1026.2,445.2
1764,1,car,0.1747,957.3,401.4,1026.2,445.2
1764,4,other_vehicle,0.1165,899.8,447.5,921.8,467.1
1765,1,car,0.7523,561.4,474.6,651.6,526.3
1765,0,person,0.3193,904.8,434.2,918.6,463.9
1765,2,large_vehicle,0.2694,957.5,401.2,1026.4,445.2
1765,0,person,0.1915,1199.0,513.2,1218.8,558.9
1765,1,car,0.1719,957.5,401.2,1026.4,445.2
1765,0,person,0.1061,903.5,439.2,918.8,465.4
1766,1,car,0.7492,561.2,474.7,651.6,526.3
1766,0,person,0.3897,904.8,434.1,918.7,463.9
1766,2,large_vehicle,0.2854,957.4,401.5,1026.6,445.2
1766,0,person,0.2666,1199.1,514.5,1218.9,558.8
1766,1,car,0.1642,957.4,401.5,1026.6,445.2
1766,4,other_vehicle,0.1064,899.3,447.4,922.0,467.2
1767,1,car,0.8177,560.0,474.6,651.4,526.4
1767,0,person,0.2972,903.6,434.5,918.3,463.3
1767,0,person,0.2569,1199.0,514.5,1218.9,558.7
1767,2,large_vehicle,0.2514,958.3,401.9,1026.8,445.2
1767,1,car,0.1509,958.3,401.9,1026.8,445.2
1767,1,car,0.1125,244.8,698.6,334.5,775.1
1768,1,car,0.8165,559.7,474.6,651.3,526.3
1768,0,person,0.2693,903.7,434.3,918.3,463.3
1768,2,large_vehicle,0.2375,958.4,402.3,1026.9,445.2
1768,0,person,0.1949,1199.1,514.9,1218.8,558.5
1768,1,car,0.1368,958.4,402.3,1026.9,445.2
1768,1,car,0.1165,244.9,698.6,334.5,775.0
1768,0,person,0.1070,901.4,440.3,917.5,465.2
1769,1,car,0.7766,562.8,474.6,651.8,526.1
1769,2,large_vehicle,0.2547,957.0,402.6,1026.5,445.1
1769,0,person,0.1825,900.6,440.1,916.9,465.9
1769,1,car,0.1796,957.0,402.6,1026.5,445.1
1769,0,person,0.1387,1199.3,515.3,1218.4,558.4
1769,0,person,0.1204,902.9,435.3,917.3,463.4
1770,1,car,0.7789,562.7,474.6,651.7,526.1
1770,2,large_vehicle,0.2476,956.9,402.6,1026.1,445.1
1770,1,car,0.1810,956.9,402.6,1026.1,445.1
1770,0,person,0.1795,900.6,440.1,916.9,465.9
1770,0,person,0.1374,1199.3,515.3,1218.4,558.3
1770,0,person,0.1167,902.9,435.3,917.3,463.4
1771,1,car,0.7570,562.6,474.2,651.9,526.1
1771,2,large_vehicle,0.2670,956.3,402.4,1026.5,445.2
1771,1,car,0.1856,956.3,402.4,1026.5,445.2
1771,0,person,0.1792,900.6,440.3,917.0,465.8
1771,0,person,0.1570,902.9,435.3,917.3,463.4
1771,0,person,0.1091,1199.2,515.1,1218.4,558.5
1772,1,car,0.7452,562.2,474.0,651.4,526.2
1772,2,large_vehicle,0.2845,957.2,402.0,1026.5,445.1
1772,1,car,0.2457,957.2,402.0,1026.5,445.1
1772,0,person,0.2160,1199.1,513.5,1218.6,558.7
1772,0,person,0.1628,468.5,507.9,484.7,552.3
1773,1,car,0.7414,562.1,474.0,651.2,526.2
1773,2,large_vehicle,0.2698,957.3,401.9,1026.8,445.1
1773,1,car,0.2433,957.3,401.9,1026.8,445.1
1773,0,person,0.2184,1199.1,513.3,1218.6,558.7
1773,0,person,0.1690,468.6,507.9,484.8,552.3
1774,1,car,0.7327,561.6,474.3,651.3,526.1
1774,2,large_vehicle,0.2093,958.5,401.9,1026.6,445.0
1774,0,person,0.1822,1199.1,514.4,1218.7,558.8
1774,1,car,0.1378,958.5,401.9,1026.6,445.0
1774,0,person,0.1296,468.1,508.3,484.2,552.1
1775,1,car,0.7372,561.9,474.4,651.4,526.1
1775,2,large_vehicle,0.2446,958.5,401.7,1026.7,444.9
1775,0,person,0.1397,1199.2,514.5,1218.5,558.5
1775,1,car,0.1351,958.5,401.7,1026.7,444.9
1775,0,person,0.1098,468.2,508.4,484.1,552.1
1776,1,car,0.8204,561.5,474.4,651.6,526.2
1776,2,large_vehicle,0.1926,958.9,402.2,1026.4,444.5
1776,0,person,0.1681,1199.2,516.5,1218.5,558.7
1776,1,car,0.1282,958.9,402.2,1026.4,444.5
1777,1,car,0.8240,560.4,474.3,651.6,526.2
1777,2,large_vehicle,0.1511,959.0,402.5,1025.9,444.2
1777,0,person,0.1273,1199.2,516.4,1218.4,558.6
1777,1,car,0.1075,959.0,402.5,1025.9,444.2
1778,1,car,0.7546,562.4,474.1,651.7,526.2
1778,0,person,0.1837,466.9,508.1,482.6,552.1
1778,2,large_vehicle,0.1830,956.2,402.4,1025.6,444.9
1778,0,person,0.1506,1199.1,516.1,1218.5,558.3
1778,0,person,0.1315,897.1,442.6,911.9,467.0
1778,1,car,0.1179,956.2,402.4,1025.6,444.9
1779,1,car,0.7567,562.5,474.1,651.7,526.2
1779,0,person,0.1806,466.9,508.1,482.6,552.1
1779,2,large_vehicle,0.1658,956.2,402.3,1025.9,445.0
1779,0,person,0.1467,1199.1,515.9,1218.4,558.3
1779,0,person,0.1296,897.1,442.6,911.9,467.0
1779,1,car,0.1099,956.2,402.3,1025.9,445.0
1780,1,car,0.7370,562.1,474.0,651.7,526.2
1780,0,person,0.1970,1199.0,515.0,1218.6,558.3
1780,2,large_vehicle,0.1814,956.2,402.4,1025.7,445.0
1780,0,person,0.1758,466.8,508.0,482.6,552.1
1780,0,person,0.1340,897.1,442.5,911.9,467.1
1780,1,car,0.1217,956.2,402.4,1025.7,445.0
1781,1,car,0.7367,562.7,473.9,651.7,526.1
1781,2,large_vehicle,0.3353,957.2,401.7,1026.3,445.2
1781,1,car,0.1598,957.2,401.7,1026.3,445.2
1782,1,car,0.7375,562.2,473.8,651.8,526.2
1782,2,large_vehicle,0.3397,957.2,401.7,1026.3,445.2
1782,1,car,0.1636,957.2,401.7,1026.3,445.2
1783,1,car,0.7573,561.9,474.2,651.6,526.4
1783,2,large_vehicle,0.1971,958.0,402.1,1025.4,444.8
1783,1,car,0.1109,958.0,402.1,1025.4,444.8
1784,1,car,0.7544,562.0,474.4,651.9,526.3
1784,2,large_vehicle,0.2236,957.9,402.4,1025.3,444.8
1784,1,car,0.1455,957.9,402.4,1025.3,444.8
1785,1,car,0.7548,561.9,474.4,651.9,526.3
1785,2,large_vehicle,0.2188,957.9,402.5,1025.3,444.8
1785,1,car,0.1486,957.9,402.5,1025.3,444.8
1786,1,car,0.8217,559.9,474.3,651.4,526.2
1786,2,large_vehicle,0.2416,957.8,402.5,1025.1,445.1
1786,1,car,0.1758,957.8,402.5,1025.1,445.1
1787,1,car,0.8135,560.0,474.1,651.4,526.2
1787,2,large_vehicle,0.2610,958.0,402.5,1025.4,445.1
1787,1,car,0.1781,958.0,402.5,1025.4,445.1
1788,1,car,0.7343,560.6,473.8,651.4,526.3
1788,0,person,0.2618,1199.1,514.8,1218.6,558.4
1788,2,large_vehicle,0.2438,956.2,402.3,1025.1,444.9
1788,1,car,0.1795,956.2,402.3,1025.1,444.9
1789,1,car,0.7102,559.7,473.5,651.5,526.3
1789,0,person,0.2391,1199.2,514.9,1218.5,558.2
1789,2,large_vehicle,0.2255,956.2,402.2,1025.3,444.9
1789,1,car,0.1636,956.2,402.2,1025.3,444.9
1789,2,large_vehicle,0.1037,559.7,473.5,651.5,526.3
1790,1,car,0.7120,560.8,473.5,651.4,526.3
1790,2,large_vehicle,0.3017,956.3,402.1,1026.2,445.1
1790,0,person,0.2013,1199.1,513.6,1218.5,558.5
1790,1,car,0.1828,956.3,402.1,1026.2,445.1
1790,2,large_vehicle,0.1120,560.8,473.5,651.4,526.3
1791,1,car,0.7408,563.4,473.9,651.3,526.3
1791,2,large_vehicle,0.2836,957.7,402.1,1025.3,445.0
1791,1,car,0.1883,957.7,402.1,1025.3,445.0
1792,1,car,0.7240,563.1,473.8,651.2,526.3
1792,2,large_vehicle,0.2640,956.7,401.9,1025.7,445.1
1792,1,car,0.2055,956.7,401.9,1025.7,445.1
1793,1,car,0.7027,562.8,474.3,651.7,526.3
1793,2,large_vehicle,0.2632,958.1,402.6,1025.4,445.0
1793,1,car,0.1414,958.1,402.6,1025.4,445.0
1794,1,car,0.7016,563.6,474.5,651.6,526.2
1794,2,large_vehicle,0.3033,958.0,402.4,1025.6,445.1
1794,1,car,0.1402,958.0,402.4,1025.6,445.1
1795,1,car,0.7151,562.3,474.2,651.6,526.2
1795,2,large_vehicle,0.2222,957.9,402.4,1025.2,445.0
1795,1,car,0.1110,957.9,402.4,1025.2,445.0
1796,1,car,0.7855,562.6,474.2,651.7,526.2
1796,2,large_vehicle,0.2991,957.5,402.0,1026.1,445.2
1796,0,person,0.2309,1199.2,515.5,1218.7,558.4
1796,1,car,0.1634,957.5,402.0,1026.1,445.2
1797,1,car,0.7899,562.1,474.2,651.8,526.2
1797,2,large_vehicle,0.3003,957.7,402.1,1026.1,445.2
1797,0,person,0.2447,1199.3,515.6,1218.7,558.4
1797,1,car,0.1599,957.7,402.1,1026.1,445.2
1798,1,car,0.7477,562.2,474.0,652.4,526.2
1798,2,large_vehicle,0.3006,955.8,401.9,1025.8,445.1
1798,0,person,0.2034,1199.3,515.1,1218.6,558.0
1798,1,car,0.1842,955.8,401.9,1025.8,445.1
1798,0,person,0.1513,892.5,440.9,906.1,468.1
1798,0,person,0.1400,891.8,435.1,906.5,466.9
1799,1,car,0.7605,562.7,474.4,652.2,526.2
1799,2,large_vehicle,0.2858,956.3,402.2,1026.1,445.2
1799,1,car,0.2188,956.3,402.2,1026.1,445.2
1799,0,person,0.1855,891.6,435.0,906.3,466.6
1799,0,person,0.1558,1199.2,514.8,1218.6,558.0
1800,1,car,0.7594,565.1,474.8,651.7,526.2
1800,2,large_vehicle,0.2802,957.0,401.7,1025.8,445.0
1800,1,car,0.2083,957.0,401.7,1025.8,445.0
1801,1,car,0.7527,565.7,474.8,651.5,526.2
1801,2,large_vehicle,0.2687,957.1,401.9,1026.1,445.1
1801,1,car,0.2134,957.1,401.9,1026.1,445.1
1802,1,car,0.7315,563.3,474.6,652.6,526.2
1802,0,person,0.3736,891.6,435.6,905.5,466.0
1802,2,large_vehicle,0.2758,957.9,402.2,1025.8,445.2
1802,1,car,0.1514,957.9,402.2,1025.8,445.2
1802,3,motorcycle,0.1490,888.5,447.4,912.7,468.8
1802,4,other_vehicle,0.1053,888.5,447.4,912.7,468.8
1803,1,car,0.7275,563.6,474.6,652.3,526.2
1803,0,person,0.3733,891.6,435.6,905.5,466.0
1803,2,large_vehicle,0.2760,957.9,402.2,1025.7,445.2
1803,1,car,0.1499,957.9,402.2,1025.7,445.2
1803,3,motorcycle,0.1498,888.5,447.5,912.8,468.8
1803,4,other_vehicle,0.1054,888.5,447.5,912.8,468.8
1804,1,car,0.7110,563.1,474.2,653.3,526.2
1804,0,person,0.3713,891.6,435.7,905.5,466.0
1804,2,large_vehicle,0.2523,958.0,402.1,1025.5,445.2
1804,3,motorcycle,0.1439,888.5,447.4,912.5,468.8
1804,1,car,0.1232,958.0,402.1,1025.5,445.2
1804,0,person,0.1022,1199.3,514.7,1218.3,558.3
1804,4,other_vehicle,0.1015,888.5,447.4,912.5,468.8
1805,1,car,0.7868,562.2,474.4,652.5,526.1
1805,2,large_vehicle,0.2984,957.9,402.4,1026.2,445.2
1805,0,person,0.2034,1199.2,513.7,1218.5,558.3
1805,1,car,0.1391,957.9,402.4,1026.2,445.2
1806,1,car,0.7870,562.2,474.4,652.7,526.1
1806,2,large_vehicle,0.2946,957.9,402.4,1026.2,445.2
1806,0,person,0.2165,1199.3,514.4,1218.5,558.3
1806,1,car,0.1423,957.9,402.4,1026.2,445.2
1807,1,car,0.7089,562.9,473.6,652.8,526.0
1807,2,large_vehicle,0.3603,956.9,401.9,1026.5,445.1
1807,0,person,0.2524,1199.3,514.5,1218.4,558.4
1807,1,car,0.1443,956.9,401.9,1026.5,445.1
1808,1,car,0.7057,563.0,473.8,652.8,526.0
1808,2,large_vehicle,0.3273,956.8,401.8,1026.3,445.1
1808,0,person,0.2284,1199.3,513.9,1218.3,558.5
1808,1,car,0.1121,956.8,401.8,1026.3,445.1
1809,1,car,0.7080,562.9,473.8,652.8,526.0
1809,2,large_vehicle,0.3266,956.8,401.8,1026.3,445.1
1809,0,person,0.2276,1199.3,513.7,1218.3,558.5
1809,1,car,0.1169,956.8,401.8,1026.3,445.1
1810,1,car,0.6996,564.4,474.1,652.0,526.0
1810,2,large_vehicle,0.2756,956.9,400.7,1026.8,445.0
1810,0,person,0.1920,459.6,508.2,475.9,552.0
1810,1,car,0.1124,956.9,400.7,1026.8,445.0
1811,1,car,0.7104,563.8,473.9,652.1,526.1
1811,2,large_vehicle,0.2667,956.8,400.2,1026.7,445.0
1811,0,person,0.2169,459.6,508.1,475.9,552.0
1811,0,person,0.1127,1198.7,500.4,1219.2,559.1
1811,1,car,0.1040,956.8,400.2,1026.7,445.0
1812,1,car,0.7121,562.6,474.1,652.9,526.1
1812,2,large_vehicle,0.2405,957.1,401.0,1026.6,445.1
1812,4,other_vehicle,0.1495,92.3,722.1,155.7,787.5
1812,0,person,0.1441,1199.1,512.8,1218.6,558.9
1813,1,car,0.7115,561.8,473.7,653.4,526.1
1813,2,large_vehicle,0.1808,957.5,401.2,1026.0,445.0
1813,4,other_vehicle,0.1748,92.3,722.1,155.7,787.4
1813,0,person,0.1382,1199.1,512.7,1218.5,559.0
1814,1,car,0.7080,561.7,473.9,652.7,526.1
1814,2,large_vehicle,0.1904,957.7,401.3,1026.1,444.9
1814,0,person,0.1683,1199.2,513.1,1218.5,559.0
1814,4,other_vehicle,0.1628,92.3,722.2,155.7,787.4
1814,1,car,0.1151,957.7,401.3,1026.1,444.9
1815,1,car,0.7795,560.4,473.9,652.1,526.2
1815,0,person,0.2721,1199.0,512.5,1218.6,559.1
1815,2,large_vehicle,0.2571,957.1,401.1,1026.1,445.0
1816,1,car,0.7756,560.2,474.0,652.0,526.2
1816,0,person,0.3013,1199.1,513.8,1218.5,559.0
1816,2,large_vehicle,0.2369,957.0,401.1,1026.2,445.0
1817,1,car,0.7058,561.7,473.7,652.2,526.1
1817,0,person,0.3186,1199.3,515.0,1218.6,558.9
1817,2,large_vehicle,0.2015,955.2,401.4,1025.7,444.9
1817,1,car,0.1122,955.2,401.4,1025.7,444.9
1818,1,car,0.6959,561.7,473.7,652.1,526.1
1818,0,person,0.3163,1199.3,515.1,1218.5,558.9
1818,2,large_vehicle,0.1753,956.2,401.5,1025.8,444.9
1818,2,large_vehicle,0.1082,561.7,473.7,652.1,526.1
1818,1,car,0.1045,956.2,401.5,1025.8,444.9
1819,1,car,0.6680,560.9,473.2,652.4,526.2
1819,0,person,0.2289,1199.2,513.3,1218.4,558.9
1819,2,large_vehicle,0.1865,955.4,401.8,1025.7,445.0
1819,2,large_vehicle,0.1311,560.9,473.2,652.4,526.2
1819,1,car,0.1131,955.4,401.8,1025.7,445.0
1820,1,car,0.6503,563.5,473.6,652.0,525.9
1820,0,person,0.2841,1199.2,512.7,1218.7,558.9
1820,2,large_vehicle,0.2084,957.1,400.6,1026.1,445.0
1820,1,car,0.1247,957.1,400.6,1026.1,445.0
1820,2,large_vehicle,0.1025,563.5,473.6,652.0,525.9
1821,1,car,0.6742,563.3,473.8,652.0,525.9
1821,2,large_vehicle,0.1992,957.0,400.7,1025.9,444.9
1821,0,person,0.1338,1198.9,500.7,1219.2,559.1
1821,1,car,0.1191,957.0,400.7,1025.9,444.9
1822,1,car,0.6451,562.4,473.6,651.7,525.8
1822,0,person,0.2372,1199.4,514.0,1218.4,558.7
1822,2,large_vehicle,0.1956,957.8,400.6,1025.8,444.7
1822,2,large_vehicle,0.1489,562.4,473.6,651.7,525.8
1822,1,car,0.1328,957.8,400.6,1025.8,444.7
1823,1,car,0.6532,562.3,473.7,651.6,525.9
1823,0,person,0.3201,1199.4,515.4,1218.5,558.6
1823,2,large_vehicle,0.1454,562.3,473.7,651.6,525.9
1823,2,large_vehicle,0.1408,958.4,401.0,1025.8,444.4
1823,1,car,0.1089,958.4,401.0,1025.8,444.4
1824,1,car,0.7756,561.6,473.8,651.6,526.0
1824,0,person,0.3128,1199.3,514.4,1218.5,558.8
1824,2,large_vehicle,0.1458,958.4,401.0,1026.2,444.7
1825,1,car,0.7699,561.3,473.8,651.6,526.0
1825,0,person,0.3609,1199.3,514.9,1218.6,558.8
1825,2,large_vehicle,0.1177,958.3,401.1,1026.1,444.6
1826,1,car,0.7183,564.2,473.9,652.1,525.8
1826,0,person,0.3734,1199.3,515.4,1218.5,558.8
1826,2,large_vehicle,0.1081,957.3,400.8,1026.5,444.8
1827,1,car,0.7160,564.3,473.9,652.1,525.8
1827,0,person,0.3674,1199.2,514.6,1218.6,558.8
1827,2,large_vehicle,0.1253,957.1,400.8,1026.4,444.8
1828,1,car,0.7231,563.5,473.8,652.0,525.9
1828,0,person,0.3996,1199.1,514.1,1218.7,558.8
1828,2,large_vehicle,0.1166,957.3,400.6,1026.6,444.8
1829,1,car,0.7199,563.7,473.7,652.1,525.9
1829,0,person,0.4026,1199.3,514.4,1218.6,558.9
1829,2,large_vehicle,0.1434,957.3,400.2,1026.7,444.8
1830,1,car,0.7016,563.0,473.4,652.2,525.7
1830,0,person,0.3561,1199.3,513.5,1218.6,558.7
1830,2,large_vehicle,0.1550,957.3,400.1,1026.7,444.8
1830,2,large_vehicle,0.1211,563.0,473.4,652.2,525.7
1830,1,car,0.1121,957.3,400.1,1026.7,444.8
1831,1,car,0.6599,560.9,473.5,651.6,525.7
1831,0,person,0.2971,1199.5,514.8,1218.5,558.6
1831,2,large_vehicle,0.1770,560.9,473.5,651.6,525.7
1831,2,large_vehicle,0.1607,958.0,400.2,1026.9,444.7
1832,1,car,0.6546,560.3,473.6,651.7,525.7
1832,0,person,0.2437,1199.4,514.1,1218.5,558.3
1832,2,large_vehicle,0.1845,957.8,400.2,1027.2,444.7
1832,2,large_vehicle,0.1781,560.3,473.6,651.7,525.7
1832,1,car,0.1045,957.8,400.2,1027.2,444.7
1833,1,car,0.6675,560.1,473.5,652.0,525.7
1833,0,person,0.2428,1199.4,514.3,1218.5,558.3
1833,2,large_vehicle,0.1841,957.8,400.0,1027.1,444.7
1833,2,large_vehicle,0.1661,560.1,473.5,652.0,525.7
1833,1,car,0.1056,957.8,400.0,1027.1,444.7
1834,1,car,0.7333,561.5,473.5,651.7,525.6
1834,2,large_vehicle,0.2034,957.9,400.0,1027.4,444.8
1835,1,car,0.7175,561.7,473.5,651.9,525.6
1835,2,large_vehicle,0.1769,957.6,400.1,1027.1,444.7
1835,0,person,0.1713,1199.4,504.9,1219.0,557.5
1835,2,large_vehicle,0.1043,561.7,473.5,651.9,525.6
1836,1,car,0.6975,562.8,473.8,652.1,525.5
1836,0,person,0.3200,1199.3,513.6,1218.5,557.4
1836,2,large_vehicle,0.1816,957.0,400.1,1026.6,444.7
1836,2,large_vehicle,0.1125,562.8,473.8,652.1,525.5
1837,1,car,0.6593,563.1,473.5,651.9,525.6
1837,2,large_vehicle,0.1889,956.7,400.2,1026.4,444.6
1837,0,person,0.1677,1199.6,505.5,1219.0,556.9
1837,2,large_vehicle,0.1556,563.1,473.5,651.9,525.6
1838,1,car,0.6334,566.1,473.7,651.8,525.4
1838,2,large_vehicle,0.2811,956.2,399.9,1027.0,444.7
1838,0,person,0.2581,1199.3,502.6,1219.2,557.3
1838,2,large_vehicle,0.1551,566.1,473.7,651.8,525.4
1838,1,car,0.1269,956.2,399.9,1027.0,444.7
1839,1,car,0.6846,563.4,473.3,651.7,525.6
1839,2,large_vehicle,0.4484,954.1,399.1,1028.4,444.7
1839,0,person,0.2898,1198.7,498.5,1219.2,557.8
1839,1,car,0.1660,954.1,399.1,1028.4,444.7
1839,2,large_vehicle,0.1104,563.4,473.3,651.7,525.6
1840,1,car,0.6930,563.5,473.2,651.7,525.6
1840,2,large_vehicle,0.4527,954.1,399.2,1028.7,444.7
1840,0,person,0.2947,1198.7,498.5,1219.2,557.8
1840,1,car,0.1710,954.1,399.2,1028.7,444.7
1840,2,large_vehicle,0.1049,563.5,473.2,651.7,525.6
1841,1,car,0.6447,561.6,473.2,651.6,525.4
1841,0,person,0.2904,1198.8,499.6,1219.3,557.6
1841,2,large_vehicle,0.2165,957.0,400.1,1027.4,444.6
1841,2,large_vehicle,0.1779,561.6,473.2,651.6,525.4
1841,1,car,0.1428,957.0,400.1,1027.4,444.6
1842,1,car,0.6515,561.6,473.2,651.7,525.4
1842,0,person,0.2752,1198.7,499.6,1219.3,557.5
1842,2,large_vehicle,0.2268,957.1,400.0,1027.5,444.6
1842,2,large_vehicle,0.1701,561.6,473.2,651.7,525.4
1842,1,car,0.1475,957.1,400.0,1027.5,444.6
1843,1,car,0.6336,561.4,473.1,651.6,525.4
1843,0,person,0.2380,1198.9,500.2,1219.3,558.2
1843,2,large_vehicle,0.2140,957.2,400.0,1027.7,444.6
1843,2,large_vehicle,0.1981,561.4,473.1,651.6,525.4
1843,1,car,0.1430,957.2,400.0,1027.7,444.6
1844,1,car,0.6606,563.5,473.8,651.6,525.5
1844,0,person,0.4609,1198.8,499.5,1219.3,558.5
1844,2,large_vehicle,0.2500,956.8,400.0,1027.4,444.6
1844,0,person,0.1926,451.4,506.8,468.5,553.0
1844,4,other_vehicle,0.1510,26.2,730.5,77.6,784.3
1844,2,large_vehicle,0.1494,563.5,473.8,651.6,525.5
1844,1,car,0.1212,956.8,400.0,1027.4,444.6
1845,1,car,0.6514,563.6,473.8,651.4,525.5
1845,0,person,0.4409,1198.8,499.8,1219.4,558.4
1845,2,large_vehicle,0.2198,956.8,400.2,1027.7,444.6
1845,0,person,0.1763,451.5,507.0,468.4,553.0
1845,2,large_vehicle,0.1620,563.6,473.8,651.4,525.5
1845,4,other_vehicle,0.1507,26.2,730.5,77.6,784.3
1845,1,car,0.1334,956.8,400.2,1027.7,444.6
1846,1,car,0.4833,566.0,473.3,651.5,525.2
1846,0,person,0.4425,1198.5,499.1,1219.5,557.5
1846,4,other_vehicle,0.3345,21.9,731.4,73.1,784.6
1846,2,large_vehicle,0.2789,955.6,400.4,1026.9,444.5
1846,2,large_vehicle,0.2004,566.0,473.3,651.5,525.2
1846,1,car,0.1823,955.6,400.4,1026.9,444.5
1846,0,person,0.1549,449.9,508.1,465.5,553.9
1847,0,person,0.3663,1198.5,499.2,1219.5,557.6
1847,4,other_vehicle,0.3387,22.0,731.2,73.0,784.5
1847,2,large_vehicle,0.2946,955.6,400.1,1026.9,444.4
1847,1,car,0.1750,955.6,400.1,1026.9,444.4
1847,1,car,0.1323,566.5,472.9,651.7,525.1
1847,0,person,0.1156,450.0,508.9,465.4,553.9
1848,1,car,0.5500,566.5,473.5,651.3,525.2
1848,2,large_vehicle,0.2943,955.0,399.7,1026.7,444.4
1848,0,person,0.2937,1198.6,499.5,1219.5,557.8
1848,4,other_vehicle,0.1961,17.7,729.2,68.1,782.6
1848,2,large_vehicle,0.1850,566.5,473.5,651.3,525.2
1848,1,car,0.1718,955.0,399.7,1026.7,444.4
1849,1,car,0.5744,566.3,473.6,651.4,525.2
1849,2,large_vehicle,0.2945,955.4,399.6,1026.9,444.4
1849,0,person,0.2449,1198.5,499.3,1219.5,558.0
1849,4,other_vehicle,0.1815,17.7,729.2,68.1,782.5
1849,1,car,0.1642,955.4,399.6,1026.9,444.4
1849,2,large_vehicle,0.1609,566.3,473.6,651.4,525.2
1850,1,car,0.5980,564.0,473.3,651.3,525.4
1850,0,person,0.5846,448.7,507.3,466.6,554.5
1850,0,person,0.2829,1198.6,499.5,1219.3,557.7
1850,2,large_vehicle,0.2095,957.0,400.2,1026.8,444.6
1850,2,large_vehicle,0.2000,564.0,473.3,651.3,525.4
1850,1,car,0.1504,957.0,400.2,1026.8,444.6
1851,1,car,0.6031,564.3,473.4,651.3,525.3
1851,0,person,0.5948,448.7,507.2,466.6,554.4
1851,0,person,0.2879,1198.6,499.4,1219.3,557.7
1851,2,large_vehicle,0.1994,957.1,400.1,1026.8,444.6
1851,2,large_vehicle,0.1936,564.3,473.4,651.3,525.3
1851,1,car,0.1405,957.1,400.1,1026.8,444.6
1852,1,car,0.5837,563.7,473.4,651.3,525.3
1852,0,person,0.5354,448.7,507.4,466.5,554.5
1852,0,person,0.2285,1198.5,498.8,1219.2,557.6
1852,2,large_vehicle,0.2107,563.7,473.4,651.3,525.3
1852,2,large_vehicle,0.2027,957.1,400.1,1027.1,444.6
1852,1,car,0.1508,957.1,400.1,1027.1,444.6
