frame,class_id,class,conf,x1,y1,x2,y2
0,1,car,0.4366,553.5,506.0,646.9,556.3
0,1,car,0.3125,948.5,440.7,1022.2,484.5
0,2,large_vehicle,0.2306,948.5,440.7,1022.2,484.5
0,2,large_vehicle,0.1856,553.5,506.0,646.9,556.3
1,1,car,0.3048,948.3,440.6,1022.0,484.4
1,1,car,0.2886,555.0,506.2,646.3,556.3
1,2,large_vehicle,0.2102,948.3,440.6,1022.0,484.4
1,1,car,0.1825,562.6,507.0,647.5,556.4
1,2,large_vehicle,0.1729,555.0,506.2,646.3,556.3
1,1,car,0.1148,1279.5,634.2,1342.0,710.3
1,2,large_vehicle,0.1065,1186.7,515.2,1262.3,570.6
2,1,car,0.2920,948.4,440.8,1021.8,484.4
2,1,car,0.2458,562.9,507.2,647.6,556.4
2,1,car,0.2218,554.8,506.4,646.5,556.3
2,2,large_vehicle,0.2125,948.4,440.8,1021.8,484.4
2,1,car,0.1236,1279.5,634.1,1342.0,710.5
2,2,large_vehicle,0.1163,554.8,506.4,646.5,556.3
2,2,large_vehicle,0.1125,562.9,507.2,647.6,556.4
2,2,large_vehicle,0.1053,1186.7,515.1,1262.3,570.6
3,1,car,0.7114,554.2,506.8,646.8,556.2
3,1,car,0.3039,947.6,440.6,1022.3,484.4
3,1,car,0.1622,1182.4,509.7,1264.7,570.7
3,2,large_vehicle,0.1468,947.6,440.6,1022.3,484.4
3,2,large_vehicle,0.1191,554.2,506.8,646.8,556.2
4,1,car,0.7438,554.4,507.1,647.8,556.2
4,1,car,0.2491,949.1,440.7,1022.3,484.2
4,1,car,0.1790,1182.3,510.5,1264.2,570.7
4,2,large_vehicle,0.1612,949.1,440.7,1022.3,484.2
4,2,large_vehicle,0.1022,554.4,507.1,647.8,556.2
5,1,car,0.7371,555.1,507.1,647.2,556.2
5,2,large_vehicle,0.4023,1177.0,506.6,1266.3,572.5
5,1,car,0.3525,949.1,440.6,1022.8,484.2
5,1,car,0.1820,1177.0,506.6,1266.3,572.5
5,2,large_vehicle,0.1742,949.1,440.6,1022.8,484.2
5,1,car,0.1424,1279.6,631.7,1342.0,709.8
6,1,car,0.7500,555.2,506.9,647.1,556.2
6,2,large_vehicle,0.4070,1177.0,506.8,1266.2,572.5
6,1,car,0.3237,949.9,440.7,1022.8,484.2
6,1,car,0.1736,1177.0,506.8,1266.2,572.5
6,1,car,0.1590,1279.7,631.8,1342.0,710.0
6,2,large_vehicle,0.1448,949.9,440.7,1022.8,484.2
7,1,car,0.5948,1171.7,506.9,1264.0,574.7
7,1,car,0.4570,562.5,507.4,647.8,556.4
7,1,car,0.3945,949.2,441.0,1022.6,484.3
7,2,large_vehicle,0.2131,949.2,441.0,1022.6,484.3
7,1,car,0.2083,1279.7,632.7,1342.0,709.0
7,2,large_vehicle,0.1372,562.5,507.4,647.8,556.4
8,1,car,0.5841,1171.8,507.6,1263.6,574.6
8,1,car,0.4691,563.0,507.4,647.6,556.4
8,1,car,0.3873,949.1,441.0,1022.4,484.3
8,2,large_vehicle,0.2135,949.1,441.0,1022.4,484.3
8,1,car,0.1911,1279.7,632.9,1342.0,709.3
8,2,large_vehicle,0.1437,563.0,507.4,647.6,556.4
9,1,car,0.5196,947.6,440.4,1022.5,484.4
9,2,large_vehicle,0.3536,1167.1,507.7,1255.0,576.9
9,1,car,0.3402,563.2,507.6,648.0,556.3
9,1,car,0.3081,1167.1,507.7,1255.0,576.9
9,1,car,0.2688,1279.7,632.5,1342.0,708.3
9,1,car,0.2236,558.4,507.3,647.3,556.3
9,2,large_vehicle,0.1859,947.6,440.4,1022.5,484.4
10,1,car,0.5018,948.2,440.2,1022.6,484.4
10,1,car,0.3271,1279.7,633.0,1342.0,708.1
10,1,car,0.3265,563.5,507.5,648.9,556.3
10,1,car,0.3258,1167.1,507.7,1254.6,576.9
10,2,large_vehicle,0.3204,1167.1,507.7,1254.6,576.9
10,1,car,0.2995,558.8,507.2,648.3,556.3
10,2,large_vehicle,0.1890,948.2,440.2,1022.6,484.4
11,1,car,0.5042,948.2,440.3,1022.6,484.4
11,1,car,0.3414,563.8,507.4,648.9,556.3
11,2,large_vehicle,0.3266,1167.1,507.8,1254.7,576.9
11,1,car,0.3192,1167.1,507.8,1254.7,576.9
11,1,car,0.3181,1279.7,632.5,1342.0,708.1
11,1,car,0.2314,559.1,507.2,648.2,556.3
11,2,large_vehicle,0.1916,948.2,440.3,1022.6,484.4
12,1,car,0.6830,554.8,506.9,651.7,556.1
12,2,large_vehicle,0.4961,1161.5,516.0,1246.0,580.3
12,1,car,0.4368,948.5,439.8,1022.6,484.3
12,1,car,0.2401,1161.5,516.0,1246.0,580.3
12,1,car,0.2318,1279.7,632.8,1342.0,707.8
12,2,large_vehicle,0.1843,948.5,439.8,1022.6,484.3
13,1,car,0.6825,554.1,506.9,649.6,556.1
13,2,large_vehicle,0.4817,1161.6,516.5,1245.0,580.2
13,1,car,0.4350,949.2,439.9,1022.6,484.2
13,1,car,0.2563,1161.6,516.5,1245.0,580.2
13,1,car,0.1855,1279.7,633.1,1342.0,708.1
13,2,large_vehicle,0.1733,949.2,439.9,1022.6,484.2
13,1,car,0.1144,554.3,506.9,650.6,556.2
14,1,car,0.7259,555.5,506.8,648.8,556.4
14,2,large_vehicle,0.4363,1155.4,517.2,1244.7,581.0
14,1,car,0.3955,949.0,439.6,1022.7,484.2
14,1,car,0.3342,1155.4,517.2,1244.7,581.0
14,1,car,0.1898,555.3,506.6,648.3,556.3
14,2,large_vehicle,0.1631,949.0,439.6,1022.7,484.2
14,1,car,0.1419,1279.6,633.0,1342.0,709.3
15,1,car,0.5417,555.3,506.7,647.8,556.3
15,1,car,0.5146,555.5,506.8,648.2,556.4
15,2,large_vehicle,0.4363,1155.4,517.2,1244.7,581.0
15,1,car,0.3924,949.2,439.8,1022.7,484.3
15,1,car,0.3354,1155.4,517.2,1244.7,581.0
15,1,car,0.1496,1279.6,633.0,1342.0,709.5
15,2,large_vehicle,0.1432,949.2,439.8,1022.7,484.3
16,1,car,0.6421,555.6,506.8,648.0,556.4
16,2,large_vehicle,0.4591,1155.4,516.6,1244.8,581.1
16,1,car,0.3421,949.4,439.8,1022.5,484.3
16,1,car,0.3402,555.8,506.9,648.5,556.4
16,1,car,0.3059,1155.4,516.6,1244.8,581.1
16,1,car,0.1586,557.2,507.0,648.9,556.6
16,2,large_vehicle,0.1520,949.4,439.8,1022.5,484.3
16,1,car,0.1515,1279.6,633.0,1342.0,709.4
17,1,car,0.5061,1150.8,522.7,1237.7,582.8
17,1,car,0.4893,566.2,507.4,650.0,556.5
17,1,car,0.2850,949.2,440.2,1023.2,484.5
17,2,large_vehicle,0.2746,1150.8,522.7,1237.7,582.8
17,2,large_vehicle,0.1847,949.2,440.2,1023.2,484.5
17,1,car,0.1211,1279.6,634.5,1342.0,708.9
17,2,large_vehicle,0.1032,566.2,507.4,650.0,556.5
18,1,car,0.5292,566.4,507.6,649.3,556.4
18,1,car,0.4956,1150.8,522.6,1237.5,582.8
18,1,car,0.3043,949.2,440.3,1023.1,484.6
18,2,large_vehicle,0.2800,1150.8,522.6,1237.5,582.8
18,2,large_vehicle,0.1814,949.2,440.3,1023.1,484.6
18,1,car,0.1241,1279.6,634.5,1342.0,708.9
18,2,large_vehicle,0.1182,566.4,507.6,649.3,556.4
19,1,car,0.5646,1144.8,524.8,1215.7,585.4
19,1,car,0.3047,948.4,439.9,1023.4,484.8
19,1,car,0.2877,565.3,506.7,649.2,556.5
19,1,car,0.2287,561.8,506.4,648.5,556.5
19,2,large_vehicle,0.1616,948.4,439.9,1023.4,484.8
19,2,large_vehicle,0.1090,1188.2,393.0,1239.1,422.8
20,1,car,0.5609,1144.8,524.8,1215.7,585.4
20,1,car,0.2974,561.4,506.5,648.9,556.5
20,1,car,0.2972,948.4,439.9,1023.3,484.8
20,1,car,0.2578,565.2,506.9,649.5,556.5
20,2,large_vehicle,0.1609,948.4,439.9,1023.3,484.8
21,1,car,0.5592,1144.8,524.9,1215.7,585.3
21,1,car,0.3960,559.8,506.3,646.8,556.5
21,1,car,0.3176,948.2,440.1,1023.2,484.7
21,1,car,0.1898,564.0,506.6,647.4,556.4
21,2,large_vehicle,0.1517,948.2,440.1,1023.2,484.7
22,1,car,0.6732,557.1,506.7,649.1,556.3
22,1,car,0.4176,948.9,439.8,1022.5,484.4
22,1,car,0.3784,1138.7,526.8,1214.6,587.4
22,1,car,0.2583,1138.2,526.9,1213.7,588.0
22,2,large_vehicle,0.1578,948.9,439.8,1022.5,484.4
23,1,car,0.5210,557.0,506.7,648.2,556.3
23,1,car,0.4229,948.8,439.9,1022.0,484.4
23,1,car,0.3853,1138.1,526.9,1213.8,587.9
23,1,car,0.3382,1138.6,526.8,1214.8,587.4
23,1,car,0.1754,556.2,506.5,647.4,556.3
23,2,large_vehicle,0.1631,948.8,439.9,1022.0,484.4
23,1,car,0.1032,1279.6,634.6,1342.0,709.2
24,1,car,0.7976,557.1,506.7,647.4,556.4
24,1,car,0.5772,1132.9,528.1,1209.7,589.1
24,2,large_vehicle,0.1633,1132.9,528.1,1209.7,589.1
24,1,car,0.1047,1279.6,634.7,1342.0,709.5
24,1,car,0.1011,949.1,440.1,1022.6,484.2
25,1,car,0.8139,556.8,506.6,647.1,556.3
25,1,car,0.5744,1132.9,528.0,1209.8,589.1
25,1,car,0.2183,949.4,440.5,1022.4,484.3
25,2,large_vehicle,0.1534,1132.9,528.0,1209.8,589.1
25,1,car,0.1157,1279.6,634.3,1342.0,709.4
25,1,car,0.1067,1133.1,527.8,1210.1,589.1
25,2,large_vehicle,0.1037,949.4,440.5,1022.4,484.3
26,1,car,0.8110,556.7,506.6,647.2,556.3
26,1,car,0.5730,1132.9,528.1,1209.8,589.1
26,2,large_vehicle,0.1622,1132.9,528.1,1209.8,589.1
26,1,car,0.1135,1279.6,634.3,1342.0,709.3
27,1,car,0.6633,1126.2,529.5,1205.9,592.5
27,1,car,0.5228,565.9,507.2,647.9,556.3
27,0,person,0.3519,1192.8,560.1,1209.6,598.0
27,1,car,0.2398,949.6,440.6,1022.3,484.5
27,2,large_vehicle,0.1389,949.6,440.6,1022.3,484.5
27,1,car,0.1146,1279.6,633.4,1342.0,709.4
28,1,car,0.6382,1126.3,529.3,1205.9,592.5
28,1,car,0.3619,565.1,507.1,648.0,556.4
28,1,car,0.2487,949.4,440.6,1022.6,484.5
28,0,person,0.2115,1192.5,558.9,1209.0,597.5
28,2,large_vehicle,0.1613,949.4,440.6,1022.6,484.5
28,1,car,0.1363,562.5,506.8,646.9,556.4
28,1,car,0.1149,1279.6,633.5,1342.0,709.2
29,1,car,0.8149,1120.2,532.0,1199.8,593.8
29,1,car,0.5665,558.5,506.3,647.0,556.5
29,1,car,0.2227,564.0,506.6,647.7,556.5
29,1,car,0.1945,949.1,440.7,1022.8,484.3
30,1,car,0.8143,1120.1,532.0,1199.7,593.8
30,1,car,0.6028,556.9,506.2,647.5,556.5
30,1,car,0.3724,948.5,440.8,1023.0,484.4
30,2,large_vehicle,0.1400,948.5,440.8,1023.0,484.4
30,1,car,0.1046,562.5,506.4,648.0,556.5
31,1,car,0.5861,1115.1,533.8,1195.4,596.6
31,1,car,0.5629,555.4,506.1,648.9,556.5
31,1,car,0.3667,947.9,439.9,1023.6,484.2
31,2,large_vehicle,0.1837,947.9,439.9,1023.6,484.2
31,1,car,0.1292,555.0,505.9,648.2,556.4
31,2,large_vehicle,0.1046,1115.1,533.8,1195.4,596.6
32,1,car,0.6118,1115.1,533.8,1195.7,596.6
32,1,car,0.5391,555.0,506.1,647.5,556.4
32,1,car,0.3701,948.0,439.9,1023.6,484.2
32,2,large_vehicle,0.2043,948.0,439.9,1023.6,484.2
32,1,car,0.1926,555.5,506.3,648.1,556.5
33,1,car,0.8286,1106.6,534.3,1191.3,598.4
33,1,car,0.7832,556.5,506.0,648.1,556.4
33,1,car,0.4451,949.3,439.9,1022.6,484.1
33,2,large_vehicle,0.1481,949.3,439.9,1022.6,484.1
33,1,car,0.1020,1279.7,632.8,1342.0,710.2
34,1,car,0.8314,1106.5,534.3,1191.3,598.4
34,1,car,0.7823,557.0,506.3,647.7,556.5
34,1,car,0.4524,949.3,439.8,1022.5,484.2
34,2,large_vehicle,0.1520,949.3,439.8,1022.5,484.2
35,1,car,0.8312,1106.6,534.3,1191.2,598.4
35,1,car,0.7800,556.9,506.2,647.7,556.5
35,1,car,0.4389,949.3,439.9,1022.5,484.2
35,2,large_vehicle,0.1554,949.3,439.9,1022.5,484.2
36,1,car,0.8010,1101.1,537.4,1185.1,600.5
36,1,car,0.4378,949.5,439.9,1022.6,484.2
36,1,car,0.4068,564.6,506.6,649.2,556.5
36,2,large_vehicle,0.1973,949.5,439.9,1022.6,484.2
36,1,car,0.1843,560.8,506.4,648.0,556.5
37,1,car,0.8035,1101.2,537.4,1185.1,600.5
37,1,car,0.3629,564.3,506.5,649.1,556.5
37,1,car,0.3489,560.5,506.4,648.3,556.6
37,1,car,0.1785,949.3,440.1,1022.6,484.2
38,1,car,0.6152,557.6,505.9,650.0,556.6
38,1,car,0.6016,1094.4,538.2,1179.1,603.8
38,1,car,0.3652,949.1,440.1,1023.3,484.4
38,2,large_vehicle,0.2305,1094.4,538.2,1179.1,603.8
38,2,large_vehicle,0.1957,949.1,440.1,1023.3,484.4
38,1,car,0.1682,563.3,506.1,649.8,556.5
39,1,car,0.5944,557.2,505.7,652.3,556.5
39,1,car,0.5910,1094.7,538.2,1179.0,603.9
39,1,car,0.3423,949.2,440.0,1023.4,484.4
39,2,large_vehicle,0.2450,1094.7,538.2,1179.0,603.9
39,2,large_vehicle,0.1848,949.2,440.0,1023.4,484.4
40,1,car,0.6124,1094.5,538.2,1179.3,603.8
40,1,car,0.5944,556.6,505.3,656.6,556.4
40,1,car,0.3592,948.9,440.2,1023.3,484.3
40,2,large_vehicle,0.2296,1094.5,538.2,1179.3,603.8
40,2,large_vehicle,0.1929,948.9,440.2,1023.3,484.3
41,1,car,0.8234,1088.0,539.5,1174.2,605.4
41,1,car,0.6768,555.5,505.1,654.5,556.4
41,1,car,0.4201,947.9,439.6,1023.0,484.4
41,2,large_vehicle,0.2295,947.9,439.6,1023.0,484.4
42,1,car,0.8271,1088.0,539.5,1174.2,605.4
42,1,car,0.6473,554.9,504.8,655.7,556.3
42,1,car,0.4385,947.6,439.6,1022.9,484.3
42,2,large_vehicle,0.2078,947.6,439.6,1022.9,484.3
43,1,car,0.7694,1080.7,541.8,1168.5,608.3
43,1,car,0.7349,555.4,505.1,655.1,556.3
43,1,car,0.3868,948.7,440.0,1022.3,484.0
43,2,large_vehicle,0.1489,948.7,440.0,1022.3,484.0
43,1,car,0.1070,1279.4,633.6,1342.0,708.5
44,1,car,0.7686,1080.7,541.8,1168.4,608.3
44,1,car,0.7413,555.6,505.2,655.1,556.3
44,1,car,0.3930,948.6,439.8,1022.3,484.0
44,2,large_vehicle,0.1548,948.6,439.8,1022.3,484.0
45,1,car,0.7636,1080.7,541.8,1168.4,608.3
45,1,car,0.7278,555.4,504.9,651.1,556.3
45,1,car,0.3977,949.4,440.2,1022.5,484.0
45,2,large_vehicle,0.1426,949.4,440.2,1022.5,484.0
45,1,car,0.1014,1279.4,633.6,1342.0,708.6
46,1,car,0.8663,1075.1,542.7,1163.5,609.4
46,1,car,0.6685,558.4,504.7,660.6,556.3
46,1,car,0.4046,949.8,439.8,1022.4,483.9
46,2,large_vehicle,0.1762,949.8,439.8,1022.4,483.9
47,1,car,0.8638,1075.3,542.8,1163.4,609.6
47,1,car,0.6716,558.7,504.9,659.0,556.3
47,1,car,0.4064,949.7,439.9,1022.3,483.9
47,2,large_vehicle,0.1762,949.7,439.9,1022.3,483.9
48,1,car,0.8375,1066.7,545.5,1157.1,612.9
48,1,car,0.6757,556.6,505.0,655.2,556.2
48,1,car,0.1687,948.9,439.9,1022.4,484.0
49,1,car,0.8397,1066.7,545.5,1156.8,612.9
49,1,car,0.6784,557.6,505.0,658.5,556.2
49,1,car,0.4018,948.7,439.7,1023.4,484.2
49,2,large_vehicle,0.2117,948.7,439.7,1023.4,484.2
49,1,car,0.1003,1279.5,633.8,1342.0,708.6
50,1,car,0.8416,1066.7,545.5,1156.9,612.9
50,1,car,0.6806,557.5,504.9,657.3,556.2
50,1,car,0.3946,948.7,439.6,1023.5,484.2
50,2,large_vehicle,0.2069,948.7,439.6,1023.5,484.2
50,1,car,0.1026,1279.5,633.9,1342.0,708.5
51,1,car,0.8510,1060.1,546.8,1153.7,614.4
51,1,car,0.7285,555.7,504.9,661.5,556.1
51,1,car,0.3740,947.5,439.4,1023.3,484.1
51,2,large_vehicle,0.1926,947.5,439.4,1023.3,484.1
51,1,car,0.1063,1279.4,634.1,1342.0,708.3
52,1,car,0.8489,1060.1,546.9,1153.6,614.4
52,1,car,0.7397,554.4,505.0,658.3,556.2
52,1,car,0.3648,948.1,439.6,1022.2,484.1
52,2,large_vehicle,0.2003,948.1,439.6,1022.2,484.1
52,1,car,0.1081,1279.5,634.4,1342.0,708.5
53,1,car,0.7945,1052.7,549.0,1147.8,616.8
53,1,car,0.7879,555.3,505.2,653.0,556.2
53,1,car,0.3173,948.9,439.3,1022.3,484.1
53,2,large_vehicle,0.2198,948.9,439.3,1022.3,484.1
53,1,car,0.1061,1279.5,634.0,1342.0,709.3
54,1,car,0.7932,1052.7,549.0,1148.0,616.8
54,1,car,0.7638,556.0,505.3,651.3,556.3
54,1,car,0.3155,948.9,439.4,1022.4,484.1
54,2,large_vehicle,0.2211,948.9,439.4,1022.4,484.1
54,1,car,0.1088,1279.5,634.3,1342.0,709.3
55,1,car,0.8470,1043.6,550.6,1141.0,620.0
55,1,car,0.5911,564.5,505.7,658.5,556.1
55,1,car,0.3166,949.2,439.1,1022.1,484.2
55,2,large_vehicle,0.2029,949.2,439.1,1022.1,484.2
55,1,car,0.1830,566.0,506.3,652.6,556.2
56,1,car,0.8484,1043.7,550.6,1140.9,620.0
56,1,car,0.3383,564.7,506.1,655.0,556.1
56,1,car,0.3222,566.1,506.5,651.8,556.2
56,1,car,0.3072,949.2,439.1,1022.0,484.2
56,2,large_vehicle,0.2063,949.2,439.1,1022.0,484.2
57,1,car,0.8237,1035.6,552.9,1137.2,621.9
57,1,car,0.6235,559.6,505.1,654.8,556.2
57,1,car,0.3387,949.1,439.2,1021.4,484.2
57,2,large_vehicle,0.1829,949.1,439.2,1021.4,484.2
58,1,car,0.8245,1035.6,552.9,1137.3,621.9
58,1,car,0.6482,558.5,504.9,655.6,556.2
58,1,car,0.3612,948.6,439.0,1022.0,484.2
58,2,large_vehicle,0.2179,948.6,439.0,1022.0,484.2
59,1,car,0.8242,1035.6,552.9,1137.2,621.9
59,1,car,0.6391,558.3,504.7,655.7,556.2
59,1,car,0.3627,948.6,439.0,1022.1,484.2
59,2,large_vehicle,0.2192,948.6,439.0,1022.1,484.2
60,1,car,0.8283,1029.1,554.5,1127.5,624.9
60,1,car,0.7282,553.2,503.9,663.6,556.2
60,1,car,0.3030,947.2,438.1,1021.9,484.3
60,2,large_vehicle,0.2191,947.2,438.1,1021.9,484.3
61,1,car,0.8299,1029.1,554.5,1127.6,624.9
61,1,car,0.7112,554.2,504.0,663.2,556.2
61,1,car,0.2428,948.0,438.3,1021.5,484.2
61,2,large_vehicle,0.1880,948.0,438.3,1021.5,484.2
62,1,car,0.8601,1020.5,555.9,1124.4,628.1
62,1,car,0.7334,555.8,505.4,650.3,556.2
62,1,car,0.1825,948.6,438.4,1021.8,484.2
62,2,large_vehicle,0.1216,948.6,438.4,1021.8,484.2
63,1,car,0.8609,1020.4,555.9,1124.3,628.1
63,1,car,0.7234,556.0,505.2,650.5,556.2
63,1,car,0.1665,948.8,438.6,1022.1,484.2
63,2,large_vehicle,0.1120,948.8,438.6,1022.1,484.2
64,1,car,0.8600,1020.4,555.9,1124.3,628.1
64,1,car,0.4896,558.4,505.5,649.2,556.2
64,1,car,0.1959,560.1,505.6,649.2,556.3
64,1,car,0.1374,948.8,438.4,1022.2,484.2
65,1,car,0.8784,1013.1,558.6,1114.7,630.7
65,1,car,0.4155,561.7,505.6,649.8,556.3
65,1,car,0.1810,563.8,505.6,650.1,556.3
66,1,car,0.8766,1013.2,558.5,1114.6,630.7
66,1,car,0.3041,562.4,505.7,649.9,556.3
66,1,car,0.2309,564.1,505.7,650.2,556.3
66,1,car,0.1569,949.8,438.5,1021.5,484.0
67,1,car,0.8915,1002.8,559.7,1110.8,634.5
67,1,car,0.6762,556.7,505.0,648.7,556.5
67,2,large_vehicle,0.2122,948.0,438.5,1022.6,484.3
67,1,car,0.2033,948.0,438.5,1022.6,484.3
67,0,person,0.1147,1191.1,542.7,1210.9,596.2
68,1,car,0.8911,1002.8,559.7,1110.8,634.5
68,1,car,0.6701,556.5,505.0,648.6,556.6
68,2,large_vehicle,0.2058,948.0,438.5,1022.6,484.3
68,1,car,0.2029,948.0,438.5,1022.6,484.3
68,0,person,0.1155,1191.1,542.6,1210.9,596.2
69,1,car,0.8925,1002.7,559.7,1110.8,634.5
69,1,car,0.6956,555.4,504.8,648.7,556.5
69,1,car,0.2239,948.2,438.6,1022.9,484.3
69,2,large_vehicle,0.2218,948.2,438.6,1022.9,484.3
70,1,car,0.9029,995.2,562.6,1104.5,636.1
70,1,car,0.7321,555.6,505.2,653.6,556.1
70,1,car,0.2496,947.8,438.4,1021.9,483.8
70,2,large_vehicle,0.1428,947.8,438.4,1021.9,483.8
71,1,car,0.9046,995.0,562.6,1104.6,635.9
71,1,car,0.7341,555.2,505.0,654.5,556.1
71,1,car,0.2239,949.1,438.7,1021.6,483.8
71,2,large_vehicle,0.1216,949.1,438.7,1021.6,483.8
72,1,car,0.8908,986.5,563.3,1090.4,639.3
72,1,car,0.5435,558.5,505.3,650.4,556.1
72,1,car,0.1986,949.4,438.6,1021.6,483.8
72,1,car,0.1298,560.2,505.4,649.9,556.3
72,2,large_vehicle,0.1102,949.4,438.6,1021.6,483.8
73,1,car,0.8884,986.6,563.3,1090.4,639.3
73,1,car,0.3291,559.3,505.5,649.3,556.1
73,1,car,0.2199,560.5,505.6,649.4,556.3
73,1,car,0.1796,949.5,438.7,1021.5,483.8
74,1,car,0.8881,986.6,563.3,1090.4,639.3
74,1,car,0.2622,560.5,505.6,649.2,556.3
74,1,car,0.2542,559.2,505.5,648.9,556.1
74,1,car,0.1778,949.5,438.8,1021.6,483.8
75,1,car,0.8838,977.4,565.9,1086.2,642.8
75,1,car,0.2895,563.3,505.7,649.8,556.2
75,1,car,0.1714,561.0,505.5,649.1,556.2
75,1,car,0.1518,949.7,439.0,1021.4,483.8
75,0,person,0.1365,1191.0,546.6,1210.3,596.4
76,1,car,0.8847,977.5,565.9,1086.6,642.7
76,1,car,0.3899,563.5,505.7,649.4,556.3
76,0,person,0.1503,1191.0,546.2,1210.4,596.5
76,1,car,0.1151,949.3,438.8,1021.7,484.1
76,2,large_vehicle,0.1104,949.3,438.8,1021.7,484.1
77,1,car,0.9044,968.3,568.4,1076.1,644.3
77,1,car,0.6778,555.6,504.8,650.5,556.4
78,1,car,0.9050,968.3,568.4,1076.1,644.4
78,1,car,0.6951,554.2,504.4,649.9,556.4
78,1,car,0.1113,949.0,438.8,1021.2,484.1
79,1,car,0.8984,959.0,570.9,1068.2,647.7
79,1,car,0.6656,557.4,504.9,653.1,556.0
79,2,large_vehicle,0.1595,947.6,438.3,1021.9,484.1
79,1,car,0.1380,947.6,438.3,1021.9,484.1
80,1,car,0.8985,958.8,570.9,1068.2,647.6
80,1,car,0.6609,557.4,505.0,653.2,556.0
80,2,large_vehicle,0.1665,947.6,438.4,1021.5,484.0
80,1,car,0.1364,947.6,438.4,1021.5,484.0
81,1,car,0.8942,948.7,572.7,1060.3,650.9
81,1,car,0.7339,553.9,504.7,649.5,556.0
81,2,large_vehicle,0.1134,949.1,438.8,1021.8,483.8
82,1,car,0.8948,948.8,572.7,1060.3,650.8
82,1,car,0.6751,555.7,505.1,648.1,556.1
83,1,car,0.8946,948.8,572.7,1060.3,650.8
83,1,car,0.6562,555.7,505.1,648.1,556.1
83,1,car,0.1077,949.7,438.9,1021.1,483.7
84,1,car,0.9058,937.9,575.8,1053.7,653.5
84,1,car,0.4010,562.8,505.8,648.7,555.9
84,1,car,0.1855,949.9,438.5,1021.6,483.7
84,2,large_vehicle,0.1134,949.9,438.5,1021.6,483.7
85,1,car,0.9052,938.0,575.8,1053.9,653.5
85,1,car,0.4427,564.0,505.9,649.1,556.0
85,2,large_vehicle,0.1331,949.4,438.6,1022.1,484.0
86,1,car,0.9129,928.6,577.2,1043.4,656.1
86,1,car,0.6988,555.8,505.1,648.5,556.1
86,1,car,0.1110,949.4,438.8,1021.2,483.7
87,1,car,0.9128,928.4,577.2,1043.4,656.1
87,1,car,0.6991,555.8,504.9,648.3,556.1
87,1,car,0.3074,948.8,439.0,1022.1,483.8
87,2,large_vehicle,0.1145,948.8,439.0,1022.1,483.8
87,1,car,0.1126,561.9,505.3,648.8,556.0
88,1,car,0.9122,928.4,577.2,1043.4,656.1
88,1,car,0.6881,555.4,504.9,648.8,556.1
88,1,car,0.3124,948.4,438.6,1022.1,483.8
88,2,large_vehicle,0.1586,948.4,438.6,1022.1,483.8
88,1,car,0.1309,562.4,505.3,649.2,555.9
89,1,car,0.9211,918.7,580.6,1034.1,659.7
89,1,car,0.7303,554.8,505.1,651.7,555.8
89,1,car,0.3619,947.0,438.1,1022.7,483.8
89,2,large_vehicle,0.2167,947.0,438.1,1022.7,483.8
89,1,car,0.1225,1179.7,511.2,1267.1,568.0
90,1,car,0.9206,918.6,580.6,1034.1,659.7
90,1,car,0.5056,554.2,505.1,651.3,555.8
90,1,car,0.4029,553.2,504.8,649.8,555.6
90,1,car,0.3587,947.1,438.0,1022.6,483.8
90,2,large_vehicle,0.1980,947.1,438.0,1022.6,483.8
90,1,car,0.1129,1179.7,511.6,1267.1,568.0
91,1,car,0.9227,909.0,582.1,1026.4,662.8
91,1,car,0.6964,555.0,505.4,648.6,555.9
91,1,car,0.2913,1176.0,516.1,1263.7,569.6
91,1,car,0.2191,948.0,438.0,1022.2,483.6
91,1,car,0.1765,554.6,505.2,648.0,555.7
91,2,large_vehicle,0.1533,948.0,438.0,1022.2,483.6
91,1,car,0.1191,1175.8,520.4,1253.4,569.4
92,1,car,0.9227,909.0,582.1,1026.4,662.8
92,1,car,0.6812,554.9,505.4,648.6,555.9
92,1,car,0.2915,1176.0,516.1,1263.7,569.6
92,1,car,0.2269,554.5,505.2,648.0,555.7
92,1,car,0.2152,947.9,438.0,1022.2,483.6
92,2,large_vehicle,0.1474,947.9,438.0,1022.2,483.6
92,1,car,0.1164,1175.8,520.3,1253.4,569.4
93,1,car,0.9232,909.0,582.1,1026.3,662.8
93,1,car,0.7096,555.3,505.3,648.1,556.0
93,1,car,0.2757,1176.0,516.1,1263.1,569.7
93,1,car,0.2123,949.0,438.5,1022.2,483.6
93,2,large_vehicle,0.1431,949.0,438.5,1022.2,483.6
93,1,car,0.1233,1175.8,520.4,1252.9,569.4
93,1,car,0.1081,554.9,505.0,647.6,555.8
94,1,car,0.9228,897.7,584.9,1016.3,665.9
94,1,car,0.5599,1172.7,512.1,1263.5,570.6
94,1,car,0.5548,557.9,505.6,649.1,555.9
94,1,car,0.2849,949.9,439.0,1022.0,483.5
94,0,person,0.2584,898.2,641.3,918.9,702.6
94,0,person,0.2202,898.7,639.2,918.8,694.3
94,1,car,0.2106,561.7,505.8,649.5,555.9
94,2,large_vehicle,0.1428,949.9,439.0,1022.0,483.5
95,1,car,0.9230,897.7,584.9,1016.2,665.8
95,1,car,0.5542,1172.7,512.2,1263.2,570.7
95,1,car,0.5406,558.7,505.6,648.2,555.9
95,1,car,0.2882,949.9,439.0,1022.2,483.6
95,1,car,0.2571,562.5,505.7,648.9,556.0
95,0,person,0.2334,898.3,641.3,919.0,702.6
95,0,person,0.2267,898.8,639.2,918.8,694.0
95,2,large_vehicle,0.1479,949.9,439.0,1022.2,483.6
96,1,car,0.9078,885.8,588.5,1008.1,667.2
96,1,car,0.7589,549.6,503.6,647.4,555.8
96,1,car,0.5478,1166.6,513.2,1251.3,572.4
96,2,large_vehicle,0.2747,949.1,439.7,1022.6,483.8
96,1,car,0.2346,949.1,439.7,1022.6,483.8
96,2,large_vehicle,0.1049,1187.6,392.1,1239.5,420.9
97,1,car,0.9068,885.8,588.5,1008.0,667.2
97,1,car,0.7698,549.1,503.7,648.0,555.8
97,1,car,0.5466,1166.5,514.2,1250.7,572.4
97,2,large_vehicle,0.2232,949.3,439.7,1022.5,483.8
97,1,car,0.1502,949.3,439.7,1022.5,483.8
98,1,car,0.9068,885.8,588.5,1008.0,667.2
98,1,car,0.7656,549.7,503.7,648.2,555.8
98,1,car,0.5349,1166.5,514.1,1250.7,572.4
98,2,large_vehicle,0.2519,949.2,439.7,1022.5,483.8
98,1,car,0.1757,949.2,439.7,1022.5,483.8
99,1,car,0.9087,874.6,589.5,999.7,671.6
99,1,car,0.7211,551.0,503.9,657.8,556.0
99,1,car,0.7096,1161.2,519.5,1240.8,576.5
99,2,large_vehicle,0.3387,948.1,439.3,1022.7,483.6
99,1,car,0.1980,550.8,503.6,654.7,555.7
99,1,car,0.1606,948.1,439.3,1022.7,483.6
100,1,car,0.9083,874.6,589.5,999.7,671.6
100,1,car,0.7066,551.7,504.3,655.5,555.9
100,1,car,0.7056,1161.2,519.8,1240.6,576.5
100,2,large_vehicle,0.2636,949.4,439.3,1021.3,483.4
100,1,car,0.2427,551.4,504.0,652.9,555.7
100,1,car,0.2224,949.4,439.3,1021.3,483.4
101,1,car,0.9144,864.1,592.4,989.9,674.7
101,1,car,0.7756,1157.2,520.4,1240.5,577.2
101,1,car,0.7430,554.7,505.3,647.5,555.6
101,1,car,0.2367,949.4,439.9,1021.4,483.4
101,2,large_vehicle,0.2207,949.4,439.9,1021.4,483.4
101,1,car,0.1911,554.9,505.4,648.0,555.8
101,0,person,0.1033,893.7,645.4,914.1,704.1
102,1,car,0.9145,864.0,592.4,989.9,674.6
102,1,car,0.7757,1157.2,520.3,1240.3,577.2
102,1,car,0.6979,555.7,505.3,647.8,555.8
102,1,car,0.2269,950.4,440.0,1021.6,483.4
102,2,large_vehicle,0.1859,950.4,440.0,1021.6,483.4
102,0,person,0.1101,893.6,645.4,914.2,704.3
103,1,car,0.9129,852.6,594.4,979.7,679.2
103,1,car,0.7550,1152.4,519.2,1239.6,578.3
103,1,car,0.5835,556.4,505.2,649.1,555.9
103,1,car,0.2777,949.9,439.6,1021.4,483.4
103,2,large_vehicle,0.2035,949.9,439.6,1021.4,483.4
103,1,car,0.1671,560.5,505.5,649.2,555.9
103,2,large_vehicle,0.1190,1187.5,391.8,1239.8,420.7
104,1,car,0.9124,852.6,594.4,979.7,679.1
104,1,car,0.7576,1152.7,519.3,1239.3,578.3
104,1,car,0.6078,556.4,505.2,649.1,555.9
104,1,car,0.2590,949.9,439.5,1021.4,483.4
104,2,large_vehicle,0.1967,949.9,439.5,1021.4,483.4
104,1,car,0.1605,560.7,505.4,649.2,555.9
104,2,large_vehicle,0.1160,1187.5,391.8,1239.9,420.7
105,1,car,0.9118,840.8,597.6,969.8,682.8
105,1,car,0.7623,1147.7,523.2,1234.5,581.2
105,1,car,0.7480,551.1,503.7,647.8,556.0
105,2,large_vehicle,0.2090,949.2,439.8,1021.8,483.5
105,1,car,0.1887,949.2,439.8,1021.8,483.5
105,2,large_vehicle,0.1099,1187.1,391.7,1239.7,420.5
106,1,car,0.9121,840.8,597.6,969.8,682.8
106,1,car,0.7676,551.2,503.8,647.1,556.0
106,1,car,0.7574,1147.7,523.2,1234.9,581.2
106,2,large_vehicle,0.2187,949.0,439.9,1022.1,483.5
106,1,car,0.1987,949.0,439.9,1022.1,483.5
106,2,large_vehicle,0.1096,1187.3,391.7,1239.8,420.5
107,1,car,0.9120,840.8,597.6,969.8,682.8
107,1,car,0.7597,551.2,503.7,647.7,555.9
107,1,car,0.7574,1147.7,523.2,1234.8,581.2
107,2,large_vehicle,0.2004,949.3,440.0,1022.0,483.5
107,1,car,0.1802,949.3,440.0,1022.0,483.5
107,2,large_vehicle,0.1080,1187.3,391.7,1239.8,420.5
108,1,car,0.9197,826.2,601.2,961.0,686.9
108,1,car,0.7442,553.0,504.2,649.8,555.9
108,1,car,0.7226,1142.3,524.6,1234.2,584.4
108,2,large_vehicle,0.3353,947.8,439.5,1022.7,483.6
108,1,car,0.1817,947.8,439.5,1022.7,483.6
108,2,large_vehicle,0.1040,1187.8,391.8,1240.2,420.7
109,1,car,0.9201,826.2,601.2,961.2,686.9
109,1,car,0.7231,1142.3,525.2,1234.7,584.4
109,1,car,0.6018,553.6,504.2,648.9,555.8
109,1,car,0.4213,554.2,504.6,649.9,556.1
109,2,large_vehicle,0.3609,947.7,439.6,1022.9,483.6
109,1,car,0.1894,947.7,439.6,1022.9,483.6
109,2,large_vehicle,0.1009,1187.9,391.6,1240.5,420.6
110,1,car,0.9215,816.4,602.5,948.6,690.3
110,1,car,0.6661,1137.0,526.4,1223.8,586.4
110,1,car,0.5376,555.5,504.6,647.6,556.0
110,1,car,0.2141,949.3,439.5,1021.8,483.3
110,2,large_vehicle,0.1834,949.3,439.5,1021.8,483.3
110,1,car,0.1173,554.9,504.4,647.2,555.8
110,2,large_vehicle,0.1158,1187.6,391.5,1239.3,420.8
111,1,car,0.9214,816.5,602.5,948.6,690.3
111,1,car,0.6624,1136.9,526.4,1223.9,586.4
111,1,car,0.5693,555.6,504.4,647.6,556.0
111,1,car,0.1819,950.2,439.6,1021.8,483.1
111,2,large_vehicle,0.1534,950.2,439.6,1021.8,483.1
111,2,large_vehicle,0.1126,1187.7,391.5,1239.6,420.8
111,2,large_vehicle,0.1015,1136.9,526.4,1223.9,586.4
112,1,car,0.9213,816.5,602.5,948.6,690.3
112,1,car,0.6648,1136.9,526.3,1225.3,586.4
112,1,car,0.5139,556.8,504.8,648.0,556.0
112,1,car,0.1655,949.9,438.8,1022.1,483.1
112,2,large_vehicle,0.1350,949.9,438.8,1022.1,483.1
112,2,large_vehicle,0.1027,1136.9,526.3,1225.3,586.4
113,1,car,0.9207,803.4,605.1,938.0,694.0
113,1,car,0.7987,1131.3,529.9,1214.0,588.3
113,1,car,0.6518,556.6,504.8,648.1,556.2
114,1,car,0.9205,803.7,605.1,938.1,693.9
114,1,car,0.7907,1131.3,529.9,1214.0,588.4
114,1,car,0.6230,556.3,504.9,647.9,556.2
115,1,car,0.9045,792.9,608.8,925.8,697.2
115,1,car,0.6290,550.9,503.0,648.6,556.2
115,1,car,0.3827,1126.5,530.6,1213.2,591.4
115,2,large_vehicle,0.3331,1126.5,530.6,1213.2,591.4
115,1,car,0.2583,551.4,503.7,649.2,556.4
115,1,car,0.1265,1216.6,581.7,1341.0,653.8
115,1,car,0.1209,949.5,438.8,1021.6,483.2
115,2,large_vehicle,0.1017,1187.7,391.8,1238.9,420.5
116,1,car,0.9043,792.9,608.8,925.9,697.2
116,1,car,0.6411,550.6,502.8,648.8,556.2
116,1,car,0.3800,1126.5,530.6,1213.1,591.4
116,2,large_vehicle,0.3356,1126.5,530.6,1213.1,591.4
116,1,car,0.2242,551.1,503.5,649.5,556.4
116,1,car,0.1319,1216.6,581.7,1341.0,653.8
116,2,large_vehicle,0.1030,1187.7,391.8,1238.9,420.6
117,1,car,0.9043,792.9,608.8,925.8,697.2
117,1,car,0.6857,550.2,502.7,648.8,556.2
117,1,car,0.3754,1126.5,530.5,1213.2,591.5
117,2,large_vehicle,0.3290,1126.5,530.5,1213.2,591.5
117,1,car,0.1300,1216.6,581.6,1340.9,653.8
117,2,large_vehicle,0.1018,550.2,502.7,648.8,556.2
118,1,car,0.9147,778.6,612.0,914.6,699.7
118,1,car,0.7485,555.1,504.6,652.6,556.1
118,1,car,0.4293,1120.6,534.4,1198.3,593.7
118,2,large_vehicle,0.3580,1120.6,534.4,1198.3,593.7
118,2,large_vehicle,0.1831,948.1,439.1,1022.6,483.5
118,1,car,0.1400,948.1,439.1,1022.6,483.5
119,1,car,0.9155,778.7,612.0,914.5,699.8
119,1,car,0.7547,555.1,504.6,652.1,556.1
119,1,car,0.4306,1120.6,534.4,1198.3,593.7
119,2,large_vehicle,0.3559,1120.6,534.4,1198.3,593.7
119,2,large_vehicle,0.1973,947.9,438.9,1022.6,483.5
119,1,car,0.1194,947.9,438.9,1022.6,483.5
120,1,car,0.9164,766.1,612.2,908.2,703.5
120,1,car,0.6463,556.3,504.8,649.0,556.1
120,1,car,0.5944,1114.8,535.5,1194.9,595.7
120,2,large_vehicle,0.2467,949.3,438.8,1021.7,483.3
120,2,large_vehicle,0.2345,1114.8,535.5,1194.9,595.7
120,1,car,0.1633,949.3,438.8,1021.7,483.3
121,1,car,0.9163,766.1,612.2,908.3,703.5
121,1,car,0.6939,555.3,504.9,649.1,556.1
121,1,car,0.5905,1114.8,535.4,1195.1,595.7
121,2,large_vehicle,0.2370,1114.8,535.4,1195.1,595.7
121,2,large_vehicle,0.2185,949.4,438.7,1021.8,483.2
121,1,car,0.1516,949.4,438.7,1021.8,483.2
122,1,car,0.9165,766.1,612.2,908.2,703.5
122,1,car,0.5951,1114.8,535.5,1194.9,595.7
122,1,car,0.5479,557.2,505.2,649.1,556.1
122,2,large_vehicle,0.2334,1114.8,535.5,1194.9,595.7
122,2,large_vehicle,0.2106,949.4,438.8,1021.8,483.2
122,1,car,0.1461,949.4,438.8,1021.8,483.2
122,1,car,0.1387,559.1,505.2,649.1,556.0
123,1,car,0.9167,752.6,617.3,893.2,706.7
123,1,car,0.7513,1109.0,538.2,1189.5,598.3
123,1,car,0.5110,558.2,505.3,649.3,556.1
123,1,car,0.2509,561.4,505.5,649.4,555.9
123,1,car,0.1555,1216.2,582.1,1341.1,653.8
123,2,large_vehicle,0.1298,950.5,439.2,1021.7,483.1
123,2,large_vehicle,0.1088,1109.0,538.2,1189.5,598.3
123,1,car,0.1085,950.5,439.2,1021.7,483.1
124,1,car,0.9168,752.5,617.3,893.4,706.8
124,1,car,0.7402,1109.0,538.0,1190.8,598.3
124,1,car,0.6907,556.6,504.9,649.4,556.0
124,2,large_vehicle,0.1437,950.3,439.2,1021.7,483.2
124,1,car,0.1312,1216.4,581.7,1341.2,653.8
124,1,car,0.1282,950.3,439.2,1021.7,483.2
124,2,large_vehicle,0.1145,1109.0,538.0,1190.8,598.3
125,1,car,0.9275,738.7,619.4,879.3,710.3
125,1,car,0.7331,1103.0,539.1,1183.9,599.6
125,1,car,0.6489,550.3,502.9,649.4,556.0
125,2,large_vehicle,0.1635,949.6,439.0,1021.4,483.3
125,1,car,0.1506,949.6,439.0,1021.4,483.3
125,2,large_vehicle,0.1160,1103.0,539.1,1183.9,599.6
126,1,car,0.9274,738.9,619.4,879.3,710.2
126,1,car,0.7227,1103.0,539.1,1183.9,599.6
126,1,car,0.4958,549.3,502.3,651.2,555.9
126,1,car,0.4067,549.5,502.8,653.2,556.1
126,1,car,0.1809,949.5,439.3,1021.4,483.3
126,2,large_vehicle,0.1696,949.5,439.3,1021.4,483.3
126,2,large_vehicle,0.1243,1103.0,539.1,1183.9,599.6
127,1,car,0.9291,726.9,623.1,868.2,713.1
127,1,car,0.5902,552.0,503.7,650.6,555.8
127,1,car,0.4873,1097.1,542.1,1179.4,602.0
127,1,car,0.3194,552.4,504.1,652.7,556.1
127,2,large_vehicle,0.2828,947.7,438.5,1022.5,483.4
127,1,car,0.1225,947.7,438.5,1022.5,483.4
127,1,car,0.1144,1096.9,542.0,1179.7,601.9
127,2,large_vehicle,0.1021,1097.1,542.1,1179.4,602.0
128,1,car,0.9284,727.1,623.2,868.2,713.1
128,1,car,0.5760,552.4,503.8,650.4,555.8
128,1,car,0.3653,1096.9,541.8,1179.8,601.9
128,1,car,0.3140,552.9,504.2,652.5,556.1
128,2,large_vehicle,0.1774,948.5,438.7,1021.6,483.3
128,1,car,0.1671,1097.1,541.8,1179.4,601.9
128,1,car,0.1109,948.5,438.7,1021.6,483.3
128,2,large_vehicle,0.1052,948.2,438.6,1022.6,483.5
129,1,car,0.9274,713.5,626.0,858.3,716.6
129,1,car,0.7870,552.6,503.6,652.5,555.9
129,1,car,0.6804,1090.4,543.2,1175.0,605.7
129,2,large_vehicle,0.1961,949.1,438.3,1021.9,483.2
129,1,car,0.1261,949.1,438.3,1021.9,483.2
130,1,car,0.9272,713.5,626.0,858.2,716.6
130,1,car,0.6885,551.2,503.6,652.8,555.9
130,1,car,0.6779,1090.4,543.2,1175.1,605.5
130,1,car,0.1885,551.1,503.2,651.3,555.6
130,2,large_vehicle,0.1550,949.0,438.4,1021.8,483.1
131,1,car,0.9272,713.5,626.0,858.2,716.6
131,1,car,0.7317,550.7,503.4,653.1,555.9
131,1,car,0.6677,1090.4,543.2,1175.0,605.6
131,2,large_vehicle,0.1863,949.0,438.4,1021.9,483.1
131,1,car,0.1453,550.7,503.0,651.6,555.6
131,1,car,0.1212,949.0,438.4,1021.9,483.1
132,1,car,0.9193,700.1,628.8,842.0,719.7
132,1,car,0.7765,1083.7,546.5,1170.9,607.6
132,1,car,0.4081,555.3,504.4,653.9,555.7
132,1,car,0.3384,556.2,504.2,652.4,555.8
133,1,car,0.9195,700.0,628.8,842.0,719.8
133,1,car,0.7741,1083.7,546.5,1170.9,607.6
133,1,car,0.5461,557.0,504.2,652.8,555.9
133,1,car,0.2284,556.0,504.4,654.2,555.8
133,2,large_vehicle,0.1210,949.8,438.9,1021.7,483.0
134,1,car,0.9197,687.2,632.5,831.2,723.4
134,1,car,0.6797,551.6,503.5,659.6,555.8
134,1,car,0.6046,1077.0,546.3,1165.7,609.1
134,2,large_vehicle,0.2938,1077.0,546.3,1165.7,609.1
134,2,large_vehicle,0.2314,949.6,439.0,1021.8,483.2
134,1,car,0.1634,949.6,439.0,1021.8,483.2
135,1,car,0.9190,687.3,632.5,831.2,723.4
135,1,car,0.6618,549.7,503.1,660.7,555.8
135,1,car,0.6021,1077.0,546.4,1165.7,609.1
135,2,large_vehicle,0.2917,1077.0,546.4,1165.7,609.1
135,2,large_vehicle,0.2235,949.4,438.6,1021.9,483.2
135,1,car,0.1616,949.4,438.6,1021.9,483.2
136,1,car,0.9196,687.2,632.5,831.2,723.4
136,1,car,0.5965,1077.0,546.3,1166.4,609.1
136,1,car,0.5426,549.1,503.2,661.1,555.9
136,2,large_vehicle,0.3086,1077.0,546.3,1166.4,609.1
136,2,large_vehicle,0.2793,949.3,438.8,1021.8,483.2
136,1,car,0.2709,549.0,503.1,660.6,555.9
136,1,car,0.2164,949.3,438.8,1021.8,483.2
137,1,car,0.9245,673.1,635.5,819.3,726.3
137,1,car,0.7699,549.4,502.8,650.8,555.9
137,1,car,0.7317,1070.7,548.5,1159.9,610.7
137,2,large_vehicle,0.2910,948.5,438.5,1021.7,483.4
137,1,car,0.2085,948.5,438.5,1021.7,483.4
137,2,large_vehicle,0.1822,1070.7,548.5,1159.9,610.7
138,1,car,0.9244,673.1,635.5,819.3,726.3
138,1,car,0.7275,548.8,502.5,653.5,555.9
138,1,car,0.7240,1070.7,548.4,1159.9,610.7
138,2,large_vehicle,0.3337,948.1,438.5,1021.7,483.3
138,1,car,0.2327,948.1,438.5,1021.7,483.3
138,2,large_vehicle,0.1932,1070.7,548.4,1159.9,610.7
139,1,car,0.9231,659.0,637.1,805.2,729.3
139,1,car,0.5406,1063.0,548.7,1153.8,614.0
139,1,car,0.4524,553.1,503.5,659.2,555.9
139,2,large_vehicle,0.3620,1063.0,548.7,1153.8,614.0
139,1,car,0.3475,553.7,503.4,658.2,555.9
139,2,large_vehicle,0.2406,949.3,438.0,1021.9,483.0
139,1,car,0.1348,949.3,438.0,1021.9,483.0
140,1,car,0.9231,659.0,637.1,805.2,729.3
140,1,car,0.5412,1063.0,548.7,1153.8,614.0
140,1,car,0.4637,553.4,503.6,658.5,555.9
140,1,car,0.3731,552.9,503.6,659.6,555.9
140,2,large_vehicle,0.3616,1063.0,548.7,1153.8,614.0
140,2,large_vehicle,0.2574,949.2,438.0,1021.9,483.0
140,1,car,0.1382,949.2,438.0,1021.9,483.0
141,1,car,0.9229,658.9,637.1,805.2,729.3
141,1,car,0.5333,1063.0,548.6,1153.8,614.0
141,1,car,0.5023,554.4,503.5,656.7,555.9
141,2,large_vehicle,0.3697,1063.0,548.6,1153.8,614.0
141,1,car,0.3164,553.6,503.6,657.7,555.9
141,2,large_vehicle,0.2187,949.5,438.2,1021.7,483.0
141,1,car,0.1300,949.5,438.2,1021.7,483.0
142,1,car,0.9272,644.4,639.9,792.0,733.1
142,1,car,0.6483,558.7,504.1,659.7,555.9
142,1,car,0.5570,1056.4,550.7,1150.4,616.5
142,2,large_vehicle,0.3528,1056.4,550.7,1150.4,616.5
142,2,large_vehicle,0.2924,949.6,437.9,1021.8,483.0
142,1,car,0.1441,949.6,437.9,1021.8,483.0
143,1,car,0.9270,644.4,639.9,791.9,733.2
143,1,car,0.6938,559.1,503.7,662.4,555.9
143,1,car,0.5397,1056.3,550.6,1150.5,616.6
143,2,large_vehicle,0.3691,1056.3,550.6,1150.5,616.6
143,2,large_vehicle,0.1997,950.1,437.7,1021.8,482.8
144,1,car,0.9257,630.7,642.6,778.8,736.8
144,1,car,0.6176,550.1,502.3,664.0,556.2
144,1,car,0.4671,1048.8,552.9,1143.0,619.2
144,2,large_vehicle,0.4505,1048.8,552.9,1143.0,619.2
144,2,large_vehicle,0.2380,949.9,438.3,1021.5,482.9
144,1,car,0.1182,949.9,438.3,1021.5,482.9
145,1,car,0.9254,630.7,642.6,778.7,736.7
145,1,car,0.6467,550.2,502.0,664.5,556.2
145,2,large_vehicle,0.4857,1048.8,552.9,1143.1,619.2
145,1,car,0.4296,1048.8,552.9,1143.1,619.2
145,2,large_vehicle,0.2540,949.2,438.2,1021.5,483.0
145,1,car,0.1221,949.2,438.2,1021.5,483.0
146,1,car,0.9253,630.7,642.6,778.7,736.7
146,1,car,0.6489,550.1,502.0,664.9,556.2
146,2,large_vehicle,0.4772,1048.8,552.9,1143.1,619.3
146,1,car,0.4385,1048.8,552.9,1143.1,619.3
146,2,large_vehicle,0.2511,949.2,438.2,1021.3,483.0
146,1,car,0.1162,949.2,438.2,1021.3,483.0
147,1,car,0.9215,617.7,644.8,765.0,738.9
147,1,car,0.7188,551.4,502.4,666.0,556.2
147,1,car,0.3800,1041.5,555.3,1139.1,622.7
147,2,large_vehicle,0.3382,1041.5,555.3,1139.1,622.7
147,2,large_vehicle,0.3130,948.2,437.7,1021.4,483.0
147,1,car,0.1787,1041.6,555.3,1139.2,622.6
147,2,large_vehicle,0.1489,1041.6,555.3,1139.2,622.6
147,1,car,0.1166,948.2,437.7,1021.4,483.0
148,1,car,0.9212,617.8,644.8,765.0,738.9
148,1,car,0.7103,552.4,502.5,665.6,556.2
148,1,car,0.3089,1041.4,555.4,1139.2,622.7
148,1,car,0.3037,1041.6,555.4,1139.3,622.6
148,2,large_vehicle,0.2770,949.2,437.8,1021.6,483.0
148,2,large_vehicle,0.2710,1041.4,555.4,1139.2,622.7
148,2,large_vehicle,0.2369,1041.6,555.4,1139.3,622.6
148,1,car,0.1001,949.2,437.8,1021.6,483.0
149,1,car,0.9210,604.4,648.0,752.8,741.5
149,1,car,0.5356,1033.6,555.2,1133.0,624.1
149,1,car,0.4423,555.1,503.4,659.8,556.0
149,1,car,0.3504,554.4,503.4,660.8,556.1
149,2,large_vehicle,0.3503,1033.6,555.2,1133.0,624.1
149,2,large_vehicle,0.2801,948.7,437.6,1021.6,482.7
150,1,car,0.9209,604.4,648.0,752.8,741.5
150,1,car,0.5951,554.1,503.0,661.1,556.1
150,1,car,0.5493,1033.6,555.2,1133.0,624.1
150,2,large_vehicle,0.3384,1033.6,555.2,1133.0,624.1
150,2,large_vehicle,0.2436,949.5,437.7,1021.7,482.7
150,1,car,0.1554,554.8,502.9,660.3,556.0
151,1,car,0.9196,589.4,650.7,738.0,745.0
151,1,car,0.7093,552.9,502.5,664.9,556.0
151,2,large_vehicle,0.5291,1025.7,557.7,1127.3,628.1
151,1,car,0.3913,1025.7,557.7,1127.3,628.1
151,2,large_vehicle,0.1160,950.7,437.1,1022.0,482.3
152,1,car,0.9208,589.3,650.7,738.0,745.1
152,1,car,0.7059,553.5,502.6,664.9,555.9
152,2,large_vehicle,0.5180,1025.7,558.1,1127.4,628.1
152,1,car,0.4037,1025.7,558.1,1127.4,628.1
152,2,large_vehicle,0.1186,950.9,437.1,1021.6,482.4
153,1,car,0.9132,574.9,652.6,723.9,747.2
153,1,car,0.6693,547.7,500.7,666.6,555.9
153,1,car,0.5957,1017.1,559.6,1121.9,631.5
153,2,large_vehicle,0.3331,1017.1,559.6,1121.9,631.5
153,2,large_vehicle,0.1850,950.1,437.3,1021.7,482.5
154,1,car,0.9097,574.9,652.6,723.9,747.2
154,1,car,0.6832,547.8,501.0,666.2,555.9
154,1,car,0.6008,1017.1,559.6,1121.9,631.4
154,2,large_vehicle,0.3261,1017.1,559.6,1121.9,631.4
154,2,large_vehicle,0.2599,949.5,437.6,1021.8,482.7
154,1,car,0.1075,949.5,437.6,1021.8,482.7
155,1,car,0.9119,574.9,652.6,723.9,747.2
155,1,car,0.6893,547.9,501.0,666.4,555.9
155,1,car,0.5997,1017.1,559.6,1121.9,631.4
155,2,large_vehicle,0.3277,1017.1,559.6,1121.9,631.4
155,2,large_vehicle,0.2704,949.5,437.5,1021.8,482.7
155,1,car,0.1105,949.5,437.5,1021.8,482.7
156,1,car,0.9134,561.3,656.1,710.1,750.2
156,1,car,0.7295,549.4,501.7,666.3,556.0
156,1,car,0.4973,1009.5,562.9,1114.3,634.4
156,2,large_vehicle,0.3745,1009.5,562.9,1114.3,634.4
156,2,large_vehicle,0.2510,948.8,438.1,1021.4,482.6
156,1,car,0.1204,948.8,438.1,1021.4,482.6
157,1,car,0.9142,561.3,656.1,710.1,750.2
157,1,car,0.6593,548.9,502.2,665.1,556.0
157,1,car,0.4795,1009.4,562.8,1114.6,634.4
157,2,large_vehicle,0.3957,1009.4,562.8,1114.6,634.4
157,2,large_vehicle,0.2812,948.7,437.8,1021.5,482.6
158,1,car,0.9171,547.1,658.5,695.7,752.9
158,1,car,0.7573,1000.9,564.8,1108.1,637.1
158,1,car,0.7373,551.0,502.4,665.2,555.8
158,2,large_vehicle,0.2640,948.7,437.6,1021.6,482.5
158,2,large_vehicle,0.1769,1000.9,564.8,1108.1,637.1
159,1,car,0.9171,547.2,658.5,695.7,752.9
159,1,car,0.7496,1000.9,564.8,1108.1,637.1
159,1,car,0.7385,551.5,502.4,665.5,555.9
159,2,large_vehicle,0.2799,948.4,437.5,1021.6,482.5
159,2,large_vehicle,0.1805,1000.9,564.8,1108.1,637.1
160,1,car,0.9168,547.1,658.5,695.8,752.9
160,1,car,0.7520,1000.9,564.7,1108.1,637.1
160,1,car,0.7041,552.2,502.6,665.4,555.9
160,2,large_vehicle,0.2238,948.9,437.5,1021.7,482.4
160,2,large_vehicle,0.1861,1000.9,564.7,1108.1,637.1
160,0,person,0.1104,1191.2,536.6,1212.7,595.0
161,1,car,0.9226,533.6,661.0,682.1,754.4
161,1,car,0.7321,992.0,567.3,1101.0,640.9
161,1,car,0.6583,553.2,502.8,662.9,555.8
161,2,large_vehicle,0.1678,992.0,567.3,1101.0,640.9
161,0,person,0.1543,1191.2,536.6,1212.5,595.1
161,2,large_vehicle,0.1458,949.8,437.6,1021.7,482.1
162,1,car,0.9219,533.7,661.0,682.1,754.4
162,1,car,0.7223,992.0,567.2,1101.1,640.9
162,1,car,0.6683,553.0,502.7,662.0,555.7
162,0,person,0.2211,1191.3,536.9,1212.8,594.8
162,2,large_vehicle,0.1784,992.0,567.2,1101.1,640.9
162,2,large_vehicle,0.1167,950.0,437.5,1021.9,482.1
163,1,car,0.9230,519.5,663.8,667.6,757.8
163,1,car,0.7322,983.5,570.0,1093.6,643.7
163,1,car,0.6650,551.0,501.5,665.7,555.8
163,2,large_vehicle,0.1721,983.5,570.0,1093.6,643.7
163,0,person,0.1708,1191.3,537.6,1212.7,595.1
164,1,car,0.9231,519.4,663.8,667.6,757.8
164,1,car,0.7353,983.5,569.9,1093.8,643.7
164,1,car,0.6620,551.0,501.5,665.6,555.9
164,0,person,0.1997,1191.3,537.8,1212.8,595.1
164,2,large_vehicle,0.1689,983.5,569.9,1093.8,643.7
165,1,car,0.9228,519.9,663.8,667.6,757.8
165,1,car,0.7441,983.5,570.0,1093.7,643.7
165,1,car,0.6421,550.9,501.3,665.7,555.8
165,0,person,0.2459,1191.4,543.5,1211.6,595.2
165,2,large_vehicle,0.1582,983.5,570.0,1093.7,643.7
166,1,car,0.9182,506.2,666.8,653.4,760.3
166,1,car,0.8221,974.3,571.4,1086.9,646.3
166,1,car,0.6603,551.3,502.0,663.8,555.8
166,2,large_vehicle,0.1675,949.2,438.2,1021.2,482.1
167,1,car,0.9184,506.2,666.8,653.4,760.3
167,1,car,0.8120,974.3,571.4,1086.6,646.3
167,1,car,0.6465,551.1,501.9,663.1,555.9
167,2,large_vehicle,0.1406,949.0,438.4,1021.3,482.1
168,1,car,0.9194,491.7,669.6,640.1,761.7
168,1,car,0.7679,965.1,573.7,1077.9,649.1
168,1,car,0.7240,550.8,501.1,665.2,555.6
168,2,large_vehicle,0.2113,949.0,437.9,1021.7,482.1
168,2,large_vehicle,0.1529,965.1,573.7,1077.9,649.1
168,0,person,0.1283,1191.3,536.2,1213.1,594.7
168,1,car,0.1187,949.0,437.9,1021.7,482.1
169,1,car,0.9201,491.7,669.5,640.4,761.7
169,1,car,0.7696,965.1,573.6,1078.3,649.1
169,1,car,0.6933,551.6,501.5,665.0,555.6
169,2,large_vehicle,0.2119,949.6,437.6,1021.7,482.0
169,0,person,0.1899,1191.3,535.9,1213.0,594.7
169,2,large_vehicle,0.1508,965.1,573.6,1078.3,649.1
170,1,car,0.9198,491.7,669.6,640.4,761.7
170,1,car,0.7677,965.1,573.7,1078.2,649.1
170,1,car,0.7051,551.8,501.5,664.9,555.5
170,2,large_vehicle,0.2142,949.5,437.5,1021.7,482.0
170,0,person,0.1851,1191.3,535.9,1213.0,594.7
170,2,large_vehicle,0.1522,965.1,573.7,1078.2,649.1
171,1,car,0.8923,478.8,671.7,625.7,765.6
171,1,car,0.7967,955.3,576.4,1071.3,652.2
171,1,car,0.6949,554.7,502.0,661.5,555.4
171,2,large_vehicle,0.2638,949.8,437.5,1021.9,482.0
171,0,person,0.1716,1191.3,536.2,1212.6,594.6
171,1,car,0.1696,949.8,437.5,1021.9,482.0
171,1,car,0.1251,478.6,671.7,625.7,765.9
171,2,large_vehicle,0.1125,955.3,576.4,1071.3,652.2
171,0,person,0.1018,1191.4,544.5,1211.2,595.0
172,1,car,0.9087,478.8,671.7,625.7,765.6
172,1,car,0.7967,955.4,576.5,1071.0,652.3
172,1,car,0.6986,554.4,501.9,662.5,555.4
172,0,person,0.2502,1191.4,544.8,1211.3,595.1
172,2,large_vehicle,0.2324,949.7,437.4,1022.0,481.9
172,1,car,0.1381,949.7,437.4,1022.0,481.9
172,2,large_vehicle,0.1115,955.4,576.5,1071.0,652.3
173,1,car,0.9120,464.7,674.4,610.8,766.4
173,1,car,0.8429,945.5,577.7,1063.6,655.5
173,1,car,0.6586,549.3,501.2,665.7,555.3
173,0,person,0.3191,1191.2,535.7,1212.7,594.8
173,2,large_vehicle,0.2400,950.1,437.6,1022.2,481.9
173,1,car,0.1283,950.1,437.6,1022.2,481.9
174,1,car,0.9117,464.7,674.4,610.8,766.3
174,1,car,0.8396,945.6,577.7,1063.6,655.5
174,1,car,0.6383,548.8,500.9,665.7,555.3
174,0,person,0.2725,1191.2,536.1,1212.6,594.9
174,2,large_vehicle,0.2143,949.9,437.5,1022.3,481.9
174,1,car,0.1409,949.9,437.5,1022.3,481.9
175,1,car,0.9099,452.8,676.6,597.1,769.2
175,1,car,0.8335,935.8,580.9,1053.5,657.8
175,1,car,0.6900,550.6,501.9,662.9,555.3
175,2,large_vehicle,0.2951,949.3,437.0,1022.1,482.1
175,0,person,0.2375,1191.2,535.6,1212.7,594.9
175,1,car,0.1926,949.3,437.0,1022.1,482.1
176,1,car,0.9097,452.8,676.6,597.1,769.2
176,1,car,0.8246,935.9,581.0,1053.2,657.8
176,1,car,0.6900,550.5,501.8,663.2,555.4
176,2,large_vehicle,0.2965,949.2,437.0,1022.2,482.1
176,0,person,0.2327,1191.1,535.7,1212.7,594.9
176,1,car,0.1951,949.2,437.0,1022.2,482.1
177,1,car,0.9073,437.4,679.0,583.6,771.0
177,1,car,0.8469,924.8,584.0,1043.0,661.6
177,1,car,0.6700,551.9,501.5,664.8,555.3
177,2,large_vehicle,0.2928,948.5,437.1,1022.1,482.0
177,0,person,0.2202,1191.1,535.2,1212.9,594.8
177,1,car,0.1664,948.5,437.1,1022.1,482.0
178,1,car,0.9079,437.4,679.0,583.5,771.0
178,1,car,0.8416,924.8,584.0,1043.0,661.6
178,1,car,0.6501,553.4,501.9,664.5,555.4
178,2,large_vehicle,0.3247,949.3,437.1,1022.4,481.9
178,0,person,0.3035,1191.0,535.3,1212.9,595.0
178,1,car,0.1430,949.3,437.1,1022.4,481.9
179,1,car,0.9077,437.4,679.0,583.6,771.1
179,1,car,0.8416,924.8,584.0,1042.9,661.6
179,1,car,0.6453,553.1,501.7,665.3,555.4
179,0,person,0.3281,1191.0,535.0,1212.9,594.9
179,2,large_vehicle,0.3175,949.3,437.1,1022.4,481.9
179,1,car,0.1391,949.3,437.1,1022.4,481.9
180,1,car,0.9055,426.0,682.7,567.6,773.1
180,1,car,0.8620,914.7,586.1,1036.9,664.8
180,1,car,0.6486,555.8,502.0,658.7,555.2
180,2,large_vehicle,0.3498,949.9,437.3,1022.6,481.9
180,0,person,0.3073,1191.1,535.2,1213.1,594.7
180,1,car,0.1412,949.9,437.3,1022.6,481.9
181,1,car,0.9065,426.0,682.7,567.6,773.2
181,1,car,0.8634,914.7,586.0,1037.1,664.8
181,1,car,0.6484,557.2,501.9,662.7,555.3
181,2,large_vehicle,0.3066,949.7,436.9,1022.7,481.8
181,0,person,0.2736,1190.9,535.2,1212.6,594.7
181,1,car,0.1408,949.7,436.9,1022.7,481.8
182,1,car,0.9095,411.5,683.0,555.7,774.6
182,1,car,0.8390,903.3,589.2,1031.2,667.5
182,1,car,0.5341,553.0,501.6,665.3,555.3
182,2,large_vehicle,0.2335,950.2,437.3,1022.4,481.7
182,0,person,0.2254,1190.8,534.9,1212.5,594.5
182,2,large_vehicle,0.1125,553.0,501.6,665.3,555.3
183,1,car,0.9087,411.5,683.0,555.6,774.6
183,1,car,0.8399,903.3,589.2,1031.1,667.4
183,1,car,0.5214,553.3,501.4,665.3,555.3
183,2,large_vehicle,0.2603,950.2,437.4,1022.6,481.7
183,0,person,0.2328,1190.8,535.1,1212.4,594.4
183,2,large_vehicle,0.1130,553.3,501.4,665.3,555.3
184,1,car,0.9095,411.5,683.0,555.6,774.6
184,1,car,0.8430,903.4,589.2,1031.9,667.5
184,1,car,0.5561,552.2,501.6,665.3,555.4
184,2,large_vehicle,0.2369,950.2,437.4,1022.0,481.7
184,0,person,0.2278,1190.8,534.9,1212.4,594.3
185,1,car,0.8991,398.3,686.4,540.3,777.0
185,1,car,0.8717,892.0,592.5,1014.6,670.1
185,1,car,0.6723,552.0,501.0,665.4,555.4
185,4,other_vehicle,0.3701,14.7,782.5,87.8,850.2
185,2,large_vehicle,0.3359,950.0,437.3,1022.2,481.9
185,0,person,0.1837,1190.8,534.5,1212.3,594.2
185,1,car,0.1752,950.0,437.3,1022.2,481.9
186,1,car,0.8990,398.3,686.4,540.2,777.0
186,1,car,0.8723,892.0,592.5,1014.6,670.1
186,1,car,0.6688,553.0,501.1,665.5,555.3
186,2,large_vehicle,0.3620,949.0,437.2,1022.4,481.9
186,4,other_vehicle,0.3458,14.7,782.4,87.8,850.2
186,1,car,0.2337,949.0,437.2,1022.4,481.9
186,0,person,0.1790,1190.8,533.9,1212.6,594.1
187,1,car,0.9010,386.6,687.6,526.3,777.9
187,1,car,0.8302,881.0,594.3,1010.8,673.7
187,1,car,0.6704,559.2,502.2,665.6,555.4
187,2,large_vehicle,0.3037,949.4,437.7,1022.2,481.9
187,0,person,0.2033,1190.7,534.1,1212.7,594.4
187,1,car,0.1698,17.4,783.2,94.3,850.2
187,1,car,0.1201,949.4,437.7,1022.2,481.9
188,1,car,0.9010,386.6,687.6,526.3,777.9
188,1,car,0.8311,881.0,594.3,1010.8,673.6
188,1,car,0.6810,558.7,502.1,665.9,555.4
188,2,large_vehicle,0.3319,949.4,437.6,1022.1,481.9
188,0,person,0.1845,1190.7,534.2,1212.6,594.3
188,1,car,0.1709,17.4,783.2,94.3,850.2
188,1,car,0.1041,949.4,437.6,1022.1,481.9
189,1,car,0.9019,386.6,687.6,526.5,777.9
189,1,car,0.8318,880.9,594.3,1010.9,673.6
189,1,car,0.6609,557.2,501.8,664.8,555.3
189,2,large_vehicle,0.3143,949.2,438.0,1022.1,481.9
189,0,person,0.1729,1190.6,534.5,1212.3,594.3
189,1,car,0.1400,949.2,438.0,1022.1,481.9
189,1,car,0.1385,17.4,783.2,94.6,850.4
190,1,car,0.9110,373.6,691.2,512.1,780.4
190,1,car,0.7792,869.6,596.7,995.2,675.7
190,1,car,0.6089,561.8,502.6,660.2,555.0
190,2,large_vehicle,0.2720,949.5,437.4,1022.1,481.6
190,0,person,0.2433,1190.6,534.0,1212.5,594.4
190,1,car,0.1314,869.9,596.8,995.1,675.8
190,4,other_vehicle,0.1202,22.4,784.4,98.5,851.0
190,2,large_vehicle,0.1148,561.8,502.6,660.2,555.0
191,1,car,0.9113,373.6,691.2,512.2,780.3
191,1,car,0.7852,869.6,596.8,995.2,675.7
191,1,car,0.6103,561.7,502.5,660.8,555.0
191,2,large_vehicle,0.2699,949.5,437.2,1022.1,481.6
191,0,person,0.2568,1190.6,534.0,1212.6,594.4
191,2,large_vehicle,0.1133,561.7,502.5,660.8,555.0
191,4,other_vehicle,0.1061,22.3,784.4,98.4,850.9
192,1,car,0.8974,361.8,692.0,499.1,780.6
192,1,car,0.8030,857.9,599.0,992.0,680.0
192,1,car,0.5657,556.5,501.4,664.9,555.2
192,2,large_vehicle,0.2855,949.9,437.0,1022.1,481.8
192,0,person,0.2694,1190.4,533.4,1213.1,594.6
192,2,large_vehicle,0.1102,556.5,501.4,664.9,555.2
192,1,car,0.1098,26.1,784.7,104.2,854.3
193,1,car,0.8972,361.8,692.0,499.1,780.6
193,1,car,0.7945,858.0,598.9,992.7,680.0
193,1,car,0.5934,556.7,501.5,665.3,555.2
193,0,person,0.3420,1190.5,533.3,1213.6,594.6
193,2,large_vehicle,0.3007,950.0,436.9,1022.1,481.8
193,1,car,0.1293,26.1,784.6,104.4,854.5
193,2,large_vehicle,0.1054,556.7,501.5,665.3,555.2
194,1,car,0.8975,361.8,692.0,499.1,780.6
194,1,car,0.7945,858.0,598.9,992.6,680.0
194,1,car,0.6001,557.0,501.6,665.4,555.2
194,0,person,0.3438,1190.4,533.2,1213.6,594.6
194,2,large_vehicle,0.3084,950.0,436.9,1022.1,481.8
194,1,car,0.1439,26.2,784.7,104.4,854.4
194,2,large_vehicle,0.1006,557.0,501.6,665.4,555.2
195,1,car,0.8993,350.4,694.7,485.6,783.9
195,1,car,0.7949,846.2,601.3,983.5,685.6
195,1,car,0.6967,552.5,501.5,664.7,555.3
195,2,large_vehicle,0.3583,948.5,436.7,1022.4,481.9
195,0,person,0.2161,1190.7,532.9,1213.5,594.5
195,1,car,0.1176,948.5,436.7,1022.4,481.9
196,1,car,0.8996,350.5,694.7,485.6,784.0
196,1,car,0.7938,846.2,601.2,982.7,685.6
196,1,car,0.6823,553.5,501.7,663.1,555.6
196,2,large_vehicle,0.3591,949.6,436.7,1022.5,481.8
196,0,person,0.2386,1190.7,532.9,1213.6,594.5
196,1,car,0.1131,949.6,436.7,1022.5,481.8
197,1,car,0.8798,339.1,695.1,471.8,786.2
197,1,car,0.8492,833.4,604.7,969.2,691.3
197,1,car,0.6767,554.2,501.5,665.3,555.5
197,2,large_vehicle,0.3545,949.3,436.3,1022.6,481.9
197,0,person,0.2981,1190.4,532.5,1213.7,594.7
197,1,car,0.2216,35.4,784.3,116.4,857.2
197,1,car,0.1076,949.3,436.3,1022.6,481.9
198,1,car,0.8802,339.1,695.1,471.8,786.2
198,1,car,0.8500,833.5,604.8,969.1,691.3
198,1,car,0.6629,554.3,501.1,664.9,555.5
198,2,large_vehicle,0.3449,949.6,436.5,1022.5,481.9
198,0,person,0.3159,1190.3,532.3,1213.8,594.5
198,1,car,0.2385,35.4,784.4,116.4,856.7
198,1,car,0.1188,949.6,436.5,1022.5,481.9
199,1,car,0.8536,822.9,605.7,953.6,695.7
199,1,car,0.8281,326.3,697.5,458.1,786.6
199,1,car,0.5954,557.3,501.5,660.0,555.5
199,2,large_vehicle,0.3928,949.5,436.3,1022.5,481.6
199,1,car,0.3464,39.1,784.9,123.0,860.0
199,0,person,0.2769,1190.4,533.1,1213.2,594.6
199,1,car,0.1263,325.8,697.8,458.0,786.6
199,2,large_vehicle,0.1054,557.3,501.5,660.0,555.5
200,1,car,0.8638,326.3,697.5,458.1,786.6
200,1,car,0.8542,822.9,605.6,953.4,695.7
200,1,car,0.5896,557.3,501.7,655.9,555.5
200,2,large_vehicle,0.4044,949.5,436.4,1022.6,481.6
200,1,car,0.3301,39.1,784.9,122.9,859.9
200,0,person,0.2724,1190.4,532.8,1213.1,594.6
200,2,large_vehicle,0.1284,557.3,501.7,655.9,555.5
201,1,car,0.8648,808.7,609.1,941.9,700.2
201,1,car,0.8640,315.2,699.8,447.0,787.6
201,1,car,0.5620,549.5,500.0,662.6,555.6
201,0,person,0.4428,1190.5,532.8,1213.0,594.6
201,1,car,0.3574,42.5,785.3,128.5,861.9
201,2,large_vehicle,0.3193,949.7,436.0,1022.9,481.8
201,2,large_vehicle,0.1082,549.5,500.0,662.6,555.6
202,1,car,0.8662,315.2,699.7,446.9,787.6
202,1,car,0.8633,808.7,609.0,942.0,700.2
202,1,car,0.5543,550.4,500.5,663.2,555.6
202,0,person,0.4622,1190.5,532.8,1212.9,594.5
202,1,car,0.3640,42.6,785.3,128.5,861.4
202,2,large_vehicle,0.2851,949.3,436.0,1022.9,481.8
202,1,car,0.1080,949.3,436.0,1022.9,481.8
203,1,car,0.8660,315.2,699.7,446.9,787.6
203,1,car,0.8639,808.7,609.0,941.8,700.2
203,1,car,0.5619,550.6,500.4,662.7,555.6
203,0,person,0.4568,1190.5,533.0,1212.9,594.6
203,1,car,0.3559,42.6,785.4,128.5,861.4
203,2,large_vehicle,0.2910,949.3,436.0,1022.9,481.8
203,1,car,0.1096,949.3,436.0,1022.9,481.8
203,2,large_vehicle,0.1038,550.6,500.4,662.7,555.6
204,1,car,0.8697,304.7,702.1,434.4,788.6
204,1,car,0.7394,796.8,611.9,929.6,703.7
204,1,car,0.5960,558.3,501.3,664.4,555.1
204,0,person,0.4649,1190.4,532.3,1212.6,594.5
204,2,large_vehicle,0.3349,949.2,436.7,1022.0,481.9
204,1,car,0.3228,47.2,785.6,135.8,863.2
204,1,car,0.1409,949.2,436.7,1022.0,481.9
204,2,large_vehicle,0.1271,796.8,611.9,929.6,703.7
205,1,car,0.8707,304.7,702.1,434.4,788.7
205,1,car,0.7411,796.9,611.9,929.7,703.7
205,1,car,0.5942,557.8,501.3,662.9,555.2
205,0,person,0.4821,1190.3,532.2,1212.7,594.5
205,1,car,0.3150,47.2,785.6,136.2,863.1
205,2,large_vehicle,0.3132,949.5,436.6,1022.0,481.9
205,1,car,0.1331,949.5,436.6,1022.0,481.9
205,2,large_vehicle,0.1279,796.9,611.9,929.7,703.7
206,1,car,0.8559,291.8,703.2,421.0,790.8
206,1,car,0.7494,783.6,617.6,932.4,707.0
206,1,car,0.6553,553.8,501.2,662.8,555.3
206,0,person,0.4946,1190.2,532.3,1213.0,594.4
206,2,large_vehicle,0.3519,949.3,436.4,1022.2,481.9
206,1,car,0.2600,55.6,785.6,141.8,863.6
206,1,car,0.1295,949.3,436.4,1022.2,481.9
206,2,large_vehicle,0.1167,783.6,617.6,932.4,707.0
207,1,car,0.8580,291.9,703.2,420.9,790.8
207,1,car,0.7539,783.6,617.6,932.6,707.0
207,1,car,0.6618,553.2,500.9,663.5,555.3
207,0,person,0.4498,1190.3,532.3,1213.1,594.5
207,2,large_vehicle,0.3266,949.2,436.2,1022.4,481.9
207,1,car,0.2489,55.4,785.6,141.8,863.6
207,1,car,0.1460,949.2,436.2,1022.4,481.9
207,2,large_vehicle,0.1127,783.6,617.6,932.6,707.0
208,1,car,0.8579,291.9,703.2,420.9,790.8
208,1,car,0.7603,783.6,617.6,932.7,707.0
208,1,car,0.6203,550.2,500.5,660.6,555.4
208,0,person,0.4405,1190.2,532.5,1213.1,594.4
208,2,large_vehicle,0.3653,949.6,436.0,1022.5,481.8
208,1,car,0.2522,55.7,785.6,141.9,863.7
208,1,car,0.1154,949.6,436.0,1022.5,481.8
208,2,large_vehicle,0.1061,783.6,617.6,932.7,707.0
209,1,car,0.8583,281.7,704.0,407.0,790.8
209,1,car,0.8339,769.6,620.7,915.8,710.3
209,1,car,0.6193,557.8,501.8,655.5,555.3
209,0,person,0.4081,1190.3,533.4,1212.7,594.5
209,2,large_vehicle,0.3932,950.0,435.9,1022.6,481.7
209,1,car,0.3304,58.8,786.4,149.2,865.1
210,1,car,0.8579,281.8,704.0,407.0,790.8
210,1,car,0.8358,769.6,620.6,915.5,710.3
210,1,car,0.6126,557.1,501.6,656.1,555.3
210,0,person,0.3531,1190.4,533.7,1212.9,594.4
210,2,large_vehicle,0.3495,950.0,436.0,1022.6,481.7
210,1,car,0.3379,58.9,786.3,149.2,865.3
211,1,car,0.8460,756.0,623.4,904.1,714.8
211,1,car,0.8452,272.0,706.4,396.7,792.8
211,1,car,0.5337,553.7,501.0,663.1,555.0
211,1,car,0.4246,60.9,786.5,156.5,864.3
211,0,person,0.3769,1190.3,532.3,1212.1,594.5
211,2,large_vehicle,0.2244,949.3,436.3,1022.0,481.5
211,2,large_vehicle,0.1112,553.7,501.0,663.1,555.0
212,1,car,0.8462,756.0,623.4,904.1,714.8
212,1,car,0.8457,272.0,706.4,396.7,792.8
212,1,car,0.5314,553.7,501.0,662.6,555.0
212,1,car,0.4307,60.9,786.4,156.5,864.3
212,0,person,0.3899,1190.2,532.3,1212.1,594.4
212,2,large_vehicle,0.2364,949.3,436.3,1022.1,481.5
212,2,large_vehicle,0.1089,553.7,501.0,662.6,555.0
213,1,car,0.8462,756.3,623.5,904.1,714.8
213,1,car,0.8453,272.1,706.4,396.7,792.8
213,1,car,0.5313,553.9,501.2,662.1,555.0
213,0,person,0.4306,1190.3,532.0,1212.2,594.6
213,1,car,0.4251,60.9,786.5,156.5,864.3
213,2,large_vehicle,0.2702,949.5,436.4,1022.1,481.6
213,2,large_vehicle,0.1062,553.9,501.2,662.1,555.0
214,1,car,0.8653,744.3,626.6,882.3,717.0
214,1,car,0.8126,261.2,706.6,385.7,792.9
214,1,car,0.7094,554.5,501.8,659.2,554.9
214,1,car,0.4099,66.7,786.6,163.4,868.4
214,2,large_vehicle,0.3597,949.2,436.5,1022.2,481.5
214,1,car,0.1966,949.2,436.5,1022.2,481.5
215,1,car,0.8703,744.3,626.7,882.4,717.0
215,1,car,0.8070,261.6,706.9,385.7,792.8
215,1,car,0.7133,554.6,501.8,659.6,554.9
215,1,car,0.4021,65.9,786.8,163.3,867.9
215,2,large_vehicle,0.3671,949.2,436.5,1022.2,481.5
215,1,car,0.1882,949.2,436.5,1022.2,481.5
216,1,car,0.8889,730.0,630.1,871.6,719.8
216,1,car,0.7344,251.8,708.7,371.4,793.6
216,1,car,0.6588,553.4,501.4,660.6,554.9
216,1,car,0.4331,70.2,787.8,170.0,866.2
216,2,large_vehicle,0.3600,949.8,436.9,1022.4,481.4
216,1,car,0.1965,949.8,436.9,1022.4,481.4
216,0,person,0.1894,1190.6,532.5,1212.1,594.5
217,1,car,0.8881,730.0,630.1,871.6,719.8
217,1,car,0.7352,251.8,708.7,371.1,793.5
217,1,car,0.6693,554.1,501.7,655.4,554.9
217,1,car,0.4074,70.3,787.9,170.0,866.6
217,2,large_vehicle,0.3751,950.2,436.9,1022.2,481.4
217,0,person,0.2102,1190.8,532.2,1212.1,594.5
217,1,car,0.1410,950.2,436.9,1022.2,481.4
218,1,car,0.8879,730.0,630.1,871.6,719.9
218,1,car,0.7332,251.8,708.7,371.4,793.5
218,1,car,0.6647,554.2,501.7,656.4,554.9
218,1,car,0.4065,70.4,787.9,170.0,866.6
218,2,large_vehicle,0.3577,949.7,436.8,1022.2,481.5
218,0,person,0.2138,1190.8,532.1,1212.1,594.5
218,1,car,0.1450,949.7,436.8,1022.2,481.5
219,1,car,0.9042,715.4,634.0,858.4,723.6
219,1,car,0.7848,241.1,710.7,358.9,792.4
219,1,car,0.6939,559.5,502.3,651.0,554.6
219,1,car,0.4383,72.7,787.8,177.0,870.9
219,2,large_vehicle,0.3435,949.6,436.7,1022.0,481.4
219,1,car,0.1029,949.6,436.7,1022.0,481.4
220,1,car,0.9044,715.4,634.0,858.5,723.6
220,1,car,0.7800,241.0,710.8,358.8,792.4
220,1,car,0.6822,559.8,502.3,654.4,554.6
220,1,car,0.3957,72.8,787.9,177.0,871.5
220,2,large_vehicle,0.3741,949.7,436.5,1022.4,481.4
220,1,car,0.1075,949.7,436.5,1022.4,481.4
221,1,car,0.8904,701.6,636.6,845.5,727.2
221,1,car,0.8247,229.5,710.7,348.3,793.6
221,1,car,0.6584,77.0,785.2,185.2,871.7
221,1,car,0.5739,556.9,501.3,661.1,554.8
221,2,large_vehicle,0.2845,949.8,436.6,1022.1,481.3
222,1,car,0.8910,701.6,636.6,845.4,727.2
222,1,car,0.8217,229.6,710.7,348.3,793.5
222,1,car,0.6343,76.9,785.4,185.2,871.9
222,1,car,0.5508,557.9,501.3,662.6,554.6
222,2,large_vehicle,0.2547,949.6,436.6,1021.8,481.3
222,2,large_vehicle,0.1047,557.9,501.3,662.6,554.6
223,1,car,0.8867,688.2,640.0,831.1,730.3
223,1,car,0.7466,222.1,711.6,335.9,793.7
223,1,car,0.5934,559.1,501.6,651.8,554.7
223,1,car,0.4502,82.3,787.0,190.3,866.5
223,2,large_vehicle,0.3977,950.0,436.3,1022.2,481.4
223,2,large_vehicle,0.1273,559.1,501.6,651.8,554.7
223,1,car,0.1265,950.0,436.3,1022.2,481.4
224,1,car,0.8880,688.2,640.0,831.1,730.3
224,1,car,0.7391,222.2,711.6,336.0,793.6
224,1,car,0.6041,560.7,501.7,654.1,554.7
224,1,car,0.4182,82.7,787.7,190.3,867.2
224,2,large_vehicle,0.3993,950.0,436.4,1022.3,481.4
224,1,car,0.1482,950.0,436.4,1022.3,481.4
224,2,large_vehicle,0.1126,560.7,501.7,654.1,554.7
225,1,car,0.8839,674.3,641.1,817.9,734.2
225,1,car,0.7898,210.8,713.7,325.3,793.4
225,1,car,0.6184,554.7,501.7,655.0,554.6
225,2,large_vehicle,0.3780,950.3,436.8,1021.9,481.1
225,1,car,0.2559,92.4,789.1,198.5,868.2
225,1,car,0.1714,950.3,436.8,1021.9,481.1
225,0,person,0.1377,280.0,763.0,298.6,803.3
226,1,car,0.8849,674.2,641.0,817.9,734.1
226,1,car,0.7942,211.1,713.7,325.5,793.6
226,1,car,0.6344,554.5,501.7,654.9,554.6
226,2,large_vehicle,0.4245,950.5,436.9,1022.3,481.1
226,1,car,0.3173,90.9,788.9,198.6,867.2
226,1,car,0.1619,950.5,436.9,1022.3,481.1
226,0,person,0.1189,279.9,762.8,298.6,803.2
227,1,car,0.8858,674.2,641.0,817.9,734.1
227,1,car,0.7940,211.1,713.7,325.4,793.6
227,1,car,0.6465,554.7,501.9,652.6,554.6
227,2,large_vehicle,0.4229,950.4,437.0,1022.2,481.1
227,1,car,0.3272,91.0,788.9,198.6,867.1
227,1,car,0.1552,950.4,437.0,1022.2,481.1
227,0,person,0.1179,279.9,762.8,298.6,803.2
228,1,car,0.8857,659.8,643.9,803.7,737.2
228,1,car,0.8154,205.6,715.4,315.9,794.4
228,1,car,0.7028,559.2,502.4,648.3,554.3
228,1,car,0.3460,96.8,787.8,206.6,869.9
228,2,large_vehicle,0.3439,950.7,437.1,1022.7,480.9
228,1,car,0.2291,950.7,437.1,1022.7,480.9
228,1,car,0.1048,1182.7,491.2,1264.2,559.0
229,1,car,0.8836,659.8,643.9,803.7,737.2
229,1,car,0.8103,205.5,715.4,316.0,794.4
229,1,car,0.6970,560.5,502.4,648.4,554.2
229,1,car,0.3669,96.9,787.8,206.7,870.3
229,2,large_vehicle,0.3462,950.6,437.0,1022.5,480.9
229,1,car,0.2073,950.6,437.0,1022.5,480.9
229,1,car,0.1325,1182.7,491.3,1263.8,559.1
229,0,person,0.1005,1237.3,555.5,1253.8,590.8
230,1,car,0.8808,646.0,647.8,790.1,740.9
230,1,car,0.7303,194.6,716.1,305.8,794.9
230,1,car,0.6097,557.2,501.6,662.7,554.0
230,0,person,0.3467,1190.3,550.1,1207.9,594.4
230,2,large_vehicle,0.3290,950.5,436.9,1022.8,480.9
230,1,car,0.2121,950.5,436.9,1022.8,480.9
230,1,car,0.1791,103.9,788.7,214.8,871.7
231,1,car,0.8796,646.0,647.8,790.1,740.9
231,1,car,0.7390,194.9,716.1,305.8,794.9
231,1,car,0.5976,557.2,501.7,662.8,554.0
231,2,large_vehicle,0.3391,950.3,436.9,1022.8,480.9
231,0,person,0.2980,1190.3,550.1,1207.9,594.3
231,1,car,0.1844,103.7,788.6,214.9,871.7
231,1,car,0.1796,950.3,436.9,1022.8,480.9
231,2,large_vehicle,0.1004,557.2,501.7,662.8,554.0
232,1,car,0.8795,646.0,647.7,790.1,740.9
232,1,car,0.7328,194.9,716.1,305.9,794.9
232,1,car,0.6375,556.3,501.7,664.5,554.1
232,2,large_vehicle,0.3349,950.6,436.6,1022.8,480.9
232,0,person,0.3038,1190.5,550.2,1207.9,594.3
232,1,car,0.1832,104.0,788.8,214.7,871.7
232,1,car,0.1784,950.6,436.6,1022.8,480.9
233,1,car,0.8648,630.8,650.4,776.6,745.1
233,1,car,0.7592,151.7,716.8,293.4,796.1
233,1,car,0.6238,556.8,501.4,662.0,554.0
233,1,car,0.4435,31.8,786.1,221.1,877.4
233,2,large_vehicle,0.3624,950.5,436.9,1022.8,481.0
233,1,car,0.2987,950.5,436.9,1022.8,481.0
233,1,car,0.2202,1177.8,495.4,1258.9,561.7
233,0,person,0.1356,1191.3,549.9,1209.4,593.7
233,2,large_vehicle,0.1319,1177.8,495.4,1258.9,561.7
234,1,car,0.8653,630.8,650.4,776.6,745.1
234,1,car,0.7633,151.3,716.8,293.4,796.1
234,1,car,0.6213,557.1,501.4,662.3,554.1
234,1,car,0.4248,31.5,786.1,221.2,877.4
234,2,large_vehicle,0.3391,950.5,436.8,1022.7,481.0
234,1,car,0.3029,950.5,436.8,1022.7,481.0
234,1,car,0.2227,1177.8,495.6,1259.8,561.7
234,0,person,0.1379,1191.3,549.9,1209.4,593.6
234,2,large_vehicle,0.1310,1177.8,495.6,1259.8,561.7
235,1,car,0.8429,615.8,652.1,761.7,749.7
235,1,car,0.6661,177.4,717.0,282.8,795.6
235,1,car,0.6312,552.9,500.5,659.2,554.4
235,2,large_vehicle,0.3200,950.4,436.7,1022.8,481.0
235,1,car,0.2827,950.4,436.7,1022.8,481.0
235,1,car,0.2819,1173.6,497.0,1263.3,564.0
235,1,car,0.2298,117.0,790.1,229.8,875.5
235,2,large_vehicle,0.1590,117.0,790.1,229.8,875.5
236,1,car,0.8432,615.8,652.1,761.7,749.7
236,1,car,0.6668,177.4,717.0,282.8,795.6
236,1,car,0.6226,553.1,500.6,658.8,554.3
236,2,large_vehicle,0.3064,950.4,436.7,1022.8,481.0
236,1,car,0.2931,950.4,436.7,1022.8,481.0
236,1,car,0.2808,1173.6,496.8,1263.3,564.0
236,1,car,0.2301,117.0,790.1,229.8,875.5
236,2,large_vehicle,0.1539,117.0,790.1,229.8,875.5
237,1,car,0.8443,615.8,652.1,761.7,749.7
237,1,car,0.6601,177.0,717.1,282.8,795.7
237,1,car,0.6251,553.4,500.6,660.4,554.3
237,1,car,0.3015,950.3,436.7,1022.8,481.0
237,2,large_vehicle,0.2974,950.3,436.7,1022.8,481.0
237,1,car,0.2711,1173.7,497.3,1263.2,563.9
237,1,car,0.2181,117.1,790.3,229.6,875.5
237,2,large_vehicle,0.1689,117.1,790.3,229.6,875.5
238,1,car,0.8601,601.4,658.6,747.9,752.3
238,1,car,0.7197,557.9,501.8,659.4,553.9
238,1,car,0.6703,157.1,717.9,272.2,795.2
238,1,car,0.4653,1170.1,498.5,1259.7,566.1
238,1,car,0.3526,950.9,436.4,1022.9,480.6
238,2,large_vehicle,0.2683,950.9,436.4,1022.9,480.6
238,1,car,0.2382,122.3,792.8,240.0,875.8
238,2,large_vehicle,0.1669,34.7,787.3,240.8,878.9
238,2,large_vehicle,0.1115,122.3,792.8,240.0,875.8
238,1,car,0.1083,1169.8,512.0,1240.8,565.7
239,1,car,0.8611,601.5,658.5,747.9,752.3
239,1,car,0.7025,557.3,501.4,660.3,553.9
239,1,car,0.6608,156.0,718.0,272.2,795.2
239,1,car,0.4994,1170.1,498.4,1259.5,566.0
239,1,car,0.3357,950.8,436.2,1023.0,480.7
239,2,large_vehicle,0.2765,950.8,436.2,1023.0,480.7
239,2,large_vehicle,0.2110,35.6,787.5,240.7,878.7
239,1,car,0.2059,120.3,792.8,239.8,875.6
239,1,car,0.1108,1169.8,511.9,1241.2,565.7
240,1,car,0.7944,586.5,659.7,732.3,755.8
240,1,car,0.7477,157.5,719.3,262.4,794.0
240,1,car,0.6297,557.5,501.2,662.7,553.6
240,1,car,0.4466,130.0,794.4,246.1,876.5
240,1,car,0.3663,1167.1,502.1,1258.4,567.1
240,1,car,0.3034,951.4,436.5,1023.2,480.4
240,2,large_vehicle,0.1978,951.4,436.5,1023.2,480.4
240,2,large_vehicle,0.1437,1167.1,502.1,1258.4,567.1
241,1,car,0.7888,586.6,659.8,732.3,755.8
241,1,car,0.7514,157.4,719.3,262.4,793.9
241,1,car,0.6270,557.2,501.3,661.1,553.5
241,1,car,0.4460,130.1,794.3,245.9,876.4
241,1,car,0.3911,1167.0,502.8,1258.0,567.1
241,2,large_vehicle,0.1955,951.1,436.4,1023.0,480.6
241,2,large_vehicle,0.1317,1167.0,502.8,1258.0,567.1
241,1,car,0.1198,951.1,436.4,1023.0,480.6
241,0,person,0.1103,1183.7,466.6,1197.3,505.0
242,1,car,0.7936,586.6,659.8,732.3,755.8
242,1,car,0.7510,157.4,719.4,262.4,793.9
242,1,car,0.6176,557.5,501.3,659.3,553.6
242,1,car,0.4440,130.1,794.3,245.9,876.4
242,1,car,0.3923,1167.1,502.7,1257.5,567.1
242,1,car,0.1753,951.6,436.5,1023.1,480.4
242,2,large_vehicle,0.1523,951.6,436.5,1023.1,480.4
242,2,large_vehicle,0.1323,1167.1,502.7,1257.5,567.1
243,1,car,0.8142,572.1,663.9,716.6,757.4
243,1,car,0.6669,557.4,501.0,661.7,553.4
243,1,car,0.6447,155.6,720.3,253.1,794.7
243,2,large_vehicle,0.4026,950.9,436.7,1023.1,480.8
243,1,car,0.2994,950.9,436.7,1023.1,480.8
243,0,person,0.2780,1183.5,466.3,1197.2,504.9
243,1,car,0.2731,135.8,794.5,254.1,876.9
243,1,car,0.2512,1162.8,504.2,1249.8,568.0
243,1,car,0.1537,1163.2,505.3,1246.6,568.1
243,2,large_vehicle,0.1339,1162.8,504.2,1249.8,568.0
244,1,car,0.8135,572.1,663.9,716.6,757.4
244,1,car,0.6702,557.3,501.1,661.0,553.6
244,1,car,0.6449,155.7,720.3,253.0,794.6
244,1,car,0.4387,1163.1,506.0,1244.4,568.1
244,2,large_vehicle,0.4337,951.1,436.6,1022.6,480.7
244,0,person,0.3312,1183.4,466.3,1197.0,504.9
244,1,car,0.2838,135.6,794.6,254.1,876.7
244,1,car,0.2444,951.1,436.6,1022.6,480.7
244,2,large_vehicle,0.2050,1163.1,506.0,1244.4,568.1
245,1,car,0.8646,557.1,665.3,702.5,760.7
245,1,car,0.6752,552.3,500.4,661.1,553.9
245,1,car,0.5445,1159.9,505.2,1246.3,570.1
245,1,car,0.3443,950.8,436.5,1022.8,480.6
245,2,large_vehicle,0.3434,950.8,436.5,1022.8,480.6
245,0,person,0.3255,1183.3,465.9,1197.0,504.9
245,1,car,0.2330,143.9,793.2,264.5,876.1
245,1,car,0.2235,144.5,720.9,243.3,796.6
245,1,car,0.1553,145.6,721.1,243.6,796.9
245,2,large_vehicle,0.1522,1159.9,505.2,1246.3,570.1
245,2,large_vehicle,0.1418,144.5,720.9,243.3,796.6
246,1,car,0.8634,557.2,665.3,702.6,760.8
246,1,car,0.6681,552.2,500.4,661.0,553.9
246,1,car,0.5430,1159.9,505.1,1246.6,570.1
246,2,large_vehicle,0.3390,950.9,436.5,1022.6,480.6
246,1,car,0.3320,950.9,436.5,1022.6,480.6
246,0,person,0.3194,1183.3,465.9,1197.0,504.9
246,1,car,0.2325,144.7,721.0,243.3,796.6
246,1,car,0.2250,144.0,793.2,264.4,876.1
246,2,large_vehicle,0.1590,1159.9,505.1,1246.6,570.1
246,2,large_vehicle,0.1523,144.7,721.0,243.3,796.6
246,1,car,0.1255,145.8,721.2,243.6,796.9
247,1,car,0.8167,542.2,669.7,687.2,762.8
247,1,car,0.6898,556.3,501.3,652.0,553.7
247,1,car,0.6127,1156.5,505.7,1240.9,571.3
247,1,car,0.5092,139.5,720.9,233.2,794.3
247,1,car,0.4454,150.6,789.6,271.6,876.2
247,1,car,0.3215,951.4,436.6,1022.9,480.5
247,2,large_vehicle,0.3171,951.4,436.6,1022.9,480.5
247,0,person,0.2717,1183.2,465.6,1196.8,504.5
248,1,car,0.8122,542.4,669.1,687.0,762.7
248,1,car,0.7107,556.1,501.4,649.9,553.7
248,1,car,0.6166,1156.5,505.5,1240.8,571.3
248,1,car,0.5150,139.4,720.8,233.2,794.2
248,1,car,0.4230,150.6,789.0,271.9,876.2
248,1,car,0.3099,951.3,436.6,1022.9,480.5
248,2,large_vehicle,0.3045,951.3,436.6,1022.9,480.5
248,0,person,0.2807,1183.2,465.6,1196.7,504.4
249,1,car,0.7636,527.7,672.8,672.7,765.8
249,1,car,0.6476,1152.8,506.8,1240.7,571.4
249,1,car,0.5912,556.1,501.2,657.6,553.6
249,1,car,0.4485,157.5,792.2,281.6,873.3
249,0,person,0.4067,1183.0,465.4,1196.7,504.4
249,1,car,0.4056,131.6,722.8,226.1,795.5
249,2,large_vehicle,0.3254,951.2,436.6,1022.8,480.5
249,1,car,0.2397,951.2,436.6,1022.8,480.5
249,2,large_vehicle,0.1549,131.6,722.8,226.1,795.5
249,2,large_vehicle,0.1054,556.1,501.2,657.6,553.6
250,1,car,0.7359,527.4,672.9,674.3,765.8
250,1,car,0.6067,1152.6,506.3,1242.6,571.3
250,1,car,0.5683,555.3,501.0,662.4,553.7
250,0,person,0.4425,1182.8,465.1,1196.7,504.7
250,1,car,0.4393,157.7,792.0,281.6,872.8
250,1,car,0.4343,131.4,722.7,225.7,795.4
250,2,large_vehicle,0.3170,951.7,436.6,1022.4,480.6
250,1,car,0.1999,951.7,436.6,1022.4,480.6
250,2,large_vehicle,0.1775,131.4,722.7,225.7,795.4
251,1,car,0.7283,527.5,672.9,674.4,765.8
251,1,car,0.6044,1152.6,506.3,1242.4,571.4
251,1,car,0.4959,555.5,500.8,661.2,553.6
251,0,person,0.4445,1182.8,465.1,1196.6,504.7
251,1,car,0.4383,131.3,722.7,225.7,795.4
251,2,large_vehicle,0.3525,951.7,436.3,1022.2,480.6
251,1,car,0.3451,157.7,792.0,281.3,872.6
251,1,car,0.2063,157.9,792.0,281.3,872.2
251,1,car,0.1771,951.7,436.3,1022.2,480.6
251,2,large_vehicle,0.1684,131.3,722.7,225.7,795.4
252,1,car,0.7678,513.1,675.5,661.3,768.9
252,1,car,0.6235,1148.2,507.8,1239.4,573.4
252,1,car,0.5785,558.0,500.9,663.5,553.5
252,1,car,0.4918,124.2,723.4,216.4,795.4
252,1,car,0.4876,164.0,789.1,290.3,874.9
252,0,person,0.4401,1182.7,465.2,1196.7,504.9
252,2,large_vehicle,0.3718,951.7,436.2,1022.2,480.6
252,1,car,0.2355,951.7,436.2,1022.2,480.6
253,1,car,0.7635,513.2,675.5,661.6,769.0
253,1,car,0.6226,1148.2,507.7,1240.0,573.3
253,1,car,0.5353,558.2,500.8,663.1,553.5
253,1,car,0.4894,164.0,789.2,290.3,874.9
253,1,car,0.4874,124.3,723.3,216.4,795.4
253,0,person,0.4222,1182.7,465.1,1196.7,504.9
253,2,large_vehicle,0.4012,951.7,436.2,1022.2,480.6
253,1,car,0.2208,951.7,436.2,1022.2,480.6
254,1,car,0.6959,497.8,677.3,642.9,771.3
254,1,car,0.6747,1144.4,511.1,1235.0,574.5
254,1,car,0.5471,117.8,724.9,206.2,795.6
254,1,car,0.5469,555.6,501.3,652.3,553.6
254,1,car,0.4460,171.5,788.7,298.5,873.3
254,0,person,0.4331,1182.7,465.2,1196.5,504.7
254,2,large_vehicle,0.3994,951.3,436.3,1021.8,480.7
254,1,car,0.2467,951.3,436.3,1021.8,480.7
254,2,large_vehicle,0.1165,555.6,501.3,652.3,553.6
255,1,car,0.6954,497.8,677.3,642.9,771.2
255,1,car,0.6778,1144.4,511.0,1235.2,574.5
255,1,car,0.5492,117.8,724.9,206.2,795.6
255,1,car,0.5402,555.7,501.3,652.4,553.6
255,1,car,0.4482,171.5,788.7,298.6,873.3
255,0,person,0.4281,1182.8,465.2,1196.5,504.7
255,2,large_vehicle,0.3814,951.3,436.6,1021.6,480.7
255,1,car,0.2512,951.3,436.6,1021.6,480.7
255,2,large_vehicle,0.1159,555.7,501.3,652.4,553.6
256,1,car,0.6924,497.8,677.3,642.9,771.2
256,1,car,0.6752,1144.4,511.2,1234.6,574.5
256,1,car,0.5439,117.8,724.9,206.3,795.6
256,1,car,0.5329,555.8,501.4,652.1,553.6
256,1,car,0.4443,171.5,788.7,298.5,873.1
256,0,person,0.4175,1182.8,465.3,1196.5,504.7
256,2,large_vehicle,0.3898,951.1,436.3,1021.8,480.8
256,1,car,0.2531,951.1,436.3,1021.8,480.8
256,2,large_vehicle,0.1326,555.8,501.4,652.1,553.6
257,1,car,0.8467,482.6,680.7,628.0,773.7
257,1,car,0.6073,558.5,502.1,654.5,553.5
257,1,car,0.5891,178.5,789.0,308.7,877.5
257,1,car,0.5350,113.1,724.8,197.8,795.9
257,1,car,0.4571,1139.8,510.5,1233.4,576.6
257,2,large_vehicle,0.3863,951.1,435.9,1022.3,480.6
257,0,person,0.3564,1182.8,464.9,1196.4,504.6
257,2,large_vehicle,0.2316,1139.8,510.5,1233.4,576.6
257,1,car,0.2074,951.1,435.9,1022.3,480.6
257,2,large_vehicle,0.1291,113.1,724.8,197.8,795.9
257,2,large_vehicle,0.1028,558.5,502.1,654.5,553.5
258,1,car,0.8448,482.5,680.6,627.8,773.7
258,1,car,0.6202,558.0,501.8,653.4,553.4
258,1,car,0.5965,178.4,789.1,308.8,877.1
258,1,car,0.5461,113.1,724.7,197.8,795.9
258,1,car,0.4547,1139.8,510.6,1233.4,576.6
258,2,large_vehicle,0.3996,951.1,435.8,1022.4,480.6
258,0,person,0.3636,1182.8,464.9,1196.4,504.6
258,2,large_vehicle,0.2335,1139.8,510.6,1233.4,576.6
258,1,car,0.2121,951.1,435.8,1022.4,480.6
258,2,large_vehicle,0.1194,113.1,724.7,197.8,795.9
259,1,car,0.8562,468.1,684.0,613.6,774.4
259,1,car,0.6505,186.0,786.7,318.8,875.6
259,1,car,0.5669,1136.3,513.0,1232.4,578.7
259,1,car,0.5378,556.5,501.3,659.8,553.4
259,1,car,0.5267,103.4,724.8,190.6,796.4
259,2,large_vehicle,0.2658,951.9,435.4,1022.6,480.3
259,0,person,0.2612,1182.8,465.1,1196.4,504.6
259,1,car,0.1824,951.9,435.4,1022.6,480.3
259,2,large_vehicle,0.1572,1136.3,513.0,1232.4,578.7
259,2,large_vehicle,0.1156,103.4,724.8,190.6,796.4
259,0,person,0.1105,1213.0,559.5,1231.2,602.0
260,1,car,0.8562,468.1,684.0,613.6,774.3
260,1,car,0.6423,186.1,786.3,318.7,875.0
260,1,car,0.5458,1136.3,512.7,1231.7,578.7
260,1,car,0.5333,103.4,724.8,190.6,796.4
260,1,car,0.5123,556.4,501.0,659.5,553.3
260,2,large_vehicle,0.3017,951.7,436.2,1022.4,480.7
260,0,person,0.2533,1182.8,465.0,1196.4,504.6
260,1,car,0.2056,951.7,436.2,1022.4,480.7
260,2,large_vehicle,0.1586,1136.3,512.7,1231.7,578.7
260,0,person,0.1194,1212.9,559.2,1231.1,602.4
260,2,large_vehicle,0.1129,103.4,724.8,190.6,796.4
260,2,large_vehicle,0.1024,556.4,501.0,659.5,553.3
261,1,car,0.8565,468.1,684.0,613.6,774.3
261,1,car,0.6403,186.1,786.3,318.7,875.4
261,1,car,0.5562,1136.3,512.9,1231.8,578.7
261,1,car,0.5300,103.4,724.8,190.6,796.4
261,1,car,0.5177,556.5,501.2,659.2,553.3
261,2,large_vehicle,0.3019,951.7,436.1,1022.4,480.7
261,0,person,0.2239,1182.9,464.9,1196.4,504.7
261,1,car,0.2072,951.7,436.1,1022.4,480.7
261,2,large_vehicle,0.1506,1136.3,512.9,1231.8,578.7
261,2,large_vehicle,0.1142,103.4,724.8,190.6,796.4
261,0,person,0.1108,1212.9,559.4,1231.1,602.2
262,1,car,0.8219,454.9,686.4,598.9,777.3
262,1,car,0.7232,96.6,725.0,182.0,796.7
262,1,car,0.6250,193.9,786.0,327.3,876.2
262,1,car,0.5645,1132.1,515.8,1215.1,580.8
262,1,car,0.4305,559.2,500.9,652.9,553.2
262,2,large_vehicle,0.3467,951.5,436.5,1022.6,480.6
262,0,person,0.2668,1182.9,464.8,1196.2,504.5
262,1,car,0.2642,951.5,436.5,1022.6,480.6
262,2,large_vehicle,0.1501,1132.1,515.8,1215.1,580.8
262,2,large_vehicle,0.1477,559.2,500.9,652.9,553.2
263,1,car,0.8171,454.9,686.5,599.2,777.3
263,1,car,0.7317,96.6,725.0,182.0,796.7
263,1,car,0.6221,193.9,786.0,327.1,876.0
263,1,car,0.5481,1132.1,515.5,1215.1,580.9
263,1,car,0.4603,558.8,501.0,652.0,553.2
263,2,large_vehicle,0.3346,951.3,436.3,1022.6,480.6
263,1,car,0.2782,951.3,436.3,1022.6,480.6
263,0,person,0.2492,1182.9,464.8,1196.2,504.4
263,2,large_vehicle,0.1600,1132.1,515.5,1215.1,580.9
263,2,large_vehicle,0.1528,558.8,501.0,652.0,553.2
264,1,car,0.7675,440.0,685.1,585.0,780.1
264,1,car,0.6788,90.6,724.5,173.5,797.2
264,1,car,0.5926,200.8,784.3,336.7,878.1
264,1,car,0.5235,555.8,500.9,652.7,553.4
264,1,car,0.3973,1126.6,516.1,1210.6,582.2
264,2,large_vehicle,0.3385,951.2,436.3,1022.4,480.7
264,1,car,0.3026,951.2,436.3,1022.4,480.7
264,0,person,0.2880,1182.8,464.7,1196.2,504.3
264,2,large_vehicle,0.2227,1126.6,516.1,1210.6,582.2
265,1,car,0.7679,440.0,685.3,585.0,780.2
265,1,car,0.6842,90.6,724.4,173.6,797.2
265,1,car,0.5908,200.7,784.1,336.5,878.2
265,1,car,0.5382,555.8,500.9,650.7,553.4
265,1,car,0.4083,1126.7,516.1,1210.7,582.2
265,2,large_vehicle,0.3266,951.1,436.1,1022.4,480.8
265,1,car,0.3052,951.1,436.1,1022.4,480.8
265,0,person,0.2872,1182.8,464.7,1196.3,504.3
265,2,large_vehicle,0.2254,1126.7,516.1,1210.7,582.2
266,1,car,0.7675,440.0,685.1,585.3,780.2
266,1,car,0.6877,90.6,724.4,173.5,797.2
266,1,car,0.5944,200.8,784.3,336.6,878.1
266,1,car,0.5244,556.4,501.0,651.8,553.4
266,1,car,0.3748,1126.6,516.1,1209.9,582.2
266,2,large_vehicle,0.3575,951.3,436.1,1022.3,480.7
266,1,car,0.2753,951.3,436.1,1022.3,480.7
266,0,person,0.2515,1182.8,464.7,1196.2,504.3
266,2,large_vehicle,0.2368,1126.6,516.1,1209.9,582.2
267,1,car,0.7121,427.2,690.0,572.1,781.3
267,1,car,0.6455,557.6,501.5,653.1,553.3
267,1,car,0.6416,209.0,783.5,347.8,876.3
267,2,large_vehicle,0.4504,1123.8,517.8,1205.1,584.7
267,4,other_vehicle,0.4283,83.1,724.7,166.3,798.6
267,2,large_vehicle,0.3466,951.0,436.1,1022.2,480.6
267,0,person,0.3029,1182.7,464.6,1196.2,504.3
267,1,car,0.2809,83.1,724.7,166.3,798.6
267,1,car,0.2606,1123.8,517.8,1205.1,584.7
267,1,car,0.2509,951.0,436.1,1022.2,480.6
268,1,car,0.7116,427.3,690.1,572.0,781.3
268,1,car,0.6553,557.7,501.5,652.3,553.3
268,1,car,0.6378,209.1,783.5,347.5,876.2
268,2,large_vehicle,0.4612,1123.8,517.8,1205.0,584.6
268,4,other_vehicle,0.4479,83.1,724.7,166.3,798.7
268,2,large_vehicle,0.3194,951.1,435.8,1022.0,480.6
268,0,person,0.2866,1182.7,464.6,1196.2,504.4
268,1,car,0.2599,83.1,724.7,166.3,798.7
268,1,car,0.2553,1123.8,517.8,1205.0,584.6
268,1,car,0.1957,951.1,435.8,1022.0,480.6
269,1,car,0.7879,412.5,692.8,559.6,780.5
269,1,car,0.6350,78.1,726.3,158.6,797.2
269,1,car,0.6328,216.8,783.4,356.6,876.8
269,1,car,0.5173,557.1,501.7,654.2,553.1
269,2,large_vehicle,0.4894,1119.6,518.8,1199.4,586.7
269,0,person,0.2545,1182.8,464.7,1196.2,504.4
269,0,person,0.2253,1201.6,555.5,1224.8,604.2
269,2,large_vehicle,0.2099,951.3,435.6,1022.1,480.3
269,1,car,0.1769,1119.6,518.8,1199.4,586.7
269,1,car,0.1583,951.3,435.6,1022.1,480.3
269,2,large_vehicle,0.1076,557.1,501.7,654.2,553.1
270,1,car,0.7961,412.6,693.1,559.8,780.7
270,1,car,0.6119,216.8,783.4,356.7,876.9
270,1,car,0.5899,78.1,726.4,158.7,797.2
270,1,car,0.5203,556.8,501.6,652.4,553.1
270,2,large_vehicle,0.5122,1119.6,518.9,1199.4,586.7
270,0,person,0.2515,1201.9,555.5,1224.8,604.6
270,0,person,0.2484,1182.8,464.8,1196.2,504.4
270,2,large_vehicle,0.2073,951.2,435.6,1022.1,480.3
270,1,car,0.1678,1119.6,518.9,1199.4,586.7
270,1,car,0.1489,951.2,435.6,1022.1,480.3
270,4,other_vehicle,0.1312,78.1,726.4,158.7,797.2
270,2,large_vehicle,0.1179,556.8,501.6,652.4,553.1
271,2,large_vehicle,0.7171,1114.9,520.2,1193.8,588.4
271,1,car,0.6302,225.9,782.4,364.9,872.8
271,1,car,0.5329,398.8,697.0,539.5,785.3
271,1,car,0.4071,558.9,500.9,653.8,553.1
271,1,car,0.3762,72.4,725.6,151.5,797.2
271,4,other_vehicle,0.3203,72.4,725.6,151.5,797.2
271,0,person,0.2963,1182.6,465.0,1196.0,504.3
271,2,large_vehicle,0.2810,951.5,435.8,1022.3,480.3
271,1,car,0.2286,951.5,435.8,1022.3,480.3
271,2,large_vehicle,0.1716,558.9,500.9,653.8,553.1
271,0,person,0.1601,1203.1,557.7,1222.1,602.3
272,2,large_vehicle,0.7086,1114.9,520.1,1193.9,588.4
272,1,car,0.6315,225.7,782.4,364.9,873.0
272,1,car,0.5659,398.7,696.8,540.3,785.4
272,1,car,0.4357,72.4,725.5,151.4,797.2
272,1,car,0.4324,560.0,501.3,650.4,553.2
272,0,person,0.3228,1182.6,464.9,1196.0,504.2
272,4,other_vehicle,0.2631,72.4,725.5,151.4,797.2
272,2,large_vehicle,0.2272,951.5,435.8,1021.9,480.3
272,2,large_vehicle,0.2214,951.2,436.0,1022.5,480.8
272,2,large_vehicle,0.1908,560.0,501.3,650.4,553.2
272,1,car,0.1759,951.5,435.8,1021.9,480.3
272,0,person,0.1570,1203.2,557.9,1222.1,602.2
272,1,car,0.1257,951.2,436.0,1022.5,480.8
273,1,car,0.7155,385.2,698.8,524.7,787.3
273,2,large_vehicle,0.6911,1110.3,521.7,1190.9,590.6
273,1,car,0.6405,233.6,781.3,376.2,876.8
273,1,car,0.4939,554.6,501.2,648.1,553.2
273,4,other_vehicle,0.3316,66.9,726.6,142.9,795.8
273,0,person,0.3131,1182.7,464.7,1196.1,504.2
273,1,car,0.2893,66.9,726.6,142.9,795.8
273,2,large_vehicle,0.2520,950.4,435.6,1022.2,480.4
273,2,large_vehicle,0.2499,950.8,435.4,1022.5,480.8
273,0,person,0.2027,1202.5,557.3,1220.7,604.4
273,0,person,0.1316,1194.3,557.2,1220.8,604.1
273,1,car,0.1256,950.4,435.6,1022.2,480.4
273,2,large_vehicle,0.1171,554.6,501.2,648.1,553.2
273,4,other_vehicle,0.1092,1189.1,576.2,1222.2,607.6
274,1,car,0.7171,385.2,699.0,524.7,787.3
274,2,large_vehicle,0.6888,1110.3,521.7,1190.9,590.5
274,1,car,0.6278,233.6,781.4,376.4,876.8
274,1,car,0.5413,554.9,501.2,647.5,553.2
274,4,other_vehicle,0.3358,66.9,726.7,142.9,795.8
274,0,person,0.3146,1182.6,464.6,1196.1,504.2
274,2,large_vehicle,0.2916,950.3,435.6,1022.3,480.5
274,1,car,0.2731,66.9,726.7,142.9,795.8
274,0,person,0.2093,1202.5,557.3,1220.7,604.4
274,1,car,0.1885,950.3,435.6,1022.3,480.5
274,2,large_vehicle,0.1431,554.9,501.2,647.5,553.2
274,0,person,0.1374,1194.4,557.3,1220.8,604.1
274,2,large_vehicle,0.1206,950.8,435.5,1022.6,480.8
274,4,other_vehicle,0.1133,1189.1,576.4,1222.2,607.6
275,1,car,0.7194,385.1,698.8,524.8,787.3
275,2,large_vehicle,0.6822,1110.3,521.7,1190.9,590.5
275,1,car,0.6403,233.6,781.4,376.3,876.8
275,1,car,0.5165,555.4,501.3,647.6,553.1
275,4,other_vehicle,0.3293,66.9,726.6,143.0,795.9
275,1,car,0.2788,66.9,726.6,143.0,795.9
275,0,person,0.2648,1182.6,464.5,1196.1,504.2
275,2,large_vehicle,0.2253,950.7,435.6,1022.4,480.9
275,0,person,0.2242,1202.2,557.2,1220.8,604.6
275,2,large_vehicle,0.2086,950.3,435.6,1021.9,480.5
275,2,large_vehicle,0.1569,555.4,501.3,647.6,553.1
275,0,person,0.1474,1194.5,557.2,1220.8,604.3
275,1,car,0.1298,950.3,435.6,1021.9,480.5
275,4,other_vehicle,0.1201,1189.2,576.4,1223.3,607.8
275,1,car,0.1023,950.7,435.6,1022.4,480.9
276,2,large_vehicle,0.7715,1105.3,522.9,1186.9,593.5
276,1,car,0.7201,371.2,700.3,509.9,785.3
276,1,car,0.7032,242.2,782.9,386.3,878.4
276,1,car,0.6138,556.3,501.4,652.1,553.3
276,4,other_vehicle,0.4695,60.8,727.5,136.9,795.2
276,0,person,0.2959,1182.4,464.0,1196.2,504.2
276,2,large_vehicle,0.2872,950.7,435.5,1021.9,480.4
276,1,car,0.2646,60.8,727.5,136.9,795.2
276,1,car,0.1672,950.7,435.5,1021.9,480.4
276,2,large_vehicle,0.1046,556.3,501.4,652.1,553.3
277,2,large_vehicle,0.7713,1105.3,522.9,1187.1,593.5
277,1,car,0.7216,371.1,700.3,509.9,785.3
277,1,car,0.7054,242.2,782.9,386.1,878.3
277,1,car,0.6034,556.8,501.6,653.8,553.3
277,4,other_vehicle,0.4905,60.8,727.5,137.2,795.2
277,2,large_vehicle,0.3073,950.8,435.5,1022.1,480.4
277,0,person,0.2801,1182.4,464.0,1196.2,504.0
277,1,car,0.2401,60.8,727.5,137.2,795.2
277,1,car,0.1825,950.8,435.5,1022.1,480.4
278,2,large_vehicle,0.7320,1100.5,523.4,1182.7,593.9
278,1,car,0.6727,250.1,784.3,396.5,877.3
278,1,car,0.5432,359.4,704.1,494.6,786.3
278,1,car,0.3952,557.5,501.4,649.2,553.3
278,1,car,0.3754,56.0,728.2,130.0,794.3
278,0,person,0.3277,1182.3,463.9,1196.1,503.7
278,2,large_vehicle,0.3275,951.3,435.4,1022.2,480.5
278,2,large_vehicle,0.2462,557.5,501.4,649.2,553.3
278,0,person,0.2457,1195.9,553.5,1217.6,604.5
278,4,other_vehicle,0.2266,1186.8,577.4,1225.8,608.8
278,4,other_vehicle,0.2158,56.0,728.2,130.0,794.3
278,1,car,0.1497,951.3,435.4,1022.2,480.5
278,0,person,0.1063,1199.4,552.9,1219.0,604.6
279,2,large_vehicle,0.7319,1100.5,523.4,1182.7,593.9
279,1,car,0.6730,250.1,784.3,396.5,877.3
279,1,car,0.5436,359.4,704.1,494.7,786.3
279,1,car,0.3983,557.5,501.4,649.2,553.3
279,1,car,0.3610,56.0,728.1,130.0,794.3
279,2,large_vehicle,0.3292,951.5,435.3,1022.3,480.5
279,0,person,0.3259,1182.3,463.9,1196.1,503.7
279,0,person,0.2481,1196.0,553.5,1217.6,604.4
279,2,large_vehicle,0.2446,557.5,501.4,649.2,553.3
279,4,other_vehicle,0.2252,1186.8,577.5,1225.9,608.8
279,4,other_vehicle,0.2207,56.0,728.1,130.0,794.3
279,1,car,0.1449,951.5,435.3,1022.3,480.5
279,0,person,0.1085,1199.4,552.9,1219.0,604.5
280,2,large_vehicle,0.7332,1100.5,523.4,1182.8,593.9
280,1,car,0.6728,250.1,784.2,396.5,877.3
280,1,car,0.5484,359.3,704.0,494.7,786.3
280,1,car,0.4116,558.0,501.5,649.3,553.3
280,1,car,0.3348,56.0,728.2,130.0,794.4
280,0,person,0.3338,1182.3,463.9,1196.1,503.7
280,2,large_vehicle,0.3221,951.1,435.4,1022.2,480.5
280,0,person,0.2464,1195.8,553.5,1217.6,604.7
280,4,other_vehicle,0.2448,56.0,728.2,130.0,794.4
280,2,large_vehicle,0.2298,558.0,501.5,649.3,553.3
280,4,other_vehicle,0.1957,1186.6,577.8,1224.7,608.8
280,1,car,0.1424,951.1,435.4,1022.2,480.5
281,1,car,0.7461,345.8,705.4,479.6,786.3
281,1,car,0.6594,260.4,785.9,408.3,875.8
281,2,large_vehicle,0.6206,1095.9,525.3,1179.5,597.6
281,2,large_vehicle,0.4596,951.2,435.4,1022.3,480.8
281,1,car,0.4030,561.0,501.4,647.6,553.5
281,4,other_vehicle,0.3456,50.2,728.0,123.0,794.0
281,2,large_vehicle,0.2937,561.0,501.4,647.6,553.5
281,0,person,0.2555,1182.3,463.8,1196.1,503.9
281,1,car,0.2093,50.2,728.0,123.0,794.0
281,0,person,0.1944,434.9,750.1,462.9,808.2
281,0,person,0.1832,1194.6,550.9,1216.0,604.1
281,4,other_vehicle,0.1708,1183.5,575.8,1222.0,607.9
281,1,car,0.1367,951.2,435.4,1022.3,480.8
282,1,car,0.7710,345.9,705.4,479.5,786.8
282,1,car,0.6692,260.3,786.1,409.0,875.6
282,2,large_vehicle,0.4704,951.2,435.4,1022.4,480.8
282,2,large_vehicle,0.4251,1095.9,525.6,1180.0,597.7
282,1,car,0.4125,560.2,501.4,647.2,553.4
282,2,large_vehicle,0.3532,1095.9,525.4,1179.6,597.7
282,0,person,0.3461,434.8,750.4,463.5,808.1
282,4,other_vehicle,0.3407,50.2,728.1,123.0,793.9
282,2,large_vehicle,0.3087,560.2,501.4,647.2,553.4
282,0,person,0.2724,1182.3,463.8,1196.1,503.9
282,1,car,0.1989,50.2,728.1,123.0,793.9
282,0,person,0.1964,1194.6,551.0,1216.1,604.0
282,4,other_vehicle,0.1733,1183.4,575.8,1222.4,608.0
282,1,car,0.1325,951.2,435.4,1022.4,480.8
283,1,car,0.7634,332.9,707.0,469.7,782.7
283,2,large_vehicle,0.7561,1090.9,527.6,1174.8,599.3
283,1,car,0.5431,270.1,784.7,417.9,876.6
283,1,car,0.4803,554.7,500.6,647.4,553.6
283,4,other_vehicle,0.4495,1181.5,575.4,1223.3,608.6
283,0,person,0.4478,1192.5,553.6,1214.6,604.1
283,2,large_vehicle,0.3919,951.0,435.8,1022.3,480.8
283,1,car,0.2629,45.6,727.3,117.0,793.5
283,0,person,0.2236,1182.2,463.8,1196.1,503.9
283,1,car,0.2161,951.0,435.8,1022.3,480.8
283,4,other_vehicle,0.2077,45.6,727.3,117.0,793.5
283,2,large_vehicle,0.1825,554.7,500.6,647.4,553.6
284,1,car,0.7662,332.8,706.8,469.7,783.4
284,2,large_vehicle,0.7476,1090.8,527.4,1174.9,599.3
284,1,car,0.5520,270.1,784.4,417.9,876.6
284,1,car,0.4863,554.2,500.6,647.8,553.6
284,4,other_vehicle,0.4561,1181.8,575.2,1223.2,608.6
284,0,person,0.4501,1192.4,553.4,1214.5,604.0
284,2,large_vehicle,0.3988,951.0,435.7,1022.2,480.7
284,1,car,0.2518,45.5,727.1,117.1,793.6
284,4,other_vehicle,0.2179,45.5,727.1,117.1,793.6
284,1,car,0.2051,951.0,435.7,1022.2,480.7
284,0,person,0.1877,1182.2,463.7,1196.0,503.9
284,2,large_vehicle,0.1810,554.2,500.6,647.8,553.6
285,1,car,0.7656,332.8,706.8,469.7,783.3
285,2,large_vehicle,0.7531,1090.8,527.4,1174.9,599.3
285,1,car,0.5478,270.1,784.4,417.9,876.6
285,1,car,0.4891,554.2,500.5,647.7,553.5
285,4,other_vehicle,0.4504,1181.2,575.2,1224.0,608.6
285,0,person,0.4368,1192.4,553.4,1214.5,604.1
285,2,large_vehicle,0.4004,951.0,435.7,1022.3,480.8
285,1,car,0.2441,45.5,727.1,117.0,793.6
285,4,other_vehicle,0.2199,45.5,727.1,117.0,793.6
285,0,person,0.2030,1182.3,463.7,1196.1,503.9
285,1,car,0.1993,951.0,435.7,1022.3,480.8
285,2,large_vehicle,0.1913,554.2,500.5,647.7,553.5
286,1,car,0.7845,320.6,709.7,453.6,787.2
286,2,large_vehicle,0.7700,1085.7,529.0,1171.5,601.0
286,1,car,0.7527,278.4,781.9,429.5,875.8
286,1,car,0.5957,555.5,501.1,650.4,553.2
286,4,other_vehicle,0.4434,1179.8,574.4,1223.2,608.8
286,0,person,0.4313,1190.8,552.7,1212.4,603.1
286,2,large_vehicle,0.3770,951.3,436.1,1022.3,480.7
286,1,car,0.2605,951.3,436.1,1022.3,480.7
286,4,other_vehicle,0.2214,40.4,729.0,112.0,793.5
286,0,person,0.2159,1182.2,463.9,1195.9,503.8
286,2,large_vehicle,0.1685,555.5,501.1,650.4,553.2
287,1,car,0.7854,320.7,709.8,453.6,786.9
287,2,large_vehicle,0.7666,1085.7,529.0,1171.4,601.0
287,1,car,0.7581,278.4,781.9,429.5,875.8
287,1,car,0.6231,556.3,501.4,649.8,553.2
287,4,other_vehicle,0.4667,1179.8,574.5,1223.8,608.7
287,0,person,0.4273,1190.9,552.7,1212.5,603.1
287,2,large_vehicle,0.3813,951.2,435.9,1022.2,480.6
287,0,person,0.2860,1182.0,464.1,1195.8,503.6
287,1,car,0.2739,951.2,435.9,1022.2,480.6
287,4,other_vehicle,0.2094,40.5,729.0,112.0,793.5
287,2,large_vehicle,0.1624,556.3,501.4,649.8,553.2
288,1,car,0.7867,308.7,712.5,441.7,787.3
288,1,car,0.7625,285.8,785.6,440.3,876.6
288,2,large_vehicle,0.7332,1080.6,529.7,1168.3,602.9
288,4,other_vehicle,0.6372,1178.8,574.0,1221.4,608.4
288,0,person,0.5200,1189.8,552.2,1211.0,604.0
288,1,car,0.4915,556.9,501.1,649.5,553.5
288,4,other_vehicle,0.3101,36.5,728.9,104.5,793.2
288,0,person,0.2931,1182.0,463.7,1196.0,503.6
288,2,large_vehicle,0.2926,951.3,435.4,1022.5,480.7
288,0,person,0.2483,308.4,758.0,333.1,803.1
288,2,large_vehicle,0.2175,556.9,501.1,649.5,553.5
288,1,car,0.1563,951.3,435.4,1022.5,480.7
288,1,car,0.1272,36.5,728.9,104.5,793.2
288,1,car,0.1251,0.0,771.7,40.0,839.3
288,1,car,0.1167,1080.6,529.7,1168.3,602.9
288,0,person,0.1154,1185.5,552.2,1209.5,604.7
288,2,large_vehicle,0.1001,0.0,764.8,40.5,846.2
289,1,car,0.7892,308.7,712.5,441.6,787.3
289,1,car,0.7557,285.6,785.5,440.3,876.5
289,2,large_vehicle,0.7330,1080.6,529.7,1168.4,602.9
289,4,other_vehicle,0.6444,1179.1,574.0,1221.3,608.4
289,0,person,0.5312,1189.8,552.2,1211.0,604.0
289,1,car,0.4794,556.9,501.1,649.7,553.4
289,0,person,0.3240,1182.0,463.8,1195.9,503.7
289,4,other_vehicle,0.3142,36.6,728.9,104.4,793.2
289,0,person,0.2431,308.4,758.2,333.1,803.0
289,2,large_vehicle,0.2378,951.3,435.6,1022.0,480.3
289,1,car,0.2324,951.3,435.6,1022.0,480.3
289,2,large_vehicle,0.2285,556.9,501.1,649.7,553.4
289,1,car,0.1311,0.0,771.6,40.1,839.1
289,1,car,0.1203,1080.6,529.7,1168.4,602.9
289,1,car,0.1199,36.6,728.9,104.4,793.2
289,0,person,0.1159,1185.5,552.2,1209.4,604.6
289,1,car,0.1036,0.0,764.9,40.6,846.1
290,1,car,0.7866,308.7,712.4,441.3,787.2
290,1,car,0.7605,285.8,785.6,440.3,876.5
290,2,large_vehicle,0.7270,1080.5,529.6,1168.6,603.0
290,4,other_vehicle,0.6425,1179.0,573.9,1220.7,608.5
290,0,person,0.5245,1189.7,552.3,1211.0,604.1
290,1,car,0.4467,557.5,501.2,649.1,553.3
290,2,large_vehicle,0.3186,951.5,435.3,1022.0,480.3
290,4,other_vehicle,0.3074,36.7,728.8,104.4,793.2
290,0,person,0.2674,1182.0,463.6,1196.0,503.8
290,0,person,0.2527,308.3,758.0,333.2,803.1
290,2,large_vehicle,0.2442,557.5,501.2,649.1,553.3
290,1,car,0.2370,951.5,435.3,1022.0,480.3
290,0,person,0.1349,1185.4,552.2,1209.6,604.7
290,1,car,0.1222,0.0,771.7,39.9,839.4
290,1,car,0.1220,1080.5,529.6,1168.6,603.0
290,1,car,0.1214,36.7,728.8,104.4,793.2
291,2,large_vehicle,0.8013,1075.1,530.1,1163.5,604.3
291,1,car,0.7649,297.5,785.0,447.8,874.9
291,1,car,0.6946,295.8,713.7,423.3,788.3
291,4,other_vehicle,0.4947,1176.7,573.7,1218.9,608.4
291,2,large_vehicle,0.4020,951.4,435.7,1021.8,480.3
291,1,car,0.3884,560.5,501.3,648.6,553.1
291,0,person,0.3780,1188.7,551.8,1210.1,603.5
291,2,large_vehicle,0.3287,560.5,501.3,648.6,553.1
291,0,person,0.2617,1182.0,463.5,1195.9,503.6
291,1,car,0.2427,951.4,435.7,1021.8,480.3
291,0,person,0.2379,1183.7,552.1,1209.1,604.2
291,2,large_vehicle,0.1939,0.0,768.4,47.0,847.7
291,1,car,0.1545,0.0,768.4,47.0,847.7
291,1,car,0.1214,0.0,773.4,45.9,841.1
292,2,large_vehicle,0.7955,1075.1,530.2,1163.9,604.3
292,1,car,0.7619,297.5,785.0,447.8,875.0
292,1,car,0.6906,295.8,713.7,423.3,788.5
292,4,other_vehicle,0.5125,1176.7,573.7,1218.7,608.4
292,2,large_vehicle,0.4206,951.6,435.6,1022.0,480.4
292,0,person,0.3820,1188.7,551.8,1210.0,603.5
292,2,large_vehicle,0.3626,561.7,501.3,647.6,552.9
292,1,car,0.3461,561.7,501.3,647.6,552.9
292,0,person,0.3065,1182.0,463.6,1196.0,503.5
292,1,car,0.2805,951.6,435.6,1022.0,480.4
292,0,person,0.2554,1183.7,552.1,1209.0,604.2
292,2,large_vehicle,0.2030,0.0,768.0,46.8,847.5
292,1,car,0.1488,0.0,768.0,46.8,847.5
292,1,car,0.1161,0.0,773.2,45.7,841.1
293,1,car,0.7689,307.0,784.3,459.9,875.7
293,1,car,0.6927,283.2,716.1,411.0,792.2
293,2,large_vehicle,0.6046,1069.7,532.0,1159.9,606.7
293,1,car,0.5244,554.4,501.1,647.4,553.4
293,2,large_vehicle,0.2361,950.8,435.8,1021.6,480.3
293,4,other_vehicle,0.2189,1176.0,574.8,1216.6,608.3
293,1,car,0.2049,950.8,435.8,1021.6,480.3
293,0,person,0.1634,1188.5,551.3,1208.6,602.2
293,1,car,0.1601,0.0,773.4,50.6,848.4
293,2,large_vehicle,0.1437,1069.7,531.9,1160.1,606.5
293,2,large_vehicle,0.1419,554.4,501.1,647.4,553.4
293,4,other_vehicle,0.1384,1176.8,574.2,1217.7,608.5
293,0,person,0.1382,1184.8,552.1,1206.7,602.5
293,2,large_vehicle,0.1202,0.0,773.4,50.6,848.4
293,1,car,0.1158,1069.7,532.0,1159.9,606.7
294,1,car,0.7671,306.9,784.8,460.4,875.9
294,1,car,0.7003,283.2,715.8,411.0,791.6
294,2,large_vehicle,0.5885,1069.7,532.5,1159.9,606.8
294,1,car,0.5176,554.5,501.0,647.4,553.5
294,2,large_vehicle,0.2217,950.7,435.8,1021.7,480.3
294,1,car,0.1903,950.7,435.8,1021.7,480.3
294,4,other_vehicle,0.1839,1176.7,574.4,1217.8,608.7
294,1,car,0.1666,0.0,773.2,50.7,848.0
294,1,car,0.1502,1069.7,532.5,1159.9,606.8
294,2,large_vehicle,0.1413,554.5,501.0,647.4,553.5
294,0,person,0.1408,1188.6,551.4,1208.5,602.2
294,2,large_vehicle,0.1371,951.2,435.7,1022.2,480.7
294,0,person,0.1283,1184.7,552.1,1206.8,602.3
294,2,large_vehicle,0.1238,0.0,773.2,50.7,848.0
294,4,other_vehicle,0.1042,1175.9,575.0,1216.7,608.4
295,1,car,0.7924,317.6,781.0,471.2,876.2
295,2,large_vehicle,0.7647,1064.0,534.3,1157.3,610.5
295,1,car,0.6194,555.1,501.0,649.1,553.4
295,1,car,0.5973,275.6,716.8,396.6,790.1
295,4,other_vehicle,0.3307,1173.0,572.7,1213.3,608.2
295,2,large_vehicle,0.3303,951.0,435.9,1022.8,480.8
295,0,person,0.2864,1183.2,551.3,1206.3,603.4
295,2,large_vehicle,0.2764,0.0,774.2,59.7,850.5
295,1,car,0.1971,0.0,774.2,59.7,850.5
295,1,car,0.1824,23.6,728.6,86.4,790.7
295,1,car,0.1702,951.0,435.9,1022.8,480.8
295,2,large_vehicle,0.1547,555.1,501.0,649.1,553.4
295,2,large_vehicle,0.1258,950.3,435.8,1022.2,480.4
296,1,car,0.7916,317.5,781.0,471.1,876.3
296,2,large_vehicle,0.7697,1064.1,534.3,1157.1,610.5
296,1,car,0.6313,554.9,501.2,649.3,553.4
296,1,car,0.5904,275.6,716.8,396.6,789.9
296,4,other_vehicle,0.3684,1173.1,572.7,1213.5,608.2
296,0,person,0.3508,1183.2,551.3,1206.3,603.5
296,2,large_vehicle,0.3281,950.8,435.8,1022.3,480.4
296,2,large_vehicle,0.2728,0.0,774.3,59.8,850.4
296,1,car,0.2111,950.8,435.8,1022.3,480.4
296,1,car,0.2014,0.0,774.3,59.8,850.4
296,2,large_vehicle,0.1407,554.9,501.2,649.3,553.4
296,1,car,0.1277,22.5,728.2,86.1,790.6
296,1,car,0.1196,23.3,728.7,86.6,790.7
297,1,car,0.7848,327.0,780.0,481.8,875.6
297,2,large_vehicle,0.7226,1058.6,535.5,1151.0,610.9
297,1,car,0.5977,258.3,718.7,390.1,795.7
297,2,large_vehicle,0.5597,0.0,775.2,63.5,852.5
297,1,car,0.5277,556.5,501.4,648.8,553.6
297,0,person,0.4000,1182.5,552.1,1205.1,605.0
297,4,other_vehicle,0.2867,1171.2,573.2,1212.2,608.3
297,2,large_vehicle,0.2680,951.4,435.7,1022.3,480.3
297,4,other_vehicle,0.2353,18.3,727.9,78.5,790.8
297,2,large_vehicle,0.2346,556.5,501.4,648.8,553.6
297,1,car,0.1693,951.4,435.7,1022.3,480.3
297,1,car,0.1643,18.3,727.9,78.5,790.8
297,1,car,0.1011,1058.6,535.5,1151.0,610.9
298,1,car,0.7838,327.2,780.1,481.8,875.6
298,2,large_vehicle,0.7209,1058.6,535.5,1151.1,610.8
298,1,car,0.5958,258.4,718.7,390.1,795.7
298,2,large_vehicle,0.5509,0.0,775.5,63.4,852.4
298,1,car,0.5249,555.9,501.4,649.3,553.6
298,0,person,0.4692,1182.4,552.0,1205.2,605.1
298,4,other_vehicle,0.3572,1171.2,573.3,1212.4,608.4
298,2,large_vehicle,0.2461,951.4,435.7,1022.5,480.3
298,4,other_vehicle,0.2448,18.4,728.1,78.7,790.8
298,2,large_vehicle,0.2362,555.9,501.4,649.3,553.6
298,1,car,0.1786,951.4,435.7,1022.5,480.3
298,1,car,0.1575,18.4,728.1,78.7,790.8
298,1,car,0.1020,1058.6,535.5,1151.1,610.8
299,1,car,0.7836,327.0,780.1,481.8,875.6
299,2,large_vehicle,0.7190,1058.6,535.4,1151.1,610.8
299,1,car,0.5913,258.3,718.7,389.3,796.0
299,2,large_vehicle,0.5636,0.0,775.2,63.5,852.4
299,1,car,0.5181,556.2,501.3,649.8,553.6
299,0,person,0.4285,1182.8,551.8,1205.4,604.9
299,4,other_vehicle,0.3206,1171.2,573.3,1212.5,608.3
299,2,large_vehicle,0.2497,951.2,435.5,1022.6,480.3
299,2,large_vehicle,0.2370,556.2,501.3,649.8,553.6
299,4,other_vehicle,0.2259,18.3,727.9,78.7,790.8
299,1,car,0.1915,951.2,435.5,1022.6,480.3
299,1,car,0.1596,18.3,727.9,78.7,790.8
299,1,car,0.1049,1058.6,535.4,1151.1,610.8
300,2,large_vehicle,0.7753,1052.6,537.4,1147.6,613.0
300,1,car,0.7266,337.6,778.3,493.8,873.3
300,1,car,0.6666,250.4,720.4,370.3,800.9
300,2,large_vehicle,0.5753,0.0,776.4,67.2,848.8
300,1,car,0.4917,559.7,501.5,648.4,553.3
300,4,other_vehicle,0.3908,1167.4,571.7,1210.7,607.9
300,2,large_vehicle,0.3072,951.7,435.6,1022.8,480.2
300,1,car,0.2921,951.7,435.6,1022.8,480.2
300,0,person,0.2903,1179.7,551.0,1203.1,606.4
300,2,large_vehicle,0.2709,559.7,501.5,648.4,553.3
300,1,car,0.2595,13.7,729.2,73.3,788.7
300,4,other_vehicle,0.1926,13.7,729.2,73.3,788.7
300,1,car,0.1506,0.7,719.5,74.0,790.6
300,2,large_vehicle,0.1234,0.7,719.5,74.0,790.6
300,2,large_vehicle,0.1050,337.6,778.3,493.8,873.3
301,2,large_vehicle,0.7806,1052.7,537.4,1147.7,613.1
301,1,car,0.7226,337.6,778.3,493.6,873.2
301,1,car,0.6648,250.7,720.5,370.3,800.9
301,2,large_vehicle,0.5703,0.0,776.4,67.2,848.8
301,1,car,0.4188,559.8,501.1,647.9,553.2
301,4,other_vehicle,0.3545,1167.6,571.4,1210.5,608.0
301,2,large_vehicle,0.3437,951.6,435.7,1022.8,480.2
301,2,large_vehicle,0.3355,559.8,501.1,647.9,553.2
301,1,car,0.3050,951.6,435.7,1022.8,480.2
301,0,person,0.2947,1179.8,550.9,1203.2,606.4
301,1,car,0.2636,13.7,729.1,73.3,788.7
301,4,other_vehicle,0.2021,13.7,729.1,73.3,788.7
301,1,car,0.1476,0.7,719.5,74.1,790.5
301,2,large_vehicle,0.1210,0.7,719.5,74.1,790.5
301,2,large_vehicle,0.1128,337.6,778.3,493.6,873.2
302,1,car,0.8202,346.0,776.2,506.6,872.3
302,2,large_vehicle,0.5690,1046.4,539.0,1142.2,614.9
302,1,car,0.5645,554.5,501.1,647.0,553.5
302,4,other_vehicle,0.4847,1165.3,573.2,1210.2,607.6
302,0,person,0.4037,1179.9,550.0,1200.2,601.2
302,2,large_vehicle,0.3974,950.1,435.6,1022.6,480.3
302,1,car,0.3822,241.2,723.1,357.2,799.6
302,1,car,0.3372,1046.4,539.0,1142.2,614.9
302,2,large_vehicle,0.3174,0.0,782.8,75.7,849.3
302,1,car,0.2869,950.1,435.6,1022.6,480.3
302,1,car,0.2618,9.7,729.2,68.4,787.8
302,1,car,0.2003,0.0,782.8,75.7,849.3
302,2,large_vehicle,0.1923,554.5,501.1,647.0,553.5
302,4,other_vehicle,0.1248,9.7,729.2,68.4,787.8
303,1,car,0.8202,346.0,776.2,506.6,872.3
303,2,large_vehicle,0.5698,1046.4,539.0,1142.2,614.9
303,1,car,0.5506,554.4,501.1,647.1,553.4
303,4,other_vehicle,0.5055,1165.6,573.2,1210.2,607.6
303,0,person,0.4103,1180.0,550.0,1200.2,601.1
303,2,large_vehicle,0.4063,950.1,435.6,1022.5,480.3
303,1,car,0.3800,241.2,723.1,357.1,799.6
303,1,car,0.3369,1046.4,539.0,1142.2,614.9
303,2,large_vehicle,0.3187,0.0,782.8,75.7,849.3
303,1,car,0.2850,950.1,435.6,1022.5,480.3
303,1,car,0.2610,9.7,729.2,68.4,787.8
303,1,car,0.1996,0.0,782.8,75.7,849.3
303,2,large_vehicle,0.1917,554.4,501.1,647.1,553.4
303,4,other_vehicle,0.1247,9.7,729.2,68.4,787.8
304,1,car,0.8199,346.0,776.3,506.5,872.4
304,2,large_vehicle,0.5807,1046.4,539.0,1142.2,614.9
304,1,car,0.5671,555.5,501.3,646.3,553.5
304,4,other_vehicle,0.4792,1165.3,573.3,1210.4,607.6
304,2,large_vehicle,0.4138,949.8,435.6,1022.4,480.3
304,0,person,0.4095,1180.0,549.9,1200.2,601.0
304,1,car,0.3757,241.0,723.1,357.1,799.6
304,1,car,0.3209,1046.4,539.0,1142.2,614.9
304,2,large_vehicle,0.3079,0.0,782.8,75.7,849.4
304,1,car,0.2711,949.8,435.6,1022.4,480.3
304,1,car,0.2617,9.6,729.3,68.0,787.7
304,2,large_vehicle,0.2243,555.5,501.3,646.3,553.5
304,1,car,0.2131,0.0,782.8,75.7,849.4
304,4,other_vehicle,0.1239,9.6,729.3,68.0,787.7
305,1,car,0.7781,356.7,774.2,516.8,871.8
305,1,car,0.7075,557.8,501.9,647.5,553.3
305,2,large_vehicle,0.6463,1040.2,540.6,1137.9,618.1
305,0,person,0.4067,1178.3,550.6,1199.5,604.8
305,4,other_vehicle,0.3998,1162.7,572.5,1209.7,607.2
305,1,car,0.3683,5.7,729.2,64.7,786.6
305,1,car,0.3287,228.9,723.6,344.8,802.5
305,2,large_vehicle,0.3005,950.7,435.5,1022.3,480.3
305,1,car,0.2759,0.7,785.0,80.3,849.0
305,2,large_vehicle,0.2526,0.7,785.0,80.3,849.0
305,1,car,0.1780,950.7,435.5,1022.3,480.3
305,1,car,0.1376,1040.2,540.6,1137.9,618.1
305,2,large_vehicle,0.1289,5.7,729.2,64.7,786.6
306,1,car,0.7755,356.3,774.2,516.8,872.0
306,1,car,0.7052,557.9,501.8,647.4,553.3
306,2,large_vehicle,0.6720,1040.3,540.5,1137.9,618.4
306,0,person,0.3806,1178.4,550.7,1199.5,604.7
306,1,car,0.3568,228.9,723.5,344.9,802.5
306,1,car,0.3563,5.8,729.3,64.7,786.6
306,4,other_vehicle,0.3471,1163.3,572.8,1209.6,607.1
306,1,car,0.2945,0.8,785.1,80.5,849.2
306,2,large_vehicle,0.2932,950.7,435.7,1022.2,480.4
306,2,large_vehicle,0.2191,0.8,785.1,80.5,849.2
306,1,car,0.1719,950.7,435.7,1022.2,480.4
306,2,large_vehicle,0.1183,5.8,729.3,64.7,786.6
306,1,car,0.1102,1040.3,540.5,1137.9,618.4
307,1,car,0.7918,366.6,770.8,529.6,871.0
307,2,large_vehicle,0.7091,1033.7,542.1,1134.2,619.9
307,1,car,0.6060,556.8,501.6,648.8,553.4
307,1,car,0.5205,218.8,723.7,335.8,803.5
307,0,person,0.4639,1178.3,549.7,1197.1,602.2
307,1,car,0.4453,1.0,728.3,57.8,785.5
307,4,other_vehicle,0.4054,1161.7,572.4,1209.5,606.6
307,1,car,0.3410,2.3,784.3,86.4,851.6
307,2,large_vehicle,0.2521,2.3,784.3,86.4,851.6
307,2,large_vehicle,0.2351,951.2,435.6,1022.2,480.4
307,1,car,0.1688,951.2,435.6,1022.2,480.4
307,2,large_vehicle,0.1363,556.8,501.6,648.8,553.4
307,1,car,0.1168,1033.7,542.1,1134.2,619.9
307,0,person,0.1127,1175.4,549.6,1195.4,601.3
308,1,car,0.7909,366.6,770.8,529.5,870.9
308,2,large_vehicle,0.6909,1033.8,542.0,1134.1,619.9
308,1,car,0.5363,556.4,501.3,649.1,553.4
308,1,car,0.5330,218.6,723.8,335.7,803.5
308,0,person,0.4491,1178.4,549.6,1196.9,602.1
308,1,car,0.4466,1.0,728.2,58.0,785.6
308,4,other_vehicle,0.4096,1161.7,572.4,1209.3,606.6
308,1,car,0.3393,1.9,784.3,86.5,851.7
308,2,large_vehicle,0.2704,951.5,435.5,1022.4,480.3
308,2,large_vehicle,0.2478,1.9,784.3,86.5,851.7
308,1,car,0.1736,951.5,435.5,1022.4,480.3
308,2,large_vehicle,0.1682,556.4,501.3,649.1,553.4
308,1,car,0.1293,1033.8,542.0,1134.1,619.9
308,0,person,0.1097,1175.6,549.5,1195.5,601.4
309,1,car,0.7900,366.6,770.8,529.5,870.9
309,2,large_vehicle,0.6929,1033.8,542.1,1134.2,619.9
309,1,car,0.5367,218.6,723.8,335.7,803.5
309,1,car,0.5355,556.4,501.3,649.1,553.4
309,0,person,0.4591,1178.4,549.6,1196.9,602.1
309,1,car,0.4495,1.0,728.2,58.0,785.6
309,4,other_vehicle,0.4237,1161.6,572.5,1209.3,606.7
309,1,car,0.3403,2.0,784.3,86.5,851.7
309,2,large_vehicle,0.2686,951.5,435.5,1022.4,480.3
309,2,large_vehicle,0.2468,2.0,784.3,86.5,851.7
309,2,large_vehicle,0.1685,556.4,501.3,649.1,553.4
309,1,car,0.1671,951.5,435.5,1022.4,480.3
309,1,car,0.1272,1033.8,542.1,1134.2,619.9
309,0,person,0.1070,1175.6,549.5,1195.5,601.4
310,1,car,0.7399,376.8,769.8,541.1,870.4
310,2,large_vehicle,0.6881,1026.9,543.0,1128.9,621.5
310,1,car,0.5929,0.4,728.0,54.8,785.5
310,1,car,0.5726,206.3,726.2,321.0,804.1
310,0,person,0.4773,1173.3,550.8,1194.3,603.0
310,2,large_vehicle,0.4443,9.7,784.5,92.2,852.9
310,1,car,0.4272,562.0,501.0,647.3,552.8
310,2,large_vehicle,0.4210,951.3,435.8,1022.2,480.3
310,2,large_vehicle,0.3316,1027.1,543.1,1129.0,621.5
310,1,car,0.2646,9.7,784.5,92.2,852.9
310,2,large_vehicle,0.2616,562.0,501.0,647.3,552.8
310,1,car,0.2173,951.3,435.8,1022.2,480.3
310,4,other_vehicle,0.1967,1161.1,571.5,1195.6,605.7
310,0,person,0.1694,1179.8,462.9,1195.7,502.5
310,2,large_vehicle,0.1346,0.4,728.0,54.8,785.5
311,2,large_vehicle,0.7556,1026.8,543.0,1129.0,621.5
311,1,car,0.7417,376.9,769.9,541.1,870.4
311,1,car,0.6106,0.4,727.9,54.7,785.5
311,1,car,0.5820,206.3,726.2,321.0,804.2
311,2,large_vehicle,0.4441,9.3,784.5,92.0,852.9
311,0,person,0.4342,1173.1,550.6,1194.6,602.9
311,1,car,0.4338,561.4,501.2,647.2,552.9
311,2,large_vehicle,0.3930,951.2,435.8,1022.2,480.3
311,2,large_vehicle,0.2760,561.4,501.2,647.2,552.9
311,1,car,0.2640,9.3,784.5,92.0,852.9
311,4,other_vehicle,0.1874,1161.8,571.6,1196.4,605.6
311,1,car,0.1846,951.2,435.8,1022.2,480.3
311,0,person,0.1453,1179.7,463.2,1195.7,502.6
311,2,large_vehicle,0.1231,0.4,727.9,54.7,785.5
312,1,car,0.8304,385.8,768.1,552.6,868.5
312,2,large_vehicle,0.7379,1022.0,544.9,1124.3,623.1
312,1,car,0.5988,555.6,501.2,646.8,553.2
312,0,person,0.5932,1173.9,550.0,1193.2,600.7
312,2,large_vehicle,0.5861,16.7,784.1,97.2,853.4
312,1,car,0.5167,198.9,725.2,309.2,804.5
312,4,other_vehicle,0.5100,1159.6,572.4,1209.5,605.7
312,2,large_vehicle,0.5078,0.4,726.6,50.6,785.2
312,2,large_vehicle,0.3672,950.0,435.9,1022.3,480.3
312,1,car,0.2547,0.4,726.6,50.6,785.2
312,1,car,0.1937,950.0,435.9,1022.3,480.3
312,2,large_vehicle,0.1733,555.6,501.2,646.8,553.2
312,0,person,0.1383,1179.4,462.9,1195.7,503.5
312,1,car,0.1355,16.7,784.1,97.2,853.4
312,0,person,0.1098,1177.8,464.0,1193.7,503.8
312,1,car,0.1026,1022.0,544.9,1124.3,623.1
312,2,large_vehicle,0.1021,950.8,435.6,1022.5,480.6
313,1,car,0.8308,385.9,768.2,552.6,868.5
313,2,large_vehicle,0.7430,1022.0,544.9,1124.3,623.2
313,0,person,0.5813,1173.9,550.0,1193.2,600.6
313,2,large_vehicle,0.5788,16.7,784.2,97.2,853.4
313,1,car,0.5463,555.1,501.0,647.0,553.3
313,1,car,0.5216,198.9,725.2,309.2,804.5
313,2,large_vehicle,0.5173,0.4,726.6,50.6,785.2
313,4,other_vehicle,0.4796,1159.7,572.4,1209.6,605.7
313,2,large_vehicle,0.3965,950.0,435.9,1022.2,480.3
313,1,car,0.2450,0.4,726.6,50.6,785.2
313,1,car,0.2412,950.0,435.9,1022.2,480.3
313,2,large_vehicle,0.1845,555.1,501.0,647.0,553.3
313,1,car,0.1423,16.7,784.2,97.2,853.4
313,0,person,0.1342,1179.4,463.0,1195.6,503.5
314,1,car,0.8295,385.9,768.1,552.6,868.5
314,2,large_vehicle,0.7357,1022.0,544.9,1124.2,623.2
314,0,person,0.5925,1174.0,550.0,1193.2,600.2
314,2,large_vehicle,0.5891,16.7,784.1,97.2,853.5
314,2,large_vehicle,0.5321,0.4,726.5,50.6,785.3
314,1,car,0.5299,555.9,500.9,646.9,553.2
314,1,car,0.5176,198.9,724.8,309.2,804.5
314,4,other_vehicle,0.4876,1159.3,572.5,1207.8,605.7
314,2,large_vehicle,0.3190,950.7,435.8,1022.1,480.3
314,2,large_vehicle,0.2263,951.1,435.6,1022.4,480.5
314,1,car,0.2231,0.4,726.5,50.6,785.3
314,2,large_vehicle,0.1901,555.9,500.9,646.9,553.2
314,1,car,0.1540,950.7,435.8,1022.1,480.3
314,1,car,0.1339,16.7,784.1,97.2,853.5
314,0,person,0.1040,1179.2,462.8,1195.9,504.4
314,0,person,0.1040,1177.6,464.0,1193.8,504.6
314,1,car,0.1032,1022.0,544.9,1124.2,623.2
315,1,car,0.8255,397.1,766.0,565.2,867.5
315,2,large_vehicle,0.7480,1014.7,546.5,1117.2,628.8
315,2,large_vehicle,0.6320,21.5,785.8,102.9,853.7
315,1,car,0.6057,557.2,501.5,646.9,553.3
315,1,car,0.5573,189.9,728.7,297.5,804.7
315,2,large_vehicle,0.5558,0.2,723.4,47.0,785.4
315,4,other_vehicle,0.4896,1157.7,573.1,1207.1,605.6
315,0,person,0.4851,1173.5,550.6,1191.5,597.4
315,2,large_vehicle,0.4628,951.4,435.7,1022.2,480.4
315,1,car,0.2803,0.2,723.4,47.0,785.4
315,2,large_vehicle,0.2325,557.2,501.5,646.9,553.3
315,1,car,0.1815,951.4,435.7,1022.2,480.4
315,0,person,0.1410,1177.5,463.9,1193.7,504.9
315,1,car,0.1308,21.5,785.8,102.9,853.7
315,2,large_vehicle,0.1274,189.9,728.7,297.5,804.7
316,1,car,0.8243,397.1,766.0,565.1,867.5
316,2,large_vehicle,0.7499,1014.7,546.5,1117.3,628.8
316,2,large_vehicle,0.6352,21.5,785.8,103.1,853.8
316,1,car,0.5846,556.3,501.3,646.6,553.2
316,2,large_vehicle,0.5615,0.2,723.5,46.9,785.5
316,1,car,0.5609,190.0,728.9,297.5,804.7
316,0,person,0.4710,1173.5,550.6,1191.4,596.9
316,2,large_vehicle,0.4508,951.4,435.9,1022.1,480.5
316,4,other_vehicle,0.4415,1157.9,573.2,1205.4,605.6
316,1,car,0.2731,0.2,723.5,46.9,785.5
316,2,large_vehicle,0.2536,556.3,501.3,646.6,553.2
316,1,car,0.1747,951.4,435.9,1022.1,480.5
316,1,car,0.1299,21.5,785.8,103.1,853.8
316,2,large_vehicle,0.1267,190.0,728.9,297.5,804.7
316,0,person,0.1239,1177.6,463.9,1193.7,504.9
317,1,car,0.8252,406.6,764.9,576.1,867.5
317,2,large_vehicle,0.7528,1008.2,547.5,1114.5,628.2
317,1,car,0.6685,180.0,727.9,286.2,805.0
317,0,person,0.5502,1171.1,549.6,1189.8,600.4
317,2,large_vehicle,0.5051,25.6,785.0,109.1,856.0
317,1,car,0.4511,0.1,725.0,40.6,785.5
317,1,car,0.4296,556.3,501.1,648.2,553.2
317,2,large_vehicle,0.4051,0.1,725.0,40.6,785.5
317,4,other_vehicle,0.3419,1157.5,571.3,1206.5,605.3
317,2,large_vehicle,0.3082,951.5,435.4,1022.6,480.2
317,2,large_vehicle,0.2341,556.3,501.1,648.2,553.2
317,1,car,0.1890,951.5,435.4,1022.6,480.2
317,1,car,0.1429,25.6,785.0,109.1,856.0
317,0,person,0.1298,1177.2,463.7,1194.0,505.3
317,1,car,0.1194,1008.2,547.5,1114.5,628.2
318,1,car,0.8255,406.1,765.0,576.0,867.5
318,2,large_vehicle,0.7607,1008.3,547.4,1114.0,628.2
318,1,car,0.6610,179.9,727.9,286.2,805.0
318,0,person,0.5565,1171.1,549.5,1189.8,600.4
318,2,large_vehicle,0.5107,25.7,785.0,109.1,856.0
318,1,car,0.4520,0.1,724.9,40.3,785.5
318,1,car,0.4245,556.3,501.1,648.4,553.2
318,2,large_vehicle,0.3963,0.1,724.9,40.3,785.5
318,4,other_vehicle,0.3554,1157.6,571.2,1206.3,605.3
318,2,large_vehicle,0.3182,951.5,435.4,1022.6,480.2
318,2,large_vehicle,0.2398,556.3,501.1,648.4,553.2
318,1,car,0.1765,951.5,435.4,1022.6,480.2
318,1,car,0.1382,25.7,785.0,109.1,856.0
318,1,car,0.1150,1008.3,547.4,1114.0,628.2
319,1,car,0.7902,419.5,763.9,588.7,865.8
319,2,large_vehicle,0.7297,1001.1,550.4,1108.0,632.5
319,1,car,0.6773,171.3,728.9,275.3,805.1
319,1,car,0.6021,0.1,723.9,36.6,785.4
319,2,large_vehicle,0.5437,29.7,785.6,114.9,856.7
319,0,person,0.4460,1169.1,550.4,1187.5,599.7
319,2,large_vehicle,0.4048,951.4,435.8,1022.2,480.1
319,1,car,0.3953,559.5,500.7,646.9,553.1
319,2,large_vehicle,0.3419,559.5,500.7,646.9,553.1
319,4,other_vehicle,0.3323,1153.9,571.4,1200.2,605.3
319,2,large_vehicle,0.2785,0.1,723.9,36.6,785.4
319,1,car,0.2176,951.4,435.8,1022.2,480.1
319,1,car,0.1674,29.7,785.6,114.9,856.7
319,0,person,0.1661,1177.4,464.2,1193.5,505.2
319,1,car,0.1474,1001.1,550.4,1108.0,632.5
320,1,car,0.7924,419.6,764.0,588.7,865.8
320,2,large_vehicle,0.7306,1001.1,550.5,1108.4,632.1
320,1,car,0.6713,171.3,729.0,275.3,805.0
320,1,car,0.6082,0.1,724.1,36.5,785.3
320,2,large_vehicle,0.5538,29.7,785.7,114.9,856.7
320,0,person,0.4747,1169.0,550.1,1187.7,600.7
320,2,large_vehicle,0.4409,951.2,435.7,1022.5,480.5
320,2,large_vehicle,0.4006,559.2,500.7,646.4,553.2
320,1,car,0.3863,559.2,500.7,646.4,553.2
320,4,other_vehicle,0.3514,1153.8,571.2,1201.6,605.5
320,2,large_vehicle,0.2787,0.1,724.1,36.5,785.3
320,0,person,0.2302,1177.4,464.2,1193.5,505.1
320,1,car,0.2199,951.2,435.7,1022.5,480.5
320,1,car,0.1596,29.7,785.7,114.9,856.7
320,1,car,0.1498,1001.1,550.5,1108.4,632.1
320,4,other_vehicle,0.1364,1154.9,569.6,1195.6,602.8
321,1,car,0.8379,430.8,761.6,599.8,864.3
321,0,person,0.5729,1166.8,549.8,1185.8,600.7
321,1,car,0.5651,163.1,731.3,264.2,805.8
321,1,car,0.5541,552.5,500.3,646.6,553.1
321,2,large_vehicle,0.5470,993.0,551.3,1101.8,632.3
321,2,large_vehicle,0.5328,34.5,785.7,121.9,859.1
321,1,car,0.4307,0.0,719.9,33.7,784.5
321,2,large_vehicle,0.4268,950.7,435.7,1022.6,480.4
321,2,large_vehicle,0.3679,0.0,719.9,33.7,784.5
321,1,car,0.3590,993.0,551.3,1101.8,632.3
321,4,other_vehicle,0.3568,1152.1,569.7,1206.1,605.1
321,0,person,0.2841,1177.3,464.5,1193.2,505.5
321,4,other_vehicle,0.2603,1153.1,569.2,1196.2,602.7
321,1,car,0.2481,950.7,435.7,1022.6,480.4
321,2,large_vehicle,0.2370,552.5,500.3,646.6,553.1
321,1,car,0.1514,34.5,785.7,121.9,859.1
321,0,person,0.1411,1164.1,549.8,1184.6,599.8
321,2,large_vehicle,0.1029,163.1,731.3,264.2,805.8
322,1,car,0.8354,431.0,761.6,599.8,864.3
322,2,large_vehicle,0.5791,993.0,551.3,1102.2,632.4
322,0,person,0.5754,1166.8,549.8,1185.8,600.7
322,1,car,0.5636,163.1,731.3,264.3,805.8
322,1,car,0.5454,552.7,500.1,646.2,553.1
322,2,large_vehicle,0.5125,34.3,785.6,121.9,859.1
322,2,large_vehicle,0.4367,950.6,435.7,1022.7,480.5
322,1,car,0.4344,0.0,719.9,33.6,784.6
322,2,large_vehicle,0.3624,0.0,719.9,33.6,784.6
322,4,other_vehicle,0.3517,1152.0,569.7,1206.0,605.1
322,1,car,0.3260,993.0,551.3,1102.2,632.4
322,0,person,0.3116,1177.3,464.6,1193.2,505.5
322,2,large_vehicle,0.2739,552.7,500.1,646.2,553.1
322,1,car,0.2488,950.6,435.7,1022.7,480.5
322,4,other_vehicle,0.2348,1152.9,569.2,1195.8,602.5
322,1,car,0.1652,34.3,785.6,121.9,859.1
322,0,person,0.1453,1164.1,549.8,1184.6,600.0
322,2,large_vehicle,0.1076,163.1,731.3,264.3,805.8
323,1,car,0.8390,430.7,761.6,599.8,864.3
323,1,car,0.5676,163.0,731.3,264.3,805.8
323,2,large_vehicle,0.5523,993.0,551.3,1102.5,632.3
323,0,person,0.5432,1166.9,549.8,1185.7,600.7
323,1,car,0.5373,554.0,500.6,646.7,553.2
323,2,large_vehicle,0.5201,34.5,785.7,121.9,859.0
323,1,car,0.4268,0.0,719.9,33.6,784.5
323,2,large_vehicle,0.4179,950.8,435.7,1022.8,480.5
323,2,large_vehicle,0.3732,0.0,719.9,33.6,784.5
323,1,car,0.3531,993.0,551.3,1102.5,632.3
323,4,other_vehicle,0.3391,1152.2,569.5,1206.2,605.1
323,0,person,0.3384,1177.3,464.6,1193.1,505.3
323,1,car,0.2626,950.8,435.7,1022.8,480.5
323,2,large_vehicle,0.2261,554.0,500.6,646.7,553.2
323,4,other_vehicle,0.2105,1153.1,568.9,1195.0,602.5
323,0,person,0.2035,1164.0,549.8,1184.7,600.0
323,1,car,0.1591,34.5,785.7,121.9,859.0
323,2,large_vehicle,0.1014,163.0,731.3,264.3,805.8
324,1,car,0.8249,438.6,760.7,611.9,863.9
324,2,large_vehicle,0.7364,986.9,552.5,1097.6,636.8
324,1,car,0.6758,154.0,730.0,254.5,805.8
324,1,car,0.6386,39.9,784.8,128.0,860.4
324,1,car,0.5967,556.1,501.1,646.5,553.2
324,0,person,0.5772,1163.5,549.6,1183.5,601.4
324,1,car,0.4540,0.0,717.0,28.7,783.7
324,2,large_vehicle,0.3864,0.0,717.0,28.7,783.7
324,4,other_vehicle,0.3807,1151.2,570.1,1195.7,603.1
324,2,large_vehicle,0.3672,951.1,435.8,1022.8,480.6
324,4,other_vehicle,0.2909,1149.9,570.2,1201.3,604.9
324,0,person,0.2554,1177.3,464.4,1192.8,504.9
324,0,person,0.2350,1166.1,549.3,1184.7,602.1
324,1,car,0.2262,951.1,435.8,1022.8,480.6
324,2,large_vehicle,0.2226,556.1,501.1,646.5,553.2
324,1,car,0.1256,986.9,552.5,1097.6,636.8
325,1,car,0.8244,438.7,760.7,611.9,863.9
325,2,large_vehicle,0.7421,986.9,552.6,1097.6,636.8
325,1,car,0.6761,154.0,730.1,254.5,805.8
325,1,car,0.6096,39.8,784.9,128.0,860.4
325,1,car,0.5998,556.4,501.1,646.8,553.1
325,0,person,0.5763,1163.5,549.6,1183.5,601.4
325,1,car,0.4576,0.0,717.0,28.8,783.8
325,4,other_vehicle,0.3872,1151.2,570.1,1195.7,603.2
325,2,large_vehicle,0.3863,0.0,717.0,28.8,783.8
325,2,large_vehicle,0.3243,951.3,435.9,1022.9,480.6
325,0,person,0.2666,1177.3,464.4,1192.8,504.9
325,4,other_vehicle,0.2494,1149.9,570.4,1200.8,604.7
325,1,car,0.2363,951.3,435.9,1022.9,480.6
325,0,person,0.2362,1166.2,549.3,1184.6,602.1
325,2,large_vehicle,0.1993,556.4,501.1,646.8,553.1
325,1,car,0.1207,986.9,552.6,1097.6,636.8
326,1,car,0.7267,453.2,759.0,623.1,862.3
326,2,large_vehicle,0.6845,978.8,554.1,1084.6,638.2
326,0,person,0.6491,1160.9,549.1,1181.9,600.6
326,2,large_vehicle,0.5448,44.7,786.2,133.9,862.0
326,1,car,0.5430,555.3,501.0,646.9,553.1
326,4,other_vehicle,0.4463,1150.3,570.2,1191.6,602.4
326,2,large_vehicle,0.4443,0.1,718.8,23.8,784.5
326,1,car,0.4302,146.7,731.4,243.2,805.8
326,2,large_vehicle,0.3887,951.2,435.7,1023.0,480.6
326,2,large_vehicle,0.3261,146.7,731.4,243.2,805.8
326,2,large_vehicle,0.2595,555.3,501.0,646.9,553.1
326,0,person,0.2523,1177.5,465.6,1192.0,505.0
326,1,car,0.2145,978.8,554.1,1084.6,638.2
326,1,car,0.2091,44.7,786.2,133.9,862.0
326,1,car,0.1783,951.2,435.7,1023.0,480.6
326,1,car,0.1754,0.1,718.8,23.8,784.5
327,1,car,0.7267,453.2,759.0,623.1,862.3
327,2,large_vehicle,0.6826,978.8,554.1,1084.7,638.3
327,0,person,0.6500,1160.9,549.1,1181.9,600.6
327,2,large_vehicle,0.5479,44.7,786.2,133.9,862.0
327,1,car,0.5414,555.3,501.0,647.0,553.1
327,4,other_vehicle,0.4459,1150.3,570.2,1191.6,602.5
327,2,large_vehicle,0.4453,0.1,718.8,23.8,784.5
327,1,car,0.4321,146.7,731.4,243.2,805.8
327,2,large_vehicle,0.3439,951.2,435.7,1023.0,480.6
327,2,large_vehicle,0.3258,146.7,731.4,243.2,805.8
327,2,large_vehicle,0.2574,555.3,501.0,647.0,553.1
327,0,person,0.2510,1177.5,465.6,1192.0,505.0
327,1,car,0.2165,978.8,554.1,1084.7,638.3
327,1,car,0.2074,44.7,786.2,133.9,862.0
327,1,car,0.1745,0.1,718.8,23.8,784.5
327,2,large_vehicle,0.1677,952.0,435.9,1022.7,480.0
327,1,car,0.1495,951.2,435.7,1023.0,480.6
328,1,car,0.7266,453.1,758.9,623.1,862.3
328,2,large_vehicle,0.6765,978.9,554.0,1084.6,638.3
328,0,person,0.6500,1160.8,549.0,1182.0,600.7
328,1,car,0.5649,555.4,501.2,647.2,553.1
328,2,large_vehicle,0.5313,44.7,786.2,134.0,862.0
328,4,other_vehicle,0.4445,1150.4,570.2,1191.6,602.5
328,2,large_vehicle,0.4399,0.1,718.7,23.8,784.2
328,1,car,0.4289,146.4,731.4,243.1,805.8
328,2,large_vehicle,0.3230,146.4,731.4,243.1,805.8
328,0,person,0.2556,1177.5,465.6,1192.0,505.0
328,2,large_vehicle,0.2482,951.1,435.5,1023.1,480.5
328,2,large_vehicle,0.2452,951.8,435.8,1022.8,480.0
328,2,large_vehicle,0.2261,555.4,501.2,647.2,553.1
328,1,car,0.2223,978.9,554.0,1084.6,638.3
328,1,car,0.2191,44.7,786.2,134.0,862.0
328,1,car,0.1826,0.1,718.7,23.8,784.2
328,1,car,0.1335,951.8,435.8,1022.8,480.0
329,1,car,0.7020,463.5,756.4,633.9,859.6
329,2,large_vehicle,0.6987,47.3,787.4,141.5,863.2
329,2,large_vehicle,0.6273,971.1,554.7,1084.3,640.0
329,0,person,0.6186,1160.2,549.2,1180.4,600.3
329,1,car,0.4536,557.7,500.8,646.1,553.1
329,2,large_vehicle,0.3801,557.7,500.8,646.1,553.1
329,2,large_vehicle,0.3688,951.1,435.8,1022.2,480.1
329,1,car,0.3128,138.7,731.6,234.2,805.5
329,4,other_vehicle,0.2994,1149.4,569.7,1190.7,602.7
329,2,large_vehicle,0.2739,138.7,731.6,234.2,805.5
329,1,car,0.2737,971.1,554.7,1084.3,640.0
329,1,car,0.2264,951.1,435.8,1022.2,480.1
329,2,large_vehicle,0.2024,0.0,716.2,17.6,786.4
329,4,other_vehicle,0.1943,1148.7,571.5,1191.2,604.1
329,1,car,0.1474,47.3,787.4,141.5,863.2
329,0,person,0.1431,1177.5,465.3,1191.7,505.0
329,1,car,0.1081,0.0,716.2,17.6,786.4
330,1,car,0.7353,462.9,756.6,633.6,859.6
330,2,large_vehicle,0.6696,46.8,787.4,141.1,863.0
330,0,person,0.6213,1160.1,549.1,1180.4,600.3
330,2,large_vehicle,0.6158,971.1,554.7,1084.2,639.9
330,1,car,0.5051,557.9,500.9,646.1,553.0
330,2,large_vehicle,0.3344,557.9,500.9,646.1,553.0
330,2,large_vehicle,0.3287,951.1,435.9,1022.4,480.1
330,1,car,0.3199,138.8,731.6,234.2,805.3
330,1,car,0.2875,971.1,554.7,1084.2,639.9
330,4,other_vehicle,0.2805,1148.9,569.6,1190.8,602.7
330,2,large_vehicle,0.2715,138.8,731.6,234.2,805.3
330,1,car,0.2462,951.1,435.9,1022.4,480.1
330,4,other_vehicle,0.2058,1148.2,571.3,1191.3,604.1
330,2,large_vehicle,0.1924,0.0,716.4,17.6,786.5
330,1,car,0.1771,46.8,787.4,141.1,863.0
330,0,person,0.1144,1177.5,464.9,1191.7,505.0
330,1,car,0.1131,0.0,716.4,17.6,786.5
331,2,large_vehicle,0.7237,964.2,557.5,1078.7,643.3
331,1,car,0.6580,474.4,752.4,648.0,859.0
331,0,person,0.5618,1157.5,548.9,1178.0,600.0
331,1,car,0.5410,554.2,500.7,646.0,553.0
331,2,large_vehicle,0.5202,50.8,787.6,148.5,865.3
331,2,large_vehicle,0.4538,950.7,435.8,1022.1,480.1
331,4,other_vehicle,0.3815,1144.2,569.2,1188.2,603.4
331,1,car,0.2778,50.8,787.6,148.5,865.3
331,1,car,0.2736,131.7,730.9,225.3,804.3
331,2,large_vehicle,0.2605,554.2,500.7,646.0,553.0
331,0,person,0.1696,1177.2,464.4,1191.6,504.6
331,2,large_vehicle,0.1533,131.7,730.9,225.3,804.3
331,1,car,0.1438,950.7,435.8,1022.1,480.1
331,1,car,0.1362,964.2,557.5,1078.7,643.3
332,2,large_vehicle,0.7205,964.2,557.4,1078.5,643.2
332,1,car,0.6471,474.7,752.4,648.6,858.9
332,0,person,0.5732,1157.3,548.9,1178.1,600.3
332,1,car,0.5142,555.3,501.0,646.5,552.9
332,2,large_vehicle,0.5126,50.7,787.6,148.5,865.3
332,2,large_vehicle,0.4280,950.8,435.8,1022.6,480.5
332,4,other_vehicle,0.3103,1144.2,568.9,1188.1,603.3
332,1,car,0.2931,131.7,731.0,225.1,804.3
332,1,car,0.2868,50.7,787.6,148.5,865.3
332,2,large_vehicle,0.2519,555.3,501.0,646.5,552.9
332,0,person,0.2053,1177.1,464.5,1191.6,504.4
332,2,large_vehicle,0.1936,950.7,436.0,1022.1,480.2
332,2,large_vehicle,0.1669,131.7,731.0,225.1,804.3
332,1,car,0.1389,964.2,557.4,1078.5,643.2
332,1,car,0.1007,950.8,435.8,1022.6,480.5
333,2,large_vehicle,0.7208,964.2,557.5,1078.7,643.2
333,1,car,0.6430,474.7,752.4,648.5,859.0
333,0,person,0.5801,1157.6,548.9,1178.2,600.3
333,1,car,0.5398,555.5,501.2,646.6,552.9
333,2,large_vehicle,0.5061,50.7,787.6,148.5,865.3
333,4,other_vehicle,0.3834,1144.3,569.3,1188.4,603.4
333,2,large_vehicle,0.3184,950.7,436.0,1022.1,480.1
333,2,large_vehicle,0.3096,950.8,435.8,1022.6,480.5
333,1,car,0.2956,131.7,731.0,225.1,804.3
333,1,car,0.2927,50.7,787.6,148.5,865.3
333,2,large_vehicle,0.2351,555.5,501.2,646.6,552.9
333,0,person,0.1858,1177.1,464.7,1191.5,504.5
333,2,large_vehicle,0.1642,131.7,731.0,225.1,804.3
333,1,car,0.1408,964.2,557.5,1078.7,643.2
334,1,car,0.7383,489.2,750.8,659.1,856.4
334,1,car,0.6670,556.1,501.0,646.4,552.9
334,2,large_vehicle,0.5992,955.4,559.2,1069.3,645.1
334,1,car,0.5192,123.7,731.8,216.1,805.0
334,1,car,0.5128,55.4,787.7,155.6,866.7
334,0,person,0.5067,1156.8,548.3,1176.6,599.8
334,4,other_vehicle,0.3870,1143.3,569.9,1187.1,603.0
334,2,large_vehicle,0.2954,951.4,435.8,1022.1,480.0
334,0,person,0.2872,1176.8,464.1,1191.3,504.1
334,1,car,0.2474,955.4,559.2,1069.3,645.1
334,3,motorcycle,0.2252,1143.3,569.9,1187.1,603.0
334,1,car,0.2158,951.4,435.8,1022.1,480.0
334,2,large_vehicle,0.2083,556.1,501.0,646.4,552.9
334,0,person,0.1680,1152.3,549.2,1175.4,598.9
334,2,large_vehicle,0.1586,55.4,787.7,155.6,866.7
335,1,car,0.7398,489.2,750.8,659.1,856.4
335,1,car,0.6896,556.2,501.3,646.4,552.9
335,2,large_vehicle,0.5785,955.4,559.2,1069.0,644.9
335,1,car,0.5211,55.4,787.7,155.6,866.8
335,1,car,0.5181,123.7,731.8,216.1,805.0
335,0,person,0.5088,1156.9,548.2,1176.6,599.5
335,4,other_vehicle,0.3991,1143.2,569.9,1186.9,603.0
335,2,large_vehicle,0.3683,951.4,435.5,1022.4,479.9
335,0,person,0.2766,1176.9,464.1,1191.2,503.7
335,1,car,0.2631,955.4,559.2,1069.0,644.9
335,1,car,0.2454,951.4,435.5,1022.4,479.9
335,3,motorcycle,0.1842,1143.2,569.9,1186.9,603.0
335,2,large_vehicle,0.1745,556.2,501.3,646.4,552.9
335,0,person,0.1626,1152.3,549.1,1175.4,598.7
335,2,large_vehicle,0.1614,55.4,787.7,155.6,866.8
336,1,car,0.8127,498.4,746.9,676.0,855.4
336,1,car,0.6828,557.4,501.4,646.8,552.9
336,2,large_vehicle,0.4814,947.8,561.0,1062.1,647.9
336,4,other_vehicle,0.4774,1141.3,568.3,1186.2,602.2
336,0,person,0.4587,1155.3,548.4,1174.7,599.0
336,2,large_vehicle,0.4528,63.0,787.6,162.5,868.4
336,1,car,0.3813,947.8,561.0,1062.1,647.9
336,1,car,0.3308,116.7,731.9,206.4,804.1
336,2,large_vehicle,0.3288,951.6,435.4,1022.5,480.0
336,0,person,0.3278,1151.5,548.7,1173.9,598.4
336,0,person,0.3182,1176.5,463.9,1190.6,503.5
336,1,car,0.2737,951.6,435.4,1022.5,480.0
336,1,car,0.2682,63.0,787.6,162.5,868.4
336,2,large_vehicle,0.1331,557.4,501.4,646.8,552.9
337,1,car,0.8160,498.1,747.0,675.9,855.4
337,1,car,0.6432,557.2,501.5,647.5,552.9
337,2,large_vehicle,0.4724,947.9,561.0,1062.0,647.9
337,4,other_vehicle,0.4619,1141.1,568.3,1186.0,602.3
337,2,large_vehicle,0.4579,62.9,787.5,162.5,868.4
337,0,person,0.4538,1155.3,548.6,1174.7,599.1
337,1,car,0.3870,947.9,561.0,1062.0,647.9
337,1,car,0.3328,116.7,732.0,206.3,804.2
337,0,person,0.3292,1151.5,548.8,1173.9,598.6
337,2,large_vehicle,0.3260,951.6,435.3,1022.6,480.0
337,0,person,0.3183,1176.5,463.8,1190.7,503.5
337,1,car,0.2719,951.6,435.3,1022.6,480.0
337,1,car,0.2631,62.9,787.5,162.5,868.4
337,2,large_vehicle,0.1536,557.2,501.5,647.5,552.9
338,1,car,0.8104,498.4,746.8,675.7,855.4
338,1,car,0.6477,557.1,501.4,647.0,552.9
338,4,other_vehicle,0.4949,1141.5,568.4,1185.9,602.3
338,0,person,0.4717,1155.3,548.6,1174.8,598.9
338,2,large_vehicle,0.4687,947.9,561.1,1062.2,647.9
338,2,large_vehicle,0.4536,62.8,787.6,162.5,868.3
338,1,car,0.3936,947.9,561.1,1062.2,647.9
338,2,large_vehicle,0.3389,951.6,435.5,1022.3,480.0
338,0,person,0.3386,1176.4,463.9,1190.6,503.2
338,1,car,0.3246,116.7,731.9,206.4,804.1
338,0,person,0.3050,1151.5,548.9,1173.8,598.4
338,1,car,0.2752,951.6,435.5,1022.3,480.0
338,1,car,0.2624,62.8,787.6,162.5,868.3
338,2,large_vehicle,0.1550,557.1,501.4,647.0,552.9
338,0,person,0.1537,1192.7,553.2,1209.5,593.9
339,1,car,0.7944,511.0,746.4,680.8,851.9
339,4,other_vehicle,0.6249,1139.8,569.7,1183.4,601.3
339,1,car,0.5227,560.4,501.8,646.4,552.8
339,1,car,0.4936,940.0,563.4,1055.7,650.3
339,0,person,0.4355,1155.0,547.2,1173.5,598.2
339,2,large_vehicle,0.4335,940.0,563.4,1055.7,650.3
339,2,large_vehicle,0.3979,51.8,787.5,170.1,870.0
339,0,person,0.3959,1151.5,547.7,1172.3,598.2
339,2,large_vehicle,0.3840,952.1,435.6,1022.2,480.0
339,2,large_vehicle,0.3046,560.4,501.8,646.4,552.8
339,0,person,0.2694,1176.2,464.0,1190.3,503.8
339,1,car,0.2596,51.8,787.5,170.1,870.0
339,1,car,0.2274,952.1,435.6,1022.2,480.0
339,0,person,0.2028,1192.3,553.6,1209.4,593.9
339,1,car,0.1913,109.6,731.6,196.0,803.7
339,1,car,0.1149,565.5,501.8,647.3,552.3
340,1,car,0.7988,511.0,746.4,680.5,851.9
340,4,other_vehicle,0.6172,1139.5,569.8,1183.1,601.3
340,1,car,0.5699,559.5,501.9,646.3,552.8
340,1,car,0.5240,940.0,563.5,1056.5,650.3
340,0,person,0.4284,1155.1,547.2,1173.5,598.4
340,2,large_vehicle,0.4085,940.0,563.5,1056.5,650.3
340,0,person,0.3913,1151.5,547.7,1172.2,598.3
340,2,large_vehicle,0.3819,952.1,435.7,1022.2,479.9
340,2,large_vehicle,0.3787,55.9,787.5,169.8,869.9
340,0,person,0.2807,1176.2,464.0,1190.3,503.8
340,2,large_vehicle,0.2682,559.5,501.9,646.3,552.8
340,1,car,0.2622,55.9,787.5,169.8,869.9
340,1,car,0.2489,952.1,435.7,1022.2,479.9
340,0,person,0.2424,1192.3,553.6,1209.5,593.8
340,1,car,0.2005,109.5,731.5,195.9,803.7
340,1,car,0.1137,565.2,501.9,647.2,552.4
341,1,car,0.7983,522.3,742.3,692.5,850.7
341,1,car,0.6964,556.7,501.2,646.4,552.7
341,0,person,0.5767,1150.2,547.3,1170.8,599.1
341,1,car,0.4624,931.7,563.9,1048.9,652.4
341,4,other_vehicle,0.4593,1139.1,569.6,1179.3,600.1
341,1,car,0.4272,950.5,435.4,1022.1,480.0
341,1,car,0.4102,48.5,787.6,178.1,870.8
341,2,large_vehicle,0.3285,931.7,563.9,1048.9,652.4
341,1,car,0.3249,101.2,731.3,186.7,802.3
341,2,large_vehicle,0.2575,950.5,435.4,1022.1,480.0
341,2,large_vehicle,0.2293,48.5,787.6,178.1,870.8
341,0,person,0.2213,1192.4,552.3,1209.9,593.6
341,0,person,0.1518,1176.2,463.3,1190.2,504.8
341,0,person,0.1462,1154.2,547.0,1173.0,599.1
341,4,other_vehicle,0.1146,1138.2,571.2,1181.0,602.3
342,1,car,0.7998,522.5,742.5,694.6,850.8
342,1,car,0.7058,556.9,501.3,647.0,552.8
342,0,person,0.5908,1150.1,547.4,1170.9,599.1
342,4,other_vehicle,0.5367,1138.4,569.6,1180.1,600.5
342,1,car,0.4524,931.8,563.9,1049.1,652.4
342,1,car,0.4302,950.3,435.4,1022.1,480.1
342,1,car,0.4151,55.4,787.7,178.1,870.5
342,1,car,0.3512,101.1,731.2,186.7,802.2
342,2,large_vehicle,0.3349,931.8,563.9,1049.1,652.4
342,2,large_vehicle,0.2761,950.3,435.4,1022.1,480.1
342,2,large_vehicle,0.2079,55.4,787.7,178.1,870.5
342,0,person,0.1670,1192.3,552.5,1209.9,593.5
342,0,person,0.1404,1176.3,463.3,1190.3,504.7
342,0,person,0.1369,1154.1,547.0,1173.2,599.1
343,1,car,0.7788,534.7,742.5,703.5,847.4
343,1,car,0.7488,557.4,501.4,646.7,552.7
343,0,person,0.6002,1150.1,546.8,1170.2,599.4
343,1,car,0.4723,951.0,435.6,1022.5,479.9
343,4,other_vehicle,0.4603,1136.8,568.0,1178.6,600.8
343,2,large_vehicle,0.4340,923.0,566.3,1038.2,654.1
343,1,car,0.3520,923.0,566.3,1038.2,654.1
343,2,large_vehicle,0.3519,71.1,787.9,185.1,871.3
343,1,car,0.3363,71.1,787.9,185.1,871.3
343,2,large_vehicle,0.2289,951.0,435.6,1022.5,479.9
343,1,car,0.2268,95.2,732.8,178.4,799.1
343,0,person,0.1266,1192.4,552.6,1210.1,593.2
343,1,car,0.1037,1280.5,624.7,1342.0,704.6
344,1,car,0.7773,534.8,742.6,703.5,847.4
344,1,car,0.7485,558.5,501.6,646.4,552.7
344,0,person,0.5891,1150.5,546.6,1170.1,599.6
344,1,car,0.4462,951.4,435.7,1022.5,479.7
344,2,large_vehicle,0.4411,923.0,566.3,1038.2,654.2
344,2,large_vehicle,0.3735,72.6,787.9,185.1,871.4
344,1,car,0.3416,923.0,566.3,1038.2,654.2
344,1,car,0.3204,72.6,787.9,185.1,871.4
344,1,car,0.2397,95.1,732.8,178.5,799.1
344,2,large_vehicle,0.2198,951.4,435.7,1022.5,479.7
344,4,other_vehicle,0.1597,1136.8,569.4,1179.7,602.5
344,1,car,0.1552,1280.6,624.4,1342.0,704.3
344,1,car,0.1496,562.5,501.7,647.3,552.3
344,4,other_vehicle,0.1320,1138.3,564.7,1177.4,600.4
344,1,car,0.1247,1217.2,576.6,1340.8,647.8
344,0,person,0.1219,1192.2,553.1,1209.9,593.3
344,0,person,0.1125,1175.7,463.0,1189.8,504.5
345,1,car,0.8038,546.9,738.8,714.8,846.4
345,0,person,0.5705,1147.7,546.2,1168.7,599.7
345,1,car,0.5628,558.7,502.9,646.4,552.7
345,1,car,0.5591,86.3,787.7,193.1,871.2
345,2,large_vehicle,0.5588,914.4,568.0,1030.1,657.1
345,1,car,0.4837,562.3,502.9,647.4,552.4
345,1,car,0.4022,951.7,435.3,1022.7,479.7
345,1,car,0.3324,914.4,568.0,1030.1,657.1
345,4,other_vehicle,0.2781,1135.1,565.4,1174.3,599.9
345,0,person,0.2537,1175.1,462.7,1189.2,504.5
345,2,large_vehicle,0.2437,951.7,435.3,1022.7,479.7
345,4,other_vehicle,0.1791,1134.2,568.8,1177.5,603.0
345,1,car,0.1775,89.2,732.7,170.0,798.0
345,2,large_vehicle,0.1464,86.3,787.7,193.1,871.2
345,0,person,0.1413,1192.2,552.9,1210.0,593.2
345,1,car,0.1107,1217.0,576.8,1340.6,648.0
346,1,car,0.8047,546.9,738.9,714.8,846.4
346,1,car,0.6428,558.5,502.9,646.4,552.7
346,0,person,0.5701,1147.9,546.2,1168.7,599.7
346,2,large_vehicle,0.5414,914.5,568.0,1030.2,657.0
346,1,car,0.5377,86.3,787.7,193.0,871.1
346,1,car,0.4559,562.3,502.9,647.5,552.4
346,1,car,0.4257,951.6,435.4,1022.7,479.7
346,1,car,0.3508,914.5,568.0,1030.2,657.0
346,4,other_vehicle,0.2680,1135.3,565.4,1174.1,599.8
346,0,person,0.2607,1175.1,462.6,1189.2,504.4
346,2,large_vehicle,0.2308,951.6,435.4,1022.7,479.7
346,4,other_vehicle,0.1725,1134.4,568.8,1177.5,602.9
346,1,car,0.1707,89.2,732.7,170.0,797.9
346,2,large_vehicle,0.1704,86.3,787.7,193.0,871.1
346,0,person,0.1414,1192.1,552.9,1209.9,593.2
346,1,car,0.1172,1217.0,577.1,1340.4,647.8
347,1,car,0.8029,546.9,738.8,714.9,846.4
347,1,car,0.6713,559.1,502.7,646.6,552.7
347,0,person,0.5866,1147.7,546.1,1168.7,599.5
347,1,car,0.5551,86.4,787.7,193.1,871.4
347,2,large_vehicle,0.5352,914.5,567.9,1030.1,657.0
347,1,car,0.3943,562.6,502.7,647.7,552.4
347,1,car,0.3893,951.7,435.3,1022.7,479.7
347,1,car,0.3566,914.5,567.9,1030.1,657.0
347,0,person,0.2557,1175.1,462.6,1189.3,504.5
347,2,large_vehicle,0.2396,951.7,435.3,1022.7,479.7
347,4,other_vehicle,0.1879,1137.2,564.7,1172.9,599.5
347,0,person,0.1852,1192.2,552.7,1209.9,593.2
347,1,car,0.1706,89.1,732.7,170.0,798.1
347,2,large_vehicle,0.1585,86.4,787.7,193.1,871.4
347,4,other_vehicle,0.1402,1135.9,568.1,1177.5,603.0
347,1,car,0.1005,1217.1,575.7,1341.1,647.8
348,1,car,0.6944,92.7,788.1,200.7,874.1
348,1,car,0.6718,905.7,571.1,1022.2,656.6
348,1,car,0.6199,560.1,502.0,646.3,552.5
348,0,person,0.5477,1147.1,545.3,1166.1,597.6
348,1,car,0.4407,557.3,735.4,727.0,842.8
348,0,person,0.3591,1174.8,462.5,1188.8,504.5
348,1,car,0.3544,952.0,435.7,1022.4,479.6
348,4,other_vehicle,0.3518,1134.9,563.3,1174.4,599.9
348,1,car,0.3108,82.4,733.4,161.6,801.8
348,1,car,0.2680,565.7,502.1,647.7,552.2
348,2,large_vehicle,0.2611,952.0,435.7,1022.4,479.6
348,1,car,0.2591,557.6,736.0,727.8,843.6
348,4,other_vehicle,0.1895,82.4,733.4,161.6,801.8
348,2,large_vehicle,0.1880,560.1,502.0,646.3,552.5
348,0,person,0.1593,1192.6,552.7,1209.9,592.9
348,2,large_vehicle,0.1521,905.7,571.1,1022.2,656.6
348,2,large_vehicle,0.1163,82.4,733.4,161.6,801.8
348,2,large_vehicle,0.1108,565.7,502.1,647.7,552.2
348,1,car,0.1035,1217.3,575.4,1341.1,647.4
349,1,car,0.6784,92.7,788.1,200.6,874.1
349,1,car,0.6684,905.7,571.2,1022.2,656.7
349,1,car,0.6278,559.7,502.0,646.5,552.5
349,1,car,0.6094,557.2,735.7,727.5,843.7
349,0,person,0.5351,1147.3,545.3,1166.1,597.5
349,4,other_vehicle,0.3671,1135.0,563.3,1174.4,599.9
349,0,person,0.3584,1174.8,462.6,1188.8,504.6
349,1,car,0.3360,952.0,435.7,1022.4,479.7
349,1,car,0.3196,82.4,733.5,161.6,801.9
349,2,large_vehicle,0.2674,952.0,435.7,1022.4,479.7
349,1,car,0.2506,565.5,502.1,647.9,552.2
349,2,large_vehicle,0.1806,559.7,502.0,646.5,552.5
349,0,person,0.1769,1192.5,552.7,1209.8,592.8
349,2,large_vehicle,0.1568,905.7,571.2,1022.2,656.7
349,4,other_vehicle,0.1402,82.4,733.5,161.6,801.9
349,2,large_vehicle,0.1312,82.4,733.5,161.6,801.9
349,1,car,0.1010,1217.4,574.8,1341.1,647.3
350,1,car,0.7644,556.2,502.8,646.4,552.8
350,1,car,0.7497,98.5,787.9,209.1,874.1
350,1,car,0.7335,569.1,732.0,738.8,840.8
350,1,car,0.7129,896.3,572.8,1016.9,661.6
350,1,car,0.5714,76.1,734.8,157.8,798.9
350,0,person,0.4500,1145.4,545.7,1164.8,597.5
350,0,person,0.4272,1174.4,462.7,1188.8,504.7
350,4,other_vehicle,0.3029,1132.9,561.6,1174.6,599.2
350,1,car,0.2964,950.9,435.8,1020.2,479.8
350,0,person,0.2305,1140.0,545.2,1163.5,596.5
350,2,large_vehicle,0.2296,950.9,435.8,1020.2,479.8
350,2,large_vehicle,0.1498,896.3,572.8,1016.9,661.6
350,0,person,0.1476,1192.5,552.1,1209.9,592.7
350,1,car,0.1390,561.2,502.8,647.3,552.3
350,1,car,0.1292,1280.4,624.2,1342.0,704.0
350,1,car,0.1107,1217.4,574.7,1341.5,647.5
351,1,car,0.7638,556.2,502.8,646.4,552.8
351,1,car,0.7482,98.5,787.9,209.1,874.1
351,1,car,0.7343,569.1,732.0,738.8,840.8
351,1,car,0.7124,896.4,572.8,1016.9,661.6
351,1,car,0.5711,76.0,734.8,157.8,798.9
351,0,person,0.4509,1145.4,545.7,1164.8,597.4
351,0,person,0.4488,1174.4,462.6,1188.8,504.7
351,4,other_vehicle,0.3055,1132.9,561.6,1174.6,599.2
351,1,car,0.2935,950.9,435.8,1020.3,479.8
351,2,large_vehicle,0.2450,950.9,435.8,1020.3,479.8
351,0,person,0.2304,1140.0,545.3,1163.5,596.4
351,1,car,0.1755,561.3,502.9,647.3,552.4
351,0,person,0.1596,1192.5,552.3,1209.8,592.6
351,2,large_vehicle,0.1509,896.4,572.8,1016.9,661.6
351,1,car,0.1242,1280.4,624.4,1342.0,704.1
351,1,car,0.1067,1217.4,574.8,1341.5,647.5
352,1,car,0.7681,556.1,502.7,646.4,552.8
352,1,car,0.7454,98.5,787.9,209.1,874.1
352,1,car,0.7223,569.2,732.0,738.5,840.7
352,1,car,0.7197,896.2,572.9,1016.8,661.6
352,1,car,0.5699,76.1,734.9,157.8,798.9
352,0,person,0.4453,1145.4,545.7,1164.8,597.4
352,0,person,0.4225,1174.4,462.7,1188.8,504.7
352,4,other_vehicle,0.2893,1133.0,561.4,1174.5,599.2
352,1,car,0.2801,950.9,435.8,1020.2,479.8
352,2,large_vehicle,0.2428,950.9,435.8,1020.2,479.8
352,0,person,0.2287,1140.0,545.2,1163.5,596.4
352,1,car,0.1546,1280.5,623.7,1342.0,704.1
352,0,person,0.1530,1192.4,552.2,1209.8,592.7
352,2,large_vehicle,0.1489,896.2,572.9,1016.8,661.6
352,1,car,0.1287,561.1,502.6,647.3,552.4
352,1,car,0.1250,1217.3,575.1,1341.5,647.7
353,1,car,0.8441,579.7,730.6,759.9,839.1
353,1,car,0.7858,558.1,502.7,647.0,552.6
353,1,car,0.7761,106.3,788.9,217.7,874.9
353,1,car,0.7644,887.2,574.1,1009.2,662.4
353,4,other_vehicle,0.5592,1128.7,563.0,1172.4,598.1
353,0,person,0.4925,1174.2,462.2,1188.6,503.3
353,1,car,0.4864,562.4,502.8,647.8,552.3
353,0,person,0.4206,1139.2,544.6,1162.2,593.9
353,1,car,0.3694,951.4,435.8,1020.4,479.4
353,0,person,0.2507,1143.1,544.5,1163.6,594.4
353,2,large_vehicle,0.1994,951.4,435.8,1020.4,479.4
353,0,person,0.1189,1192.6,551.1,1210.6,592.2
353,1,car,0.1135,1280.7,623.1,1342.0,703.9
353,4,other_vehicle,0.1082,70.8,734.8,145.5,798.2
354,1,car,0.8339,579.7,730.4,757.2,839.3
354,1,car,0.7864,558.4,502.7,646.9,552.6
354,1,car,0.7708,106.4,788.6,217.7,875.0
354,1,car,0.7575,887.1,574.2,1010.2,662.7
354,4,other_vehicle,0.5402,1129.3,563.2,1172.4,598.3
354,0,person,0.4550,1174.1,462.2,1188.6,503.4
354,1,car,0.4448,562.4,502.7,647.7,552.3
354,0,person,0.4170,1139.3,544.5,1162.3,593.8
354,1,car,0.4002,951.0,435.9,1020.3,479.5
354,0,person,0.2632,1143.1,544.5,1163.7,594.3
354,2,large_vehicle,0.2097,951.0,435.9,1020.3,479.5
354,1,car,0.1074,1280.7,623.1,1342.0,704.0
355,1,car,0.8215,588.7,728.8,769.5,835.2
355,1,car,0.7782,556.9,503.0,646.9,552.5
355,1,car,0.7627,113.1,789.1,226.8,875.9
355,1,car,0.7012,878.5,576.3,998.0,659.6
355,4,other_vehicle,0.5509,63.4,735.9,140.1,800.1
355,0,person,0.4976,1139.8,544.7,1160.2,595.7
355,0,person,0.4109,1174.0,462.4,1188.2,503.2
355,4,other_vehicle,0.4064,1128.4,562.9,1171.0,598.2
355,1,car,0.3152,952.0,435.8,1021.4,479.4
355,2,large_vehicle,0.1763,952.0,435.8,1021.4,479.4
355,1,car,0.1516,560.4,502.9,647.7,552.2
355,0,person,0.1110,1192.6,551.6,1210.2,591.9
355,0,person,0.1050,1143.0,544.5,1162.7,595.7
356,1,car,0.8235,588.6,728.8,769.5,835.2
356,1,car,0.7733,113.2,789.1,226.9,875.8
356,1,car,0.7594,557.2,502.7,646.7,552.5
356,1,car,0.6982,878.4,576.2,998.1,659.6
356,4,other_vehicle,0.5378,63.3,736.1,140.1,800.0
356,0,person,0.4998,1139.7,544.4,1160.2,595.8
356,0,person,0.4270,1173.9,462.4,1188.2,503.4
356,4,other_vehicle,0.3662,1128.9,561.9,1170.7,598.2
356,1,car,0.2975,951.9,435.6,1021.6,479.5
356,2,large_vehicle,0.1658,951.9,435.6,1021.6,479.5
356,0,person,0.1443,1192.6,551.3,1210.1,591.9
356,2,large_vehicle,0.1002,878.4,576.2,998.1,659.6
357,1,car,0.8224,588.7,728.8,769.7,835.2
357,1,car,0.7704,113.1,789.0,226.9,875.8
357,1,car,0.7567,556.7,502.5,647.2,552.5
357,1,car,0.6964,878.5,576.3,998.0,659.5
357,4,other_vehicle,0.5460,63.3,736.1,140.1,800.0
357,0,person,0.5105,1139.8,544.4,1160.2,595.7
357,0,person,0.4425,1174.0,462.3,1188.2,503.1
357,4,other_vehicle,0.3666,1128.8,562.0,1170.6,598.2
357,1,car,0.2797,951.9,435.7,1021.2,479.5
357,2,large_vehicle,0.1610,951.9,435.7,1021.2,479.5
357,0,person,0.1457,1192.7,551.0,1210.1,591.9
357,2,large_vehicle,0.1014,878.5,576.3,998.0,659.5
358,1,car,0.8829,603.6,726.8,775.1,833.0
358,1,car,0.7733,119.3,789.1,234.4,876.0
358,1,car,0.6763,557.8,501.6,647.2,552.6
358,1,car,0.6579,868.3,575.8,993.7,667.9
358,4,other_vehicle,0.6126,57.2,735.8,131.9,800.5
358,0,person,0.5270,1138.7,544.2,1158.9,594.5
358,4,other_vehicle,0.5085,1126.7,564.8,1169.9,598.2
358,0,person,0.3905,1173.6,462.7,1187.8,502.9
358,1,car,0.2522,952.1,435.6,1021.3,479.6
358,2,large_vehicle,0.1733,868.3,575.8,993.7,667.9
358,2,large_vehicle,0.1605,952.1,435.6,1021.3,479.6
358,2,large_vehicle,0.1449,557.8,501.6,647.2,552.6
358,0,person,0.1291,1192.5,549.9,1210.4,591.6
358,0,person,0.1085,61.6,753.3,85.6,789.6
359,1,car,0.8819,603.7,726.8,775.1,833.0
359,1,car,0.7729,119.2,789.1,234.4,875.9
359,1,car,0.6490,868.3,575.9,993.5,667.9
359,1,car,0.6346,559.1,501.6,647.3,552.6
359,4,other_vehicle,0.6191,57.2,735.8,131.8,800.6
359,0,person,0.5183,1138.7,544.2,1158.9,594.4
359,4,other_vehicle,0.4664,1126.6,564.5,1169.8,598.2
359,0,person,0.3582,1173.6,462.7,1187.8,503.0
359,1,car,0.2738,952.0,435.4,1021.4,479.7
359,2,large_vehicle,0.1908,952.0,435.4,1021.4,479.7
359,2,large_vehicle,0.1833,868.3,575.9,993.5,667.9
359,2,large_vehicle,0.1739,559.1,501.6,647.3,552.6
359,0,person,0.1145,61.4,752.9,85.7,789.8
359,0,person,0.1077,1192.5,550.1,1210.5,591.5
360,1,car,0.8695,615.4,724.7,785.7,829.6
360,1,car,0.7492,555.0,501.6,646.9,552.8
360,1,car,0.7380,858.5,581.5,986.1,670.3
360,1,car,0.6655,126.7,789.3,243.4,876.1
360,0,person,0.5656,1137.4,544.4,1157.0,594.8
360,4,other_vehicle,0.5487,1123.2,564.7,1167.4,597.6
360,4,other_vehicle,0.5098,50.9,734.9,123.9,799.7
360,3,motorcycle,0.3327,52.0,759.2,104.8,801.1
360,0,person,0.3244,1173.3,463.4,1187.5,503.2
360,1,car,0.2843,951.3,435.5,1020.8,479.7
360,2,large_vehicle,0.2512,951.3,435.5,1020.8,479.7
360,2,large_vehicle,0.1949,126.7,789.3,243.4,876.1
360,0,person,0.1632,1192.4,551.4,1210.1,591.6
360,3,motorcycle,0.1275,50.9,734.9,123.9,799.7
360,2,large_vehicle,0.1211,858.5,581.5,986.1,670.3
360,0,person,0.1206,61.0,744.9,86.0,783.1
360,2,large_vehicle,0.1016,555.0,501.6,646.9,552.8
361,1,car,0.8698,615.4,724.7,785.8,829.6
361,1,car,0.7550,554.8,501.6,646.8,552.8
361,1,car,0.7358,858.5,581.5,986.3,670.3
361,1,car,0.6721,126.6,789.3,243.4,876.1
361,0,person,0.5635,1137.4,544.5,1156.9,594.7
361,4,other_vehicle,0.5387,1123.3,564.7,1167.4,597.6
361,4,other_vehicle,0.5016,50.8,734.9,123.9,799.7
361,0,person,0.3321,1173.3,463.4,1187.5,503.3
361,3,motorcycle,0.3311,52.0,759.3,104.8,801.1
361,1,car,0.2916,951.3,435.3,1021.0,479.7
361,2,large_vehicle,0.2459,951.3,435.3,1021.0,479.7
361,2,large_vehicle,0.1857,126.6,789.3,243.4,876.1
361,0,person,0.1451,1192.5,551.3,1210.2,591.6
361,3,motorcycle,0.1304,50.8,734.9,123.9,799.7
361,2,large_vehicle,0.1226,858.5,581.5,986.3,670.3
361,0,person,0.1183,61.0,745.1,86.0,783.0
362,1,car,0.8696,615.4,724.7,785.7,829.6
362,1,car,0.7509,555.3,501.7,646.6,552.7
362,1,car,0.7384,858.4,581.4,986.2,670.5
362,1,car,0.6638,126.7,789.3,243.4,876.0
362,0,person,0.5646,1137.3,544.4,1156.9,594.7
362,4,other_vehicle,0.5463,1123.6,564.5,1167.3,597.5
362,4,other_vehicle,0.5147,50.9,734.9,123.9,799.7
362,3,motorcycle,0.3226,52.0,759.3,104.8,801.1
362,0,person,0.3179,1173.2,463.3,1187.5,503.2
362,1,car,0.3049,951.1,435.2,1020.9,479.7
362,2,large_vehicle,0.2234,951.1,435.2,1020.9,479.7
362,2,large_vehicle,0.1957,126.7,789.3,243.4,876.0
362,0,person,0.1616,1192.4,551.0,1210.3,591.8
362,2,large_vehicle,0.1231,858.4,581.4,986.2,670.5
362,3,motorcycle,0.1220,50.9,734.9,123.9,799.7
362,0,person,0.1134,61.0,745.3,86.0,782.8
362,2,large_vehicle,0.1009,555.3,501.7,646.6,552.7
363,1,car,0.8302,625.9,720.9,800.9,826.4
363,1,car,0.8255,133.3,789.1,253.2,877.3
363,1,car,0.7537,556.5,501.4,647.4,552.6
363,1,car,0.6979,848.7,583.5,977.1,676.3
363,4,other_vehicle,0.5431,45.2,736.6,117.4,799.2
363,0,person,0.5269,1135.2,544.1,1155.4,594.3
363,4,other_vehicle,0.4508,1121.8,563.0,1166.0,597.6
363,3,motorcycle,0.3426,46.0,760.5,99.8,799.5
363,0,person,0.2851,1172.7,462.7,1187.2,503.4
363,1,car,0.2696,951.2,435.2,1021.4,479.6
363,2,large_vehicle,0.1962,951.2,435.2,1021.4,479.6
363,2,large_vehicle,0.1610,848.7,583.5,977.1,676.3
363,0,person,0.1372,56.8,752.4,82.1,791.1
363,0,person,0.1173,1192.4,549.2,1210.7,591.8
364,1,car,0.8307,625.9,720.9,800.8,826.4
364,1,car,0.8286,133.4,789.1,253.1,877.3
364,1,car,0.7388,556.4,501.2,647.4,552.6
364,1,car,0.7138,848.7,583.5,977.0,676.0
364,4,other_vehicle,0.5558,45.1,736.6,117.4,799.2
364,0,person,0.5249,1135.3,544.4,1155.3,594.3
364,4,other_vehicle,0.4595,1121.6,562.9,1166.0,597.6
364,3,motorcycle,0.3464,45.8,760.7,99.9,799.4
364,1,car,0.2724,951.4,435.2,1021.1,479.6
364,0,person,0.2364,1172.7,462.7,1187.2,503.5
364,2,large_vehicle,0.1970,951.4,435.2,1021.1,479.6
364,2,large_vehicle,0.1462,848.7,583.5,977.0,676.0
364,0,person,0.1353,56.6,752.3,82.2,791.5
364,2,large_vehicle,0.1101,556.4,501.2,647.4,552.6
364,0,person,0.1005,1192.3,548.7,1210.8,591.8
365,1,car,0.8640,637.4,717.6,808.5,824.6
365,1,car,0.8323,140.2,788.6,261.6,876.5
365,1,car,0.8265,839.0,584.8,967.1,678.6
365,1,car,0.7378,557.8,501.7,647.8,552.8
365,4,other_vehicle,0.6187,1118.8,562.5,1163.9,597.4
365,0,person,0.5125,1134.0,543.8,1153.9,594.4
365,4,other_vehicle,0.3429,40.9,737.3,110.4,795.8
365,1,car,0.2746,951.6,435.5,1020.8,479.5
365,0,person,0.2391,1172.7,462.5,1187.1,503.4
365,3,motorcycle,0.1669,43.9,762.6,90.8,796.9
365,2,large_vehicle,0.1565,951.6,435.5,1020.8,479.5
365,0,person,0.1374,49.6,753.0,74.3,786.8
365,0,person,0.1286,1192.3,549.4,1210.6,591.9
366,1,car,0.8572,637.4,717.3,808.4,824.6
366,1,car,0.8358,140.2,788.5,261.6,876.5
366,1,car,0.8157,838.9,584.9,966.6,678.8
366,1,car,0.7239,557.8,501.9,648.1,552.7
366,4,other_vehicle,0.6207,1118.6,562.4,1164.1,597.4
366,0,person,0.5096,1134.2,543.8,1153.9,594.4
366,4,other_vehicle,0.3494,40.9,737.2,110.5,795.9
366,1,car,0.2937,951.7,435.4,1020.9,479.5
366,0,person,0.1642,1172.9,462.6,1187.3,503.5
366,2,large_vehicle,0.1639,951.7,435.4,1020.9,479.5
366,3,motorcycle,0.1490,44.4,762.7,91.0,797.0
366,0,person,0.1357,49.6,753.1,74.1,786.7
366,0,person,0.1105,1192.3,549.4,1210.5,591.9
366,0,person,0.1019,1128.7,544.4,1151.6,594.9
367,1,car,0.8861,649.1,715.3,818.0,821.6
367,1,car,0.7535,829.4,588.6,958.7,681.6
367,1,car,0.7293,147.9,788.6,271.7,877.7
367,1,car,0.6294,558.5,501.3,648.5,552.6
367,4,other_vehicle,0.6108,1116.9,561.7,1162.8,597.3
367,0,person,0.4723,1132.5,543.4,1152.4,594.4
367,3,motorcycle,0.4024,35.3,760.1,82.0,797.0
367,1,car,0.3520,951.1,435.7,1021.0,479.4
367,0,person,0.2641,1128.2,543.7,1150.7,593.8
367,0,person,0.2188,47.7,750.8,71.8,791.2
367,0,person,0.1770,1192.2,549.0,1210.6,592.1
367,2,large_vehicle,0.1733,558.5,501.3,648.5,552.6
367,2,large_vehicle,0.1687,951.1,435.7,1021.0,479.4
367,0,person,0.1613,1172.0,462.2,1186.2,503.0
367,2,large_vehicle,0.1324,147.9,788.6,271.7,877.7
367,2,large_vehicle,0.1153,829.4,588.6,958.7,681.6
368,1,car,0.8846,649.1,715.3,818.1,821.6
368,1,car,0.7542,829.3,588.5,958.6,681.7
368,1,car,0.7229,147.9,788.7,271.6,877.7
368,4,other_vehicle,0.6421,1116.7,561.8,1162.9,597.2
368,1,car,0.6054,558.7,501.3,647.7,552.6
368,0,person,0.4888,1132.5,543.3,1152.5,594.4
368,1,car,0.3898,951.1,435.6,1021.1,479.5
368,3,motorcycle,0.3896,35.8,760.0,81.9,796.8
368,0,person,0.2560,1128.3,543.7,1150.7,593.8
368,0,person,0.2397,1171.8,462.3,1186.0,502.9
368,2,large_vehicle,0.2159,558.7,501.3,647.7,552.6
368,0,person,0.2095,47.7,750.8,71.6,790.7
368,2,large_vehicle,0.2013,951.1,435.6,1021.1,479.5
368,0,person,0.1402,1192.2,548.6,1210.3,591.9
368,2,large_vehicle,0.1397,147.9,788.7,271.6,877.7
368,2,large_vehicle,0.1198,829.3,588.5,958.6,681.7
368,4,other_vehicle,0.1101,35.6,736.3,104.9,795.6
369,1,car,0.8542,661.4,713.4,830.1,818.0
369,1,car,0.8394,818.0,590.7,949.0,684.7
369,1,car,0.7863,154.8,788.6,280.0,876.9
369,1,car,0.7563,555.8,501.9,647.1,552.6
369,4,other_vehicle,0.5181,1115.8,561.9,1161.0,596.5
369,0,person,0.4740,1129.2,542.1,1149.1,591.8
369,1,car,0.4002,950.9,435.7,1020.8,479.4
369,0,person,0.2248,1171.4,462.0,1185.5,502.9
369,2,large_vehicle,0.2096,950.9,435.7,1020.8,479.4
369,4,other_vehicle,0.2036,31.5,736.0,97.4,794.3
369,0,person,0.2005,1128.1,542.6,1149.4,593.8
369,0,person,0.1975,1132.6,542.0,1150.5,591.4
369,0,person,0.1823,1192.2,549.3,1210.1,592.3
369,0,person,0.1189,42.7,754.7,63.6,786.4
369,0,person,0.1178,46.7,753.5,68.5,787.0
370,1,car,0.8525,661.4,713.4,830.2,818.1
370,1,car,0.8412,818.0,590.7,948.7,684.7
370,1,car,0.7942,154.7,788.5,280.0,876.9
370,1,car,0.7610,555.3,501.8,646.9,552.5
370,4,other_vehicle,0.5178,1115.8,561.9,1161.0,596.4
370,1,car,0.4378,950.8,435.8,1020.9,479.5
370,0,person,0.4148,1129.3,542.2,1149.0,591.7
370,0,person,0.2769,1128.2,542.7,1149.4,593.7
370,0,person,0.2242,1171.4,462.0,1185.5,502.8
370,2,large_vehicle,0.2025,950.8,435.8,1020.9,479.5
370,4,other_vehicle,0.1928,31.5,735.9,97.4,794.3
370,0,person,0.1884,1132.7,542.2,1150.4,591.1
370,0,person,0.1657,1192.2,549.2,1210.1,592.4
370,0,person,0.1158,42.7,754.7,63.6,786.4
370,0,person,0.1152,46.7,753.5,68.5,787.0
371,1,car,0.8508,661.4,713.4,830.1,818.1
371,1,car,0.8399,818.0,590.7,948.8,684.7
371,1,car,0.7934,154.8,788.6,280.0,876.9
371,1,car,0.7524,555.4,501.7,646.9,552.5
371,4,other_vehicle,0.5265,1115.8,561.8,1161.2,596.4
371,0,person,0.4590,1129.3,542.1,1149.1,591.7
371,1,car,0.4443,951.3,435.8,1021.0,479.5
371,0,person,0.2258,1171.3,462.0,1185.4,502.8
371,0,person,0.2152,1132.6,542.0,1150.6,591.4
371,4,other_vehicle,0.2056,31.5,735.7,97.4,794.2
371,2,large_vehicle,0.2045,951.3,435.8,1021.0,479.5
371,0,person,0.1859,1128.1,542.7,1149.5,593.9
371,0,person,0.1783,1192.2,549.7,1210.1,592.4
371,0,person,0.1141,42.6,754.7,63.5,786.4
371,0,person,0.1127,46.7,753.5,68.4,786.9
371,2,large_vehicle,0.1013,555.4,501.7,646.9,552.5
372,1,car,0.8734,807.2,594.1,939.0,687.0
372,1,car,0.7927,556.5,502.0,647.7,552.4
372,1,car,0.7869,162.5,788.5,289.8,877.5
372,0,person,0.6304,1127.8,541.9,1147.7,591.8
372,1,car,0.5907,671.6,710.0,839.7,815.1
372,4,other_vehicle,0.5590,1114.5,561.5,1160.1,595.5
372,1,car,0.4192,672.3,709.9,840.1,814.9
372,1,car,0.3769,951.4,435.9,1020.3,479.3
372,4,other_vehicle,0.2785,26.3,737.2,91.7,796.0
372,2,large_vehicle,0.1917,951.4,435.9,1020.3,479.3
372,0,person,0.1804,1171.0,462.3,1184.8,502.2
372,0,person,0.1451,1192.2,549.6,1210.1,592.2
373,1,car,0.8741,807.2,594.1,939.0,686.8
373,1,car,0.7871,162.4,788.5,289.8,877.5
373,1,car,0.7867,556.5,501.6,647.7,552.4
373,1,car,0.6882,671.6,710.1,839.7,815.1
373,0,person,0.6263,1127.8,541.9,1147.7,591.8
373,4,other_vehicle,0.5457,1114.6,561.6,1160.1,595.5
373,1,car,0.3528,951.6,436.0,1019.9,479.2
373,1,car,0.2935,672.4,709.9,840.1,814.9
373,4,other_vehicle,0.2775,26.3,737.2,91.7,796.0
373,2,large_vehicle,0.1891,951.6,436.0,1019.9,479.2
373,0,person,0.1771,1171.0,462.4,1184.8,502.2
373,0,person,0.1171,1192.2,549.4,1210.2,592.1
374,1,car,0.8715,683.9,708.6,850.1,810.6
374,1,car,0.8651,797.5,594.5,930.1,688.8
374,1,car,0.8287,169.8,788.0,299.5,877.3
374,1,car,0.7746,557.9,502.1,647.8,552.5
374,4,other_vehicle,0.6160,1113.8,561.1,1158.0,595.6
374,0,person,0.5727,1126.7,541.3,1146.3,593.4
374,1,car,0.3175,951.5,435.9,1019.3,479.2
374,0,person,0.2235,1170.9,462.0,1184.9,501.4
374,4,other_vehicle,0.1638,21.6,736.7,86.1,794.3
374,2,large_vehicle,0.1348,951.5,435.9,1019.3,479.2
374,3,motorcycle,0.1334,21.6,736.7,86.1,794.3
374,0,person,0.1165,1192.3,547.8,1210.4,591.8
375,1,car,0.8711,683.9,708.6,850.1,810.6
375,1,car,0.8656,797.5,594.5,930.1,688.8
375,1,car,0.8298,169.8,788.0,299.5,877.3
375,1,car,0.7673,557.6,501.9,647.6,552.5
375,4,other_vehicle,0.6167,1113.7,561.1,1158.0,595.6
375,0,person,0.5762,1126.7,541.3,1146.3,593.4
375,1,car,0.3171,951.5,435.8,1019.2,479.3
375,0,person,0.2277,1170.9,462.0,1184.9,501.4
375,4,other_vehicle,0.1591,21.6,736.7,86.1,794.3
375,3,motorcycle,0.1359,21.6,736.7,86.1,794.3
375,2,large_vehicle,0.1232,951.5,435.8,1019.2,479.3
376,1,car,0.8713,683.9,708.6,849.9,810.6
376,1,car,0.8656,797.5,594.5,930.1,688.8
376,1,car,0.8295,169.8,788.0,299.6,877.4
376,1,car,0.7696,557.9,502.1,648.0,552.5
376,4,other_vehicle,0.6215,1113.7,561.2,1157.9,595.6
376,0,person,0.5589,1126.7,541.3,1146.4,593.4
376,1,car,0.2967,951.4,435.8,1019.4,479.2
376,0,person,0.2613,1170.9,462.1,1184.8,501.4
376,4,other_vehicle,0.1569,21.6,736.8,86.0,794.3
376,3,motorcycle,0.1394,21.6,736.8,86.0,794.3
376,2,large_vehicle,0.1247,951.4,435.8,1019.4,479.2
376,0,person,0.1016,1192.5,535.8,1211.5,590.8
377,1,car,0.8823,695.5,705.3,862.6,809.7
377,1,car,0.8536,177.2,788.1,309.9,877.4
377,1,car,0.8159,786.9,596.6,917.9,693.2
377,1,car,0.7015,558.6,501.9,647.8,552.4
377,0,person,0.6849,1124.7,540.5,1144.0,593.8
377,4,other_vehicle,0.5700,1110.2,560.2,1156.1,595.7
377,4,other_vehicle,0.4286,17.9,738.5,80.2,795.1
377,1,car,0.3647,951.7,435.7,1020.4,479.4
377,0,person,0.2940,1170.6,461.5,1184.8,499.5
377,2,large_vehicle,0.1985,951.7,435.7,1020.4,479.4
377,3,motorcycle,0.1074,1110.2,560.2,1156.1,595.7
378,1,car,0.8816,695.5,705.2,862.5,809.7
378,1,car,0.8470,177.3,788.0,309.9,877.2
378,1,car,0.8140,787.0,596.8,917.7,693.1
378,1,car,0.6938,558.7,501.9,647.7,552.4
378,0,person,0.6824,1124.7,540.5,1144.0,593.8
378,4,other_vehicle,0.5794,1110.2,560.1,1155.6,595.9
378,4,other_vehicle,0.4273,17.9,738.8,80.2,795.0
378,1,car,0.3654,951.7,435.8,1020.4,479.4
378,0,person,0.2641,1170.7,461.4,1184.6,499.2
378,2,large_vehicle,0.1932,951.7,435.8,1020.4,479.4
378,2,large_vehicle,0.1025,558.7,501.9,647.7,552.4
379,1,car,0.8563,706.2,703.4,876.2,806.4
379,1,car,0.8272,185.5,787.3,318.8,877.3
379,1,car,0.7839,774.9,600.2,910.0,697.0
379,1,car,0.7614,556.8,501.9,647.3,552.4
379,0,person,0.6376,1123.1,539.5,1142.5,593.2
379,4,other_vehicle,0.6357,1108.7,560.1,1153.7,596.0
379,1,car,0.3802,951.2,435.8,1020.5,479.4
379,0,person,0.2136,1192.1,534.0,1211.6,591.7
379,4,other_vehicle,0.1966,17.6,736.9,73.8,794.2
379,0,person,0.1883,1170.1,461.7,1184.1,497.0
379,2,large_vehicle,0.1868,951.2,435.8,1020.5,479.4
379,3,motorcycle,0.1252,17.6,736.9,73.8,794.2
380,1,car,0.8563,706.2,703.4,876.1,806.3
380,1,car,0.8339,185.6,787.4,318.8,877.3
380,1,car,0.7831,774.9,600.3,910.1,696.9
380,1,car,0.7555,557.0,501.9,647.2,552.4
380,4,other_vehicle,0.6541,1108.7,559.8,1153.3,596.0
380,0,person,0.6529,1123.2,539.3,1142.4,593.1
380,1,car,0.4070,951.4,435.8,1020.4,479.3
380,0,person,0.2304,1170.1,461.6,1184.0,496.8
380,4,other_vehicle,0.2135,17.8,736.8,73.8,794.1
380,2,large_vehicle,0.1706,951.4,435.8,1020.4,479.3
380,3,motorcycle,0.1233,17.8,736.8,73.8,794.1
380,0,person,0.1233,1192.1,546.8,1210.7,592.1
381,1,car,0.8563,706.3,703.4,875.9,806.3
381,1,car,0.8315,185.6,787.4,318.8,877.3
381,1,car,0.7809,774.9,600.2,910.1,696.9
381,1,car,0.7602,557.0,501.9,647.1,552.4
381,4,other_vehicle,0.6601,1108.8,559.8,1153.4,596.1
381,0,person,0.6539,1123.2,539.3,1142.4,593.1
381,1,car,0.3988,951.3,435.8,1020.4,479.3
381,0,person,0.2077,1170.2,461.7,1184.0,496.2
381,4,other_vehicle,0.2061,17.9,736.8,73.8,794.1
381,2,large_vehicle,0.1787,951.3,435.8,1020.4,479.3
381,0,person,0.1277,1192.3,537.3,1211.5,591.5
381,3,motorcycle,0.1220,17.9,736.8,73.8,794.1
382,1,car,0.8871,716.8,703.2,880.0,802.3
382,1,car,0.8675,193.7,786.5,329.5,877.5
382,1,car,0.8349,763.5,602.4,904.2,698.6
382,1,car,0.7675,556.4,501.1,647.5,552.3
382,0,person,0.6292,1121.6,540.2,1141.3,592.0
382,1,car,0.4349,951.9,435.9,1020.0,479.1
382,4,other_vehicle,0.3908,1106.5,558.4,1152.1,595.5
382,0,person,0.2567,1170.1,461.8,1183.9,495.9
382,4,other_vehicle,0.1797,1107.2,559.2,1153.0,595.2
382,4,other_vehicle,0.1684,16.5,737.2,69.1,793.7
382,2,large_vehicle,0.1193,951.9,435.9,1020.0,479.1
382,0,person,0.1174,1118.8,540.1,1139.4,590.2
382,0,person,0.1012,1192.4,536.7,1211.5,591.2
383,1,car,0.8871,716.8,703.2,880.0,802.3
383,1,car,0.8673,193.7,786.5,329.5,877.5
383,1,car,0.8364,763.5,602.3,904.3,698.6
383,1,car,0.7867,556.0,501.2,647.4,552.3
383,0,person,0.6451,1121.6,540.1,1141.6,592.3
383,1,car,0.4367,951.1,435.8,1019.6,479.1
383,4,other_vehicle,0.3652,1106.9,558.9,1153.0,595.4
383,4,other_vehicle,0.2583,16.9,737.3,69.1,793.7
383,0,person,0.2582,1169.9,461.6,1183.9,497.3
383,4,other_vehicle,0.1775,1106.3,558.1,1152.1,595.6
383,0,person,0.1318,1192.3,535.7,1211.5,591.2
383,2,large_vehicle,0.1249,951.1,435.8,1019.6,479.1
383,3,motorcycle,0.1146,16.9,737.3,69.1,793.7
384,1,car,0.9005,727.8,700.5,890.8,800.2
384,1,car,0.8554,201.8,785.2,340.2,878.0
384,1,car,0.8251,754.4,604.3,890.4,696.5
384,1,car,0.7455,557.9,501.8,648.0,552.2
384,0,person,0.6072,1118.5,540.0,1139.0,591.3
384,4,other_vehicle,0.5315,1103.6,559.7,1150.3,594.8
384,1,car,0.4224,950.7,435.8,1019.9,479.1
384,0,person,0.3691,1168.4,462.2,1185.3,500.1
384,0,person,0.2400,1120.6,539.9,1140.6,592.5
384,2,large_vehicle,0.1825,950.7,435.8,1019.9,479.1
384,0,person,0.1225,1192.5,537.7,1211.2,591.1
385,1,car,0.8995,727.8,700.4,890.7,800.2
385,1,car,0.8556,201.6,785.2,340.0,878.0
385,1,car,0.8212,754.5,604.3,890.7,696.5
385,1,car,0.7567,556.7,501.8,648.0,552.3
385,0,person,0.6056,1118.6,540.0,1139.0,591.2
385,4,other_vehicle,0.5135,1103.5,559.7,1150.3,594.8
385,1,car,0.4274,950.5,435.9,1019.7,479.1
385,0,person,0.3426,1168.6,462.1,1185.3,500.1
385,0,person,0.2420,1120.6,539.9,1140.6,592.4
385,2,large_vehicle,0.1766,950.5,435.9,1019.7,479.1
385,0,person,0.1359,1192.5,536.7,1211.4,591.4
386,1,car,0.9015,727.7,700.5,890.8,800.2
386,1,car,0.8564,201.8,785.1,340.1,878.0
386,1,car,0.8279,754.4,604.4,890.4,696.5
386,1,car,0.7468,557.4,501.8,648.4,552.3
386,0,person,0.6514,1118.3,539.7,1139.1,591.2
386,4,other_vehicle,0.5154,1103.4,559.5,1150.2,594.6
386,1,car,0.4110,951.2,435.8,1020.2,479.1
386,0,person,0.3366,1168.6,462.1,1185.3,500.3
386,2,large_vehicle,0.1661,951.2,435.8,1020.2,479.1
386,0,person,0.1472,1120.3,539.7,1140.7,592.3
386,0,person,0.1172,1192.5,537.5,1211.3,591.3
387,1,car,0.8975,739.1,700.2,900.4,795.9
387,1,car,0.8720,209.3,784.4,350.8,878.1
387,1,car,0.7831,741.2,607.9,880.1,705.4
387,1,car,0.6828,559.0,501.3,647.1,552.2
387,4,other_vehicle,0.6736,1103.0,558.5,1147.3,592.1
387,0,person,0.6561,1116.5,539.5,1137.3,589.1
387,1,car,0.4395,951.9,435.9,1020.0,479.0
387,0,person,0.2209,1168.6,462.4,1184.7,500.1
387,0,person,0.1638,1192.4,550.2,1210.1,591.6
387,2,large_vehicle,0.1351,951.9,435.9,1020.0,479.0
387,2,large_vehicle,0.1175,559.0,501.3,647.1,552.2
388,1,car,0.8973,739.1,700.2,900.2,795.9
388,1,car,0.8726,209.3,784.4,350.8,878.2
388,1,car,0.7817,741.2,607.9,880.1,705.3
388,1,car,0.6907,559.2,501.2,647.3,552.2
388,4,other_vehicle,0.6738,1103.0,558.4,1147.4,592.1
388,0,person,0.6314,1116.6,539.2,1137.6,589.3
388,1,car,0.4261,952.3,435.9,1020.2,478.9
388,0,person,0.2308,1168.6,462.5,1184.7,500.1
388,0,person,0.1733,1192.4,549.9,1210.2,591.3
388,2,large_vehicle,0.1109,559.2,501.2,647.3,552.2
388,2,large_vehicle,0.1083,952.3,435.9,1020.2,478.9
389,1,car,0.8715,218.5,784.2,361.2,876.3
389,1,car,0.8654,728.2,608.3,869.0,707.9
389,1,car,0.8461,751.0,696.0,916.6,791.4
389,1,car,0.7379,557.1,501.0,646.4,552.2
389,0,person,0.7004,1115.0,539.4,1134.8,590.4
389,1,car,0.3757,951.9,435.5,1020.2,478.9
389,4,other_vehicle,0.3555,1100.9,559.5,1146.7,593.1
389,0,person,0.1855,1168.6,462.2,1183.2,499.7
389,4,other_vehicle,0.1561,1101.1,557.9,1144.9,590.9
389,0,person,0.1519,1192.2,551.0,1209.8,591.2
389,0,person,0.1404,1166.7,462.5,1182.2,499.8
389,2,large_vehicle,0.1348,951.9,435.5,1020.2,478.9
390,1,car,0.8723,218.5,784.2,361.2,876.2
390,1,car,0.8646,728.1,607.9,869.0,707.9
390,1,car,0.8417,751.0,695.9,915.7,791.3
390,1,car,0.7415,557.2,500.9,646.4,552.2
390,0,person,0.6992,1115.0,539.4,1134.8,590.3
390,1,car,0.3819,951.8,435.5,1020.0,478.9
390,4,other_vehicle,0.3552,1100.8,559.5,1146.7,593.1
390,0,person,0.2289,1168.7,462.4,1183.2,499.9
390,4,other_vehicle,0.1570,1101.2,557.9,1144.8,590.9
390,0,person,0.1544,1192.2,551.0,1209.7,591.2
390,2,large_vehicle,0.1321,951.8,435.5,1020.0,478.9
390,0,person,0.1276,1166.8,462.6,1182.2,499.9
391,1,car,0.8744,227.7,783.3,371.6,877.3
391,1,car,0.8476,761.1,689.3,919.9,788.5
391,1,car,0.8432,717.6,612.6,859.2,710.2
391,1,car,0.7818,557.5,501.1,647.7,552.3
391,0,person,0.6268,1113.0,538.8,1133.2,590.6
391,4,other_vehicle,0.5046,1099.1,558.5,1144.6,592.3
391,1,car,0.4767,951.6,435.9,1020.5,479.1
391,0,person,0.2886,1166.4,462.9,1182.1,500.0
391,3,motorcycle,0.1858,1099.1,558.5,1144.6,592.3
391,4,other_vehicle,0.1561,0.1,735.2,48.6,790.6
391,0,person,0.1492,1192.3,550.6,1209.8,591.2
391,2,large_vehicle,0.1336,951.6,435.9,1020.5,479.1
391,0,person,0.1155,1168.0,463.1,1184.7,500.4
392,1,car,0.8750,227.8,783.3,371.6,877.3
392,1,car,0.8516,761.1,689.2,919.8,788.5
392,1,car,0.8475,717.6,612.6,859.1,710.2
392,1,car,0.7899,558.3,501.5,647.3,552.4
392,0,person,0.6344,1112.9,538.7,1133.4,590.6
392,4,other_vehicle,0.5409,1098.8,558.3,1144.5,592.3
392,1,car,0.4621,951.9,435.6,1020.5,479.0
392,0,person,0.2600,1166.4,462.9,1182.1,500.0
392,3,motorcycle,0.1778,1098.8,558.3,1144.5,592.3
392,0,person,0.1735,1192.3,550.2,1210.0,591.6
392,4,other_vehicle,0.1630,0.0,735.0,48.6,790.4
392,0,person,0.1593,1167.9,463.0,1184.8,500.4
392,2,large_vehicle,0.1170,951.9,435.6,1020.5,479.0
393,1,car,0.8798,236.7,783.1,383.1,877.0
393,1,car,0.8454,772.1,687.9,930.8,786.7
393,1,car,0.8431,704.5,613.8,847.6,713.3
393,1,car,0.7396,555.9,501.1,648.3,552.5
393,0,person,0.6461,1110.5,539.9,1130.5,590.8
393,1,car,0.3922,952.2,435.6,1021.0,479.2
393,4,other_vehicle,0.3428,1097.7,558.5,1140.9,591.2
393,0,person,0.3170,1166.4,462.5,1181.9,499.9
393,0,person,0.2252,1192.2,547.6,1210.4,591.6
393,4,other_vehicle,0.1947,1095.7,558.3,1142.3,592.0
393,2,large_vehicle,0.1557,952.2,435.6,1021.0,479.2
393,0,person,0.1537,1168.0,462.6,1184.6,500.6
394,1,car,0.8793,236.7,783.1,383.1,877.0
394,1,car,0.8428,772.1,687.9,931.1,786.7
394,1,car,0.8413,704.6,613.8,847.7,713.4
394,1,car,0.7543,555.9,501.3,648.7,552.5
394,0,person,0.6585,1110.3,539.9,1130.5,590.9
394,4,other_vehicle,0.4001,1097.4,558.6,1141.5,591.3
394,1,car,0.3502,951.9,435.6,1020.9,479.1
394,0,person,0.3020,1166.4,462.6,1181.9,500.1
394,4,other_vehicle,0.2363,1095.6,558.5,1142.6,592.0
394,0,person,0.1889,1167.9,462.6,1184.6,500.7
394,0,person,0.1323,1192.1,546.7,1210.6,591.7
394,2,large_vehicle,0.1253,951.9,435.6,1020.9,479.1
395,1,car,0.8805,236.7,783.2,383.1,876.9
395,1,car,0.8457,772.0,687.9,931.0,786.7
395,1,car,0.8425,704.6,613.8,847.7,713.3
395,1,car,0.7479,556.0,501.3,648.6,552.4
395,0,person,0.6576,1110.3,539.9,1130.4,590.9
395,4,other_vehicle,0.4127,1097.3,558.5,1141.6,591.2
395,1,car,0.3715,951.9,435.7,1020.9,479.1
395,0,person,0.3266,1166.4,462.6,1181.9,499.9
395,0,person,0.1483,1167.9,462.7,1184.6,500.5
395,2,large_vehicle,0.1205,951.9,435.7,1020.9,479.1
395,4,other_vehicle,0.1155,1095.3,558.4,1142.3,591.9
395,0,person,0.1038,1192.4,538.0,1211.2,591.1
396,1,car,0.8750,246.3,782.8,394.8,875.8
396,1,car,0.7993,783.0,685.4,950.2,783.3
396,1,car,0.7847,694.3,616.5,837.5,716.7
396,1,car,0.6713,559.6,501.3,649.1,552.3
396,0,person,0.6010,1108.8,538.6,1129.4,590.5
396,4,other_vehicle,0.5832,1095.2,558.2,1141.1,591.1
396,0,person,0.4270,1166.3,462.0,1181.6,500.1
396,1,car,0.4151,951.5,435.9,1021.1,479.1
396,0,person,0.2117,1107.2,538.7,1128.3,589.6
396,0,person,0.1704,1192.4,535.7,1211.3,591.2
396,2,large_vehicle,0.1334,951.5,435.9,1021.1,479.1
396,2,large_vehicle,0.1124,559.6,501.3,649.1,552.3
397,1,car,0.8762,246.2,782.8,394.8,875.8
397,1,car,0.7993,783.0,685.4,950.5,783.3
397,1,car,0.7915,694.3,616.6,837.5,716.8
397,1,car,0.6927,560.1,501.3,648.4,552.2
397,0,person,0.5910,1108.8,538.6,1129.5,590.6
397,4,other_vehicle,0.5587,1095.3,558.2,1140.8,591.1
397,0,person,0.4060,1166.3,462.0,1181.7,500.1
397,1,car,0.3928,952.0,435.6,1021.0,479.0
397,0,person,0.2342,1107.1,538.7,1128.4,589.7
397,0,person,0.1502,1192.5,537.1,1211.2,591.1
397,2,large_vehicle,0.1148,952.0,435.6,1021.0,479.0
397,0,person,0.1119,1167.8,462.1,1184.4,500.6
397,2,large_vehicle,0.1090,560.1,501.3,648.4,552.2
398,1,car,0.8631,793.1,682.4,958.1,780.6
398,1,car,0.8592,680.5,620.3,833.4,720.3
398,1,car,0.8540,255.5,782.3,405.3,874.9
398,1,car,0.7539,555.6,500.9,646.7,552.4
398,0,person,0.6316,1105.5,538.1,1126.1,589.9
398,0,person,0.5148,1166.0,462.2,1181.3,499.8
398,1,car,0.3994,951.0,435.5,1021.1,479.3
398,4,other_vehicle,0.3315,1094.0,559.3,1132.5,590.5
398,4,other_vehicle,0.2361,1093.3,560.5,1138.0,591.8
398,2,large_vehicle,0.1721,951.0,435.5,1021.1,479.3
399,1,car,0.8637,793.1,682.4,958.1,780.6
399,1,car,0.8596,680.5,620.3,833.4,720.3
399,1,car,0.8543,255.5,782.3,405.3,874.9
399,1,car,0.7551,555.6,500.9,646.7,552.4
399,0,person,0.6322,1105.5,538.1,1126.1,589.9
399,0,person,0.5074,1166.1,462.2,1181.3,499.8
399,1,car,0.3929,951.3,435.5,1021.2,479.3
399,4,other_vehicle,0.3115,1094.4,559.2,1132.0,590.4
399,4,other_vehicle,0.2495,1093.3,560.5,1137.9,591.9
399,0,person,0.1876,1192.3,547.8,1210.5,591.4
399,2,large_vehicle,0.1665,951.3,435.5,1021.2,479.3
400,1,car,0.8648,793.1,682.4,958.4,780.7
400,1,car,0.8594,680.6,620.4,833.8,720.3
400,1,car,0.8553,255.5,782.3,405.2,874.9
400,1,car,0.7499,555.8,501.0,646.7,552.4
400,0,person,0.6350,1106.1,538.0,1126.1,590.1
400,0,person,0.5038,1166.0,462.1,1181.3,499.8
400,1,car,0.3892,951.1,435.5,1021.4,479.2
400,4,other_vehicle,0.2716,1093.4,560.6,1138.0,592.0
400,4,other_vehicle,0.1913,1096.9,559.1,1129.4,590.0
400,2,large_vehicle,0.1610,951.1,435.5,1021.4,479.2
401,1,car,0.8857,265.9,781.6,416.2,874.7
401,1,car,0.8627,670.8,622.2,817.8,723.7
401,1,car,0.8250,803.7,679.7,971.3,777.6
401,1,car,0.7392,558.6,501.9,647.8,552.3
401,0,person,0.6999,1105.4,538.0,1124.3,590.0
401,0,person,0.4686,1166.2,461.6,1180.1,498.2
401,1,car,0.4364,950.8,435.3,1021.6,479.3
401,4,other_vehicle,0.1526,1092.2,558.6,1133.6,592.1
401,2,large_vehicle,0.1412,950.8,435.3,1021.6,479.3
401,0,person,0.1377,1192.4,536.0,1211.3,591.4
401,3,motorcycle,0.1365,0.4,734.3,29.3,789.3
401,4,other_vehicle,0.1354,1090.2,555.9,1139.3,591.9
401,4,other_vehicle,0.1123,1093.0,558.8,1124.1,589.7
402,1,car,0.8863,266.0,781.6,416.3,874.8
402,1,car,0.8690,670.8,622.6,817.5,723.8
402,1,car,0.8270,803.7,679.7,970.9,777.4
402,1,car,0.7398,558.6,501.9,647.8,552.3
402,0,person,0.7392,1105.4,537.9,1124.3,590.1
402,0,person,0.4614,1166.1,461.1,1180.1,498.2
402,1,car,0.4568,950.6,435.1,1021.8,479.3
402,4,other_vehicle,0.2136,1092.1,558.9,1135.5,592.2
402,4,other_vehicle,0.1410,1090.3,556.4,1139.2,591.6
402,4,other_vehicle,0.1374,1092.8,558.6,1126.7,589.9
402,2,large_vehicle,0.1371,950.6,435.1,1021.8,479.3
402,3,motorcycle,0.1353,0.5,734.3,29.4,789.3
402,0,person,0.1319,1192.5,536.3,1211.4,591.4
403,1,car,0.8898,275.6,780.6,428.3,874.4
403,1,car,0.8741,656.5,625.6,802.4,726.2
403,1,car,0.8253,813.5,675.4,978.4,774.3
403,1,car,0.7557,557.1,502.0,648.2,552.4
403,0,person,0.6908,1103.3,537.0,1122.3,590.6
403,0,person,0.5128,1166.1,461.2,1179.6,498.1
403,4,other_vehicle,0.4690,1090.2,560.0,1136.4,592.2
403,1,car,0.3947,951.2,435.1,1021.8,479.1
403,3,motorcycle,0.2919,0.0,735.5,24.8,790.3
403,4,other_vehicle,0.2228,1091.3,557.8,1130.3,590.5
403,4,other_vehicle,0.1189,1093.3,559.4,1135.6,591.4
403,0,person,0.1090,0.0,734.8,18.6,768.9
403,4,other_vehicle,0.1043,1088.3,557.7,1138.3,590.1
404,1,car,0.8889,275.4,780.6,428.3,874.4
404,1,car,0.8731,656.6,625.6,802.6,726.2
404,1,car,0.8288,813.5,675.4,978.6,774.3
404,1,car,0.7512,557.3,501.8,648.4,552.3
404,0,person,0.6966,1103.1,536.8,1122.4,590.6
404,0,person,0.5223,1166.1,460.8,1179.7,498.2
404,4,other_vehicle,0.4542,1090.3,559.8,1136.4,592.2
404,1,car,0.3568,951.2,434.9,1021.9,479.1
404,3,motorcycle,0.2838,0.0,735.2,24.8,790.3
404,4,other_vehicle,0.2159,1091.4,557.6,1129.9,590.4
404,0,person,0.2082,1192.4,534.5,1211.4,591.1
404,4,other_vehicle,0.1389,1088.1,557.3,1138.1,590.2
404,4,other_vehicle,0.1205,1093.8,559.4,1135.3,591.5
404,0,person,0.1013,0.0,734.6,18.6,769.2
405,1,car,0.8891,275.4,780.6,428.4,874.3
405,1,car,0.8750,656.6,625.6,802.4,726.2
405,1,car,0.8272,813.5,675.4,978.5,774.3
405,1,car,0.7524,557.2,501.8,648.3,552.3
405,0,person,0.6968,1103.1,536.8,1122.4,590.6
405,0,person,0.5059,1166.1,461.1,1179.6,498.1
405,4,other_vehicle,0.4656,1090.6,559.8,1136.6,592.2
405,1,car,0.3660,951.2,435.0,1021.7,479.0
405,3,motorcycle,0.2870,0.0,735.3,24.8,790.3
405,4,other_vehicle,0.2112,1091.7,557.6,1129.9,590.4
405,0,person,0.2058,1192.4,534.6,1211.4,591.0
405,4,other_vehicle,0.1272,1093.6,559.5,1135.4,591.4
405,4,other_vehicle,0.1171,1088.4,557.4,1138.1,590.2
405,0,person,0.1050,0.0,734.7,18.6,769.0
406,1,car,0.9034,283.4,779.5,439.2,874.5
406,1,car,0.8698,823.8,673.7,986.7,770.4
406,1,car,0.8591,645.9,626.8,791.9,728.8
406,0,person,0.7064,1102.3,538.0,1121.0,591.2
406,1,car,0.6448,560.3,501.2,648.9,551.9
406,0,person,0.5170,1166.1,460.6,1179.4,498.4
406,1,car,0.4643,951.9,435.5,1021.9,478.9
406,0,person,0.3757,1192.3,531.7,1211.9,590.3
406,4,other_vehicle,0.2705,1088.3,559.6,1133.6,592.4
406,4,other_vehicle,0.2582,1089.1,557.1,1128.0,590.6
406,4,other_vehicle,0.1401,1086.3,557.6,1135.7,590.3
406,2,large_vehicle,0.1085,560.3,501.2,648.9,551.9
407,1,car,0.9033,283.3,779.5,439.2,874.5
407,1,car,0.8687,823.8,673.7,986.6,770.3
407,1,car,0.8593,645.9,626.8,792.0,728.8
407,0,person,0.7027,1102.2,538.1,1121.0,591.3
407,1,car,0.6649,559.9,501.5,648.2,552.0
407,0,person,0.5114,1166.2,460.6,1179.5,498.4
407,1,car,0.4725,951.8,435.5,1021.8,478.9
407,0,person,0.3651,1192.4,531.8,1211.9,590.4
407,4,other_vehicle,0.2905,1088.9,559.8,1133.6,592.5
407,4,other_vehicle,0.2249,1089.6,557.3,1127.8,590.6
407,3,motorcycle,0.1035,0.1,732.2,20.5,789.9
407,2,large_vehicle,0.1030,559.9,501.5,648.2,552.0
408,1,car,0.8846,294.6,779.1,451.3,873.3
408,1,car,0.8778,631.7,629.3,780.4,732.1
408,1,car,0.8411,833.2,670.1,994.6,767.9
408,1,car,0.7572,555.7,501.4,647.1,552.2
408,0,person,0.7149,1100.2,537.6,1119.2,590.6
408,1,car,0.4156,951.1,435.5,1021.9,479.0
408,0,person,0.3402,1192.4,531.5,1212.0,590.4
408,0,person,0.3076,1166.0,460.4,1179.2,498.3
408,4,other_vehicle,0.1668,1090.0,558.8,1131.2,592.5
408,2,large_vehicle,0.1196,951.1,435.5,1021.9,479.0
408,2,large_vehicle,0.1108,0.0,702.8,19.1,787.1
409,1,car,0.8845,294.5,779.2,451.2,873.3
409,1,car,0.8779,631.8,629.3,780.4,732.0
409,1,car,0.8420,833.2,670.1,994.7,767.9
409,1,car,0.7819,555.8,501.5,646.9,552.2
409,0,person,0.7135,1100.2,537.6,1119.2,590.7
409,1,car,0.4204,951.2,435.6,1021.7,479.0
409,0,person,0.3479,1192.3,531.5,1211.9,590.7
409,0,person,0.2944,1166.0,460.4,1179.2,498.3
409,4,other_vehicle,0.1673,1089.9,558.9,1131.3,592.5
409,2,large_vehicle,0.1369,951.2,435.6,1021.7,479.0
409,2,large_vehicle,0.1066,0.0,702.5,19.1,786.9
410,1,car,0.8823,294.6,779.2,451.3,873.4
410,1,car,0.8784,631.7,629.3,780.4,732.1
410,1,car,0.8422,833.2,670.1,994.7,767.9
410,1,car,0.7518,556.1,501.4,647.1,552.2
410,0,person,0.7140,1100.2,537.6,1119.2,590.6
410,1,car,0.4260,951.4,435.7,1022.0,479.1
410,0,person,0.3607,1192.4,531.6,1212.0,590.5
410,0,person,0.2900,1166.0,460.0,1179.2,498.5
410,4,other_vehicle,0.1925,1088.2,558.7,1131.3,592.3
410,2,large_vehicle,0.1370,951.4,435.7,1022.0,479.1
410,2,large_vehicle,0.1092,0.0,702.7,19.1,787.2
411,1,car,0.9033,305.1,777.4,463.6,874.6
411,1,car,0.8678,620.9,632.1,765.5,732.7
411,1,car,0.8467,842.5,667.8,1001.4,764.3
411,1,car,0.7788,556.5,501.4,646.8,552.1
411,0,person,0.6119,1099.0,536.3,1117.8,589.8
411,0,person,0.5338,1165.7,460.0,1179.0,498.6
411,1,car,0.4764,950.9,435.7,1022.1,479.0
411,0,person,0.3691,1192.5,532.5,1211.8,590.7
411,4,other_vehicle,0.3371,1086.1,555.5,1123.4,589.9
411,4,other_vehicle,0.1377,1085.4,558.7,1128.8,591.7
411,0,person,0.1164,1096.8,536.4,1116.1,588.4
411,2,large_vehicle,0.1051,950.9,435.7,1022.1,479.0
412,1,car,0.9014,305.1,777.4,463.5,874.6
412,1,car,0.8671,620.8,632.1,765.6,732.7
412,1,car,0.8449,842.5,667.8,1001.4,764.3
412,1,car,0.7527,556.5,501.3,647.9,552.1
412,0,person,0.6105,1098.9,536.3,1117.9,589.9
412,0,person,0.5140,1165.6,460.0,1178.9,498.7
412,1,car,0.4476,950.9,435.7,1022.1,479.0
412,0,person,0.3414,1192.5,532.5,1211.8,590.6
412,4,other_vehicle,0.3164,1086.3,555.5,1123.6,590.0
412,4,other_vehicle,0.1381,1085.6,558.8,1128.7,591.7
412,0,person,0.1222,1096.8,536.3,1116.1,588.6
412,2,large_vehicle,0.1150,950.9,435.7,1022.1,479.0
413,1,car,0.9083,315.3,776.9,475.3,875.0
413,1,car,0.8769,606.6,632.1,755.9,736.9
413,1,car,0.8426,854.0,663.5,1009.4,761.5
413,1,car,0.7263,555.9,501.3,650.4,552.2
413,0,person,0.5877,1095.2,536.4,1115.0,590.7
413,0,person,0.5522,1165.1,459.8,1178.8,499.0
413,0,person,0.3730,1192.4,531.6,1212.0,590.6
413,1,car,0.3386,951.3,435.6,1021.8,479.0
413,2,large_vehicle,0.1180,951.3,435.6,1021.8,479.0
414,1,car,0.9076,315.5,776.9,475.5,874.9
414,1,car,0.8733,606.5,631.7,755.8,737.0
414,1,car,0.8322,854.0,663.5,1009.3,761.4
414,1,car,0.7260,555.8,501.3,650.3,552.2
414,0,person,0.5862,1095.3,536.4,1114.9,590.6
414,0,person,0.5536,1165.0,459.8,1178.7,499.0
414,0,person,0.3700,1192.3,531.8,1211.9,590.7
414,1,car,0.3139,951.4,435.5,1021.7,479.0
414,2,large_vehicle,0.1334,951.4,435.5,1021.7,479.0
415,1,car,0.9107,326.3,775.7,486.9,872.0
415,1,car,0.8985,594.2,636.5,744.8,740.1
415,1,car,0.8606,862.7,660.6,1013.2,756.9
415,1,car,0.6635,557.0,500.7,652.3,552.2
415,0,person,0.5496,1164.6,459.3,1178.6,498.6
415,0,person,0.4446,1192.4,531.7,1212.0,590.7
415,0,person,0.4441,1093.1,535.5,1113.8,590.8
415,1,car,0.4236,952.1,435.6,1021.4,479.0
415,2,large_vehicle,0.1189,952.1,435.6,1021.4,479.0
416,1,car,0.9116,326.3,775.6,486.9,872.1
416,1,car,0.8988,594.1,636.4,744.6,740.1
416,1,car,0.8633,862.6,660.6,1013.2,757.0
416,1,car,0.6510,558.0,501.2,651.8,552.1
416,0,person,0.5596,1092.4,535.4,1113.7,590.5
416,0,person,0.5405,1164.6,459.4,1178.6,498.3
416,1,car,0.4079,952.1,435.5,1021.7,479.0
416,0,person,0.3982,1192.4,531.3,1212.1,590.8
416,2,large_vehicle,0.1280,952.1,435.5,1021.7,479.0
417,1,car,0.9059,336.9,773.6,499.6,871.5
417,1,car,0.8519,581.4,638.6,731.0,742.6
417,1,car,0.7578,556.3,501.7,648.3,552.3
417,1,car,0.7409,872.3,657.0,1022.0,754.6
417,0,person,0.5475,1164.1,459.1,1178.6,498.1
417,0,person,0.5132,1091.5,536.2,1113.5,590.6
417,0,person,0.4221,1192.3,531.1,1212.5,590.8
417,1,car,0.3016,951.5,435.3,1021.4,479.2
417,0,person,0.2578,1093.5,536.2,1119.2,591.0
417,2,large_vehicle,0.1398,951.5,435.3,1021.4,479.2
418,1,car,0.9059,336.8,773.6,499.6,871.5
418,1,car,0.8537,581.5,638.6,730.7,742.6
418,1,car,0.7930,555.6,501.8,647.9,552.2
418,1,car,0.7419,872.3,657.0,1021.9,754.7
418,0,person,0.5438,1164.1,459.0,1178.6,498.1
418,0,person,0.5153,1091.4,536.2,1113.9,590.6
418,0,person,0.4173,1192.3,530.4,1212.6,590.7
418,1,car,0.3256,951.3,435.2,1021.5,479.2
418,0,person,0.2887,1093.3,536.2,1119.3,591.0
418,2,large_vehicle,0.1625,951.3,435.2,1021.5,479.2
418,4,other_vehicle,0.1013,1077.5,551.7,1126.4,590.7
419,1,car,0.9063,336.8,773.7,499.6,871.5
419,1,car,0.8522,581.5,638.6,731.0,742.6
419,1,car,0.7935,556.0,502.1,647.5,552.2
419,1,car,0.7439,872.2,657.2,1021.9,754.7
419,0,person,0.5395,1164.1,459.2,1178.5,498.2
419,0,person,0.5103,1091.3,536.1,1113.2,590.8
419,0,person,0.4112,1192.3,530.7,1212.5,590.7
419,1,car,0.3229,951.8,435.3,1021.5,479.1
419,0,person,0.2383,1093.4,536.1,1119.2,591.2
419,2,large_vehicle,0.1422,951.8,435.3,1021.5,479.1
419,4,other_vehicle,0.1026,1076.8,553.2,1126.0,590.6
420,1,car,0.9123,347.2,771.8,512.1,871.7
420,1,car,0.8119,569.0,640.6,717.0,745.2
420,1,car,0.7849,882.0,653.9,1036.4,750.7
420,1,car,0.7568,557.3,501.8,649.1,552.0
420,0,person,0.5312,1163.8,458.9,1178.1,498.2
420,0,person,0.4895,1087.9,535.8,1109.5,589.5
420,0,person,0.4541,1192.3,530.1,1212.5,590.5
420,1,car,0.3376,951.7,435.2,1021.4,479.0
420,0,person,0.2271,1084.3,536.0,1107.6,588.3
420,4,other_vehicle,0.1351,1073.9,552.4,1122.0,591.1
420,4,other_vehicle,0.1213,1078.3,551.6,1108.9,589.6
420,2,large_vehicle,0.1100,951.7,435.2,1021.4,479.0
421,1,car,0.9119,347.2,771.8,512.1,871.7
421,1,car,0.8107,569.2,640.6,717.0,745.2
421,1,car,0.7784,557.0,501.8,648.6,552.0
421,1,car,0.7774,882.1,654.0,1037.2,750.7
421,0,person,0.5219,1163.7,459.2,1178.1,498.3
421,0,person,0.5010,1088.1,535.9,1109.5,589.6
421,0,person,0.4514,1192.3,530.2,1212.4,590.5
421,1,car,0.3142,952.0,435.2,1021.0,478.9
421,0,person,0.2075,1084.4,536.0,1107.7,588.3
421,4,other_vehicle,0.1395,1073.9,552.6,1122.3,591.1
421,4,other_vehicle,0.1243,1078.1,551.8,1109.2,589.6
421,2,large_vehicle,0.1087,952.0,435.2,1021.0,478.9
422,1,car,0.8949,357.7,770.0,524.5,870.6
422,1,car,0.8666,557.3,644.3,704.5,747.7
422,1,car,0.8313,556.5,502.4,647.8,552.2
422,1,car,0.7112,891.3,651.8,1041.3,746.7
422,0,person,0.5470,1163.4,459.6,1178.0,498.5
422,0,person,0.4708,1192.2,531.1,1212.2,590.8
422,0,person,0.4060,1086.9,535.6,1107.8,588.8
422,1,car,0.3816,951.8,435.4,1021.3,478.9
422,0,person,0.3463,1084.3,535.5,1106.8,587.9
422,4,other_vehicle,0.2360,1076.8,553.4,1119.4,590.0
423,1,car,0.8952,357.7,770.0,524.5,870.6
423,1,car,0.8674,557.3,644.3,704.5,747.7
423,1,car,0.8317,556.6,502.4,647.8,552.2
423,1,car,0.7129,891.3,651.9,1041.2,746.7
423,0,person,0.5423,1163.6,459.6,1178.0,498.3
423,0,person,0.4724,1192.3,531.2,1212.2,590.8
423,0,person,0.4171,1086.9,535.6,1107.8,588.7
423,1,car,0.3835,951.8,435.5,1021.2,478.9
423,0,person,0.3406,1084.3,535.5,1106.8,587.8
423,4,other_vehicle,0.2577,1076.9,553.5,1119.3,589.9
424,1,car,0.8957,357.6,770.0,524.5,870.6
424,1,car,0.8644,557.3,644.2,704.4,747.7
424,1,car,0.8317,556.6,502.4,647.9,552.2
424,1,car,0.7144,891.3,651.8,1040.9,746.6
424,0,person,0.5485,1163.4,459.6,1178.0,498.5
424,0,person,0.4674,1192.2,531.2,1212.1,590.9
424,0,person,0.4063,1086.9,535.5,1107.8,588.8
424,1,car,0.4047,951.6,435.4,1020.9,478.9
424,0,person,0.3580,1084.3,535.5,1106.8,587.9
424,4,other_vehicle,0.2302,1077.2,553.3,1119.4,590.0
425,1,car,0.8938,369.1,768.5,536.7,869.4
425,1,car,0.8180,544.7,646.4,689.6,750.2
425,1,car,0.7477,557.4,501.2,647.4,552.2
425,1,car,0.5798,901.6,649.5,1043.5,742.3
425,0,person,0.5139,1192.2,531.7,1212.2,590.8
425,0,person,0.4749,1163.4,460.1,1177.8,498.4
425,0,person,0.3778,1082.7,534.7,1105.7,588.3
425,1,car,0.3041,952.1,435.5,1020.5,479.0
425,0,person,0.2637,1085.5,534.1,1108.8,588.3
425,2,large_vehicle,0.1968,952.1,435.5,1020.5,479.0
425,4,other_vehicle,0.1109,1076.1,552.2,1107.4,589.4
425,4,other_vehicle,0.1096,1072.6,552.1,1118.9,589.6
426,1,car,0.8937,368.9,768.4,537.1,870.1
426,1,car,0.8386,544.7,646.7,689.7,750.1
426,1,car,0.7390,557.5,500.9,647.5,552.2
426,1,car,0.5844,901.5,649.5,1042.9,742.7
426,0,person,0.5072,1192.2,531.7,1212.3,590.8
426,0,person,0.4770,1163.4,459.9,1177.8,498.4
426,0,person,0.3807,1082.7,534.7,1105.7,588.3
426,1,car,0.3080,952.0,435.5,1020.5,479.0
426,0,person,0.2601,1085.4,534.1,1108.9,588.3
426,2,large_vehicle,0.1999,952.0,435.5,1020.5,479.0
426,4,other_vehicle,0.1089,1076.1,552.2,1107.4,589.4
426,4,other_vehicle,0.1086,1072.6,552.0,1118.9,589.6
427,1,car,0.8959,380.7,767.5,549.6,867.2
427,1,car,0.8198,556.3,501.6,647.4,552.3
427,1,car,0.7456,907.1,647.7,1058.6,741.3
427,1,car,0.5832,531.9,649.9,678.4,752.8
427,0,person,0.5272,1163.2,459.6,1177.4,498.6
427,1,car,0.5265,532.3,649.6,678.2,752.9
427,0,person,0.5082,1082.0,534.8,1103.9,587.9
427,0,person,0.5076,1192.1,531.8,1212.3,591.1
427,1,car,0.3237,951.5,435.3,1020.2,479.1
427,4,other_vehicle,0.1749,1073.6,553.0,1109.0,589.9
427,2,large_vehicle,0.1506,951.5,435.3,1020.2,479.1
427,4,other_vehicle,0.1247,1073.1,552.7,1115.6,590.0
428,1,car,0.8964,380.7,767.4,549.5,867.2
428,1,car,0.8267,555.9,501.6,647.3,552.3
428,1,car,0.7486,907.2,647.7,1058.4,741.2
428,1,car,0.7167,531.9,649.8,678.5,752.8
428,0,person,0.5108,1163.2,459.7,1177.4,498.7
428,0,person,0.5053,1081.9,534.8,1103.9,587.7
428,0,person,0.5049,1192.2,531.7,1212.2,590.8
428,1,car,0.3613,951.2,435.1,1020.6,479.1
428,1,car,0.3307,532.4,649.5,678.2,752.9
428,4,other_vehicle,0.2081,1072.8,553.3,1110.1,589.9
428,4,other_vehicle,0.1610,1072.2,552.7,1115.6,590.0
428,2,large_vehicle,0.1446,951.2,435.1,1020.6,479.1
428,0,person,0.1032,1084.7,534.4,1109.2,588.4
429,1,car,0.8958,380.7,767.4,549.6,867.2
429,1,car,0.8240,556.0,501.6,647.2,552.3
429,1,car,0.7459,907.2,647.7,1058.6,741.3
429,1,car,0.7199,531.9,649.8,678.5,752.8
429,0,person,0.5220,1081.9,534.8,1103.8,587.9
429,0,person,0.5115,1163.2,459.7,1177.5,498.7
429,0,person,0.4976,1192.3,531.8,1212.2,590.8
429,1,car,0.3321,951.4,435.1,1020.4,479.0
429,1,car,0.3230,532.4,649.5,678.2,752.9
429,4,other_vehicle,0.1884,1073.2,553.3,1109.9,589.9
429,4,other_vehicle,0.1583,1072.6,552.9,1115.8,590.0
429,2,large_vehicle,0.1488,951.4,435.1,1020.4,479.0
430,1,car,0.8913,391.1,764.4,561.6,866.8
430,1,car,0.8359,518.6,652.9,667.4,754.5
430,1,car,0.7914,556.2,501.1,647.5,552.3
430,0,person,0.5339,1162.9,460.0,1176.9,498.9
430,0,person,0.4615,1192.2,531.3,1212.1,590.5
430,0,person,0.4556,1080.8,533.5,1101.9,587.1
430,1,car,0.3217,951.5,435.3,1020.6,479.0
430,1,car,0.3132,911.8,645.1,1062.4,733.1
430,2,large_vehicle,0.1171,951.5,435.3,1020.6,479.0
431,1,car,0.8911,391.1,764.4,561.6,866.8
431,1,car,0.8444,518.6,653.0,667.2,754.5
431,1,car,0.8119,556.2,501.2,647.3,552.4
431,0,person,0.5144,1162.9,460.0,1176.9,498.8
431,0,person,0.4801,1080.6,533.8,1101.8,587.3
431,0,person,0.4600,1192.2,531.0,1212.1,590.7
431,1,car,0.3404,911.6,645.0,1062.5,733.0
431,1,car,0.3338,951.2,434.9,1020.4,478.9
431,2,large_vehicle,0.1179,951.2,434.9,1020.4,478.9
432,1,car,0.8976,403.1,762.6,575.0,866.9
432,1,car,0.8556,507.0,654.3,653.6,756.8
432,1,car,0.8430,555.3,501.8,647.3,552.4
432,1,car,0.7783,927.2,643.3,1066.7,733.0
432,0,person,0.5144,1078.6,533.4,1100.6,587.7
432,0,person,0.3481,1192.1,532.8,1212.3,590.7
432,1,car,0.3228,951.4,434.8,1021.1,478.8
432,0,person,0.2742,1162.9,459.5,1176.8,498.4
432,0,person,0.1180,1083.8,532.5,1110.0,587.9
433,1,car,0.8957,403.1,762.6,574.9,866.8
433,1,car,0.8545,506.9,654.3,653.4,756.7
433,1,car,0.8258,555.8,501.6,647.2,552.4
433,1,car,0.7850,927.2,643.4,1066.7,733.0
433,0,person,0.5140,1078.7,533.3,1100.6,587.7
433,0,person,0.3716,1192.1,532.6,1212.2,590.8
433,1,car,0.3445,951.2,434.7,1021.2,478.8
433,0,person,0.2853,1162.9,459.6,1176.8,498.3
433,0,person,0.1122,1083.7,532.6,1109.8,587.9
434,1,car,0.8958,403.1,762.6,575.0,866.8
434,1,car,0.8566,507.0,654.4,653.6,756.8
434,1,car,0.8318,556.3,501.4,647.4,552.3
434,1,car,0.7775,927.2,643.4,1066.7,733.1
434,0,person,0.5170,1078.5,533.4,1100.7,587.6
434,0,person,0.4778,1192.0,531.1,1212.2,590.6
434,1,car,0.3613,951.2,434.7,1021.5,478.8
434,0,person,0.3004,1162.8,459.6,1176.7,498.3
434,0,person,0.1398,1083.6,532.5,1109.8,587.8
435,1,car,0.9135,413.3,761.8,587.0,863.3
435,1,car,0.8578,494.4,655.6,640.2,757.1
435,1,car,0.7984,558.1,501.1,647.6,552.0
435,1,car,0.7766,936.0,641.2,1074.5,731.6
435,0,person,0.3897,1077.4,533.5,1099.9,588.3
435,1,car,0.3526,952.5,435.4,1021.4,478.6
435,0,person,0.3394,1191.9,531.8,1211.9,591.0
435,0,person,0.1786,1073.8,533.8,1096.8,587.9
435,0,person,0.1627,1082.9,533.0,1108.3,587.8
435,0,person,0.1310,1162.6,459.7,1176.1,497.5
435,2,large_vehicle,0.1045,952.5,435.4,1021.4,478.6
436,1,car,0.9129,413.2,761.8,586.9,863.3
436,1,car,0.8583,494.4,655.6,640.1,757.1
436,1,car,0.7839,558.1,500.9,647.5,552.0
436,1,car,0.7759,936.0,641.2,1074.5,731.6
436,0,person,0.3984,1077.3,533.5,1099.8,588.3
436,0,person,0.3518,1191.9,531.8,1211.9,591.1
436,1,car,0.3356,952.6,435.3,1021.4,478.6
436,0,person,0.1699,1082.9,533.0,1108.3,587.8
436,0,person,0.1689,1073.8,533.9,1096.6,587.8
436,0,person,0.1147,1162.5,459.7,1176.1,497.5
436,2,large_vehicle,0.1098,952.6,435.3,1021.4,478.6
437,1,car,0.8954,427.1,759.4,598.3,863.0
437,1,car,0.8597,481.5,658.0,627.4,759.3
437,1,car,0.8147,558.0,501.7,647.4,552.1
437,1,car,0.7751,944.5,637.6,1079.6,728.3
437,1,car,0.3797,951.2,435.3,1021.2,479.0
437,0,person,0.2590,1075.4,533.4,1099.1,588.6
437,0,person,0.2101,1191.7,533.3,1212.2,591.0
437,0,person,0.1773,1073.3,533.7,1096.0,587.9
437,2,large_vehicle,0.1710,951.2,435.3,1021.2,479.0
437,0,person,0.1335,1162.2,459.4,1175.7,496.9
438,1,car,0.8973,427.0,759.5,598.3,863.1
438,1,car,0.8607,481.4,658.0,627.1,759.3
438,1,car,0.8140,558.0,501.8,647.4,552.1
438,1,car,0.7691,944.5,637.5,1079.4,728.5
438,1,car,0.3709,951.2,435.3,1021.1,479.0
438,0,person,0.2529,1075.8,533.5,1098.9,588.6
438,0,person,0.2276,1191.7,532.8,1212.1,590.7
438,0,person,0.2219,1073.3,533.7,1096.0,588.0
438,2,large_vehicle,0.1707,951.2,435.3,1021.1,479.0
438,0,person,0.1408,1085.3,532.5,1107.8,587.2
438,0,person,0.1334,1162.2,459.5,1175.6,496.9
439,1,car,0.9056,438.3,755.8,611.2,861.3
439,1,car,0.8551,468.5,661.1,613.7,757.7
439,1,car,0.8475,954.0,634.4,1085.4,723.7
439,1,car,0.8077,556.8,501.4,647.3,552.2
439,1,car,0.2955,951.1,435.2,1020.9,478.7
439,0,person,0.2089,1161.5,459.3,1175.4,496.4
439,2,large_vehicle,0.1263,951.1,435.2,1020.9,478.7
440,1,car,0.9061,438.3,755.8,611.2,861.2
440,1,car,0.8558,468.5,661.1,613.6,758.0
440,1,car,0.8441,954.0,634.4,1085.5,723.7
440,1,car,0.8050,556.9,501.7,647.5,552.2
440,1,car,0.3145,951.0,434.9,1021.1,478.7
440,0,person,0.2517,1161.5,459.4,1175.4,496.3
440,0,person,0.1816,1191.5,532.1,1212.2,590.8
440,2,large_vehicle,0.1430,951.0,434.9,1021.1,478.7
441,1,car,0.9191,449.9,753.6,623.8,859.6
441,1,car,0.8777,961.4,632.7,1092.9,720.8
441,1,car,0.8675,457.0,663.5,601.8,762.7
441,1,car,0.8333,556.1,502.1,647.7,552.3
441,0,person,0.3678,1161.2,459.4,1175.0,496.2
441,1,car,0.3228,951.9,434.9,1020.9,478.5
441,0,person,0.3132,1191.7,531.5,1212.2,590.6
441,0,person,0.2762,1070.7,533.6,1092.5,587.4
441,2,large_vehicle,0.1282,951.9,434.9,1020.9,478.5
442,1,car,0.9194,449.9,753.6,623.8,859.6
442,1,car,0.8761,961.4,632.7,1092.7,720.7
442,1,car,0.8701,457.0,663.5,601.6,762.5
442,1,car,0.8382,555.4,502.1,648.1,552.3
442,0,person,0.3656,1161.2,459.4,1175.0,496.2
442,0,person,0.3629,1191.7,531.0,1212.3,590.6
442,1,car,0.3119,951.7,434.8,1020.9,478.4
442,0,person,0.2411,1070.8,533.6,1092.5,587.3
442,2,large_vehicle,0.1178,951.7,434.8,1020.9,478.4
443,1,car,0.9195,450.0,753.6,623.8,859.6
443,1,car,0.8762,961.5,632.7,1092.9,720.8
443,1,car,0.8691,456.9,663.6,601.7,762.8
443,1,car,0.8386,556.5,501.9,647.7,552.2
443,0,person,0.3631,1161.1,459.3,1174.9,496.0
443,0,person,0.3196,1192.0,531.8,1212.0,590.6
443,1,car,0.2563,951.8,434.6,1020.3,478.4
443,2,large_vehicle,0.1400,951.8,434.6,1020.3,478.4
443,0,person,0.1399,1070.8,533.6,1092.3,587.2
444,1,car,0.9035,461.4,751.0,636.0,857.0
444,1,car,0.8565,444.1,665.7,590.3,766.5
444,1,car,0.8071,558.5,501.5,647.4,552.0
444,1,car,0.7488,970.3,630.2,1099.0,714.9
444,1,car,0.2853,952.4,434.9,1019.9,478.4
444,0,person,0.2825,1161.0,459.5,1174.5,493.7
444,0,person,0.2171,1192.2,533.6,1211.8,590.5
444,2,large_vehicle,0.1030,952.4,434.9,1019.9,478.4
445,1,car,0.9039,461.4,751.0,636.0,857.1
445,1,car,0.8567,444.1,665.7,590.3,766.5
445,1,car,0.8004,558.4,501.3,647.2,552.0
445,1,car,0.7568,970.3,630.2,1099.0,714.8
445,0,person,0.2876,1161.0,459.4,1174.5,493.8
445,1,car,0.2778,952.3,434.9,1019.7,478.4
445,0,person,0.2749,1192.0,532.4,1211.8,590.8
445,2,large_vehicle,0.1082,952.3,434.9,1019.7,478.4
446,1,car,0.8988,473.8,750.6,647.6,856.5
446,1,car,0.8212,557.6,501.9,647.1,552.1
446,1,car,0.7876,978.2,627.5,1105.5,713.6
446,1,car,0.7142,431.7,667.7,586.6,770.6
446,0,person,0.3534,1160.5,459.2,1174.2,493.3
446,1,car,0.3039,951.4,434.7,1020.0,478.6
446,2,large_vehicle,0.1975,951.4,434.7,1020.0,478.6
446,0,person,0.1303,1068.5,532.8,1089.8,587.8
446,0,person,0.1177,1192.3,536.4,1211.1,590.5
447,1,car,0.8990,473.8,750.6,647.7,856.5
447,1,car,0.8295,557.5,501.8,646.9,552.1
447,1,car,0.7878,978.2,627.5,1105.5,713.6
447,1,car,0.7146,431.7,667.7,586.9,770.6
447,0,person,0.3534,1160.5,459.2,1174.2,493.1
447,1,car,0.3019,951.3,434.6,1020.4,478.7
447,2,large_vehicle,0.1941,951.3,434.6,1020.4,478.7
447,0,person,0.1415,1068.5,532.8,1089.8,587.7
447,0,person,0.1281,1192.3,535.9,1211.1,590.5
448,1,car,0.9002,473.8,750.6,647.6,856.5
448,1,car,0.8214,557.4,501.7,647.1,552.1
448,1,car,0.7906,978.2,627.5,1105.3,713.5
448,1,car,0.7255,431.7,667.7,584.2,770.5
448,0,person,0.3725,1160.5,459.2,1174.2,493.4
448,1,car,0.3274,951.1,434.8,1020.1,478.7
448,2,large_vehicle,0.2030,951.1,434.8,1020.1,478.7
448,0,person,0.1941,1068.5,533.1,1089.7,587.8
448,0,person,0.1489,1192.3,535.5,1211.1,590.6
449,1,car,0.8940,984.8,626.2,1109.8,711.1
449,1,car,0.8809,486.9,747.5,660.9,854.7
449,1,car,0.8148,558.8,502.2,647.2,552.0
449,1,car,0.7839,419.5,671.0,559.6,770.0
449,0,person,0.4557,1065.9,533.2,1088.3,587.5
449,0,person,0.4550,1159.6,458.8,1174.4,494.7
449,0,person,0.4488,1191.9,530.2,1212.1,590.5
449,1,car,0.1995,951.4,434.4,1020.2,478.4
449,2,large_vehicle,0.1672,951.4,434.4,1020.2,478.4
450,1,car,0.8906,984.9,626.2,1110.5,711.1
450,1,car,0.8774,486.8,747.5,660.8,854.7
450,1,car,0.8088,559.2,502.2,647.5,552.0
450,1,car,0.7802,419.5,671.1,559.5,769.7
450,0,person,0.4676,1066.1,533.3,1088.3,587.5
450,0,person,0.4527,1159.6,459.0,1174.3,494.6
450,0,person,0.4362,1191.9,530.1,1212.1,590.6
450,1,car,0.1879,951.6,434.4,1020.2,478.4
450,2,large_vehicle,0.1792,951.6,434.4,1020.2,478.4
450,4,other_vehicle,0.1007,1058.8,553.4,1097.3,588.9
451,1,car,0.9105,498.7,744.3,673.4,851.9
451,1,car,0.8420,992.4,622.9,1115.3,707.7
451,1,car,0.8357,555.2,502.1,647.6,552.3
451,1,car,0.7675,408.0,673.3,548.0,773.1
451,0,person,0.4891,1159.0,459.0,1173.9,495.2
451,0,person,0.3960,1192.0,531.9,1211.7,590.6
451,0,person,0.2759,1064.5,532.3,1086.2,585.9
451,1,car,0.2546,951.4,434.5,1020.7,478.3
451,2,large_vehicle,0.1336,951.4,434.5,1020.7,478.3
452,1,car,0.9105,498.7,744.3,673.5,851.9
452,1,car,0.8397,992.4,622.9,1115.1,707.7
452,1,car,0.8308,555.8,502.1,647.4,552.2
452,1,car,0.7461,408.0,673.4,548.1,773.1
452,0,person,0.5159,1158.9,459.1,1174.0,495.3
452,0,person,0.3199,1192.2,533.6,1211.6,590.5
452,1,car,0.2912,951.7,434.5,1021.5,478.3
452,0,person,0.2478,1064.5,532.0,1086.2,585.7
452,2,large_vehicle,0.1353,951.7,434.5,1021.5,478.3
453,1,car,0.9107,498.7,744.3,673.5,851.9
453,1,car,0.8366,992.4,622.9,1115.1,707.7
453,1,car,0.8250,555.7,502.0,647.4,552.2
453,1,car,0.7507,408.0,673.4,548.0,773.1
453,0,person,0.4849,1159.0,458.9,1173.9,495.0
453,0,person,0.3512,1192.1,533.0,1211.7,590.5
453,1,car,0.2682,951.8,434.4,1020.8,478.3
453,0,person,0.2399,1064.5,532.0,1086.1,585.7
453,2,large_vehicle,0.1387,951.8,434.4,1020.8,478.3
454,1,car,0.9043,510.0,745.2,685.2,849.0
454,1,car,0.8427,395.3,675.8,535.4,774.3
454,1,car,0.7983,1001.0,621.6,1121.5,705.9
454,1,car,0.7458,559.6,501.3,647.8,551.9
454,0,person,0.5238,1158.7,459.2,1173.3,495.1
454,1,car,0.3191,952.9,434.9,1022.5,478.2
454,0,person,0.2699,1061.6,531.7,1082.9,583.3
454,2,large_vehicle,0.1613,952.9,434.9,1022.5,478.2
454,0,person,0.1152,1192.5,538.1,1210.9,590.0
455,1,car,0.9049,510.0,745.6,685.2,849.0
455,1,car,0.8395,395.3,675.8,535.4,774.3
455,1,car,0.7980,1001.0,621.6,1121.5,706.0
455,1,car,0.7615,558.2,501.3,647.1,551.9
455,0,person,0.5402,1158.7,459.7,1173.3,495.1
455,1,car,0.3800,952.8,434.9,1022.5,478.3
455,0,person,0.2597,1061.9,531.6,1082.9,583.0
455,0,person,0.2031,1192.3,548.1,1210.4,590.6
455,2,large_vehicle,0.1836,952.8,434.9,1022.5,478.3
455,0,person,0.1146,1064.7,531.3,1085.1,583.0
456,1,car,0.9106,522.5,739.9,697.1,848.5
456,1,car,0.8253,383.6,678.7,521.2,778.0
456,1,car,0.8010,557.0,501.5,647.2,552.0
456,1,car,0.7484,1008.3,617.8,1128.6,702.9
456,0,person,0.5463,1158.2,459.4,1173.0,495.1
456,1,car,0.3846,951.8,434.6,1022.8,478.5
456,2,large_vehicle,0.2349,951.8,434.6,1022.8,478.5
456,0,person,0.1822,1192.2,534.3,1211.3,590.6
456,0,person,0.1606,1060.8,530.6,1081.6,582.5
456,2,large_vehicle,0.1458,1008.3,617.8,1128.6,702.9
457,1,car,0.9106,522.5,739.9,697.1,848.4
457,1,car,0.8294,383.7,678.7,521.1,778.0
457,1,car,0.8134,556.9,501.4,647.3,552.0
457,1,car,0.7539,1008.3,617.8,1128.6,703.0
457,0,person,0.5445,1158.3,459.5,1173.0,495.1
457,1,car,0.4144,951.2,434.6,1022.7,478.6
457,0,person,0.2890,1192.1,531.7,1211.6,590.6
457,2,large_vehicle,0.2385,951.2,434.6,1022.7,478.6
457,0,person,0.1556,1060.9,530.5,1081.6,582.5
457,2,large_vehicle,0.1404,1008.3,617.8,1128.6,703.0
458,1,car,0.9102,522.5,739.9,697.1,848.5
458,1,car,0.8249,383.6,678.7,521.2,778.0
458,1,car,0.8096,556.7,501.5,647.7,551.9
458,1,car,0.7492,1008.3,617.8,1128.7,702.9
458,0,person,0.5250,1158.3,459.5,1172.9,495.3
458,1,car,0.3656,951.9,434.3,1022.9,478.5
458,0,person,0.3475,1192.1,530.9,1212.1,590.6
458,2,large_vehicle,0.2467,951.9,434.3,1022.9,478.5
458,0,person,0.1489,1060.9,530.4,1081.6,582.5
458,2,large_vehicle,0.1479,1008.3,617.8,1128.7,702.9
459,1,car,0.8679,534.3,738.1,708.6,845.1
459,1,car,0.8557,370.8,678.7,510.5,776.3
459,1,car,0.7896,557.1,501.4,646.9,552.1
459,1,car,0.7166,1015.4,615.3,1132.3,700.0
459,0,person,0.5215,1158.1,459.5,1172.7,495.4
459,1,car,0.5165,534.1,738.0,708.1,844.8
459,0,person,0.4738,1059.8,532.7,1080.6,584.5
459,0,person,0.3406,1192.1,532.0,1211.7,590.5
459,1,car,0.3215,951.4,434.5,1022.4,478.5
459,2,large_vehicle,0.2569,951.4,434.5,1022.4,478.5
459,2,large_vehicle,0.1233,1015.4,615.3,1132.3,700.0
460,1,car,0.8813,534.3,738.1,708.5,845.1
460,1,car,0.8541,370.8,678.6,510.3,776.2
460,1,car,0.7628,556.7,500.9,646.8,552.1
460,1,car,0.7029,1015.5,615.2,1132.4,700.0
460,0,person,0.5134,1158.2,459.5,1173.0,495.3
460,0,person,0.4738,1059.8,532.7,1080.6,584.5
460,1,car,0.3554,534.1,738.1,708.1,844.8
460,1,car,0.2998,951.5,434.5,1021.9,478.5
460,0,person,0.2897,1192.4,533.4,1211.6,590.5
460,2,large_vehicle,0.2529,951.5,434.5,1021.9,478.5
460,2,large_vehicle,0.1307,1015.5,615.2,1132.4,700.0
461,1,car,0.9027,546.1,735.3,719.9,841.8
461,1,car,0.8531,1022.8,613.7,1139.4,697.9
461,1,car,0.8317,556.1,501.2,647.8,552.0
461,1,car,0.8126,359.7,683.8,497.3,779.3
461,0,person,0.4633,1158.0,459.3,1171.9,494.9
461,1,car,0.2439,952.0,434.4,1021.6,478.1
461,0,person,0.2051,1192.3,534.7,1211.3,590.4
461,2,large_vehicle,0.1530,952.0,434.4,1021.6,478.1
461,0,person,0.1345,1058.3,531.6,1078.3,581.6
462,1,car,0.9023,546.2,735.4,719.9,841.9
462,1,car,0.8534,1022.8,613.9,1139.1,698.0
462,1,car,0.8332,556.2,501.2,647.8,552.0
462,1,car,0.8072,359.7,683.9,497.2,779.4
462,0,person,0.5205,1158.1,459.4,1171.8,495.0
462,0,person,0.3071,1192.2,532.9,1211.4,590.4
462,1,car,0.2608,952.2,434.5,1021.9,478.2
462,2,large_vehicle,0.1586,952.2,434.5,1021.9,478.2
462,0,person,0.1274,1058.4,531.6,1078.2,581.0
463,1,car,0.9052,558.2,732.2,732.3,839.6
463,1,car,0.8683,1029.0,611.8,1143.5,695.4
463,1,car,0.8000,347.5,682.5,484.0,781.8
463,1,car,0.7622,555.4,500.0,648.0,551.8
463,0,person,0.5544,1157.6,459.1,1171.7,494.9
463,0,person,0.4333,1057.8,532.3,1077.5,582.5
463,1,car,0.3157,953.1,434.7,1022.0,478.0
463,0,person,0.3039,1192.4,533.7,1211.2,590.0
463,2,large_vehicle,0.1657,953.1,434.7,1022.0,478.0
464,1,car,0.9056,558.2,732.2,732.3,839.6
464,1,car,0.8690,1028.9,611.8,1143.5,695.5
464,1,car,0.7977,347.5,682.5,484.0,781.8
464,1,car,0.7964,555.1,500.6,647.6,551.8
464,0,person,0.4889,1157.7,459.0,1171.6,494.4
464,0,person,0.4432,1057.9,532.2,1077.4,582.0
464,1,car,0.3253,952.9,434.5,1022.1,478.1
464,2,large_vehicle,0.2114,952.9,434.5,1022.1,478.1
464,0,person,0.1457,1192.3,547.4,1210.6,590.3
465,1,car,0.9139,569.6,729.8,743.5,836.9
465,1,car,0.8099,554.5,500.7,647.3,552.0
465,1,car,0.7640,337.1,687.2,468.9,784.1
465,1,car,0.7200,1036.4,609.8,1148.5,691.9
465,0,person,0.3778,1056.0,531.3,1075.7,581.1
465,1,car,0.3629,951.4,434.3,1021.4,478.5
465,0,person,0.3551,1157.6,458.7,1171.4,493.5
465,2,large_vehicle,0.2429,951.4,434.3,1021.4,478.5
465,0,person,0.1698,1156.5,458.7,1169.7,493.0
465,2,large_vehicle,0.1590,1036.4,609.8,1148.5,691.9
465,0,person,0.1127,1192.6,537.4,1211.0,589.9
466,1,car,0.9136,569.6,729.8,743.5,836.9
466,1,car,0.8087,554.5,500.9,647.2,552.0
466,1,car,0.7643,337.3,687.2,469.0,784.2
466,1,car,0.7232,1036.4,609.8,1148.6,691.9
466,0,person,0.3830,1056.0,531.3,1075.7,581.1
466,1,car,0.3805,951.4,434.3,1021.6,478.4
466,0,person,0.3517,1157.6,458.7,1171.4,493.5
466,2,large_vehicle,0.2335,951.4,434.3,1021.6,478.4
466,0,person,0.2028,1192.5,548.4,1210.5,590.4
466,0,person,0.1725,1156.4,458.8,1169.7,493.1
466,2,large_vehicle,0.1578,1036.4,609.8,1148.6,691.9
466,0,person,0.1053,428.5,742.3,452.4,791.3
467,1,car,0.9141,569.6,729.8,743.5,836.9
467,1,car,0.8057,554.9,500.8,647.1,552.0
467,1,car,0.7631,337.2,687.3,468.9,784.1
467,1,car,0.7207,1036.4,609.8,1148.5,691.9
467,0,person,0.3813,1055.8,531.0,1075.7,581.3
467,1,car,0.3784,951.7,434.3,1021.3,478.5
467,0,person,0.3046,1157.7,458.7,1171.2,493.3
467,2,large_vehicle,0.2223,951.7,434.3,1021.3,478.5
467,0,person,0.1799,1156.5,458.7,1169.7,492.8
467,2,large_vehicle,0.1578,1036.4,609.8,1148.5,691.9
467,0,person,0.1229,1192.4,548.0,1210.6,590.4
468,1,car,0.9091,582.2,727.7,755.1,833.1
468,1,car,0.7874,1043.4,607.3,1153.0,688.2
468,1,car,0.7787,557.4,500.9,648.1,551.9
468,1,car,0.4187,950.9,434.4,1021.2,478.2
468,0,person,0.3801,1054.3,531.0,1074.8,584.6
468,0,person,0.2728,1156.2,458.8,1169.7,492.5
468,1,car,0.2564,326.1,687.0,459.4,782.1
468,0,person,0.1997,1157.4,458.6,1171.3,492.8
468,2,large_vehicle,0.1717,950.9,434.4,1021.2,478.2
468,0,person,0.1349,1192.5,549.3,1210.5,590.4
469,1,car,0.9085,582.2,727.7,755.1,833.2
469,1,car,0.7872,1043.4,607.3,1152.9,688.2
469,1,car,0.7612,556.9,500.5,647.8,552.0
469,1,car,0.3771,950.9,434.3,1021.4,478.2
469,0,person,0.3724,1054.2,530.9,1074.8,584.7
469,1,car,0.2853,326.2,686.9,459.3,782.5
469,0,person,0.2817,1156.2,458.8,1169.7,492.5
469,0,person,0.2053,1157.4,458.6,1171.2,492.8
469,2,large_vehicle,0.1936,950.9,434.3,1021.4,478.2
470,1,car,0.9201,592.0,725.0,767.1,829.9
470,1,car,0.7915,555.0,501.2,648.6,552.0
470,1,car,0.7108,1049.2,604.7,1158.6,686.4
470,1,car,0.4935,316.1,692.1,448.8,787.6
470,0,person,0.4391,1155.9,458.9,1169.7,492.8
470,1,car,0.3071,951.2,433.8,1021.7,478.0
470,0,person,0.2710,1192.3,530.7,1211.8,589.9
470,0,person,0.2017,1051.6,529.9,1072.1,584.4
470,0,person,0.1529,1053.9,530.1,1074.2,584.8
470,2,large_vehicle,0.1490,951.2,433.8,1021.7,478.0
470,0,person,0.1215,1157.2,458.8,1171.3,492.9
470,2,large_vehicle,0.1090,1049.2,604.7,1158.6,686.4
471,1,car,0.9201,592.0,725.0,767.1,829.9
471,1,car,0.7911,554.5,501.2,648.6,552.0
471,1,car,0.7113,1049.2,604.7,1158.6,686.4
471,1,car,0.4950,316.1,692.1,448.8,787.6
471,0,person,0.4711,1155.8,458.8,1169.7,492.7
471,1,car,0.3040,951.1,433.8,1021.7,478.0
471,0,person,0.2617,1192.2,530.8,1211.8,589.9
471,0,person,0.2113,1051.6,529.7,1072.1,584.4
471,0,person,0.1522,1053.9,529.9,1074.2,584.8
471,2,large_vehicle,0.1457,951.1,433.8,1021.7,478.0
471,2,large_vehicle,0.1077,1049.2,604.7,1158.6,686.4
471,0,person,0.1061,1157.2,458.7,1171.3,492.9
472,1,car,0.9199,592.0,724.9,767.1,829.9
472,1,car,0.7835,554.5,501.2,648.9,551.9
472,1,car,0.7075,1049.2,604.7,1158.8,686.5
472,1,car,0.4855,316.2,692.1,448.8,787.5
472,0,person,0.4163,1155.9,458.9,1169.7,492.8
472,0,person,0.2472,1192.2,531.1,1211.8,589.9
472,1,car,0.2330,950.9,433.3,1021.5,477.8
472,0,person,0.1949,1051.5,529.8,1072.2,584.6
472,0,person,0.1474,1053.9,530.0,1074.3,584.9
472,2,large_vehicle,0.1339,950.9,433.3,1021.5,477.8
472,0,person,0.1188,1157.2,458.8,1171.4,493.0
472,2,large_vehicle,0.1103,1049.2,604.7,1158.8,686.5
473,1,car,0.9046,604.6,722.8,778.1,827.0
473,1,car,0.7353,553.6,499.4,652.8,551.8
473,1,car,0.6701,1056.3,603.7,1163.0,683.1
473,0,person,0.4637,1155.7,458.6,1169.6,492.9
473,1,car,0.3467,304.2,689.6,435.4,787.9
473,0,person,0.3311,1192.1,530.3,1212.2,590.1
473,2,large_vehicle,0.2837,952.3,433.3,1021.8,477.9
473,0,person,0.2530,1050.6,529.9,1072.5,585.9
473,2,large_vehicle,0.1852,1056.3,603.7,1163.0,683.1
473,1,car,0.1802,952.3,433.3,1021.8,477.9
474,1,car,0.9047,604.4,722.9,778.1,827.0
474,1,car,0.7353,553.5,499.3,653.1,551.7
474,1,car,0.6986,1056.3,603.7,1163.2,683.2
474,0,person,0.4703,1155.7,458.3,1169.7,492.9
474,1,car,0.3925,304.0,689.9,435.3,788.0
474,0,person,0.3426,1192.1,530.3,1212.2,590.0
474,2,large_vehicle,0.2384,952.1,433.3,1021.7,477.9
474,0,person,0.2317,1050.7,530.0,1072.3,585.7
474,1,car,0.1897,952.1,433.3,1021.7,477.9
474,2,large_vehicle,0.1391,1056.3,603.7,1163.2,683.2
475,1,car,0.9072,618.3,719.7,790.7,825.0
475,1,car,0.7809,555.8,500.6,647.9,552.0
475,0,person,0.5432,1155.4,458.1,1169.5,493.1
475,1,car,0.4960,1061.7,601.4,1167.1,681.3
475,2,large_vehicle,0.3696,950.6,433.2,1021.2,478.2
475,2,large_vehicle,0.3533,1061.7,601.4,1167.1,681.3
475,1,car,0.2770,292.1,696.4,420.6,787.8
475,1,car,0.1787,950.6,433.2,1021.2,478.2
475,0,person,0.1488,1048.3,530.3,1071.6,589.7
475,0,person,0.1216,1192.4,536.1,1211.6,590.0
476,1,car,0.9066,618.3,719.7,790.7,825.0
476,1,car,0.7561,555.4,500.3,648.5,552.0
476,0,person,0.5304,1155.5,458.0,1169.6,493.3
476,1,car,0.4978,1061.8,601.4,1167.1,681.3
476,2,large_vehicle,0.3657,950.9,433.3,1021.5,478.3
476,2,large_vehicle,0.3419,1061.8,601.4,1167.1,681.3
476,1,car,0.3010,292.0,696.3,420.5,788.5
476,1,car,0.1909,950.9,433.3,1021.5,478.3
476,0,person,0.1330,1192.3,535.1,1211.6,590.2
476,0,person,0.1267,1050.3,530.7,1069.7,584.4
477,1,car,0.9068,618.3,719.7,790.7,825.0
477,1,car,0.7591,555.6,500.3,648.4,552.0
477,0,person,0.5466,1155.4,458.1,1169.5,493.2
477,1,car,0.5048,1061.8,601.4,1167.1,681.3
477,2,large_vehicle,0.3599,950.9,433.3,1021.3,478.3
477,2,large_vehicle,0.3308,1061.8,601.4,1167.1,681.3
477,1,car,0.2976,292.1,696.3,420.5,788.4
477,1,car,0.1926,950.9,433.3,1021.3,478.3
477,0,person,0.1469,1050.3,530.6,1069.7,584.3
477,0,person,0.1400,1192.3,534.8,1211.6,590.1
478,1,car,0.7966,630.2,716.6,802.3,822.1
478,1,car,0.7169,555.3,500.0,652.1,551.7
478,1,car,0.5456,630.5,716.7,802.3,822.4
478,0,person,0.5210,1155.3,458.0,1169.3,493.2
478,1,car,0.4803,1068.4,599.2,1172.7,677.4
478,2,large_vehicle,0.3720,1068.4,599.2,1172.7,677.4
478,2,large_vehicle,0.3519,950.9,433.4,1021.6,478.1
478,0,person,0.2507,1048.9,530.2,1069.3,580.7
478,1,car,0.1773,950.9,433.4,1021.6,478.1
478,0,person,0.1489,1192.3,534.3,1211.6,589.8
479,1,car,0.7962,630.5,716.7,802.2,822.4
479,1,car,0.7453,556.1,500.3,652.0,551.7
479,0,person,0.5415,1155.3,457.8,1169.3,493.1
479,1,car,0.4930,630.2,716.6,802.3,822.1
479,1,car,0.4713,1068.5,599.2,1172.7,677.3
479,2,large_vehicle,0.3787,1068.5,599.2,1172.7,677.3
479,2,large_vehicle,0.3630,951.1,433.4,1021.8,478.0
479,0,person,0.2358,1048.9,530.3,1069.3,580.6
479,1,car,0.1579,951.1,433.4,1021.8,478.0
479,0,person,0.1228,1192.2,535.4,1211.6,589.8
480,1,car,0.9000,640.9,713.9,813.4,821.1
480,1,car,0.7668,555.7,500.6,651.9,551.9
480,0,person,0.5075,1155.0,457.6,1169.0,493.1
480,1,car,0.4546,1074.1,595.9,1176.1,674.1
480,2,large_vehicle,0.2598,1074.1,595.9,1176.1,674.1
480,0,person,0.2511,1047.2,531.1,1066.9,579.7
480,1,car,0.2468,273.4,699.0,398.1,790.9
480,2,large_vehicle,0.2103,951.2,432.9,1021.4,477.9
480,0,person,0.1687,1047.8,530.7,1064.1,570.3
480,1,car,0.1372,951.2,432.9,1021.4,477.9
481,1,car,0.8999,640.9,714.0,813.4,821.1
481,1,car,0.7576,553.9,500.5,651.6,551.9
481,0,person,0.5023,1155.0,457.5,1169.1,493.2
481,1,car,0.4519,1074.1,595.9,1176.1,674.1
481,0,person,0.2579,1047.3,531.0,1066.9,580.2
481,2,large_vehicle,0.2551,1074.1,595.9,1176.1,674.1
481,1,car,0.2280,273.5,699.1,398.2,790.7
481,2,large_vehicle,0.2257,951.1,432.7,1021.7,477.9
481,0,person,0.1540,1047.8,530.7,1064.1,570.4
481,0,person,0.1416,1192.1,533.8,1211.5,589.7
481,1,car,0.1250,951.1,432.7,1021.7,477.9
482,1,car,0.8991,641.0,714.0,813.3,821.1
482,1,car,0.7484,554.6,500.4,652.5,551.8
482,0,person,0.5023,1155.0,457.6,1169.0,493.2
482,1,car,0.4692,1074.1,596.0,1176.2,674.1
482,1,car,0.2544,273.4,698.9,398.3,791.0
482,0,person,0.2534,1047.3,531.1,1067.0,579.8
482,2,large_vehicle,0.2492,950.9,432.7,1021.1,477.9
482,2,large_vehicle,0.2364,1074.1,596.0,1176.2,674.1
482,0,person,0.1650,1047.8,530.7,1064.2,570.3
482,1,car,0.1231,950.9,432.7,1021.1,477.9
483,1,car,0.8773,653.1,711.5,824.0,817.4
483,1,car,0.7450,555.2,499.9,651.2,551.6
483,0,person,0.5395,1154.5,457.5,1168.8,492.7
483,1,car,0.4728,1080.2,595.8,1180.4,672.0
483,2,large_vehicle,0.3865,1080.2,595.8,1180.4,672.0
483,0,person,0.3512,1045.5,530.8,1066.9,582.3
483,2,large_vehicle,0.3047,952.3,433.2,1020.7,477.8
483,1,car,0.1412,952.3,433.2,1020.7,477.8
483,1,car,0.1383,263.6,700.5,388.7,793.0
483,0,person,0.1097,1046.1,530.7,1063.8,570.6
484,1,car,0.8761,653.1,711.5,824.1,817.4
484,1,car,0.7407,555.4,499.7,651.8,551.6
484,0,person,0.5592,1154.3,457.4,1168.9,492.7
484,1,car,0.4906,1080.2,595.8,1180.5,672.1
484,2,large_vehicle,0.3771,1080.2,595.8,1180.5,672.1
484,0,person,0.3540,1045.6,530.9,1067.0,582.5
484,2,large_vehicle,0.2907,952.3,433.3,1020.8,477.7
484,0,person,0.1744,1192.5,548.8,1210.7,590.5
484,1,car,0.1497,263.9,700.5,388.6,793.0
484,1,car,0.1398,952.3,433.3,1020.8,477.7
484,0,person,0.1096,1046.1,530.8,1063.7,570.6
485,1,car,0.8885,664.8,708.7,835.3,815.1
485,1,car,0.7541,555.3,500.4,651.2,551.8
485,0,person,0.4530,1154.1,457.7,1168.3,492.7
485,2,large_vehicle,0.4379,1086.7,594.0,1184.7,669.0
485,2,large_vehicle,0.3148,951.7,433.3,1020.7,477.9
485,1,car,0.2173,1086.7,594.0,1184.7,669.0
485,1,car,0.1640,951.7,433.3,1020.7,477.9
485,0,person,0.1134,1192.4,549.3,1210.2,590.2
486,1,car,0.8886,664.8,708.8,835.4,815.2
486,1,car,0.7545,555.4,500.7,651.9,551.8
486,0,person,0.4586,1154.0,457.7,1168.3,492.7
486,2,large_vehicle,0.4485,1086.7,594.2,1184.7,669.0
486,2,large_vehicle,0.3168,951.7,433.3,1020.7,477.9
486,1,car,0.2178,1086.7,594.2,1184.7,669.0
486,1,car,0.1692,951.7,433.3,1020.7,477.9
486,0,person,0.1160,1192.4,549.1,1210.2,590.2
487,1,car,0.8522,675.8,706.9,846.3,812.9
487,1,car,0.7535,553.5,499.9,651.8,551.7
487,0,person,0.4611,1153.7,457.7,1167.9,492.3
487,2,large_vehicle,0.3971,1092.1,591.5,1189.1,665.8
487,2,large_vehicle,0.2592,951.4,433.5,1021.0,478.1
487,1,car,0.2456,951.4,433.5,1021.0,478.1
487,1,car,0.1835,1092.1,591.5,1189.1,665.8
487,0,person,0.1485,1042.7,527.5,1064.5,586.5
488,1,car,0.8514,675.9,706.9,846.3,812.8
488,1,car,0.7780,554.5,500.5,650.2,551.7
488,0,person,0.4893,1153.8,457.7,1168.0,492.3
488,2,large_vehicle,0.4158,1092.1,591.4,1189.0,665.7
488,2,large_vehicle,0.2594,951.1,433.6,1020.6,478.0
488,1,car,0.2115,951.1,433.6,1020.6,478.0
488,1,car,0.1983,1092.1,591.4,1189.0,665.7
488,0,person,0.1402,1042.8,527.7,1064.4,586.1
488,0,person,0.1269,1192.3,533.9,1211.0,589.5
489,1,car,0.9006,688.1,704.3,856.7,808.8
489,1,car,0.7826,552.6,500.5,649.6,551.8
489,0,person,0.4868,1153.6,457.7,1167.4,492.1
489,2,large_vehicle,0.3828,1096.9,589.1,1193.1,664.6
489,2,large_vehicle,0.2303,952.1,433.3,1020.0,477.8
489,1,car,0.1426,952.1,433.3,1020.0,477.8
489,1,car,0.1117,1096.9,589.1,1193.1,664.6
490,1,car,0.9008,688.2,704.3,856.8,808.9
490,1,car,0.7835,552.0,500.3,650.0,551.8
490,0,person,0.4805,1153.6,457.6,1167.5,492.0
490,2,large_vehicle,0.3841,1096.9,589.0,1193.0,664.6
490,2,large_vehicle,0.1980,951.9,433.4,1020.0,477.7
490,1,car,0.1178,1096.9,589.0,1193.0,664.6
490,1,car,0.1143,951.9,433.4,1020.0,477.7
491,1,car,0.9006,688.1,704.3,856.7,808.8
491,1,car,0.7961,553.3,500.4,649.8,551.7
491,0,person,0.4890,1153.6,457.7,1167.5,492.0
491,2,large_vehicle,0.3890,1096.9,588.9,1192.9,664.6
491,2,large_vehicle,0.2229,951.7,433.3,1020.3,477.7
491,1,car,0.1188,951.7,433.3,1020.3,477.7
491,1,car,0.1102,1096.9,588.9,1192.9,664.6
492,1,car,0.9150,698.4,701.2,866.7,805.9
492,1,car,0.7925,554.6,499.8,649.5,551.6
492,1,car,0.6355,1102.1,588.7,1196.4,662.7
492,0,person,0.5330,1153.1,457.6,1167.4,492.2
492,2,large_vehicle,0.2173,1102.1,588.7,1196.4,662.7
492,2,large_vehicle,0.1905,952.1,433.4,1020.4,477.7
492,0,person,0.1603,1037.9,528.7,1061.9,590.7
492,1,car,0.1526,952.1,433.4,1020.4,477.7
493,1,car,0.9152,698.4,701.2,866.7,806.0
493,1,car,0.7919,554.3,499.3,649.7,551.6
493,1,car,0.6366,1102.1,588.7,1196.3,662.8
493,0,person,0.5391,1153.1,457.5,1167.4,492.2
493,2,large_vehicle,0.2141,1102.1,588.7,1196.3,662.8
493,2,large_vehicle,0.1974,952.1,433.4,1020.6,477.8
493,1,car,0.1746,952.1,433.4,1020.6,477.8
493,0,person,0.1417,1037.8,528.7,1061.9,590.7
494,1,car,0.9136,709.5,699.1,876.9,801.9
494,1,car,0.7902,554.6,500.1,648.9,551.9
494,1,car,0.5290,1107.5,585.2,1199.8,659.9
494,0,person,0.4950,1152.9,458.1,1167.0,492.4
494,2,large_vehicle,0.3278,951.0,433.3,1021.1,478.0
494,1,car,0.1978,951.0,433.3,1021.1,478.0
494,2,large_vehicle,0.1393,1107.5,585.2,1199.8,659.9
495,1,car,0.9134,709.5,699.1,876.9,801.9
495,1,car,0.7934,554.6,500.2,648.9,551.9
495,1,car,0.5290,1107.5,585.2,1199.9,659.9
495,0,person,0.4993,1152.9,458.1,1167.0,492.4
495,2,large_vehicle,0.3366,951.0,433.3,1021.2,478.0
495,1,car,0.1922,951.0,433.3,1021.2,478.0
495,2,large_vehicle,0.1397,1107.5,585.2,1199.9,659.9
495,0,person,0.1039,1037.8,528.1,1060.3,587.5
496,1,car,0.9129,709.5,699.1,876.9,801.9
496,1,car,0.7894,554.5,500.1,648.7,552.0
496,1,car,0.5301,1107.5,585.2,1199.9,659.9
496,0,person,0.4929,1152.9,458.0,1167.1,492.4
496,2,large_vehicle,0.3403,951.3,433.4,1021.4,477.9
496,1,car,0.2122,951.3,433.4,1021.4,477.9
496,2,large_vehicle,0.1345,1107.5,585.2,1199.9,659.9
496,0,person,0.1159,1037.8,528.6,1060.0,587.2
497,1,car,0.8936,720.7,695.6,885.9,799.6
497,1,car,0.7877,557.8,500.8,650.8,551.7
497,0,person,0.3730,1152.6,457.9,1166.7,492.4
497,1,car,0.3354,1112.7,584.9,1203.4,657.1
497,2,large_vehicle,0.2683,951.7,433.4,1021.4,477.7
497,0,person,0.2593,1037.3,528.1,1061.7,588.9
497,2,large_vehicle,0.2147,1112.7,584.9,1203.4,657.1
497,1,car,0.1492,951.7,433.4,1021.4,477.7
498,1,car,0.8919,720.7,695.4,885.9,799.6
498,1,car,0.7859,557.8,500.8,651.1,551.7
498,0,person,0.3594,1152.6,458.0,1166.7,492.4
498,1,car,0.3072,1112.6,585.1,1203.3,657.2
498,2,large_vehicle,0.2819,951.7,433.4,1021.4,477.7
498,0,person,0.2623,1037.2,527.5,1061.7,588.9
498,2,large_vehicle,0.2437,1112.6,585.1,1203.3,657.2
498,1,car,0.1588,951.7,433.4,1021.4,477.7
499,1,car,0.8778,732.8,692.2,896.6,796.3
499,1,car,0.7895,553.3,500.5,650.5,551.7
499,1,car,0.5875,1117.3,583.0,1207.4,655.0
499,0,person,0.3339,1152.0,458.0,1166.3,492.4
499,2,large_vehicle,0.2491,951.5,433.2,1021.4,477.5
499,0,person,0.2432,1035.8,528.3,1057.5,588.2
499,2,large_vehicle,0.1768,1117.3,583.0,1207.4,655.0
499,1,car,0.1458,951.5,433.2,1021.4,477.5
500,1,car,0.8864,732.9,692.3,896.3,796.1
500,1,car,0.8016,551.4,500.4,650.3,551.8
500,1,car,0.5493,1117.1,582.6,1207.5,654.8
500,0,person,0.3938,1152.2,458.1,1166.3,492.0
500,4,other_vehicle,0.2791,1032.1,558.7,1070.9,589.4
500,2,large_vehicle,0.2027,951.9,433.4,1022.0,477.3
500,1,car,0.1888,951.9,433.4,1022.0,477.3
500,0,person,0.1649,1036.3,528.1,1057.6,586.3
500,2,large_vehicle,0.1245,1117.1,582.6,1207.5,654.8
501,1,car,0.8884,732.9,692.4,896.3,796.1
501,1,car,0.7980,553.9,500.4,651.3,551.8
501,1,car,0.5466,1117.1,582.6,1207.4,654.8
501,0,person,0.4390,1152.1,458.2,1166.3,492.2
501,4,other_vehicle,0.2473,1032.1,558.8,1070.8,589.4
501,1,car,0.2047,952.0,433.5,1022.1,477.3
501,2,large_vehicle,0.1980,952.0,433.5,1022.1,477.3
501,0,person,0.1304,1036.2,528.0,1057.6,586.3
501,2,large_vehicle,0.1213,1117.1,582.6,1207.4,654.8
502,1,car,0.8664,743.6,690.3,905.9,791.8
502,1,car,0.7969,553.5,500.1,649.0,551.7
502,2,large_vehicle,0.7173,1122.8,583.3,1212.0,653.9
502,0,person,0.5007,1151.6,458.1,1166.0,492.4
502,0,person,0.2890,1035.4,527.2,1053.6,571.0
502,2,large_vehicle,0.2855,952.9,433.6,1022.4,477.5
502,1,car,0.2207,952.9,433.6,1022.4,477.5
502,1,car,0.1491,1122.8,583.3,1212.0,653.9
503,1,car,0.8660,743.7,690.6,906.0,791.8
503,1,car,0.7929,553.6,499.9,649.5,551.6
503,2,large_vehicle,0.7062,1122.8,583.4,1212.1,653.9
503,0,person,0.5092,1151.6,458.1,1166.0,492.4
503,0,person,0.2666,1035.4,526.9,1053.8,571.0
503,2,large_vehicle,0.2531,953.0,433.7,1022.7,477.4
503,1,car,0.2511,953.0,433.7,1022.7,477.4
503,1,car,0.1575,1122.8,583.4,1212.1,653.9
504,1,car,0.7891,754.0,688.1,914.3,789.0
504,1,car,0.7884,554.5,500.3,649.3,551.7
504,0,person,0.4373,1034.2,527.5,1052.8,573.7
504,1,car,0.4019,1127.4,578.1,1219.2,650.8
504,0,person,0.3949,1151.2,457.9,1165.3,492.2
504,2,large_vehicle,0.3250,951.8,433.7,1022.7,477.5
504,1,car,0.2623,951.8,433.7,1022.7,477.5
504,2,large_vehicle,0.2511,1127.4,578.1,1219.2,650.8
504,2,large_vehicle,0.1346,754.0,688.1,914.3,789.0
504,1,car,0.1005,1281.3,626.1,1342.0,701.5
505,1,car,0.7906,754.1,688.1,914.3,788.9
505,1,car,0.7879,554.6,500.3,649.3,551.7
505,0,person,0.4322,1034.2,527.5,1052.9,573.8
505,1,car,0.4055,1127.4,578.2,1219.2,650.8
505,0,person,0.3949,1151.3,458.0,1165.3,492.3
505,2,large_vehicle,0.3325,951.8,433.7,1022.8,477.5
505,1,car,0.2612,951.8,433.7,1022.8,477.5
505,2,large_vehicle,0.2511,1127.4,578.2,1219.2,650.8
505,2,large_vehicle,0.1328,754.1,688.1,914.3,788.9
506,1,car,0.7802,754.0,688.1,914.3,789.0
506,1,car,0.7684,554.7,500.2,650.0,551.7
506,0,person,0.4355,1034.2,527.5,1052.8,573.7
506,1,car,0.3982,1127.4,578.3,1219.1,650.8
506,0,person,0.3929,1151.2,457.9,1165.3,492.2
506,2,large_vehicle,0.3369,951.7,433.8,1022.8,477.5
506,1,car,0.2623,951.7,433.8,1022.8,477.5
506,2,large_vehicle,0.2474,1127.4,578.3,1219.1,650.8
506,2,large_vehicle,0.1459,754.0,688.1,914.3,789.0
507,1,car,0.7871,557.5,501.0,649.1,551.8
507,1,car,0.7038,765.1,685.1,925.6,784.2
507,0,person,0.4668,1032.7,527.0,1053.1,578.2
507,0,person,0.3908,1150.6,457.3,1164.8,492.1
507,2,large_vehicle,0.3597,1132.6,574.2,1242.7,648.7
507,2,large_vehicle,0.3324,951.2,433.6,1022.3,477.4
507,1,car,0.3266,1132.6,574.2,1242.7,648.7
507,1,car,0.2361,951.2,433.6,1022.3,477.4
507,2,large_vehicle,0.2332,765.1,685.1,925.6,784.2
508,1,car,0.7795,557.1,500.8,648.7,551.8
508,1,car,0.7019,765.1,685.1,925.2,784.3
508,0,person,0.4315,1032.7,527.1,1053.0,578.2
508,0,person,0.3718,1150.7,457.3,1164.8,492.1
508,2,large_vehicle,0.3589,1132.6,574.0,1243.0,648.6
508,2,large_vehicle,0.3387,951.2,433.7,1022.2,477.4
508,1,car,0.3283,1132.6,574.0,1243.0,648.6
508,1,car,0.2395,951.2,433.7,1022.2,477.4
508,2,large_vehicle,0.2392,765.1,685.1,925.2,784.3
509,1,car,0.8112,552.7,500.5,649.7,551.7
509,1,car,0.7656,775.6,683.1,933.9,781.4
509,0,person,0.4429,1032.2,527.0,1052.5,579.1
509,2,large_vehicle,0.4112,1137.1,577.0,1223.0,645.3
509,1,car,0.3857,1137.1,577.0,1223.0,645.3
509,0,person,0.3814,1150.2,457.3,1164.5,492.6
509,1,car,0.2910,951.7,433.3,1022.3,477.1
509,2,large_vehicle,0.1940,951.7,433.3,1022.3,477.1
509,2,large_vehicle,0.1600,775.6,683.1,933.9,781.4
510,1,car,0.8091,553.4,500.2,649.4,551.5
510,1,car,0.7598,775.6,683.1,933.9,781.4
510,0,person,0.4456,1032.2,526.8,1052.8,579.4
510,1,car,0.3908,1137.2,576.8,1223.4,645.2
510,2,large_vehicle,0.3889,1137.2,576.8,1223.4,645.2
510,0,person,0.3785,1150.4,457.2,1164.5,492.5
510,1,car,0.2991,951.7,433.5,1022.2,477.2
510,2,large_vehicle,0.1917,951.7,433.5,1022.2,477.2
510,2,large_vehicle,0.1676,775.6,683.1,933.9,781.4
511,1,car,0.8138,786.9,681.0,946.8,778.9
511,1,car,0.7857,553.9,499.7,649.0,551.4
511,1,car,0.6805,1142.0,572.6,1231.2,643.2
511,0,person,0.3303,1149.8,456.4,1164.3,492.5
511,1,car,0.3251,953.0,433.7,1022.2,477.2
511,2,large_vehicle,0.2594,953.0,433.7,1022.2,477.2
511,0,person,0.1844,1030.6,527.3,1052.6,580.8
511,1,car,0.1124,1281.3,624.3,1342.0,700.2
511,2,large_vehicle,0.1074,1142.0,572.6,1231.2,643.2
511,2,large_vehicle,0.1070,786.9,681.0,946.8,778.9
512,1,car,0.8100,786.9,681.1,946.7,778.9
512,1,car,0.7681,554.2,499.1,649.7,551.4
512,1,car,0.6760,1142.0,572.6,1231.2,643.1
512,0,person,0.3359,1149.8,456.4,1164.3,492.5
512,1,car,0.3243,952.7,433.8,1022.1,477.2
512,2,large_vehicle,0.2862,952.7,433.8,1022.1,477.2
512,0,person,0.1601,1030.6,527.0,1052.5,580.5
512,2,large_vehicle,0.1117,786.9,681.1,946.7,778.9
512,2,large_vehicle,0.1101,1142.0,572.6,1231.2,643.1
513,1,car,0.7927,554.7,500.3,650.4,551.5
513,1,car,0.6959,1146.2,570.4,1257.2,641.5
513,1,car,0.6466,796.6,676.6,953.7,776.0
513,2,large_vehicle,0.4030,951.0,433.7,1022.4,477.4
513,0,person,0.3569,1149.4,456.0,1163.6,492.6
513,1,car,0.3217,951.0,433.7,1022.4,477.4
513,2,large_vehicle,0.2841,796.6,676.6,953.7,776.0
513,0,person,0.1546,1028.8,528.2,1049.5,579.9
513,1,car,0.1299,1281.4,623.2,1342.0,700.7
514,1,car,0.7908,554.8,500.3,650.4,551.5
514,1,car,0.6966,1146.2,570.4,1256.9,641.5
514,1,car,0.6497,796.6,676.5,953.7,776.0
514,2,large_vehicle,0.4031,951.0,433.6,1022.4,477.4
514,0,person,0.3558,1149.4,455.9,1163.7,492.5
514,1,car,0.3213,951.0,433.6,1022.4,477.4
514,2,large_vehicle,0.2818,796.6,676.5,953.7,776.0
514,0,person,0.1573,1028.8,528.2,1049.5,579.9
514,1,car,0.1295,1281.3,623.3,1342.0,700.7
515,1,car,0.7806,554.4,500.0,649.8,551.5
515,1,car,0.6964,1146.2,570.3,1258.4,641.5
515,1,car,0.6536,796.6,676.7,953.2,776.0
515,1,car,0.3757,951.0,433.9,1022.5,477.4
515,2,large_vehicle,0.3543,951.0,433.9,1022.5,477.4
515,0,person,0.3466,1149.4,455.9,1163.6,492.6
515,2,large_vehicle,0.2768,796.6,676.7,953.2,776.0
515,1,car,0.1467,1281.4,623.0,1342.0,700.7
515,0,person,0.1426,1028.9,528.0,1049.5,580.0
516,1,car,0.7562,557.5,500.1,648.5,551.4
516,1,car,0.5852,807.2,674.3,962.9,771.9
516,1,car,0.5592,1150.8,571.7,1236.4,639.0
516,0,person,0.3783,1149.3,456.2,1163.1,492.5
516,2,large_vehicle,0.3650,807.2,674.3,962.9,771.9
516,2,large_vehicle,0.3626,951.4,433.5,1022.3,477.2
516,1,car,0.3239,951.4,433.5,1022.3,477.2
516,2,large_vehicle,0.2569,1150.8,571.7,1236.4,639.0
516,1,car,0.1428,1281.4,623.9,1342.0,700.3
516,0,person,0.1250,1027.9,529.3,1049.3,582.4
517,1,car,0.7559,557.4,500.2,648.4,551.4
517,1,car,0.6119,807.1,674.2,962.8,772.0
517,1,car,0.5655,1150.8,571.7,1236.7,639.0
517,0,person,0.3842,1149.1,456.2,1163.0,492.6
517,2,large_vehicle,0.3704,807.1,674.2,962.8,772.0
517,2,large_vehicle,0.3643,951.4,433.6,1022.3,477.2
517,1,car,0.3191,951.4,433.6,1022.3,477.2
517,2,large_vehicle,0.2477,1150.8,571.7,1236.7,639.0
517,1,car,0.1693,1281.3,623.9,1342.0,700.3
517,0,person,0.1328,1027.9,529.2,1049.3,582.5
518,1,car,0.8088,556.5,500.2,649.2,551.4
518,1,car,0.7382,817.7,671.9,972.2,768.2
518,1,car,0.5001,1155.3,570.6,1251.9,636.3
518,1,car,0.4581,950.6,433.5,1022.3,477.1
518,0,person,0.4084,1026.7,528.5,1048.5,579.3
518,0,person,0.3400,1148.8,455.5,1163.0,492.3
518,1,car,0.2849,1281.4,621.8,1342.0,700.8
518,2,large_vehicle,0.2038,950.6,433.5,1022.3,477.1
518,2,large_vehicle,0.1968,1155.3,570.6,1251.9,636.3
518,2,large_vehicle,0.1776,817.7,671.9,972.2,768.2
519,1,car,0.8019,557.4,500.3,650.0,551.4
519,1,car,0.7254,817.7,671.9,972.5,768.2
519,1,car,0.4893,1155.3,570.8,1251.2,636.3
519,0,person,0.3792,1026.6,528.4,1048.5,579.1
519,1,car,0.3652,950.9,433.0,1022.1,477.1
519,0,person,0.3143,1148.8,455.4,1162.9,492.3
519,1,car,0.2659,1281.4,621.9,1342.0,700.6
519,2,large_vehicle,0.2627,950.9,433.0,1022.1,477.1
519,2,large_vehicle,0.2099,1155.3,570.8,1251.2,636.3
519,2,large_vehicle,0.1923,817.7,671.9,972.5,768.2
520,1,car,0.8031,557.4,500.3,650.1,551.4
520,1,car,0.7293,817.7,671.9,972.5,768.2
520,1,car,0.4877,1155.3,570.7,1251.5,636.3
520,0,person,0.3971,1026.6,528.1,1048.6,579.1
520,1,car,0.3676,950.9,433.0,1022.1,477.1
520,0,person,0.2695,1148.8,455.2,1163.0,492.3
520,2,large_vehicle,0.2590,950.9,433.0,1022.1,477.1
520,1,car,0.2570,1281.4,622.0,1342.0,700.6
520,2,large_vehicle,0.2105,1155.3,570.7,1251.5,636.3
520,2,large_vehicle,0.1884,817.7,671.9,972.5,768.2
521,1,car,0.7791,555.5,499.5,649.9,551.2
521,1,car,0.7744,826.7,669.8,978.7,765.8
521,1,car,0.5354,1159.8,563.6,1267.5,634.4
521,0,person,0.4842,1025.1,529.0,1047.3,581.1
521,1,car,0.3244,952.5,433.0,1021.9,477.0
521,0,person,0.2528,1148.6,454.3,1162.8,491.2
521,2,large_vehicle,0.2338,952.5,433.0,1021.9,477.0
521,1,car,0.2194,1281.5,621.3,1342.0,700.2
521,2,large_vehicle,0.1460,826.7,669.8,978.7,765.8
521,2,large_vehicle,0.1156,1159.8,563.6,1267.5,634.4
522,1,car,0.7839,556.0,499.9,649.1,551.2
522,1,car,0.7802,826.7,669.8,978.7,765.8
522,1,car,0.5314,1159.8,563.8,1267.6,634.4
522,0,person,0.5118,1025.2,529.0,1047.1,581.1
522,1,car,0.3561,952.5,433.5,1022.0,477.1
522,2,large_vehicle,0.2442,952.5,433.5,1022.0,477.1
522,0,person,0.2325,1148.5,454.0,1162.6,490.8
522,1,car,0.2134,1281.5,621.0,1342.0,700.2
522,2,large_vehicle,0.1391,826.7,669.8,978.7,765.8
522,2,large_vehicle,0.1144,1159.8,563.8,1267.6,634.4
523,1,car,0.8773,836.5,666.6,986.3,761.8
523,1,car,0.7902,556.4,500.1,648.5,551.3
523,1,car,0.5998,1163.4,560.6,1269.6,631.8
523,0,person,0.5814,1024.0,529.3,1046.2,580.2
523,1,car,0.4210,952.3,433.3,1022.0,477.0
523,2,large_vehicle,0.2544,952.3,433.3,1022.0,477.0
523,1,car,0.1788,1281.5,622.7,1342.0,700.4
523,0,person,0.1609,1147.9,453.8,1162.3,490.3
523,4,other_vehicle,0.1390,121.6,720.0,210.3,798.0
524,1,car,0.8733,836.5,666.6,986.3,761.7
524,1,car,0.7887,556.1,500.2,648.4,551.3
524,1,car,0.6008,1163.4,560.8,1269.8,631.8
524,0,person,0.5579,1023.8,529.4,1046.1,580.0
524,1,car,0.4319,951.8,433.2,1022.1,477.2
524,2,large_vehicle,0.2696,951.8,433.2,1022.1,477.2
524,1,car,0.1938,1281.4,623.3,1342.0,700.6
524,0,person,0.1390,1147.9,453.8,1162.3,490.2
524,4,other_vehicle,0.1372,121.6,720.1,210.3,798.0
525,1,car,0.8768,836.5,666.6,986.2,761.8
525,1,car,0.7621,557.9,499.9,648.2,551.2
525,1,car,0.5924,1163.4,560.7,1269.9,631.9
525,0,person,0.5901,1023.8,529.4,1046.1,580.1
525,1,car,0.4120,951.6,433.1,1021.9,477.3
525,2,large_vehicle,0.2915,951.6,433.1,1021.9,477.3
525,1,car,0.2132,1281.5,623.5,1342.0,700.6
525,0,person,0.1468,1148.2,452.2,1162.3,487.3
525,4,other_vehicle,0.1391,121.5,719.9,210.3,798.1
526,1,car,0.8978,846.4,664.4,996.2,758.2
526,1,car,0.7692,560.4,500.1,648.4,551.3
526,1,car,0.7166,1168.0,559.9,1273.5,628.6
526,1,car,0.5018,951.3,433.2,1021.9,476.9
526,0,person,0.3566,1022.5,528.6,1044.2,581.3
526,1,car,0.2329,1281.7,621.0,1342.0,699.7
526,0,person,0.1917,1147.0,452.6,1162.2,490.0
526,2,large_vehicle,0.1800,951.3,433.2,1021.9,476.9
526,4,other_vehicle,0.1778,114.5,722.7,202.2,796.9
526,1,car,0.1324,114.5,722.7,202.2,796.9
527,1,car,0.8971,846.4,664.4,995.9,758.2
527,1,car,0.7685,560.5,500.1,648.4,551.2
527,1,car,0.7112,1168.0,559.9,1274.0,628.6
527,1,car,0.5026,951.0,433.1,1021.9,477.0
527,0,person,0.3519,1022.5,528.6,1044.1,581.2
527,0,person,0.2206,1147.1,452.4,1162.1,490.1
527,1,car,0.2140,1281.6,621.0,1342.0,699.9
527,2,large_vehicle,0.1854,951.0,433.1,1021.9,477.0
527,4,other_vehicle,0.1664,114.5,722.6,202.2,796.9
527,1,car,0.1314,114.5,722.6,202.2,796.9
528,1,car,0.8658,856.1,661.3,1001.1,755.0
528,1,car,0.7816,558.6,500.2,649.2,551.3
528,1,car,0.6423,1171.9,559.0,1273.7,627.3
528,0,person,0.5296,1021.3,530.3,1043.1,582.0
528,0,person,0.3874,1146.5,453.6,1162.4,490.5
528,1,car,0.3450,950.8,432.7,1021.5,476.9
528,4,other_vehicle,0.2473,1018.3,551.8,1057.5,588.5
528,2,large_vehicle,0.1911,950.8,432.7,1021.5,476.9
528,1,car,0.1452,1281.5,623.7,1342.0,700.2
529,1,car,0.8658,856.1,661.3,1001.0,754.9
529,1,car,0.7841,558.7,500.2,649.2,551.3
529,1,car,0.6440,1171.9,559.0,1273.8,627.3
529,0,person,0.5296,1021.3,530.3,1043.1,582.0
529,0,person,0.3888,1146.5,453.5,1162.4,490.5
529,1,car,0.3430,950.8,432.6,1021.5,476.9
529,4,other_vehicle,0.2457,1018.3,551.8,1057.4,588.5
529,2,large_vehicle,0.1932,950.8,432.6,1021.5,476.9
529,1,car,0.1476,1281.5,623.9,1342.0,700.2
530,1,car,0.8647,856.1,661.3,1001.1,755.0
530,1,car,0.7786,558.2,500.1,649.1,551.3
530,1,car,0.6450,1171.8,559.1,1273.8,627.2
530,0,person,0.5218,1021.2,530.2,1043.2,582.1
530,0,person,0.3846,1146.5,453.4,1162.3,490.5
530,1,car,0.3448,950.8,432.6,1021.7,476.8
530,4,other_vehicle,0.2442,1018.3,551.8,1057.4,588.6
530,2,large_vehicle,0.1804,950.8,432.6,1021.7,476.8
530,1,car,0.1601,1281.5,623.2,1342.0,700.1
531,1,car,0.8596,865.7,658.5,1010.1,753.7
531,1,car,0.7673,555.3,499.2,648.7,551.2
531,1,car,0.6107,1176.3,559.0,1276.3,625.5
531,0,person,0.4789,1019.3,529.0,1041.9,583.3
531,1,car,0.4593,952.8,433.1,1022.4,476.6
531,0,person,0.3570,1146.0,455.2,1162.0,491.3
531,4,other_vehicle,0.2587,100.9,724.3,185.7,797.9
531,2,large_vehicle,0.1781,952.8,433.1,1022.4,476.6
531,1,car,0.1301,1281.7,621.3,1342.0,699.7
532,1,car,0.8511,865.7,658.4,1010.0,753.6
532,1,car,0.7782,555.9,499.2,648.8,551.2
532,1,car,0.6056,1176.2,558.8,1276.5,625.5
532,1,car,0.4521,952.9,433.0,1022.4,476.6
532,0,person,0.4475,1019.4,528.9,1042.3,583.4
532,0,person,0.3419,1146.0,453.9,1162.0,491.1
532,4,other_vehicle,0.1930,100.8,724.5,185.7,797.5
532,2,large_vehicle,0.1818,952.9,433.0,1022.4,476.6
533,1,car,0.8857,875.0,656.6,1016.8,749.5
533,1,car,0.7571,558.9,499.9,648.2,551.2
533,1,car,0.6941,1179.8,560.6,1266.3,623.4
533,1,car,0.5365,952.1,433.5,1022.6,476.8
533,0,person,0.4566,1017.8,529.1,1038.1,578.1
533,4,other_vehicle,0.4393,94.4,723.0,177.6,796.6
533,0,person,0.4333,1145.7,455.1,1161.5,491.4
533,4,other_vehicle,0.3342,1013.3,554.3,1055.4,587.8
533,2,large_vehicle,0.1989,952.1,433.5,1022.6,476.8
534,1,car,0.8839,874.9,656.6,1016.8,749.5
534,1,car,0.7451,559.1,499.8,648.2,551.2
534,1,car,0.7028,1179.8,560.7,1266.4,623.3
534,1,car,0.5380,951.5,433.4,1022.4,476.9
534,0,person,0.4964,1145.7,454.8,1161.5,491.5
534,0,person,0.4812,1017.8,529.0,1038.2,577.7
534,4,other_vehicle,0.4411,94.3,723.0,177.7,796.7
534,4,other_vehicle,0.3766,1013.2,554.4,1055.3,587.8
534,2,large_vehicle,0.2157,951.5,433.4,1022.4,476.9
535,1,car,0.8794,884.5,653.1,1025.0,744.5
535,1,car,0.7497,560.2,500.0,648.5,551.2
535,1,car,0.6223,1184.0,560.3,1262.4,620.7
535,0,person,0.5703,1016.5,528.4,1036.8,579.6
535,4,other_vehicle,0.5350,87.0,722.0,168.4,796.4
535,1,car,0.4882,951.3,433.2,1022.2,476.8
535,0,person,0.4470,1145.7,455.3,1161.6,491.4
535,2,large_vehicle,0.2078,951.3,433.2,1022.2,476.8
535,4,other_vehicle,0.1909,1010.2,553.4,1053.9,587.3
536,1,car,0.8780,884.6,653.1,1025.0,744.7
536,1,car,0.7314,559.4,499.8,648.6,551.2
536,1,car,0.6225,1184.1,560.4,1262.2,620.7
536,0,person,0.5700,1016.6,528.4,1036.9,579.6
536,4,other_vehicle,0.5448,87.1,722.0,168.4,796.5
536,1,car,0.4911,950.9,433.2,1022.4,476.9
536,0,person,0.4425,1145.7,455.3,1161.5,491.3
536,2,large_vehicle,0.2175,950.9,433.2,1022.4,476.9
536,4,other_vehicle,0.1994,1010.4,553.1,1053.8,587.2
537,1,car,0.8673,891.3,650.6,1032.8,742.8
537,1,car,0.7635,558.6,499.8,649.2,551.1
537,4,other_vehicle,0.5945,81.2,723.3,162.4,798.1
537,0,person,0.5803,1015.0,528.9,1036.4,580.4
537,1,car,0.4768,1187.7,559.3,1262.9,618.5
537,1,car,0.3870,951.3,432.6,1022.4,476.6
537,4,other_vehicle,0.3299,1008.2,554.1,1053.7,587.0
537,0,person,0.3241,1145.5,454.6,1161.3,491.2
537,2,large_vehicle,0.2245,951.3,432.6,1022.4,476.6
537,2,large_vehicle,0.2204,1187.7,559.3,1262.9,618.5
537,0,person,0.1763,1144.4,455.1,1159.3,490.8
538,1,car,0.8680,891.3,650.6,1032.8,742.8
538,1,car,0.7620,558.5,499.8,649.2,551.1
538,4,other_vehicle,0.5961,81.2,723.3,162.4,798.1
538,0,person,0.5838,1015.0,529.0,1036.4,580.4
538,1,car,0.4734,1187.7,559.3,1262.9,618.5
538,1,car,0.3793,951.3,432.6,1022.4,476.6
538,0,person,0.3220,1145.5,454.6,1161.3,491.2
538,4,other_vehicle,0.3203,1008.3,554.1,1053.7,587.0
538,2,large_vehicle,0.2284,951.3,432.6,1022.4,476.6
538,2,large_vehicle,0.2250,1187.7,559.3,1262.9,618.5
538,0,person,0.1783,1144.4,455.1,1159.3,490.8
539,1,car,0.8682,891.4,650.6,1032.8,742.8
539,1,car,0.7586,558.7,499.7,649.1,551.2
539,4,other_vehicle,0.5970,81.2,723.2,162.4,798.0
539,0,person,0.5735,1015.0,529.1,1036.4,580.6
539,1,car,0.4632,1187.7,559.2,1262.9,618.5
539,1,car,0.3968,950.8,432.6,1022.7,476.6
539,0,person,0.3192,1145.5,454.6,1161.3,491.2
539,4,other_vehicle,0.2786,1008.6,554.2,1053.7,587.1
539,2,large_vehicle,0.2339,1187.7,559.2,1262.9,618.5
539,2,large_vehicle,0.1910,950.8,432.6,1022.7,476.6
539,0,person,0.1670,1144.4,455.1,1159.3,490.8
540,1,car,0.8904,902.7,648.8,1039.7,739.7
540,1,car,0.7559,558.0,499.3,649.0,550.7
540,0,person,0.5993,1013.7,529.3,1035.3,581.9
540,1,car,0.5950,1191.7,559.5,1263.2,616.3
540,4,other_vehicle,0.5860,75.6,723.0,153.9,797.3
540,1,car,0.4725,952.4,433.2,1022.6,476.4
540,0,person,0.2044,1145.5,454.7,1161.1,491.2
540,0,person,0.2000,1144.4,455.3,1159.2,490.9
540,4,other_vehicle,0.1697,1007.7,551.8,1053.2,586.6
540,2,large_vehicle,0.1568,952.4,433.2,1022.6,476.4
541,1,car,0.8877,902.7,648.8,1039.8,739.7
541,1,car,0.7556,557.8,499.4,648.7,550.8
541,4,other_vehicle,0.6062,75.6,723.0,153.9,797.2
541,0,person,0.6020,1013.6,529.3,1035.4,581.9
541,1,car,0.5843,1191.7,559.5,1263.2,616.3
541,1,car,0.4608,952.4,433.0,1022.6,476.4
541,0,person,0.2231,1145.3,454.5,1161.4,491.2
541,4,other_vehicle,0.1991,1007.4,552.1,1053.1,586.8
541,2,large_vehicle,0.1714,952.4,433.0,1022.6,476.4
541,0,person,0.1622,1144.3,455.1,1159.3,490.8
541,4,other_vehicle,0.1094,1007.9,550.5,1045.3,586.1
542,1,car,0.8793,908.9,645.9,1047.1,738.9
542,1,car,0.7623,557.4,499.9,648.0,551.0
542,1,car,0.5431,1195.0,557.5,1273.1,615.6
542,4,other_vehicle,0.5142,69.4,722.8,146.6,796.3
542,1,car,0.4828,952.1,432.9,1022.8,476.5
542,0,person,0.3624,1011.7,528.5,1033.8,580.4
542,1,car,0.3071,1195.2,557.7,1266.8,615.5
542,2,large_vehicle,0.2443,952.1,432.9,1022.8,476.5
542,0,person,0.2095,1144.3,456.1,1159.0,490.7
542,0,person,0.1968,1145.2,455.7,1161.7,491.0
542,1,car,0.1046,69.4,722.8,146.6,796.3
543,1,car,0.8782,908.5,645.9,1047.0,738.9
543,1,car,0.7645,557.1,499.6,648.4,551.1
543,1,car,0.5050,1195.1,557.4,1274.0,615.6
543,1,car,0.4728,952.0,433.0,1022.5,476.5
543,4,other_vehicle,0.4716,69.4,722.8,146.6,796.3
543,0,person,0.3264,1011.7,528.3,1033.8,580.4
543,2,large_vehicle,0.2469,952.0,433.0,1022.5,476.5
543,1,car,0.2000,1195.2,557.6,1266.9,615.5
543,0,person,0.1594,1144.4,455.7,1158.8,490.5
543,0,person,0.1535,1145.3,455.2,1161.8,490.8
544,1,car,0.8786,908.6,645.9,1047.0,738.9
544,1,car,0.7604,557.2,499.6,648.5,551.1
544,1,car,0.5147,1195.1,557.5,1273.7,615.6
544,4,other_vehicle,0.5022,69.4,722.8,146.6,796.3
544,1,car,0.4680,952.0,433.0,1022.6,476.5
544,0,person,0.3284,1011.7,528.3,1033.7,580.3
544,2,large_vehicle,0.2553,952.0,433.0,1022.6,476.5
544,1,car,0.2390,1195.2,557.6,1266.9,615.5
544,0,person,0.1994,1144.4,455.7,1158.8,490.7
544,0,person,0.1886,1145.4,455.3,1161.7,491.0
545,1,car,0.8859,918.9,644.5,1053.7,732.6
545,4,other_vehicle,0.7086,63.9,725.4,139.7,795.6
545,1,car,0.6891,559.0,499.4,648.2,551.0
545,1,car,0.6037,1197.5,554.7,1275.3,614.3
545,1,car,0.5241,951.0,433.0,1022.3,476.5
545,0,person,0.4262,1010.7,527.7,1032.5,579.9
545,2,large_vehicle,0.1858,951.0,433.0,1022.3,476.5
545,0,person,0.1653,1144.4,454.5,1158.5,490.1
545,2,large_vehicle,0.1289,559.0,499.4,648.2,551.0
545,1,car,0.1113,1281.7,624.2,1342.0,700.0
546,1,car,0.8873,919.0,644.5,1053.7,732.6
546,4,other_vehicle,0.7128,63.9,725.3,139.7,795.6
546,1,car,0.7048,559.6,499.3,649.3,551.0
546,1,car,0.6021,1197.5,554.6,1275.6,614.3
546,1,car,0.4996,951.4,433.0,1022.3,476.3
546,0,person,0.3743,1010.6,527.5,1032.5,579.8
546,2,large_vehicle,0.1874,951.4,433.0,1022.3,476.3
546,0,person,0.1555,1144.4,454.5,1158.4,489.9
546,2,large_vehicle,0.1042,559.6,499.3,649.3,551.0
546,1,car,0.1021,1281.6,624.1,1342.0,700.0
547,1,car,0.8430,927.5,641.5,1060.2,731.0
547,4,other_vehicle,0.7450,58.3,723.1,132.6,797.0
547,1,car,0.7235,558.0,499.4,649.2,550.9
547,1,car,0.4920,1198.6,553.2,1279.0,613.3
547,1,car,0.4872,951.3,432.7,1022.1,476.3
547,1,car,0.1955,1198.5,553.0,1274.7,611.6
547,2,large_vehicle,0.1843,951.3,432.7,1022.1,476.3
547,0,person,0.1530,1144.5,454.3,1158.2,489.2
547,2,large_vehicle,0.1031,1198.6,553.2,1279.0,613.3
548,1,car,0.8437,927.5,641.4,1060.2,731.0
548,4,other_vehicle,0.7433,58.3,723.1,132.6,797.0
548,1,car,0.7224,557.6,499.3,649.5,550.9
548,1,car,0.5009,1198.7,553.2,1279.3,613.4
548,1,car,0.4787,950.7,432.6,1022.3,476.2
548,2,large_vehicle,0.1648,950.7,432.6,1022.3,476.2
548,0,person,0.1578,1144.4,453.6,1158.2,489.2
548,1,car,0.1558,1198.6,553.0,1275.0,611.7
548,2,large_vehicle,0.1009,1198.7,553.2,1279.3,613.4
549,1,car,0.8427,927.6,641.5,1060.2,731.0
549,4,other_vehicle,0.7451,58.4,723.1,132.6,797.0
549,1,car,0.7324,558.6,499.1,649.3,550.9
549,1,car,0.5034,1198.7,553.0,1279.7,613.4
549,1,car,0.4753,950.7,432.6,1022.1,476.2
549,2,large_vehicle,0.1596,950.7,432.6,1022.1,476.2
549,1,car,0.1394,1198.7,552.8,1275.2,611.7
549,0,person,0.1376,1144.4,453.6,1158.2,489.2
550,1,car,0.8694,936.9,638.9,1066.5,727.9
550,1,car,0.7384,557.2,498.1,649.6,550.8
550,1,car,0.4411,952.0,432.8,1022.2,476.0
550,4,other_vehicle,0.4063,52.9,722.7,126.2,797.8
550,1,car,0.3558,1203.5,547.2,1284.0,613.0
550,2,large_vehicle,0.2012,952.0,432.8,1022.2,476.0
550,1,car,0.1774,1203.0,544.7,1289.3,613.1
550,0,person,0.1526,1144.4,454.8,1157.9,489.4
550,1,car,0.1266,1202.8,538.9,1312.2,613.4
551,1,car,0.8656,936.9,638.9,1066.5,727.9
551,1,car,0.7416,557.1,498.1,649.8,550.8
551,4,other_vehicle,0.4586,52.9,722.8,126.2,797.8
551,1,car,0.4284,952.0,432.8,1022.4,476.0
551,1,car,0.2083,1203.1,544.0,1290.5,613.1
551,2,large_vehicle,0.1869,952.0,432.8,1022.4,476.0
551,0,person,0.1553,1144.3,454.7,1157.9,489.5
551,1,car,0.1453,1202.9,538.2,1311.5,613.3
551,1,car,0.1439,1203.6,546.6,1284.7,613.0
552,1,car,0.8549,944.9,636.8,1073.4,723.7
552,1,car,0.7141,559.2,498.7,648.7,550.8
552,1,car,0.3821,951.3,432.3,1022.0,476.2
552,4,other_vehicle,0.3357,48.1,723.2,119.0,795.6
552,2,large_vehicle,0.3248,951.3,432.3,1022.0,476.2
552,1,car,0.2844,1209.8,545.5,1279.7,607.1
552,0,person,0.1546,1144.3,454.7,1157.7,489.4
552,0,person,0.1470,1006.2,523.6,1025.7,575.8
552,1,car,0.1370,1210.6,543.9,1283.1,608.2
552,2,large_vehicle,0.1013,559.2,498.7,648.7,550.8
553,1,car,0.8548,944.9,636.8,1073.4,723.7
553,1,car,0.7125,559.2,498.6,648.7,550.8
553,1,car,0.3814,951.4,432.4,1022.0,476.2
553,4,other_vehicle,0.3423,48.1,723.2,119.0,795.6
553,2,large_vehicle,0.3284,951.4,432.4,1022.0,476.2
553,1,car,0.2870,1209.7,545.5,1279.7,607.1
553,0,person,0.1476,1144.3,454.7,1157.7,489.4
553,0,person,0.1413,1006.2,523.6,1025.7,575.8
553,1,car,0.1308,1210.6,543.9,1283.1,608.1
553,2,large_vehicle,0.1048,559.2,498.6,648.7,550.8
554,1,car,0.8553,944.9,636.8,1073.4,723.7
554,1,car,0.7267,559.4,498.8,648.8,550.8
554,1,car,0.4051,951.4,432.5,1022.1,476.2
554,4,other_vehicle,0.3639,48.1,723.1,119.0,795.6
554,1,car,0.3319,1209.7,545.4,1279.3,607.1
554,2,large_vehicle,0.3018,951.4,432.5,1022.1,476.2
554,0,person,0.1474,1144.3,454.7,1157.7,489.4
554,0,person,0.1404,1006.2,523.6,1025.7,575.7
555,1,car,0.8958,953.4,634.7,1080.6,720.3
555,1,car,0.7239,557.9,499.0,648.7,550.6
555,1,car,0.4845,950.7,432.5,1022.0,476.1
555,0,person,0.3361,1143.4,454.5,1157.3,490.2
555,1,car,0.3291,1213.8,539.1,1300.9,605.3
555,2,large_vehicle,0.1932,950.7,432.5,1022.0,476.1
555,4,other_vehicle,0.1774,42.9,725.1,112.7,795.0
555,0,person,0.1693,1192.5,527.4,1212.7,586.9
555,0,person,0.1599,1004.6,523.2,1024.5,575.6
556,1,car,0.8970,953.4,634.7,1080.5,720.2
556,1,car,0.7453,557.5,498.9,648.5,550.6
556,1,car,0.4899,950.8,432.6,1022.1,476.1
556,0,person,0.3520,1143.4,454.6,1157.2,490.2
556,1,car,0.3266,1213.8,539.2,1300.2,605.4
556,0,person,0.2005,1004.7,523.3,1024.6,575.4
556,2,large_vehicle,0.1960,950.8,432.6,1022.1,476.1
556,0,person,0.1722,1192.5,527.5,1212.7,586.9
556,4,other_vehicle,0.1650,42.9,724.9,112.6,795.0
556,1,car,0.1006,1213.9,543.2,1282.1,605.3
557,1,car,0.9051,961.1,632.4,1086.5,716.6
557,1,car,0.7563,559.6,499.1,648.8,550.6
557,1,car,0.5001,950.1,432.4,1022.2,475.9
557,0,person,0.4736,1003.0,523.1,1023.8,576.4
557,1,car,0.3348,1217.1,536.6,1303.6,601.7
557,0,person,0.3140,1143.5,454.6,1157.3,489.8
557,0,person,0.2090,1192.7,528.5,1212.9,587.2
557,1,car,0.1623,1281.6,620.3,1342.0,698.7
557,2,large_vehicle,0.1617,950.1,432.4,1022.2,475.9
557,1,car,0.1164,1216.4,539.9,1286.2,601.4
558,1,car,0.9037,961.0,632.4,1086.5,716.6
558,1,car,0.7647,560.3,499.1,648.6,550.6
558,0,person,0.4766,1003.0,523.0,1023.9,576.2
558,1,car,0.4624,951.1,432.6,1022.2,475.9
558,0,person,0.3474,1143.5,454.4,1157.3,489.7
558,1,car,0.3358,1217.0,536.5,1305.7,601.9
558,2,large_vehicle,0.2140,951.1,432.6,1022.2,475.9
558,0,person,0.2079,1192.7,528.3,1213.0,587.0
558,1,car,0.1699,1281.7,620.6,1342.0,698.7
559,1,car,0.9168,968.3,629.6,1093.2,714.4
559,1,car,0.7716,559.0,498.3,649.0,550.5
559,0,person,0.4940,1002.0,522.5,1022.7,574.6
559,1,car,0.4715,951.4,432.3,1022.4,476.0
559,1,car,0.4411,1219.0,537.2,1336.0,602.1
559,4,other_vehicle,0.3221,33.8,722.2,99.3,792.7
559,0,person,0.3122,1192.8,528.1,1213.3,586.8
559,4,other_vehicle,0.2095,995.3,552.5,1041.4,586.1
559,2,large_vehicle,0.1777,951.4,432.3,1022.4,476.0
559,0,person,0.1759,1142.7,453.7,1156.8,489.8
560,1,car,0.9167,968.3,629.7,1093.2,714.4
560,1,car,0.7717,558.9,498.3,648.9,550.5
560,0,person,0.4945,1001.9,522.8,1022.5,574.7
560,1,car,0.4488,951.6,432.3,1022.6,475.9
560,1,car,0.4437,1219.0,537.3,1335.8,602.1
560,4,other_vehicle,0.3410,33.8,722.2,99.2,792.7
560,0,person,0.3041,1192.8,527.9,1213.4,586.6
560,2,large_vehicle,0.1913,951.6,432.3,1022.6,475.9
560,0,person,0.1771,1142.7,453.7,1156.7,489.8
560,4,other_vehicle,0.1679,995.5,552.0,1041.9,586.0
561,1,car,0.9109,976.1,627.6,1101.1,711.5
561,1,car,0.7447,557.7,498.4,648.2,550.5
561,1,car,0.4878,952.1,432.5,1022.5,475.9
561,0,person,0.4439,1000.4,522.1,1021.5,573.3
561,1,car,0.3097,1220.8,536.4,1313.3,599.5
561,4,other_vehicle,0.3087,28.9,722.2,94.6,793.4
561,0,person,0.2215,1142.2,453.9,1156.3,489.3
561,2,large_vehicle,0.2012,952.1,432.5,1022.5,475.9
561,0,person,0.1776,1192.8,529.4,1212.8,587.2
561,0,person,0.1024,1192.4,548.0,1211.2,589.0
562,1,car,0.9109,976.1,627.6,1101.1,711.5
562,1,car,0.7484,557.7,498.4,648.2,550.5
562,1,car,0.4928,952.1,432.5,1022.5,475.9
562,0,person,0.4413,1000.4,522.1,1021.5,573.3
562,4,other_vehicle,0.3175,28.9,722.2,94.6,793.4
562,1,car,0.3133,1220.8,536.3,1312.4,599.5
562,0,person,0.2175,1192.8,529.2,1213.0,587.4
562,0,person,0.2066,1142.2,453.9,1156.3,489.3
562,2,large_vehicle,0.1954,952.1,432.5,1022.5,475.9
563,1,car,0.9113,976.1,627.6,1101.2,711.5
563,1,car,0.7345,558.0,498.4,648.2,550.5
563,1,car,0.4962,952.2,432.5,1022.7,475.9
563,0,person,0.4735,1000.3,521.9,1021.5,573.5
563,1,car,0.3217,1220.8,536.0,1316.3,599.6
563,4,other_vehicle,0.2953,28.9,722.2,94.6,793.4
563,0,person,0.2234,1142.2,453.9,1156.3,489.4
563,2,large_vehicle,0.1927,952.2,432.5,1022.7,475.9
563,0,person,0.1896,1192.7,529.4,1212.8,587.5
563,2,large_vehicle,0.1075,558.0,498.4,648.2,550.5
564,1,car,0.9158,983.5,624.5,1107.1,708.0
564,1,car,0.6864,560.0,498.1,648.4,550.4
564,1,car,0.5156,951.2,432.6,1022.4,475.9
564,0,person,0.4217,999.5,522.2,1019.6,574.0
564,4,other_vehicle,0.3727,24.1,722.6,87.3,792.1
564,1,car,0.3037,1221.0,538.6,1311.7,596.9
564,0,person,0.1863,1141.9,454.3,1156.0,489.1
564,0,person,0.1405,1192.6,530.3,1212.2,586.7
564,2,large_vehicle,0.1366,951.2,432.6,1022.4,475.9
564,2,large_vehicle,0.1253,560.0,498.1,648.4,550.4
565,1,car,0.9151,983.5,624.8,1107.2,708.0
565,1,car,0.6900,558.3,497.9,648.4,550.3
565,1,car,0.5022,951.2,432.5,1022.3,475.9
565,4,other_vehicle,0.4144,24.1,722.6,87.3,792.1
565,0,person,0.4055,999.5,522.3,1019.5,574.0
565,1,car,0.2953,1221.0,538.3,1311.6,596.9
565,0,person,0.1545,1141.9,454.2,1156.0,489.1
565,2,large_vehicle,0.1492,951.2,432.5,1022.3,475.9
565,0,person,0.1439,1192.5,530.1,1212.2,586.8
565,2,large_vehicle,0.1111,558.3,497.9,648.4,550.3
565,4,other_vehicle,0.1009,991.9,553.4,1039.1,586.3
566,1,car,0.9105,990.8,623.1,1113.8,705.6
566,1,car,0.7325,560.8,498.5,648.1,550.4
566,1,car,0.5610,949.3,432.2,1022.6,475.7
566,4,other_vehicle,0.5345,19.0,722.0,81.9,792.0
566,1,car,0.4699,1223.7,535.5,1315.5,595.7
566,0,person,0.2456,998.6,522.3,1018.2,576.0
566,4,other_vehicle,0.1538,19.5,747.2,80.3,792.7
566,1,car,0.1507,1223.9,540.2,1297.2,595.5
566,0,person,0.1359,1141.7,453.8,1155.8,488.7
566,1,car,0.1244,28.0,721.2,80.8,773.8
566,0,person,0.1103,1192.2,539.3,1210.8,588.2
567,1,car,0.9107,990.8,623.1,1113.9,705.7
567,1,car,0.7598,562.0,498.7,648.3,550.4
567,1,car,0.5617,949.3,431.9,1022.5,475.7
567,4,other_vehicle,0.5406,19.0,722.0,82.0,792.0
567,1,car,0.4397,1223.5,535.7,1317.1,595.8
567,0,person,0.3449,998.4,522.2,1018.7,576.2
567,4,other_vehicle,0.1497,19.5,747.1,80.5,792.7
567,0,person,0.1216,1192.3,538.2,1211.0,588.3
567,1,car,0.1204,1223.6,540.5,1297.3,595.5
567,2,large_vehicle,0.1173,949.3,431.9,1022.5,475.7
568,1,car,0.9104,990.8,623.1,1113.9,705.7
568,1,car,0.7507,562.2,498.8,648.3,550.4
568,1,car,0.5512,949.3,431.9,1022.4,475.7
568,4,other_vehicle,0.5352,19.1,722.0,82.0,792.0
568,1,car,0.4498,1223.4,535.6,1316.4,595.8
568,0,person,0.3124,998.5,522.2,1018.6,576.1
568,0,person,0.1648,1141.6,453.9,1155.9,488.9
568,4,other_vehicle,0.1494,19.5,747.3,80.4,792.7
568,0,person,0.1311,1192.3,538.0,1210.9,588.2
568,1,car,0.1295,1223.5,540.4,1297.1,595.4
568,2,large_vehicle,0.1205,949.3,431.9,1022.4,475.7
568,1,car,0.1062,27.9,721.3,80.8,773.8
569,1,car,0.9075,998.5,620.0,1117.9,702.8
569,1,car,0.7533,558.7,497.8,648.5,550.2
569,1,car,0.5022,951.0,432.1,1022.6,475.6
569,0,person,0.4334,997.0,522.2,1018.6,576.8
569,4,other_vehicle,0.3398,13.0,721.4,75.4,789.9
569,4,other_vehicle,0.2538,14.3,722.0,76.3,791.5
569,4,other_vehicle,0.2204,20.2,721.8,75.3,773.7
569,1,car,0.2066,20.2,721.8,75.3,773.7
569,0,person,0.1364,1141.3,454.1,1155.7,488.9
569,4,other_vehicle,0.1226,989.3,551.5,1034.2,585.8
569,2,large_vehicle,0.1220,951.0,432.1,1022.6,475.6
569,0,person,0.1156,995.7,522.2,1015.6,575.4
570,1,car,0.9087,998.4,620.0,1117.9,702.8
570,1,car,0.7486,557.0,497.7,648.7,550.3
570,0,person,0.4911,997.1,522.0,1018.5,576.8
570,1,car,0.4884,951.3,432.1,1022.5,475.8
570,4,other_vehicle,0.3140,13.0,721.4,75.4,789.9
570,4,other_vehicle,0.2191,20.1,721.9,75.4,773.7
570,1,car,0.2052,20.1,721.9,75.4,773.7
570,0,person,0.2047,995.8,522.1,1015.7,575.5
570,4,other_vehicle,0.1912,14.3,722.0,76.3,791.5
570,2,large_vehicle,0.1593,951.3,432.1,1022.5,475.8
570,4,other_vehicle,0.1377,989.3,551.6,1034.5,585.8
570,0,person,0.1025,1141.2,453.0,1155.8,488.9
571,1,car,0.9145,1004.5,618.5,1123.5,699.9
571,1,car,0.7140,556.0,497.4,648.5,550.4
571,0,person,0.5105,995.3,522.3,1015.3,577.9
571,1,car,0.4306,951.3,431.8,1022.5,475.8
571,4,other_vehicle,0.4048,10.7,720.7,70.3,791.6
571,0,person,0.2211,1192.3,546.5,1210.0,589.3
571,2,large_vehicle,0.1721,951.3,431.8,1022.5,475.8
572,1,car,0.9145,1004.5,618.5,1123.5,699.9
572,1,car,0.6991,555.6,497.2,648.5,550.3
572,0,person,0.5193,995.3,522.5,1015.3,577.9
572,1,car,0.4446,951.3,431.7,1022.4,475.8
572,0,person,0.2441,1192.4,546.6,1209.9,589.3
572,4,other_vehicle,0.2388,10.7,720.8,70.3,791.6
572,2,large_vehicle,0.1830,951.3,431.7,1022.4,475.8
572,4,other_vehicle,0.1478,10.4,720.6,70.1,791.3
572,2,large_vehicle,0.1146,555.6,497.2,648.5,550.3
573,1,car,0.9150,1004.5,618.5,1123.5,699.9
573,1,car,0.6960,554.7,497.4,648.2,550.4
573,0,person,0.5222,995.5,522.4,1015.3,577.9
573,4,other_vehicle,0.4759,10.8,720.6,70.3,791.6
573,1,car,0.4370,950.9,431.7,1022.2,475.8
573,0,person,0.2589,1192.5,546.7,1210.0,589.3
573,2,large_vehicle,0.2243,950.9,431.7,1022.2,475.8
573,2,large_vehicle,0.1244,554.7,497.4,648.2,550.4
573,4,other_vehicle,0.1120,10.6,731.4,69.3,792.4
574,1,car,0.9019,1011.9,615.3,1127.0,697.2
574,1,car,0.6961,557.5,497.9,647.8,550.4
574,1,car,0.4476,950.3,432.1,1022.0,475.9
574,0,person,0.3795,992.5,522.5,1015.3,579.4
574,4,other_vehicle,0.3579,6.2,721.5,65.1,791.3
574,0,person,0.3005,1192.2,542.9,1209.4,588.3
574,2,large_vehicle,0.2188,950.3,432.1,1022.0,475.9
574,0,person,0.2180,992.8,522.4,1014.3,577.7
574,0,person,0.2121,1140.4,453.0,1154.7,488.5
575,1,car,0.9021,1011.9,615.3,1126.9,697.3
575,1,car,0.7012,556.7,497.8,647.7,550.3
575,1,car,0.4635,950.3,432.0,1022.0,475.9
575,0,person,0.4412,992.5,522.6,1015.3,579.4
575,4,other_vehicle,0.3322,6.3,721.4,65.1,791.3
575,0,person,0.3107,1192.2,543.3,1209.4,588.3
575,2,large_vehicle,0.2102,950.3,432.0,1022.0,475.9
575,0,person,0.2027,1140.4,453.1,1154.7,488.5
575,0,person,0.1422,992.8,522.4,1014.3,577.6
576,1,car,0.9087,1019.4,614.0,1134.9,695.4
576,1,car,0.7451,559.1,498.7,647.7,550.3
576,0,person,0.4478,1191.9,551.4,1209.7,589.6
576,1,car,0.4134,950.3,431.6,1022.1,475.6
576,0,person,0.3635,993.0,522.5,1012.3,575.3
576,1,car,0.2676,1186.7,497.7,1265.5,559.2
576,0,person,0.2385,1140.0,451.5,1154.2,487.7
576,2,large_vehicle,0.2268,950.3,431.6,1022.1,475.6
576,4,other_vehicle,0.1435,1.3,720.6,59.6,791.3
576,4,other_vehicle,0.1398,981.4,550.5,1020.4,584.0
576,1,car,0.1302,1186.6,505.1,1249.1,559.3
576,4,other_vehicle,0.1203,1.1,732.8,57.7,792.4
577,1,car,0.9084,1019.4,614.0,1134.9,695.4
577,1,car,0.7425,559.1,498.7,647.7,550.3
577,0,person,0.4405,1191.9,551.4,1209.7,589.6
577,1,car,0.4127,950.3,431.6,1022.1,475.6
577,0,person,0.3633,993.0,522.5,1012.3,575.2
577,1,car,0.2712,1186.7,497.7,1265.7,559.2
577,0,person,0.2338,1140.0,451.5,1154.2,487.7
577,2,large_vehicle,0.2254,950.3,431.6,1022.1,475.6
577,4,other_vehicle,0.1434,1.3,720.6,59.7,791.3
577,4,other_vehicle,0.1379,981.4,550.5,1020.3,584.0
577,1,car,0.1261,1186.6,504.9,1249.1,559.3
577,4,other_vehicle,0.1180,1.0,732.9,57.8,792.4
578,1,car,0.9073,1019.4,614.0,1134.9,695.4
578,1,car,0.7364,559.0,498.6,647.8,550.3
578,0,person,0.4277,1191.8,551.3,1209.8,589.7
578,1,car,0.4035,950.1,431.5,1022.1,475.5
578,0,person,0.3452,993.0,522.5,1012.4,575.6
578,1,car,0.2725,1186.7,497.6,1265.3,559.3
578,0,person,0.2330,1140.0,451.4,1154.2,487.7
578,2,large_vehicle,0.2226,950.1,431.5,1022.1,475.5
578,4,other_vehicle,0.1348,1.3,720.5,59.7,791.3
578,4,other_vehicle,0.1284,1.1,732.4,57.7,792.4
578,1,car,0.1283,1186.6,505.0,1249.0,559.3
578,4,other_vehicle,0.1133,981.3,550.4,1020.5,584.0
579,1,car,0.9065,1025.4,611.1,1139.4,692.2
579,1,car,0.7799,556.8,498.3,647.6,550.3
579,0,person,0.4417,990.7,522.1,1011.1,574.1
579,0,person,0.3674,1139.4,450.8,1153.7,487.6
579,1,car,0.3626,1181.7,499.1,1264.0,560.6
579,1,car,0.3547,951.2,431.5,1022.2,475.7
579,2,large_vehicle,0.2490,951.2,431.5,1022.2,475.7
579,4,other_vehicle,0.1109,0.0,718.5,55.8,789.8
579,1,car,0.1073,1281.4,624.2,1342.0,699.9
579,4,other_vehicle,0.1058,980.9,550.6,1020.3,583.1
579,1,car,0.1017,1182.0,505.9,1254.5,560.9
580,1,car,0.9051,1025.4,611.2,1139.3,692.3
580,1,car,0.7640,556.8,498.2,647.5,550.3
580,0,person,0.4281,990.8,521.9,1010.9,571.9
580,1,car,0.3941,1181.7,499.2,1263.9,560.6
580,0,person,0.3834,1139.3,450.6,1153.6,487.6
580,1,car,0.3503,951.5,431.6,1022.2,475.7
580,2,large_vehicle,0.2515,951.5,431.6,1022.2,475.7
580,4,other_vehicle,0.1759,0.0,719.0,55.9,789.8
580,1,car,0.1105,1182.1,506.0,1254.4,560.8
581,1,car,0.9044,1032.1,610.4,1143.8,689.3
581,1,car,0.7164,560.5,498.2,647.7,550.3
581,0,person,0.4279,1138.7,450.5,1153.1,487.4
581,2,large_vehicle,0.4134,1176.4,508.6,1251.4,563.3
581,1,car,0.3830,951.3,431.8,1022.0,475.8
581,0,person,0.2760,989.8,522.3,1009.9,576.8
581,2,large_vehicle,0.2732,951.3,431.8,1022.0,475.8
581,2,large_vehicle,0.2612,1175.8,512.1,1247.5,563.2
581,1,car,0.2220,0.2,720.2,49.8,771.5
581,4,other_vehicle,0.1520,976.2,552.9,1022.8,584.0
581,1,car,0.1280,1281.5,624.2,1342.0,699.7
581,1,car,0.1214,1175.8,512.1,1247.5,563.2
581,2,large_vehicle,0.1037,560.5,498.2,647.7,550.3
581,1,car,0.1029,0.0,717.3,50.0,781.7
582,1,car,0.9062,1032.1,610.5,1143.9,689.3
582,1,car,0.7140,558.8,497.8,647.7,550.4
582,0,person,0.4318,1138.6,450.4,1153.1,487.4
582,2,large_vehicle,0.4239,1176.4,508.5,1251.9,563.5
582,1,car,0.4072,951.1,431.7,1022.0,475.9
582,0,person,0.2933,989.9,522.3,1009.8,576.2
582,2,large_vehicle,0.2514,951.1,431.7,1022.0,475.9
582,2,large_vehicle,0.2506,1175.8,512.1,1247.7,563.3
582,1,car,0.2408,0.3,720.2,49.8,771.5
582,4,other_vehicle,0.1845,977.4,552.9,1023.9,584.0
582,1,car,0.1377,1281.5,624.0,1342.0,699.8
582,1,car,0.1077,1175.8,512.1,1247.7,563.3
582,2,large_vehicle,0.1059,558.8,497.8,647.7,550.4
582,1,car,0.1007,0.0,717.3,50.0,781.6
583,1,car,0.8799,1038.3,606.9,1148.4,687.3
583,1,car,0.7011,559.5,497.9,647.9,550.6
583,0,person,0.3933,1138.6,450.3,1152.4,487.5
583,1,car,0.3820,951.1,431.5,1021.7,475.8
583,2,large_vehicle,0.3492,1171.1,508.3,1248.3,565.9
583,0,person,0.3082,987.9,522.3,1009.0,579.5
583,1,car,0.3014,1171.0,512.6,1242.7,566.0
583,2,large_vehicle,0.2322,951.1,431.5,1021.7,475.8
583,1,car,0.2105,1171.1,508.3,1248.3,565.9
583,4,other_vehicle,0.2098,976.0,552.0,1018.8,584.8
583,1,car,0.1986,0.1,721.3,40.2,770.3
583,2,large_vehicle,0.1858,1171.0,512.6,1242.7,566.0
583,1,car,0.1005,0.0,718.6,43.7,780.3
584,1,car,0.8822,1038.3,606.9,1148.4,687.3
584,1,car,0.7027,559.3,497.9,648.0,550.6
584,1,car,0.4332,950.8,431.6,1021.9,475.9
584,0,person,0.3826,1138.5,450.3,1152.5,487.6
584,2,large_vehicle,0.3493,1171.1,508.4,1248.5,565.9
584,0,person,0.3067,987.8,522.3,1009.1,579.7
584,1,car,0.2856,1171.1,512.8,1242.5,566.0
584,2,large_vehicle,0.2074,950.8,431.6,1021.9,475.9
584,1,car,0.1998,1171.1,508.4,1248.5,565.9
584,1,car,0.1942,0.1,721.3,40.3,770.3
584,4,other_vehicle,0.1828,976.0,551.9,1018.6,584.8
584,2,large_vehicle,0.1778,1171.1,512.8,1242.5,566.0
584,1,car,0.1144,1281.4,624.4,1342.0,699.9
585,1,car,0.9125,1044.9,606.4,1154.1,684.0
585,1,car,0.7619,558.8,498.6,648.2,550.5
585,2,large_vehicle,0.7399,1166.8,509.2,1242.5,567.4
585,0,person,0.5455,1138.0,449.8,1151.7,488.0
585,1,car,0.4547,950.7,431.8,1022.5,475.8
585,0,person,0.2312,986.6,522.9,1006.9,580.7
585,4,other_vehicle,0.2002,972.1,553.7,1024.8,584.7
585,2,large_vehicle,0.1897,950.7,431.8,1022.5,475.8
585,1,car,0.1366,0.0,715.3,39.9,785.7
585,1,car,0.1230,1281.5,624.8,1342.0,700.2
585,1,car,0.1093,0.0,721.3,36.8,773.3
586,1,car,0.9126,1044.9,606.4,1154.1,684.0
586,1,car,0.7651,558.7,498.6,648.2,550.5
586,2,large_vehicle,0.7392,1166.8,509.2,1242.6,567.4
586,0,person,0.5436,1138.0,449.8,1151.7,488.0
586,1,car,0.4576,950.7,431.8,1022.5,475.8
586,0,person,0.2274,986.6,522.9,1006.9,580.6
586,4,other_vehicle,0.1985,972.0,553.7,1024.8,584.7
586,2,large_vehicle,0.1876,950.7,431.8,1022.5,475.8
586,1,car,0.1359,0.0,715.2,39.9,785.7
586,1,car,0.1170,1281.5,624.9,1342.0,700.2
586,1,car,0.1072,0.0,721.4,36.7,773.3
587,1,car,0.9126,1044.9,606.4,1154.1,684.0
587,1,car,0.7609,558.4,498.3,648.3,550.4
587,2,large_vehicle,0.7368,1166.8,509.1,1242.7,567.4
587,0,person,0.5531,1138.0,449.7,1151.7,488.0
587,1,car,0.4629,950.7,431.8,1022.7,475.8
587,0,person,0.2323,986.5,522.9,1006.9,580.7
587,4,other_vehicle,0.1968,972.0,553.7,1024.8,584.7
587,2,large_vehicle,0.1640,950.7,431.8,1022.7,475.8
587,1,car,0.1415,0.0,715.2,39.9,785.9
587,1,car,0.1034,0.0,721.1,36.8,773.4
588,1,car,0.8697,1051.4,603.2,1159.2,680.6
588,1,car,0.7622,557.0,498.3,648.4,550.4
588,2,large_vehicle,0.5211,1159.8,513.6,1240.3,570.1
588,1,car,0.4757,951.7,432.1,1022.9,475.7
588,0,person,0.4178,1137.9,451.1,1151.5,487.6
588,0,person,0.2747,982.7,522.9,1005.0,579.0
588,0,person,0.2466,985.6,523.0,1006.9,580.6
588,0,person,0.2299,1137.8,453.2,1151.6,488.4
588,1,car,0.2149,0.0,712.2,35.8,786.0
588,1,car,0.2128,1159.8,513.6,1240.3,570.1
588,2,large_vehicle,0.1985,951.7,432.1,1022.9,475.7
588,1,car,0.1526,0.0,716.5,35.6,776.0
588,4,other_vehicle,0.1479,972.4,550.8,1023.3,584.7
588,2,large_vehicle,0.1027,0.0,712.2,35.8,786.0
589,1,car,0.8710,1051.3,603.2,1159.3,680.7
589,1,car,0.7613,557.1,498.3,648.4,550.4
589,0,person,0.5810,1137.9,450.3,1151.7,487.6
589,2,large_vehicle,0.5482,1159.8,513.3,1240.4,570.1
589,1,car,0.4758,951.7,432.1,1022.9,475.7
589,0,person,0.2721,983.0,522.8,1004.9,578.9
589,0,person,0.2554,985.7,523.0,1006.8,580.5
589,1,car,0.2262,0.0,712.5,35.9,786.0
589,2,large_vehicle,0.1962,951.7,432.1,1022.9,475.7
589,1,car,0.1885,1159.8,513.3,1240.4,570.1
589,1,car,0.1547,0.0,716.5,35.8,776.4
589,4,other_vehicle,0.1397,972.5,550.9,1023.2,584.8
590,1,car,0.8500,1057.8,602.1,1163.1,678.0
590,1,car,0.7104,558.8,498.0,647.9,550.3
590,0,person,0.5977,1137.5,450.2,1151.2,487.8
590,1,car,0.5202,1154.2,516.6,1238.1,571.9
590,1,car,0.5112,951.9,431.9,1023.0,475.7
590,0,person,0.2657,981.6,523.0,1003.0,578.0
590,2,large_vehicle,0.2606,1154.2,516.6,1238.1,571.9
590,1,car,0.2252,0.0,717.1,31.2,785.5
590,2,large_vehicle,0.1947,951.9,431.9,1023.0,475.7
590,1,car,0.1101,1281.5,626.5,1342.0,699.9
590,2,large_vehicle,0.1022,558.8,498.0,647.9,550.3
591,1,car,0.8500,1057.8,602.1,1163.1,678.0
591,1,car,0.7262,559.4,497.9,647.9,550.4
591,0,person,0.5765,1137.5,450.5,1151.2,487.9
591,1,car,0.5344,1154.2,516.7,1237.8,571.9
591,1,car,0.5338,951.6,432.0,1023.0,475.8
591,0,person,0.2825,981.3,523.1,1003.1,578.4
591,2,large_vehicle,0.2414,1154.2,516.7,1237.8,571.9
591,1,car,0.2226,0.0,716.9,31.1,785.6
591,2,large_vehicle,0.1942,951.6,432.0,1023.0,475.8
592,1,car,0.8482,1057.8,602.1,1163.1,678.0
592,1,car,0.7280,559.3,497.9,647.9,550.4
592,0,person,0.5546,1137.5,450.5,1151.2,487.8
592,1,car,0.5300,1154.2,516.7,1237.8,571.9
592,1,car,0.5223,951.7,432.0,1022.9,475.8
592,0,person,0.2687,981.4,523.1,1003.1,578.3
592,2,large_vehicle,0.2448,1154.2,516.7,1237.8,571.9
592,1,car,0.2327,0.0,717.0,31.1,785.6
592,2,large_vehicle,0.2031,951.7,432.0,1022.9,475.8
592,1,car,0.1087,1281.5,626.8,1342.0,699.9
593,1,car,0.8436,1064.0,599.5,1168.8,676.0
593,1,car,0.6989,558.0,497.6,648.2,550.3
593,0,person,0.6424,1136.7,450.5,1150.6,487.9
593,1,car,0.5066,951.4,432.0,1022.9,475.7
593,0,person,0.4164,978.6,522.4,1000.6,573.2
593,2,large_vehicle,0.3312,1149.5,518.2,1230.3,573.6
593,2,large_vehicle,0.2950,1149.3,518.6,1220.6,574.3
593,1,car,0.2686,1149.3,518.6,1220.6,574.3
593,2,large_vehicle,0.1900,951.4,432.0,1022.9,475.7
593,1,car,0.1120,1149.5,518.2,1230.3,573.6
593,2,large_vehicle,0.1034,558.0,497.6,648.2,550.3
594,1,car,0.8482,1064.0,599.5,1168.8,676.0
594,1,car,0.7316,556.1,497.5,648.5,550.3
594,0,person,0.6184,1136.7,450.6,1150.6,487.9
594,1,car,0.5187,951.2,432.1,1023.0,475.7
594,0,person,0.4121,978.6,522.4,1000.6,572.9
594,2,large_vehicle,0.3879,1149.5,517.9,1231.4,573.6
594,1,car,0.2701,1149.3,518.5,1220.8,574.3
594,2,large_vehicle,0.2653,1149.3,518.5,1220.8,574.3
594,2,large_vehicle,0.1825,951.2,432.1,1023.0,475.7
594,1,car,0.1345,1149.5,517.9,1231.4,573.6
595,1,car,0.9020,1069.3,598.5,1171.7,672.5
595,1,car,0.7797,558.0,498.1,648.6,550.2
595,1,car,0.5587,950.7,431.8,1022.9,475.6
595,2,large_vehicle,0.5524,1143.3,520.0,1220.3,576.9
595,0,person,0.4676,977.5,522.4,999.2,579.3
595,0,person,0.3555,1136.7,450.7,1150.7,487.8
595,0,person,0.3403,1136.6,453.2,1150.4,488.7
595,1,car,0.2003,0.1,711.6,21.6,778.2
595,2,large_vehicle,0.1495,950.7,431.8,1022.9,475.6
595,1,car,0.1248,1143.3,520.0,1220.3,576.9
596,1,car,0.9025,1069.3,598.6,1171.8,672.5
596,1,car,0.7768,557.3,497.8,648.7,550.2
596,1,car,0.5799,950.6,432.1,1022.9,475.6
596,2,large_vehicle,0.5441,1143.4,520.0,1220.0,576.9
596,0,person,0.4453,977.6,522.4,999.2,579.1
596,0,person,0.4259,1136.5,453.2,1150.4,488.7
596,0,person,0.2562,1136.6,450.8,1150.7,487.8
596,1,car,0.1963,0.1,711.5,21.5,778.4
596,2,large_vehicle,0.1330,950.6,432.1,1022.9,475.6
596,1,car,0.1289,1143.4,520.0,1220.0,576.9
597,1,car,0.9020,1069.3,598.5,1171.7,672.5
597,1,car,0.7768,558.9,498.1,648.9,550.2
597,1,car,0.5661,950.7,432.0,1023.0,475.6
597,2,large_vehicle,0.5514,1143.4,520.1,1220.0,576.9
597,0,person,0.4519,977.6,522.4,999.2,579.1
597,0,person,0.4125,1136.6,453.2,1150.4,488.7
597,0,person,0.2666,1136.7,450.8,1150.7,487.7
597,1,car,0.1937,0.1,711.4,21.4,778.2
597,2,large_vehicle,0.1475,950.7,432.0,1023.0,475.6
597,1,car,0.1249,1143.4,520.1,1220.0,576.9
598,1,car,0.8768,1075.0,596.5,1175.9,670.9
598,1,car,0.7602,559.1,498.0,648.6,550.1
598,0,person,0.5893,1136.5,451.9,1150.5,487.1
598,1,car,0.5548,951.1,432.0,1023.2,475.7
598,2,large_vehicle,0.4327,1137.1,523.4,1208.7,579.3
598,1,car,0.2631,1137.1,523.4,1208.7,579.3
598,0,person,0.2420,976.7,523.6,996.8,567.5
598,2,large_vehicle,0.1718,951.1,432.0,1023.2,475.7
598,0,person,0.1513,973.3,523.4,994.6,565.4
598,0,person,0.1301,978.2,523.7,995.6,557.6
598,1,car,0.1144,0.0,712.4,16.0,792.4
599,1,car,0.8766,1075.0,596.5,1175.8,670.9
599,1,car,0.7556,559.2,497.9,648.5,550.1
599,0,person,0.5854,1136.5,452.0,1150.6,487.1
599,1,car,0.5492,951.1,432.1,1023.2,475.7
599,2,large_vehicle,0.4322,1137.1,523.4,1208.5,579.3
599,0,person,0.2767,976.9,523.6,996.8,567.9
599,1,car,0.2577,1137.1,523.4,1208.5,579.3
599,2,large_vehicle,0.1661,951.1,432.1,1023.2,475.7
599,0,person,0.1400,973.3,523.4,994.7,565.8
599,1,car,0.1187,0.0,712.4,15.9,792.8
599,0,person,0.1149,978.3,523.7,995.6,557.5
599,1,car,0.1000,0.1,707.5,18.4,796.2
600,1,car,0.8970,1081.2,595.2,1181.2,667.4
600,1,car,0.7524,559.5,498.0,648.1,550.1
600,1,car,0.6508,1130.1,525.2,1205.3,581.1
600,1,car,0.5146,951.9,432.1,1022.6,475.7
600,0,person,0.4673,1136.6,450.3,1150.2,485.3
600,0,person,0.2231,971.2,523.3,993.9,573.1
600,0,person,0.2013,975.8,523.9,995.3,575.9
600,2,large_vehicle,0.2005,951.9,432.1,1022.6,475.7
600,4,other_vehicle,0.1254,961.2,551.4,1014.3,584.5
601,1,car,0.8966,1081.2,595.2,1181.2,667.4
601,1,car,0.7463,559.5,497.8,648.1,550.1
601,1,car,0.6527,1130.1,525.2,1205.3,581.1
601,1,car,0.5146,951.9,432.1,1022.6,475.7
601,0,person,0.4649,1136.6,450.4,1150.2,485.3
601,0,person,0.2273,971.1,523.3,993.9,573.2
601,0,person,0.2048,975.7,523.9,995.3,576.0
601,2,large_vehicle,0.1975,951.9,432.1,1022.6,475.7
601,4,other_vehicle,0.1324,960.8,551.5,1014.2,584.5
602,1,car,0.8968,1081.2,595.2,1181.2,667.4
602,1,car,0.7378,560.5,498.1,647.9,550.0
602,1,car,0.6577,1130.2,525.2,1205.6,581.1
602,1,car,0.5071,952.1,432.1,1022.9,475.7
602,0,person,0.4595,1136.6,450.6,1150.2,485.4
602,0,person,0.2220,971.1,523.2,993.9,572.7
602,2,large_vehicle,0.1958,952.1,432.1,1022.9,475.7
602,0,person,0.1920,975.8,523.9,995.3,575.8
602,4,other_vehicle,0.1095,960.8,551.5,1014.2,584.6
602,1,car,0.1085,1281.6,627.0,1342.0,699.3
603,1,car,0.8730,1086.6,593.0,1185.0,665.6
603,1,car,0.6935,558.9,497.5,648.3,550.3
603,1,car,0.5247,951.3,432.2,1022.7,475.7
603,1,car,0.4488,1123.4,525.9,1208.2,584.6
603,2,large_vehicle,0.4349,1123.4,525.9,1208.2,584.6
603,0,person,0.4181,1136.4,451.4,1149.7,484.7
603,0,person,0.2554,969.9,524.2,992.5,569.4
603,2,large_vehicle,0.1789,951.3,432.2,1022.7,475.7
603,2,large_vehicle,0.1040,558.9,497.5,648.3,550.3
604,1,car,0.8721,1086.7,593.0,1184.9,665.4
604,1,car,0.6997,558.5,497.6,648.1,550.2
604,1,car,0.5220,951.4,432.2,1022.7,475.7
604,1,car,0.4788,1123.1,525.9,1208.2,584.6
604,2,large_vehicle,0.4092,1123.1,525.9,1208.2,584.6
604,0,person,0.3482,1136.3,453.3,1149.6,485.1
604,0,person,0.2578,970.0,524.4,992.2,569.0
604,2,large_vehicle,0.1829,951.4,432.2,1022.7,475.7
604,2,large_vehicle,0.1035,558.5,497.6,648.1,550.2
605,1,car,0.8737,1092.5,591.3,1188.8,663.5
605,1,car,0.7469,560.9,498.3,648.2,549.8
605,1,car,0.5813,950.1,431.8,1022.8,475.6
605,2,large_vehicle,0.5122,1117.8,528.7,1201.0,586.1
605,0,person,0.3943,1135.5,452.6,1150.2,486.3
605,0,person,0.3466,969.8,525.2,991.1,577.5
605,1,car,0.2688,1117.8,528.7,1201.0,586.1
605,4,other_vehicle,0.1530,950.3,550.5,1001.0,584.2
605,2,large_vehicle,0.1383,950.1,431.8,1022.8,475.6
605,0,person,0.1060,1135.0,457.4,1150.5,487.8
606,1,car,0.8752,1092.5,591.3,1189.0,663.5
606,1,car,0.7544,561.3,498.5,648.1,549.9
606,1,car,0.5787,950.4,431.7,1022.8,475.6
606,2,large_vehicle,0.5071,1117.7,528.8,1198.4,586.1
606,0,person,0.3450,969.9,525.1,991.2,577.6
606,0,person,0.3326,1135.6,453.4,1150.4,486.3
606,1,car,0.2491,1117.7,528.8,1198.4,586.1
606,0,person,0.1769,1134.8,457.6,1151.1,487.8
606,2,large_vehicle,0.1510,950.4,431.7,1022.8,475.6
606,4,other_vehicle,0.1386,951.2,550.5,1000.6,584.1
607,1,car,0.8836,1097.7,590.8,1191.9,660.6
607,1,car,0.7710,559.8,498.3,648.2,549.9
607,2,large_vehicle,0.6305,1110.6,529.5,1183.6,587.7
607,1,car,0.5837,951.3,432.2,1022.9,475.5
607,0,person,0.4078,967.6,524.5,989.5,580.1
607,4,other_vehicle,0.2425,949.8,549.4,999.0,584.9
607,0,person,0.2193,1135.5,453.2,1149.4,486.1
607,0,person,0.1795,1134.6,457.5,1149.9,487.8
607,1,car,0.1562,1281.7,626.2,1342.0,699.7
607,2,large_vehicle,0.1477,951.3,432.2,1022.9,475.5
608,1,car,0.8836,1097.7,590.8,1191.8,660.7
608,1,car,0.7796,559.7,498.4,648.1,549.9
608,2,large_vehicle,0.6484,1110.6,529.6,1183.4,587.7
608,1,car,0.5661,951.4,432.3,1023.1,475.5
608,0,person,0.3970,967.6,524.5,989.5,580.0
608,0,person,0.2443,1135.4,452.9,1149.3,486.3
608,4,other_vehicle,0.2402,949.8,549.6,999.3,585.0
608,0,person,0.1545,1134.7,457.5,1149.7,487.9
608,2,large_vehicle,0.1455,951.4,432.3,1023.1,475.5
608,1,car,0.1433,1281.7,626.2,1342.0,699.6
609,1,car,0.8860,1103.4,588.0,1196.7,658.9
609,1,car,0.7559,559.7,498.0,648.0,550.0
609,2,large_vehicle,0.5734,1104.4,532.9,1179.2,590.7
609,1,car,0.5519,951.7,432.0,1022.8,475.6
609,4,other_vehicle,0.3095,949.3,550.9,1001.7,585.0
609,2,large_vehicle,0.3081,1104.8,532.8,1178.6,590.6
609,0,person,0.2664,1135.3,451.4,1148.9,486.6
609,0,person,0.2170,967.3,523.8,986.6,575.6
609,0,person,0.1727,1133.9,452.0,1147.0,486.2
609,2,large_vehicle,0.1726,951.7,432.0,1022.8,475.6
609,1,car,0.1167,1281.8,627.0,1342.0,699.1
610,1,car,0.8854,1103.4,588.0,1196.7,658.9
610,1,car,0.7515,560.0,498.1,648.0,549.9
610,2,large_vehicle,0.5692,1104.4,532.9,1179.2,590.7
610,1,car,0.5517,951.7,432.0,1022.8,475.6
610,2,large_vehicle,0.3158,1104.8,532.8,1178.6,590.6
610,4,other_vehicle,0.3071,949.3,550.9,1001.6,584.9
610,0,person,0.2660,1135.3,451.3,1149.0,486.6
610,0,person,0.2165,967.3,523.8,986.6,575.6
610,0,person,0.1770,1133.9,451.8,1147.0,486.2
610,2,large_vehicle,0.1726,951.7,432.0,1022.8,475.6
610,1,car,0.1116,1281.8,627.0,1342.0,699.1
611,1,car,0.8860,1103.3,588.0,1196.7,658.9
611,1,car,0.7584,559.6,498.2,647.9,549.9
611,1,car,0.5473,951.8,431.9,1022.9,475.5
611,2,large_vehicle,0.5152,1104.4,532.9,1179.2,590.7
611,2,large_vehicle,0.3422,1104.8,532.8,1178.5,590.6
611,4,other_vehicle,0.3153,949.4,550.9,1001.7,585.0
611,0,person,0.2777,1135.3,451.5,1148.9,486.6
611,0,person,0.2197,967.3,523.8,986.6,575.7
611,2,large_vehicle,0.1827,951.8,431.9,1022.9,475.5
611,0,person,0.1705,1133.9,452.0,1147.0,486.2
612,1,car,0.8642,1108.1,586.7,1200.8,656.0
612,1,car,0.7683,560.5,497.8,648.6,550.0
612,1,car,0.4947,951.2,431.9,1022.6,475.7
612,1,car,0.3626,1097.2,534.3,1171.2,592.9
612,0,person,0.2652,1135.1,450.8,1149.2,486.7
612,2,large_vehicle,0.2462,1097.2,534.3,1171.2,592.9
612,0,person,0.2362,1133.8,451.4,1147.0,486.4
612,0,person,0.2262,964.5,523.6,985.3,581.0
612,2,large_vehicle,0.2097,951.2,431.9,1022.6,475.7
612,0,person,0.1676,960.2,523.6,983.6,577.0
612,1,car,0.1177,1281.7,625.9,1342.0,699.8
613,1,car,0.8664,1108.0,586.8,1200.8,656.0
613,1,car,0.7692,560.1,497.8,648.6,549.9
613,1,car,0.4891,951.2,431.9,1022.6,475.7
613,1,car,0.3633,1097.3,534.4,1171.2,592.8
613,0,person,0.2693,1135.0,450.1,1149.2,486.7
613,0,person,0.2666,1133.7,450.6,1147.1,486.5
613,0,person,0.2663,964.7,523.8,984.9,578.3
613,2,large_vehicle,0.2589,1097.3,534.4,1171.2,592.8
613,2,large_vehicle,0.2160,951.2,431.9,1022.6,475.7
613,0,person,0.1926,960.1,523.6,983.7,576.9
613,1,car,0.1189,1281.7,625.9,1342.0,699.8
614,1,car,0.8154,1113.0,584.5,1204.4,655.0
614,1,car,0.7695,561.5,498.4,648.0,550.1
614,1,car,0.4805,950.4,431.2,1022.6,475.6
614,2,large_vehicle,0.4274,1091.0,536.6,1169.0,596.1
614,0,person,0.3487,1133.5,449.6,1147.1,486.3
614,0,person,0.3304,959.3,525.7,982.4,578.8
614,0,person,0.2887,964.0,525.6,983.4,579.5
614,4,other_vehicle,0.2187,1091.0,536.6,1169.0,596.1
614,2,large_vehicle,0.2142,950.4,431.2,1022.6,475.6
614,0,person,0.1666,1134.9,449.0,1149.1,486.5
615,1,car,0.8173,1113.0,584.5,1204.3,655.0
615,1,car,0.7775,560.1,498.0,648.3,550.1
615,1,car,0.4811,950.5,431.5,1022.6,475.6
615,2,large_vehicle,0.4352,1091.1,536.6,1169.1,596.0
615,0,person,0.3802,959.1,525.6,982.5,578.8
615,0,person,0.3615,1133.4,449.6,1147.0,486.4
615,0,person,0.2360,963.7,525.5,983.6,579.5
615,2,large_vehicle,0.2113,950.5,431.5,1022.6,475.6
615,4,other_vehicle,0.1894,1091.1,536.6,1169.1,596.0
615,0,person,0.1483,1134.9,448.7,1149.0,486.6
616,1,car,0.8163,1113.0,584.5,1204.3,655.0
616,1,car,0.7782,560.1,498.1,648.3,550.1
616,1,car,0.4825,950.5,431.5,1022.6,475.6
616,2,large_vehicle,0.4370,1091.1,536.6,1169.1,596.1
616,0,person,0.3691,1133.4,449.7,1147.0,486.4
616,0,person,0.3321,959.2,525.7,982.4,578.8
616,0,person,0.2778,963.9,525.6,983.4,579.5
616,2,large_vehicle,0.2108,950.5,431.5,1022.6,475.6
616,4,other_vehicle,0.1874,1091.1,536.6,1169.1,596.1
616,0,person,0.1495,1134.9,449.1,1149.0,486.6
617,1,car,0.8457,1117.2,582.3,1208.9,652.6
617,1,car,0.7775,557.6,497.8,648.8,550.1
617,1,car,0.4464,951.2,431.8,1022.8,475.7
617,1,car,0.4197,1082.9,538.8,1163.2,599.3
617,0,person,0.4147,1133.3,449.4,1146.8,486.7
617,0,person,0.3902,958.5,523.9,979.7,574.1
617,2,large_vehicle,0.3338,1082.9,538.8,1163.2,599.3
617,2,large_vehicle,0.2494,951.2,431.8,1022.8,475.7
617,4,other_vehicle,0.1100,945.9,550.9,999.0,584.6
618,1,car,0.8461,1117.2,582.3,1209.0,652.6
618,1,car,0.7706,558.8,497.9,648.8,550.0
618,0,person,0.4484,1133.2,449.1,1146.8,486.6
618,1,car,0.4418,951.2,431.7,1022.8,475.7
618,1,car,0.4270,1082.9,538.8,1163.2,599.3
618,0,person,0.3942,958.5,524.0,979.8,574.1
618,2,large_vehicle,0.3249,1082.9,538.8,1163.2,599.3
618,2,large_vehicle,0.2501,951.2,431.7,1022.8,475.7
618,4,other_vehicle,0.1202,946.0,550.9,999.1,584.5
619,1,car,0.8051,1123.1,580.8,1212.3,650.0
619,1,car,0.7374,560.1,497.4,648.2,550.3
619,0,person,0.5513,958.8,523.2,977.6,574.4
619,2,large_vehicle,0.5130,1075.5,540.1,1156.0,601.6
619,1,car,0.4731,951.6,431.4,1022.7,475.7
619,0,person,0.4627,1133.0,449.2,1146.7,486.5
619,2,large_vehicle,0.2194,951.6,431.4,1022.7,475.7
619,1,car,0.2060,1075.5,540.1,1156.0,601.6
619,4,other_vehicle,0.1327,944.4,549.7,998.0,583.9
619,4,other_vehicle,0.1022,941.8,549.1,998.3,582.8
620,1,car,0.8048,1123.2,580.8,1212.3,649.9
620,1,car,0.7352,560.7,497.7,648.2,550.2
620,0,person,0.5619,958.8,523.2,977.7,574.5
620,2,large_vehicle,0.5191,1075.5,540.2,1155.9,601.6
620,1,car,0.4805,951.6,431.6,1022.6,475.7
620,0,person,0.4752,1133.0,449.2,1146.6,486.6
620,2,large_vehicle,0.2180,951.6,431.6,1022.6,475.7
620,1,car,0.2011,1075.5,540.2,1155.9,601.6
620,4,other_vehicle,0.1358,944.4,549.6,998.0,583.9
620,4,other_vehicle,0.1038,941.7,549.1,998.3,582.7
621,1,car,0.8013,1123.1,580.8,1212.3,650.0
621,1,car,0.7237,560.0,497.5,648.2,550.2
621,0,person,0.5464,958.5,523.3,977.6,574.7
621,0,person,0.5074,1133.0,449.3,1146.6,486.9
621,2,large_vehicle,0.4965,1075.4,540.2,1155.9,601.6
621,1,car,0.4814,951.4,431.4,1022.8,475.6
621,2,large_vehicle,0.2240,951.4,431.4,1022.8,475.6
621,1,car,0.2137,1075.4,540.2,1155.9,601.6
621,4,other_vehicle,0.1341,944.7,549.6,997.9,583.7
621,1,car,0.1239,1281.7,624.2,1342.0,699.6
621,4,other_vehicle,0.1028,942.1,549.0,998.3,582.7
622,1,car,0.7956,1128.4,579.4,1215.4,648.0
622,1,car,0.7577,559.0,497.3,648.6,550.3
622,1,car,0.4608,951.2,431.4,1022.9,475.5
622,0,person,0.4473,1132.7,448.9,1146.6,487.3
622,2,large_vehicle,0.3963,1069.2,542.0,1149.8,605.1
622,0,person,0.3477,953.3,524.0,975.4,577.5
622,0,person,0.2860,949.0,524.1,974.2,576.1
622,1,car,0.2391,1069.2,542.0,1149.8,605.1
622,4,other_vehicle,0.1973,941.8,547.5,995.8,583.7
622,2,large_vehicle,0.1920,951.2,431.4,1022.9,475.5
623,1,car,0.7911,1128.4,579.4,1215.4,648.0
623,1,car,0.7439,559.9,497.3,648.5,550.1
623,1,car,0.4905,951.1,431.6,1022.9,475.5
623,0,person,0.4470,1132.7,449.0,1146.5,487.3
623,2,large_vehicle,0.3657,1069.2,542.1,1150.0,605.1
623,0,person,0.3494,953.4,524.0,975.4,577.6
623,0,person,0.2840,949.0,524.1,974.2,576.2
623,1,car,0.2737,1069.2,542.1,1150.0,605.1
623,4,other_vehicle,0.2136,942.0,547.5,995.8,583.7
623,2,large_vehicle,0.1816,951.1,431.6,1022.9,475.5
623,1,car,0.1552,1281.7,624.2,1342.0,699.2
624,1,car,0.8680,1132.2,578.0,1217.5,645.1
624,1,car,0.7528,560.7,498.1,648.4,550.1
624,1,car,0.6492,1061.5,544.0,1144.1,606.9
624,4,other_vehicle,0.5352,941.2,547.5,992.3,580.7
624,0,person,0.4602,1132.8,448.8,1146.5,487.6
624,0,person,0.4103,952.7,524.8,973.7,576.4
624,1,car,0.4073,950.8,431.2,1022.8,475.5
624,0,person,0.3586,948.7,525.6,971.7,575.4
624,2,large_vehicle,0.2605,950.8,431.2,1022.8,475.5
624,3,motorcycle,0.1958,941.2,547.5,992.3,580.7
625,1,car,0.8683,1132.2,578.0,1217.5,645.1
625,1,car,0.7578,560.7,498.2,648.4,550.1
625,1,car,0.6563,1061.5,544.0,1144.2,606.9
625,4,other_vehicle,0.5314,941.2,547.4,992.3,580.7
625,0,person,0.4605,1132.7,448.7,1146.5,487.5
625,0,person,0.4101,952.7,524.8,973.7,576.4
625,1,car,0.4062,950.8,431.2,1022.8,475.5
625,0,person,0.3606,948.7,525.6,971.7,575.4
625,2,large_vehicle,0.2615,950.8,431.2,1022.8,475.5
625,3,motorcycle,0.1990,941.2,547.4,992.3,580.7
626,1,car,0.8669,1132.2,577.9,1217.5,645.0
626,1,car,0.7561,560.6,498.2,648.3,550.1
626,1,car,0.6507,1061.6,544.0,1144.1,606.9
626,4,other_vehicle,0.5453,941.3,547.6,992.3,580.7
626,0,person,0.4674,1132.8,448.8,1146.5,487.6
626,1,car,0.4156,950.6,431.2,1022.9,475.5
626,0,person,0.4017,952.6,524.8,973.7,576.2
626,0,person,0.3691,948.7,525.7,971.7,575.2
626,2,large_vehicle,0.2504,950.6,431.2,1022.9,475.5
626,3,motorcycle,0.2009,941.3,547.6,992.3,580.7
627,1,car,0.8200,1136.8,576.5,1220.5,643.0
627,1,car,0.7582,558.1,497.5,648.5,549.9
627,2,large_vehicle,0.6841,1053.0,546.5,1136.9,609.6
627,0,person,0.4664,1132.4,448.3,1146.4,487.6
627,1,car,0.4178,952.2,431.9,1023.2,475.6
627,0,person,0.3664,948.5,526.1,969.5,569.2
627,3,motorcycle,0.3565,943.5,538.9,973.2,570.7
627,2,large_vehicle,0.2268,952.2,431.9,1023.2,475.6
627,0,person,0.2145,951.0,524.8,968.0,561.7
627,3,motorcycle,0.1824,942.1,546.0,975.9,575.5
627,3,motorcycle,0.1629,941.0,546.2,986.1,578.2
627,1,car,0.1568,1053.0,546.5,1136.9,609.6
627,0,person,0.1294,953.0,526.4,971.7,568.7
628,1,car,0.8241,1136.8,576.5,1220.5,643.0
628,1,car,0.7610,558.0,497.5,648.5,549.9
628,2,large_vehicle,0.6354,1052.9,546.7,1137.7,609.6
628,0,person,0.4918,1132.3,448.9,1146.2,487.4
628,1,car,0.4236,952.2,431.9,1023.1,475.6
628,0,person,0.3676,948.5,526.0,969.5,569.3
628,3,motorcycle,0.3492,943.6,538.8,973.2,570.7
628,2,large_vehicle,0.2287,952.2,431.9,1023.1,475.6
628,0,person,0.2109,951.0,524.7,968.0,561.7
628,1,car,0.1979,1052.9,546.7,1137.7,609.6
628,3,motorcycle,0.1867,942.2,545.9,975.6,575.6
628,3,motorcycle,0.1432,941.1,546.1,985.5,578.2
628,0,person,0.1307,953.0,526.4,971.7,568.9
629,1,car,0.6431,560.1,497.1,648.2,550.1
629,2,large_vehicle,0.5301,1044.9,547.8,1131.7,613.2
629,1,car,0.4888,1142.5,573.7,1224.3,641.1
629,2,large_vehicle,0.4701,1142.5,573.7,1224.3,641.1
629,0,person,0.4224,945.9,524.8,967.4,569.8
629,1,car,0.3824,951.9,431.6,1022.7,475.8
629,0,person,0.3339,1132.3,448.3,1145.8,487.3
629,3,motorcycle,0.3264,932.6,545.9,971.4,577.7
629,1,car,0.2907,1044.9,547.8,1131.7,613.2
629,2,large_vehicle,0.2884,951.9,431.6,1022.7,475.8
629,1,car,0.1582,1281.7,623.7,1342.0,699.7
629,2,large_vehicle,0.1525,560.1,497.1,648.2,550.1
629,0,person,0.1172,948.0,524.1,965.1,560.7
629,4,other_vehicle,0.1040,932.6,545.9,971.4,577.7
630,1,car,0.6428,559.7,497.0,648.2,550.2
630,2,large_vehicle,0.5213,1044.8,547.8,1131.6,613.3
630,1,car,0.4871,1142.5,573.7,1224.3,641.1
630,2,large_vehicle,0.4696,1142.5,573.7,1224.3,641.1
630,0,person,0.4165,946.4,524.7,967.4,570.1
630,1,car,0.3735,951.8,431.7,1022.5,475.8
630,0,person,0.3102,1132.3,448.3,1145.8,487.3
630,1,car,0.3010,1044.8,547.8,1131.6,613.3
630,3,motorcycle,0.2846,934.5,545.3,969.8,578.1
630,2,large_vehicle,0.2698,951.8,431.7,1022.5,475.8
630,2,large_vehicle,0.1406,559.7,497.0,648.2,550.2
630,0,person,0.1217,948.1,524.1,965.1,560.5
630,1,car,0.1127,1281.8,624.0,1342.0,699.7
631,1,car,0.6821,562.2,497.4,648.5,550.1
631,1,car,0.5984,1145.8,572.5,1230.3,640.3
631,0,person,0.5371,944.9,524.3,965.0,574.3
631,2,large_vehicle,0.4595,1037.8,550.4,1124.5,616.1
631,1,car,0.4302,1037.8,550.4,1124.5,616.1
631,1,car,0.3983,951.0,431.5,1022.4,475.8
631,0,person,0.2691,1131.9,448.2,1145.7,487.2
631,2,large_vehicle,0.2678,1145.8,572.5,1230.3,640.3
631,3,motorcycle,0.2526,929.0,546.5,968.9,578.1
631,2,large_vehicle,0.2156,951.0,431.5,1022.4,475.8
632,1,car,0.6754,560.0,497.0,648.3,550.1
632,1,car,0.6066,1145.8,572.4,1230.3,640.3
632,0,person,0.5282,944.9,524.3,965.0,574.3
632,2,large_vehicle,0.4544,1037.8,550.3,1124.4,616.1
632,1,car,0.4348,1037.8,550.3,1124.4,616.1
632,1,car,0.4202,950.9,431.6,1022.5,475.7
632,2,large_vehicle,0.2591,1145.8,572.4,1230.3,640.3
632,0,person,0.2565,1131.9,448.3,1145.6,487.2
632,3,motorcycle,0.2523,928.6,546.5,968.9,578.1
632,2,large_vehicle,0.1825,950.9,431.6,1022.5,475.7
633,1,car,0.7427,561.6,498.2,648.3,550.1
633,1,car,0.7347,1150.5,571.4,1232.2,637.0
633,2,large_vehicle,0.6320,1029.8,552.1,1116.9,619.0
633,0,person,0.4761,942.5,524.3,962.6,578.1
633,1,car,0.4401,950.9,431.6,1022.3,475.6
633,0,person,0.3079,1131.5,448.1,1145.5,487.1
633,1,car,0.2230,1029.8,552.1,1116.9,619.0
633,2,large_vehicle,0.1991,950.9,431.6,1022.3,475.6
633,3,motorcycle,0.1528,927.6,544.9,966.4,578.6
633,0,person,0.1419,939.4,524.5,960.6,575.6
633,3,motorcycle,0.1294,927.0,545.0,983.4,580.7
633,2,large_vehicle,0.1064,1150.5,571.4,1232.2,637.0
634,1,car,0.7397,561.5,498.1,648.3,550.1
634,1,car,0.7364,1150.5,571.4,1232.2,637.0
634,2,large_vehicle,0.6292,1029.8,552.1,1116.9,619.0
634,0,person,0.4800,942.5,524.3,962.6,578.1
634,1,car,0.4454,951.1,431.6,1022.3,475.6
634,0,person,0.3058,1131.5,448.1,1145.5,487.1
634,1,car,0.2261,1029.8,552.1,1116.9,619.0
634,2,large_vehicle,0.1963,951.1,431.6,1022.3,475.6
634,3,motorcycle,0.1513,927.6,544.9,966.3,578.6
634,0,person,0.1396,939.4,524.5,960.6,575.6
634,3,motorcycle,0.1313,927.0,545.0,983.4,580.7
634,2,large_vehicle,0.1047,1150.5,571.4,1232.2,637.0
635,1,car,0.7342,561.7,498.2,648.3,550.1
635,1,car,0.7264,1150.5,571.5,1232.2,636.9
635,2,large_vehicle,0.6404,1029.8,552.2,1116.9,619.0
635,1,car,0.4985,950.8,431.8,1022.4,475.5
635,0,person,0.4748,942.5,524.3,962.6,578.1
635,0,person,0.3051,1131.5,448.2,1145.4,487.1
635,1,car,0.2153,1029.8,552.2,1116.9,619.0
635,2,large_vehicle,0.1617,950.8,431.8,1022.4,475.5
635,3,motorcycle,0.1463,927.6,545.0,966.1,578.5
635,0,person,0.1357,939.4,524.5,960.5,575.6
635,3,motorcycle,0.1352,927.0,545.1,983.4,580.6
635,2,large_vehicle,0.1188,1150.5,571.5,1232.2,636.9
636,1,car,0.7248,556.8,497.0,648.6,550.1
636,1,car,0.6501,1155.0,568.6,1233.0,634.9
636,1,car,0.6303,1020.7,554.3,1111.0,622.2
636,1,car,0.4549,950.8,431.2,1022.3,475.8
636,0,person,0.4212,1130.9,447.6,1144.9,486.0
636,3,motorcycle,0.3042,929.6,534.6,959.8,569.4
636,0,person,0.2240,940.3,524.3,957.4,561.2
636,2,large_vehicle,0.2190,1020.7,554.3,1111.0,622.2
636,0,person,0.2059,936.4,525.4,959.4,567.1
636,2,large_vehicle,0.2045,1155.0,568.6,1233.0,634.9
636,2,large_vehicle,0.1901,950.8,431.2,1022.3,475.8
636,3,motorcycle,0.1541,931.1,540.4,959.5,577.7
636,0,person,0.1296,942.2,525.0,960.3,568.3
636,0,person,0.1163,943.5,523.7,960.1,560.0
636,1,car,0.1096,1282.1,624.3,1342.0,699.8
637,1,car,0.7224,556.7,496.9,648.6,550.1
637,1,car,0.6353,1020.7,554.6,1111.1,622.2
637,1,car,0.6200,1155.0,568.7,1232.9,634.8
637,1,car,0.4605,950.6,431.3,1022.4,475.7
637,0,person,0.4185,1131.0,448.2,1144.7,486.0
637,3,motorcycle,0.2819,929.7,534.5,959.7,569.6
637,2,large_vehicle,0.2409,1155.0,568.7,1232.9,634.8
637,0,person,0.2191,940.3,524.3,957.4,561.2
637,2,large_vehicle,0.2155,1020.7,554.6,1111.1,622.2
637,0,person,0.2135,936.4,525.3,959.3,567.2
637,2,large_vehicle,0.1833,950.6,431.3,1022.4,475.7
637,3,motorcycle,0.1583,931.1,540.4,959.5,577.8
637,0,person,0.1329,942.2,525.0,960.2,568.6
637,1,car,0.1154,1282.0,624.1,1342.0,699.8
637,0,person,0.1101,943.4,523.6,960.0,559.9
638,1,car,0.7027,559.1,497.1,648.3,550.0
638,1,car,0.6461,1159.3,568.4,1236.7,632.4
638,2,large_vehicle,0.4908,1011.1,557.0,1104.2,624.3
638,1,car,0.3875,951.7,431.1,1022.6,475.6
638,0,person,0.3865,1130.4,448.5,1144.4,485.3
638,0,person,0.3551,936.0,526.0,956.7,569.7
638,1,car,0.3527,1011.1,557.0,1104.2,624.3
638,2,large_vehicle,0.3022,951.7,431.1,1022.6,475.6
638,2,large_vehicle,0.2555,1159.3,568.4,1236.7,632.4
638,3,motorcycle,0.1797,928.6,544.2,958.6,578.3
638,0,person,0.1676,938.4,525.4,955.0,559.6
638,1,car,0.1377,1282.1,622.3,1342.0,699.0
638,2,large_vehicle,0.1089,559.1,497.1,648.3,550.0
639,1,car,0.6966,559.1,497.3,648.1,550.0
639,1,car,0.6536,1159.3,568.3,1236.8,632.4
639,2,large_vehicle,0.4879,1011.0,556.9,1104.2,624.3
639,1,car,0.3894,951.8,431.4,1022.4,475.7
639,1,car,0.3604,1011.0,556.9,1104.2,624.3
639,0,person,0.3567,1130.4,449.1,1144.1,485.3
639,0,person,0.3316,935.9,526.1,956.7,569.1
639,2,large_vehicle,0.3060,951.8,431.4,1022.4,475.7
639,2,large_vehicle,0.2496,1159.3,568.3,1236.8,632.4
639,0,person,0.1728,938.4,525.3,955.0,559.4
639,2,large_vehicle,0.1163,559.1,497.3,648.1,550.0
639,1,car,0.1120,1282.1,622.0,1342.0,699.0
639,3,motorcycle,0.1112,930.5,543.8,957.7,578.2
640,1,car,0.6958,559.2,497.4,648.0,550.0
640,1,car,0.6599,1159.3,568.3,1236.8,632.4
640,2,large_vehicle,0.4850,1011.0,557.0,1104.2,624.3
640,1,car,0.3906,951.8,431.4,1022.4,475.7
640,0,person,0.3878,1130.5,448.4,1144.2,485.0
640,1,car,0.3613,1011.0,557.0,1104.2,624.3
640,0,person,0.3412,935.9,526.1,956.7,569.4
640,2,large_vehicle,0.3060,951.8,431.4,1022.4,475.7
640,2,large_vehicle,0.2409,1159.3,568.3,1236.8,632.4
640,0,person,0.1687,938.3,525.4,955.0,559.6
640,3,motorcycle,0.1506,929.3,544.0,958.3,578.2
640,2,large_vehicle,0.1212,559.2,497.4,648.0,550.0
640,1,car,0.1151,1282.1,621.9,1342.0,699.0
641,1,car,0.6680,560.7,497.0,647.9,549.9
641,1,car,0.6419,1162.6,567.5,1241.9,630.0
641,1,car,0.5465,1002.0,560.0,1096.3,627.5
641,1,car,0.5193,951.4,431.8,1022.3,475.6
641,3,motorcycle,0.5062,919.7,544.5,962.8,576.5
641,0,person,0.3876,934.4,525.4,954.9,570.3
641,0,person,0.3378,1129.7,449.8,1143.5,485.6
641,2,large_vehicle,0.2820,1162.6,567.5,1241.9,630.0
641,2,large_vehicle,0.2077,1002.0,560.0,1096.3,627.5
641,2,large_vehicle,0.1926,951.4,431.8,1022.3,475.6
641,0,person,0.1557,936.3,524.1,952.7,561.1
641,2,large_vehicle,0.1410,560.7,497.0,647.9,549.9
641,1,car,0.1341,1282.1,622.9,1342.0,699.0
642,1,car,0.6838,561.7,497.5,648.0,549.8
642,1,car,0.6383,1162.6,567.5,1242.0,630.0
642,1,car,0.5673,1002.0,560.0,1096.4,627.5
642,1,car,0.5200,951.3,431.6,1022.3,475.6
642,3,motorcycle,0.4900,919.9,544.4,962.8,576.5
642,0,person,0.3803,934.4,525.4,954.9,570.2
642,0,person,0.3484,1129.6,450.0,1143.3,485.5
642,2,large_vehicle,0.2750,1162.6,567.5,1242.0,630.0
642,2,large_vehicle,0.2033,951.3,431.6,1022.3,475.6
642,2,large_vehicle,0.1972,1002.0,560.0,1096.4,627.5
642,0,person,0.1652,936.2,524.1,952.7,561.0
642,1,car,0.1451,1282.0,622.7,1342.0,699.0
642,2,large_vehicle,0.1300,561.7,497.5,648.0,549.8
643,1,car,0.6945,560.6,497.8,647.8,549.9
643,1,car,0.6394,1167.5,566.4,1244.9,627.9
643,1,car,0.5190,992.5,560.7,1090.2,631.7
643,0,person,0.4241,1128.6,451.4,1142.4,486.5
643,1,car,0.4204,951.0,431.1,1022.1,475.6
643,2,large_vehicle,0.3997,1167.5,566.4,1244.9,627.9
643,2,large_vehicle,0.3843,992.5,560.7,1090.2,631.7
643,0,person,0.3585,930.9,524.1,952.3,575.7
643,4,other_vehicle,0.3363,915.3,545.4,959.3,579.3
643,0,person,0.2591,927.6,524.5,950.5,574.1
643,2,large_vehicle,0.2542,951.0,431.1,1022.1,475.6
643,3,motorcycle,0.2022,915.3,545.4,959.3,579.3
643,2,large_vehicle,0.1360,560.6,497.8,647.8,549.9
643,0,person,0.1278,932.7,524.0,950.9,562.4
644,1,car,0.7014,561.3,497.8,647.9,550.0
644,1,car,0.6305,1167.5,566.4,1244.9,627.9
644,1,car,0.5096,992.5,560.8,1090.2,631.7
644,1,car,0.4226,950.8,431.0,1022.0,475.6
644,0,person,0.4209,1128.6,451.3,1142.4,486.5
644,2,large_vehicle,0.4097,1167.5,566.4,1244.9,627.9
644,2,large_vehicle,0.3943,992.5,560.8,1090.2,631.7
644,0,person,0.3623,931.0,524.1,952.4,576.1
644,4,other_vehicle,0.2883,915.6,544.8,959.2,579.2
644,2,large_vehicle,0.2428,950.8,431.0,1022.0,475.6
644,0,person,0.2371,927.6,524.4,950.6,574.2
644,3,motorcycle,0.2057,915.6,544.8,959.2,579.2
644,0,person,0.1251,932.8,524.0,950.9,562.5
644,2,large_vehicle,0.1225,561.3,497.8,647.9,550.0
645,1,car,0.7203,561.7,498.0,648.0,550.0
645,1,car,0.6461,1167.5,566.4,1244.9,628.0
645,1,car,0.5168,992.5,560.7,1090.2,631.8
645,1,car,0.4006,950.3,430.7,1021.9,475.6
645,2,large_vehicle,0.3869,992.5,560.7,1090.2,631.8
645,2,large_vehicle,0.3863,1167.5,566.4,1244.9,628.0
645,0,person,0.3836,1128.7,452.6,1142.1,486.5
645,0,person,0.3638,930.9,524.1,952.4,575.9
645,4,other_vehicle,0.3185,915.9,545.3,959.3,579.3
645,2,large_vehicle,0.2959,950.3,430.7,1021.9,475.6
645,0,person,0.2501,927.5,524.4,950.5,574.3
645,3,motorcycle,0.2246,915.9,545.3,959.3,579.3
645,0,person,0.1255,1128.4,455.3,1142.9,486.8
645,0,person,0.1241,932.7,524.0,951.0,562.4
646,1,car,0.7622,1171.0,564.0,1248.2,627.6
646,1,car,0.7365,558.7,497.6,648.4,550.0
646,1,car,0.7356,984.2,564.1,1082.2,635.0
646,0,person,0.4563,927.4,525.0,948.6,573.2
646,1,car,0.4217,951.8,430.6,1022.3,475.7
646,3,motorcycle,0.3113,913.8,543.5,957.2,577.5
646,0,person,0.2986,1128.4,452.9,1141.6,486.2
646,0,person,0.2730,1128.3,454.3,1142.3,486.5
646,2,large_vehicle,0.2399,951.8,430.6,1022.3,475.7
646,4,other_vehicle,0.2350,913.8,543.5,957.2,577.5
646,0,person,0.1272,930.4,524.6,950.1,574.7
646,2,large_vehicle,0.1056,984.2,564.1,1082.2,635.0
647,1,car,0.7606,1171.0,564.0,1248.2,627.6
647,1,car,0.7345,558.3,497.5,648.3,550.1
647,1,car,0.7312,984.2,564.0,1082.2,635.0
647,0,person,0.4587,927.4,525.0,948.6,573.1
647,1,car,0.4358,951.7,430.7,1022.4,475.7
647,3,motorcycle,0.3078,913.8,543.5,957.1,577.5
647,0,person,0.2886,1128.4,452.8,1141.6,486.2
647,0,person,0.2814,1128.3,454.2,1142.3,486.5
647,4,other_vehicle,0.2405,913.8,543.5,957.1,577.5
647,2,large_vehicle,0.2327,951.7,430.7,1022.4,475.7
647,0,person,0.1240,930.4,524.6,950.1,574.6
647,2,large_vehicle,0.1093,984.2,564.0,1082.2,635.0
648,1,car,0.7115,560.2,497.6,648.3,549.9
648,1,car,0.6294,974.4,565.1,1070.2,637.1
648,1,car,0.6271,1174.9,562.5,1253.3,624.3
648,1,car,0.5094,952.0,430.8,1022.2,475.6
648,0,person,0.3432,1127.8,451.9,1140.8,485.8
648,3,motorcycle,0.2607,918.2,537.8,949.3,568.5
648,2,large_vehicle,0.2317,1174.9,562.5,1253.3,624.3
648,2,large_vehicle,0.2044,952.0,430.8,1022.2,475.6
648,0,person,0.2020,927.9,523.4,944.9,560.1
648,2,large_vehicle,0.1785,974.4,565.1,1070.2,637.1
648,0,person,0.1616,924.6,524.8,946.5,566.6
648,3,motorcycle,0.1147,917.0,543.9,949.7,576.0
649,1,car,0.7080,560.1,497.3,648.3,550.0
649,1,car,0.6308,974.4,565.1,1070.2,637.1
649,1,car,0.6252,1174.9,562.6,1253.3,624.3
649,1,car,0.5017,952.0,430.8,1022.2,475.6
649,0,person,0.3459,1127.8,451.7,1140.8,485.8
649,3,motorcycle,0.2591,918.1,537.9,949.3,568.5
649,2,large_vehicle,0.2346,1174.9,562.6,1253.3,624.3
649,2,large_vehicle,0.2099,952.0,430.8,1022.2,475.6
649,0,person,0.2026,927.9,523.4,944.8,560.0
649,2,large_vehicle,0.1766,974.4,565.1,1070.2,637.1
649,0,person,0.1634,924.7,524.9,946.5,566.6
649,3,motorcycle,0.1174,916.9,544.0,949.8,576.0
650,1,car,0.6953,560.4,497.4,648.3,549.9
650,1,car,0.6333,974.4,565.1,1069.9,637.1
650,1,car,0.6272,1174.9,562.5,1253.3,624.3
650,1,car,0.5214,952.0,430.7,1022.5,475.6
650,0,person,0.3437,1127.8,451.9,1140.7,485.8
650,3,motorcycle,0.2636,918.1,538.0,949.5,568.5
650,2,large_vehicle,0.2303,1174.9,562.5,1253.3,624.3
650,0,person,0.2099,927.9,523.5,944.8,560.2
650,2,large_vehicle,0.1924,952.0,430.7,1022.5,475.6
650,2,large_vehicle,0.1790,974.4,565.1,1069.9,637.1
650,0,person,0.1510,924.7,525.0,946.4,566.6
650,3,motorcycle,0.1150,917.1,544.1,949.5,576.1
651,1,car,0.6538,563.2,497.3,648.2,549.8
651,1,car,0.5033,1178.3,558.7,1257.0,623.0
651,1,car,0.5005,964.7,568.5,1067.4,640.4
651,1,car,0.4862,951.5,430.7,1022.3,475.7
651,2,large_vehicle,0.4083,964.7,568.5,1067.4,640.4
651,2,large_vehicle,0.3443,1178.3,558.7,1257.0,623.0
651,0,person,0.3441,1127.7,451.1,1140.9,484.8
651,0,person,0.2594,925.2,522.0,942.2,561.3
651,2,large_vehicle,0.2248,951.5,430.7,1022.3,475.7
651,2,large_vehicle,0.1272,563.2,497.3,648.2,549.8
652,1,car,0.6569,563.3,497.6,648.1,549.9
652,1,car,0.5587,964.3,568.5,1068.1,640.5
652,2,large_vehicle,0.4602,1178.5,559.2,1256.3,622.9
652,1,car,0.4464,951.5,430.7,1022.4,475.6
652,1,car,0.4039,1178.5,559.2,1256.3,622.9
652,2,large_vehicle,0.3591,964.3,568.5,1068.1,640.5
652,0,person,0.3343,1127.7,452.1,1140.9,484.9
652,2,large_vehicle,0.2529,951.5,430.7,1022.4,475.6
652,0,person,0.2305,925.2,522.1,942.1,561.4
652,2,large_vehicle,0.1243,563.3,497.6,648.1,549.9
652,0,person,0.1221,923.3,522.9,944.4,570.8
653,1,car,0.7572,954.0,571.9,1058.6,643.6
653,1,car,0.7207,561.1,498.1,648.0,549.8
653,2,large_vehicle,0.5427,1182.5,558.0,1258.3,620.5
653,1,car,0.5194,951.0,431.0,1022.7,475.5
653,1,car,0.3156,1182.5,558.0,1258.3,620.5
653,2,large_vehicle,0.1958,951.0,431.0,1022.7,475.5
653,0,person,0.1944,1127.4,451.7,1139.6,484.9
653,2,large_vehicle,0.1426,954.0,571.9,1058.6,643.6
653,0,person,0.1300,920.9,523.5,941.0,570.4
653,0,person,0.1286,922.5,523.3,939.7,558.8
654,1,car,0.7426,954.1,571.9,1058.8,643.5
654,1,car,0.7258,560.9,498.2,647.9,549.9
654,2,large_vehicle,0.5428,1182.5,558.1,1258.4,620.5
654,1,car,0.5194,951.4,431.3,1022.7,475.6
654,1,car,0.3201,1182.5,558.1,1258.4,620.5
654,2,large_vehicle,0.2148,951.4,431.3,1022.7,475.6
654,2,large_vehicle,0.1606,954.1,571.9,1058.8,643.5
654,0,person,0.1591,1127.4,451.7,1139.5,484.8
654,0,person,0.1339,922.5,523.3,939.7,558.9
654,0,person,0.1238,920.8,523.5,941.1,570.2
655,1,car,0.7717,945.3,573.8,1051.0,647.6
655,1,car,0.7248,556.9,497.5,648.1,549.8
655,1,car,0.5129,952.1,431.2,1023.0,475.7
655,1,car,0.4252,1186.6,558.1,1257.1,618.1
655,2,large_vehicle,0.3589,1186.6,558.1,1257.1,618.1
655,0,person,0.3321,914.9,524.6,937.3,572.0
655,3,motorcycle,0.3182,902.5,543.8,944.3,576.5
655,0,person,0.2084,1127.2,453.0,1139.1,485.6
655,2,large_vehicle,0.2016,952.1,431.2,1023.0,475.7
655,0,person,0.1813,919.3,524.1,938.9,571.8
655,2,large_vehicle,0.1351,945.3,573.8,1051.0,647.6
655,4,other_vehicle,0.1074,902.5,543.8,944.3,576.5
656,1,car,0.7564,945.3,573.8,1051.0,647.6
656,1,car,0.7319,555.8,497.2,648.3,549.8
656,1,car,0.5242,951.9,431.4,1023.2,475.7
656,1,car,0.4108,1186.6,558.1,1257.1,618.1
656,2,large_vehicle,0.3736,1186.6,558.1,1257.1,618.1
656,3,motorcycle,0.3425,902.4,544.2,944.7,576.4
656,0,person,0.3210,914.9,524.6,937.4,571.8
656,0,person,0.2164,1127.2,453.0,1139.1,485.5
656,0,person,0.1907,919.4,524.1,938.9,571.4
656,2,large_vehicle,0.1900,951.9,431.4,1023.2,475.7
656,2,large_vehicle,0.1547,945.3,573.8,1051.0,647.6
657,1,car,0.6297,560.3,496.9,648.3,549.8
657,1,car,0.5585,1189.8,555.7,1260.0,617.2
657,1,car,0.5298,934.5,576.1,1040.2,651.1
657,1,car,0.4485,952.0,430.3,1023.2,475.9
657,0,person,0.3813,913.5,522.9,935.7,569.4
657,2,large_vehicle,0.3583,934.5,576.1,1040.2,651.1
657,3,motorcycle,0.3069,899.6,544.4,942.4,576.8
657,0,person,0.2889,1126.9,451.9,1138.9,485.8
657,2,large_vehicle,0.1842,952.0,430.3,1023.2,475.9
658,1,car,0.6374,560.4,496.9,648.3,549.9
658,1,car,0.5589,1189.8,555.7,1260.1,617.2
658,1,car,0.5281,934.5,576.1,1040.2,651.1
658,1,car,0.4508,952.1,430.2,1023.2,475.9
658,0,person,0.3801,913.4,522.9,935.7,569.4
658,2,large_vehicle,0.3597,934.5,576.1,1040.2,651.1
658,3,motorcycle,0.3083,899.6,544.5,942.3,576.8
658,0,person,0.2846,1126.9,452.0,1138.9,485.8
658,2,large_vehicle,0.1872,952.1,430.2,1023.2,475.9
659,1,car,0.6196,560.7,496.8,648.2,549.7
659,1,car,0.5614,1189.8,555.7,1259.9,617.2
659,1,car,0.5163,934.6,576.1,1040.1,651.0
659,1,car,0.4680,951.9,430.7,1023.3,475.9
659,0,person,0.4024,913.9,522.7,935.5,569.0
659,2,large_vehicle,0.3712,934.6,576.1,1040.1,651.0
659,3,motorcycle,0.3107,899.7,544.6,941.4,576.8
659,0,person,0.2899,1126.9,451.8,1138.9,485.8
659,2,large_vehicle,0.1754,951.9,430.7,1023.3,475.9
659,2,large_vehicle,0.1067,560.7,496.8,648.2,549.7
660,1,car,0.6409,559.5,497.2,648.3,549.6
660,3,motorcycle,0.5248,897.4,543.6,937.3,576.4
660,1,car,0.4959,924.3,580.2,1031.2,653.4
660,1,car,0.4946,951.5,431.6,1023.1,475.6
660,2,large_vehicle,0.4579,924.3,580.2,1031.2,653.4
660,2,large_vehicle,0.4383,1193.9,557.2,1265.9,613.9
660,1,car,0.3041,1193.9,557.2,1265.9,613.9
660,0,person,0.2646,912.8,521.9,931.0,560.6
660,0,person,0.2290,910.6,524.3,932.4,567.4
660,2,large_vehicle,0.2127,951.5,431.6,1023.1,475.6
660,0,person,0.1633,1126.3,452.1,1138.5,486.0
660,2,large_vehicle,0.1446,559.5,497.2,648.3,549.6
661,1,car,0.6607,559.9,497.3,648.2,549.7
661,3,motorcycle,0.5313,897.5,543.3,937.2,576.5
661,1,car,0.5002,951.7,431.7,1023.0,475.6
661,2,large_vehicle,0.4820,924.4,580.1,1031.6,653.3
661,1,car,0.4621,924.4,580.1,1031.6,653.3
661,2,large_vehicle,0.4431,1193.9,557.1,1265.8,613.8
661,1,car,0.3022,1193.9,557.1,1265.8,613.8
661,0,person,0.2537,910.6,524.0,932.5,567.5
661,0,person,0.2433,912.7,521.9,931.0,560.3
661,2,large_vehicle,0.2108,951.7,431.7,1023.0,475.6
661,0,person,0.1481,1126.3,451.6,1138.6,485.8
661,2,large_vehicle,0.1302,559.9,497.3,648.2,549.7
662,2,large_vehicle,0.7188,913.4,580.7,1019.1,656.0
662,1,car,0.6875,559.8,497.5,648.1,549.6
662,1,car,0.5521,951.0,431.4,1023.2,475.6
662,3,motorcycle,0.4882,895.8,545.6,937.5,576.3
662,0,person,0.4326,911.1,522.7,928.6,561.0
662,0,person,0.4248,1125.9,452.4,1138.2,486.1
662,1,car,0.2805,1196.2,556.3,1269.4,612.0
662,2,large_vehicle,0.2407,1196.1,556.5,1268.9,611.1
662,1,car,0.2387,1196.1,556.5,1268.9,611.1
662,2,large_vehicle,0.2051,951.0,431.4,1023.2,475.6
662,1,car,0.1681,913.4,580.7,1019.1,656.0
662,2,large_vehicle,0.1482,1196.2,556.3,1269.4,612.0
662,2,large_vehicle,0.1318,559.8,497.5,648.1,549.6
662,4,other_vehicle,0.1081,895.8,545.6,937.5,576.3
662,0,person,0.1017,907.9,522.4,925.3,560.4
663,2,large_vehicle,0.7170,913.3,580.6,1020.1,656.1
663,1,car,0.7043,559.6,497.6,648.2,549.6
663,1,car,0.5416,951.2,431.2,1023.3,475.6
663,3,motorcycle,0.4998,895.7,545.6,937.5,576.4
663,0,person,0.4341,911.1,522.7,928.7,561.2
663,0,person,0.3736,1125.9,452.4,1138.2,486.2
663,1,car,0.3411,1196.0,556.3,1269.5,612.0
663,1,car,0.2403,1196.0,556.6,1269.0,611.2
663,2,large_vehicle,0.2202,1196.0,556.6,1269.0,611.2
663,2,large_vehicle,0.2095,951.2,431.2,1023.3,475.6
663,1,car,0.1719,913.3,580.6,1020.1,656.1
663,2,large_vehicle,0.1505,1196.0,556.3,1269.5,612.0
663,2,large_vehicle,0.1128,559.6,497.6,648.2,549.6
663,4,other_vehicle,0.1028,895.7,545.6,937.5,576.4
664,2,large_vehicle,0.7096,913.3,580.6,1020.0,656.1
664,1,car,0.7094,559.5,497.5,648.0,549.6
664,1,car,0.5304,950.5,431.1,1023.2,475.6
664,3,motorcycle,0.4920,895.7,545.6,937.5,576.4
664,0,person,0.4342,911.1,522.7,928.6,561.2
664,0,person,0.3790,1125.8,452.5,1138.2,486.3
664,1,car,0.3255,1196.2,556.3,1269.5,612.1
664,1,car,0.2472,1196.1,556.6,1269.0,611.1
664,2,large_vehicle,0.2237,1196.1,556.6,1269.0,611.1
664,2,large_vehicle,0.2173,950.5,431.1,1023.2,475.6
664,1,car,0.1791,913.3,580.6,1020.0,656.1
664,2,large_vehicle,0.1419,1196.2,556.3,1269.5,612.1
664,2,large_vehicle,0.1109,559.5,497.5,648.0,549.6
664,4,other_vehicle,0.1056,895.7,545.6,937.5,576.4
665,1,car,0.7274,556.1,497.4,648.6,549.4
665,1,car,0.6643,901.8,584.3,1010.2,659.8
665,1,car,0.5586,1198.5,553.9,1272.6,610.5
665,1,car,0.5545,951.2,431.7,1023.5,475.5
665,0,person,0.4545,1125.7,452.8,1137.9,486.3
665,0,person,0.4375,903.7,523.9,926.5,571.1
665,3,motorcycle,0.3973,889.5,545.9,937.0,576.7
665,2,large_vehicle,0.2593,901.8,584.3,1010.2,659.8
665,4,other_vehicle,0.2333,889.5,545.9,937.0,576.7
665,2,large_vehicle,0.1745,951.2,431.7,1023.5,475.5
665,2,large_vehicle,0.1245,1198.5,553.9,1272.6,610.5
665,0,person,0.1134,909.9,523.2,926.8,560.6
665,1,car,0.1056,1282.0,624.5,1342.0,699.0
666,1,car,0.7149,556.6,497.4,648.4,549.5
666,1,car,0.6368,901.8,584.4,1010.2,659.7
666,1,car,0.5613,1198.6,554.0,1272.4,610.5
666,1,car,0.5127,951.6,431.4,1023.2,475.5
666,0,person,0.4924,1125.7,452.8,1137.8,486.2
666,0,person,0.4281,903.5,524.0,926.5,571.2
666,3,motorcycle,0.3684,889.5,545.8,937.0,576.5
666,2,large_vehicle,0.2913,901.8,584.4,1010.2,659.7
666,4,other_vehicle,0.2534,889.5,545.8,937.0,576.5
666,2,large_vehicle,0.2008,951.6,431.4,1023.2,475.5
666,2,large_vehicle,0.1247,1198.6,554.0,1272.4,610.5
666,0,person,0.1242,909.9,523.2,926.9,560.8
666,1,car,0.1038,1282.1,624.6,1342.0,698.8
667,1,car,0.6233,560.2,497.4,648.1,549.5
667,1,car,0.6199,1198.8,553.2,1272.3,609.7
667,1,car,0.4667,951.1,431.2,1023.0,475.6
667,2,large_vehicle,0.4373,896.2,584.6,1001.9,661.0
667,1,car,0.4271,896.2,584.6,1001.9,661.0
667,0,person,0.4053,1125.4,452.4,1137.7,486.1
667,0,person,0.3487,903.3,523.9,925.2,569.4
667,3,motorcycle,0.3240,894.7,542.3,930.0,574.4
667,2,large_vehicle,0.2034,951.1,431.2,1023.0,475.6
667,0,person,0.1699,905.9,522.8,923.6,560.4
667,2,large_vehicle,0.1313,560.2,497.4,648.1,549.5
667,3,motorcycle,0.1019,895.8,537.5,927.4,569.4
668,1,car,0.6274,1198.8,553.4,1272.1,609.7
668,1,car,0.6076,559.7,497.4,648.0,549.5
668,1,car,0.4452,951.1,431.2,1022.9,475.6
668,2,large_vehicle,0.4343,896.1,584.6,1001.4,660.9
668,1,car,0.4317,896.1,584.6,1001.4,660.9
668,0,person,0.4288,1125.4,452.5,1137.8,486.1
668,0,person,0.3609,903.5,523.7,925.2,569.6
668,3,motorcycle,0.3106,894.9,542.2,930.0,574.6
668,2,large_vehicle,0.2126,951.1,431.2,1022.9,475.6
668,0,person,0.1460,906.0,522.8,923.6,560.1
668,2,large_vehicle,0.1446,559.7,497.4,648.0,549.5
668,1,car,0.1045,1282.2,624.4,1342.0,698.5
669,1,car,0.6386,559.8,497.3,648.2,549.5
669,1,car,0.6182,1198.8,553.2,1272.3,609.7
669,1,car,0.4485,951.1,431.1,1023.1,475.6
669,2,large_vehicle,0.4325,896.1,584.6,1001.8,660.9
669,1,car,0.4281,896.1,584.6,1001.8,660.9
669,0,person,0.4103,1125.4,452.5,1137.9,486.1
669,0,person,0.3484,903.3,523.8,925.1,569.6
669,3,motorcycle,0.3003,894.9,542.1,930.1,574.5
669,2,large_vehicle,0.2346,951.1,431.1,1023.1,475.6
669,0,person,0.1646,905.9,522.8,923.5,560.5
669,1,car,0.1193,1282.1,624.0,1342.0,698.6
669,3,motorcycle,0.1143,895.9,537.4,927.7,569.5
669,2,large_vehicle,0.1136,559.8,497.3,648.2,549.5
669,2,large_vehicle,0.1047,1198.8,553.2,1272.3,609.7
670,1,car,0.7615,555.3,497.5,648.2,549.7
670,1,car,0.5918,1200.5,552.9,1278.4,608.8
670,2,large_vehicle,0.5581,884.8,586.7,993.0,663.8
670,1,car,0.5404,950.1,431.0,1023.3,475.4
670,0,person,0.5332,901.8,523.6,922.3,569.7
670,3,motorcycle,0.3674,890.1,542.8,930.1,576.5
670,1,car,0.3225,884.8,586.7,993.0,663.8
670,0,person,0.3209,1125.1,452.6,1137.9,485.3
670,1,car,0.2698,1282.1,621.0,1342.0,698.1
670,2,large_vehicle,0.2040,950.1,431.0,1023.3,475.4
670,2,large_vehicle,0.1591,1200.5,552.9,1278.4,608.8
670,4,other_vehicle,0.1350,890.1,542.8,930.1,576.5
671,1,car,0.7531,554.4,497.1,648.2,549.6
671,1,car,0.5982,1200.6,553.1,1278.3,608.9
671,2,large_vehicle,0.5678,884.8,586.7,993.0,663.8
671,1,car,0.5446,949.9,431.1,1023.3,475.3
671,0,person,0.5384,901.8,523.5,922.3,569.8
671,3,motorcycle,0.3674,890.1,542.7,930.1,576.5
671,0,person,0.3267,1125.1,452.7,1137.9,485.4
671,1,car,0.3145,1282.2,621.1,1342.0,698.2
671,1,car,0.3139,884.8,586.7,993.0,663.8
671,2,large_vehicle,0.2021,949.9,431.1,1023.3,475.3
671,2,large_vehicle,0.1610,1200.6,553.1,1278.3,608.9
671,4,other_vehicle,0.1347,890.1,542.7,930.1,576.5
672,1,car,0.7517,556.4,496.7,648.1,549.4
672,1,car,0.6194,874.5,589.2,984.1,666.2
672,1,car,0.6081,951.2,430.8,1023.4,475.3
672,0,person,0.5551,897.6,522.0,919.1,574.9
672,1,car,0.5426,1206.7,549.5,1280.3,607.3
672,2,large_vehicle,0.2479,874.5,589.2,984.1,666.2
672,1,car,0.2189,1282.4,620.1,1342.0,698.0
672,0,person,0.1651,1124.7,451.1,1138.1,484.5
672,3,motorcycle,0.1302,888.7,540.6,927.5,577.7
672,2,large_vehicle,0.1178,951.2,430.8,1023.4,475.3
672,4,other_vehicle,0.1175,888.7,540.6,927.5,577.7
672,2,large_vehicle,0.1052,1206.7,549.5,1280.3,607.3
673,1,car,0.7533,556.4,496.7,648.1,549.4
673,1,car,0.6158,874.5,589.2,984.1,666.4
673,1,car,0.6100,951.3,430.8,1023.4,475.3
673,0,person,0.5558,897.6,522.0,919.1,574.9
673,1,car,0.5462,1206.7,549.7,1280.2,607.2
673,2,large_vehicle,0.2548,874.5,589.2,984.1,666.4
673,1,car,0.2123,1282.4,620.3,1342.0,697.9
673,0,person,0.1646,1124.7,451.1,1138.1,484.5
673,3,motorcycle,0.1296,888.7,540.6,927.5,577.7
673,2,large_vehicle,0.1193,951.3,430.8,1023.4,475.3
673,4,other_vehicle,0.1164,888.7,540.6,927.5,577.7
673,2,large_vehicle,0.1055,1206.7,549.7,1280.2,607.2
674,1,car,0.7584,556.2,496.7,648.1,549.4
674,1,car,0.6279,874.6,589.4,984.0,666.0
674,1,car,0.6200,951.2,431.1,1023.4,475.2
674,0,person,0.5597,897.5,522.0,919.2,574.9
674,1,car,0.5501,1206.7,550.0,1280.3,607.2
674,1,car,0.2534,1282.3,619.9,1342.0,697.8
674,2,large_vehicle,0.2366,874.6,589.4,984.0,666.0
674,0,person,0.1688,1124.7,451.0,1138.0,484.6
674,3,motorcycle,0.1329,888.7,540.6,927.6,577.7
674,4,other_vehicle,0.1205,888.7,540.6,927.6,577.7
674,2,large_vehicle,0.1098,951.2,431.1,1023.4,475.2
674,2,large_vehicle,0.1036,1206.7,550.0,1280.3,607.2
675,1,car,0.6516,558.4,496.8,647.8,549.4
675,2,large_vehicle,0.6049,861.9,593.1,971.4,672.5
675,1,car,0.5287,951.5,430.8,1023.4,475.3
675,1,car,0.4202,1213.1,547.2,1283.0,605.9
675,1,car,0.3389,861.9,593.1,971.4,672.5
675,0,person,0.3249,897.1,523.0,917.1,569.2
675,1,car,0.2403,1282.3,620.5,1342.0,697.4
675,0,person,0.2381,893.8,523.8,914.5,569.4
675,2,large_vehicle,0.2277,1213.1,547.2,1283.0,605.9
675,2,large_vehicle,0.1990,951.5,430.8,1023.4,475.3
675,3,motorcycle,0.1840,887.7,541.8,920.7,576.4
675,0,person,0.1147,1122.6,450.0,1135.8,484.4
675,2,large_vehicle,0.1031,558.4,496.8,647.8,549.4
676,1,car,0.6786,558.6,496.9,647.9,549.4
676,2,large_vehicle,0.6020,861.8,593.1,970.8,672.6
676,1,car,0.5396,951.4,430.8,1023.3,475.3
676,1,car,0.4424,1213.0,547.4,1282.6,605.8
676,1,car,0.3433,861.8,593.1,970.8,672.6
676,0,person,0.3217,897.1,522.9,917.1,569.4
676,1,car,0.2683,1282.2,620.3,1342.0,697.4
676,0,person,0.2348,893.8,523.7,914.5,569.5
676,2,large_vehicle,0.2038,1213.0,547.4,1282.6,605.8
676,2,large_vehicle,0.1960,951.4,430.8,1023.3,475.3
676,3,motorcycle,0.1749,887.8,541.6,920.4,576.5
676,0,person,0.1196,1122.6,449.8,1135.8,484.4
677,0,person,0.6037,891.5,523.6,914.2,576.9
677,2,large_vehicle,0.6030,851.4,596.1,967.5,675.9
677,1,car,0.5848,559.7,497.2,647.8,549.3
677,1,car,0.5128,951.0,430.5,1023.2,475.2
677,1,car,0.3598,1282.2,618.4,1342.0,697.9
677,1,car,0.3370,1216.4,545.5,1288.2,604.2
677,1,car,0.3250,851.4,596.1,967.5,675.9
677,0,person,0.3053,1122.3,451.1,1135.7,484.8
677,1,car,0.2968,1216.1,544.2,1297.1,604.5
677,2,large_vehicle,0.2209,951.0,430.5,1023.2,475.2
677,2,large_vehicle,0.1548,1216.4,545.5,1288.2,604.2
677,2,large_vehicle,0.1459,1216.1,544.2,1297.1,604.5
677,2,large_vehicle,0.1379,559.7,497.2,647.8,549.3
677,0,person,0.1365,1193.1,526.2,1213.1,585.7
677,0,person,0.1218,1123.9,451.6,1137.6,485.4
678,1,car,0.6287,559.2,497.2,647.7,549.2
678,0,person,0.6163,891.4,523.6,914.1,576.9
678,2,large_vehicle,0.6024,851.4,596.1,968.3,675.9
678,1,car,0.4687,951.0,430.2,1023.3,475.2
678,1,car,0.3478,1282.1,618.5,1342.0,697.7
678,1,car,0.3278,851.4,596.1,968.3,675.9
678,0,person,0.3274,1122.3,451.3,1135.6,484.9
678,1,car,0.3140,1216.4,545.3,1288.4,604.2
678,1,car,0.3099,1216.2,544.2,1297.2,604.4
678,2,large_vehicle,0.2525,951.0,430.2,1023.3,475.2
678,2,large_vehicle,0.1494,1216.2,544.2,1297.2,604.4
678,2,large_vehicle,0.1449,1216.4,545.3,1288.4,604.2
678,0,person,0.1167,1124.0,451.8,1137.6,485.4
678,0,person,0.1078,1193.0,526.2,1212.9,585.5
678,2,large_vehicle,0.1064,559.2,497.2,647.7,549.2
679,1,car,0.7148,555.5,496.8,647.8,549.3
679,0,person,0.5658,888.8,524.7,911.6,576.7
679,1,car,0.5576,949.5,429.7,1023.5,475.2
679,2,large_vehicle,0.4669,837.7,598.3,947.3,680.8
679,1,car,0.4281,837.7,598.3,947.3,680.8
679,0,person,0.3781,1121.9,451.5,1135.5,485.1
679,2,large_vehicle,0.3018,1218.5,540.0,1300.5,603.5
679,1,car,0.2660,1281.9,618.7,1342.0,697.9
679,2,large_vehicle,0.1576,949.5,429.7,1023.5,475.2
679,1,car,0.1506,1218.5,540.0,1300.5,603.5
680,1,car,0.7167,554.9,496.7,647.9,549.3
680,0,person,0.5689,888.8,524.7,911.6,576.6
680,1,car,0.5596,949.5,429.8,1023.5,475.2
680,2,large_vehicle,0.4817,837.8,598.3,947.8,680.7
680,1,car,0.4152,837.8,598.3,947.8,680.7
680,0,person,0.4113,1121.8,451.6,1135.5,485.1
680,1,car,0.2938,1281.7,618.5,1342.0,698.0
680,2,large_vehicle,0.2901,1218.5,540.1,1299.2,603.5
680,2,large_vehicle,0.1613,949.5,429.8,1023.5,475.2
680,1,car,0.1558,1218.5,540.1,1299.2,603.5
681,1,car,0.7239,557.9,496.9,647.8,549.1
681,2,large_vehicle,0.6890,828.0,601.6,939.8,682.8
681,1,car,0.4701,951.9,430.5,1023.3,474.9
681,0,person,0.3926,886.5,524.6,907.8,576.7
681,1,car,0.3018,1281.9,619.2,1342.0,697.4
681,2,large_vehicle,0.2595,951.9,430.5,1023.3,474.9
681,2,large_vehicle,0.2576,1221.8,540.9,1301.3,601.0
681,0,person,0.2548,1121.9,450.3,1135.2,484.6
681,1,car,0.2271,828.0,601.6,939.8,682.8
681,1,car,0.2255,1221.8,541.9,1294.8,600.5
681,1,car,0.2235,1221.8,540.9,1301.3,601.0
682,1,car,0.7169,558.0,496.9,647.8,549.1
682,2,large_vehicle,0.6847,828.0,601.6,939.8,682.8
682,1,car,0.4824,951.9,430.6,1023.3,474.9
682,0,person,0.3826,886.5,524.6,907.8,576.7
682,1,car,0.3096,1281.8,619.1,1342.0,697.3
682,1,car,0.2781,1221.7,542.1,1294.6,600.5
682,2,large_vehicle,0.2481,951.9,430.6,1023.3,474.9
682,0,person,0.2479,1121.9,450.3,1135.2,484.6
682,2,large_vehicle,0.2392,1221.8,541.3,1300.2,601.0
682,1,car,0.2324,828.0,601.6,939.8,682.8
682,1,car,0.2284,1221.8,541.3,1300.2,601.0
683,1,car,0.7207,558.3,497.0,647.8,549.0
683,2,large_vehicle,0.6843,828.0,601.6,940.3,682.7
683,1,car,0.4652,951.8,430.6,1023.3,474.9
683,0,person,0.4013,886.5,524.6,907.9,576.7
683,1,car,0.3085,1281.8,619.3,1342.0,697.4
683,0,person,0.2754,1121.9,450.2,1135.2,484.7
683,2,large_vehicle,0.2644,1221.8,540.9,1301.1,601.0
683,2,large_vehicle,0.2637,951.8,430.6,1023.3,474.9
683,1,car,0.2362,1221.8,541.9,1294.7,600.5
683,1,car,0.2332,828.0,601.6,940.3,682.7
683,1,car,0.2194,1221.8,540.9,1301.1,601.0
684,2,large_vehicle,0.6848,813.5,603.0,925.8,685.9
684,1,car,0.5885,558.2,496.5,647.4,549.2
684,1,car,0.4209,951.7,430.2,1023.3,475.1
684,0,person,0.3443,1120.9,450.0,1134.1,484.5
684,2,large_vehicle,0.3404,951.7,430.2,1023.3,475.1
684,1,car,0.3072,1281.8,618.9,1342.0,698.2
684,2,large_vehicle,0.2910,1222.3,531.6,1322.4,599.1
684,1,car,0.2724,1222.5,540.5,1293.3,598.2
684,1,car,0.2285,813.5,603.0,925.8,685.9
684,2,large_vehicle,0.1616,558.2,496.5,647.4,549.2
684,2,large_vehicle,0.1195,1222.5,540.5,1293.3,598.2
685,2,large_vehicle,0.6837,813.5,603.0,925.7,685.9
685,1,car,0.5624,558.7,496.5,647.4,549.2
685,1,car,0.4301,951.8,430.2,1023.3,475.1
685,0,person,0.3418,1120.9,450.4,1134.2,484.5
685,2,large_vehicle,0.3281,951.8,430.2,1023.3,475.1
685,1,car,0.3151,1222.5,540.9,1293.1,598.2
685,1,car,0.3050,1281.8,618.9,1342.0,698.1
685,2,large_vehicle,0.2380,1222.5,532.7,1320.8,599.0
685,1,car,0.2298,813.5,603.0,925.7,685.9
685,2,large_vehicle,0.1893,558.7,496.5,647.4,549.2
685,2,large_vehicle,0.1244,1222.5,540.9,1293.1,598.2
685,0,person,0.1076,882.1,525.1,902.6,572.7
686,2,large_vehicle,0.6860,800.8,608.1,913.7,690.0
686,1,car,0.4940,558.6,495.9,647.7,549.2
686,1,car,0.4750,952.1,430.0,1023.3,475.2
686,2,large_vehicle,0.3945,1224.1,497.2,1330.0,597.6
686,0,person,0.3513,1120.5,448.4,1133.5,484.4
686,0,person,0.3346,883.0,525.0,901.7,574.2
686,1,car,0.2719,1281.8,619.6,1342.0,698.4
686,2,large_vehicle,0.2466,952.1,430.0,1023.3,475.2
686,1,car,0.2059,800.8,608.1,913.7,690.0
686,2,large_vehicle,0.1356,558.6,495.9,647.7,549.2
687,2,large_vehicle,0.6793,800.8,608.1,913.8,690.0
687,1,car,0.5190,557.2,495.9,647.7,549.1
687,1,car,0.5016,952.1,430.0,1023.2,475.1
687,0,person,0.3636,1120.6,448.1,1133.5,484.4
687,2,large_vehicle,0.3565,1224.1,497.3,1330.2,597.6
687,0,person,0.3175,883.0,524.8,901.7,574.0
687,1,car,0.2908,1281.8,619.8,1342.0,698.3
687,2,large_vehicle,0.2268,952.1,430.0,1023.2,475.1
687,1,car,0.2127,800.8,608.1,913.8,690.0
687,2,large_vehicle,0.1210,557.2,495.9,647.7,549.1
687,1,car,0.1087,1224.3,537.2,1290.5,597.7
688,2,large_vehicle,0.6808,800.8,608.1,913.8,690.0
688,1,car,0.5162,557.4,495.9,647.7,549.1
688,1,car,0.4962,952.1,430.0,1023.2,475.1
688,0,person,0.3614,1120.6,448.2,1133.5,484.4
688,2,large_vehicle,0.3575,1224.2,497.6,1329.8,597.6
688,0,person,0.3156,883.0,524.7,901.7,574.0
688,1,car,0.2763,1281.8,619.8,1342.0,698.2
688,2,large_vehicle,0.2256,952.1,430.0,1023.2,475.1
688,1,car,0.2106,800.8,608.1,913.8,690.0
688,2,large_vehicle,0.1186,557.4,495.9,647.7,549.1
688,1,car,0.1118,1224.3,537.3,1290.5,597.7
689,1,car,0.5944,551.4,494.3,647.5,549.3
689,2,large_vehicle,0.5845,788.3,610.3,904.2,693.1
689,2,large_vehicle,0.5731,1224.8,494.1,1338.0,596.2
689,1,car,0.5551,949.9,430.2,1023.1,474.9
689,1,car,0.3206,788.3,610.3,904.2,693.1
689,1,car,0.2211,1282.0,620.0,1342.0,698.3
689,2,large_vehicle,0.2059,949.9,430.2,1023.1,474.9
689,2,large_vehicle,0.1805,551.4,494.3,647.5,549.3
689,0,person,0.1534,882.8,528.5,899.5,574.4
690,1,car,0.5981,552.3,494.6,647.3,549.3
690,2,large_vehicle,0.5956,1224.9,494.1,1337.8,596.1
690,2,large_vehicle,0.5877,788.3,610.3,904.2,693.1
690,1,car,0.5520,949.8,430.3,1023.2,474.9
690,1,car,0.3136,788.3,610.3,904.2,693.1
690,2,large_vehicle,0.2101,949.8,430.3,1023.2,474.9
690,1,car,0.1959,1282.0,620.1,1342.0,698.3
690,2,large_vehicle,0.1830,552.3,494.6,647.3,549.3
690,0,person,0.1358,882.7,528.3,899.5,574.5
690,0,person,0.1192,1120.1,448.6,1133.0,485.0
690,0,person,0.1039,895.6,633.5,918.7,695.7
691,2,large_vehicle,0.7497,776.4,613.0,890.4,696.2
691,1,car,0.6378,556.8,496.0,647.0,548.9
691,1,car,0.5859,951.9,431.2,1023.2,474.9
691,2,large_vehicle,0.4575,1230.7,495.0,1335.3,595.4
691,0,person,0.1756,1120.0,450.5,1132.8,484.8
691,2,large_vehicle,0.1663,951.9,431.2,1023.2,474.9
691,1,car,0.1510,776.4,613.0,890.4,696.2
691,1,car,0.1393,1282.2,621.8,1342.0,697.5
691,2,large_vehicle,0.1335,556.8,496.0,647.0,548.9
692,2,large_vehicle,0.7527,776.4,613.0,890.2,696.2
692,1,car,0.6442,557.0,496.0,647.1,548.9
692,1,car,0.5740,951.7,431.2,1023.1,474.9
692,2,large_vehicle,0.4884,1230.7,494.0,1335.8,595.4
692,2,large_vehicle,0.1708,951.7,431.2,1023.1,474.9
692,0,person,0.1587,1119.9,450.4,1132.8,484.8
692,1,car,0.1479,776.4,613.0,890.2,696.2
692,2,large_vehicle,0.1474,557.0,496.0,647.1,548.9
692,1,car,0.1114,1282.2,621.5,1342.0,697.7
693,2,large_vehicle,0.7384,776.4,613.0,890.3,696.1
693,1,car,0.6503,556.7,496.3,647.1,548.8
693,1,car,0.5820,951.8,431.2,1022.9,474.9
693,2,large_vehicle,0.5141,1231.3,494.8,1333.6,595.2
693,0,person,0.1681,1120.0,450.2,1132.7,484.8
693,2,large_vehicle,0.1661,951.8,431.2,1022.9,474.9
693,1,car,0.1624,776.4,613.0,890.3,696.1
693,2,large_vehicle,0.1236,556.7,496.3,647.1,548.8
694,2,large_vehicle,0.6636,763.1,615.1,876.4,700.4
694,1,car,0.5602,558.4,496.4,647.2,549.1
694,1,car,0.3980,951.7,431.3,1023.0,475.1
694,2,large_vehicle,0.3230,951.7,431.3,1023.0,475.1
694,1,car,0.2245,763.1,615.1,876.4,700.4
694,2,large_vehicle,0.1745,558.4,496.4,647.2,549.1
694,2,large_vehicle,0.1724,1233.2,505.4,1325.1,593.8
694,2,large_vehicle,0.1589,1233.9,528.5,1321.0,594.0
695,2,large_vehicle,0.6286,763.1,615.1,876.6,700.3
695,1,car,0.5730,557.6,496.3,647.1,549.1
695,1,car,0.4284,951.5,431.2,1023.0,475.1
695,2,large_vehicle,0.2903,951.5,431.2,1023.0,475.1
695,1,car,0.2179,763.1,615.1,876.6,700.3
695,2,large_vehicle,0.1886,1233.1,504.2,1325.4,593.8
695,2,large_vehicle,0.1798,557.6,496.3,647.1,549.1
695,2,large_vehicle,0.1549,1233.9,528.9,1321.1,594.1
696,1,car,0.5970,554.1,495.4,647.2,549.0
696,1,car,0.5010,748.0,618.3,866.3,704.1
696,0,person,0.4826,867.1,524.3,886.9,569.3
696,1,car,0.4735,950.3,430.6,1022.8,475.0
696,2,large_vehicle,0.4620,748.0,618.3,866.3,704.1
696,2,large_vehicle,0.2650,950.3,430.6,1022.8,475.0
696,2,large_vehicle,0.1569,554.1,495.4,647.2,549.0
697,1,car,0.6281,554.1,495.6,647.2,549.0
697,1,car,0.5089,748.0,618.3,866.3,704.1
697,0,person,0.5004,867.0,524.3,887.0,569.3
697,1,car,0.4805,950.3,430.6,1022.7,475.0
697,2,large_vehicle,0.4542,748.0,618.3,866.3,704.1
697,2,large_vehicle,0.2622,950.3,430.6,1022.7,475.0
697,2,large_vehicle,0.1351,554.1,495.6,647.2,549.0
698,1,car,0.6228,553.7,495.5,647.2,549.0
698,1,car,0.4951,747.9,618.3,866.7,704.1
698,0,person,0.4931,867.0,524.3,886.9,569.2
698,2,large_vehicle,0.4686,747.9,618.3,866.7,704.1
698,1,car,0.4558,950.4,430.4,1022.7,475.0
698,2,large_vehicle,0.2930,950.4,430.4,1022.7,475.0
698,2,large_vehicle,0.1453,553.7,495.5,647.2,549.0
699,1,car,0.6610,552.4,495.3,647.1,549.1
699,1,car,0.5144,949.9,430.6,1022.6,474.8
699,2,large_vehicle,0.4985,735.8,622.0,850.4,706.6
699,1,car,0.4796,735.8,622.0,850.4,706.6
699,0,person,0.3791,864.5,525.4,884.1,571.2
699,2,large_vehicle,0.2357,949.9,430.6,1022.6,474.8
699,2,large_vehicle,0.1784,1241.3,533.9,1339.5,592.0
699,2,large_vehicle,0.1660,552.4,495.3,647.1,549.1
699,0,person,0.1316,1119.0,449.6,1132.2,485.7
699,1,car,0.1216,1241.3,533.9,1339.5,592.0
699,1,car,0.1084,1282.0,623.9,1342.0,696.5
700,1,car,0.6652,552.1,495.2,647.1,549.1
700,1,car,0.5174,950.0,430.6,1022.7,474.8
700,1,car,0.4967,735.8,622.0,850.6,706.6
700,2,large_vehicle,0.4807,735.8,622.0,850.6,706.6
700,0,person,0.3676,864.6,525.4,884.2,571.3
700,2,large_vehicle,0.2342,950.0,430.6,1022.7,474.8
700,2,large_vehicle,0.1765,1241.2,533.9,1339.7,592.0
700,2,large_vehicle,0.1623,552.1,495.2,647.1,549.1
700,1,car,0.1279,1241.2,533.9,1339.7,592.0
700,0,person,0.1249,1119.0,450.1,1132.1,485.7
700,1,car,0.1122,1282.0,623.8,1342.0,696.5
701,1,car,0.6236,557.0,496.4,647.1,549.0
701,2,large_vehicle,0.5447,722.5,625.1,838.9,709.6
701,1,car,0.4238,951.6,431.3,1022.6,474.7
701,1,car,0.3956,722.5,625.1,838.9,709.6
701,2,large_vehicle,0.2934,951.6,431.3,1022.6,474.7
701,1,car,0.2844,1241.8,533.4,1339.9,591.0
701,3,motorcycle,0.2006,850.1,555.6,897.9,583.3
701,4,other_vehicle,0.1968,850.1,555.6,897.9,583.3
701,2,large_vehicle,0.1608,557.0,496.4,647.1,549.0
702,1,car,0.6451,557.6,496.4,647.1,549.1
702,2,large_vehicle,0.5485,722.4,625.1,838.8,709.7
702,1,car,0.4022,951.9,431.3,1022.7,474.8
702,1,car,0.3937,722.4,625.1,838.8,709.7
702,2,large_vehicle,0.3254,951.9,431.3,1022.7,474.8
702,1,car,0.2801,1241.8,533.2,1339.7,590.9
702,3,motorcycle,0.1824,850.8,555.6,896.9,583.3
702,4,other_vehicle,0.1695,850.8,555.6,896.9,583.3
702,2,large_vehicle,0.1543,557.6,496.4,647.1,549.1
703,1,car,0.6116,557.0,496.0,647.1,549.1
703,2,large_vehicle,0.5905,707.9,627.8,824.9,715.6
703,1,car,0.3824,951.5,431.0,1022.8,474.8
703,1,car,0.3450,707.9,627.8,824.9,715.6
703,2,large_vehicle,0.3392,951.5,431.0,1022.8,474.8
703,4,other_vehicle,0.2831,849.6,554.9,887.5,583.4
703,0,person,0.1958,1117.6,449.4,1130.0,484.2
703,2,large_vehicle,0.1652,557.0,496.0,647.1,549.1
704,1,car,0.6141,557.1,496.4,647.1,549.2
704,2,large_vehicle,0.5909,707.9,627.8,824.7,715.6
704,2,large_vehicle,0.3618,951.9,430.5,1022.9,474.8
704,1,car,0.3552,951.9,430.5,1022.9,474.8
704,1,car,0.3456,707.9,627.8,824.7,715.6
704,4,other_vehicle,0.2678,849.7,554.9,886.7,583.4
704,0,person,0.1912,1117.6,449.5,1130.0,484.2
704,2,large_vehicle,0.1794,557.1,496.4,647.1,549.2
705,1,car,0.5938,556.0,495.6,647.2,549.1
705,1,car,0.5483,694.5,631.3,812.7,718.7
705,1,car,0.4027,950.8,430.5,1022.6,474.8
705,0,person,0.3756,1116.9,449.4,1129.6,482.7
705,2,large_vehicle,0.3402,694.5,631.3,812.7,718.7
705,2,large_vehicle,0.2981,950.8,430.5,1022.6,474.8
705,4,other_vehicle,0.2730,847.8,553.1,888.6,583.1
705,0,person,0.2688,856.5,526.7,876.6,572.3
705,3,motorcycle,0.2179,847.8,553.1,888.6,583.1
705,2,large_vehicle,0.1855,556.0,495.6,647.2,549.1
706,1,car,0.6002,556.0,495.6,647.2,549.1
706,1,car,0.5476,694.5,631.3,812.7,718.7
706,1,car,0.4010,950.8,430.4,1022.6,474.8
706,0,person,0.3751,1116.9,449.4,1129.6,482.7
706,2,large_vehicle,0.3386,694.5,631.3,812.7,718.7
706,2,large_vehicle,0.2985,950.8,430.4,1022.6,474.8
706,4,other_vehicle,0.2746,847.8,553.1,888.6,583.1
706,0,person,0.2744,856.5,526.7,876.6,572.3
706,3,motorcycle,0.2194,847.8,553.1,888.6,583.1
706,2,large_vehicle,0.1822,556.0,495.6,647.2,549.1
707,1,car,0.5743,555.7,495.5,647.1,549.1
707,1,car,0.5441,694.5,631.3,812.7,718.7
707,1,car,0.4173,950.9,430.7,1022.6,474.8
707,0,person,0.3716,1116.9,449.5,1129.5,482.6
707,2,large_vehicle,0.3494,694.5,631.3,812.7,718.7
707,2,large_vehicle,0.2767,950.9,430.7,1022.6,474.8
707,0,person,0.2704,856.5,526.7,876.5,572.2
707,4,other_vehicle,0.2690,847.8,553.2,888.7,583.1
707,3,motorcycle,0.2150,847.8,553.2,888.7,583.1
707,2,large_vehicle,0.2009,555.7,495.5,647.1,549.1
708,1,car,0.7131,677.9,633.6,799.8,721.3
708,1,car,0.6402,553.9,495.5,647.2,549.2
708,0,person,0.4819,853.5,527.9,873.9,576.0
708,1,car,0.4421,949.6,430.2,1022.6,474.6
708,0,person,0.4151,1116.3,449.9,1129.7,482.5
708,3,motorcycle,0.2928,842.0,553.2,885.7,583.6
708,4,other_vehicle,0.2864,842.0,553.2,885.7,583.6
708,2,large_vehicle,0.2541,949.6,430.2,1022.6,474.6
708,2,large_vehicle,0.2067,677.9,633.6,799.8,721.3
708,2,large_vehicle,0.1907,553.9,495.5,647.2,549.2
709,1,car,0.7227,678.0,633.6,799.8,721.4
709,1,car,0.6211,554.3,495.5,647.2,549.2
709,0,person,0.4889,853.5,527.7,873.9,576.0
709,1,car,0.4462,949.5,430.3,1022.7,474.6
709,0,person,0.3947,1116.5,449.5,1129.7,482.0
709,3,motorcycle,0.3082,842.0,553.2,886.5,583.6
709,4,other_vehicle,0.2891,842.0,553.2,886.5,583.6
709,2,large_vehicle,0.2544,949.5,430.3,1022.7,474.6
709,2,large_vehicle,0.2071,554.3,495.5,647.2,549.2
709,2,large_vehicle,0.1940,678.0,633.6,799.8,721.4
710,1,car,0.5710,558.0,496.3,647.1,549.1
710,2,large_vehicle,0.5181,668.3,636.8,785.8,724.5
710,1,car,0.4338,668.3,636.8,785.8,724.5
710,0,person,0.4328,1115.9,449.9,1128.9,482.5
710,0,person,0.4020,850.4,527.1,869.3,572.7
710,2,large_vehicle,0.3117,952.0,430.6,1022.8,474.8
710,1,car,0.3069,952.0,430.6,1022.8,474.8
710,2,large_vehicle,0.2150,558.0,496.3,647.1,549.1
710,0,person,0.1351,852.4,527.9,871.8,575.0
711,1,car,0.5976,557.4,496.6,647.0,549.2
711,2,large_vehicle,0.5165,668.3,636.7,785.9,724.5
711,0,person,0.4698,1115.9,450.1,1129.0,482.7
711,1,car,0.4348,668.3,636.7,785.9,724.5
711,0,person,0.4067,850.4,527.1,869.3,572.5
711,2,large_vehicle,0.3577,951.8,430.4,1022.9,474.8
711,1,car,0.3009,951.8,430.4,1022.9,474.8
711,2,large_vehicle,0.2062,557.4,496.6,647.0,549.2
711,0,person,0.1374,852.4,528.0,871.8,574.8
712,1,car,0.5803,557.3,496.4,647.0,549.1
712,2,large_vehicle,0.5181,668.3,636.7,785.8,724.5
712,0,person,0.4703,1115.9,450.1,1129.0,483.1
712,1,car,0.4340,668.3,636.7,785.8,724.5
712,0,person,0.4025,850.4,527.1,869.3,572.5
712,2,large_vehicle,0.3599,951.8,430.4,1022.8,474.8
712,1,car,0.3012,951.8,430.4,1022.8,474.8
712,2,large_vehicle,0.2231,557.3,496.4,647.0,549.1
712,0,person,0.1362,852.5,528.0,871.8,574.8
713,1,car,0.6132,556.4,496.1,646.9,549.1
713,0,person,0.5100,1114.7,449.7,1127.9,483.9
713,1,car,0.4503,654.1,639.3,771.3,728.0
713,0,person,0.4358,847.7,528.2,867.1,574.1
713,2,large_vehicle,0.4146,654.1,639.3,771.3,728.0
713,2,large_vehicle,0.3295,951.8,430.2,1023.2,474.9
713,1,car,0.2980,951.8,430.2,1023.2,474.9
713,3,motorcycle,0.2146,838.4,554.1,878.6,583.8
713,2,large_vehicle,0.1889,556.4,496.1,646.9,549.1
713,4,other_vehicle,0.1712,838.4,554.1,878.6,583.8
714,1,car,0.6083,556.0,496.0,646.9,549.1
714,0,person,0.5212,1114.7,449.7,1127.9,484.0
714,1,car,0.4584,654.0,639.3,771.3,728.0
714,0,person,0.4458,847.6,528.0,867.1,574.1
714,2,large_vehicle,0.4071,654.0,639.3,771.3,728.0
714,2,large_vehicle,0.3632,951.8,430.0,1023.0,474.9
714,1,car,0.2892,951.8,430.0,1023.0,474.9
714,3,motorcycle,0.2496,838.0,554.1,880.1,583.8
714,2,large_vehicle,0.1967,556.0,496.0,646.9,549.1
714,4,other_vehicle,0.1955,838.0,554.1,880.1,583.8
715,1,car,0.6998,639.4,642.4,758.1,731.6
715,0,person,0.5790,1114.1,449.4,1127.7,484.1
715,1,car,0.5786,558.0,496.5,647.0,549.2
715,2,large_vehicle,0.3257,951.4,430.2,1022.5,474.9
715,1,car,0.3001,951.4,430.2,1022.5,474.9
715,0,person,0.2463,844.6,527.4,864.3,571.3
715,2,large_vehicle,0.1938,639.4,642.4,758.1,731.6
715,2,large_vehicle,0.1867,558.0,496.5,647.0,549.2
715,4,other_vehicle,0.1508,832.5,555.3,876.4,584.2
715,3,motorcycle,0.1298,832.5,555.3,876.4,584.2
716,1,car,0.6903,639.4,642.4,758.1,731.7
716,1,car,0.5753,557.8,496.6,646.9,549.1
716,0,person,0.5679,1114.1,449.5,1127.6,484.2
716,2,large_vehicle,0.3331,951.0,430.3,1022.5,475.0
716,1,car,0.2934,951.0,430.3,1022.5,475.0
716,0,person,0.2299,844.6,527.4,864.3,571.4
716,2,large_vehicle,0.2056,639.4,642.4,758.1,731.7
716,2,large_vehicle,0.1750,557.8,496.6,646.9,549.1
716,4,other_vehicle,0.1337,832.5,555.4,876.8,584.3
716,3,motorcycle,0.1137,832.5,555.4,876.8,584.3
717,1,car,0.6917,639.5,642.2,758.2,731.7
717,1,car,0.6431,555.9,496.3,646.9,549.1
717,0,person,0.5390,1114.2,449.2,1127.6,484.2
717,2,large_vehicle,0.3773,951.0,430.1,1022.6,475.0
717,0,person,0.2822,844.6,527.6,864.7,571.5
717,1,car,0.2453,951.0,430.1,1022.6,475.0
717,2,large_vehicle,0.2058,639.5,642.2,758.2,731.7
717,4,other_vehicle,0.1465,833.4,555.2,876.2,584.2
717,2,large_vehicle,0.1315,555.9,496.3,646.9,549.1
717,3,motorcycle,0.1302,833.4,555.2,876.2,584.2
718,1,car,0.7039,553.4,495.4,647.1,549.2
718,1,car,0.6915,625.2,645.7,745.7,734.3
718,0,person,0.6768,840.9,526.9,863.0,578.1
718,0,person,0.4219,1113.9,448.8,1127.2,484.4
718,1,car,0.3720,949.9,429.7,1022.7,474.6
718,4,other_vehicle,0.2852,829.9,552.3,879.9,583.4
718,2,large_vehicle,0.2689,949.9,429.7,1022.7,474.6
718,2,large_vehicle,0.2270,625.2,645.7,745.7,734.3
718,2,large_vehicle,0.1224,553.4,495.4,647.1,549.2
718,4,other_vehicle,0.1122,830.1,551.6,884.8,584.1
719,1,car,0.7304,552.6,494.9,647.1,549.1
719,1,car,0.6958,625.4,645.7,745.5,734.2
719,0,person,0.6736,840.9,526.8,863.1,578.2
719,0,person,0.4100,1113.9,448.6,1127.2,484.4
719,1,car,0.3643,949.6,429.5,1022.6,474.6
719,4,other_vehicle,0.2888,829.9,552.4,879.8,583.4
719,2,large_vehicle,0.2738,949.6,429.5,1022.6,474.6
719,2,large_vehicle,0.2200,625.4,645.7,745.5,734.2
719,4,other_vehicle,0.1194,830.1,551.7,885.1,584.2
720,1,car,0.6599,555.1,495.2,647.1,549.1
720,1,car,0.5555,609.9,648.5,731.3,736.5
720,0,person,0.4685,837.6,526.0,858.2,577.2
720,0,person,0.4211,1113.7,448.3,1127.0,483.9
720,1,car,0.3827,951.2,430.4,1023.0,474.6
720,2,large_vehicle,0.3197,951.2,430.4,1023.0,474.6
720,2,large_vehicle,0.2790,609.9,648.5,731.3,736.5
720,0,person,0.1947,838.5,525.5,861.0,579.3
720,2,large_vehicle,0.1518,555.1,495.2,647.1,549.1
720,4,other_vehicle,0.1370,827.2,552.0,865.7,583.0
720,0,person,0.1026,839.1,526.0,860.7,579.1
721,1,car,0.6667,555.1,495.2,647.1,549.1
721,1,car,0.5581,609.9,648.5,731.3,736.5
721,0,person,0.4672,837.6,526.0,858.2,577.3
721,0,person,0.4164,1113.7,448.3,1126.9,483.9
721,1,car,0.3875,951.2,430.4,1023.0,474.6
721,2,large_vehicle,0.3151,951.2,430.4,1023.0,474.6
721,2,large_vehicle,0.2746,609.9,648.5,731.3,736.5
721,0,person,0.2001,838.5,525.5,861.0,579.3
721,2,large_vehicle,0.1447,555.1,495.2,647.1,549.1
721,4,other_vehicle,0.1410,827.2,552.0,865.7,583.0
721,0,person,0.1051,839.1,526.0,860.7,579.1
722,1,car,0.6401,555.5,495.1,647.2,549.1
722,1,car,0.5518,609.8,648.5,731.3,736.6
722,0,person,0.4621,837.5,526.0,858.2,577.3
722,0,person,0.4000,1113.7,448.3,1126.9,483.9
722,1,car,0.3898,951.5,430.6,1023.0,474.6
722,2,large_vehicle,0.3064,951.5,430.6,1023.0,474.6
722,2,large_vehicle,0.2821,609.8,648.5,731.3,736.6
722,2,large_vehicle,0.1740,555.5,495.1,647.2,549.1
722,0,person,0.1548,839.1,526.1,860.7,579.1
722,0,person,0.1474,838.5,525.5,861.0,579.3
722,4,other_vehicle,0.1330,827.2,552.0,866.2,583.0
723,1,car,0.7433,596.4,651.5,715.8,740.3
723,1,car,0.6393,556.6,495.8,646.9,549.2
723,0,person,0.5615,835.0,527.3,855.3,575.7
723,0,person,0.4994,1113.8,448.8,1126.5,483.0
723,3,motorcycle,0.4235,825.1,551.4,866.7,582.7
723,1,car,0.3865,951.2,430.4,1022.9,474.8
723,2,large_vehicle,0.3281,951.2,430.4,1022.9,474.8
723,4,other_vehicle,0.2675,825.1,551.4,866.7,582.7
723,2,large_vehicle,0.1885,556.6,495.8,646.9,549.2
723,0,person,0.1773,1193.3,528.1,1212.8,586.0
723,2,large_vehicle,0.1080,596.4,651.5,715.8,740.3
724,1,car,0.7252,596.3,651.5,715.7,740.2
724,1,car,0.6356,556.7,495.7,646.9,549.2
724,0,person,0.5531,835.0,527.0,855.3,575.8
724,0,person,0.4954,1113.8,448.9,1126.5,483.0
724,3,motorcycle,0.4023,825.1,551.7,866.0,582.7
724,1,car,0.3831,951.2,430.4,1022.9,474.8
724,2,large_vehicle,0.3314,951.2,430.4,1022.9,474.8
724,4,other_vehicle,0.2775,825.1,551.7,866.0,582.7
724,2,large_vehicle,0.1896,556.7,495.7,646.9,549.2
724,0,person,0.1544,1193.3,528.0,1212.9,586.1
724,2,large_vehicle,0.1328,596.3,651.5,715.7,740.2
725,1,car,0.5543,555.1,495.7,646.6,549.0
725,1,car,0.4736,583.0,654.6,702.0,744.2
725,0,person,0.4488,831.8,527.0,851.5,572.8
725,2,large_vehicle,0.4388,950.9,430.3,1022.8,475.0
725,2,large_vehicle,0.3714,583.0,654.6,702.0,744.2
725,0,person,0.3327,1113.7,448.9,1126.0,482.6
725,3,motorcycle,0.2615,818.8,555.1,862.9,583.7
725,1,car,0.2481,950.9,430.3,1022.8,475.0
725,2,large_vehicle,0.2266,555.1,495.7,646.6,549.0
725,4,other_vehicle,0.2165,818.8,555.1,862.9,583.7
725,0,person,0.1332,824.3,553.5,844.1,579.7
726,1,car,0.5896,555.3,495.8,646.7,549.1
726,1,car,0.4829,583.0,654.6,702.2,744.2
726,0,person,0.4388,831.8,526.9,851.5,572.6
726,2,large_vehicle,0.4217,951.0,430.1,1022.8,475.0
726,0,person,0.3656,1113.7,448.8,1126.1,482.6
726,2,large_vehicle,0.3603,583.0,654.6,702.2,744.2
726,3,motorcycle,0.2509,818.8,555.1,862.8,583.6
726,1,car,0.2434,951.0,430.1,1022.8,475.0
726,4,other_vehicle,0.2210,818.8,555.1,862.8,583.6
726,2,large_vehicle,0.2017,555.3,495.8,646.7,549.1
726,0,person,0.1342,824.3,553.6,844.1,579.8
727,1,car,0.6758,551.5,494.0,647.2,549.1
727,1,car,0.6493,568.9,657.0,689.2,745.3
727,0,person,0.4909,829.2,526.2,850.5,576.8
727,4,other_vehicle,0.4021,817.1,552.2,869.5,583.9
727,1,car,0.4012,949.3,429.7,1023.2,474.6
727,0,person,0.3431,1113.3,448.4,1126.2,483.0
727,0,person,0.2406,827.2,526.0,847.4,575.4
727,2,large_vehicle,0.2086,568.9,657.0,689.2,745.3
727,2,large_vehicle,0.1998,949.3,429.7,1023.2,474.6
727,2,large_vehicle,0.1424,551.5,494.0,647.2,549.1
727,0,person,0.1400,1111.8,448.2,1124.4,482.5
727,0,person,0.1114,1193.0,532.1,1212.4,586.9
728,1,car,0.6887,551.5,494.0,647.3,549.1
728,1,car,0.6436,568.9,657.0,688.9,745.2
728,0,person,0.4873,829.3,526.2,850.5,576.7
728,1,car,0.3791,949.4,429.8,1023.2,474.5
728,4,other_vehicle,0.3779,817.0,552.2,869.1,584.0
728,0,person,0.3323,1113.2,448.3,1126.2,483.0
728,0,person,0.2445,827.2,526.0,847.4,575.4
728,2,large_vehicle,0.2159,568.9,657.0,688.9,745.2
728,2,large_vehicle,0.1880,949.4,429.8,1023.2,474.5
728,0,person,0.1369,1111.8,448.2,1124.4,482.5
728,2,large_vehicle,0.1356,551.5,494.0,647.3,549.1
729,1,car,0.7470,553.6,660.7,675.0,748.3
729,1,car,0.6489,555.9,495.8,647.1,549.1
729,0,person,0.4816,825.2,525.8,845.2,573.9
729,2,large_vehicle,0.3251,950.8,430.2,1023.1,474.6
729,1,car,0.3114,950.8,430.2,1023.1,474.6
729,4,other_vehicle,0.2712,814.6,552.2,853.8,583.1
729,2,large_vehicle,0.1675,553.6,660.7,675.0,748.3
729,2,large_vehicle,0.1635,555.9,495.8,647.1,549.1
729,0,person,0.1483,1113.1,448.3,1126.2,483.4
729,0,person,0.1393,1111.6,448.2,1124.5,483.0
729,3,motorcycle,0.1168,814.6,552.2,853.8,583.1
730,1,car,0.7445,553.6,660.7,674.9,748.3
730,1,car,0.6483,555.9,495.8,647.1,549.1
730,0,person,0.4860,825.2,525.8,845.2,573.9
730,2,large_vehicle,0.3350,951.0,430.2,1023.2,474.6
730,1,car,0.3052,951.0,430.2,1023.2,474.6
730,4,other_vehicle,0.2742,814.6,552.2,853.8,583.2
730,2,large_vehicle,0.1708,553.6,660.7,674.9,748.3
730,2,large_vehicle,0.1651,555.9,495.8,647.1,549.1
730,0,person,0.1533,1113.1,448.4,1126.2,483.4
730,0,person,0.1426,1111.6,448.3,1124.5,483.0
730,3,motorcycle,0.1156,814.6,552.2,853.8,583.2
731,1,car,0.7494,553.6,660.8,674.9,748.3
731,1,car,0.6546,556.5,496.0,647.0,549.1
731,0,person,0.4793,825.3,525.8,845.2,573.9
731,2,large_vehicle,0.3349,951.0,430.2,1023.1,474.5
731,1,car,0.3039,951.0,430.2,1023.1,474.5
731,4,other_vehicle,0.2601,814.7,552.3,853.7,583.1
731,2,large_vehicle,0.1684,553.6,660.8,674.9,748.3
731,2,large_vehicle,0.1596,556.5,496.0,647.0,549.1
731,0,person,0.1571,1113.1,448.3,1126.2,483.4
731,0,person,0.1492,1111.6,448.2,1124.5,483.0
731,3,motorcycle,0.1115,814.7,552.3,853.7,583.1
732,1,car,0.7441,540.8,663.2,659.3,750.6
732,1,car,0.5881,556.1,495.7,647.0,549.0
732,0,person,0.5066,823.8,526.5,842.5,573.9
732,2,large_vehicle,0.4923,951.6,430.2,1023.1,474.7
732,3,motorcycle,0.2910,809.3,554.0,852.4,583.1
732,0,person,0.2739,1111.3,448.8,1124.2,483.6
732,4,other_vehicle,0.2514,809.3,554.0,852.4,583.1
732,1,car,0.2283,951.6,430.2,1023.1,474.7
732,2,large_vehicle,0.2044,556.1,495.7,647.0,549.0
732,0,person,0.1621,817.6,543.4,835.5,577.9
732,0,person,0.1301,1193.3,544.0,1211.1,586.9
732,2,large_vehicle,0.1014,540.8,663.2,659.3,750.6
733,1,car,0.7334,540.8,662.9,659.3,750.7
733,1,car,0.5785,556.0,495.6,647.0,549.0
733,0,person,0.4986,823.8,526.6,842.5,573.9
733,2,large_vehicle,0.4982,951.7,430.3,1023.0,474.7
733,3,motorcycle,0.2827,809.3,554.0,852.3,583.2
733,4,other_vehicle,0.2763,809.3,554.0,852.3,583.2
733,0,person,0.2309,1111.3,448.8,1124.1,483.8
733,1,car,0.2194,951.7,430.3,1023.0,474.7
733,2,large_vehicle,0.2189,556.0,495.6,647.0,549.0
733,0,person,0.1793,817.7,543.0,835.4,577.8
733,0,person,0.1212,1193.3,544.2,1211.1,586.9
733,2,large_vehicle,0.1197,540.8,662.9,659.3,750.7
734,1,car,0.5950,523.2,665.8,644.2,753.3
734,1,car,0.5420,555.9,496.2,646.9,549.0
734,0,person,0.5158,820.6,526.7,840.4,576.2
734,2,large_vehicle,0.3970,950.4,430.3,1023.0,474.7
734,0,person,0.3886,1111.0,448.7,1124.0,484.3
734,1,car,0.2862,950.4,430.3,1023.0,474.7
734,2,large_vehicle,0.2182,555.9,496.2,646.9,549.0
734,2,large_vehicle,0.2036,523.2,665.8,644.2,753.3
734,4,other_vehicle,0.1954,806.8,554.7,855.0,583.7
734,3,motorcycle,0.1787,806.8,554.7,855.0,583.7
735,1,car,0.6029,523.1,665.7,644.2,753.2
735,1,car,0.6004,556.1,496.4,646.9,549.0
735,0,person,0.5190,820.6,526.6,840.3,576.0
735,0,person,0.3957,1111.0,448.7,1124.0,484.2
735,2,large_vehicle,0.3742,950.4,430.0,1023.1,474.6
735,1,car,0.3049,950.4,430.0,1023.1,474.6
735,3,motorcycle,0.2167,806.7,554.5,855.1,583.6
735,4,other_vehicle,0.2011,806.7,554.5,855.1,583.6
735,2,large_vehicle,0.1843,523.1,665.7,644.2,753.2
735,2,large_vehicle,0.1783,556.1,496.4,646.9,549.0
735,0,person,0.1508,1193.0,537.0,1212.0,587.1
736,1,car,0.6030,523.1,665.7,644.2,753.2
736,1,car,0.5993,556.0,496.4,646.9,549.0
736,0,person,0.5179,820.6,526.6,840.3,576.0
736,0,person,0.3853,1111.0,448.7,1123.9,484.4
736,2,large_vehicle,0.3769,950.4,430.0,1023.0,474.6
736,1,car,0.3040,950.4,430.0,1023.0,474.6
736,3,motorcycle,0.2051,806.7,554.5,855.0,583.6
736,4,other_vehicle,0.2013,806.7,554.5,855.0,583.6
736,2,large_vehicle,0.1892,523.1,665.7,644.2,753.2
736,2,large_vehicle,0.1772,556.0,496.4,646.9,549.0
736,0,person,0.1460,1193.0,537.0,1212.0,587.1
737,1,car,0.7317,552.1,494.8,647.5,549.0
737,1,car,0.7274,512.6,668.4,632.4,755.8
737,0,person,0.5316,817.7,527.4,838.4,578.7
737,0,person,0.3953,1110.7,448.8,1123.8,484.1
737,1,car,0.3816,949.3,430.1,1023.3,474.5
737,0,person,0.3565,816.3,527.6,835.7,577.4
737,4,other_vehicle,0.3520,806.5,549.7,847.3,582.4
737,2,large_vehicle,0.3015,949.3,430.1,1023.3,474.5
737,0,person,0.1083,1193.0,526.6,1213.3,586.4
737,2,large_vehicle,0.1031,552.1,494.8,647.5,549.0
738,1,car,0.7329,512.7,668.5,632.5,755.8
738,1,car,0.7139,552.4,494.7,647.4,549.1
738,0,person,0.5325,817.7,527.3,838.5,578.7
738,1,car,0.3860,949.2,430.2,1023.2,474.5
738,0,person,0.3810,1110.6,448.5,1123.8,484.1
738,4,other_vehicle,0.3672,806.4,549.7,847.4,582.3
738,0,person,0.3416,816.3,527.5,835.7,577.4
738,2,large_vehicle,0.3011,949.2,430.2,1023.2,474.5
738,0,person,0.1278,1192.9,526.5,1213.2,586.6
738,2,large_vehicle,0.1171,552.4,494.7,647.4,549.1
739,1,car,0.7089,498.3,671.2,617.4,757.9
739,1,car,0.6998,555.8,496.0,647.1,549.0
739,0,person,0.5886,813.8,527.2,834.1,579.2
739,1,car,0.4156,951.6,430.4,1023.1,474.4
739,4,other_vehicle,0.3151,801.2,550.4,842.5,582.4
739,2,large_vehicle,0.2620,951.6,430.4,1023.1,474.4
739,0,person,0.2590,1110.1,447.8,1123.4,482.5
739,3,motorcycle,0.2410,801.2,550.4,842.5,582.4
739,0,person,0.2407,1192.8,530.5,1212.4,587.3
739,2,large_vehicle,0.1080,555.8,496.0,647.1,549.0
740,1,car,0.7164,556.1,496.2,647.1,549.0
740,1,car,0.6995,498.7,671.2,617.5,757.8
740,0,person,0.5871,813.8,527.2,834.2,579.3
740,1,car,0.4332,951.9,430.6,1023.0,474.4
740,4,other_vehicle,0.3198,801.5,550.4,842.5,582.4
740,0,person,0.2575,1110.2,447.8,1123.4,482.5
740,2,large_vehicle,0.2341,951.9,430.6,1023.0,474.4
740,3,motorcycle,0.2265,801.5,550.4,842.5,582.4
740,0,person,0.2140,1192.8,531.1,1212.3,587.3
741,1,car,0.7142,556.8,496.5,647.0,549.1
741,1,car,0.6944,498.7,671.2,617.4,757.9
741,0,person,0.5986,813.7,527.2,834.2,579.4
741,1,car,0.4707,951.4,430.6,1023.0,474.5
741,4,other_vehicle,0.3280,801.3,550.5,842.5,582.3
741,3,motorcycle,0.2480,801.3,550.5,842.5,582.3
741,0,person,0.2467,1110.1,448.0,1123.3,482.2
741,2,large_vehicle,0.2271,951.4,430.6,1023.0,474.5
741,0,person,0.1196,1192.8,531.5,1212.0,587.2
742,1,car,0.7030,557.1,496.5,647.3,549.1
742,1,car,0.6688,485.7,674.4,602.3,762.5
742,0,person,0.5148,811.2,527.6,830.6,576.4
742,1,car,0.4094,951.5,430.5,1022.9,474.7
742,3,motorcycle,0.3969,796.7,552.9,843.6,583.6
742,0,person,0.2785,1108.7,448.0,1122.9,481.4
742,2,large_vehicle,0.2746,951.5,430.5,1022.9,474.7
742,4,other_vehicle,0.1538,796.7,552.9,843.6,583.6
742,0,person,0.1148,1193.0,527.3,1212.6,586.3
743,1,car,0.6951,556.9,496.6,647.3,549.1
743,1,car,0.6633,485.7,674.4,602.2,762.4
743,0,person,0.5119,811.2,527.6,830.6,576.4
743,1,car,0.4036,951.6,430.6,1023.0,474.7
743,3,motorcycle,0.3914,796.7,553.1,843.7,583.6
743,0,person,0.2722,1108.8,448.0,1122.9,481.3
743,2,large_vehicle,0.2592,951.6,430.6,1023.0,474.7
743,4,other_vehicle,0.1536,796.7,553.1,843.7,583.6
743,0,person,0.1279,1193.0,527.4,1212.5,586.3
743,2,large_vehicle,0.1045,556.9,496.6,647.3,549.1
743,2,large_vehicle,0.1036,485.7,674.4,602.2,762.4
744,1,car,0.7095,469.4,676.5,587.6,764.0
744,1,car,0.6399,556.8,496.6,647.2,549.0
744,0,person,0.5931,807.9,528.1,828.7,579.8
744,2,large_vehicle,0.3658,951.1,430.1,1023.1,474.7
744,0,person,0.3333,1107.4,448.2,1122.8,482.6
744,1,car,0.3172,951.1,430.1,1023.1,474.7
744,4,other_vehicle,0.2851,794.8,552.6,839.1,583.5
744,3,motorcycle,0.2178,794.8,552.6,839.1,583.5
744,2,large_vehicle,0.1478,556.8,496.6,647.2,549.0
744,4,other_vehicle,0.1372,1105.3,456.8,1123.1,483.5
744,0,person,0.1228,804.8,527.8,825.6,578.0
744,0,person,0.1197,1193.1,538.4,1211.8,587.0
745,1,car,0.7103,469.4,676.5,587.6,764.0
745,1,car,0.6411,556.8,496.6,647.2,549.0
745,0,person,0.5928,807.9,528.1,828.7,579.9
745,2,large_vehicle,0.3685,951.1,430.1,1023.1,474.7
745,0,person,0.3347,1107.4,448.2,1122.8,482.6
745,1,car,0.3150,951.1,430.1,1023.1,474.7
745,4,other_vehicle,0.2850,794.8,552.6,839.1,583.5
745,3,motorcycle,0.2185,794.8,552.6,839.1,583.5
745,2,large_vehicle,0.1461,556.8,496.6,647.2,549.0
745,4,other_vehicle,0.1371,1105.3,456.8,1123.1,483.5
745,0,person,0.1222,804.8,527.8,825.6,578.0
745,0,person,0.1167,1193.1,538.6,1211.8,587.0
746,1,car,0.7083,469.5,676.5,587.8,764.0
746,1,car,0.6036,555.1,496.2,647.1,549.0
746,0,person,0.5990,807.9,528.1,828.7,579.9
746,2,large_vehicle,0.3743,950.8,430.0,1023.2,474.7
746,0,person,0.3282,1107.3,448.2,1122.8,482.6
746,1,car,0.2906,950.8,430.0,1023.2,474.7
746,4,other_vehicle,0.2840,794.8,552.6,839.1,583.5
746,3,motorcycle,0.2175,794.8,552.6,839.1,583.5
746,2,large_vehicle,0.1656,555.1,496.2,647.1,549.0
746,4,other_vehicle,0.1395,1105.0,456.7,1123.1,483.5
746,0,person,0.1154,804.9,527.8,825.6,578.0
747,1,car,0.7165,552.7,495.8,647.6,549.0
747,0,person,0.5630,803.9,527.6,824.6,576.6
747,1,car,0.5355,458.7,678.9,571.9,765.0
747,1,car,0.3966,950.0,430.0,1023.4,474.4
747,0,person,0.3600,1107.5,448.7,1121.9,483.1
747,2,large_vehicle,0.2773,950.0,430.0,1023.4,474.4
747,3,motorcycle,0.2686,794.4,548.5,833.0,582.9
747,4,other_vehicle,0.2333,794.4,548.5,833.0,582.9
747,4,other_vehicle,0.1430,458.7,678.9,571.9,765.0
747,2,large_vehicle,0.1194,552.7,495.8,647.6,549.0
748,1,car,0.7190,552.6,495.8,647.6,549.1
748,0,person,0.5660,803.9,527.6,824.6,576.5
748,1,car,0.5540,458.5,679.0,572.1,765.2
748,1,car,0.3918,950.0,429.9,1023.4,474.4
748,0,person,0.3267,1107.5,448.6,1122.0,483.4
748,2,large_vehicle,0.2746,950.0,429.9,1023.4,474.4
748,3,motorcycle,0.2666,794.3,548.6,833.1,582.9
748,4,other_vehicle,0.2407,794.3,548.6,833.1,582.9
748,4,other_vehicle,0.1291,458.5,679.0,572.1,765.2
748,2,large_vehicle,0.1166,552.6,495.8,647.6,549.1
749,1,car,0.6566,555.8,496.4,647.4,549.1
749,1,car,0.4999,444.0,681.5,560.9,768.7
749,0,person,0.4699,800.9,526.8,821.4,576.6
749,1,car,0.3274,951.1,429.9,1023.7,474.7
749,2,large_vehicle,0.3075,951.1,429.9,1023.7,474.7
749,2,large_vehicle,0.2608,444.0,681.5,560.9,768.7
749,0,person,0.2144,1107.1,447.8,1121.9,483.2
749,0,person,0.1806,794.5,540.2,813.2,577.9
749,2,large_vehicle,0.1557,555.8,496.4,647.4,549.1
749,4,other_vehicle,0.1473,787.0,551.6,829.2,582.0
749,3,motorcycle,0.1042,787.0,551.6,829.2,582.0
750,1,car,0.6137,556.1,496.1,647.2,549.1
750,1,car,0.4606,443.4,681.5,560.9,768.3
750,0,person,0.4447,800.7,526.8,821.2,576.6
750,2,large_vehicle,0.3382,951.1,430.2,1024.1,474.6
750,1,car,0.2811,951.1,430.2,1024.1,474.6
750,2,large_vehicle,0.2737,443.4,681.5,560.9,768.3
750,2,large_vehicle,0.1947,556.1,496.1,647.2,549.1
750,0,person,0.1358,794.7,540.2,813.3,577.7
750,0,person,0.1027,1107.4,447.3,1121.8,482.3
750,4,other_vehicle,0.1010,443.4,681.5,560.9,768.3
751,1,car,0.7333,429.0,683.8,548.8,770.2
751,1,car,0.6210,555.5,495.6,647.2,549.0
751,0,person,0.5948,797.4,528.1,818.7,577.7
751,4,other_vehicle,0.4614,785.8,551.6,829.9,582.5
751,2,large_vehicle,0.4079,951.6,430.1,1023.6,474.5
751,0,person,0.3510,1106.6,447.4,1121.2,482.5
751,1,car,0.2864,951.6,430.1,1023.6,474.5
751,2,large_vehicle,0.1862,555.5,495.6,647.2,549.0
751,3,motorcycle,0.1744,785.8,551.6,829.9,582.5
751,0,person,0.1056,793.5,528.1,815.3,576.2
752,1,car,0.7339,429.2,683.7,548.9,770.4
752,1,car,0.6238,555.5,495.5,647.1,549.0
752,0,person,0.5979,797.4,528.0,818.8,577.8
752,4,other_vehicle,0.4634,785.7,551.7,830.0,582.5
752,2,large_vehicle,0.4180,951.7,430.2,1023.6,474.5
752,0,person,0.3214,1106.6,447.3,1121.2,482.3
752,1,car,0.2744,951.7,430.2,1023.6,474.5
752,2,large_vehicle,0.1853,555.5,495.5,647.1,549.0
752,3,motorcycle,0.1707,785.7,551.7,830.0,582.5
752,0,person,0.1043,793.5,528.0,815.3,576.3
753,4,other_vehicle,0.6516,418.4,685.7,531.8,771.4
753,1,car,0.5477,552.0,494.8,647.0,548.8
753,2,large_vehicle,0.5012,951.5,430.0,1023.6,474.5
753,0,person,0.5010,792.9,528.4,814.5,576.1
753,4,other_vehicle,0.4561,782.9,549.3,823.9,581.5
753,0,person,0.3910,1106.2,447.2,1120.6,482.2
753,2,large_vehicle,0.2614,552.0,494.8,647.0,548.8
753,0,person,0.2511,794.9,528.7,816.3,577.5
753,1,car,0.1990,951.5,430.0,1023.6,474.5
753,0,person,0.1927,1192.8,529.1,1211.9,587.1
753,3,motorcycle,0.1803,782.9,549.3,823.9,581.5
753,1,car,0.1514,418.4,685.7,531.8,771.4
753,4,other_vehicle,0.1107,783.9,547.1,821.4,577.7
754,4,other_vehicle,0.6294,418.4,685.5,531.9,771.5
754,1,car,0.6278,552.1,494.9,647.0,548.9
754,0,person,0.5358,793.0,528.7,814.6,575.9
754,2,large_vehicle,0.4813,950.9,429.9,1023.4,474.5
754,4,other_vehicle,0.4789,782.9,549.4,823.8,581.5
754,0,person,0.3797,1106.2,447.2,1120.7,482.1
754,3,motorcycle,0.2091,782.9,549.4,823.8,581.5
754,1,car,0.2080,950.9,429.9,1023.4,474.5
754,2,large_vehicle,0.1931,552.1,494.9,647.0,548.9
754,0,person,0.1826,794.9,528.9,816.3,577.1
754,1,car,0.1750,418.4,685.5,531.9,771.5
754,0,person,0.1302,1192.9,529.3,1212.2,586.9
755,1,car,0.6392,551.5,494.9,647.0,548.9
755,4,other_vehicle,0.6339,418.4,685.5,531.9,771.5
755,0,person,0.5049,793.0,528.7,814.5,576.0
755,2,large_vehicle,0.4884,950.9,429.8,1023.4,474.5
755,4,other_vehicle,0.4679,782.9,549.3,823.9,581.5
755,0,person,0.3962,1106.2,447.1,1120.6,482.1
755,0,person,0.2412,794.9,528.9,816.2,577.3
755,1,car,0.2053,950.9,429.8,1023.4,474.5
755,3,motorcycle,0.1886,782.9,549.3,823.9,581.5
755,2,large_vehicle,0.1870,551.5,494.9,647.0,548.9
755,1,car,0.1725,418.4,685.5,531.9,771.5
755,4,other_vehicle,0.1037,783.8,547.3,821.6,577.9
756,1,car,0.6839,551.5,494.2,647.3,549.1
756,0,person,0.5937,791.4,528.0,812.3,578.0
756,2,large_vehicle,0.4427,949.9,429.2,1023.3,474.5
756,3,motorcycle,0.3962,779.1,548.3,820.9,581.8
756,1,car,0.3186,405.7,687.9,518.0,774.1
756,1,car,0.2478,949.9,429.2,1023.3,474.5
756,0,person,0.2471,1105.1,446.5,1120.1,482.2
756,4,other_vehicle,0.2349,405.7,687.9,518.0,774.1
756,4,other_vehicle,0.2123,779.1,548.3,820.9,581.8
756,2,large_vehicle,0.2054,405.7,687.9,518.0,774.1
756,2,large_vehicle,0.1768,551.5,494.2,647.3,549.1
756,0,person,0.1584,1192.8,528.2,1212.7,586.8
756,0,person,0.1024,783.0,529.0,801.6,573.3
757,1,car,0.6901,552.2,494.7,647.3,549.1
757,0,person,0.5946,791.4,527.8,812.4,578.1
757,2,large_vehicle,0.4358,950.0,429.4,1023.5,474.4
757,3,motorcycle,0.3856,779.0,548.3,821.0,581.7
757,1,car,0.3110,405.7,687.8,518.1,774.0
757,4,other_vehicle,0.2902,405.7,687.8,518.1,774.0
757,0,person,0.2901,1105.3,446.3,1120.3,482.3
757,1,car,0.2737,950.0,429.4,1023.5,474.4
757,4,other_vehicle,0.2204,779.0,548.3,821.0,581.7
757,2,large_vehicle,0.2011,405.7,687.8,518.1,774.0
757,2,large_vehicle,0.1584,552.2,494.7,647.3,549.1
757,0,person,0.1469,1192.8,528.1,1212.6,586.8
758,1,car,0.6705,554.4,495.5,647.4,549.1
758,0,person,0.5928,789.9,526.6,809.6,580.4
758,0,person,0.5017,1104.7,446.3,1119.6,482.7
758,2,large_vehicle,0.4300,950.9,429.9,1023.5,474.6
758,1,car,0.3878,389.8,689.9,505.7,776.5
758,4,other_vehicle,0.3262,774.7,549.2,820.1,582.8
758,1,car,0.2357,950.9,429.9,1023.5,474.6
758,4,other_vehicle,0.1657,389.8,689.9,505.7,776.5
758,2,large_vehicle,0.1576,554.4,495.5,647.4,549.1
758,0,person,0.1446,781.6,533.9,802.0,580.7
758,2,large_vehicle,0.1254,389.8,689.9,505.7,776.5
758,0,person,0.1131,1192.8,528.5,1212.3,586.8
758,0,person,0.1099,780.7,528.7,799.9,576.5
759,1,car,0.6872,554.4,495.6,647.5,549.1
759,0,person,0.5936,790.0,526.5,809.6,580.4
759,0,person,0.4988,1104.6,446.1,1119.5,482.5
759,2,large_vehicle,0.4001,951.8,429.9,1023.6,474.6
759,1,car,0.3928,389.9,689.9,505.6,776.5
759,4,other_vehicle,0.3138,774.7,549.0,820.1,582.8
759,1,car,0.2121,951.8,429.9,1023.6,474.6
759,4,other_vehicle,0.1703,389.9,689.9,505.6,776.5
759,0,person,0.1489,781.5,533.6,801.9,580.5
759,2,large_vehicle,0.1378,554.4,495.6,647.5,549.1
759,2,large_vehicle,0.1229,389.9,689.9,505.6,776.5
759,0,person,0.1104,780.7,528.7,799.8,576.4
759,0,person,0.1029,1192.8,529.0,1212.4,586.8
760,1,car,0.6706,553.7,495.5,647.4,549.2
760,0,person,0.5984,789.9,526.7,809.8,580.5
760,0,person,0.5272,1104.4,445.8,1119.4,482.6
760,2,large_vehicle,0.4046,952.0,429.9,1023.6,474.6
760,1,car,0.3830,389.8,690.0,505.6,776.5
760,4,other_vehicle,0.3219,774.6,548.9,819.7,582.8
760,1,car,0.2219,952.0,429.9,1023.6,474.6
760,4,other_vehicle,0.1752,389.8,690.0,505.6,776.5
760,2,large_vehicle,0.1652,553.7,495.5,647.4,549.2
760,0,person,0.1523,781.5,534.2,801.9,580.5
760,0,person,0.1234,1192.7,528.6,1212.1,586.7
760,2,large_vehicle,0.1181,389.8,690.0,505.6,776.5
761,1,car,0.6635,558.4,495.8,646.9,549.1
761,0,person,0.6288,787.6,526.5,807.5,579.7
761,1,car,0.6003,379.2,693.1,489.7,774.2
761,0,person,0.4950,1104.9,446.0,1119.0,482.3
761,2,large_vehicle,0.3891,952.3,429.8,1023.2,474.5
761,4,other_vehicle,0.2989,773.8,549.5,815.1,582.4
761,1,car,0.2430,952.3,429.8,1023.2,474.5
761,0,person,0.2303,778.6,531.6,798.2,578.5
761,0,person,0.1364,1192.8,530.0,1211.9,586.9
761,4,other_vehicle,0.1353,379.2,693.1,489.7,774.2
761,2,large_vehicle,0.1338,558.4,495.8,646.9,549.1
761,4,other_vehicle,0.1263,773.0,547.1,820.2,582.6
762,1,car,0.6720,558.2,496.1,646.9,549.2
762,0,person,0.6407,787.7,526.5,807.5,579.6
762,1,car,0.5892,379.2,693.2,489.7,774.3
762,0,person,0.5022,1104.8,445.9,1119.0,482.2
762,2,large_vehicle,0.3953,952.4,430.0,1023.2,474.5
762,4,other_vehicle,0.2919,773.9,549.5,814.9,582.3
762,0,person,0.2418,778.6,532.1,797.8,578.4
762,1,car,0.2343,952.4,430.0,1023.2,474.5
762,4,other_vehicle,0.1409,379.2,693.2,489.7,774.3
762,2,large_vehicle,0.1363,558.2,496.1,646.9,549.2
762,4,other_vehicle,0.1332,773.0,547.0,820.2,582.5
762,0,person,0.1066,1192.7,529.7,1211.7,586.9
763,1,car,0.6450,556.2,496.6,647.0,548.9
763,4,other_vehicle,0.5182,365.9,695.4,477.1,778.8
763,2,large_vehicle,0.4585,951.5,430.0,1023.3,474.6
763,0,person,0.4053,1104.3,445.5,1118.5,482.1
763,0,person,0.3474,785.1,526.7,804.4,578.2
763,4,other_vehicle,0.2982,770.8,548.8,808.8,581.7
763,0,person,0.2471,782.1,527.1,801.6,576.9
763,1,car,0.2115,365.9,695.4,477.1,778.8
763,1,car,0.1918,951.5,430.0,1023.3,474.6
763,2,large_vehicle,0.1514,556.2,496.6,647.0,548.9
763,3,motorcycle,0.1139,770.8,548.8,808.8,581.7
764,1,car,0.6454,556.2,496.5,647.0,548.9
764,4,other_vehicle,0.5155,365.9,695.4,477.1,778.7
764,2,large_vehicle,0.4600,951.5,429.9,1023.3,474.6
764,0,person,0.4019,1104.3,445.5,1118.5,482.1
764,0,person,0.3476,785.1,526.7,804.4,578.2
764,4,other_vehicle,0.2976,770.8,548.8,808.8,581.7
764,0,person,0.2460,782.1,527.1,801.6,576.9
764,1,car,0.2139,365.9,695.4,477.1,778.7
764,1,car,0.1907,951.5,429.9,1023.3,474.6
764,2,large_vehicle,0.1509,556.2,496.5,647.0,548.9
764,3,motorcycle,0.1140,770.8,548.8,808.8,581.7
765,1,car,0.6115,556.0,496.4,646.9,548.9
765,4,other_vehicle,0.5278,366.1,695.4,477.0,778.8
765,2,large_vehicle,0.4463,951.6,430.0,1023.3,474.6
765,0,person,0.3679,1104.2,445.4,1118.4,482.1
765,0,person,0.3495,785.1,526.7,804.4,578.1
765,4,other_vehicle,0.2755,771.2,548.7,808.8,581.7
765,0,person,0.2389,782.2,527.1,801.5,576.8
765,1,car,0.2058,366.1,695.4,477.0,778.8
765,1,car,0.1965,951.6,430.0,1023.3,474.6
765,2,large_vehicle,0.1812,556.0,496.4,646.9,548.9
765,3,motorcycle,0.1093,771.2,548.7,808.8,581.7
766,1,car,0.7111,554.5,496.1,647.1,549.2
766,0,person,0.4869,780.8,527.1,799.8,576.3
766,0,person,0.4602,1104.0,445.5,1118.1,482.5
766,1,car,0.4347,353.1,697.4,464.7,781.1
766,2,large_vehicle,0.3654,950.0,430.1,1023.2,474.4
766,3,motorcycle,0.3121,766.1,551.3,807.8,582.2
766,1,car,0.2759,950.0,430.1,1023.2,474.4
766,4,other_vehicle,0.2692,353.1,697.4,464.7,781.1
766,4,other_vehicle,0.2007,766.1,551.3,807.8,582.2
766,0,person,0.1861,773.1,537.8,791.3,578.3
766,2,large_vehicle,0.1518,353.1,697.4,464.7,781.1
766,2,large_vehicle,0.1399,554.5,496.1,647.1,549.2
767,1,car,0.7110,554.6,496.2,647.1,549.2
767,0,person,0.4760,780.9,527.0,799.9,576.5
767,1,car,0.3951,353.1,697.3,464.7,781.2
767,0,person,0.3907,1104.1,445.5,1118.5,482.4
767,2,large_vehicle,0.3748,950.1,430.2,1023.3,474.4
767,4,other_vehicle,0.3081,353.1,697.3,464.7,781.2
767,3,motorcycle,0.2866,765.9,551.1,807.8,582.3
767,1,car,0.2676,950.1,430.2,1023.3,474.4
767,4,other_vehicle,0.1874,765.9,551.1,807.8,582.3
767,0,person,0.1802,773.1,537.6,791.3,578.5
767,2,large_vehicle,0.1659,353.1,697.3,464.7,781.2
767,2,large_vehicle,0.1420,554.6,496.2,647.1,549.2
768,4,other_vehicle,0.7506,341.5,699.1,448.6,782.2
768,1,car,0.6740,555.6,496.0,647.3,549.1
768,0,person,0.4701,776.5,527.1,797.2,577.9
768,4,other_vehicle,0.3175,763.7,551.7,809.3,582.4
768,2,large_vehicle,0.3119,951.8,430.5,1023.4,474.5
768,1,car,0.2523,951.8,430.5,1023.4,474.5
768,0,person,0.1479,771.6,527.0,795.6,576.6
768,3,motorcycle,0.1474,763.7,551.7,809.3,582.4
768,2,large_vehicle,0.1469,555.6,496.0,647.3,549.1
768,0,person,0.1400,1103.8,445.1,1117.9,482.7
769,4,other_vehicle,0.7521,341.6,699.0,448.6,782.1
769,1,car,0.6726,555.1,496.1,647.3,549.1
769,0,person,0.4716,776.4,527.0,797.2,577.8
769,4,other_vehicle,0.3168,763.6,551.7,809.2,582.4
769,2,large_vehicle,0.3061,952.0,430.4,1023.2,474.5
769,1,car,0.2743,952.0,430.4,1023.2,474.5
769,3,motorcycle,0.1650,763.6,551.7,809.2,582.4
769,2,large_vehicle,0.1510,555.1,496.1,647.3,549.1
769,0,person,0.1473,771.6,527.0,795.5,576.6
769,0,person,0.1045,1103.8,445.2,1117.8,483.0
770,4,other_vehicle,0.7518,341.6,699.0,448.7,782.1
770,1,car,0.6674,555.2,496.2,647.3,549.2
770,0,person,0.4726,776.4,527.0,797.2,577.9
770,4,other_vehicle,0.3196,763.6,551.8,809.3,582.4
770,2,large_vehicle,0.3090,952.0,430.4,1023.2,474.5
770,1,car,0.2763,952.0,430.4,1023.2,474.5
770,3,motorcycle,0.1651,763.6,551.8,809.3,582.4
770,2,large_vehicle,0.1583,555.2,496.2,647.3,549.2
770,0,person,0.1459,771.6,527.0,795.5,576.6
770,0,person,0.1054,1103.8,445.2,1117.8,483.0
771,1,car,0.5745,557.9,496.6,647.0,549.2
771,0,person,0.4629,770.0,526.9,793.3,577.2
771,0,person,0.4599,1103.5,445.4,1117.4,483.1
771,2,large_vehicle,0.4254,952.6,430.9,1022.8,474.6
771,4,other_vehicle,0.3914,759.9,551.0,802.0,582.2
771,0,person,0.3716,772.3,526.8,794.7,577.5
771,2,large_vehicle,0.3521,329.1,701.7,439.4,783.5
771,4,other_vehicle,0.2808,329.1,701.7,439.4,783.5
771,2,large_vehicle,0.2496,557.9,496.6,647.0,549.2
771,3,motorcycle,0.2021,759.9,551.0,802.0,582.2
771,1,car,0.2016,952.6,430.9,1022.8,474.6
771,1,car,0.1438,329.1,701.7,439.4,783.5
772,1,car,0.5263,557.6,496.5,646.9,549.2
772,0,person,0.4586,770.1,526.8,793.3,577.2
772,0,person,0.4291,1103.5,445.4,1117.2,483.0
772,4,other_vehicle,0.4012,759.7,551.1,802.2,582.2
772,2,large_vehicle,0.3924,952.5,431.1,1022.9,474.7
772,0,person,0.3685,772.4,526.8,794.6,577.6
772,2,large_vehicle,0.3282,329.0,701.7,439.3,783.3
772,2,large_vehicle,0.2935,557.6,496.5,646.9,549.2
772,4,other_vehicle,0.2600,329.0,701.7,439.3,783.3
772,1,car,0.2251,952.5,431.1,1022.9,474.7
772,3,motorcycle,0.2030,759.7,551.1,802.2,582.2
772,1,car,0.1746,329.0,701.7,439.3,783.3
773,4,other_vehicle,0.7207,317.4,703.8,423.6,782.8
773,1,car,0.5376,556.0,496.0,646.9,549.1
773,0,person,0.4885,770.3,528.0,790.8,577.1
773,2,large_vehicle,0.4178,951.2,430.4,1023.0,474.7
773,3,motorcycle,0.3883,757.3,549.8,797.8,582.0
773,0,person,0.3856,1104.0,445.5,1117.5,482.8
773,4,other_vehicle,0.2723,757.3,549.8,797.8,582.0
773,2,large_vehicle,0.2392,556.0,496.0,646.9,549.1
773,1,car,0.1868,951.2,430.4,1023.0,474.7
773,0,person,0.1452,773.4,528.0,793.4,578.2
774,4,other_vehicle,0.7189,317.3,703.7,423.8,782.9
774,1,car,0.5492,554.7,495.7,646.9,549.1
774,0,person,0.4840,770.3,528.0,790.8,577.0
774,0,person,0.4038,1104.0,445.6,1117.5,482.8
774,3,motorcycle,0.3896,757.6,549.8,797.8,582.0
774,2,large_vehicle,0.3784,951.3,430.5,1023.0,474.7
774,4,other_vehicle,0.2642,757.6,549.8,797.8,582.0
774,2,large_vehicle,0.2354,554.7,495.7,646.9,549.1
774,1,car,0.2213,951.3,430.5,1023.0,474.7
774,0,person,0.1468,773.4,528.0,793.3,578.1
775,4,other_vehicle,0.7177,306.8,706.2,409.6,785.6
775,1,car,0.6527,555.4,496.8,646.9,549.2
775,3,motorcycle,0.6038,752.9,550.9,796.5,582.2
775,0,person,0.5781,766.5,528.0,787.9,576.8
775,2,large_vehicle,0.3628,951.0,430.3,1023.4,474.4
775,0,person,0.2792,1103.8,445.3,1117.0,482.6
775,1,car,0.2399,951.0,430.3,1023.4,474.4
775,2,large_vehicle,0.1917,555.4,496.8,646.9,549.2
775,4,other_vehicle,0.1278,752.9,550.9,796.5,582.2
775,0,person,0.1108,762.0,537.4,781.2,579.1
776,4,other_vehicle,0.7128,306.7,706.2,409.7,785.6
776,1,car,0.6596,555.4,496.7,647.0,549.2
776,3,motorcycle,0.5785,753.1,550.8,796.3,582.1
776,0,person,0.5747,766.5,528.0,787.9,576.6
776,2,large_vehicle,0.3645,951.0,430.2,1023.4,474.4
776,0,person,0.2563,1103.7,445.5,1117.0,482.6
776,1,car,0.2321,951.0,430.2,1023.4,474.4
776,2,large_vehicle,0.1835,555.4,496.7,647.0,549.2
776,4,other_vehicle,0.1373,753.1,550.8,796.3,582.1
776,0,person,0.1090,762.0,537.5,781.1,578.9
777,4,other_vehicle,0.7991,295.3,707.8,397.8,786.9
777,0,person,0.6188,765.1,526.8,785.1,577.0
777,1,car,0.5183,557.2,496.8,646.9,549.0
777,2,large_vehicle,0.3711,952.0,430.8,1023.6,474.5
777,3,motorcycle,0.3633,751.8,552.0,797.3,582.1
777,2,large_vehicle,0.3157,557.2,496.8,646.9,549.0
777,4,other_vehicle,0.2984,751.8,552.0,797.3,582.1
777,0,person,0.2558,1103.2,445.0,1116.6,482.3
777,1,car,0.2126,952.0,430.8,1023.6,474.5
777,0,person,0.1192,366.5,759.2,382.8,788.8
778,4,other_vehicle,0.7991,295.4,707.8,397.9,787.1
778,0,person,0.6193,765.1,526.8,785.1,576.9
778,1,car,0.5563,556.4,496.8,646.9,549.0
778,3,motorcycle,0.3600,751.8,552.0,797.3,582.1
778,2,large_vehicle,0.3388,951.7,430.7,1023.4,474.5
778,4,other_vehicle,0.3047,751.8,552.0,797.3,582.1
778,2,large_vehicle,0.2837,556.4,496.8,646.9,549.0
778,0,person,0.2771,1103.1,445.1,1116.6,482.1
778,1,car,0.2426,951.7,430.7,1023.4,474.5
778,0,person,0.1165,366.5,759.2,382.8,788.9
779,4,other_vehicle,0.7986,295.4,707.8,397.9,787.1
779,0,person,0.6196,765.1,526.8,785.1,576.9
779,1,car,0.5653,556.3,496.8,647.0,549.0
779,3,motorcycle,0.3618,751.8,552.0,797.3,582.1
779,2,large_vehicle,0.3462,951.8,430.6,1023.5,474.5
779,4,other_vehicle,0.3027,751.8,552.0,797.3,582.1
779,0,person,0.2766,1103.1,445.0,1116.5,482.1
779,2,large_vehicle,0.2743,556.3,496.8,647.0,549.0
779,1,car,0.2380,951.8,430.6,1023.5,474.5
779,0,person,0.1157,366.5,759.2,382.8,789.0
780,4,other_vehicle,0.7590,280.5,709.2,385.9,788.3
780,0,person,0.5702,762.1,526.7,783.6,577.7
780,1,car,0.5677,559.0,497.1,647.0,548.7
780,0,person,0.4095,1102.4,445.2,1116.0,481.9
780,2,large_vehicle,0.3564,952.3,430.7,1023.6,474.5
780,4,other_vehicle,0.3512,749.1,548.8,789.8,581.7
780,1,car,0.2698,952.3,430.7,1023.6,474.5
780,2,large_vehicle,0.2636,559.0,497.1,647.0,548.7
780,0,person,0.2119,758.6,526.5,781.0,576.3
780,3,motorcycle,0.1511,749.1,548.8,789.8,581.7
781,4,other_vehicle,0.7444,280.5,709.2,386.1,788.2
781,0,person,0.5857,762.0,526.7,783.7,577.9
781,1,car,0.5365,558.7,497.2,647.0,548.7
781,0,person,0.4047,1102.5,445.2,1116.0,481.7
781,2,large_vehicle,0.3632,952.3,430.6,1023.4,474.5
781,4,other_vehicle,0.3544,749.0,548.8,789.8,581.7
781,2,large_vehicle,0.2872,558.7,497.2,647.0,548.7
781,1,car,0.2745,952.3,430.6,1023.4,474.5
781,0,person,0.1926,758.5,526.5,781.1,576.5
781,3,motorcycle,0.1541,749.0,548.8,789.8,581.7
782,4,other_vehicle,0.7413,271.9,711.2,373.3,788.6
782,1,car,0.5728,556.6,497.0,647.0,548.9
782,2,large_vehicle,0.4710,950.7,430.2,1023.3,474.6
782,0,person,0.4245,759.1,526.8,778.9,577.2
782,0,person,0.3140,1102.6,445.4,1116.0,480.3
782,4,other_vehicle,0.2544,745.5,549.0,786.2,581.7
782,0,person,0.2283,749.6,535.9,768.0,576.3
782,2,large_vehicle,0.2277,556.6,497.0,647.0,548.9
782,1,car,0.1971,950.7,430.2,1023.3,474.6
782,0,person,0.1460,762.5,527.9,782.6,578.1
782,3,motorcycle,0.1402,745.5,549.0,786.2,581.7
783,4,other_vehicle,0.7466,272.1,711.2,373.4,788.7
783,1,car,0.5458,555.6,496.7,647.0,548.9
783,0,person,0.4273,759.1,526.8,778.9,577.3
783,2,large_vehicle,0.4236,950.6,430.3,1023.4,474.6
783,0,person,0.3252,1102.6,445.5,1115.9,480.3
783,2,large_vehicle,0.2483,555.6,496.7,647.0,548.9
783,4,other_vehicle,0.2477,745.4,549.0,786.2,581.7
783,0,person,0.2427,749.2,535.4,767.9,576.4
783,1,car,0.2159,950.6,430.3,1023.4,474.6
783,0,person,0.1462,762.5,527.9,782.5,578.3
783,3,motorcycle,0.1400,745.4,549.0,786.2,581.7
784,4,other_vehicle,0.7372,272.0,711.1,373.4,788.7
784,1,car,0.5788,552.7,496.1,647.1,549.0
784,2,large_vehicle,0.4371,950.6,430.1,1023.3,474.5
784,0,person,0.4265,759.1,526.7,778.9,577.4
784,0,person,0.3640,1102.1,445.3,1115.8,481.6
784,4,other_vehicle,0.2524,745.4,548.9,786.2,581.7
784,0,person,0.2428,749.1,535.5,767.9,576.5
784,2,large_vehicle,0.2358,552.7,496.1,647.1,549.0
784,1,car,0.1979,950.6,430.1,1023.3,474.5
784,0,person,0.1528,762.3,527.7,782.6,578.4
784,3,motorcycle,0.1419,745.4,548.9,786.2,581.7
785,4,other_vehicle,0.8274,263.3,712.2,361.0,791.9
785,1,car,0.6852,551.9,495.5,647.6,549.0
785,0,person,0.5578,756.8,526.3,776.8,578.5
785,2,large_vehicle,0.3685,949.6,429.6,1023.6,474.4
785,0,person,0.2819,1101.8,445.5,1115.8,481.8
785,3,motorcycle,0.2806,742.0,550.1,786.5,582.5
785,0,person,0.2756,746.1,530.0,765.7,575.8
785,1,car,0.2427,949.6,429.6,1023.6,474.4
785,0,person,0.2268,746.6,533.1,767.1,578.8
785,2,large_vehicle,0.1402,551.9,495.5,647.6,549.0
785,4,other_vehicle,0.1222,742.0,550.1,786.5,582.5
786,4,other_vehicle,0.8275,263.4,712.2,361.0,791.9
786,1,car,0.6814,551.3,495.2,647.7,549.0
786,0,person,0.5543,756.7,526.2,776.9,578.5
786,2,large_vehicle,0.3572,949.3,429.6,1023.6,474.4
786,3,motorcycle,0.3042,741.9,549.8,786.7,582.5
786,0,person,0.2797,746.1,530.1,765.7,575.9
786,0,person,0.2767,1101.8,445.7,1115.8,481.9
786,0,person,0.2182,746.6,533.1,767.2,578.9
786,1,car,0.2093,949.3,429.6,1023.6,474.4
786,2,large_vehicle,0.1436,551.3,495.2,647.7,549.0
786,4,other_vehicle,0.1138,741.9,549.8,786.7,582.5
787,4,other_vehicle,0.8244,251.2,713.7,349.5,792.6
787,1,car,0.6888,556.0,496.8,647.5,548.9
787,0,person,0.5964,754.4,526.0,774.2,577.4
787,2,large_vehicle,0.3652,951.6,430.5,1022.9,474.5
787,4,other_vehicle,0.3292,737.9,551.2,787.6,582.5
787,0,person,0.2063,1099.7,445.7,1114.1,481.6
787,1,car,0.2048,951.6,430.5,1022.9,474.5
787,0,person,0.2001,1101.5,445.3,1115.6,481.8
787,0,person,0.1707,744.6,528.7,763.7,576.3
787,4,other_vehicle,0.1359,739.1,547.7,779.3,578.6
787,2,large_vehicle,0.1345,556.0,496.8,647.5,548.9
788,4,other_vehicle,0.8247,251.2,713.7,349.5,792.6
788,1,car,0.6900,555.8,496.8,647.5,548.9
788,0,person,0.5967,754.4,526.0,774.2,577.4
788,2,large_vehicle,0.3619,951.6,430.4,1023.0,474.5
788,4,other_vehicle,0.3332,738.0,551.2,787.6,582.5
788,0,person,0.2145,1101.6,445.4,1115.6,481.9
788,1,car,0.2040,951.6,430.4,1023.0,474.5
788,0,person,0.2036,1099.8,445.7,1114.1,481.7
788,0,person,0.1731,744.6,528.7,763.7,576.3
788,4,other_vehicle,0.1347,739.2,547.7,779.3,578.6
788,2,large_vehicle,0.1319,555.8,496.8,647.5,548.9
789,4,other_vehicle,0.8237,251.5,713.7,349.5,792.6
789,1,car,0.7073,556.3,496.9,647.6,549.0
789,0,person,0.5940,754.5,526.0,774.2,577.4
789,2,large_vehicle,0.3436,951.1,430.6,1023.0,474.4
789,4,other_vehicle,0.3214,738.0,551.3,787.6,582.5
789,1,car,0.2150,951.1,430.6,1023.0,474.4
789,0,person,0.2028,1101.5,445.3,1115.6,481.8
789,0,person,0.2006,1099.8,445.7,1114.1,481.6
789,0,person,0.1684,744.6,528.7,763.6,576.2
789,4,other_vehicle,0.1357,739.2,547.7,779.2,578.6
789,2,large_vehicle,0.1189,556.3,496.9,647.6,549.0
790,1,car,0.6094,558.3,496.5,647.1,548.7
790,0,person,0.5252,750.1,526.7,772.0,579.2
790,4,other_vehicle,0.5134,250.5,716.0,336.5,790.5
790,2,large_vehicle,0.4592,952.3,430.6,1023.1,474.3
790,0,person,0.2399,1100.2,445.4,1113.6,481.4
790,0,person,0.2341,1101.8,444.9,1115.3,481.5
790,2,large_vehicle,0.1891,558.3,496.5,647.1,548.7
790,0,person,0.1843,747.3,526.7,768.7,577.8
790,4,other_vehicle,0.1772,737.8,548.7,775.6,581.3
790,1,car,0.1768,952.3,430.6,1023.1,474.3
790,4,other_vehicle,0.1396,738.6,546.0,774.6,579.4
791,1,car,0.6672,557.7,496.4,647.3,548.8
791,0,person,0.5220,750.2,526.7,772.0,579.2
791,4,other_vehicle,0.5204,250.4,716.0,336.4,790.4
791,2,large_vehicle,0.4513,952.3,430.7,1023.2,474.3
791,0,person,0.2802,1100.0,445.4,1113.6,481.4
791,0,person,0.1945,1101.7,444.9,1115.3,481.6
791,0,person,0.1878,747.3,526.7,768.7,577.8
791,4,other_vehicle,0.1827,737.7,548.7,775.6,581.3
791,1,car,0.1825,952.3,430.7,1023.2,474.3
791,2,large_vehicle,0.1430,557.7,496.4,647.3,548.8
791,4,other_vehicle,0.1328,738.6,545.9,774.6,579.4
792,4,other_vehicle,0.7444,228.0,717.2,327.3,793.0
792,1,car,0.6089,555.2,496.6,647.3,548.7
792,2,large_vehicle,0.4308,951.0,430.0,1023.2,474.3
792,0,person,0.4203,747.8,527.4,767.3,579.4
792,4,other_vehicle,0.2693,735.5,549.2,773.6,581.9
792,0,person,0.2136,1100.0,445.6,1113.4,481.4
792,2,large_vehicle,0.1920,555.2,496.6,647.3,548.7
792,1,car,0.1560,951.0,430.0,1023.2,474.3
792,0,person,0.1487,740.3,540.1,757.3,577.5
792,3,motorcycle,0.1277,735.5,549.2,773.6,581.9
792,0,person,0.1212,750.0,527.7,770.2,580.8
792,0,person,0.1151,1101.9,445.3,1115.2,481.5
793,4,other_vehicle,0.7537,228.0,717.3,327.0,792.9
793,1,car,0.6619,554.8,496.6,647.3,548.7
793,2,large_vehicle,0.4459,951.1,430.2,1023.2,474.2
793,0,person,0.4165,747.8,527.4,767.3,579.3
793,4,other_vehicle,0.2589,735.3,549.3,773.6,581.9
793,0,person,0.2125,1100.1,445.6,1113.3,481.4
793,1,car,0.1636,951.1,430.2,1023.2,474.2
793,0,person,0.1511,740.3,540.4,757.3,577.5
793,3,motorcycle,0.1422,735.3,549.3,773.6,581.9
793,2,large_vehicle,0.1354,554.8,496.6,647.3,548.7
793,0,person,0.1184,751.4,527.6,769.5,579.0
793,0,person,0.1181,1101.8,445.1,1115.2,481.5
794,4,other_vehicle,0.7549,228.1,717.3,327.0,793.0
794,1,car,0.6451,554.8,496.6,647.2,548.7
794,2,large_vehicle,0.4297,951.1,430.2,1023.1,474.3
794,0,person,0.4212,747.9,527.4,767.3,579.3
794,4,other_vehicle,0.2680,735.6,549.3,773.6,581.9
794,0,person,0.1795,1100.1,445.6,1113.4,481.5
794,1,car,0.1684,951.1,430.2,1023.1,474.3
794,2,large_vehicle,0.1548,554.8,496.6,647.2,548.7
794,0,person,0.1476,740.4,540.1,757.3,577.4
794,3,motorcycle,0.1340,735.6,549.3,773.6,581.9
794,0,person,0.1182,751.4,527.7,769.5,579.0
794,0,person,0.1071,1101.9,445.2,1115.2,481.6
795,1,car,0.7425,551.1,495.6,647.7,548.8
795,4,other_vehicle,0.5791,222.0,717.8,316.9,792.5
795,0,person,0.5443,744.4,525.9,765.0,579.1
795,1,car,0.2898,950.6,430.6,1022.9,473.7
795,2,large_vehicle,0.2511,950.6,430.6,1022.9,473.7
795,4,other_vehicle,0.1221,733.9,546.1,768.1,578.8
795,2,large_vehicle,0.1044,222.0,717.8,316.9,792.5
795,0,person,0.1038,737.8,526.4,760.4,576.6
795,4,other_vehicle,0.1001,732.5,546.5,770.8,581.4
796,1,car,0.7475,552.7,496.2,647.7,548.8
796,4,other_vehicle,0.5730,221.7,717.7,317.1,792.6
796,0,person,0.5136,744.5,525.9,765.1,578.9
796,2,large_vehicle,0.3136,950.5,430.5,1022.9,473.7
796,1,car,0.2389,950.5,430.5,1022.9,473.7
796,0,person,0.1160,737.8,526.5,760.0,576.1
796,4,other_vehicle,0.1050,734.3,545.8,768.1,578.7
796,2,large_vehicle,0.1019,221.7,717.7,317.1,792.6
797,4,other_vehicle,0.7285,211.0,719.3,304.5,794.4
797,1,car,0.7126,557.3,497.4,647.4,548.8
797,0,person,0.4699,742.0,526.1,761.8,577.6
797,2,large_vehicle,0.4476,951.5,430.8,1022.9,473.8
797,4,other_vehicle,0.3119,731.1,551.3,776.1,582.0
797,3,motorcycle,0.2022,731.1,551.3,776.1,582.0
797,1,car,0.1470,951.5,430.8,1022.9,473.8
797,0,person,0.1233,738.6,526.3,758.0,576.3
797,2,large_vehicle,0.1204,557.3,497.4,647.4,548.8
798,4,other_vehicle,0.7364,211.4,719.4,304.6,794.6
798,1,car,0.7339,556.9,497.4,647.5,548.8
798,0,person,0.4729,742.0,526.1,761.8,577.6
798,2,large_vehicle,0.4577,951.5,430.8,1022.9,473.8
798,4,other_vehicle,0.3055,731.1,551.3,776.0,582.0
798,3,motorcycle,0.2109,731.1,551.3,776.0,582.0
798,1,car,0.1484,951.5,430.8,1022.9,473.8
798,0,person,0.1229,738.6,526.3,758.0,576.3
798,2,large_vehicle,0.1074,556.9,497.4,647.5,548.8
799,1,car,0.7784,558.5,497.8,647.4,548.7
799,4,other_vehicle,0.7114,203.4,720.5,293.5,794.5
799,0,person,0.5737,740.4,525.9,760.5,581.1
799,2,large_vehicle,0.4643,952.4,431.0,1022.8,473.6
799,0,person,0.2151,737.6,525.5,757.2,577.2
799,1,car,0.1793,952.4,431.0,1022.8,473.6
800,1,car,0.7732,558.7,497.8,647.4,548.7
800,4,other_vehicle,0.7206,203.4,720.5,293.0,794.5
800,0,person,0.5818,740.2,526.0,760.3,581.1
800,2,large_vehicle,0.4927,952.3,430.8,1022.8,473.6
800,0,person,0.2118,737.5,525.6,757.2,577.3
800,1,car,0.1573,952.3,430.8,1022.8,473.6
801,4,other_vehicle,0.7598,193.8,721.4,283.9,795.0
801,1,car,0.6917,558.4,497.5,647.6,548.5
801,2,large_vehicle,0.5192,951.6,430.4,1023.0,473.5
801,0,person,0.4497,734.2,525.3,755.1,575.6
801,3,motorcycle,0.3152,728.4,544.1,758.9,578.7
801,1,car,0.1365,951.6,430.4,1023.0,473.5
801,2,large_vehicle,0.1121,558.4,497.5,647.6,548.5
802,4,other_vehicle,0.7613,193.8,721.4,284.1,795.1
802,1,car,0.6874,559.4,497.7,647.6,548.4
802,2,large_vehicle,0.5351,951.6,430.4,1022.9,473.4
802,0,person,0.4458,734.4,525.3,755.2,575.7
802,3,motorcycle,0.3029,728.5,544.1,759.0,578.5
802,1,car,0.1324,951.6,430.4,1022.9,473.4
803,4,other_vehicle,0.7713,193.8,721.4,284.0,795.0
803,1,car,0.6289,559.7,497.8,647.6,548.5
803,2,large_vehicle,0.5419,951.4,430.4,1023.0,473.4
803,0,person,0.4531,734.3,525.3,755.1,575.6
803,3,motorcycle,0.3123,728.5,544.1,759.1,578.5
803,1,car,0.1362,951.4,430.4,1023.0,473.4
804,1,car,0.7473,557.4,497.4,647.8,548.5
804,2,large_vehicle,0.4928,951.1,430.6,1022.7,473.4
804,4,other_vehicle,0.4373,184.1,722.5,273.0,796.0
804,0,person,0.4120,732.7,525.3,753.2,576.9
804,1,car,0.1945,184.1,722.5,273.0,796.0
804,1,car,0.1630,951.1,430.6,1022.7,473.4
804,0,person,0.1577,726.8,525.2,748.1,572.8
805,1,car,0.7451,559.6,497.7,647.7,548.5
805,4,other_vehicle,0.4714,184.1,722.5,272.9,796.0
805,2,large_vehicle,0.4696,951.4,430.8,1022.8,473.4
805,0,person,0.4095,732.8,525.3,753.2,576.7
805,1,car,0.1783,184.1,722.5,272.9,796.0
805,1,car,0.1702,951.4,430.8,1022.8,473.4
805,0,person,0.1647,726.8,525.2,748.2,572.7
806,1,car,0.8044,557.9,497.8,647.5,548.5
806,2,large_vehicle,0.4610,951.3,430.9,1022.9,473.3
806,1,car,0.2979,176.0,723.1,262.8,796.5
806,0,person,0.2971,729.9,524.9,750.3,575.4
806,0,person,0.2861,725.9,524.5,747.8,573.3
806,4,other_vehicle,0.2175,176.0,723.1,262.8,796.5
806,2,large_vehicle,0.1872,176.0,723.1,262.8,796.5
806,1,car,0.1836,951.3,430.9,1022.9,473.3
806,4,other_vehicle,0.1495,719.5,547.3,757.3,578.9
807,1,car,0.8135,556.8,497.7,647.6,548.5
807,2,large_vehicle,0.4520,950.8,430.8,1023.0,473.3
807,1,car,0.3395,176.0,723.0,262.7,796.5
807,0,person,0.2971,729.9,524.9,750.3,575.4
807,0,person,0.2879,725.9,524.5,747.8,573.3
807,1,car,0.1925,950.8,430.8,1023.0,473.3
807,2,large_vehicle,0.1799,176.0,723.0,262.7,796.5
807,4,other_vehicle,0.1547,176.0,723.0,262.7,796.5
807,4,other_vehicle,0.1502,719.5,547.1,757.4,578.9
808,1,car,0.7809,558.5,497.8,647.6,548.5
808,2,large_vehicle,0.5177,951.2,430.7,1023.2,473.3
808,1,car,0.3084,176.0,723.1,262.7,796.5
808,0,person,0.3023,729.8,525.0,750.5,575.6
808,0,person,0.2837,725.7,524.5,748.0,573.6
808,4,other_vehicle,0.2059,176.0,723.1,262.7,796.5
808,2,large_vehicle,0.1836,176.0,723.1,262.7,796.5
808,1,car,0.1595,951.2,430.7,1023.2,473.3
808,4,other_vehicle,0.1546,719.5,547.2,757.6,579.0
809,1,car,0.7635,560.7,497.6,647.6,548.5
809,2,large_vehicle,0.5529,951.5,430.7,1023.3,473.2
809,4,other_vehicle,0.4404,167.5,726.4,252.7,795.9
809,0,person,0.2545,725.6,524.8,746.0,575.2
809,2,large_vehicle,0.2190,167.5,726.4,252.7,795.9
809,0,person,0.2022,728.7,525.6,748.9,577.9
809,0,person,0.1636,729.1,526.2,750.0,579.1
809,1,car,0.1632,951.5,430.7,1023.3,473.2
809,1,car,0.1366,167.5,726.4,252.7,795.9
810,1,car,0.7835,560.3,497.8,647.6,548.5
810,2,large_vehicle,0.5392,951.7,430.8,1023.2,473.2
810,4,other_vehicle,0.4461,167.5,726.4,252.6,795.9
810,0,person,0.2544,725.7,524.8,745.9,575.1
810,2,large_vehicle,0.2149,167.5,726.4,252.6,795.9
810,0,person,0.2063,728.7,525.6,748.9,578.0
810,1,car,0.1659,951.7,430.8,1023.2,473.2
810,0,person,0.1610,729.1,526.2,750.0,579.1
810,1,car,0.1383,167.5,726.4,252.6,795.9
811,1,car,0.7239,560.5,498.0,647.5,548.4
811,2,large_vehicle,0.5912,951.4,430.5,1023.1,473.2
811,0,person,0.4452,723.5,525.1,744.2,575.4
811,1,car,0.3400,158.9,724.0,242.8,796.8
811,3,motorcycle,0.2774,715.1,544.7,750.6,577.8
811,2,large_vehicle,0.1841,158.9,724.0,242.8,796.8
811,4,other_vehicle,0.1569,715.1,544.7,750.6,577.8
811,0,person,0.1389,716.4,525.8,734.5,570.4
811,1,car,0.1121,951.4,430.5,1023.1,473.2
811,0,person,0.1078,727.3,525.6,748.5,577.2
811,4,other_vehicle,0.1061,158.9,724.0,242.8,796.8
812,1,car,0.7351,560.3,497.9,647.5,548.4
812,2,large_vehicle,0.5880,951.4,430.5,1023.1,473.2
812,0,person,0.4459,723.5,525.1,744.2,575.4
812,1,car,0.3463,158.9,724.0,242.8,796.8
812,3,motorcycle,0.2746,715.1,544.7,750.6,577.8
812,2,large_vehicle,0.1837,158.9,724.0,242.8,796.8
812,4,other_vehicle,0.1566,715.1,544.7,750.6,577.8
812,0,person,0.1392,716.4,525.8,734.3,570.4
812,1,car,0.1138,951.4,430.5,1023.1,473.2
812,0,person,0.1079,727.4,525.6,748.5,577.2
813,1,car,0.7343,559.4,497.8,647.5,548.4
813,2,large_vehicle,0.5796,951.3,430.4,1023.2,473.2
813,0,person,0.4398,723.3,525.0,744.1,575.3
813,1,car,0.3113,158.9,724.1,242.7,796.8
813,3,motorcycle,0.2900,715.2,544.9,750.6,577.8
813,2,large_vehicle,0.1960,158.9,724.1,242.7,796.8
813,4,other_vehicle,0.1626,715.2,544.9,750.6,577.8
813,0,person,0.1428,716.5,525.7,734.9,570.4
813,4,other_vehicle,0.1351,158.9,724.1,242.7,796.8
813,0,person,0.1107,727.3,525.5,748.6,577.1
813,1,car,0.1095,951.3,430.4,1023.2,473.2
814,1,car,0.7913,558.4,497.8,647.8,548.5
814,2,large_vehicle,0.5645,950.6,429.9,1023.1,473.0
814,4,other_vehicle,0.4658,153.1,727.0,233.7,796.3
814,0,person,0.4205,720.7,524.8,741.1,575.7
814,0,person,0.2105,714.0,524.9,736.2,572.9
814,1,car,0.1525,950.6,429.9,1023.1,473.0
814,1,car,0.1235,153.1,727.0,233.7,796.3
814,2,large_vehicle,0.1133,153.1,727.0,233.7,796.3
814,0,person,0.1071,1192.7,525.2,1213.2,585.7
814,4,other_vehicle,0.1036,712.4,546.5,749.4,578.3
815,1,car,0.7844,559.2,497.9,647.7,548.5
815,2,large_vehicle,0.5640,950.6,429.9,1023.1,473.0
815,4,other_vehicle,0.4480,153.0,726.9,233.7,796.2
815,0,person,0.4265,720.8,524.8,741.3,575.9
815,0,person,0.2079,713.9,525.0,735.6,572.8
815,1,car,0.1452,950.6,429.9,1023.1,473.0
815,2,large_vehicle,0.1279,153.0,726.9,233.7,796.2
815,1,car,0.1225,153.0,726.9,233.7,796.2
815,4,other_vehicle,0.1000,712.6,546.5,749.2,578.3
816,1,car,0.8289,557.7,498.0,647.5,548.3
816,0,person,0.6056,717.6,525.4,738.7,577.1
816,4,other_vehicle,0.5712,147.7,727.5,224.4,796.1
816,2,large_vehicle,0.5531,951.1,430.1,1023.2,472.9
816,0,person,0.2258,714.2,524.9,736.6,576.2
816,1,car,0.1503,951.1,430.1,1023.2,472.9
816,4,other_vehicle,0.1483,705.9,550.7,750.2,579.7
816,4,other_vehicle,0.1024,706.7,545.8,743.4,577.6
817,1,car,0.7852,559.7,498.0,647.5,548.2
817,0,person,0.6100,717.6,525.4,738.7,577.2
817,4,other_vehicle,0.5814,147.7,727.5,224.0,796.1
817,2,large_vehicle,0.5513,951.7,430.1,1023.1,472.9
817,0,person,0.2223,714.2,524.9,736.6,576.3
817,4,other_vehicle,0.1428,705.8,550.7,750.1,579.6
817,1,car,0.1404,951.7,430.1,1023.1,472.9
818,1,car,0.7914,559.7,498.0,647.5,548.2
818,0,person,0.6081,717.6,525.4,738.8,577.2
818,4,other_vehicle,0.5747,147.7,727.6,224.0,796.1
818,2,large_vehicle,0.5487,951.6,429.9,1023.1,472.9
818,0,person,0.2185,714.2,524.9,736.5,576.3
818,4,other_vehicle,0.1439,705.8,550.6,750.0,579.6
818,1,car,0.1413,951.6,429.9,1023.1,472.9
818,4,other_vehicle,0.1034,706.6,545.9,743.6,577.6
819,1,car,0.7721,561.7,497.9,647.5,548.3
819,2,large_vehicle,0.5242,952.0,430.0,1022.9,472.9
819,0,person,0.5210,713.1,524.0,734.7,575.1
819,4,other_vehicle,0.3073,137.5,727.5,214.2,796.1
819,1,car,0.1827,137.5,727.5,214.2,796.1
819,1,car,0.1528,952.0,430.0,1022.9,472.9
819,2,large_vehicle,0.1312,137.5,727.5,214.2,796.1
819,0,person,0.1119,1192.8,525.7,1213.1,585.7
820,1,car,0.7543,562.0,498.0,647.3,548.2
820,2,large_vehicle,0.5525,952.2,429.9,1022.9,472.9
820,0,person,0.5182,713.0,524.0,734.6,574.9
820,4,other_vehicle,0.3223,137.4,727.5,214.1,796.0
820,1,car,0.1886,137.4,727.5,214.1,796.0
820,0,person,0.1581,1193.0,525.9,1213.2,585.9
820,1,car,0.1459,952.2,429.9,1022.9,472.9
820,2,large_vehicle,0.1231,137.4,727.5,214.1,796.0
821,4,other_vehicle,0.5679,130.4,728.8,204.1,795.8
821,2,large_vehicle,0.5302,952.1,429.9,1022.8,472.9
821,0,person,0.5222,710.4,525.1,730.6,573.0
821,1,car,0.2754,563.3,498.3,647.3,548.0
821,0,person,0.1814,1192.9,525.7,1213.2,586.0
821,4,other_vehicle,0.1614,701.5,543.8,732.7,577.3
821,1,car,0.1476,952.1,429.9,1022.8,472.9
821,1,car,0.1380,130.4,728.8,204.1,795.8
821,0,person,0.1377,704.9,525.3,727.0,570.5
821,1,car,0.1017,563.7,497.9,647.7,548.1
822,4,other_vehicle,0.5751,130.4,728.8,204.2,795.8
822,2,large_vehicle,0.5337,952.2,430.0,1022.9,472.9
822,0,person,0.5211,710.4,525.1,730.6,573.1
822,1,car,0.2074,563.1,498.3,647.3,548.0
822,4,other_vehicle,0.1604,701.4,543.7,732.7,577.3
822,0,person,0.1562,1192.9,525.6,1213.3,586.1
822,1,car,0.1515,952.2,430.0,1022.9,472.9
822,0,person,0.1432,704.7,525.3,727.1,570.5
822,1,car,0.1379,130.4,728.8,204.2,795.8
822,1,car,0.1146,563.6,497.9,647.7,548.2
823,1,car,0.7391,562.4,498.2,648.1,548.2
823,4,other_vehicle,0.6964,122.7,728.8,198.1,796.8
823,0,person,0.5887,707.6,525.3,727.9,574.1
823,2,large_vehicle,0.5801,950.8,429.5,1023.1,472.9
823,4,other_vehicle,0.5181,696.6,548.2,737.8,578.0
823,1,car,0.1380,950.8,429.5,1023.1,472.9
824,1,car,0.7374,562.3,498.2,648.1,548.2
824,4,other_vehicle,0.6969,122.7,728.8,198.0,796.8
824,0,person,0.5875,707.4,525.3,727.9,574.2
824,2,large_vehicle,0.5774,950.8,429.6,1023.1,472.9
824,4,other_vehicle,0.5157,696.5,548.1,737.7,578.0
824,1,car,0.1392,950.8,429.6,1023.1,472.9
825,1,car,0.8160,557.7,498.0,647.9,548.0
825,4,other_vehicle,0.6543,116.6,729.2,188.7,796.7
825,2,large_vehicle,0.5002,950.6,429.7,1023.2,472.8
825,0,person,0.4230,704.4,524.9,724.6,576.7
825,0,person,0.3168,706.0,524.6,726.9,578.2
825,1,car,0.1828,950.6,429.7,1023.2,472.8
825,4,other_vehicle,0.1076,692.2,545.0,747.3,579.5
826,1,car,0.8030,558.4,498.1,647.8,548.0
826,4,other_vehicle,0.6668,116.6,729.2,188.9,796.6
826,2,large_vehicle,0.5371,951.2,429.7,1023.2,472.8
826,0,person,0.4172,704.4,525.0,724.6,576.7
826,0,person,0.3201,706.0,524.8,726.9,578.1
826,0,person,0.1460,1093.0,445.3,1107.7,480.7
826,1,car,0.1443,951.2,429.7,1023.2,472.8
827,1,car,0.8064,558.1,498.0,647.8,548.1
827,4,other_vehicle,0.6671,116.6,729.2,188.9,796.6
827,2,large_vehicle,0.5319,951.2,429.8,1023.2,472.8
827,0,person,0.4054,704.5,525.1,724.6,576.6
827,0,person,0.3359,706.1,524.8,726.9,578.1
827,1,car,0.1510,951.2,429.8,1023.2,472.8
828,1,car,0.7959,559.1,497.8,647.7,548.1
828,4,other_vehicle,0.6821,111.4,729.9,180.9,796.0
828,0,person,0.6234,701.2,525.8,721.7,577.4
828,2,large_vehicle,0.5516,952.1,429.8,1023.0,472.7
828,4,other_vehicle,0.4028,689.9,547.9,726.9,578.2
828,0,person,0.2964,1092.7,445.3,1107.8,480.5
828,1,car,0.1273,952.1,429.8,1023.0,472.7
829,1,car,0.7788,559.5,497.9,647.5,548.1
829,4,other_vehicle,0.6791,111.3,729.8,181.2,796.1
829,0,person,0.6272,701.2,525.9,721.7,577.4
829,2,large_vehicle,0.5932,952.3,429.4,1022.9,472.7
829,4,other_vehicle,0.4010,690.0,547.9,726.9,578.2
829,0,person,0.2110,1092.9,445.4,1108.1,480.4
829,4,other_vehicle,0.1069,688.0,545.4,751.6,579.2
829,1,car,0.1040,952.3,429.4,1022.9,472.7
830,1,car,0.6134,561.6,498.0,647.7,548.1
830,2,large_vehicle,0.5966,952.0,429.1,1022.9,472.9
830,4,other_vehicle,0.5839,101.3,730.4,173.0,796.8
830,0,person,0.5716,697.0,526.4,717.7,577.0
830,4,other_vehicle,0.2649,688.3,546.8,723.3,579.0
830,0,person,0.1621,692.7,525.8,714.9,574.8
830,4,other_vehicle,0.1334,685.0,550.9,726.6,580.3
831,2,large_vehicle,0.5970,952.0,429.1,1023.0,472.9
831,0,person,0.5746,697.0,526.4,717.7,577.0
831,4,other_vehicle,0.5707,101.3,730.4,173.0,796.8
831,1,car,0.3627,562.3,498.2,647.8,548.1
831,4,other_vehicle,0.2658,688.3,546.8,723.2,579.0
831,0,person,0.1555,692.7,525.8,714.9,574.8
831,4,other_vehicle,0.1389,684.9,550.9,726.6,580.3
832,2,large_vehicle,0.6174,951.8,429.3,1023.1,472.8
832,4,other_vehicle,0.5823,101.3,730.4,173.1,796.8
832,0,person,0.5721,697.0,526.4,717.7,577.0
832,4,other_vehicle,0.3182,687.0,547.0,724.0,579.1
832,1,car,0.1798,562.7,498.2,647.8,548.2
832,0,person,0.1575,692.8,525.9,714.8,574.8
832,1,car,0.1303,563.3,497.8,647.7,548.4
832,0,person,0.1218,1092.3,445.3,1107.0,480.4
833,1,car,0.7041,561.3,498.0,647.9,548.2
833,2,large_vehicle,0.6137,951.1,429.4,1022.7,472.9
833,0,person,0.6053,692.8,526.3,713.5,573.9
833,4,other_vehicle,0.5406,95.3,730.9,165.2,795.4
833,0,person,0.4327,1091.5,443.9,1106.4,480.5
833,4,other_vehicle,0.2712,680.7,549.0,722.2,578.2
833,3,motorcycle,0.2070,680.7,549.0,722.2,578.2
833,0,person,0.1272,1192.8,526.1,1213.2,585.5
833,2,large_vehicle,0.1168,561.3,498.0,647.9,548.2
834,1,car,0.7099,561.5,498.1,647.9,548.2
834,0,person,0.6057,692.8,526.4,713.5,573.9
834,4,other_vehicle,0.5760,95.2,730.8,165.2,795.5
834,2,large_vehicle,0.5756,951.1,429.5,1022.8,472.8
834,0,person,0.4235,1091.5,444.0,1106.4,480.5
834,4,other_vehicle,0.2713,680.7,548.9,722.4,578.3
834,3,motorcycle,0.2302,680.7,548.9,722.4,578.3
834,0,person,0.1124,1192.8,526.2,1213.1,585.4
834,2,large_vehicle,0.1034,561.5,498.1,647.9,548.2
835,1,car,0.8184,557.1,497.8,648.3,548.2
835,4,other_vehicle,0.7681,87.5,730.8,156.9,795.9
835,0,person,0.6621,688.9,527.2,710.1,575.1
835,2,large_vehicle,0.6312,951.5,429.5,1023.2,472.8
835,4,other_vehicle,0.5625,678.8,547.0,718.8,578.0
835,0,person,0.4733,1091.2,443.0,1105.2,480.2
835,3,motorcycle,0.2196,678.8,547.0,718.8,578.0
835,0,person,0.2176,1192.8,525.9,1213.2,585.7
836,1,car,0.8058,557.6,497.8,648.3,548.2
836,4,other_vehicle,0.7681,87.5,730.8,156.9,795.9
836,0,person,0.6605,688.9,527.2,710.1,575.2
836,2,large_vehicle,0.6278,951.5,429.5,1023.3,472.7
836,4,other_vehicle,0.5612,678.8,547.0,718.8,578.0
836,0,person,0.4707,1091.2,443.0,1105.2,480.2
836,3,motorcycle,0.2193,678.8,547.0,718.8,578.0
836,0,person,0.2085,1192.8,525.9,1213.2,586.0
837,1,car,0.8210,556.7,497.8,648.3,548.2
837,4,other_vehicle,0.7630,87.6,730.7,156.9,795.8
837,0,person,0.6614,689.0,527.2,710.1,575.1
837,2,large_vehicle,0.6244,951.3,429.5,1023.3,472.7
837,4,other_vehicle,0.5548,678.9,547.0,718.8,578.0
837,0,person,0.4688,1091.2,442.9,1105.2,480.2
837,3,motorcycle,0.2281,678.9,547.0,718.8,578.0
837,0,person,0.1845,1192.7,525.9,1213.0,586.0
838,1,car,0.7905,562.1,498.2,648.0,548.3
838,4,other_vehicle,0.6945,81.3,731.0,150.7,798.2
838,2,large_vehicle,0.6162,951.7,429.7,1023.0,472.8
838,0,person,0.5391,685.3,527.9,705.6,572.4
838,4,other_vehicle,0.5253,674.8,548.4,715.1,577.8
838,0,person,0.2381,1091.2,442.6,1104.5,479.9
838,3,motorcycle,0.2112,674.8,548.4,715.1,577.8
838,0,person,0.1619,682.5,527.9,703.2,572.1
838,0,person,0.1481,1192.7,525.7,1213.0,585.3
839,1,car,0.8043,561.7,498.2,648.0,548.2
839,4,other_vehicle,0.7015,81.3,731.0,150.5,798.4
839,2,large_vehicle,0.6193,951.7,429.7,1023.0,472.8
839,4,other_vehicle,0.5477,674.8,548.2,715.1,577.8
839,0,person,0.5394,685.4,527.9,705.6,572.5
839,0,person,0.2255,1091.2,443.1,1104.5,480.0
839,3,motorcycle,0.1855,674.8,548.2,715.1,577.8
839,0,person,0.1659,1192.8,525.8,1213.0,585.4
839,0,person,0.1594,682.5,527.9,703.1,572.2
840,4,other_vehicle,0.7736,76.4,733.1,141.2,798.4
840,1,car,0.7088,562.2,498.4,647.8,548.1
840,0,person,0.6672,681.4,527.9,702.9,574.9
840,2,large_vehicle,0.6335,951.8,429.9,1023.0,472.7
840,4,other_vehicle,0.5861,671.9,548.2,713.5,578.3
840,0,person,0.2517,1091.2,442.8,1104.3,479.8
840,3,motorcycle,0.1858,671.9,548.2,713.5,578.3
840,0,person,0.1807,1192.9,525.4,1213.3,585.4
840,4,other_vehicle,0.1074,76.3,732.1,140.8,798.5
841,4,other_vehicle,0.7709,76.4,733.1,141.2,798.4
841,1,car,0.7380,561.3,498.2,648.1,548.1
841,0,person,0.6566,681.5,527.9,702.8,574.9
841,2,large_vehicle,0.6401,951.4,429.8,1022.8,472.8
841,4,other_vehicle,0.5809,671.9,548.2,713.6,578.3
841,0,person,0.2249,1091.3,442.9,1104.2,479.7
841,3,motorcycle,0.1810,671.9,548.2,713.6,578.3
841,0,person,0.1472,1192.9,525.2,1213.3,585.3
841,4,other_vehicle,0.1301,76.3,732.1,140.9,798.5
842,4,other_vehicle,0.7712,76.4,733.1,141.2,798.4
842,1,car,0.7403,561.3,498.2,648.1,548.1
842,0,person,0.6578,681.5,527.9,702.8,574.9
842,2,large_vehicle,0.6395,951.4,429.8,1022.9,472.7
842,4,other_vehicle,0.5820,671.9,548.2,713.6,578.3
842,0,person,0.2212,1091.3,442.9,1104.2,479.8
842,3,motorcycle,0.1831,671.9,548.2,713.6,578.3
842,0,person,0.1529,1192.8,525.1,1213.3,585.4
842,4,other_vehicle,0.1349,76.3,732.1,140.9,798.5
843,1,car,0.7685,558.3,498.0,648.0,548.2
843,4,other_vehicle,0.7647,70.1,732.0,135.8,797.5
843,0,person,0.6762,677.7,528.5,698.9,574.4
843,3,motorcycle,0.5979,667.8,548.2,708.9,578.1
843,2,large_vehicle,0.5551,951.3,430.1,1022.7,472.7
843,4,other_vehicle,0.1803,667.8,548.2,708.9,578.1
843,1,car,0.1403,951.3,430.1,1022.7,472.7
843,0,person,0.1107,1192.8,524.8,1213.5,585.3
844,1,car,0.7810,557.7,497.9,648.0,548.2
844,4,other_vehicle,0.7606,70.1,731.9,135.9,797.5
844,0,person,0.6693,677.7,528.6,698.9,574.3
844,3,motorcycle,0.5946,667.7,548.2,708.8,577.9
844,2,large_vehicle,0.5812,951.4,430.2,1022.7,472.7
844,4,other_vehicle,0.1742,667.7,548.2,708.8,577.9
844,1,car,0.1268,951.4,430.2,1022.7,472.7
845,1,car,0.7975,557.9,498.4,647.8,548.2
845,4,other_vehicle,0.6945,63.7,731.8,129.5,797.0
845,0,person,0.6215,675.2,528.1,695.5,573.2
845,4,other_vehicle,0.6024,664.4,550.3,707.0,578.4
845,2,large_vehicle,0.6014,951.6,430.0,1023.0,472.7
845,0,person,0.1713,1089.2,443.8,1101.8,480.3
845,0,person,0.1294,1090.9,443.6,1103.6,480.3
845,0,person,0.1083,1192.9,525.8,1213.2,585.1
846,1,car,0.8240,556.5,498.3,647.9,548.2
846,4,other_vehicle,0.6880,63.7,731.7,129.6,797.0
846,0,person,0.6256,675.2,528.1,695.5,573.2
846,2,large_vehicle,0.6250,951.8,429.7,1023.2,472.6
846,4,other_vehicle,0.6117,664.4,550.2,707.0,578.4
846,0,person,0.1765,1089.2,443.8,1101.9,480.4
846,0,person,0.1312,1090.9,443.6,1103.6,480.4
846,0,person,0.1111,1192.9,525.8,1213.1,585.1
847,1,car,0.7747,560.8,498.4,647.9,548.2
847,4,other_vehicle,0.6369,58.7,731.9,123.7,793.1
847,2,large_vehicle,0.6199,951.7,430.2,1022.8,472.6
847,0,person,0.5579,672.6,528.5,693.7,573.3
847,3,motorcycle,0.5293,660.6,549.3,703.1,578.4
847,0,person,0.3160,671.3,528.8,691.1,573.0
847,4,other_vehicle,0.2474,660.6,549.3,703.1,578.4
847,0,person,0.1221,1192.9,525.9,1212.9,585.1
848,1,car,0.7794,560.6,498.4,648.0,548.2
848,4,other_vehicle,0.6313,58.7,731.9,123.7,793.1
848,2,large_vehicle,0.6192,951.7,430.2,1022.8,472.6
848,0,person,0.5531,672.6,528.6,693.7,573.3
848,3,motorcycle,0.5244,660.6,549.3,703.1,578.4
848,0,person,0.3228,671.3,528.9,691.1,573.0
848,4,other_vehicle,0.2498,660.6,549.3,703.1,578.4
848,0,person,0.1303,1192.9,525.9,1212.9,585.1
849,1,car,0.7146,562.3,498.5,647.4,548.1
849,4,other_vehicle,0.6790,53.7,732.7,115.0,794.2
849,2,large_vehicle,0.6417,951.9,429.8,1022.5,472.7
849,0,person,0.6346,669.5,528.7,687.5,573.2
849,4,other_vehicle,0.3674,656.2,550.2,698.0,578.1
849,0,person,0.2471,1089.0,443.7,1101.4,480.4
849,3,motorcycle,0.1548,656.2,550.2,698.0,578.1
849,0,person,0.1538,1193.0,525.5,1212.9,585.2
850,1,car,0.7268,562.7,498.6,647.4,548.1
850,4,other_vehicle,0.6925,53.7,732.7,115.0,794.2
850,0,person,0.6436,669.5,528.7,687.5,573.1
850,2,large_vehicle,0.6359,951.6,429.8,1022.5,472.6
850,4,other_vehicle,0.3876,656.5,550.2,697.9,578.1
850,0,person,0.2655,1089.0,443.4,1101.4,480.4
850,0,person,0.1893,1193.1,525.7,1213.0,585.2
850,3,motorcycle,0.1700,656.5,550.2,697.9,578.1
851,1,car,0.7240,562.7,498.5,647.4,548.1
851,4,other_vehicle,0.6891,53.7,732.7,115.0,794.2
851,0,person,0.6419,669.5,528.7,687.5,573.2
851,2,large_vehicle,0.6340,951.6,429.8,1022.3,472.7
851,4,other_vehicle,0.3866,656.3,550.2,698.0,578.1
851,0,person,0.2607,1089.0,443.4,1101.4,480.4
851,0,person,0.1942,1193.0,525.5,1213.0,585.2
851,3,motorcycle,0.1563,656.3,550.2,698.0,578.1
852,1,car,0.7437,559.6,498.5,647.3,548.2
852,0,person,0.6146,665.0,528.8,682.9,569.2
852,2,large_vehicle,0.5830,951.1,430.0,1022.6,472.6
852,4,other_vehicle,0.4856,48.1,732.3,107.6,793.7
852,3,motorcycle,0.4811,652.7,550.5,692.5,578.2
852,0,person,0.2799,1088.4,443.1,1101.4,479.7
852,4,other_vehicle,0.1977,652.7,550.5,692.5,578.2
852,0,person,0.1530,1193.0,525.6,1213.0,584.6
852,2,large_vehicle,0.1482,48.1,732.3,107.6,793.7
853,1,car,0.7745,561.2,498.7,647.3,548.2
853,0,person,0.6196,665.0,528.8,682.9,569.3
853,2,large_vehicle,0.5906,951.1,429.6,1022.6,472.6
853,3,motorcycle,0.4952,652.7,550.4,692.5,578.3
853,4,other_vehicle,0.4848,48.1,732.2,107.7,793.7
853,0,person,0.2512,1088.4,443.3,1101.4,479.8
853,4,other_vehicle,0.1924,652.7,550.4,692.5,578.3
853,2,large_vehicle,0.1445,48.1,732.2,107.7,793.7
853,0,person,0.1198,1193.0,525.6,1213.1,584.9
854,1,car,0.8251,557.8,498.5,647.2,548.1
854,4,other_vehicle,0.7452,43.3,732.7,103.1,793.3
854,2,large_vehicle,0.5141,951.6,429.6,1022.2,472.6
854,0,person,0.4699,660.6,528.6,679.3,569.7
854,3,motorcycle,0.4383,648.7,549.9,688.7,579.6
854,0,person,0.3141,1087.9,442.9,1101.3,478.3
854,0,person,0.2960,662.4,528.5,681.7,569.6
854,4,other_vehicle,0.2106,648.7,549.9,688.7,579.6
854,0,person,0.1740,1192.7,524.9,1213.5,585.1
854,1,car,0.1041,951.6,429.6,1022.2,472.6
855,1,car,0.8395,556.9,498.5,647.3,548.2
855,4,other_vehicle,0.7492,43.3,732.7,103.1,793.2
855,2,large_vehicle,0.5113,951.5,429.5,1022.2,472.5
855,0,person,0.4831,660.5,528.3,679.4,569.7
855,3,motorcycle,0.4455,648.6,549.8,688.7,579.6
855,0,person,0.3058,1087.9,443.0,1101.2,478.2
855,0,person,0.2905,662.4,528.3,681.8,569.6
855,4,other_vehicle,0.2166,648.6,549.8,688.7,579.6
855,0,person,0.1386,1192.7,525.2,1213.6,585.2
855,1,car,0.1177,951.5,429.5,1022.2,472.5
856,1,car,0.8340,556.8,498.5,647.3,548.1
856,4,other_vehicle,0.7395,43.2,732.6,103.0,793.3
856,2,large_vehicle,0.5142,951.5,429.4,1022.3,472.4
856,0,person,0.4768,660.6,528.5,679.4,569.6
856,3,motorcycle,0.4421,648.6,549.9,689.0,579.6
856,0,person,0.2943,662.4,528.4,681.7,569.4
856,0,person,0.2910,1088.1,443.1,1101.2,478.2
856,4,other_vehicle,0.2042,648.6,549.9,689.0,579.6
856,0,person,0.1658,1192.7,525.1,1213.3,585.2
857,1,car,0.7581,562.8,498.7,647.1,548.2
857,2,large_vehicle,0.5189,952.1,429.5,1022.1,472.5
857,4,other_vehicle,0.4643,38.2,732.0,97.6,792.2
857,0,person,0.3816,657.0,530.1,675.9,570.0
857,3,motorcycle,0.3709,644.9,550.3,683.0,579.4
857,3,motorcycle,0.1345,644.8,551.7,683.0,580.0
857,4,other_vehicle,0.1192,644.9,550.3,683.0,579.4
857,0,person,0.1097,1192.8,525.2,1213.1,585.2
858,1,car,0.7812,560.7,498.5,647.2,548.3
858,2,large_vehicle,0.5405,952.0,429.5,1022.4,472.5
858,4,other_vehicle,0.4838,38.3,732.0,97.7,792.3
858,3,motorcycle,0.3904,644.9,550.3,683.1,579.4
858,0,person,0.3886,656.9,530.2,675.9,570.0
858,3,motorcycle,0.1355,644.8,551.7,683.1,580.0
858,4,other_vehicle,0.1191,644.9,550.3,683.1,579.4
859,1,car,0.6978,562.7,498.6,647.4,548.1
859,2,large_vehicle,0.5948,951.9,429.4,1022.1,472.5
859,0,person,0.5462,653.4,530.4,672.3,571.6
859,3,motorcycle,0.3761,640.9,553.0,682.6,580.8
859,4,other_vehicle,0.3679,33.3,732.7,91.0,793.0
859,4,other_vehicle,0.2378,640.9,553.0,682.6,580.8
859,0,person,0.1196,1192.8,525.3,1212.9,585.4
859,4,other_vehicle,0.1184,34.3,732.5,91.1,791.9
859,2,large_vehicle,0.1016,562.7,498.6,647.4,548.1
860,1,car,0.7000,562.6,498.5,647.4,548.1
860,2,large_vehicle,0.5953,951.9,429.3,1022.1,472.5
860,0,person,0.5470,653.3,530.3,672.3,571.7
860,4,other_vehicle,0.3884,33.3,732.7,91.0,793.0
860,3,motorcycle,0.3759,641.0,552.9,682.6,580.8
860,4,other_vehicle,0.2391,641.0,552.9,682.6,580.8
860,0,person,0.1207,1192.8,525.3,1212.9,585.4
860,2,large_vehicle,0.1069,562.6,498.5,647.4,548.1
860,4,other_vehicle,0.1068,34.3,732.5,91.1,791.9
861,1,car,0.7383,562.2,498.7,647.4,548.1
861,2,large_vehicle,0.6218,951.5,429.3,1022.3,472.6
861,0,person,0.5474,653.4,530.4,672.3,571.6
861,3,motorcycle,0.3717,641.0,553.0,682.7,580.8
861,4,other_vehicle,0.3061,32.4,732.3,91.4,793.0
861,4,other_vehicle,0.2427,641.0,553.0,682.7,580.8
861,4,other_vehicle,0.2259,34.3,732.5,91.1,791.9
861,0,person,0.1176,1192.9,525.1,1212.9,585.3
862,1,car,0.7399,560.8,498.3,647.5,548.2
862,4,other_vehicle,0.7026,29.1,734.1,84.4,791.8
862,2,large_vehicle,0.6360,951.4,429.5,1022.3,472.5
862,0,person,0.4090,649.4,531.9,667.0,571.3
862,4,other_vehicle,0.3511,635.1,552.1,679.3,580.8
862,3,motorcycle,0.3194,635.1,552.1,679.3,580.8
862,0,person,0.2938,651.5,531.5,670.0,571.0
862,0,person,0.1069,1192.9,526.1,1212.7,585.3
862,2,large_vehicle,0.1007,560.8,498.3,647.5,548.2
863,1,car,0.7342,560.9,498.3,647.5,548.2
863,4,other_vehicle,0.7119,29.0,734.1,84.2,791.8
863,2,large_vehicle,0.6364,951.3,429.5,1022.4,472.5
863,0,person,0.3933,649.4,531.8,667.0,571.4
863,4,other_vehicle,0.3479,635.2,552.1,679.4,580.9
863,0,person,0.3098,651.6,531.4,670.0,571.0
863,3,motorcycle,0.2808,635.2,552.1,679.4,580.9
863,0,person,0.1284,1192.9,526.1,1212.8,585.4
863,2,large_vehicle,0.1073,560.9,498.3,647.5,548.2
864,1,car,0.8279,559.5,498.5,647.9,548.2
864,4,other_vehicle,0.7497,24.6,733.4,79.5,791.2
864,2,large_vehicle,0.5492,951.6,429.9,1022.6,472.4
864,0,person,0.3926,644.4,533.2,665.2,577.2
864,4,other_vehicle,0.2765,627.9,554.7,674.2,582.3
864,3,motorcycle,0.1321,627.9,554.7,674.2,582.3
865,1,car,0.8110,560.4,498.5,647.7,548.2
865,4,other_vehicle,0.7449,24.6,733.4,79.5,791.1
865,2,large_vehicle,0.5721,951.7,429.5,1022.5,472.4
865,0,person,0.3808,645.0,533.0,665.4,577.0
865,4,other_vehicle,0.2396,627.6,555.0,674.3,582.2
865,3,motorcycle,0.1169,627.6,555.0,674.3,582.2
866,1,car,0.8102,560.4,498.5,647.7,548.2
866,4,other_vehicle,0.7431,24.6,733.4,79.6,791.2
866,2,large_vehicle,0.5699,951.7,429.5,1022.5,472.4
866,0,person,0.3812,645.0,533.0,665.4,577.1
866,4,other_vehicle,0.2403,627.6,555.0,674.3,582.2
866,3,motorcycle,0.1215,627.6,555.0,674.3,582.2
866,0,person,0.1035,1085.9,443.1,1099.3,477.4
867,1,car,0.8250,558.2,498.1,647.5,548.3
867,4,other_vehicle,0.7209,20.4,733.9,74.5,790.5
867,0,person,0.5682,640.0,531.0,661.0,574.2
867,2,large_vehicle,0.5312,952.2,429.3,1022.9,472.4
867,3,motorcycle,0.3062,623.3,552.8,672.5,581.8
867,3,motorcycle,0.2543,623.6,552.5,672.1,582.0
867,0,person,0.2509,636.9,531.0,658.6,573.4
868,1,car,0.8000,559.5,498.1,647.5,548.3
868,4,other_vehicle,0.7155,20.4,733.8,74.6,790.5
868,2,large_vehicle,0.5937,951.9,429.2,1022.7,472.4
868,0,person,0.5683,639.9,531.0,661.0,574.4
868,3,motorcycle,0.3135,623.6,552.4,672.1,581.9
868,0,person,0.2597,636.8,530.9,658.8,573.8
868,3,motorcycle,0.2383,623.3,552.7,672.5,581.7
868,0,person,0.1286,1192.8,525.9,1212.7,585.4
868,4,other_vehicle,0.1062,623.6,552.4,672.1,581.9
869,4,other_vehicle,0.6925,15.9,731.9,71.2,790.0
869,2,large_vehicle,0.5874,951.8,429.3,1022.5,472.4
869,1,car,0.5212,561.4,498.1,647.2,547.9
869,3,motorcycle,0.3665,624.3,555.0,664.2,581.9
869,0,person,0.3193,636.3,532.4,656.7,574.9
869,4,other_vehicle,0.1254,624.3,555.0,664.2,581.9
869,1,car,0.1232,561.9,497.5,646.5,547.9
869,0,person,0.1153,1192.8,525.9,1212.8,585.2
869,0,person,0.1014,640.2,532.0,658.3,574.8
870,4,other_vehicle,0.6941,16.0,731.9,71.0,789.9
870,2,large_vehicle,0.5890,951.8,429.5,1022.4,472.3
870,1,car,0.4405,561.5,498.1,647.1,547.9
870,3,motorcycle,0.3555,624.2,555.1,663.9,581.9
870,0,person,0.3012,636.4,532.6,656.7,574.7
870,1,car,0.1455,562.1,497.5,646.3,547.9
870,4,other_vehicle,0.1261,624.2,555.1,663.9,581.9
870,0,person,0.1173,1192.9,525.9,1212.6,585.3
870,0,person,0.1138,638.2,532.0,654.7,568.5
870,0,person,0.1048,640.3,532.3,658.2,574.6
871,1,car,0.7594,560.4,497.7,647.5,548.1
871,4,other_vehicle,0.7328,11.5,732.3,66.0,789.6
871,2,large_vehicle,0.5284,950.8,429.3,1021.7,472.3
871,3,motorcycle,0.2686,620.9,556.0,660.7,583.8
871,0,person,0.2608,632.1,532.3,654.3,576.5
871,0,person,0.1503,635.0,531.9,652.3,568.5
871,4,other_vehicle,0.1436,620.9,556.0,660.7,583.8
872,1,car,0.7633,560.3,497.7,647.5,548.1
872,4,other_vehicle,0.7328,11.5,732.3,66.0,789.6
872,2,large_vehicle,0.5480,950.8,429.2,1021.7,472.3
872,3,motorcycle,0.2664,620.9,555.9,660.7,583.8
872,0,person,0.2585,632.1,532.2,654.2,576.5
872,0,person,0.1488,635.0,531.9,652.3,568.6
872,4,other_vehicle,0.1421,620.9,555.9,660.7,583.8
873,1,car,0.8210,557.4,497.7,647.8,548.0
873,4,other_vehicle,0.7107,8.4,732.1,61.7,788.7
873,2,large_vehicle,0.4126,951.5,429.2,1022.1,472.2
873,0,person,0.3787,628.8,531.2,649.7,575.0
873,3,motorcycle,0.2320,617.6,555.1,658.6,584.8
873,4,other_vehicle,0.1793,617.6,555.1,658.6,584.8
873,1,car,0.1330,951.5,429.2,1022.1,472.2
873,0,person,0.1311,625.0,531.7,646.7,576.4
874,1,car,0.8070,558.0,497.7,647.8,547.9
874,4,other_vehicle,0.7067,8.4,732.1,62.8,788.8
874,2,large_vehicle,0.4167,951.3,428.9,1022.1,472.3
874,0,person,0.3643,628.8,531.3,649.7,575.0
874,3,motorcycle,0.2369,617.7,555.2,658.6,584.8
874,4,other_vehicle,0.1811,617.7,555.2,658.6,584.8
874,0,person,0.1529,624.9,531.9,646.8,576.3
874,1,car,0.1385,951.3,428.9,1022.1,472.3
875,1,car,0.8071,558.0,497.7,647.8,547.9
875,4,other_vehicle,0.7029,8.4,732.1,62.8,788.8
875,2,large_vehicle,0.4061,951.3,428.9,1022.1,472.3
875,0,person,0.3631,628.8,531.3,649.7,575.0
875,3,motorcycle,0.2285,617.6,555.2,658.7,584.8
875,4,other_vehicle,0.1796,617.6,555.2,658.7,584.8
875,0,person,0.1544,624.9,531.9,646.8,576.3
875,1,car,0.1380,951.3,428.9,1022.1,472.3
875,0,person,0.1042,1192.8,525.3,1213.0,584.8
876,1,car,0.8229,558.1,497.8,647.3,548.1
876,4,other_vehicle,0.6868,2.8,731.7,56.6,788.2
876,0,person,0.4965,624.9,532.5,645.4,578.9
876,2,large_vehicle,0.4189,952.2,429.2,1021.8,472.3
876,3,motorcycle,0.1917,612.8,554.7,653.6,585.0
876,4,other_vehicle,0.1910,612.8,554.7,653.6,585.0
876,0,person,0.1322,1192.9,526.2,1213.0,585.1
876,1,car,0.1027,952.2,429.2,1021.8,472.3
877,1,car,0.8015,558.4,497.8,647.3,548.1
877,4,other_vehicle,0.6911,2.8,731.7,56.1,788.2
877,2,large_vehicle,0.4963,952.4,429.2,1022.0,472.3
877,0,person,0.4928,625.0,532.3,645.4,579.0
877,4,other_vehicle,0.1948,612.9,554.5,654.0,584.9
877,3,motorcycle,0.1684,612.9,554.5,654.0,584.9
877,0,person,0.1066,1193.1,526.5,1212.9,585.1
878,4,other_vehicle,0.6107,0.2,731.3,50.4,786.6
878,0,person,0.5131,621.8,534.8,640.4,577.5
878,2,large_vehicle,0.5118,952.7,429.4,1022.3,472.3
878,1,car,0.3984,560.2,497.9,647.1,547.9
878,1,car,0.1984,562.0,497.7,646.8,547.7
878,2,large_vehicle,0.1671,0.2,731.3,50.4,786.6
878,3,motorcycle,0.1374,608.8,554.9,649.6,583.9
879,4,other_vehicle,0.6185,0.1,731.3,50.7,786.6
879,2,large_vehicle,0.5122,952.0,429.5,1022.3,472.3
879,0,person,0.5120,621.8,534.8,640.4,577.4
879,1,car,0.2573,562.2,497.7,646.7,547.7
879,1,car,0.1919,560.5,497.9,647.1,547.9
879,2,large_vehicle,0.1582,0.1,731.3,50.7,786.6
879,3,motorcycle,0.1447,608.9,554.9,649.6,583.9
879,0,person,0.1071,1193.1,526.0,1213.0,584.9
880,4,other_vehicle,0.6375,0.2,731.2,50.4,786.6
880,2,large_vehicle,0.5950,951.6,429.5,1022.2,472.2
880,1,car,0.5110,563.7,497.7,646.6,547.7
880,0,person,0.5100,621.8,534.8,640.4,577.6
880,0,person,0.1667,1193.0,526.2,1212.8,584.8
880,2,large_vehicle,0.1459,0.2,731.2,50.4,786.6
880,3,motorcycle,0.1393,609.1,554.8,649.5,583.8
881,2,large_vehicle,0.5598,951.1,429.5,1022.2,472.3
881,4,other_vehicle,0.5168,0.0,729.6,47.0,786.1
881,3,motorcycle,0.4637,605.6,554.4,644.5,585.5
881,0,person,0.4540,618.0,533.5,637.1,579.0
881,1,car,0.4100,563.5,497.6,646.7,547.8
881,0,person,0.2356,614.8,533.9,635.6,579.0
881,2,large_vehicle,0.1810,0.0,729.6,47.0,786.1
881,0,person,0.1596,1193.0,527.3,1212.8,584.9
882,4,other_vehicle,0.5377,0.0,729.5,47.0,786.1
882,2,large_vehicle,0.5281,951.2,429.6,1022.3,472.3
882,3,motorcycle,0.4612,605.6,554.4,644.6,585.6
882,1,car,0.4582,563.5,497.6,646.6,547.8
882,0,person,0.4494,618.0,533.5,637.1,578.8
882,0,person,0.2398,614.9,533.9,635.6,578.9
882,2,large_vehicle,0.1775,0.0,729.5,47.0,786.1
882,0,person,0.1362,1192.9,527.3,1212.8,584.9
882,1,car,0.1078,951.2,429.6,1022.3,472.3
883,0,person,0.5719,611.2,533.5,633.1,577.4
883,3,motorcycle,0.5319,601.5,556.3,641.7,588.1
883,2,large_vehicle,0.5239,951.3,429.2,1022.2,472.2
883,1,car,0.4826,562.4,497.6,647.3,547.8
883,4,other_vehicle,0.3154,0.0,729.9,43.5,785.1
883,2,large_vehicle,0.2572,0.0,729.9,43.5,785.1
883,4,other_vehicle,0.2014,601.5,556.3,641.7,588.1
883,1,car,0.1204,951.3,429.2,1022.2,472.2
884,0,person,0.5716,611.3,533.5,633.1,577.3
884,3,motorcycle,0.5318,601.5,556.3,641.7,588.1
884,2,large_vehicle,0.5090,951.3,429.5,1022.3,472.2
884,1,car,0.4639,562.4,497.6,647.3,547.8
884,4,other_vehicle,0.3156,0.0,729.8,43.5,785.1
884,2,large_vehicle,0.2568,0.0,729.8,43.5,785.1
884,4,other_vehicle,0.1999,601.5,556.3,641.7,588.1
884,1,car,0.1284,951.3,429.5,1022.3,472.2
884,0,person,0.1027,1192.9,526.7,1212.8,585.0
885,0,person,0.5708,611.3,533.5,633.2,577.3
885,3,motorcycle,0.5388,601.5,556.3,641.7,588.1
885,2,large_vehicle,0.5268,951.1,429.2,1022.3,472.2
885,1,car,0.3448,559.5,497.9,647.2,547.8
885,1,car,0.3335,561.6,497.7,647.4,547.8
885,4,other_vehicle,0.3124,0.0,729.8,43.5,785.2
885,2,large_vehicle,0.2606,0.0,729.8,43.5,785.2
885,4,other_vehicle,0.1957,601.5,556.3,641.7,588.1
885,1,car,0.1257,951.1,429.2,1022.3,472.2
886,1,car,0.7880,560.0,497.7,647.2,548.0
886,3,motorcycle,0.6364,596.9,557.5,639.6,588.4
886,2,large_vehicle,0.5661,952.0,429.3,1022.2,472.3
886,0,person,0.5365,607.3,533.7,628.7,579.7
886,2,large_vehicle,0.3346,0.0,730.1,35.7,784.6
886,4,other_vehicle,0.2773,0.0,730.1,35.7,784.6
886,0,person,0.1165,604.1,533.9,625.3,580.5
887,1,car,0.7934,560.0,497.7,647.2,548.0
887,3,motorcycle,0.6367,597.0,557.4,639.7,588.4
887,2,large_vehicle,0.5655,952.0,429.3,1022.2,472.3
887,0,person,0.5288,607.4,533.8,628.7,579.7
887,2,large_vehicle,0.3265,0.0,730.0,35.7,784.7
887,4,other_vehicle,0.2742,0.0,730.0,35.7,784.7
887,0,person,0.1153,604.2,533.9,625.3,580.5
888,3,motorcycle,0.5678,591.7,554.4,636.5,588.6
888,2,large_vehicle,0.5529,951.6,429.0,1022.3,472.3
888,0,person,0.5498,601.8,535.9,625.0,583.0
888,1,car,0.5051,561.4,497.2,647.9,547.2
888,2,large_vehicle,0.3421,0.0,729.4,31.1,784.5
888,0,person,0.1936,605.0,536.0,627.0,582.8
888,4,other_vehicle,0.1901,0.0,729.4,31.1,784.5
888,4,other_vehicle,0.1711,591.7,554.4,636.5,588.6
888,1,car,0.1267,0.0,729.4,31.1,784.5
889,0,person,0.5595,601.7,535.8,625.1,583.0
889,2,large_vehicle,0.5469,952.0,428.9,1022.2,472.2
889,3,motorcycle,0.5064,591.6,554.5,636.5,588.6
889,1,car,0.4814,561.7,497.3,647.9,547.3
889,2,large_vehicle,0.3497,0.0,729.5,31.2,784.5
889,4,other_vehicle,0.1873,0.0,729.5,31.2,784.5
889,0,person,0.1732,604.9,536.0,627.0,582.8
889,0,person,0.1534,1192.9,526.5,1212.9,585.0
889,3,motorcycle,0.1503,592.1,554.9,636.0,588.7
889,4,other_vehicle,0.1301,591.6,554.5,636.5,588.6
889,1,car,0.1300,0.0,729.5,31.2,784.5
890,0,person,0.5560,601.7,535.8,625.1,583.0
890,2,large_vehicle,0.5323,951.8,428.9,1022.2,472.2
890,3,motorcycle,0.5272,591.6,554.5,636.5,588.6
890,1,car,0.5012,562.0,497.3,647.9,547.3
890,2,large_vehicle,0.3388,0.0,729.4,31.1,784.5
890,4,other_vehicle,0.1914,0.0,729.4,31.1,784.5
890,0,person,0.1841,604.9,536.0,627.0,582.9
890,4,other_vehicle,0.1410,591.6,554.5,636.5,588.6
890,3,motorcycle,0.1302,592.1,554.9,636.0,588.7
890,1,car,0.1232,0.0,729.4,31.1,784.5
890,0,person,0.1226,1193.0,526.4,1213.0,585.0
891,0,person,0.5688,599.7,535.8,622.1,583.6
891,2,large_vehicle,0.4761,951.2,429.1,1022.4,472.1
891,3,motorcycle,0.4220,589.5,554.5,631.4,588.7
891,1,car,0.3010,557.2,497.2,648.1,546.8
891,1,car,0.2731,561.3,497.2,647.9,546.8
891,4,other_vehicle,0.1660,589.5,554.5,631.4,588.7
891,2,large_vehicle,0.1427,0.0,727.5,27.5,784.2
891,1,car,0.1373,951.2,429.1,1022.4,472.1
891,0,person,0.1297,1192.9,525.7,1213.1,585.0
892,0,person,0.5753,599.6,535.9,622.1,583.5
892,1,car,0.5750,562.8,497.4,647.8,546.9
892,2,large_vehicle,0.5081,951.2,429.1,1022.5,472.1
892,3,motorcycle,0.4296,589.5,554.4,631.4,588.7
892,2,large_vehicle,0.2364,0.0,726.7,27.1,783.9
892,4,other_vehicle,0.1681,589.5,554.4,631.4,588.7
892,0,person,0.1523,1192.9,525.3,1213.5,585.0
892,1,car,0.1151,951.2,429.1,1022.5,472.1
892,1,car,0.1016,0.0,726.7,27.1,783.9
893,0,person,0.6067,593.9,535.4,617.3,583.6
893,3,motorcycle,0.6042,585.7,555.1,627.2,590.9
893,2,large_vehicle,0.4197,950.9,428.6,1022.9,472.1
893,1,car,0.4100,559.7,497.0,648.3,546.5
893,2,large_vehicle,0.4098,0.0,724.8,22.7,784.8
893,1,car,0.3573,556.4,497.1,648.5,546.6
893,0,person,0.2378,1192.8,525.4,1213.3,584.9
893,4,other_vehicle,0.2130,585.7,555.1,627.2,590.9
893,1,car,0.1855,950.9,428.6,1022.9,472.1
893,0,person,0.1835,591.7,535.6,614.6,583.7
894,0,person,0.6066,594.0,535.4,617.3,583.5
894,3,motorcycle,0.6044,585.6,555.1,627.3,590.9
894,2,large_vehicle,0.4258,950.8,428.9,1023.1,472.2
894,2,large_vehicle,0.4101,0.0,724.8,22.7,784.8
894,1,car,0.3974,559.6,496.9,648.5,546.5
894,1,car,0.3502,556.3,497.1,648.6,546.6
894,4,other_vehicle,0.2145,585.6,555.1,627.3,590.9
894,0,person,0.2123,1192.9,525.4,1213.5,584.6
894,1,car,0.1991,950.8,428.9,1023.1,472.2
894,0,person,0.1837,591.7,535.6,614.6,583.6
895,0,person,0.5093,589.1,538.2,613.3,583.0
895,2,large_vehicle,0.4641,951.5,428.9,1022.9,472.0
895,4,other_vehicle,0.4512,581.2,554.7,625.7,592.2
895,1,car,0.3007,561.5,497.5,647.4,546.3
895,3,motorcycle,0.2568,581.2,554.7,625.7,592.2
895,0,person,0.2064,1192.9,526.0,1212.9,584.5
895,1,car,0.1819,951.5,428.9,1022.9,472.0
895,1,car,0.1208,559.9,497.7,647.7,546.7
896,0,person,0.5110,589.1,538.2,613.3,583.1
896,2,large_vehicle,0.4632,951.5,428.9,1022.9,472.0
896,4,other_vehicle,0.4558,581.2,554.6,625.8,592.3
896,1,car,0.3459,561.5,497.5,647.4,546.3
896,3,motorcycle,0.2528,581.2,554.6,625.8,592.3
896,1,car,0.1857,951.5,428.9,1022.9,472.0
896,0,person,0.1560,1192.9,526.5,1212.9,584.5
897,1,car,0.7014,561.9,497.4,647.2,545.9
897,2,large_vehicle,0.5172,951.6,429.1,1022.6,471.9
897,0,person,0.3912,589.0,539.2,609.4,582.9
897,3,motorcycle,0.2882,578.1,560.9,617.0,592.4
897,4,other_vehicle,0.1562,578.1,560.9,617.0,592.4
897,1,car,0.1223,951.6,429.1,1022.6,471.9
897,0,person,0.1101,1193.2,527.0,1212.9,584.3
898,1,car,0.6529,561.3,497.2,647.2,546.1
898,2,large_vehicle,0.5190,951.3,428.8,1022.2,471.9
898,0,person,0.3985,588.9,539.2,609.4,583.0
898,3,motorcycle,0.2838,578.1,560.8,617.0,592.4
898,4,other_vehicle,0.1587,578.1,560.8,617.0,592.4
898,1,car,0.1244,951.3,428.8,1022.2,471.9
898,0,person,0.1209,1193.1,526.8,1213.0,584.0
899,1,car,0.6447,561.2,497.2,647.2,546.1
899,2,large_vehicle,0.5089,951.3,428.7,1022.2,471.9
899,0,person,0.3966,588.9,539.1,609.5,583.1
899,3,motorcycle,0.2808,578.1,560.8,617.0,592.4
899,4,other_vehicle,0.1585,578.1,560.8,617.0,592.4
899,1,car,0.1239,951.3,428.7,1022.2,471.9
899,0,person,0.1224,1193.2,526.7,1213.0,584.3
900,0,person,0.5175,585.3,538.9,605.4,582.9
900,2,large_vehicle,0.4883,951.0,428.4,1022.4,471.8
900,1,car,0.4597,559.0,497.0,647.3,545.6
900,4,other_vehicle,0.4371,573.5,557.6,614.7,592.6
900,3,motorcycle,0.3636,573.5,557.6,614.7,592.6
900,0,person,0.2102,581.9,537.8,603.1,583.6
900,1,car,0.1395,951.0,428.4,1022.4,471.8
900,0,person,0.1190,1193.0,525.5,1213.4,584.1
901,0,person,0.5210,585.3,539.0,605.4,582.8
901,2,large_vehicle,0.5087,951.0,428.5,1022.4,471.8
901,1,car,0.4993,559.2,497.0,647.4,545.5
901,3,motorcycle,0.4281,573.4,557.5,614.5,592.7
901,4,other_vehicle,0.4083,573.4,557.5,614.5,592.7
901,0,person,0.2133,581.9,537.9,603.0,583.6
901,1,car,0.1477,951.0,428.5,1022.4,471.8
901,0,person,0.1125,1192.9,525.3,1213.4,584.3
902,1,car,0.7155,559.8,497.1,647.9,544.9
902,0,person,0.6154,579.2,529.7,602.1,585.5
902,3,motorcycle,0.4607,569.1,560.6,611.7,593.5
902,2,large_vehicle,0.4541,951.0,428.2,1022.7,471.8
902,1,car,0.1836,951.0,428.2,1022.7,471.8
902,4,other_vehicle,0.1343,569.1,560.6,611.7,593.5
902,0,person,0.1292,1192.9,525.4,1213.5,584.3
903,1,car,0.7037,559.8,497.0,648.0,544.9
903,0,person,0.6158,579.2,529.7,602.2,585.5
903,3,motorcycle,0.4585,569.1,560.6,611.8,593.5
903,2,large_vehicle,0.4074,950.8,428.2,1022.8,471.8
903,1,car,0.2183,950.8,428.2,1022.8,471.8
903,4,other_vehicle,0.1330,569.1,560.6,611.8,593.5
903,0,person,0.1160,1192.8,525.3,1213.4,584.3
904,1,car,0.7414,560.9,497.0,648.1,544.9
904,0,person,0.6190,579.1,529.8,602.1,585.6
904,3,motorcycle,0.4553,569.1,560.6,611.8,593.5
904,2,large_vehicle,0.4279,951.6,428.1,1022.9,471.7
904,1,car,0.1557,951.6,428.1,1022.9,471.7
904,4,other_vehicle,0.1292,569.1,560.6,611.8,593.5
904,0,person,0.1084,1192.7,524.7,1213.4,584.2
905,0,person,0.6059,575.9,536.7,598.8,588.7
905,3,motorcycle,0.5947,566.0,560.5,608.2,596.0
905,2,large_vehicle,0.5130,951.8,428.2,1023.0,471.7
905,1,car,0.3857,558.9,496.7,647.5,545.5
905,4,other_vehicle,0.1973,566.0,560.5,608.2,596.0
905,0,person,0.1354,1192.8,525.2,1213.4,584.8
905,1,car,0.1295,556.8,497.1,648.2,545.1
905,1,car,0.1046,951.8,428.2,1023.0,471.7
906,0,person,0.5927,575.6,535.8,598.8,588.8
906,3,motorcycle,0.5848,566.1,560.1,608.1,596.0
906,2,large_vehicle,0.5206,951.6,428.1,1023.1,471.7
906,1,car,0.4904,559.0,496.7,647.7,545.4
906,4,other_vehicle,0.2048,566.1,560.1,608.1,596.0
906,0,person,0.1657,1192.8,525.0,1213.4,584.9
906,1,car,0.1218,951.6,428.1,1023.1,471.7
907,1,car,0.7911,552.8,496.8,648.0,544.5
907,0,person,0.5446,573.7,530.9,595.0,588.4
907,4,other_vehicle,0.4471,562.4,562.7,604.4,597.5
907,2,large_vehicle,0.3924,952.1,428.2,1023.1,471.5
907,0,person,0.2351,1192.9,525.7,1213.4,584.8
907,3,motorcycle,0.1988,562.4,562.7,604.4,597.5
907,1,car,0.1304,952.1,428.2,1023.1,471.5
908,1,car,0.7966,552.9,496.8,648.1,544.6
908,0,person,0.5437,573.7,530.9,595.1,588.3
908,4,other_vehicle,0.4391,562.4,562.7,604.4,597.5
908,2,large_vehicle,0.3994,951.9,428.2,1023.1,471.6
908,0,person,0.2155,1192.9,525.6,1213.3,584.8
908,3,motorcycle,0.2026,562.4,562.7,604.4,597.5
908,1,car,0.1268,951.9,428.2,1023.1,471.6
909,1,car,0.8010,552.5,496.8,648.0,544.6
909,0,person,0.5340,573.7,530.8,595.0,588.2
909,4,other_vehicle,0.4237,562.3,562.8,604.3,597.5
909,2,large_vehicle,0.3993,951.5,428.2,1023.2,471.5
909,0,person,0.2603,1192.9,525.4,1213.5,584.9
909,3,motorcycle,0.2133,562.3,562.8,604.3,597.5
909,1,car,0.1498,951.5,428.2,1023.2,471.5
910,1,car,0.7138,554.5,496.9,648.5,544.8
910,4,other_vehicle,0.4529,559.1,562.7,601.4,597.3
910,3,motorcycle,0.4158,559.1,562.7,601.4,597.3
910,0,person,0.4072,567.8,532.6,591.1,586.7
910,2,large_vehicle,0.4036,951.1,428.2,1023.2,471.4
910,0,person,0.2307,570.5,529.2,593.9,586.7
910,1,car,0.1302,951.1,428.2,1023.2,471.4
910,0,person,0.1151,1192.7,523.7,1213.3,584.3
911,4,other_vehicle,0.4545,559.1,562.6,601.4,597.3
911,0,person,0.4245,567.9,532.9,591.1,586.9
911,3,motorcycle,0.4212,559.1,562.6,601.4,597.3
911,2,large_vehicle,0.4194,951.1,428.1,1023.1,471.4
911,1,car,0.4139,554.9,496.9,648.2,544.9
911,0,person,0.2376,570.4,529.1,594.0,586.8
911,0,person,0.1282,1192.7,524.1,1213.4,584.5
911,1,car,0.1248,951.1,428.1,1023.1,471.4
911,1,car,0.1195,557.8,496.6,647.6,545.0
912,1,car,0.8364,553.7,497.0,648.2,545.7
912,0,person,0.6155,565.0,542.9,588.1,590.6
912,3,motorcycle,0.5047,555.3,564.9,598.1,597.7
912,2,large_vehicle,0.3930,951.0,428.1,1023.4,471.4
912,4,other_vehicle,0.2953,555.3,564.9,598.1,597.7
912,1,car,0.2290,951.0,428.1,1023.4,471.4
912,0,person,0.1682,1192.7,525.0,1213.4,584.4
913,1,car,0.8225,553.9,497.0,648.1,545.7
913,0,person,0.6198,565.0,542.8,588.1,590.6
913,3,motorcycle,0.4714,555.3,565.0,598.1,597.7
913,2,large_vehicle,0.4170,951.7,428.0,1023.7,471.4
913,4,other_vehicle,0.3220,555.3,565.0,598.1,597.7
913,0,person,0.2325,1192.7,525.3,1213.2,584.7
913,1,car,0.1797,951.7,428.0,1023.7,471.4
914,1,car,0.8206,554.1,497.1,648.2,545.7
914,0,person,0.6206,565.0,542.9,588.1,590.6
914,3,motorcycle,0.4813,555.3,565.0,598.1,597.7
914,2,large_vehicle,0.4238,951.7,428.0,1023.7,471.4
914,4,other_vehicle,0.3140,555.3,565.0,598.1,597.7
914,0,person,0.2197,1192.8,525.4,1213.3,584.7
914,1,car,0.1850,951.7,428.0,1023.7,471.4
915,1,car,0.8583,553.5,496.8,648.4,546.0
915,4,other_vehicle,0.5637,551.7,564.6,592.7,599.2
915,0,person,0.4410,560.7,543.8,584.4,593.2
915,2,large_vehicle,0.4252,951.7,427.8,1023.8,471.4
915,3,motorcycle,0.3091,551.7,564.6,592.7,599.2
915,0,person,0.2689,562.2,543.2,582.9,588.3
915,0,person,0.1915,1192.4,525.2,1213.0,584.9
915,1,car,0.1739,951.7,427.8,1023.8,471.4
916,1,car,0.8420,552.8,496.7,648.4,546.0
916,4,other_vehicle,0.5638,551.7,564.6,592.6,599.2
916,0,person,0.4688,560.8,543.8,584.4,593.1
916,2,large_vehicle,0.3876,951.7,427.6,1023.8,471.5
916,3,motorcycle,0.3068,551.7,564.6,592.6,599.2
916,0,person,0.2440,1192.6,524.8,1213.1,584.8
916,0,person,0.1940,562.2,543.3,582.9,588.2
916,1,car,0.1591,951.7,427.6,1023.8,471.5
917,1,car,0.8190,549.3,495.8,648.6,546.3
917,0,person,0.6255,555.6,543.0,578.9,592.4
917,3,motorcycle,0.4369,547.3,565.0,587.9,600.4
917,4,other_vehicle,0.4177,547.3,565.0,587.9,600.4
917,2,large_vehicle,0.3136,951.5,427.3,1023.5,471.4
917,0,person,0.2578,1192.6,523.3,1213.8,585.1
917,1,car,0.1538,951.5,427.3,1023.5,471.4
918,1,car,0.8187,550.2,496.0,648.5,546.3
918,0,person,0.6301,555.6,543.0,579.0,592.2
918,4,other_vehicle,0.4530,547.6,565.0,588.2,600.4
918,3,motorcycle,0.4160,547.6,565.0,588.2,600.4
918,0,person,0.3362,1192.6,522.9,1213.9,585.1
918,2,large_vehicle,0.3206,951.5,427.0,1023.5,471.4
918,1,car,0.1550,951.5,427.0,1023.5,471.4
919,1,car,0.8378,552.4,496.7,648.9,546.8
919,0,person,0.6933,552.5,544.1,575.1,593.2
919,2,large_vehicle,0.4244,951.3,427.8,1023.4,471.3
919,4,other_vehicle,0.4206,544.4,566.1,585.0,601.3
919,3,motorcycle,0.3979,544.4,566.1,585.0,601.3
919,0,person,0.2389,1192.5,524.4,1213.7,584.9
919,1,car,0.1954,951.3,427.8,1023.4,471.3
920,1,car,0.8408,552.7,496.8,648.9,546.8
920,0,person,0.6926,552.5,544.2,575.1,593.2
920,2,large_vehicle,0.4320,951.3,427.7,1023.4,471.3
920,4,other_vehicle,0.4263,544.4,566.2,585.0,601.3
920,3,motorcycle,0.3909,544.4,566.2,585.0,601.3
920,0,person,0.2280,1192.5,524.6,1213.6,584.8
920,1,car,0.1807,951.3,427.7,1023.4,471.3
921,1,car,0.8536,554.1,496.8,648.5,547.2
921,0,person,0.6262,549.5,543.7,571.0,592.2
921,3,motorcycle,0.4401,540.4,566.7,584.2,601.9
921,2,large_vehicle,0.4137,950.8,427.6,1023.6,471.4
921,4,other_vehicle,0.4077,540.4,566.7,584.2,601.9
921,1,car,0.1774,950.8,427.6,1023.6,471.4
921,0,person,0.1099,1192.3,525.4,1213.2,584.9
922,1,car,0.8515,554.9,496.6,648.8,547.2
922,0,person,0.6150,549.5,543.8,571.1,592.3
922,2,large_vehicle,0.4470,951.3,427.7,1023.4,471.4
922,3,motorcycle,0.4451,540.4,566.9,584.2,601.9
922,4,other_vehicle,0.3994,540.4,566.9,584.2,601.9
922,1,car,0.1484,951.3,427.7,1023.4,471.4
922,0,person,0.1120,547.4,545.2,568.0,592.1
922,0,person,0.1015,1192.3,525.6,1213.1,585.0
923,1,car,0.8499,555.0,496.6,648.8,547.2
923,0,person,0.6132,549.6,543.8,571.1,592.3
923,2,large_vehicle,0.4520,951.4,427.7,1023.4,471.4
923,3,motorcycle,0.4396,540.4,566.9,584.2,601.9
923,4,other_vehicle,0.4038,540.4,566.9,584.2,601.9
923,1,car,0.1446,951.4,427.7,1023.4,471.4
923,0,person,0.1136,547.4,545.2,568.0,592.2
923,0,person,0.1002,1192.3,525.7,1213.2,584.9
924,1,car,0.8511,554.7,496.3,648.7,547.2
924,0,person,0.6137,546.8,545.3,567.4,590.3
924,2,large_vehicle,0.4307,951.3,427.7,1023.3,471.4
924,4,other_vehicle,0.4272,536.7,566.3,574.4,602.1
924,3,motorcycle,0.4119,536.7,566.3,574.4,602.1
924,1,car,0.1813,951.3,427.7,1023.3,471.4
924,0,person,0.1329,1192.3,527.3,1212.6,585.1
925,1,car,0.8202,554.3,496.1,648.8,547.1
925,0,person,0.6090,546.7,545.2,567.4,590.4
925,2,large_vehicle,0.4355,951.2,427.3,1023.4,471.4
925,4,other_vehicle,0.4319,536.5,566.2,574.2,602.2
925,3,motorcycle,0.4108,536.5,566.2,574.2,602.2
925,0,person,0.1777,1192.2,526.9,1212.6,585.1
925,1,car,0.1637,951.2,427.3,1023.4,471.4
926,1,car,0.7758,553.4,495.8,648.9,546.9
926,0,person,0.6698,542.7,546.4,563.4,592.3
926,4,other_vehicle,0.5159,531.6,565.5,572.7,602.7
926,2,large_vehicle,0.3764,951.5,427.1,1023.7,471.5
926,3,motorcycle,0.3413,531.6,565.5,572.7,602.7
926,1,car,0.1362,951.5,427.1,1023.7,471.5
927,1,car,0.7642,553.1,495.8,648.5,546.9
927,0,person,0.6674,542.7,546.4,563.4,592.3
927,4,other_vehicle,0.5050,531.8,565.5,572.6,602.7
927,2,large_vehicle,0.3608,951.5,427.1,1024.1,471.5
927,3,motorcycle,0.3489,531.8,565.5,572.6,602.7
927,1,car,0.1469,951.5,427.1,1024.1,471.5
928,1,car,0.7770,552.9,495.8,648.6,546.9
928,0,person,0.6663,542.7,546.4,563.4,592.1
928,4,other_vehicle,0.5055,531.9,565.5,572.2,602.7
928,2,large_vehicle,0.4202,951.3,427.2,1024.2,471.5
928,3,motorcycle,0.3473,531.9,565.5,572.2,602.7
928,1,car,0.1198,951.3,427.2,1024.2,471.5
929,1,car,0.8023,554.1,496.1,648.5,547.2
929,4,other_vehicle,0.5172,528.8,564.7,567.2,602.9
929,0,person,0.4816,535.6,547.1,558.3,594.3
929,2,large_vehicle,0.3697,950.7,427.1,1024.2,471.4
929,3,motorcycle,0.3588,528.8,564.7,567.2,602.9
929,0,person,0.3257,538.2,547.0,560.1,594.1
929,1,car,0.1450,950.7,427.1,1024.2,471.4
930,1,car,0.7980,553.5,495.8,648.5,547.1
930,4,other_vehicle,0.5214,528.8,564.6,567.2,603.0
930,0,person,0.4864,535.6,547.0,558.3,594.4
930,2,large_vehicle,0.3958,950.7,427.3,1024.5,471.4
930,3,motorcycle,0.3526,528.8,564.6,567.2,603.0
930,0,person,0.3187,538.1,546.9,560.2,594.1
930,1,car,0.1602,950.7,427.3,1024.5,471.4
931,1,car,0.8529,555.9,496.5,648.3,547.2
931,0,person,0.5942,535.1,546.8,556.5,593.4
931,4,other_vehicle,0.4301,526.1,566.2,563.3,603.7
931,3,motorcycle,0.4266,526.1,566.2,563.3,603.7
931,2,large_vehicle,0.3424,951.2,427.3,1024.6,471.3
931,1,car,0.2138,951.2,427.3,1024.6,471.3
931,0,person,0.1290,1191.2,534.0,1210.8,584.0
931,0,person,0.1110,536.5,546.8,554.2,583.2
932,1,car,0.8533,556.0,496.6,648.2,547.2
932,0,person,0.5942,535.1,546.8,556.5,593.4
932,4,other_vehicle,0.4304,526.1,566.2,563.3,603.7
932,3,motorcycle,0.4256,526.1,566.2,563.3,603.7
932,2,large_vehicle,0.3413,951.2,427.3,1024.5,471.3
932,1,car,0.2101,951.2,427.3,1024.5,471.3
932,0,person,0.1308,1191.2,534.1,1210.8,584.0
932,0,person,0.1110,536.5,546.8,554.2,583.2
933,1,car,0.8524,556.1,496.6,648.2,547.2
933,0,person,0.5920,535.2,546.8,556.6,593.3
933,3,motorcycle,0.4315,526.1,566.3,563.3,603.7
933,4,other_vehicle,0.4277,526.1,566.3,563.3,603.7
933,2,large_vehicle,0.3609,951.1,427.3,1024.7,471.3
933,1,car,0.2352,951.1,427.3,1024.7,471.3
933,0,person,0.1315,1191.1,534.1,1210.8,583.7
933,0,person,0.1098,536.6,546.7,554.2,583.1
934,1,car,0.8421,558.3,496.4,648.2,547.3
934,0,person,0.6390,531.3,548.2,552.4,596.5
934,4,other_vehicle,0.4742,521.6,570.5,562.8,604.5
934,1,car,0.3834,1182.9,495.7,1266.4,553.6
934,2,large_vehicle,0.3495,951.5,427.3,1024.6,471.4
934,1,car,0.2668,951.5,427.3,1024.6,471.4
934,3,motorcycle,0.2256,521.6,570.5,562.8,604.5
934,1,car,0.2086,1183.5,506.3,1251.6,553.6
934,0,person,0.1345,1191.7,536.6,1211.0,584.3
935,1,car,0.8409,558.6,496.5,648.2,547.2
935,0,person,0.6399,531.3,548.2,552.3,596.5
935,4,other_vehicle,0.4864,521.6,570.7,562.6,604.5
935,1,car,0.4120,1183.0,497.1,1267.2,553.5
935,2,large_vehicle,0.3619,951.5,427.2,1024.5,471.4
935,1,car,0.2517,951.5,427.2,1024.5,471.4
935,3,motorcycle,0.2348,521.6,570.7,562.6,604.5
935,1,car,0.2180,1183.8,504.1,1258.8,553.3
935,0,person,0.1470,1191.8,538.0,1210.5,584.2
936,1,car,0.7600,556.4,495.9,648.3,547.2
936,0,person,0.6167,526.3,548.1,550.2,599.1
936,4,other_vehicle,0.5377,518.3,569.9,560.6,605.7
936,2,large_vehicle,0.3381,951.1,426.6,1024.5,471.4
936,1,car,0.2213,951.1,426.6,1024.5,471.4
936,0,person,0.2102,524.0,548.3,546.9,598.9
936,3,motorcycle,0.1626,518.3,569.9,560.6,605.7
937,1,car,0.7720,555.2,495.6,648.5,547.2
937,0,person,0.6232,526.0,548.3,550.2,599.3
937,4,other_vehicle,0.5712,518.4,569.5,560.7,606.2
937,2,large_vehicle,0.3583,951.4,426.8,1024.4,471.4
937,0,person,0.2273,523.9,548.5,547.2,599.0
937,1,car,0.2103,951.4,426.8,1024.4,471.4
937,3,motorcycle,0.1633,518.4,569.5,560.7,606.2
938,1,car,0.7743,555.7,495.7,648.6,547.2
938,0,person,0.6224,526.1,548.3,550.1,599.2
938,4,other_vehicle,0.5633,518.4,569.5,560.7,606.0
938,2,large_vehicle,0.3575,951.3,426.8,1024.4,471.4
938,0,person,0.2261,523.9,548.5,547.1,598.9
938,1,car,0.2135,951.3,426.8,1024.4,471.4
938,3,motorcycle,0.1600,518.4,569.5,560.7,606.0
939,1,car,0.7530,554.1,495.2,648.4,547.1
939,0,person,0.6437,523.1,548.7,546.4,600.0
939,4,other_vehicle,0.4839,514.8,568.4,555.4,606.8
939,2,large_vehicle,0.4003,951.2,427.3,1024.1,471.3
939,1,car,0.3991,1174.5,495.6,1269.7,556.2
939,3,motorcycle,0.3214,514.8,568.4,555.4,606.8
939,1,car,0.1748,951.2,427.3,1024.1,471.3
940,1,car,0.7814,554.7,495.2,648.5,547.2
940,0,person,0.6457,523.1,548.7,546.5,600.0
940,4,other_vehicle,0.4782,514.8,568.5,555.3,606.8
940,1,car,0.4068,1174.5,495.7,1269.9,556.2
940,2,large_vehicle,0.3805,951.4,427.3,1024.2,471.3
940,3,motorcycle,0.3136,514.8,568.5,555.3,606.8
940,1,car,0.2019,951.4,427.3,1024.2,471.3
941,1,car,0.8421,555.7,495.9,648.3,547.2
941,0,person,0.6633,520.2,548.8,543.2,602.0
941,1,car,0.5576,1168.0,497.2,1264.5,559.2
941,4,other_vehicle,0.5345,510.9,572.4,551.2,607.2
941,1,car,0.3430,951.1,427.1,1024.5,471.3
941,2,large_vehicle,0.2776,951.1,427.1,1024.5,471.3
941,3,motorcycle,0.1581,510.9,572.4,551.2,607.2
942,1,car,0.8429,555.6,496.0,648.3,547.2
942,0,person,0.6575,520.3,548.8,543.1,602.0
942,1,car,0.5536,1168.0,497.1,1264.7,559.1
942,4,other_vehicle,0.5272,510.9,572.2,551.2,607.2
942,1,car,0.3484,951.1,427.1,1024.4,471.3
942,2,large_vehicle,0.2887,951.1,427.1,1024.4,471.3
942,3,motorcycle,0.1599,510.9,572.2,551.2,607.2
943,1,car,0.8363,554.7,495.3,648.5,547.5
943,0,person,0.6544,515.5,549.2,538.7,599.6
943,1,car,0.4724,1162.3,500.4,1247.4,560.1
943,3,motorcycle,0.4295,507.9,570.0,550.2,606.8
943,2,large_vehicle,0.3539,951.5,426.7,1024.3,471.4
943,4,other_vehicle,0.2665,507.9,570.0,550.2,606.8
943,1,car,0.2549,951.5,426.7,1024.3,471.4
943,0,person,0.2018,1192.5,541.5,1210.7,584.5
943,0,person,0.1219,513.4,549.5,535.2,598.7
944,1,car,0.8408,554.2,495.2,648.6,547.4
944,0,person,0.6522,515.6,549.3,538.8,599.8
944,1,car,0.4871,1162.3,500.6,1247.6,560.0
944,3,motorcycle,0.4385,507.9,569.9,550.5,606.8
944,2,large_vehicle,0.3490,951.5,426.7,1024.3,471.4
944,4,other_vehicle,0.2742,507.9,569.9,550.5,606.8
944,1,car,0.2627,951.5,426.7,1024.3,471.4
944,0,person,0.2235,1192.7,541.8,1210.8,584.3
944,0,person,0.1237,513.4,549.5,535.3,598.8
945,1,car,0.8016,555.6,496.0,648.4,547.2
945,0,person,0.7083,511.4,549.9,533.5,597.0
945,3,motorcycle,0.5411,504.5,569.7,542.1,606.7
945,2,large_vehicle,0.3880,951.7,426.4,1024.3,471.3
945,1,car,0.2491,951.7,426.4,1024.3,471.3
945,1,car,0.2279,1157.7,501.0,1248.9,562.9
945,4,other_vehicle,0.1916,504.5,569.7,542.1,606.7
945,0,person,0.1500,1193.8,545.4,1211.0,583.8
945,1,car,0.1420,1157.7,503.3,1246.2,563.3
946,1,car,0.8091,554.8,495.6,648.6,547.2
946,0,person,0.7103,511.3,549.8,533.5,596.9
946,1,car,0.6006,1157.7,503.4,1245.1,563.3
946,3,motorcycle,0.5469,504.4,569.7,542.2,606.8
946,2,large_vehicle,0.3952,951.7,426.8,1024.3,471.4
946,1,car,0.2300,951.7,426.8,1024.3,471.4
946,4,other_vehicle,0.1915,504.4,569.7,542.2,606.8
946,0,person,0.1388,1193.6,545.4,1210.6,583.8
947,1,car,0.8110,554.7,495.7,648.5,547.2
947,0,person,0.7118,511.3,549.8,533.5,596.9
947,1,car,0.6052,1157.7,503.4,1245.2,563.3
947,3,motorcycle,0.5507,504.4,569.7,542.1,606.8
947,2,large_vehicle,0.3880,951.7,426.8,1024.3,471.4
947,1,car,0.2403,951.7,426.8,1024.3,471.4
947,4,other_vehicle,0.1887,504.4,569.7,542.1,606.8
947,0,person,0.1571,1193.7,545.5,1210.6,584.1
948,1,car,0.7678,558.0,495.8,648.8,547.1
948,0,person,0.7291,508.7,550.3,531.0,599.5
948,1,car,0.6940,1151.2,506.3,1240.9,564.9
948,2,large_vehicle,0.3525,951.4,427.3,1024.0,471.3
948,3,motorcycle,0.3225,498.1,571.9,539.4,607.1
948,4,other_vehicle,0.3108,498.1,571.9,539.4,607.1
948,1,car,0.2549,951.4,427.3,1024.0,471.3
949,1,car,0.7703,558.4,495.8,648.7,547.1
949,0,person,0.7293,508.7,550.4,531.0,599.5
949,1,car,0.6813,1151.2,506.4,1240.7,564.9
949,3,motorcycle,0.3297,498.2,571.9,539.4,607.1
949,2,large_vehicle,0.3279,951.6,427.4,1023.9,471.3
949,4,other_vehicle,0.3010,498.2,571.9,539.4,607.1
949,1,car,0.2758,951.6,427.4,1023.9,471.3
950,1,car,0.8288,557.6,496.3,648.4,547.2
950,1,car,0.5497,1144.7,510.1,1222.1,568.4
950,0,person,0.5483,505.6,550.9,527.2,599.4
950,3,motorcycle,0.4090,496.2,572.5,538.1,607.1
950,1,car,0.3473,951.5,427.5,1023.9,471.4
950,2,large_vehicle,0.2810,951.5,427.5,1023.9,471.4
950,4,other_vehicle,0.1287,496.2,572.5,538.1,607.1
950,1,car,0.1201,1144.6,509.6,1227.9,568.3
950,0,person,0.1071,503.1,551.1,523.0,597.7
951,1,car,0.8486,556.4,496.3,648.4,547.2
951,1,car,0.7013,1144.6,510.3,1221.3,568.4
951,0,person,0.5502,505.6,550.9,527.2,599.4
951,3,motorcycle,0.4020,495.9,572.5,538.1,607.2
951,1,car,0.3757,951.6,427.6,1024.0,471.4
951,2,large_vehicle,0.2650,951.6,427.6,1024.0,471.4
951,4,other_vehicle,0.1384,495.9,572.5,538.1,607.2
951,0,person,0.1073,503.1,551.1,522.9,597.7
952,1,car,0.8374,557.0,495.9,648.3,547.2
952,1,car,0.6905,1144.7,510.2,1221.4,568.4
952,0,person,0.5639,505.6,551.0,527.4,599.5
952,3,motorcycle,0.4457,496.1,572.2,538.1,607.1
952,1,car,0.3373,951.5,427.3,1023.9,471.4
952,2,large_vehicle,0.3157,951.5,427.3,1023.9,471.4
952,4,other_vehicle,0.1336,496.1,572.2,538.1,607.1
952,0,person,0.1058,503.1,551.2,523.1,598.1
953,1,car,0.8445,555.7,495.4,648.6,547.3
953,0,person,0.5843,502.0,552.0,523.2,598.6
953,3,motorcycle,0.5514,496.8,571.2,533.4,607.3
953,1,car,0.5036,1139.5,511.4,1214.4,570.1
953,2,large_vehicle,0.3473,951.8,427.0,1024.1,471.4
953,1,car,0.3381,951.8,427.0,1024.1,471.4
953,0,person,0.1948,1192.8,540.2,1211.5,584.3
953,2,large_vehicle,0.1685,1139.5,511.4,1214.4,570.1
954,1,car,0.8508,555.1,495.3,648.6,547.3
954,0,person,0.5896,501.9,551.9,523.3,598.7
954,3,motorcycle,0.5531,496.7,571.1,533.5,607.3
954,1,car,0.5042,1139.6,511.3,1214.6,570.1
954,1,car,0.3583,951.7,426.8,1024.1,471.3
954,2,large_vehicle,0.3298,951.7,426.8,1024.1,471.3
954,0,person,0.1757,1192.7,540.0,1211.5,584.2
954,2,large_vehicle,0.1751,1139.6,511.3,1214.6,570.1
955,1,car,0.7219,559.4,495.8,648.1,547.1
955,0,person,0.6236,498.7,552.0,521.0,602.3
955,1,car,0.5991,1130.5,512.5,1212.1,572.2
955,3,motorcycle,0.3904,493.9,571.0,528.3,607.9
955,2,large_vehicle,0.3878,951.9,426.6,1023.8,471.4
955,1,car,0.2759,951.9,426.6,1023.8,471.4
955,4,other_vehicle,0.1210,493.9,571.0,528.3,607.9
956,1,car,0.6617,559.8,496.0,648.1,547.2
956,0,person,0.6222,498.7,552.0,521.0,602.3
956,1,car,0.5988,1130.5,512.5,1212.2,572.2
956,3,motorcycle,0.3915,493.9,571.0,528.3,607.9
956,2,large_vehicle,0.3877,951.9,426.6,1023.9,471.4
956,1,car,0.2806,951.9,426.6,1023.9,471.4
956,4,other_vehicle,0.1203,493.9,571.0,528.3,607.9
957,1,car,0.7342,559.8,495.9,648.3,547.2
957,0,person,0.6109,498.7,552.1,521.0,602.2
957,1,car,0.5925,1130.5,512.5,1212.3,572.2
957,3,motorcycle,0.4002,493.8,571.0,528.5,607.8
957,2,large_vehicle,0.3897,951.7,426.5,1023.9,471.4
957,1,car,0.2780,951.7,426.5,1023.9,471.4
957,4,other_vehicle,0.1169,493.8,571.0,528.5,607.8
958,1,car,0.7668,557.4,495.2,648.8,547.2
958,0,person,0.5914,496.1,552.1,521.8,607.5
958,4,other_vehicle,0.4899,1125.8,516.5,1196.9,575.4
958,2,large_vehicle,0.2963,951.6,426.9,1024.1,471.4
958,1,car,0.2756,951.6,426.9,1024.1,471.4
958,1,car,0.1631,1126.7,516.4,1197.0,575.3
958,4,other_vehicle,0.1509,488.5,570.0,528.5,608.7
958,3,motorcycle,0.1498,488.5,570.0,528.5,608.7
958,4,other_vehicle,0.1291,1126.7,516.4,1197.0,575.3
958,0,person,0.1133,492.2,553.1,515.0,604.4
958,0,person,0.1067,499.1,551.7,526.3,608.6
958,1,car,0.1057,1125.8,516.5,1196.9,575.4
958,2,large_vehicle,0.1021,1125.8,516.5,1196.9,575.4
959,1,car,0.7742,557.3,495.4,648.6,547.2
959,0,person,0.6110,496.2,552.0,521.7,607.3
959,4,other_vehicle,0.4622,1125.8,516.7,1196.5,575.4
959,2,large_vehicle,0.2981,951.6,426.9,1024.1,471.4
959,1,car,0.2774,951.6,426.9,1024.1,471.4
959,1,car,0.2051,1126.7,516.6,1196.5,575.3
959,4,other_vehicle,0.1623,488.3,570.3,528.5,608.8
959,4,other_vehicle,0.1588,1126.7,516.6,1196.5,575.3
959,3,motorcycle,0.1541,488.3,570.3,528.5,608.8
959,2,large_vehicle,0.1037,1125.8,516.7,1196.5,575.4
959,0,person,0.1028,492.1,552.9,515.1,604.6
960,1,car,0.8228,557.0,495.7,649.1,547.1
960,0,person,0.5885,492.6,552.4,515.1,604.4
960,1,car,0.3918,951.5,427.4,1024.3,471.3
960,1,car,0.3871,1119.3,518.3,1190.5,577.0
960,3,motorcycle,0.3569,479.9,572.1,527.1,608.7
960,4,other_vehicle,0.3004,479.9,572.1,527.1,608.7
960,4,other_vehicle,0.2899,1119.3,518.3,1190.5,577.0
960,2,large_vehicle,0.2247,951.5,427.4,1024.3,471.3
960,0,person,0.1349,489.9,553.1,513.5,604.5
961,1,car,0.8087,556.9,495.5,648.8,547.1
961,0,person,0.4339,492.7,552.4,515.0,604.3
961,1,car,0.3803,1119.3,518.3,1190.5,577.0
961,1,car,0.3658,951.8,427.1,1024.2,471.3
961,3,motorcycle,0.3523,479.9,572.2,526.8,608.8
961,4,other_vehicle,0.3027,479.9,572.2,526.8,608.8
961,4,other_vehicle,0.2813,1119.3,518.3,1190.5,577.0
961,2,large_vehicle,0.2665,951.8,427.1,1024.2,471.3
961,0,person,0.1946,489.8,553.1,513.6,604.7
962,1,car,0.8050,556.8,495.4,649.0,547.1
962,0,person,0.4080,492.7,552.4,515.0,604.3
962,1,car,0.3798,951.8,427.4,1024.1,471.3
962,1,car,0.3713,1119.3,518.1,1190.5,577.0
962,3,motorcycle,0.3506,480.0,572.2,526.8,608.8
962,4,other_vehicle,0.3039,480.0,572.2,526.8,608.8
962,4,other_vehicle,0.2812,1119.3,518.1,1190.5,577.0
962,2,large_vehicle,0.2404,951.8,427.4,1024.1,471.3
962,0,person,0.1966,489.8,553.0,513.7,604.7
963,1,car,0.8319,554.0,495.0,648.4,547.2
963,0,person,0.6412,488.1,553.0,511.9,604.8
963,3,motorcycle,0.4184,481.1,572.0,521.3,608.6
963,1,car,0.3762,1112.3,519.7,1186.5,580.0
963,1,car,0.3411,951.8,427.0,1024.2,471.4
963,2,large_vehicle,0.3303,951.8,427.0,1024.2,471.4
963,4,other_vehicle,0.2338,481.1,572.0,521.3,608.6
963,2,large_vehicle,0.1808,1112.3,519.7,1186.5,580.0
963,4,other_vehicle,0.1061,1112.3,519.7,1186.5,580.0
964,1,car,0.8188,554.2,494.9,648.4,547.2
964,0,person,0.6400,488.1,553.0,511.9,604.8
964,3,motorcycle,0.4209,481.1,571.9,521.5,608.7
964,2,large_vehicle,0.3532,951.7,426.9,1024.0,471.4
964,1,car,0.3354,1112.3,519.6,1187.1,580.0
964,1,car,0.3049,951.7,426.9,1024.0,471.4
964,4,other_vehicle,0.2394,481.1,571.9,521.5,608.7
964,2,large_vehicle,0.2122,1112.3,519.6,1187.1,580.0
964,4,other_vehicle,0.1039,1112.3,519.6,1187.1,580.0
965,1,car,0.7331,557.2,495.1,648.4,547.1
965,0,person,0.6361,486.0,552.3,509.2,605.2
965,1,car,0.5779,1104.3,522.5,1180.9,581.1
965,2,large_vehicle,0.3664,951.7,426.6,1024.0,471.4
965,3,motorcycle,0.3121,479.8,572.0,516.3,608.7
965,1,car,0.2976,951.7,426.6,1024.0,471.4
965,4,other_vehicle,0.2096,1104.3,522.5,1180.9,581.1
965,4,other_vehicle,0.1215,479.8,572.0,516.3,608.7
966,1,car,0.7129,558.7,495.4,648.1,547.1
966,0,person,0.6284,486.2,552.4,509.3,605.3
966,1,car,0.5637,1104.2,522.5,1180.9,581.1
966,2,large_vehicle,0.3754,951.4,426.4,1023.9,471.3
966,1,car,0.3131,951.4,426.4,1023.9,471.3
966,3,motorcycle,0.2937,479.9,572.1,516.3,608.7
966,4,other_vehicle,0.2089,1104.2,522.5,1180.9,581.1
966,4,other_vehicle,0.1221,479.9,572.1,516.3,608.7
966,2,large_vehicle,0.1031,558.7,495.4,648.1,547.1
967,1,car,0.7323,554.9,494.7,648.7,547.1
967,0,person,0.6253,483.7,553.4,505.7,605.9
967,1,car,0.4043,1098.8,523.0,1173.6,584.4
967,2,large_vehicle,0.3522,951.4,426.7,1024.1,471.4
967,1,car,0.2935,951.4,426.7,1024.1,471.4
967,2,large_vehicle,0.2489,1098.8,523.0,1173.6,584.4
967,4,other_vehicle,0.1266,475.3,571.3,513.6,609.9
967,4,other_vehicle,0.1085,1098.8,523.0,1173.6,584.4
968,1,car,0.7346,554.7,494.7,648.7,547.1
968,0,person,0.6286,483.7,553.3,505.7,605.8
968,1,car,0.4672,1099.0,522.7,1173.6,584.4
968,2,large_vehicle,0.3578,951.5,426.6,1024.1,471.4
968,1,car,0.2880,951.5,426.6,1024.1,471.4
968,2,large_vehicle,0.2255,1099.0,522.7,1173.6,584.4
969,1,car,0.8424,555.8,495.3,648.3,547.0
969,0,person,0.6159,477.9,553.8,502.3,605.9
969,4,other_vehicle,0.3513,1091.1,525.8,1169.1,587.7
969,1,car,0.3420,951.5,426.8,1024.2,471.4
969,2,large_vehicle,0.3071,951.5,426.8,1024.2,471.4
969,1,car,0.2348,1091.1,525.8,1169.1,587.7
969,2,large_vehicle,0.1701,1091.1,525.8,1169.1,587.7
970,1,car,0.8342,555.8,495.1,648.6,547.0
970,0,person,0.6064,478.0,553.8,502.3,606.0
970,1,car,0.3421,951.8,426.9,1024.1,471.4
970,4,other_vehicle,0.3415,1091.0,525.8,1169.3,587.6
970,2,large_vehicle,0.3047,951.8,426.9,1024.1,471.4
970,1,car,0.2493,1091.0,525.8,1169.3,587.6
970,2,large_vehicle,0.1605,1091.0,525.8,1169.3,587.6
970,4,other_vehicle,0.1018,475.0,568.3,500.9,609.3
971,1,car,0.8352,555.9,495.1,648.6,547.0
971,0,person,0.6072,478.0,553.8,502.3,606.0
971,4,other_vehicle,0.3505,1091.0,525.7,1169.3,587.6
971,1,car,0.3301,951.7,426.8,1024.0,471.4
971,2,large_vehicle,0.3151,951.7,426.8,1024.0,471.4
971,1,car,0.2438,1091.0,525.7,1169.3,587.6
971,2,large_vehicle,0.1589,1091.0,525.7,1169.3,587.6
972,1,car,0.7981,555.3,494.3,648.5,547.2
972,0,person,0.6010,478.8,554.6,499.9,604.6
972,2,large_vehicle,0.3856,951.8,427.1,1023.9,471.3
972,4,other_vehicle,0.3049,1083.3,526.9,1163.5,588.9
972,1,car,0.2946,951.8,427.1,1023.9,471.3
972,1,car,0.2516,1083.3,526.9,1163.5,588.9
972,2,large_vehicle,0.1829,1083.3,526.9,1163.5,588.9
973,1,car,0.7838,556.7,494.4,648.5,547.2
973,0,person,0.5995,478.8,554.6,499.9,604.7
973,2,large_vehicle,0.3571,951.6,427.0,1023.8,471.4
973,1,car,0.3191,951.6,427.0,1023.8,471.4
973,1,car,0.2833,1083.3,526.8,1164.1,588.9
973,4,other_vehicle,0.2729,1083.3,526.8,1164.1,588.9
973,2,large_vehicle,0.1844,1083.3,526.8,1164.1,588.9
974,0,person,0.5711,477.0,553.5,498.7,606.7
974,1,car,0.4686,562.2,495.1,648.3,547.2
974,1,car,0.3861,1075.3,529.5,1157.9,592.8
974,2,large_vehicle,0.3557,951.6,426.8,1023.6,471.3
974,1,car,0.2715,951.6,426.8,1023.6,471.3
974,4,other_vehicle,0.2001,1075.3,529.5,1157.9,592.8
974,2,large_vehicle,0.1541,1075.3,529.5,1157.9,592.8
975,1,car,0.6492,560.7,495.0,648.4,547.1
975,0,person,0.5680,477.0,553.5,498.8,606.8
975,1,car,0.3701,1075.4,529.5,1157.9,592.8
975,2,large_vehicle,0.3633,951.6,426.7,1023.6,471.3
975,1,car,0.2740,951.6,426.7,1023.6,471.3
975,4,other_vehicle,0.2032,1075.4,529.5,1157.9,592.8
975,2,large_vehicle,0.1665,1075.4,529.5,1157.9,592.8
975,2,large_vehicle,0.1028,560.7,495.0,648.4,547.1
976,1,car,0.6744,560.2,495.0,648.6,547.0
976,0,person,0.5696,476.9,553.5,499.1,607.0
976,2,large_vehicle,0.4037,951.8,426.6,1023.6,471.3
976,1,car,0.3949,1075.3,529.5,1157.9,592.8
976,1,car,0.2538,951.8,426.6,1023.6,471.3
976,4,other_vehicle,0.1929,1075.3,529.5,1157.9,592.8
976,2,large_vehicle,0.1550,1075.3,529.5,1157.9,592.8
976,2,large_vehicle,0.1060,560.2,495.0,648.6,547.0
977,1,car,0.6662,1067.5,530.2,1150.9,595.8
977,0,person,0.6098,472.1,554.0,493.7,607.7
977,1,car,0.5134,562.6,495.1,649.2,547.0
977,2,large_vehicle,0.4003,951.5,427.1,1023.1,471.2
977,1,car,0.2356,951.5,427.1,1023.1,471.2
977,1,car,0.1189,563.6,494.6,649.0,546.8
977,0,person,0.1011,468.9,554.0,490.6,606.4
978,1,car,0.6786,1067.5,530.2,1151.0,595.8
978,0,person,0.6103,472.1,554.0,493.9,607.8
978,1,car,0.5366,561.8,495.1,649.2,547.0
978,2,large_vehicle,0.4135,951.5,426.8,1023.3,471.1
978,1,car,0.2362,951.5,426.8,1023.3,471.1
978,1,car,0.1099,563.4,494.6,648.9,546.8
979,1,car,0.7961,556.6,495.1,648.4,547.2
979,0,person,0.5841,471.2,554.6,491.7,607.1
979,1,car,0.5443,1058.3,531.7,1144.2,597.9
979,2,large_vehicle,0.3563,951.5,426.9,1023.2,471.3
979,1,car,0.2748,951.5,426.9,1023.2,471.3
979,4,other_vehicle,0.1308,1058.3,531.7,1144.2,597.9
980,1,car,0.7955,556.8,495.1,648.4,547.2
980,0,person,0.5841,471.2,554.6,491.7,607.1
980,1,car,0.5537,1058.3,531.7,1144.0,597.9
980,2,large_vehicle,0.3538,951.5,427.1,1023.3,471.3
980,1,car,0.2878,951.5,427.1,1023.3,471.3
980,4,other_vehicle,0.1233,1058.3,531.7,1144.0,597.9
981,1,car,0.8041,557.8,495.2,648.4,547.2
981,0,person,0.5889,471.1,554.6,491.8,607.2
981,1,car,0.5611,1058.3,531.7,1144.2,597.9
981,2,large_vehicle,0.3499,951.4,427.1,1023.2,471.3
981,1,car,0.2858,951.4,427.1,1023.2,471.3
981,4,other_vehicle,0.1180,1058.3,531.7,1144.2,597.9
982,1,car,0.7430,558.4,493.8,648.4,547.2
982,1,car,0.5882,1051.1,534.0,1138.8,601.5
982,2,large_vehicle,0.4760,951.7,426.4,1023.3,471.3
982,0,person,0.4549,469.4,554.7,491.0,607.9
982,0,person,0.3857,467.8,555.3,489.0,607.8
982,1,car,0.1807,951.7,426.4,1023.3,471.3
982,2,large_vehicle,0.1409,1051.1,534.0,1138.8,601.5
982,2,large_vehicle,0.1111,558.4,493.8,648.4,547.2
983,1,car,0.7451,558.2,493.8,648.3,547.2
983,1,car,0.6154,1051.1,534.1,1138.5,601.5
983,2,large_vehicle,0.4623,951.7,426.6,1023.3,471.3
983,0,person,0.4468,469.4,554.7,491.0,607.9
983,0,person,0.3988,467.8,555.2,489.0,607.8
983,1,car,0.1880,951.7,426.6,1023.3,471.3
983,2,large_vehicle,0.1267,1051.1,534.1,1138.5,601.5
983,2,large_vehicle,0.1089,558.2,493.8,648.3,547.2
984,0,person,0.5921,466.6,554.6,487.2,608.7
984,1,car,0.5349,561.2,495.0,648.2,547.0
984,1,car,0.4890,1042.6,536.2,1132.9,604.8
984,2,large_vehicle,0.4700,951.3,426.2,1023.3,471.3
984,2,large_vehicle,0.2568,1042.6,536.2,1132.9,604.8
984,1,car,0.1859,951.3,426.2,1023.3,471.3
984,2,large_vehicle,0.1423,561.2,495.0,648.2,547.0
985,1,car,0.6231,559.9,494.9,648.3,547.0
985,0,person,0.6145,466.3,554.8,487.0,608.8
985,1,car,0.4893,1042.6,536.1,1132.8,604.8
985,2,large_vehicle,0.4703,951.3,426.2,1023.3,471.3
985,2,large_vehicle,0.2530,1042.6,536.1,1132.8,604.8
985,1,car,0.1747,951.3,426.2,1023.3,471.3
985,2,large_vehicle,0.1723,559.9,494.9,648.3,547.0
986,1,car,0.6355,559.2,494.9,648.4,547.0
986,0,person,0.6218,466.3,554.8,487.1,608.8
986,1,car,0.4753,1042.6,536.1,1132.9,604.7
986,2,large_vehicle,0.4688,951.3,426.2,1023.3,471.3
986,2,large_vehicle,0.2609,1042.6,536.1,1132.9,604.7
986,1,car,0.1746,951.3,426.2,1023.3,471.3
986,2,large_vehicle,0.1676,559.2,494.9,648.4,547.0
986,0,person,0.1030,1192.7,524.8,1213.5,583.1
987,1,car,0.6535,561.4,494.8,648.9,546.9
987,0,person,0.6192,461.8,555.1,483.0,607.3
987,1,car,0.4548,1035.0,538.9,1126.6,607.0
987,2,large_vehicle,0.4341,951.5,426.3,1023.6,471.3
987,1,car,0.1945,951.5,426.3,1023.6,471.3
987,2,large_vehicle,0.1536,1035.0,538.9,1126.6,607.0
987,4,other_vehicle,0.1353,457.0,573.5,490.7,610.9
987,2,large_vehicle,0.1294,561.4,494.8,648.9,546.9
988,1,car,0.6636,560.9,494.8,648.8,546.8
988,0,person,0.6272,461.8,555.1,483.0,607.3
988,1,car,0.4412,1035.0,538.9,1126.6,607.0
988,2,large_vehicle,0.4136,951.5,426.2,1023.9,471.3
988,1,car,0.1905,951.5,426.2,1023.9,471.3
988,2,large_vehicle,0.1556,1035.0,538.9,1126.6,607.0
988,0,person,0.1268,1192.6,525.1,1213.2,583.0
988,4,other_vehicle,0.1258,456.9,573.5,490.0,610.9
988,2,large_vehicle,0.1156,560.9,494.8,648.8,546.8
989,1,car,0.7547,556.2,494.7,648.1,546.8
989,0,person,0.6062,460.4,555.4,480.7,605.1
989,2,large_vehicle,0.3425,951.8,426.7,1023.8,471.3
989,4,other_vehicle,0.3236,1025.3,540.8,1117.5,610.4
989,4,other_vehicle,0.2848,454.3,577.6,498.2,611.6
989,1,car,0.2231,951.8,426.7,1023.8,471.3
989,0,person,0.1905,457.7,556.0,479.2,604.0
989,1,car,0.1846,1025.3,540.8,1117.5,610.4
989,3,motorcycle,0.1699,454.3,577.6,498.2,611.6
989,2,large_vehicle,0.1236,1025.3,540.8,1117.5,610.4
990,1,car,0.7788,556.6,495.0,648.0,546.8
990,0,person,0.6091,460.3,555.3,480.8,605.2
990,2,large_vehicle,0.3667,951.7,426.4,1024.2,471.3
990,4,other_vehicle,0.3358,1025.3,540.8,1117.5,610.4
990,4,other_vehicle,0.2770,454.4,577.6,498.2,611.7
990,1,car,0.2161,951.7,426.4,1024.2,471.3
990,1,car,0.1840,1025.3,540.8,1117.5,610.4
990,3,motorcycle,0.1757,454.4,577.6,498.2,611.7
990,0,person,0.1721,457.6,556.0,479.2,604.1
990,2,large_vehicle,0.1198,1025.3,540.8,1117.5,610.4
991,1,car,0.7374,558.5,494.1,648.4,547.1
991,1,car,0.7207,1017.6,542.8,1109.0,613.6
991,0,person,0.5442,456.2,555.7,478.3,607.9
991,2,large_vehicle,0.4124,951.6,426.4,1024.2,471.3
991,1,car,0.1930,951.6,426.4,1024.2,471.3
991,4,other_vehicle,0.1438,450.1,574.2,483.5,610.1
991,0,person,0.1384,459.1,555.3,480.3,608.5
991,0,person,0.1153,1192.8,538.2,1212.2,583.5
991,2,large_vehicle,0.1124,558.5,494.1,648.4,547.1
992,1,car,0.7373,558.6,494.2,648.3,547.1
992,1,car,0.7290,1017.6,542.9,1109.1,613.6
992,0,person,0.5469,456.2,555.7,478.3,607.9
992,2,large_vehicle,0.3974,951.6,426.4,1024.2,471.3
992,1,car,0.1885,951.6,426.4,1024.2,471.3
992,4,other_vehicle,0.1413,450.2,574.2,483.4,610.1
992,0,person,0.1321,459.1,555.3,480.2,608.5
992,0,person,0.1223,1192.8,538.5,1212.2,583.5
992,2,large_vehicle,0.1106,558.6,494.2,648.3,547.1
993,1,car,0.6433,1008.7,546.1,1104.5,615.5
993,1,car,0.6030,560.5,494.8,648.5,546.6
993,0,person,0.5691,455.3,556.0,477.0,607.7
993,2,large_vehicle,0.4567,950.9,425.9,1024.0,471.2
993,4,other_vehicle,0.2218,448.2,574.4,484.0,610.8
993,1,car,0.1885,950.9,425.9,1024.0,471.2
993,2,large_vehicle,0.1876,1008.7,546.1,1104.5,615.5
993,2,large_vehicle,0.1713,560.5,494.8,648.5,546.6
993,0,person,0.1524,1192.6,524.9,1213.5,582.7
994,1,car,0.6407,1008.8,546.2,1104.5,615.6
994,1,car,0.6386,559.7,494.7,648.5,546.6
994,0,person,0.5704,455.3,556.0,477.1,607.8
994,2,large_vehicle,0.5034,951.0,425.9,1023.8,471.2
994,0,person,0.1958,1192.6,524.6,1213.5,583.3
994,4,other_vehicle,0.1916,449.2,574.1,483.2,610.7
994,2,large_vehicle,0.1895,1008.8,546.2,1104.5,615.6
994,1,car,0.1709,951.0,425.9,1023.8,471.2
994,2,large_vehicle,0.1594,559.7,494.7,648.5,546.6
995,1,car,0.6406,1008.8,546.2,1104.4,615.5
995,1,car,0.6274,559.8,494.7,648.5,546.6
995,0,person,0.5709,455.3,556.0,477.1,607.7
995,2,large_vehicle,0.5065,951.1,426.0,1023.7,471.3
995,4,other_vehicle,0.1889,449.2,574.0,483.2,610.7
995,2,large_vehicle,0.1877,1008.8,546.2,1104.4,615.5
995,0,person,0.1861,1192.7,524.6,1213.5,583.3
995,1,car,0.1704,951.1,426.0,1023.7,471.3
995,2,large_vehicle,0.1657,559.8,494.7,648.5,546.6
996,1,car,0.7513,999.1,547.4,1095.4,619.5
996,1,car,0.6122,560.5,494.5,648.7,546.6
996,0,person,0.4841,452.6,556.1,474.7,609.0
996,2,large_vehicle,0.4692,951.4,426.3,1023.4,471.2
996,4,other_vehicle,0.2075,446.2,575.6,482.1,610.4
996,1,car,0.1844,951.4,426.3,1023.4,471.2
996,2,large_vehicle,0.1610,560.5,494.5,648.7,546.6
996,0,person,0.1601,448.6,556.6,468.8,606.6
996,3,motorcycle,0.1552,446.2,575.6,482.1,610.4
996,0,person,0.1246,1192.7,524.8,1213.0,583.0
996,0,person,0.1027,457.6,556.6,479.9,610.8
997,1,car,0.7471,999.1,547.4,1095.5,619.4
997,0,person,0.4839,452.9,556.3,475.0,609.1
997,2,large_vehicle,0.4555,951.5,426.6,1023.3,471.2
997,1,car,0.4178,562.6,494.6,648.7,546.7
997,1,car,0.1962,951.5,426.6,1023.3,471.2
997,0,person,0.1536,448.9,556.9,468.6,606.4
997,0,person,0.1480,1192.9,525.0,1213.2,582.9
997,3,motorcycle,0.1389,447.6,574.7,481.3,610.5
997,4,other_vehicle,0.1383,447.6,574.7,481.3,610.5
997,1,car,0.1211,564.3,494.0,649.0,546.4
997,0,person,0.1052,457.8,556.9,479.8,610.9
998,1,car,0.7921,557.4,494.9,648.3,546.8
998,1,car,0.7167,989.7,549.7,1090.2,622.5
998,0,person,0.5051,450.1,555.5,472.7,608.2
998,2,large_vehicle,0.4337,951.1,426.5,1023.8,471.2
998,0,person,0.2978,447.0,556.3,469.2,607.2
998,1,car,0.2281,951.1,426.5,1023.8,471.2
998,0,person,0.2152,1192.7,524.2,1213.4,583.3
998,4,other_vehicle,0.1401,445.7,572.3,478.8,610.5
998,2,large_vehicle,0.1141,989.7,549.7,1090.2,622.5
999,1,car,0.7976,557.0,494.8,648.2,546.8
999,1,car,0.7026,989.7,549.7,1090.2,622.5
999,0,person,0.5125,450.1,555.4,472.9,608.3
999,2,large_vehicle,0.3658,951.0,426.6,1023.7,471.2
999,0,person,0.2775,447.0,556.2,469.2,607.3
999,1,car,0.2450,951.0,426.6,1023.7,471.2
999,0,person,0.2137,1192.7,524.3,1213.3,583.4
999,4,other_vehicle,0.1481,445.7,572.3,478.9,610.5
999,2,large_vehicle,0.1246,989.7,549.7,1090.2,622.5
1000,1,car,0.7708,558.0,494.9,647.7,546.6
1000,1,car,0.6850,989.5,549.4,1090.4,622.5
1000,0,person,0.5304,450.6,555.1,472.8,607.9
1000,2,large_vehicle,0.3007,951.6,427.1,1024.3,471.2
1000,1,car,0.2535,951.6,427.1,1024.3,471.2
1000,0,person,0.2042,447.4,556.0,468.9,606.7
1000,2,large_vehicle,0.1251,989.5,549.4,1090.4,622.5
1001,1,car,0.7541,556.3,493.8,648.0,546.6
1001,1,car,0.5791,979.8,552.0,1081.4,625.5
1001,0,person,0.5382,450.3,555.2,470.6,607.0
1001,2,large_vehicle,0.3791,951.8,427.0,1024.5,471.2
1001,2,large_vehicle,0.2383,979.8,552.0,1081.4,625.5
1001,1,car,0.2357,951.8,427.0,1024.5,471.2
1001,0,person,0.1980,445.8,556.4,466.2,604.4
1001,0,person,0.1372,1193.1,524.1,1214.2,584.0
1001,2,large_vehicle,0.1112,556.3,493.8,648.0,546.6
1002,1,car,0.7532,556.2,493.8,648.2,546.6
1002,1,car,0.5507,979.9,552.0,1081.0,625.5
1002,0,person,0.5483,450.3,555.2,470.6,607.1
1002,2,large_vehicle,0.3854,951.8,427.0,1024.5,471.2
1002,2,large_vehicle,0.2643,979.9,552.0,1081.0,625.5
1002,1,car,0.2286,951.8,427.0,1024.5,471.2
1002,0,person,0.1973,445.7,556.3,466.4,604.4
1002,0,person,0.1376,1193.1,523.9,1214.3,583.6
1002,2,large_vehicle,0.1142,556.2,493.8,648.2,546.6
1003,1,car,0.7076,969.9,554.0,1075.6,628.3
1003,1,car,0.6238,560.7,494.8,647.9,546.5
1003,0,person,0.4311,448.7,555.2,469.4,607.2
1003,2,large_vehicle,0.4140,951.7,426.6,1024.6,471.3
1003,0,person,0.4010,445.4,555.6,467.7,606.8
1003,1,car,0.2252,951.7,426.6,1024.6,471.3
1003,2,large_vehicle,0.1919,560.7,494.8,647.9,546.5
1003,0,person,0.1873,1193.1,523.9,1214.3,583.5
1003,2,large_vehicle,0.1089,969.9,554.0,1075.6,628.3
1004,1,car,0.7167,970.0,554.1,1075.7,628.2
1004,1,car,0.6299,561.0,494.7,648.0,546.5
1004,2,large_vehicle,0.4223,951.6,426.6,1024.5,471.3
1004,0,person,0.4166,448.8,555.2,469.5,607.0
1004,0,person,0.4163,445.4,555.6,467.7,606.7
1004,1,car,0.2162,951.6,426.6,1024.5,471.3
1004,0,person,0.2094,1193.2,524.5,1214.2,583.6
1004,2,large_vehicle,0.1776,561.0,494.7,648.0,546.5
1004,2,large_vehicle,0.1030,970.0,554.1,1075.7,628.2
1005,1,car,0.8468,958.5,557.5,1064.9,631.3
1005,1,car,0.6489,560.3,494.0,649.0,546.4
1005,0,person,0.4755,444.3,554.8,466.7,609.1
1005,2,large_vehicle,0.4522,951.5,426.1,1024.3,471.2
1005,0,person,0.3806,1193.1,523.5,1215.0,583.6
1005,0,person,0.2781,447.5,554.5,469.4,609.3
1005,1,car,0.1921,951.5,426.1,1024.3,471.2
1005,2,large_vehicle,0.1519,560.3,494.0,649.0,546.4
1006,1,car,0.8464,958.7,557.6,1064.8,631.3
1006,1,car,0.6593,559.4,494.0,649.0,546.4
1006,0,person,0.4653,444.3,554.8,466.6,609.1
1006,2,large_vehicle,0.4504,951.5,425.9,1024.3,471.2
1006,0,person,0.3264,1193.0,523.7,1214.7,583.6
1006,0,person,0.2896,447.5,554.6,469.4,609.3
1006,1,car,0.1915,951.5,425.9,1024.3,471.2
1006,2,large_vehicle,0.1452,559.4,494.0,649.0,546.4
1007,1,car,0.8482,958.5,557.5,1065.0,631.3
1007,1,car,0.7007,559.1,494.0,648.9,546.5
1007,0,person,0.4758,444.3,554.8,466.6,608.9
1007,2,large_vehicle,0.4552,951.6,426.2,1024.2,471.3
1007,0,person,0.2775,447.6,554.6,469.4,609.1
1007,0,person,0.2548,1192.8,523.3,1214.6,583.4
1007,1,car,0.1987,951.6,426.2,1024.2,471.3
1007,2,large_vehicle,0.1218,559.1,494.0,648.9,546.5
1008,1,car,0.8614,949.8,559.7,1057.6,635.7
1008,1,car,0.7606,557.2,494.3,648.3,546.5
1008,0,person,0.4623,443.4,554.4,465.6,607.9
1008,2,large_vehicle,0.3270,951.0,425.8,1024.4,471.1
1008,1,car,0.3028,951.0,425.8,1024.4,471.1
1008,0,person,0.2386,1192.6,522.4,1214.9,583.5
1008,0,person,0.1887,446.3,553.9,470.1,608.6
1009,1,car,0.8609,949.8,559.7,1057.6,635.7
1009,1,car,0.7800,556.2,494.4,648.3,546.6
1009,0,person,0.4609,443.4,554.4,465.6,607.9
1009,2,large_vehicle,0.3175,951.0,426.0,1024.4,471.1
1009,1,car,0.3012,951.0,426.0,1024.4,471.1
1009,0,person,0.2395,1192.6,522.5,1214.7,583.6
1009,0,person,0.1951,446.3,554.0,470.0,608.7
1010,1,car,0.8284,938.6,562.9,1046.3,639.1
1010,1,car,0.7493,558.1,493.9,648.8,546.5
1010,0,person,0.5146,441.2,553.9,462.2,606.0
1010,2,large_vehicle,0.3653,951.8,426.6,1023.8,471.2
1010,0,person,0.2988,1193.0,522.3,1215.0,583.4
1010,1,car,0.2704,951.8,426.6,1023.8,471.2
1010,0,person,0.1496,437.5,553.9,457.7,605.3
1011,1,car,0.8281,938.6,562.9,1046.3,639.1
1011,1,car,0.7433,558.2,493.9,648.8,546.5
1011,0,person,0.5138,441.2,553.9,462.2,606.0
1011,2,large_vehicle,0.3760,952.0,426.6,1023.7,471.2
1011,0,person,0.2977,1193.0,522.3,1215.0,583.4
1011,1,car,0.2663,952.0,426.6,1023.7,471.2
1011,0,person,0.1494,437.5,553.9,457.7,605.3
1012,1,car,0.8295,938.5,562.8,1046.3,639.1
1012,1,car,0.7992,555.1,494.1,648.8,546.6
1012,0,person,0.5173,441.0,554.0,462.2,606.1
1012,2,large_vehicle,0.3573,951.7,426.6,1023.9,471.2
1012,1,car,0.2830,951.7,426.6,1023.9,471.2
1012,0,person,0.2654,1192.9,522.1,1214.9,583.2
1012,0,person,0.1503,437.5,554.0,457.6,605.4
1013,1,car,0.8689,928.1,565.2,1036.8,642.9
1013,1,car,0.6577,557.6,494.0,648.4,546.5
1013,0,person,0.5005,439.3,553.8,460.0,606.5
1013,0,person,0.4316,1192.9,522.7,1214.9,583.6
1013,2,large_vehicle,0.4311,951.9,426.2,1023.7,471.2
1013,0,person,0.3014,436.5,554.2,457.9,606.3
1013,1,car,0.2372,951.9,426.2,1023.7,471.2
1013,2,large_vehicle,0.1872,557.6,494.0,648.4,546.5
1014,1,car,0.8449,917.8,567.9,1030.6,645.7
1014,1,car,0.6715,559.2,493.9,649.4,546.5
1014,0,person,0.4684,438.3,553.5,459.2,604.3
1014,2,large_vehicle,0.4435,951.5,426.2,1024.1,471.2
1014,0,person,0.4204,1192.8,522.9,1214.9,583.7
1014,3,motorcycle,0.3636,432.1,572.4,473.1,608.2
1014,0,person,0.2708,434.4,554.1,457.2,604.7
1014,1,car,0.2247,951.5,426.2,1024.1,471.2
1014,2,large_vehicle,0.1389,559.2,493.9,649.4,546.5
1014,3,motorcycle,0.1239,430.5,572.4,474.2,607.1
1015,1,car,0.8424,917.9,568.0,1030.5,645.7
1015,1,car,0.6520,559.2,493.8,649.8,546.5
1015,2,large_vehicle,0.4814,951.4,426.1,1024.1,471.2
1015,0,person,0.4680,438.4,553.5,459.3,604.3
1015,0,person,0.4671,1192.9,522.9,1215.0,583.6
1015,3,motorcycle,0.3547,432.1,572.2,473.1,608.2
1015,0,person,0.2599,434.3,554.0,457.3,604.6
1015,1,car,0.2112,951.4,426.1,1024.1,471.2
1015,2,large_vehicle,0.1511,559.2,493.8,649.8,546.5
1015,3,motorcycle,0.1331,430.4,572.1,474.2,607.0
1016,1,car,0.8431,917.9,567.9,1030.6,645.7
1016,1,car,0.6625,560.5,493.8,649.4,546.5
1016,2,large_vehicle,0.5115,951.4,426.0,1023.9,471.2
1016,0,person,0.4584,1192.9,522.9,1214.9,583.7
1016,0,person,0.4583,438.2,553.5,459.3,604.4
1016,3,motorcycle,0.3628,432.2,572.3,472.8,608.0
1016,0,person,0.2718,434.4,553.9,457.4,604.6
1016,1,car,0.1871,951.4,426.0,1023.9,471.2
1016,2,large_vehicle,0.1417,560.5,493.8,649.4,546.5
1016,3,motorcycle,0.1186,430.5,572.1,473.8,606.9
1017,1,car,0.8688,907.3,570.1,1021.4,649.0
1017,1,car,0.7473,556.7,493.7,648.6,546.6
1017,0,person,0.4855,1192.7,522.2,1214.9,583.5
1017,0,person,0.4339,433.9,553.1,455.7,604.8
1017,0,person,0.4004,437.7,552.2,457.6,604.0
1017,2,large_vehicle,0.3765,951.3,425.8,1024.1,471.1
1017,1,car,0.2501,951.3,425.8,1024.1,471.1
1017,2,large_vehicle,0.1001,556.7,493.7,648.6,546.6
1018,1,car,0.8683,907.3,570.1,1021.5,649.0
1018,1,car,0.7557,557.1,494.2,648.7,546.6
1018,0,person,0.4423,1192.6,522.1,1214.8,583.4
1018,0,person,0.4141,437.7,552.2,457.6,604.0
1018,0,person,0.4118,433.9,553.1,455.6,604.8
1018,2,large_vehicle,0.3690,951.2,425.8,1024.2,471.1
1018,1,car,0.2446,951.2,425.8,1024.2,471.1
1019,1,car,0.8053,554.6,493.8,648.9,546.5
1019,1,car,0.7560,894.9,573.6,1013.0,652.4
1019,0,person,0.5226,1192.5,521.5,1215.0,583.7
1019,2,large_vehicle,0.4994,951.2,425.7,1024.5,471.1
1019,0,person,0.4532,434.0,552.1,455.4,602.9
1019,1,car,0.1956,951.2,425.7,1024.5,471.1
1019,0,person,0.1604,437.2,551.3,457.3,602.3
1020,1,car,0.8032,554.7,493.8,648.8,546.5
1020,1,car,0.7517,894.9,573.6,1013.1,652.4
1020,0,person,0.5328,1192.5,521.5,1215.0,583.7
1020,2,large_vehicle,0.4971,951.3,425.6,1024.4,471.1
1020,0,person,0.4506,434.0,552.1,455.4,602.9
1020,1,car,0.1867,951.3,425.6,1024.4,471.1
1020,0,person,0.1624,437.1,551.3,457.3,602.3
1021,1,car,0.8095,554.6,493.8,649.1,546.5
1021,1,car,0.7606,895.0,573.6,1013.0,652.4
1021,0,person,0.5191,1192.5,521.3,1215.1,583.8
1021,2,large_vehicle,0.5043,951.1,425.6,1024.6,471.1
1021,0,person,0.4591,434.0,552.2,455.4,602.8
1021,1,car,0.1891,951.1,425.6,1024.6,471.1
1021,0,person,0.1471,437.2,551.4,457.4,602.3
1022,1,car,0.8506,883.0,576.2,1002.5,654.9
1022,1,car,0.7541,555.6,494.0,648.8,546.3
1022,0,person,0.6246,432.5,551.5,453.8,602.9
1022,0,person,0.5468,1192.5,521.9,1215.2,584.3
1022,2,large_vehicle,0.4298,951.6,425.8,1024.3,471.1
1022,1,car,0.2423,951.6,425.8,1024.3,471.1
1023,1,car,0.8546,883.1,576.2,1002.7,655.0
1023,1,car,0.7520,556.1,494.1,648.8,546.3
1023,0,person,0.6227,432.5,551.7,453.7,602.8
1023,0,person,0.5657,1192.4,521.8,1215.0,584.3
1023,2,large_vehicle,0.4262,951.5,425.8,1024.3,471.1
1023,1,car,0.2364,951.5,425.8,1024.3,471.1
1024,1,car,0.8037,872.5,578.4,991.5,659.7
1024,1,car,0.7378,556.2,493.9,649.3,546.1
1024,0,person,0.6392,431.9,550.8,453.7,603.6
1024,0,person,0.5521,1192.6,522.0,1215.0,583.9
1024,2,large_vehicle,0.5245,951.5,426.0,1024.0,471.0
1024,1,car,0.1953,951.5,426.0,1024.0,471.0
1025,1,car,0.8025,872.5,578.4,991.5,659.7
1025,1,car,0.7389,555.8,493.8,649.6,546.1
1025,0,person,0.6409,431.8,550.6,453.6,603.5
1025,2,large_vehicle,0.5351,951.5,425.9,1024.0,471.1
1025,0,person,0.5106,1192.6,522.2,1214.7,583.8
1025,1,car,0.1805,951.5,425.9,1024.0,471.1
1026,1,car,0.8040,872.5,578.4,991.5,659.7
1026,1,car,0.7309,556.0,493.8,649.9,546.1
1026,0,person,0.6393,431.8,550.6,453.6,603.5
1026,2,large_vehicle,0.5317,951.5,425.9,1024.0,471.1
1026,0,person,0.5139,1192.6,522.2,1214.7,583.8
1026,1,car,0.1866,951.5,425.9,1024.0,471.1
1027,1,car,0.8425,859.9,582.9,981.1,663.8
1027,1,car,0.8011,556.2,494.5,648.7,546.3
1027,0,person,0.5869,431.8,550.9,451.5,602.0
1027,2,large_vehicle,0.3807,951.5,426.2,1024.2,471.0
1027,0,person,0.3101,1192.9,522.3,1214.6,583.4
1027,1,car,0.2641,951.5,426.2,1024.2,471.0
1027,0,person,0.1588,428.5,553.9,443.9,600.5
1028,1,car,0.8398,859.6,582.8,980.9,663.8
1028,1,car,0.7859,556.5,494.6,649.0,546.3
1028,0,person,0.5854,431.8,550.9,451.6,602.2
1028,2,large_vehicle,0.3814,951.6,426.3,1024.2,471.0
1028,0,person,0.3584,1192.8,522.2,1214.6,583.6
1028,1,car,0.2470,951.6,426.3,1024.2,471.0
1028,0,person,0.1579,428.5,553.8,444.0,600.6
1029,1,car,0.8616,848.8,585.6,969.9,667.5
1029,1,car,0.7751,556.9,494.5,650.3,546.1
1029,0,person,0.6692,431.1,549.6,450.8,602.2
1029,0,person,0.4438,1192.6,521.5,1214.7,583.8
1029,2,large_vehicle,0.3998,951.9,426.4,1024.4,471.0
1029,1,car,0.2465,951.9,426.4,1024.4,471.0
1030,1,car,0.8578,849.1,585.5,969.9,667.5
1030,1,car,0.7744,556.7,494.6,650.0,546.2
1030,0,person,0.6709,431.2,549.6,450.8,602.2
1030,0,person,0.4174,1192.6,521.8,1214.6,583.6
1030,2,large_vehicle,0.4012,952.0,426.6,1024.3,470.9
1030,1,car,0.2468,952.0,426.6,1024.3,470.9
1031,1,car,0.8622,848.8,585.5,969.9,667.5
1031,1,car,0.7540,557.4,494.7,648.9,546.2
1031,0,person,0.6696,431.1,549.6,450.7,602.2
1031,2,large_vehicle,0.3773,951.9,426.6,1024.3,470.9
1031,0,person,0.3593,1192.6,522.1,1214.4,583.8
1031,1,car,0.2502,951.9,426.6,1024.3,470.9
1031,2,large_vehicle,0.1128,557.4,494.7,648.9,546.2
1032,1,car,0.7976,833.9,588.7,959.4,672.4
1032,1,car,0.5939,559.8,494.6,648.6,546.1
1032,0,person,0.5451,430.2,549.0,450.5,601.2
1032,2,large_vehicle,0.4609,951.9,426.4,1024.4,471.0
1032,0,person,0.3922,1192.6,521.1,1214.6,583.3
1032,2,large_vehicle,0.2043,559.8,494.6,648.6,546.1
1032,1,car,0.1865,951.9,426.4,1024.4,471.0
1033,1,car,0.7978,833.8,588.7,959.4,672.4
1033,0,person,0.5385,430.2,549.0,450.3,600.5
1033,1,car,0.4914,560.4,494.9,648.6,546.0
1033,2,large_vehicle,0.4393,951.6,426.4,1024.5,471.0
1033,0,person,0.4026,1192.4,520.9,1214.7,583.4
1033,2,large_vehicle,0.2647,560.4,494.9,648.6,546.0
1033,1,car,0.2248,951.6,426.4,1024.5,471.0
1034,1,car,0.8037,820.3,593.2,946.8,676.1
1034,0,person,0.6360,428.4,547.6,449.6,600.0
1034,1,car,0.6181,557.5,493.8,648.8,546.1
1034,0,person,0.4985,1192.5,521.1,1214.7,583.1
1034,2,large_vehicle,0.4175,951.2,425.7,1024.6,471.0
1034,2,large_vehicle,0.2236,557.5,493.8,648.8,546.1
1034,1,car,0.1775,951.2,425.7,1024.6,471.0
1035,1,car,0.8046,820.3,593.2,946.8,676.1
1035,0,person,0.6373,428.4,547.7,449.6,600.0
1035,1,car,0.6176,557.6,493.8,648.9,546.1
1035,0,person,0.4938,1192.6,521.1,1214.7,582.8
1035,2,large_vehicle,0.4208,951.2,425.7,1024.6,471.0
1035,2,large_vehicle,0.2218,557.6,493.8,648.9,546.1
1035,1,car,0.1806,951.2,425.7,1024.6,471.0
1036,1,car,0.7909,820.7,593.2,946.8,676.1
1036,0,person,0.6372,428.4,547.6,449.6,600.1
1036,1,car,0.6340,557.3,493.8,648.8,546.1
1036,0,person,0.5276,1192.6,521.0,1214.7,582.4
1036,2,large_vehicle,0.4193,951.1,425.6,1024.5,471.0
1036,2,large_vehicle,0.2066,557.3,493.8,648.8,546.1
1036,1,car,0.1615,951.1,425.6,1024.5,471.0
1037,1,car,0.7342,556.1,494.5,648.9,546.1
1037,1,car,0.7148,810.5,594.5,937.5,680.3
1037,0,person,0.6764,427.4,547.2,447.8,597.8
1037,0,person,0.4473,1192.6,520.9,1214.6,582.6
1037,2,large_vehicle,0.4237,951.7,425.8,1024.7,470.9
1037,1,car,0.1809,951.7,425.8,1024.7,470.9
1037,2,large_vehicle,0.1554,810.5,594.5,937.5,680.3
1037,2,large_vehicle,0.1281,556.1,494.5,648.9,546.1
1038,1,car,0.6973,797.6,597.2,926.1,682.2
1038,1,car,0.6966,556.8,494.2,650.2,546.1
1038,0,person,0.5231,427.9,545.9,446.8,593.8
1038,2,large_vehicle,0.4476,952.5,426.5,1024.5,470.9
1038,0,person,0.3882,1192.7,520.9,1214.5,582.5
1038,0,person,0.2222,1051.1,423.5,1064.7,459.7
1038,1,car,0.2157,952.5,426.5,1024.5,470.9
1038,2,large_vehicle,0.1875,797.6,597.2,926.1,682.2
1038,2,large_vehicle,0.1649,556.8,494.2,650.2,546.1
1039,1,car,0.6969,556.7,494.2,650.1,546.1
1039,1,car,0.6871,797.7,597.2,926.1,682.2
1039,0,person,0.5300,427.8,545.9,446.8,593.8
1039,2,large_vehicle,0.4604,952.4,426.4,1024.5,470.9
1039,0,person,0.3534,1192.7,520.9,1214.5,582.3
1039,0,person,0.2335,1051.1,423.5,1064.7,459.7
1039,1,car,0.2028,952.4,426.4,1024.5,470.9
1039,2,large_vehicle,0.2007,797.7,597.2,926.1,682.2
1039,2,large_vehicle,0.1671,556.7,494.2,650.1,546.1
1039,0,person,0.1014,426.4,547.2,444.8,594.7
1040,1,car,0.6951,797.6,597.2,925.8,682.2
1040,1,car,0.5981,557.0,494.1,649.1,546.1
1040,0,person,0.5520,428.0,546.0,446.6,593.5
1040,2,large_vehicle,0.4609,952.3,426.3,1024.2,470.9
1040,0,person,0.3944,1192.7,521.0,1214.4,582.8
1040,2,large_vehicle,0.2822,557.0,494.1,649.1,546.1
1040,0,person,0.2674,1051.2,423.5,1064.7,459.6
1040,2,large_vehicle,0.1917,797.6,597.2,925.8,682.2
1040,1,car,0.1814,952.3,426.3,1024.2,470.9
1041,1,car,0.8421,783.9,601.2,917.0,686.4
1041,1,car,0.5849,557.6,493.9,649.1,545.9
1041,0,person,0.5030,427.4,544.7,447.1,598.1
1041,0,person,0.4495,1192.8,521.6,1214.8,582.9
1041,2,large_vehicle,0.3955,951.9,426.0,1024.0,470.8
1041,2,large_vehicle,0.2667,557.6,493.9,649.1,545.9
1041,1,car,0.1564,951.9,426.0,1024.0,470.8
1041,0,person,0.1183,425.9,545.2,444.9,597.7
1041,0,person,0.1016,1050.6,424.1,1063.2,459.3
1042,1,car,0.8361,784.1,601.2,917.1,686.4
1042,1,car,0.5625,558.0,494.0,649.0,545.9
1042,0,person,0.4457,1192.7,521.7,1214.9,583.2
1042,2,large_vehicle,0.3891,951.9,425.9,1023.9,470.9
1042,0,person,0.3372,427.7,544.7,446.5,595.8
1042,2,large_vehicle,0.2879,558.0,494.0,649.0,545.9
1042,1,car,0.1591,951.9,425.9,1023.9,470.9
1042,0,person,0.1235,426.1,545.3,444.9,597.5
1042,0,person,0.1132,1050.7,424.2,1063.4,459.2
1043,1,car,0.8929,770.5,602.7,903.5,689.9
1043,1,car,0.6553,559.6,493.6,649.0,545.9
1043,0,person,0.5878,427.2,543.5,446.4,594.6
1043,0,person,0.5295,1192.6,522.1,1215.1,582.7
1043,2,large_vehicle,0.3745,951.5,425.5,1024.1,470.8
1043,2,large_vehicle,0.1796,559.6,493.6,649.0,545.9
1043,0,person,0.1703,425.9,543.5,444.7,594.4
1043,1,car,0.1464,951.5,425.5,1024.1,470.8
1044,1,car,0.8930,770.5,602.7,903.5,689.9
1044,1,car,0.6493,559.5,493.5,649.2,545.9
1044,0,person,0.5850,427.2,543.5,446.4,594.8
1044,0,person,0.5350,1192.6,522.0,1215.1,582.8
1044,2,large_vehicle,0.3926,951.5,425.4,1024.2,470.8
1044,2,large_vehicle,0.1887,559.5,493.5,649.2,545.9
1044,0,person,0.1755,425.9,543.5,444.7,594.6
1044,1,car,0.1471,951.5,425.4,1024.2,470.8
1045,1,car,0.8933,770.6,602.7,903.4,689.9
1045,1,car,0.6423,559.6,493.6,649.1,545.9
1045,0,person,0.5750,427.3,543.7,446.3,594.5
1045,0,person,0.4928,1192.7,522.1,1215.0,582.5
1045,2,large_vehicle,0.4219,951.5,425.4,1024.0,470.8
1045,0,person,0.1918,426.0,543.8,444.7,594.3
1045,2,large_vehicle,0.1909,559.6,493.6,649.1,545.9
1045,1,car,0.1338,951.5,425.4,1024.0,470.8
1046,1,car,0.8548,757.2,608.0,888.1,693.6
1046,1,car,0.6373,556.4,493.8,649.1,545.8
1046,0,person,0.5520,426.4,543.2,444.2,592.0
1046,2,large_vehicle,0.4624,951.7,425.6,1024.1,470.6
1046,0,person,0.4360,1192.8,521.7,1214.9,582.3
1046,0,person,0.2774,428.1,543.1,446.0,591.8
1046,2,large_vehicle,0.2387,556.4,493.8,649.1,545.8
1046,1,car,0.1360,951.7,425.6,1024.1,470.6
1047,1,car,0.8541,757.5,607.9,888.5,693.6
1047,1,car,0.6259,556.6,493.8,649.0,545.8
1047,0,person,0.5124,426.5,543.3,444.1,592.0
1047,2,large_vehicle,0.4768,951.6,425.5,1024.2,470.6
1047,0,person,0.4565,1192.8,521.9,1214.9,582.3
1047,0,person,0.3516,428.2,543.1,446.0,591.8
1047,2,large_vehicle,0.2540,556.6,493.8,649.0,545.8
1047,1,car,0.1284,951.6,425.5,1024.2,470.6
1048,1,car,0.8806,743.9,611.6,878.3,698.1
1048,1,car,0.6843,556.7,493.7,648.4,546.0
1048,0,person,0.6192,426.1,542.5,444.4,592.4
1048,2,large_vehicle,0.4067,951.4,425.7,1024.3,470.7
1048,0,person,0.3232,1192.9,522.4,1214.4,582.5
1048,2,large_vehicle,0.1946,556.7,493.7,648.4,546.0
1048,1,car,0.1730,951.4,425.7,1024.3,470.7
1048,0,person,0.1067,427.7,542.6,446.5,592.7
1049,1,car,0.8792,743.9,611.6,877.9,698.0
1049,1,car,0.6301,558.1,493.7,648.4,545.8
1049,0,person,0.6070,426.1,542.5,444.3,592.6
1049,0,person,0.3963,1192.9,522.1,1214.5,582.2
1049,2,large_vehicle,0.3672,951.4,425.7,1024.2,470.6
1049,2,large_vehicle,0.2430,558.1,493.7,648.4,545.8
1049,1,car,0.1807,951.4,425.7,1024.2,470.6
1049,0,person,0.1220,427.7,542.6,446.4,592.8
1050,1,car,0.8790,744.0,611.6,878.0,698.0
1050,1,car,0.6365,558.0,493.7,648.4,545.8
1050,0,person,0.6118,426.2,542.5,444.3,592.4
1050,0,person,0.3848,1192.9,522.1,1214.5,582.2
1050,2,large_vehicle,0.3591,951.5,425.7,1024.2,470.6
1050,2,large_vehicle,0.2350,558.0,493.7,648.4,545.8
1050,1,car,0.1795,951.5,425.7,1024.2,470.6
1050,0,person,0.1132,427.8,542.6,446.3,592.7
1051,1,car,0.8620,730.1,614.4,868.3,702.5
1051,0,person,0.6226,425.7,541.9,444.4,594.0
1051,1,car,0.6135,558.3,493.8,649.2,545.7
1051,0,person,0.5009,1192.5,521.9,1214.5,582.7
1051,2,large_vehicle,0.3591,952.1,425.5,1024.6,470.6
1051,2,large_vehicle,0.2157,558.3,493.8,649.2,545.7
1051,1,car,0.1795,952.1,425.5,1024.6,470.6
1052,1,car,0.8629,729.9,614.3,867.9,702.5
1052,1,car,0.6221,558.5,493.7,648.7,545.6
1052,0,person,0.6192,425.7,541.8,444.4,594.0
1052,0,person,0.4810,1192.6,521.6,1214.6,582.6
1052,2,large_vehicle,0.3979,952.2,425.6,1024.2,470.6
1052,2,large_vehicle,0.2146,558.5,493.7,648.7,545.6
1052,1,car,0.1509,952.2,425.6,1024.2,470.6
1053,1,car,0.8732,716.8,616.5,856.6,704.4
1053,0,person,0.6441,426.0,541.7,444.2,592.7
1053,1,car,0.5329,561.2,493.8,649.5,545.6
1053,2,large_vehicle,0.4861,952.0,425.6,1023.5,470.6
1053,0,person,0.4724,1192.8,522.2,1214.6,582.7
1053,2,large_vehicle,0.2654,561.2,493.8,649.5,545.6
1053,1,car,0.1035,952.0,425.6,1023.5,470.6
1054,1,car,0.8739,716.8,616.5,856.7,704.4
1054,0,person,0.6347,426.0,541.5,444.2,592.7
1054,1,car,0.5308,561.1,493.8,649.0,545.6
1054,2,large_vehicle,0.4956,952.1,425.6,1023.5,470.6
1054,0,person,0.4818,1192.9,521.9,1214.7,582.3
1054,2,large_vehicle,0.2684,561.1,493.8,649.0,545.6
1054,1,car,0.1019,952.1,425.6,1023.5,470.6
1055,1,car,0.8736,716.9,616.5,856.5,704.4
1055,0,person,0.6587,426.1,541.4,444.2,592.8
1055,1,car,0.5996,559.4,493.8,649.1,545.6
1055,2,large_vehicle,0.4783,951.9,425.7,1023.2,470.5
1055,0,person,0.4556,1192.9,522.1,1214.6,582.1
1055,2,large_vehicle,0.2284,559.4,493.8,649.1,545.6
1056,1,car,0.8933,702.2,620.7,842.3,708.5
1056,1,car,0.7070,556.3,494.3,648.2,545.8
1056,0,person,0.5841,426.4,541.0,444.0,592.6
1056,2,large_vehicle,0.4687,952.0,426.1,1023.8,470.4
1056,0,person,0.4453,1192.8,521.5,1214.7,582.2
1056,2,large_vehicle,0.1770,556.3,494.3,648.2,545.8
1056,1,car,0.1246,952.0,426.1,1023.8,470.4
1056,0,person,0.1203,428.0,541.1,445.7,592.6
1057,1,car,0.8937,702.0,620.7,842.2,708.5
1057,1,car,0.7357,556.3,494.4,648.2,545.8
1057,0,person,0.5989,426.4,541.0,444.0,592.6
1057,2,large_vehicle,0.4820,952.0,426.2,1023.4,470.4
1057,0,person,0.4002,1192.8,521.5,1214.5,582.1
1057,2,large_vehicle,0.1442,556.3,494.4,648.2,545.8
1057,1,car,0.1308,952.0,426.2,1023.4,470.4
1057,0,person,0.1060,428.0,541.1,445.7,592.6
1058,1,car,0.8767,688.0,623.1,822.9,711.8
1058,1,car,0.6917,558.3,494.3,649.2,545.9
1058,0,person,0.5863,426.4,539.6,444.0,590.3
1058,0,person,0.4769,1192.7,521.7,1214.5,582.1
1058,2,large_vehicle,0.4580,951.6,426.1,1024.1,470.6
1058,2,large_vehicle,0.1578,558.3,494.3,649.2,545.9
1058,1,car,0.1520,951.6,426.1,1024.1,470.6
1058,0,person,0.1088,428.1,539.6,445.8,589.8
1059,1,car,0.8764,688.0,623.1,822.9,711.8
1059,1,car,0.6956,558.3,494.3,649.0,546.0
1059,0,person,0.5841,426.4,539.6,444.0,590.4
1059,0,person,0.4704,1192.7,521.7,1214.5,582.0
1059,2,large_vehicle,0.4592,951.5,426.1,1023.9,470.6
1059,2,large_vehicle,0.1559,558.3,494.3,649.0,546.0
1059,1,car,0.1460,951.5,426.1,1023.9,470.6
1059,0,person,0.1104,428.1,539.6,445.8,589.9
1060,1,car,0.8747,688.1,623.2,822.8,711.8
1060,1,car,0.7153,556.6,494.1,649.4,545.9
1060,0,person,0.5867,426.3,539.5,444.1,590.4
1060,0,person,0.4648,1192.7,521.4,1214.6,582.1
1060,2,large_vehicle,0.4443,951.8,426.2,1024.1,470.6
1060,2,large_vehicle,0.1465,556.6,494.1,649.4,545.9
1060,1,car,0.1462,951.8,426.2,1024.1,470.6
1060,0,person,0.1096,428.0,539.6,445.8,589.8
1061,1,car,0.8816,674.7,626.2,805.0,714.7
1061,1,car,0.6477,559.2,493.8,648.9,545.5
1061,0,person,0.5361,1192.8,520.8,1214.6,581.9
1061,2,large_vehicle,0.4649,952.1,425.7,1024.0,470.5
1061,0,person,0.2801,426.4,538.8,444.1,588.4
1061,0,person,0.2696,428.6,538.6,445.4,585.9
1061,2,large_vehicle,0.1781,559.2,493.8,648.9,545.5
1061,1,car,0.1184,952.1,425.7,1024.0,470.5
1062,1,car,0.8456,660.4,629.3,791.8,719.7
1062,1,car,0.5116,560.9,493.9,648.7,545.5
1062,0,person,0.4961,1193.0,521.1,1214.7,581.8
1062,2,large_vehicle,0.4066,952.5,425.7,1023.8,470.5
1062,2,large_vehicle,0.2929,560.9,493.9,648.7,545.5
1062,0,person,0.2613,427.5,538.0,443.7,584.7
1062,0,person,0.1052,428.7,538.2,445.1,584.3
1063,1,car,0.8485,660.7,629.3,791.7,719.7
1063,0,person,0.5420,1192.9,520.6,1214.8,581.7
1063,1,car,0.5106,560.8,494.0,648.7,545.6
1063,2,large_vehicle,0.4044,952.4,425.5,1023.8,470.5
1063,0,person,0.2937,427.5,538.0,443.7,584.7
1063,2,large_vehicle,0.2785,560.8,494.0,648.7,545.6
1063,0,person,0.1013,428.8,538.2,445.1,584.3
1064,1,car,0.8451,660.7,629.2,791.6,719.7
1064,0,person,0.5243,1192.9,520.6,1214.8,581.9
1064,1,car,0.4956,560.5,494.0,648.7,545.4
1064,2,large_vehicle,0.4233,952.6,425.7,1023.7,470.5
1064,2,large_vehicle,0.2998,560.5,494.0,648.7,545.4
1064,0,person,0.1619,426.8,538.3,444.0,586.7
1064,0,person,0.1191,427.5,538.0,443.6,584.6
1064,0,person,0.1007,428.8,538.2,445.0,584.3
1065,1,car,0.8769,643.5,631.4,780.0,723.7
1065,1,car,0.7623,556.1,494.2,648.5,545.7
1065,0,person,0.5019,428.1,537.2,445.9,584.0
1065,0,person,0.4989,1192.7,520.7,1214.8,581.9
1065,2,large_vehicle,0.3647,951.4,425.6,1023.6,470.4
1065,0,person,0.1672,427.2,537.1,443.9,583.6
1065,1,car,0.1611,951.4,425.6,1023.6,470.4
1065,2,large_vehicle,0.1060,556.1,494.2,648.5,545.7
1066,1,car,0.8740,643.9,631.4,780.0,723.7
1066,1,car,0.7444,555.8,494.1,648.5,545.7
1066,0,person,0.5076,428.2,537.2,445.9,583.9
1066,0,person,0.4847,1192.7,520.8,1214.7,581.9
1066,2,large_vehicle,0.3633,951.4,425.5,1023.5,470.4
1066,0,person,0.1621,427.2,537.1,443.9,583.4
1066,1,car,0.1575,951.4,425.5,1023.5,470.4
1066,2,large_vehicle,0.1294,555.8,494.1,648.5,545.7
1067,1,car,0.8042,631.0,634.7,769.7,726.9
1067,1,car,0.6637,558.8,494.5,649.4,545.8
1067,0,person,0.4369,1192.8,520.7,1214.6,581.7
1067,0,person,0.4032,428.5,534.9,445.3,583.6
1067,2,large_vehicle,0.3815,951.6,425.3,1024.3,470.4
1067,0,person,0.2151,427.3,535.0,443.8,583.7
1067,2,large_vehicle,0.1762,558.8,494.5,649.4,545.8
1067,1,car,0.1539,951.6,425.3,1024.3,470.4
1068,1,car,0.8052,631.1,634.7,769.6,726.9
1068,1,car,0.6612,559.1,494.6,649.7,545.8
1068,0,person,0.4398,1192.8,520.6,1214.6,581.7
1068,0,person,0.4052,428.5,534.9,445.3,583.5
1068,2,large_vehicle,0.3882,951.6,425.3,1024.1,470.4
1068,0,person,0.2254,427.3,535.0,443.8,583.7
1068,2,large_vehicle,0.1703,559.1,494.6,649.7,545.8
1068,1,car,0.1581,951.6,425.3,1024.1,470.4
1069,1,car,0.8009,631.2,634.7,769.5,726.9
1069,1,car,0.6984,557.8,494.3,649.6,545.8
1069,2,large_vehicle,0.4044,951.6,424.9,1024.3,470.4
1069,0,person,0.3915,1192.8,520.6,1214.5,581.7
1069,0,person,0.3890,428.5,534.9,445.2,583.4
1069,0,person,0.2260,427.4,535.0,443.8,583.6
1069,2,large_vehicle,0.1568,557.8,494.3,649.6,545.8
1069,1,car,0.1389,951.6,424.9,1024.3,470.4
1070,1,car,0.8814,613.1,638.8,750.7,728.8
1070,1,car,0.6164,558.7,494.0,648.5,545.4
1070,0,person,0.5779,428.7,534.7,445.3,582.2
1070,0,person,0.5435,1192.9,520.8,1214.6,581.4
1070,2,large_vehicle,0.3952,951.8,424.8,1024.0,470.3
1070,2,large_vehicle,0.2305,558.7,494.0,648.5,545.4
1070,0,person,0.1575,427.5,534.9,443.6,582.3
1071,1,car,0.8842,613.1,638.8,750.4,728.8
1071,1,car,0.6431,559.0,494.0,648.5,545.6
1071,0,person,0.5711,428.7,534.7,445.3,582.2
1071,0,person,0.5460,1192.9,520.7,1214.6,581.3
1071,2,large_vehicle,0.3316,951.8,424.8,1024.2,470.3
1071,2,large_vehicle,0.2061,559.0,494.0,648.5,545.6
1071,0,person,0.1715,427.5,534.9,443.6,582.3
1071,2,large_vehicle,0.1347,950.9,425.2,1023.4,470.3
1072,1,car,0.8495,602.6,640.5,736.0,732.5
1072,1,car,0.5001,559.7,493.8,647.6,545.5
1072,0,person,0.4684,1193.0,521.1,1214.5,581.2
1072,2,large_vehicle,0.4132,951.9,424.9,1024.0,470.5
1072,2,large_vehicle,0.3559,559.7,493.8,647.6,545.5
1072,0,person,0.2864,429.0,534.3,445.1,582.5
1072,0,person,0.1718,427.7,534.4,443.6,583.6
1073,1,car,0.8484,602.4,640.3,735.6,732.5
1073,1,car,0.5266,559.9,493.7,647.8,545.5
1073,0,person,0.4600,1193.0,521.4,1214.4,581.2
1073,2,large_vehicle,0.3841,952.0,424.9,1023.6,470.4
1073,2,large_vehicle,0.3256,559.9,493.7,647.8,545.5
1073,0,person,0.2572,429.1,534.4,445.0,582.2
1073,0,person,0.1581,427.8,534.5,443.5,583.2
1074,1,car,0.8502,602.4,640.4,735.7,732.5
1074,1,car,0.5277,559.9,493.7,647.8,545.5
1074,0,person,0.4578,1193.0,521.5,1214.4,581.3
1074,2,large_vehicle,0.4088,952.0,424.9,1023.4,470.4
1074,2,large_vehicle,0.3256,559.9,493.7,647.8,545.5
1074,0,person,0.2541,429.0,534.3,445.0,582.7
1074,0,person,0.1727,427.7,534.4,443.5,583.9
1075,1,car,0.8943,588.1,644.1,723.1,735.7
1075,1,car,0.7396,556.0,493.6,648.3,545.7
1075,0,person,0.5195,429.0,533.6,446.5,580.4
1075,0,person,0.5109,1192.8,520.9,1214.8,581.0
1075,2,large_vehicle,0.2721,950.5,424.9,1022.6,470.2
1075,1,car,0.1633,950.5,424.9,1022.6,470.2
1075,0,person,0.1621,1043.1,422.6,1056.9,461.4
1075,2,large_vehicle,0.1412,556.0,493.6,648.3,545.7
1076,1,car,0.8939,588.1,643.9,723.5,735.7
1076,1,car,0.6877,557.4,493.8,648.2,545.8
1076,0,person,0.5261,1192.9,521.0,1214.9,581.3
1076,0,person,0.5256,429.0,533.6,446.4,580.2
1076,2,large_vehicle,0.2942,950.3,424.8,1022.5,470.2
1076,2,large_vehicle,0.2129,557.4,493.8,648.2,545.8
1076,0,person,0.2033,1043.0,422.6,1056.8,461.7
1076,1,car,0.1877,950.3,424.8,1022.5,470.2
1077,1,car,0.8865,573.8,646.3,704.8,739.2
1077,1,car,0.6769,559.1,494.2,648.5,545.9
1077,0,person,0.5674,428.9,533.6,446.8,583.0
1077,0,person,0.5455,1192.8,520.6,1214.8,581.5
1077,2,large_vehicle,0.3069,951.6,424.6,1023.6,470.3
1077,0,person,0.3029,1042.5,422.7,1056.3,462.3
1077,2,large_vehicle,0.1929,559.1,494.2,648.5,545.9
1077,2,large_vehicle,0.1412,950.2,424.9,1022.7,470.3
1078,1,car,0.8841,573.4,646.3,704.8,739.2
1078,1,car,0.7235,558.3,494.2,648.6,545.9
1078,0,person,0.5706,428.9,533.6,446.8,583.0
1078,0,person,0.5381,1192.8,520.7,1214.8,581.4
1078,2,large_vehicle,0.4065,951.7,424.8,1023.4,470.2
1078,0,person,0.2942,1042.5,422.9,1056.2,462.5
1078,2,large_vehicle,0.1535,558.3,494.2,648.6,545.9
1078,1,car,0.1285,951.7,424.8,1023.4,470.2
1079,1,car,0.8866,573.4,646.3,704.8,739.2
1079,1,car,0.6686,559.5,494.2,648.2,545.8
1079,0,person,0.5680,1192.8,520.8,1214.7,581.7
1079,0,person,0.5658,429.0,533.6,446.6,582.8
1079,2,large_vehicle,0.3847,952.0,424.8,1023.3,470.2
1079,0,person,0.3247,1042.5,423.2,1056.1,462.4
1079,2,large_vehicle,0.2021,559.5,494.2,648.2,545.8
1079,1,car,0.1394,952.0,424.8,1023.3,470.2
1080,1,car,0.8629,558.9,648.8,693.7,742.2
1080,0,person,0.6096,429.2,532.4,447.7,582.1
1080,1,car,0.5875,559.2,493.7,648.3,545.5
1080,0,person,0.5614,1192.8,521.1,1214.7,581.1
1080,2,large_vehicle,0.3649,951.7,424.8,1023.7,470.2
1080,0,person,0.3001,1041.8,423.5,1056.0,463.6
1080,2,large_vehicle,0.2497,559.2,493.7,648.3,545.5
1080,1,car,0.1481,951.7,424.8,1023.7,470.2
1081,1,car,0.8610,558.6,648.8,693.9,742.2
1081,0,person,0.6094,429.2,532.4,447.7,582.3
1081,1,car,0.5796,558.6,493.6,648.4,545.3
1081,0,person,0.5683,1192.7,521.0,1214.6,581.5
1081,2,large_vehicle,0.3822,951.8,424.9,1023.8,470.2
1081,0,person,0.2851,1041.8,423.7,1055.9,463.7
1081,2,large_vehicle,0.2688,558.6,493.6,648.4,545.3
1081,1,car,0.1709,951.8,424.9,1023.8,470.2
1082,1,car,0.8731,544.3,653.1,680.3,744.1
1082,0,person,0.6109,431.0,530.7,447.9,575.7
1082,0,person,0.4985,1192.8,521.9,1214.6,581.6
1082,2,large_vehicle,0.3997,951.5,424.9,1023.2,470.2
1082,1,car,0.1683,563.2,492.8,648.4,545.3
1082,2,large_vehicle,0.1523,563.2,492.8,648.4,545.3
1082,1,car,0.1095,951.5,424.9,1023.2,470.2
1083,1,car,0.8748,544.3,653.1,680.2,744.2
1083,0,person,0.6110,431.0,530.7,447.9,575.7
1083,0,person,0.4992,1192.8,521.7,1214.6,581.6
1083,2,large_vehicle,0.4033,951.4,424.8,1023.2,470.2
1083,1,car,0.2026,563.2,493.0,648.6,545.3
1083,2,large_vehicle,0.1825,563.2,493.0,648.6,545.3
1083,1,car,0.1057,951.4,424.8,1023.2,470.2
1084,1,car,0.8756,544.5,653.1,680.3,744.2
1084,0,person,0.6129,431.0,530.6,447.9,575.7
1084,0,person,0.5290,1192.8,522.0,1214.7,581.6
1084,2,large_vehicle,0.4057,951.5,425.1,1023.4,470.2
1084,1,car,0.2059,561.7,493.6,648.3,545.5
1084,2,large_vehicle,0.1734,561.7,493.6,648.3,545.5
1084,2,large_vehicle,0.1269,563.7,492.6,648.5,545.2
1084,1,car,0.1208,563.7,492.6,648.5,545.2
1084,1,car,0.1154,951.5,425.1,1023.4,470.2
1084,0,person,0.1132,1042.1,423.8,1055.7,462.1
1085,1,car,0.8919,529.5,655.9,662.2,747.3
1085,1,car,0.6875,556.9,494.1,648.9,545.5
1085,0,person,0.5724,431.5,529.7,449.7,577.2
1085,0,person,0.4682,1192.7,521.0,1214.7,581.6
1085,2,large_vehicle,0.3603,950.0,425.0,1023.9,470.1
1085,2,large_vehicle,0.1839,556.9,494.1,648.9,545.5
1085,1,car,0.1636,950.0,425.0,1023.9,470.1
1086,1,car,0.8360,517.0,658.0,656.1,750.0
1086,1,car,0.7069,558.0,494.1,648.9,545.6
1086,2,large_vehicle,0.4655,951.7,425.1,1024.2,470.2
1086,0,person,0.4511,1192.8,521.2,1214.6,581.7
1086,0,person,0.2019,431.4,530.5,450.0,582.8
1086,2,large_vehicle,0.1663,558.0,494.1,648.9,545.6
1086,1,car,0.1245,951.7,425.1,1024.2,470.2
1087,1,car,0.8363,517.0,658.1,656.3,750.0
1087,1,car,0.7292,557.4,494.1,648.8,545.6
1087,2,large_vehicle,0.4931,951.1,425.0,1024.5,470.2
1087,0,person,0.4222,1192.8,521.3,1214.6,581.5
1087,0,person,0.2160,431.4,530.6,450.1,582.8
1087,2,large_vehicle,0.1503,557.4,494.1,648.8,545.6
1087,1,car,0.1373,951.1,425.0,1024.5,470.2
1088,1,car,0.8356,517.0,658.1,655.9,750.0
1088,1,car,0.7429,557.4,494.1,648.3,545.7
1088,0,person,0.5129,1192.8,521.3,1214.6,581.6
1088,2,large_vehicle,0.4578,951.6,425.1,1024.4,470.1
1088,0,person,0.2628,431.6,530.5,449.9,582.8
1088,1,car,0.1589,951.6,425.1,1024.4,470.1
1088,2,large_vehicle,0.1439,557.4,494.1,648.3,545.7
1089,1,car,0.8969,501.3,662.0,631.6,751.9
1089,1,car,0.5985,559.4,493.7,648.3,545.4
1089,0,person,0.4889,1192.6,521.9,1214.5,581.7
1089,2,large_vehicle,0.4014,952.2,425.0,1024.0,470.1
1089,0,person,0.2807,432.4,528.2,450.4,579.2
1089,2,large_vehicle,0.2098,559.4,493.7,648.3,545.4
1089,1,car,0.1702,952.2,425.0,1024.0,470.1
1089,1,car,0.1130,562.2,492.8,648.5,545.0
1090,1,car,0.8969,501.3,662.0,631.4,751.9
1090,1,car,0.6148,558.7,493.5,648.1,545.4
1090,0,person,0.5046,1192.5,521.7,1214.5,581.8
1090,2,large_vehicle,0.3883,952.0,425.0,1023.8,470.1
1090,0,person,0.2944,432.5,528.2,450.4,578.5
1090,2,large_vehicle,0.2492,558.7,493.5,648.1,545.4
1090,1,car,0.1950,952.0,425.0,1023.8,470.1
1091,1,car,0.8676,487.2,664.8,614.5,755.6
1091,2,large_vehicle,0.5241,952.0,425.2,1023.0,470.1
1091,0,person,0.4507,1192.8,521.9,1214.1,581.3
1091,0,person,0.4318,1040.0,423.3,1053.2,461.0
1091,1,car,0.4220,560.7,494.0,648.4,545.4
1091,0,person,0.2489,433.9,527.5,452.2,579.1
1091,2,large_vehicle,0.2368,560.7,494.0,648.4,545.4
1091,1,car,0.1336,563.9,493.1,648.8,545.0
1091,2,large_vehicle,0.1112,563.9,493.1,648.8,545.0
1091,1,car,0.1015,952.0,425.2,1023.0,470.1
1092,1,car,0.8671,487.2,664.9,614.5,755.6
1092,2,large_vehicle,0.5258,952.0,425.3,1022.9,470.1
1092,1,car,0.4492,560.6,493.9,648.4,545.4
1092,0,person,0.4459,1192.8,521.9,1214.1,581.3
1092,0,person,0.4208,1040.1,423.3,1053.2,460.9
1092,2,large_vehicle,0.2657,560.6,493.9,648.4,545.4
1092,0,person,0.2481,433.9,527.5,452.2,579.0
1092,1,car,0.1154,563.8,493.1,648.8,545.0
1092,2,large_vehicle,0.1030,563.8,493.1,648.8,545.0
1092,1,car,0.1005,952.0,425.3,1022.9,470.1
1093,1,car,0.8701,487.1,664.8,614.5,755.6
1093,2,large_vehicle,0.5196,951.8,425.3,1023.3,470.1
1093,1,car,0.4806,560.2,494.0,648.1,545.4
1093,0,person,0.4375,1192.7,521.7,1214.2,581.3
1093,0,person,0.4333,1040.0,423.3,1053.2,461.1
1093,2,large_vehicle,0.2711,560.2,494.0,648.1,545.4
1093,0,person,0.2499,433.8,527.5,452.2,579.1
1093,1,car,0.1097,563.7,493.2,648.5,545.0
1093,1,car,0.1073,951.8,425.3,1023.3,470.1
1094,1,car,0.8462,473.9,668.2,600.7,758.6
1094,1,car,0.5554,556.0,493.4,647.8,545.3
1094,2,large_vehicle,0.5118,951.3,425.4,1022.5,470.0
1094,0,person,0.4753,1192.4,521.3,1214.4,581.3
1094,2,large_vehicle,0.3392,556.0,493.4,647.8,545.3
1094,0,person,0.2245,1039.3,424.3,1052.1,461.2
1094,0,person,0.1571,434.5,526.9,452.7,578.6
1094,1,car,0.1039,951.3,425.4,1022.5,470.0
1095,1,car,0.8430,473.8,668.5,600.5,758.6
1095,1,car,0.5681,556.0,493.5,647.8,545.3
1095,2,large_vehicle,0.5136,951.3,425.4,1022.5,470.0
1095,0,person,0.4778,1192.5,521.3,1214.4,581.4
1095,2,large_vehicle,0.3279,556.0,493.5,647.8,545.3
1095,0,person,0.1885,1039.4,424.3,1052.2,461.3
1095,0,person,0.1489,434.5,527.0,452.7,578.6
1095,1,car,0.1044,951.3,425.4,1022.5,470.0
1096,1,car,0.8455,460.5,670.7,587.1,760.8
1096,1,car,0.7256,556.2,493.7,649.3,545.5
1096,0,person,0.5265,1192.4,520.4,1214.5,581.6
1096,2,large_vehicle,0.4656,951.6,425.6,1023.8,470.2
1096,0,person,0.2438,435.3,526.3,454.6,578.4
1096,1,car,0.2384,951.6,425.6,1023.8,470.2
1096,0,person,0.2023,1038.9,423.9,1051.9,461.4
1096,2,large_vehicle,0.1484,556.2,493.7,649.3,545.5
1097,1,car,0.8520,460.5,670.8,587.0,760.8
1097,1,car,0.6916,556.6,493.7,649.0,545.5
1097,0,person,0.5153,1192.4,520.6,1214.6,581.6
1097,2,large_vehicle,0.4845,952.0,425.6,1023.1,470.2
1097,0,person,0.2629,435.3,526.3,454.5,578.3
1097,0,person,0.2154,1039.0,424.2,1051.9,461.0
1097,1,car,0.2103,952.0,425.6,1023.1,470.2
1097,2,large_vehicle,0.1876,556.6,493.7,649.0,545.5
1098,1,car,0.8516,460.5,670.8,587.1,760.8
1098,1,car,0.7227,556.4,493.7,649.2,545.5
1098,0,person,0.5220,1192.4,520.6,1214.6,581.6
1098,2,large_vehicle,0.4786,952.0,425.6,1023.2,470.2
1098,0,person,0.2671,435.3,526.2,454.5,578.4
1098,1,car,0.2001,952.0,425.6,1023.2,470.2
1098,2,large_vehicle,0.1519,556.4,493.7,649.2,545.5
1098,0,person,0.1376,1039.1,423.9,1052.0,461.1
1099,1,car,0.8547,445.5,672.9,572.8,763.0
1099,1,car,0.5672,558.8,493.9,648.9,545.1
1099,0,person,0.5258,1192.3,520.0,1214.8,581.7
1099,2,large_vehicle,0.4753,952.2,425.6,1022.9,470.1
1099,0,person,0.3443,436.2,525.7,455.7,576.6
1099,2,large_vehicle,0.2949,558.8,493.9,648.9,545.1
1099,0,person,0.2369,1038.5,424.4,1051.8,461.5
1099,1,car,0.1723,952.2,425.6,1022.9,470.1
1100,1,car,0.8566,445.5,672.9,572.8,763.0
1100,1,car,0.5916,558.8,493.8,648.9,545.2
1100,0,person,0.5152,1192.4,520.5,1214.7,581.9
1100,2,large_vehicle,0.4728,952.2,425.7,1022.9,470.1
1100,0,person,0.3098,436.2,525.7,455.7,576.6
1100,2,large_vehicle,0.2691,558.8,493.8,648.9,545.2
1100,0,person,0.2450,1038.6,424.3,1051.7,461.3
1100,1,car,0.1711,952.2,425.7,1022.9,470.1
1101,1,car,0.8616,432.9,676.9,559.3,764.8
1101,2,large_vehicle,0.4899,952.3,425.6,1023.5,470.0
1101,0,person,0.4896,1192.6,521.5,1214.5,581.7
1101,0,person,0.3863,436.4,525.8,456.2,577.3
1101,1,car,0.2468,563.4,493.2,648.6,545.0
1101,1,car,0.2444,560.4,494.0,648.5,545.4
1101,1,car,0.1643,952.3,425.6,1023.5,470.0
1101,2,large_vehicle,0.1339,563.4,493.2,648.6,545.0
1102,1,car,0.8635,432.9,676.9,559.3,764.8
1102,2,large_vehicle,0.5113,952.4,425.7,1023.4,470.0
1102,1,car,0.4655,560.0,493.9,648.3,545.4
1102,0,person,0.4639,1192.7,521.8,1214.5,581.9
1102,0,person,0.3983,436.3,525.8,456.3,577.3
1102,1,car,0.2011,563.2,493.1,648.4,545.0
1102,2,large_vehicle,0.1647,560.0,493.9,648.3,545.4
1102,1,car,0.1589,952.4,425.7,1023.4,470.0
1102,2,large_vehicle,0.1089,563.2,493.1,648.4,545.0
1103,1,car,0.8600,432.9,676.8,559.7,764.8
1103,1,car,0.6543,558.1,493.8,648.4,545.4
1103,2,large_vehicle,0.5047,952.5,425.4,1023.2,470.0
1103,0,person,0.4484,1192.6,521.2,1214.6,581.6
1103,0,person,0.3630,436.3,525.9,456.2,577.4
1103,2,large_vehicle,0.2033,558.1,493.8,648.4,545.4
1103,1,car,0.1318,952.5,425.4,1023.2,470.0
1104,1,car,0.7313,556.2,493.9,648.8,545.4
1104,1,car,0.4674,417.9,677.9,544.5,767.0
1104,2,large_vehicle,0.4585,951.5,425.3,1023.6,470.0
1104,0,person,0.4462,1192.5,520.6,1214.6,581.6
1104,4,other_vehicle,0.3489,417.9,677.9,544.5,767.0
1104,0,person,0.2063,438.0,525.6,459.6,575.5
1104,2,large_vehicle,0.1451,556.2,493.9,648.8,545.4
1104,1,car,0.1413,951.5,425.3,1023.6,470.0
1104,0,person,0.1156,436.5,525.4,457.3,576.0
1105,1,car,0.7213,556.1,493.9,648.8,545.4
1105,1,car,0.4548,418.3,677.9,544.5,767.0
1105,2,large_vehicle,0.4493,951.5,425.2,1023.6,470.0
1105,0,person,0.3752,1192.5,520.6,1214.5,581.6
1105,4,other_vehicle,0.3582,418.3,677.9,544.5,767.0
1105,0,person,0.2216,437.9,525.7,459.6,575.5
1105,2,large_vehicle,0.1547,556.1,493.9,648.8,545.4
1105,1,car,0.1273,951.5,425.2,1023.6,470.0
1105,0,person,0.1157,436.5,525.4,457.4,576.1
1106,1,car,0.8570,403.9,680.9,528.7,769.7
1106,1,car,0.7151,557.7,494.4,648.9,545.4
1106,2,large_vehicle,0.5452,951.2,425.3,1023.5,470.1
1106,0,person,0.4921,1192.6,520.0,1214.5,581.5
1106,0,person,0.1472,437.7,524.5,460.0,574.6
1106,2,large_vehicle,0.1469,557.7,494.4,648.9,545.4
1106,1,car,0.1308,951.2,425.3,1023.5,470.1
1107,1,car,0.8573,403.9,680.9,528.7,769.7
1107,1,car,0.7177,558.0,494.5,649.0,545.4
1107,2,large_vehicle,0.5570,951.3,425.2,1023.4,470.1
1107,0,person,0.4795,1192.6,520.0,1214.5,581.6
1107,0,person,0.1450,437.8,524.5,460.0,574.6
1107,2,large_vehicle,0.1401,558.0,494.5,649.0,545.4
1107,1,car,0.1244,951.3,425.2,1023.4,470.1
1108,1,car,0.8528,404.0,681.0,528.7,769.7
1108,1,car,0.7241,557.2,494.1,648.8,545.4
1108,2,large_vehicle,0.5591,951.2,425.3,1023.9,470.2
1108,0,person,0.4715,1192.6,520.2,1214.4,581.4
1108,0,person,0.1645,437.7,524.5,460.1,574.7
1108,2,large_vehicle,0.1444,557.2,494.1,648.8,545.4
1108,1,car,0.1300,951.2,425.3,1023.9,470.2
1109,1,car,0.6409,558.7,494.0,648.3,545.3
1109,1,car,0.6021,391.3,683.2,514.4,770.6
1109,2,large_vehicle,0.5030,952.5,425.2,1023.3,470.1
1109,0,person,0.4496,1192.6,521.4,1214.2,581.6
1109,2,large_vehicle,0.2194,558.7,494.0,648.3,545.3
1109,4,other_vehicle,0.1792,391.3,683.2,514.4,770.6
1110,1,car,0.6970,380.3,684.8,502.4,773.8
1110,2,large_vehicle,0.5612,952.0,425.0,1023.8,470.1
1110,1,car,0.5578,560.1,494.1,648.8,545.3
1110,0,person,0.4840,1192.7,521.6,1214.2,581.5
1110,0,person,0.2810,443.6,522.1,463.8,561.5
1110,2,large_vehicle,0.2465,560.1,494.1,648.8,545.3
1110,4,other_vehicle,0.1845,380.3,684.8,502.4,773.8
1110,1,car,0.1009,952.0,425.0,1023.8,470.1
1111,1,car,0.7054,380.3,684.8,502.4,773.8
1111,2,large_vehicle,0.5624,951.9,425.2,1023.8,470.1
1111,1,car,0.5308,559.7,493.9,648.5,545.2
1111,0,person,0.4852,1192.6,521.7,1214.2,581.4
1111,0,person,0.2905,443.6,522.2,463.8,561.4
1111,2,large_vehicle,0.2844,559.7,493.9,648.5,545.2
1111,4,other_vehicle,0.1791,380.3,684.8,502.4,773.8
1111,1,car,0.1079,951.9,425.2,1023.8,470.1
1112,1,car,0.6979,380.3,684.8,502.4,773.8
1112,2,large_vehicle,0.5734,952.0,425.1,1023.9,470.1
1112,1,car,0.5426,559.8,494.0,648.4,545.2
1112,0,person,0.4679,1192.6,521.7,1214.3,581.4
1112,0,person,0.2648,443.6,522.2,463.8,561.7
1112,2,large_vehicle,0.2635,559.8,494.0,648.4,545.2
1112,4,other_vehicle,0.1795,380.3,684.8,502.4,773.8
1112,1,car,0.1198,952.0,425.1,1023.9,470.1
1113,1,car,0.8498,366.6,687.9,486.4,774.5
1113,1,car,0.5687,556.6,493.9,647.9,545.2
1113,2,large_vehicle,0.5570,950.7,425.0,1022.9,469.9
1113,0,person,0.4110,1192.5,521.5,1214.5,581.3
1113,2,large_vehicle,0.3138,556.6,493.9,647.9,545.2
1113,1,car,0.1307,950.7,425.0,1022.9,469.9
1114,1,car,0.8504,366.5,687.9,486.3,774.5
1114,1,car,0.6081,556.2,493.8,647.8,545.3
1114,2,large_vehicle,0.5542,950.8,424.9,1023.3,469.9
1114,0,person,0.3659,1192.5,521.4,1214.6,581.2
1114,2,large_vehicle,0.2882,556.2,493.8,647.8,545.3
1114,1,car,0.1300,950.8,424.9,1023.3,469.9
1115,1,car,0.7908,352.9,691.0,474.0,778.3
1115,1,car,0.6786,556.3,493.6,648.0,545.4
1115,2,large_vehicle,0.5295,951.2,424.7,1023.7,470.0
1115,0,person,0.4594,1192.4,520.5,1214.8,581.4
1115,2,large_vehicle,0.2140,556.3,493.6,648.0,545.4
1115,0,person,0.2059,445.8,521.4,466.3,559.4
1115,1,car,0.1141,951.2,424.7,1023.7,470.0
1115,0,person,0.1101,447.0,520.7,464.8,555.8
1116,1,car,0.7908,352.8,691.0,474.0,778.3
1116,1,car,0.6735,556.3,493.7,648.0,545.4
1116,2,large_vehicle,0.5249,951.2,424.7,1023.7,470.0
1116,0,person,0.4739,1192.4,520.3,1214.7,581.3
1116,2,large_vehicle,0.2203,556.3,493.7,648.0,545.4
1116,0,person,0.2054,445.8,521.4,466.3,559.5
1116,1,car,0.1156,951.2,424.7,1023.7,470.0
1116,0,person,0.1145,446.9,520.7,464.8,555.9
1117,1,car,0.7958,352.8,691.1,474.0,778.3
1117,1,car,0.7252,555.9,493.6,648.1,545.4
1117,2,large_vehicle,0.4972,951.1,425.1,1023.8,470.0
1117,0,person,0.4548,1192.4,520.0,1214.8,581.2
1117,0,person,0.2062,445.7,521.4,466.3,559.6
1117,1,car,0.1616,951.1,425.1,1023.8,470.0
1117,2,large_vehicle,0.1608,555.9,493.6,648.1,545.4
1117,0,person,0.1203,446.9,520.8,464.8,555.9
1118,1,car,0.7503,341.8,692.9,458.7,779.0
1118,1,car,0.6597,557.6,493.9,648.3,545.2
1118,2,large_vehicle,0.5385,951.5,424.8,1023.4,470.0
1118,0,person,0.4528,1192.7,520.9,1214.6,581.3
1118,2,large_vehicle,0.2032,557.6,493.9,648.3,545.2
1118,1,car,0.1073,951.5,424.8,1023.4,470.0
1119,1,car,0.7769,341.8,693.1,458.7,778.9
1119,1,car,0.6645,557.6,493.9,648.4,545.2
1119,2,large_vehicle,0.5305,951.6,424.9,1023.1,470.0
1119,0,person,0.4311,1192.8,520.8,1214.5,580.8
1119,2,large_vehicle,0.1934,557.6,493.9,648.4,545.2
1119,1,car,0.1152,951.6,424.9,1023.1,470.0
1120,1,car,0.7291,328.0,695.6,449.4,780.9
1120,2,large_vehicle,0.6191,952.2,425.0,1022.0,470.0
1120,1,car,0.5040,560.0,493.8,648.7,545.2
1120,0,person,0.4020,1192.8,521.1,1214.5,580.5
1120,0,person,0.3100,451.1,519.2,471.3,559.2
1120,2,large_vehicle,0.2790,560.0,493.8,648.7,545.2
1120,0,person,0.1544,1035.6,423.7,1048.3,460.7
1120,0,person,0.1263,449.5,519.5,466.4,557.8
1120,0,person,0.1170,449.9,521.0,472.6,561.2
1121,1,car,0.7247,328.3,695.4,449.4,780.8
1121,2,large_vehicle,0.6231,951.9,424.9,1022.2,470.0
1121,1,car,0.5218,559.1,493.7,648.2,545.1
1121,0,person,0.3910,1192.8,521.2,1214.7,581.0
1121,0,person,0.3327,451.0,519.2,471.3,559.4
1121,2,large_vehicle,0.2985,559.1,493.7,648.2,545.1
1121,0,person,0.1657,1035.6,423.3,1048.4,461.1
1121,0,person,0.1247,449.5,519.5,466.4,557.9
1121,0,person,0.1084,449.9,520.9,472.6,561.3
1122,1,car,0.7296,328.0,695.4,449.4,780.8
1122,2,large_vehicle,0.6248,952.0,424.9,1021.9,470.0
1122,1,car,0.5174,559.1,493.6,648.1,545.1
1122,0,person,0.3709,1192.9,521.2,1214.7,580.9
1122,0,person,0.3327,451.0,519.2,471.3,559.4
1122,2,large_vehicle,0.3042,559.1,493.6,648.1,545.1
1122,0,person,0.1771,1035.6,423.6,1048.4,461.0
1122,0,person,0.1251,449.5,519.5,466.4,557.9
1122,0,person,0.1066,449.9,520.9,472.6,561.3
1123,1,car,0.7374,555.9,493.6,648.2,545.1
1123,1,car,0.7226,315.8,696.5,435.9,782.9
1123,2,large_vehicle,0.4166,950.1,425.3,1021.7,469.9
1123,0,person,0.4058,1192.7,520.4,1214.8,580.7
1123,1,car,0.2259,950.1,425.3,1021.7,469.9
1123,0,person,0.1873,452.4,520.1,472.5,557.6
1123,2,large_vehicle,0.1389,555.9,493.6,648.2,545.1
1124,1,car,0.7189,556.1,493.6,648.1,545.2
1124,1,car,0.7120,315.9,696.5,435.8,782.9
1124,0,person,0.4230,1192.7,520.6,1214.8,580.9
1124,2,large_vehicle,0.3976,950.2,425.3,1021.9,469.8
1124,1,car,0.2031,950.2,425.3,1021.9,469.8
1124,0,person,0.1950,452.4,520.1,472.5,557.6
1124,2,large_vehicle,0.1625,556.1,493.6,648.1,545.2
1125,1,car,0.8598,306.6,699.7,419.4,782.1
1125,1,car,0.7343,556.0,493.4,648.7,545.3
1125,2,large_vehicle,0.5785,950.9,424.7,1023.8,470.0
1125,0,person,0.4479,1192.6,520.3,1214.7,580.9
1125,3,motorcycle,0.1786,447.2,533.4,481.3,565.4
1125,0,person,0.1751,454.8,519.2,474.9,559.8
1125,0,person,0.1490,453.5,520.3,476.4,562.9
1125,2,large_vehicle,0.1317,556.0,493.4,648.7,545.3
1125,1,car,0.1158,950.9,424.7,1023.8,470.0
1125,0,person,0.1016,459.5,518.7,480.7,559.2
1126,1,car,0.8574,307.2,699.7,419.3,782.0
1126,1,car,0.7576,555.6,493.4,648.8,545.3
1126,2,large_vehicle,0.5722,950.9,424.7,1023.9,470.0
1126,0,person,0.4026,1192.6,519.9,1214.8,581.0
1126,0,person,0.2001,454.7,519.1,475.0,560.1
1126,3,motorcycle,0.1914,447.1,533.6,481.6,565.6
1126,0,person,0.1246,453.4,520.3,476.4,563.1
1126,1,car,0.1128,950.9,424.7,1023.9,470.0
1126,0,person,0.1098,459.3,518.7,480.8,559.5
1126,2,large_vehicle,0.1075,555.6,493.4,648.8,545.3
1127,1,car,0.8581,306.6,699.7,419.4,782.0
1127,1,car,0.7674,555.8,493.6,648.7,545.2
1127,2,large_vehicle,0.5887,951.0,424.8,1024.2,470.0
1127,0,person,0.4387,1192.7,520.0,1215.0,581.0
1127,3,motorcycle,0.1957,447.1,533.7,481.2,565.7
1127,0,person,0.1950,454.8,519.0,475.1,560.1
1127,0,person,0.1663,1034.7,423.0,1048.4,462.5
1127,0,person,0.1341,453.4,520.4,476.3,562.9
1127,1,car,0.1309,951.0,424.8,1024.2,470.0
1127,0,person,0.1092,459.4,518.5,480.7,559.6
1127,2,large_vehicle,0.1018,555.8,493.6,648.7,545.2
1128,1,car,0.6698,558.5,493.6,648.6,545.1
1128,1,car,0.5336,294.9,703.0,407.2,783.2
1128,0,person,0.4042,1192.7,519.7,1215.0,581.1
1128,2,large_vehicle,0.4014,951.3,425.1,1023.5,469.9
1128,0,person,0.2825,454.4,520.3,474.9,558.9
1128,3,motorcycle,0.2301,449.3,533.9,480.5,565.8
1128,1,car,0.2220,951.3,425.1,1023.5,469.9
1128,2,large_vehicle,0.1862,558.5,493.6,648.6,545.1
1128,0,person,0.1833,1034.5,422.9,1048.3,462.6
1128,0,person,0.1524,1032.0,422.9,1046.6,462.6
1128,4,other_vehicle,0.1306,294.9,703.0,407.2,783.2
1129,1,car,0.6763,557.8,493.7,648.6,545.1
1129,1,car,0.5296,294.9,703.1,407.2,783.3
1129,0,person,0.4142,1192.7,519.7,1215.1,581.1
1129,2,large_vehicle,0.3109,951.3,425.3,1023.4,469.9
1129,0,person,0.2718,454.4,520.3,474.9,558.9
1129,3,motorcycle,0.2212,449.3,533.7,480.5,565.8
1129,0,person,0.1886,1034.5,423.0,1048.3,462.5
1129,2,large_vehicle,0.1856,557.8,493.7,648.6,545.1
1129,1,car,0.1708,951.3,425.3,1023.4,469.9
1129,0,person,0.1512,1032.0,422.9,1046.6,462.6
1129,4,other_vehicle,0.1342,294.9,703.1,407.2,783.3
1130,1,car,0.7339,283.5,703.1,395.4,784.7
1130,2,large_vehicle,0.5868,951.8,425.0,1022.3,469.8
1130,1,car,0.5385,560.9,493.6,648.4,545.0
1130,2,large_vehicle,0.2812,560.9,493.6,648.4,545.0
1130,0,person,0.2287,1193.0,520.9,1214.4,580.5
1130,0,person,0.2066,455.9,520.8,475.6,556.7
1130,3,motorcycle,0.1975,450.5,532.1,481.4,565.2
1130,0,person,0.1362,1034.8,422.8,1048.0,460.3
1130,0,person,0.1030,1032.4,422.9,1046.2,460.5
1131,1,car,0.7303,283.5,703.1,395.4,784.7
1131,2,large_vehicle,0.6007,951.8,425.1,1022.8,469.8
1131,1,car,0.5376,560.9,493.6,648.4,545.0
1131,2,large_vehicle,0.2816,560.9,493.6,648.4,545.0
1131,0,person,0.2539,1193.2,520.9,1214.6,580.6
1131,0,person,0.2132,455.9,520.9,475.6,556.9
1131,3,motorcycle,0.2063,450.5,532.3,481.4,565.2
1131,0,person,0.1382,1034.7,423.0,1047.9,460.6
1131,0,person,0.1209,1032.4,423.0,1046.2,460.7
1132,1,car,0.7429,283.5,703.0,395.4,784.7
1132,1,car,0.5401,561.1,493.7,648.8,545.0
1132,2,large_vehicle,0.4963,951.8,425.1,1022.1,469.8
1132,2,large_vehicle,0.2596,561.1,493.7,648.8,545.0
1132,0,person,0.2425,1193.1,521.1,1214.3,580.5
1132,3,motorcycle,0.2144,450.6,531.2,481.1,565.1
1132,0,person,0.2019,455.9,520.9,475.4,556.0
1132,0,person,0.1357,1034.8,422.8,1048.0,460.5
1132,0,person,0.1041,1032.4,422.9,1046.2,460.6
1133,1,car,0.7023,558.8,493.7,648.7,545.1
1133,1,car,0.6319,268.7,705.0,382.3,786.3
1133,2,large_vehicle,0.4309,950.4,425.3,1020.9,469.9
1133,0,person,0.2561,1193.0,520.4,1214.4,580.6
1133,2,large_vehicle,0.2364,21.1,779.4,98.1,841.8
1133,0,person,0.2328,1032.4,423.7,1046.2,460.1
1133,1,car,0.2260,950.4,425.3,1020.9,469.9
1133,2,large_vehicle,0.1486,558.8,493.7,648.7,545.1
1133,0,person,0.1394,1034.6,423.6,1047.8,459.6
1134,1,car,0.7747,557.0,493.9,648.5,545.1
1134,1,car,0.4510,264.6,707.2,369.4,786.3
1134,2,large_vehicle,0.3861,949.1,425.2,1021.6,470.1
1134,0,person,0.3471,1032.2,424.2,1046.2,460.5
1134,0,person,0.2537,1192.9,519.4,1214.4,580.6
1134,1,car,0.2124,949.1,425.2,1021.6,470.1
1134,4,other_vehicle,0.1609,264.6,707.2,369.4,786.3
1134,0,person,0.1030,1034.5,424.3,1047.8,459.9
1135,1,car,0.7681,557.6,494.0,648.6,545.2
1135,1,car,0.4517,264.6,707.2,369.4,786.3
1135,2,large_vehicle,0.4112,949.3,425.2,1021.6,470.1
1135,0,person,0.3436,1032.2,424.3,1046.2,460.4
1135,0,person,0.2465,1192.9,519.3,1214.3,580.6
1135,1,car,0.2040,949.3,425.2,1021.6,470.1
1135,4,other_vehicle,0.1535,264.6,707.2,369.4,786.3
1135,0,person,0.1043,1034.5,424.4,1047.7,459.8
1135,1,car,0.1013,26.1,779.1,104.9,847.5
1136,1,car,0.7696,557.5,494.0,648.5,545.2
1136,1,car,0.4519,264.6,707.2,369.4,786.2
1136,2,large_vehicle,0.4197,950.0,425.0,1021.3,470.0
1136,0,person,0.3319,1032.2,424.3,1046.2,460.4
1136,0,person,0.2745,1192.9,519.7,1214.1,580.9
1136,1,car,0.2088,950.0,425.0,1021.3,470.0
1136,4,other_vehicle,0.1582,264.6,707.2,369.4,786.2
1137,1,car,0.6570,559.8,493.8,648.1,545.1
1137,4,other_vehicle,0.4178,254.0,708.4,357.3,788.2
1137,2,large_vehicle,0.3714,952.1,425.1,1020.6,469.8
1137,0,person,0.3296,1031.9,424.5,1046.0,460.6
1137,1,car,0.2085,254.0,708.4,357.3,788.2
1137,0,person,0.2079,1192.9,520.3,1214.0,581.0
1137,2,large_vehicle,0.1987,559.8,493.8,648.1,545.1
1137,1,car,0.1596,952.1,425.1,1020.6,469.8
1137,4,other_vehicle,0.1338,30.6,780.1,111.4,846.5
1137,2,large_vehicle,0.1122,30.6,780.1,111.4,846.5
1138,1,car,0.6612,558.1,493.6,648.1,545.1
1138,4,other_vehicle,0.4364,254.0,708.4,357.2,788.2
1138,2,large_vehicle,0.3625,952.1,425.1,1021.1,469.7
1138,0,person,0.3109,1031.9,424.2,1046.0,460.6
1138,2,large_vehicle,0.2019,558.1,493.6,648.1,545.1
1138,1,car,0.1974,254.0,708.4,357.2,788.2
1138,0,person,0.1890,1192.8,519.8,1214.2,581.0
1138,1,car,0.1811,952.1,425.1,1021.1,469.7
1138,4,other_vehicle,0.1489,30.6,780.0,111.4,846.5
1139,4,other_vehicle,0.5457,243.6,709.5,347.1,788.5
1139,1,car,0.4296,562.0,494.3,648.4,544.9
1139,2,large_vehicle,0.4252,952.0,425.1,1021.4,469.9
1139,0,person,0.3804,1031.6,424.8,1045.9,463.4
1139,2,large_vehicle,0.2672,35.5,780.7,119.0,850.6
1139,0,person,0.2399,1193.2,520.9,1214.1,580.8
1139,1,car,0.1977,35.5,780.7,119.0,850.6
1139,1,car,0.1511,952.0,425.1,1021.4,469.9
1139,1,car,0.1395,243.6,709.5,347.1,788.5
1139,1,car,0.1386,564.4,493.4,648.6,544.6
1139,2,large_vehicle,0.1356,562.0,494.3,648.4,544.9
1140,4,other_vehicle,0.5473,243.6,709.5,347.1,788.5
1140,2,large_vehicle,0.4303,952.0,425.0,1021.4,469.9
1140,0,person,0.3791,1031.6,424.8,1045.9,463.4
1140,1,car,0.3697,562.1,494.3,648.4,544.8
1140,2,large_vehicle,0.2679,35.5,780.7,119.1,850.6
1140,0,person,0.2342,1193.2,521.0,1214.0,580.8
1140,1,car,0.1975,35.5,780.7,119.1,850.6
1140,1,car,0.1496,564.5,493.4,648.6,544.5
1140,1,car,0.1488,952.0,425.0,1021.4,469.9
1140,1,car,0.1375,243.6,709.5,347.1,788.5
1140,2,large_vehicle,0.1163,562.1,494.3,648.4,544.8
1141,4,other_vehicle,0.5401,243.6,709.5,347.1,788.5
1141,2,large_vehicle,0.3561,952.0,425.2,1021.5,469.8
1141,0,person,0.3187,1031.5,424.8,1045.8,462.9
1141,2,large_vehicle,0.2628,35.5,780.7,118.8,850.5
1141,0,person,0.2363,1193.0,521.2,1213.9,580.8
1141,1,car,0.2265,564.7,493.6,648.3,544.5
1141,1,car,0.1758,35.5,780.7,118.8,850.5
1141,1,car,0.1399,243.6,709.5,347.1,788.5
1141,1,car,0.1340,952.0,425.2,1021.5,469.8
1141,2,large_vehicle,0.1277,564.7,493.6,648.3,544.5
1142,1,car,0.6569,559.1,494.2,647.9,544.7
1142,0,person,0.3960,1031.3,425.1,1045.7,463.6
1142,2,large_vehicle,0.3879,950.7,425.4,1020.1,469.9
1142,1,car,0.3334,40.5,781.2,125.2,851.7
1142,2,large_vehicle,0.3022,40.5,781.2,125.2,851.7
1142,0,person,0.2892,1193.0,520.8,1214.1,580.7
1142,1,car,0.2203,950.7,425.4,1020.1,469.9
1142,1,car,0.2115,234.0,711.5,334.6,789.8
1142,2,large_vehicle,0.2051,559.1,494.2,647.9,544.7
1142,4,other_vehicle,0.1663,234.0,711.5,334.6,789.8
1143,1,car,0.6499,559.3,494.2,647.9,544.7
1143,2,large_vehicle,0.3917,950.7,425.4,1020.1,469.9
1143,0,person,0.3709,1031.3,425.0,1045.7,463.9
1143,1,car,0.3258,40.5,781.2,125.2,851.6
1143,2,large_vehicle,0.3051,40.5,781.2,125.2,851.6
1143,0,person,0.2930,1193.1,520.8,1214.1,580.6
1143,1,car,0.2185,950.7,425.4,1020.1,469.9
1143,1,car,0.2142,234.0,711.6,334.7,790.0
1143,2,large_vehicle,0.2113,559.3,494.2,647.9,544.7
1143,4,other_vehicle,0.1654,234.0,711.6,334.7,790.0
1144,1,car,0.7475,557.1,494.2,647.8,545.0
1144,1,car,0.4425,45.2,781.7,132.3,855.2
1144,0,person,0.4361,1030.9,425.0,1045.1,464.2
1144,2,large_vehicle,0.3949,950.8,425.5,1020.5,469.8
1144,2,large_vehicle,0.3058,45.2,781.7,132.3,855.2
1144,0,person,0.2722,1193.1,521.1,1214.1,580.8
1144,1,car,0.2415,224.1,714.6,323.2,791.2
1144,2,large_vehicle,0.1747,951.9,425.2,1020.8,469.8
1144,2,large_vehicle,0.1434,557.1,494.2,647.8,545.0
1144,1,car,0.1333,950.8,425.5,1020.5,469.8
1145,1,car,0.7112,557.8,494.1,648.0,545.1
1145,2,large_vehicle,0.4737,950.9,425.0,1020.5,469.9
1145,0,person,0.4574,1030.5,425.1,1044.8,464.2
1145,1,car,0.4201,45.2,781.6,132.3,855.3
1145,2,large_vehicle,0.3240,45.2,781.6,132.3,855.3
1145,0,person,0.2868,1193.1,521.2,1214.2,580.8
1145,1,car,0.2226,224.1,714.6,323.2,791.2
1145,2,large_vehicle,0.1807,557.8,494.1,648.0,545.1
1145,1,car,0.1746,950.9,425.0,1020.5,469.9
1146,1,car,0.7171,557.8,494.2,648.0,545.1
1146,0,person,0.4442,1030.7,425.0,1044.9,463.8
1146,1,car,0.4222,45.2,781.6,132.3,855.2
1146,2,large_vehicle,0.4131,950.8,425.3,1020.2,469.8
1146,2,large_vehicle,0.3220,45.2,781.6,132.3,855.2
1146,0,person,0.2821,1193.1,521.2,1214.2,580.8
1146,1,car,0.2282,224.1,714.7,323.2,791.2
1146,1,car,0.1771,950.8,425.3,1020.2,469.8
1146,2,large_vehicle,0.1751,557.8,494.2,648.0,545.1
1147,1,car,0.6889,559.5,494.0,648.3,544.9
1147,1,car,0.6156,49.1,781.0,139.5,857.3
1147,0,person,0.4623,1030.3,424.8,1044.6,464.9
1147,2,large_vehicle,0.3410,952.5,424.9,1022.2,469.6
1147,1,car,0.3388,214.9,714.6,311.9,792.0
1147,0,person,0.3317,1193.0,520.2,1214.2,580.6
1147,1,car,0.2101,952.5,424.9,1022.2,469.6
1147,2,large_vehicle,0.1647,559.5,494.0,648.3,544.9
1147,4,other_vehicle,0.1119,214.9,714.6,311.9,792.0
1148,1,car,0.6842,560.1,494.0,648.2,544.9
1148,1,car,0.6060,49.1,781.1,139.5,857.4
1148,0,person,0.4192,1030.3,424.8,1044.7,463.9
1148,2,large_vehicle,0.3522,952.6,425.0,1020.3,469.4
1148,1,car,0.3408,214.9,714.5,311.9,792.2
1148,0,person,0.3276,1193.0,520.2,1214.3,580.6
1148,1,car,0.1899,952.6,425.0,1020.3,469.4
1148,2,large_vehicle,0.1602,560.1,494.0,648.2,544.9
1148,4,other_vehicle,0.1065,214.9,714.5,311.9,792.2
1149,1,car,0.5565,206.1,716.8,301.0,792.2
1149,0,person,0.4970,1029.8,424.9,1044.1,463.2
1149,1,car,0.4558,55.1,782.0,146.6,858.7
1149,2,large_vehicle,0.3909,952.1,425.1,1019.7,469.5
1149,0,person,0.2914,1193.2,520.7,1213.9,580.4
1149,1,car,0.2665,564.4,493.3,648.1,544.6
1149,2,large_vehicle,0.1895,564.4,493.3,648.1,544.6
1149,1,car,0.1812,952.1,425.1,1019.7,469.5
1150,1,car,0.5485,206.1,716.9,300.9,792.1
1150,0,person,0.4928,1029.8,425.0,1044.1,463.2
1150,1,car,0.4602,55.2,782.0,146.7,858.8
1150,2,large_vehicle,0.3912,952.2,425.1,1019.8,469.5
1150,1,car,0.3061,565.1,493.3,648.2,544.6
1150,0,person,0.2824,1193.2,520.4,1214.0,580.6
1150,2,large_vehicle,0.2186,565.1,493.3,648.2,544.6
1150,1,car,0.1699,952.2,425.1,1019.8,469.5
1151,1,car,0.5580,206.1,716.8,301.1,792.2
1151,0,person,0.4835,1029.8,424.7,1043.8,463.3
1151,1,car,0.4613,55.3,782.0,146.6,858.7
1151,2,large_vehicle,0.3988,952.0,425.2,1019.4,469.6
1151,0,person,0.2396,1193.1,520.5,1213.8,580.4
1151,1,car,0.2075,561.8,494.2,647.9,544.9
1151,1,car,0.1820,952.0,425.2,1019.4,469.6
1151,1,car,0.1663,564.3,493.2,648.0,544.6
1151,2,large_vehicle,0.1582,564.3,493.2,648.0,544.6
1151,2,large_vehicle,0.1449,561.8,494.2,647.9,544.9
1152,1,car,0.6634,558.0,494.1,648.0,544.9
1152,1,car,0.5876,61.0,781.5,155.0,861.4
1152,0,person,0.4877,1029.2,424.6,1043.2,464.3
1152,2,large_vehicle,0.4292,951.9,425.2,1019.3,469.5
1152,1,car,0.4151,197.4,717.9,290.5,793.0
1152,0,person,0.2503,1193.1,520.7,1213.9,580.4
1152,1,car,0.2260,951.9,425.2,1019.3,469.5
1152,2,large_vehicle,0.2102,558.0,494.1,648.0,544.9
1153,1,car,0.6766,557.6,494.0,648.0,544.8
1153,1,car,0.5806,61.1,781.5,154.8,861.4
1153,0,person,0.4674,1029.3,424.4,1043.3,464.1
1153,1,car,0.4172,197.4,717.9,290.5,793.0
1153,2,large_vehicle,0.3974,951.7,425.4,1019.2,469.5
1153,1,car,0.2497,951.7,425.4,1019.2,469.5
1153,0,person,0.2380,1193.3,521.0,1213.9,580.3
1153,2,large_vehicle,0.1904,557.6,494.0,648.0,544.8
1154,1,car,0.6666,559.5,494.1,648.1,544.9
1154,2,large_vehicle,0.5296,950.9,425.1,1018.9,469.5
1154,0,person,0.4788,1028.7,424.6,1043.8,464.3
1154,1,car,0.4364,188.7,719.6,281.3,793.8
1154,1,car,0.3906,62.8,782.6,161.3,863.2
1154,0,person,0.2514,1193.3,520.4,1213.9,580.6
1154,2,large_vehicle,0.2168,559.5,494.1,648.1,544.9
1154,1,car,0.1447,950.9,425.1,1018.9,469.5
1155,1,car,0.6841,559.6,494.3,648.1,544.9
1155,2,large_vehicle,0.5284,950.9,425.1,1018.8,469.5
1155,0,person,0.4743,1028.7,424.6,1043.8,464.2
1155,1,car,0.4370,188.7,719.6,281.3,793.8
1155,1,car,0.3929,62.9,782.6,161.4,863.2
1155,0,person,0.2555,1193.2,520.4,1213.9,580.6
1155,2,large_vehicle,0.1939,559.6,494.3,648.1,544.9
1155,1,car,0.1467,950.9,425.1,1018.8,469.5
1156,1,car,0.7561,558.2,494.2,648.0,545.0
1156,2,large_vehicle,0.4902,950.7,425.2,1019.1,469.5
1156,0,person,0.4848,1028.8,424.6,1043.8,463.9
1156,1,car,0.4392,188.7,719.7,281.3,793.8
1156,1,car,0.3848,62.9,782.5,161.3,863.4
1156,0,person,0.1992,1193.2,520.2,1213.9,580.4
1156,1,car,0.1732,950.7,425.2,1019.1,469.5
1156,2,large_vehicle,0.1345,558.2,494.2,648.0,545.0
1157,0,person,0.5368,1027.7,424.2,1042.8,463.3
1157,1,car,0.4425,180.0,720.6,270.6,794.6
1157,2,large_vehicle,0.4219,952.1,425.3,1019.7,469.5
1157,1,car,0.4032,65.9,782.9,167.4,864.3
1157,0,person,0.2839,1193.1,520.5,1213.9,580.6
1157,1,car,0.2447,563.8,493.5,648.0,544.5
1157,1,car,0.1928,952.1,425.3,1019.7,469.5
1157,1,car,0.1558,561.3,494.4,647.9,544.8
1157,2,large_vehicle,0.1007,563.8,493.5,648.0,544.5
1158,1,car,0.5976,74.8,783.1,177.2,863.9
1158,1,car,0.5379,171.3,722.5,261.0,794.3
1158,0,person,0.4705,1027.4,424.2,1042.3,462.7
1158,2,large_vehicle,0.4352,952.0,425.4,1019.5,469.6
1158,1,car,0.4013,565.3,493.7,647.8,544.5
1158,0,person,0.2565,1193.2,520.7,1213.9,580.3
1158,2,large_vehicle,0.2292,565.3,493.7,647.8,544.5
1158,1,car,0.1359,952.0,425.4,1019.5,469.6
1159,1,car,0.5969,74.9,783.0,177.2,864.1
1159,1,car,0.5325,171.3,722.4,261.0,794.4
1159,0,person,0.4936,1027.5,424.1,1042.3,462.8
1159,2,large_vehicle,0.4270,951.9,425.4,1020.2,469.6
1159,1,car,0.3138,565.1,493.6,647.9,544.5
1159,0,person,0.2226,1193.1,520.3,1213.8,580.2
1159,2,large_vehicle,0.1995,565.1,493.6,647.9,544.5
1159,1,car,0.1485,951.9,425.4,1020.2,469.6
1160,1,car,0.5974,74.7,783.2,177.3,863.9
1160,1,car,0.5419,171.2,722.5,261.0,794.3
1160,0,person,0.4715,1027.5,424.1,1042.4,462.5
1160,2,large_vehicle,0.3585,952.3,425.4,1021.0,469.6
1160,1,car,0.3196,565.2,493.4,648.2,544.4
1160,0,person,0.2157,1193.3,520.4,1213.8,580.0
1160,2,large_vehicle,0.1890,565.2,493.4,648.2,544.4
1160,1,car,0.1523,952.3,425.4,1021.0,469.6
1161,1,car,0.7243,558.9,494.4,648.2,544.6
1161,0,person,0.4740,1026.7,424.5,1042.0,462.8
1161,1,car,0.4556,78.4,784.2,185.2,865.4
1161,1,car,0.4241,162.5,723.9,251.5,793.9
1161,2,large_vehicle,0.3982,950.9,425.4,1021.9,469.5
1161,1,car,0.2397,950.9,425.4,1021.9,469.5
1161,0,person,0.2081,1193.2,519.9,1214.0,579.9
1161,2,large_vehicle,0.1314,558.9,494.4,648.2,544.6
1162,1,car,0.7271,558.6,494.3,648.1,544.5
1162,0,person,0.4889,1026.7,424.6,1042.2,462.9
1162,1,car,0.4548,78.5,784.2,185.2,865.5
1162,1,car,0.4250,162.5,723.8,251.7,794.0
1162,2,large_vehicle,0.3504,950.8,425.4,1022.0,469.5
1162,1,car,0.2643,950.8,425.4,1022.0,469.5
1162,0,person,0.1795,1193.4,520.0,1214.3,579.8
1162,2,large_vehicle,0.1321,558.6,494.3,648.1,544.5
1163,1,car,0.7119,559.2,494.2,649.6,544.6
1163,1,car,0.4620,86.1,778.7,194.9,868.5
1163,0,person,0.4478,1025.8,424.6,1041.8,464.1
1163,1,car,0.3610,154.0,723.0,241.5,794.5
1163,2,large_vehicle,0.3532,951.6,425.2,1024.6,469.3
1163,1,car,0.1946,951.6,425.2,1024.6,469.3
1163,0,person,0.1892,1193.4,519.7,1214.3,580.0
1163,2,large_vehicle,0.1219,559.2,494.2,649.6,544.6
1164,1,car,0.7109,559.2,494.2,649.6,544.6
1164,1,car,0.4607,86.3,778.6,194.9,868.5
1164,0,person,0.4488,1025.7,424.6,1041.9,464.1
1164,1,car,0.3622,154.0,723.0,241.5,794.5
1164,2,large_vehicle,0.3555,951.5,425.2,1024.6,469.3
1164,1,car,0.2008,951.5,425.2,1024.6,469.3
1164,0,person,0.1914,1193.4,519.8,1214.3,580.0
1164,2,large_vehicle,0.1228,559.2,494.2,649.6,544.6
1165,1,car,0.7549,559.0,494.2,649.6,544.6
1165,1,car,0.4441,85.9,778.9,194.8,868.5
1165,0,person,0.4118,1025.8,424.6,1042.0,464.1
1165,1,car,0.3470,154.2,723.1,241.5,794.3
1165,2,large_vehicle,0.3032,951.5,425.4,1024.3,469.3
1165,0,person,0.1708,1193.3,519.6,1214.3,579.9
1165,1,car,0.1562,951.5,425.4,1024.3,469.3
1166,1,car,0.7198,560.0,494.0,648.0,544.5
1166,1,car,0.3638,83.9,782.4,202.8,864.8
1166,0,person,0.2889,1026.1,424.7,1041.4,464.0
1166,2,large_vehicle,0.2524,952.9,424.9,1025.6,469.3
1166,0,person,0.2255,1193.5,520.1,1214.2,579.9
1166,1,car,0.2219,147.3,724.6,231.2,793.0
1166,1,car,0.1750,952.9,424.9,1025.6,469.3
1166,1,car,0.1696,562.6,493.1,648.1,544.3
1166,2,large_vehicle,0.1070,560.0,494.0,648.0,544.5
1167,1,car,0.7234,560.1,494.1,648.4,544.5
1167,1,car,0.3690,84.9,782.5,202.9,864.9
1167,0,person,0.3100,1025.9,424.8,1041.3,464.3
1167,2,large_vehicle,0.3094,952.8,425.0,1025.7,469.2
1167,1,car,0.2211,952.8,425.0,1025.7,469.2
1167,1,car,0.2176,147.3,724.6,231.3,793.0
1167,0,person,0.1883,1193.4,520.0,1214.2,579.8
1167,1,car,0.1651,562.6,493.2,648.5,544.3
1167,2,large_vehicle,0.1020,560.1,494.1,648.4,544.5
1168,2,large_vehicle,0.4541,953.5,424.4,1032.2,468.9
1168,1,car,0.3438,140.2,724.6,221.8,793.4
1168,0,person,0.3264,1025.3,424.7,1040.4,463.4
1168,1,car,0.2863,564.2,493.4,649.0,544.3
1168,2,large_vehicle,0.2584,103.9,783.6,211.6,866.2
1168,0,person,0.2192,1193.4,520.5,1214.1,580.1
1168,1,car,0.2071,562.0,494.2,648.8,544.4
1168,1,car,0.1692,103.9,783.6,211.6,866.2
1168,2,large_vehicle,0.1476,953.5,425.0,1028.0,469.3
1169,2,large_vehicle,0.4327,953.8,424.5,1032.5,468.9
1169,0,person,0.3439,1025.5,425.0,1040.6,463.7
1169,1,car,0.3333,140.2,724.6,221.8,793.5
1169,1,car,0.2714,562.3,494.3,648.8,544.4
1169,1,car,0.2630,564.3,493.3,649.2,544.3
1169,2,large_vehicle,0.2568,103.8,783.7,211.6,866.2
1169,0,person,0.1917,1193.4,520.5,1214.0,579.9
1169,1,car,0.1789,103.8,783.7,211.6,866.2
1169,1,car,0.1025,953.8,424.5,1032.5,468.9
1170,2,large_vehicle,0.4157,953.9,424.5,1032.1,468.8
1170,1,car,0.3455,140.2,724.6,221.8,793.4
1170,0,person,0.3426,1025.4,424.8,1040.7,463.7
1170,1,car,0.2729,562.3,494.2,649.0,544.4
1170,1,car,0.2666,564.3,493.4,649.3,544.3
1170,2,large_vehicle,0.2598,103.9,783.6,211.6,866.2
1170,0,person,0.2245,1193.4,520.4,1214.0,580.0
1170,1,car,0.1766,103.9,783.6,211.6,866.2
1170,2,large_vehicle,0.1519,953.7,425.0,1027.8,469.2
1171,1,car,0.6968,559.5,494.2,649.2,544.4
1171,2,large_vehicle,0.4283,952.2,424.5,1032.5,468.8
1171,0,person,0.2450,1025.2,425.1,1040.1,464.8
1171,1,car,0.2322,109.6,783.8,220.3,867.8
1171,1,car,0.2315,133.0,724.9,213.8,793.8
1171,1,car,0.1853,952.2,424.5,1032.5,468.8
1171,0,person,0.1766,1193.3,520.7,1213.9,579.7
1171,2,large_vehicle,0.1186,559.5,494.2,649.2,544.4
1172,1,car,0.6947,559.8,494.4,649.6,544.5
1172,2,large_vehicle,0.4817,952.0,424.3,1033.7,468.8
1172,0,person,0.3138,1025.0,424.7,1040.0,464.9
1172,1,car,0.2438,109.7,783.7,220.2,867.8
1172,1,car,0.2240,133.0,724.8,213.8,793.9
1172,0,person,0.1852,1193.4,520.1,1214.2,579.5
1172,1,car,0.1623,562.6,493.6,650.1,544.3
1172,1,car,0.1445,952.0,424.3,1033.7,468.8
1172,2,large_vehicle,0.1192,951.5,424.9,1029.1,469.0
1172,1,car,0.1004,951.5,424.9,1029.1,469.0
1173,1,car,0.7440,559.8,494.3,649.5,544.3
1173,1,car,0.5109,117.6,783.2,229.1,869.4
1173,0,person,0.4893,1024.9,424.9,1040.1,465.4
1173,1,car,0.3621,125.0,725.8,205.1,793.4
1173,2,large_vehicle,0.2064,952.1,424.4,1031.5,468.6
1173,0,person,0.1721,1193.6,520.5,1214.4,579.3
1173,1,car,0.1669,561.8,493.6,649.7,544.2
1173,2,large_vehicle,0.1480,951.5,424.8,1028.4,468.9
1173,1,car,0.1458,951.5,424.8,1028.4,468.9
1174,1,car,0.7492,559.8,494.4,649.5,544.4
1174,1,car,0.5099,117.7,783.2,229.0,869.5
1174,0,person,0.4404,1024.8,424.5,1039.6,465.0
1174,1,car,0.3639,125.0,725.9,205.1,793.4
1174,1,car,0.2145,561.8,493.7,649.7,544.2
1174,2,large_vehicle,0.1925,951.1,425.0,1027.0,469.0
1174,1,car,0.1751,951.1,425.0,1027.0,469.0
1174,0,person,0.1731,1193.8,520.6,1214.5,579.5
1174,2,large_vehicle,0.1645,952.0,424.4,1031.6,468.6
1175,1,car,0.7446,560.5,494.1,649.4,544.3
1175,1,car,0.5251,117.6,783.1,229.1,869.1
1175,0,person,0.4592,1024.6,424.5,1040.0,465.2
1175,1,car,0.3609,125.0,725.8,205.4,793.3
1175,2,large_vehicle,0.2663,951.9,424.2,1032.5,468.5
1175,0,person,0.2016,1193.6,520.2,1214.4,579.5
1175,1,car,0.1944,562.1,493.3,649.8,544.1
1175,2,large_vehicle,0.1830,951.0,424.8,1027.1,468.9
1175,1,car,0.1634,951.0,424.8,1027.1,468.9
1176,1,car,0.7290,559.8,493.8,649.0,544.2
1176,0,person,0.5048,1024.3,424.3,1039.0,463.8
1176,1,car,0.3436,124.8,782.0,238.5,870.1
1176,2,large_vehicle,0.2584,952.8,425.0,1025.0,468.6
1176,1,car,0.2184,952.8,425.0,1025.0,468.6
1176,1,car,0.1799,118.9,726.7,196.8,794.9
1176,0,person,0.1647,1193.4,519.9,1214.4,579.6
1176,1,car,0.1359,561.9,492.9,649.3,544.1
1177,1,car,0.7363,559.6,493.8,649.0,544.2
1177,0,person,0.5019,1024.3,424.3,1039.1,463.8
1177,1,car,0.3482,124.8,782.0,238.5,870.0
1177,1,car,0.2662,952.5,424.9,1025.2,468.5
1177,2,large_vehicle,0.2436,952.5,424.9,1025.2,468.5
1177,1,car,0.1800,118.9,726.7,196.8,794.9
1177,0,person,0.1483,1193.4,519.6,1214.4,580.0
1177,1,car,0.1219,561.7,492.9,649.3,544.0
1178,0,person,0.5457,1024.5,425.9,1039.0,463.7
1178,0,person,0.4302,1193.3,520.7,1213.9,580.3
1178,2,large_vehicle,0.3966,953.0,424.9,1022.0,468.3
1178,1,car,0.3685,564.0,493.1,650.1,543.9
1178,1,car,0.1988,953.0,424.9,1022.0,468.3
1178,2,large_vehicle,0.1039,564.0,493.1,650.1,543.9
1178,0,person,0.1012,487.4,511.4,504.8,546.9
1179,0,person,0.5456,1024.5,425.8,1039.0,463.7
1179,2,large_vehicle,0.4054,953.1,425.0,1021.4,468.3
1179,0,person,0.3860,1193.4,520.4,1214.1,580.3
1179,1,car,0.3643,564.1,493.1,650.1,543.9
1179,1,car,0.1996,953.1,425.0,1021.4,468.3
1179,2,large_vehicle,0.1056,564.1,493.1,650.1,543.9
1180,0,person,0.5522,1024.5,425.9,1038.9,463.7
1180,1,car,0.4265,564.2,493.2,650.1,544.0
1180,2,large_vehicle,0.3942,953.0,425.0,1021.8,468.3
1180,0,person,0.3886,1193.3,520.4,1213.9,580.5
1180,1,car,0.2118,953.0,425.0,1021.8,468.3
1180,2,large_vehicle,0.1220,564.2,493.2,650.1,544.0
1180,0,person,0.1057,487.4,511.3,504.7,546.9
1181,1,car,0.6210,559.0,493.5,647.9,544.3
1181,0,person,0.4548,1024.2,425.4,1038.6,463.8
1181,1,car,0.3424,139.1,781.0,256.0,871.6
1181,1,car,0.3324,952.1,424.8,1025.1,468.1
1181,2,large_vehicle,0.2837,952.1,424.8,1025.1,468.1
1181,1,car,0.2672,562.3,492.7,647.8,544.1
1181,0,person,0.2472,1193.5,519.6,1214.3,580.0
1182,1,car,0.6292,147.6,780.8,267.4,871.8
1182,0,person,0.4998,1023.9,425.6,1038.0,463.8
1182,2,large_vehicle,0.3812,951.2,424.7,1023.5,468.0
1182,1,car,0.3737,562.4,492.9,648.6,544.1
1182,0,person,0.2759,1193.6,520.0,1214.2,579.7
1182,1,car,0.2687,951.2,424.7,1023.5,468.0
1182,1,car,0.2146,560.0,493.7,648.6,544.3
1183,1,car,0.6213,147.7,780.9,267.3,871.8
1183,0,person,0.4931,1024.0,425.5,1038.0,463.8
1183,2,large_vehicle,0.3930,951.2,424.7,1023.6,468.0
1183,1,car,0.3861,562.3,493.0,648.6,544.1
1183,1,car,0.2724,951.2,424.7,1023.6,468.0
1183,1,car,0.2345,559.8,493.7,648.6,544.3
1183,0,person,0.2306,1193.6,519.2,1214.3,579.6
1184,1,car,0.6263,147.6,780.9,267.3,871.8
1184,0,person,0.5126,1023.9,425.5,1038.3,464.0
1184,1,car,0.4673,559.8,493.7,648.6,544.3
1184,2,large_vehicle,0.3630,951.3,424.6,1024.0,468.1
1184,1,car,0.3134,562.2,493.0,648.6,544.0
1184,1,car,0.2473,951.3,424.6,1024.0,468.1
1184,0,person,0.1909,1193.6,519.2,1214.2,579.6
1185,1,car,0.6619,156.3,781.9,278.4,872.1
1185,1,car,0.4153,563.3,492.9,648.7,544.0
1185,2,large_vehicle,0.3519,952.3,424.8,1022.2,468.0
1185,0,person,0.3352,1024.0,425.2,1038.7,463.1
1185,0,person,0.1920,1193.5,518.6,1214.3,579.9
1185,1,car,0.1899,952.3,424.8,1022.2,468.0
1185,1,car,0.1819,92.7,730.3,165.4,794.7
1185,2,large_vehicle,0.1157,563.3,492.9,648.7,544.0
1186,1,car,0.6500,156.3,781.9,278.3,872.2
1186,1,car,0.4000,563.1,492.8,648.7,544.0
1186,2,large_vehicle,0.3477,952.6,424.9,1022.7,468.0
1186,0,person,0.3223,1024.0,425.2,1038.6,462.9
1186,0,person,0.1889,1193.3,518.2,1214.3,579.8
1186,1,car,0.1838,92.6,730.3,165.3,794.7
1186,1,car,0.1787,952.6,424.9,1022.7,468.0
1186,2,large_vehicle,0.1118,563.1,492.8,648.7,544.0
1187,1,car,0.5709,560.0,493.2,648.7,544.0
1187,1,car,0.3706,164.3,782.8,286.9,871.6
1187,0,person,0.2976,1024.0,425.5,1039.6,464.1
1187,2,large_vehicle,0.2770,952.7,424.8,1022.3,467.8
1187,2,large_vehicle,0.2509,164.3,782.8,286.9,871.6
1187,2,large_vehicle,0.2276,560.0,493.2,648.7,544.0
1187,0,person,0.2220,1193.5,519.3,1213.8,579.7
1187,1,car,0.2176,86.5,731.1,158.1,796.5
1187,1,car,0.1408,563.1,492.4,649.0,543.8
1187,1,car,0.1226,952.7,424.8,1022.3,467.8
1188,1,car,0.4844,560.2,493.4,648.7,544.0
1188,1,car,0.3734,164.3,782.8,286.8,871.6
1188,0,person,0.2929,1024.0,425.5,1039.3,464.1
1188,2,large_vehicle,0.2739,952.8,425.0,1022.0,467.8
1188,2,large_vehicle,0.2477,164.3,782.8,286.8,871.6
1188,1,car,0.2188,86.6,731.1,158.1,796.5
1188,0,person,0.2169,1193.5,519.4,1213.8,579.7
1188,1,car,0.1981,563.2,492.5,648.9,543.8
1188,2,large_vehicle,0.1646,560.2,493.4,648.7,544.0
1188,1,car,0.1255,952.8,425.0,1022.0,467.8
1189,1,car,0.4402,560.8,493.3,648.8,544.0
1189,1,car,0.3528,164.3,782.8,286.8,871.6
1189,0,person,0.2818,1024.0,425.5,1039.3,464.1
1189,2,large_vehicle,0.2631,164.3,782.8,286.8,871.6
1189,2,large_vehicle,0.2624,952.8,424.8,1022.4,467.7
1189,1,car,0.2283,86.5,731.0,158.2,796.6
1189,1,car,0.2014,563.7,492.5,649.1,543.8
1189,0,person,0.1952,1193.5,519.7,1213.9,579.7
1189,2,large_vehicle,0.1538,560.8,493.3,648.8,544.0
1189,1,car,0.1204,952.8,424.8,1022.4,467.7
1190,1,car,0.6032,172.4,781.0,297.5,872.8
1190,1,car,0.5142,559.7,493.2,648.2,544.0
1190,1,car,0.4033,80.4,730.0,151.0,799.6
1190,2,large_vehicle,0.3472,952.0,424.8,1021.3,467.7
1190,2,large_vehicle,0.2709,559.7,493.2,648.2,544.0
1190,0,person,0.2561,1193.2,518.4,1214.3,579.4
1190,0,person,0.2319,1024.3,425.3,1039.2,464.0
1190,1,car,0.1481,952.0,424.8,1021.3,467.7
1190,1,car,0.1443,562.2,492.4,648.2,543.8
1190,2,large_vehicle,0.1020,172.4,781.0,297.5,872.8
1191,1,car,0.6034,172.4,781.0,297.4,872.8
1191,1,car,0.5176,559.7,493.2,648.2,544.0
1191,1,car,0.3960,80.4,730.0,151.0,799.7
1191,2,large_vehicle,0.3869,952.2,424.8,1021.2,467.7
1191,0,person,0.3103,1193.3,518.7,1214.2,579.5
1191,2,large_vehicle,0.2650,559.7,493.2,648.2,544.0
1191,0,person,0.1888,1024.2,425.1,1038.5,463.6
1191,1,car,0.1504,562.3,492.5,648.2,543.8
1191,1,car,0.1197,952.2,424.8,1021.2,467.7
1192,1,car,0.5165,181.2,781.0,310.0,872.7
1192,1,car,0.4818,75.3,730.0,143.3,797.9
1192,2,large_vehicle,0.3882,951.3,424.6,1022.4,467.8
1192,1,car,0.3711,562.4,493.1,649.0,543.7
1192,0,person,0.2287,1193.3,517.8,1214.4,579.5
1192,2,large_vehicle,0.1254,562.4,493.1,649.0,543.7
1192,1,car,0.1246,951.3,424.6,1022.4,467.8
1193,1,car,0.5118,559.8,493.8,648.9,543.8
1193,1,car,0.5030,181.2,781.3,309.8,872.6
1193,1,car,0.4634,75.3,730.1,143.3,797.8
1193,2,large_vehicle,0.3784,951.5,424.8,1022.7,467.8
1193,1,car,0.2633,561.9,493.1,649.0,543.7
1193,0,person,0.1801,1193.3,517.6,1214.2,579.5
1193,1,car,0.1635,951.5,424.8,1022.7,467.8
1194,1,car,0.5090,181.2,781.3,309.8,872.6
1194,1,car,0.4997,559.8,493.8,649.0,543.8
1194,1,car,0.4727,75.3,730.1,143.4,797.8
1194,2,large_vehicle,0.3837,951.5,424.7,1022.8,467.8
1194,1,car,0.2751,561.8,493.1,649.0,543.7
1194,0,person,0.1780,1193.3,517.5,1214.2,579.6
1194,1,car,0.1502,951.5,424.7,1022.8,467.8
1195,1,car,0.3604,562.8,492.8,648.8,543.7
1195,2,large_vehicle,0.3268,953.1,424.7,1024.5,467.6
1195,1,car,0.3134,69.6,731.7,137.1,795.3
1195,1,car,0.3112,190.4,782.4,320.6,871.8
1195,2,large_vehicle,0.3071,190.4,782.4,320.6,871.8
1195,1,car,0.2406,560.7,493.7,648.9,543.9
1195,1,car,0.1641,953.1,424.7,1024.5,467.6
1195,0,person,0.1502,1193.2,518.0,1214.0,579.4
1195,4,other_vehicle,0.1429,69.6,731.7,137.1,795.3
1196,1,car,0.4184,563.5,492.9,648.9,543.7
1196,1,car,0.3115,190.4,782.4,320.5,871.9
1196,2,large_vehicle,0.3056,953.2,424.7,1024.1,467.6
1196,2,large_vehicle,0.2993,190.4,782.4,320.5,871.9
1196,1,car,0.2943,69.9,731.8,137.1,795.3
1196,0,person,0.1807,1193.3,518.6,1213.8,579.1
1196,1,car,0.1436,953.2,424.7,1024.1,467.6
1196,4,other_vehicle,0.1325,69.9,731.8,137.1,795.3
1196,2,large_vehicle,0.1238,563.5,492.9,648.9,543.7
1197,1,car,0.5212,63.7,731.1,129.6,794.2
1197,2,large_vehicle,0.4300,198.6,782.4,333.3,871.7
1197,1,car,0.2978,564.6,492.7,649.7,543.8
1197,2,large_vehicle,0.2452,953.1,424.7,1024.6,467.5
1197,1,car,0.2132,198.6,782.4,333.3,871.7
1197,0,person,0.2006,1193.5,519.1,1213.9,579.1
1197,1,car,0.1171,953.1,424.7,1024.6,467.5
1197,2,large_vehicle,0.1116,564.6,492.7,649.7,543.8
1197,1,car,0.1014,562.0,493.4,649.4,543.9
1198,1,car,0.5444,63.7,731.1,129.6,794.2
1198,1,car,0.4644,561.4,493.3,649.5,543.8
1198,2,large_vehicle,0.4300,198.6,782.4,333.0,871.8
1198,2,large_vehicle,0.2149,952.9,424.7,1023.1,467.4
1198,1,car,0.2123,198.6,782.4,333.0,871.8
1198,1,car,0.1922,564.0,492.6,649.8,543.8
1198,0,person,0.1757,1193.5,519.3,1213.8,579.1
1198,2,large_vehicle,0.1247,561.4,493.3,649.5,543.8
1199,1,car,0.5351,63.7,731.2,129.6,794.2
1199,2,large_vehicle,0.4428,198.6,782.4,333.2,871.8
1199,2,large_vehicle,0.2647,953.1,424.8,1022.1,467.4
1199,1,car,0.2567,561.8,493.1,648.8,543.8
1199,1,car,0.2119,198.6,782.4,333.2,871.8
1199,0,person,0.2108,1193.5,519.8,1213.9,579.2
1199,1,car,0.1848,564.5,492.3,649.0,543.8
1199,2,large_vehicle,0.1539,561.8,493.1,648.8,543.8
1199,2,large_vehicle,0.1218,564.5,492.3,649.0,543.8
1199,1,car,0.1044,953.1,424.8,1022.1,467.4
1200,1,car,0.6071,557.7,492.5,648.2,543.9
1200,2,large_vehicle,0.4029,208.3,780.1,344.4,872.1
1200,1,car,0.3525,208.3,780.1,344.4,872.1
1200,0,person,0.3161,1193.3,518.2,1214.3,579.1
1200,2,large_vehicle,0.2988,557.7,492.5,648.2,543.9
1200,2,large_vehicle,0.2763,951.6,424.8,1024.9,467.6
1200,4,other_vehicle,0.2587,59.7,731.1,123.7,793.0
1200,1,car,0.2129,951.6,424.8,1024.9,467.6
1200,1,car,0.1400,59.7,731.1,123.7,793.0
1201,1,car,0.5991,557.8,492.7,648.1,543.8
1201,1,car,0.3933,208.3,780.0,344.4,872.2
1201,2,large_vehicle,0.3621,208.3,780.0,344.4,872.2
1201,0,person,0.3418,1193.3,518.4,1214.5,579.2
1201,2,large_vehicle,0.3074,557.8,492.7,648.1,543.8
1201,1,car,0.2475,951.5,424.8,1025.9,467.6
1201,2,large_vehicle,0.2474,951.5,424.8,1025.9,467.6
1201,4,other_vehicle,0.2254,59.6,731.0,123.7,793.0
1201,1,car,0.1511,59.6,731.0,123.7,793.0
1202,4,other_vehicle,0.6609,54.5,729.8,116.7,793.7
1202,1,car,0.5602,217.5,779.2,356.9,871.8
1202,1,car,0.3216,558.9,493.7,648.9,543.8
1202,1,car,0.3191,561.2,493.0,648.7,543.7
1202,0,person,0.1990,1193.4,517.3,1214.3,579.0
1202,2,large_vehicle,0.1886,217.5,779.2,356.9,871.8
1202,1,car,0.1429,950.7,424.1,1033.1,467.8
1202,2,large_vehicle,0.1207,950.7,424.1,1033.1,467.8
1203,4,other_vehicle,0.6592,54.5,729.8,116.7,793.7
1203,1,car,0.5583,217.5,779.2,356.9,871.8
1203,1,car,0.3202,561.2,493.0,648.7,543.7
1203,1,car,0.3106,558.9,493.7,648.8,543.8
1203,0,person,0.2183,1193.4,517.4,1214.4,579.1
1203,2,large_vehicle,0.1902,217.5,779.2,356.9,871.8
1203,1,car,0.1609,950.7,424.1,1032.9,467.8
1203,2,large_vehicle,0.1346,950.7,424.1,1032.9,467.8
1204,4,other_vehicle,0.6667,54.6,729.6,116.7,793.7
1204,1,car,0.5416,217.5,779.1,356.9,871.8
1204,1,car,0.3689,561.5,493.1,648.5,543.7
1204,2,large_vehicle,0.1990,217.5,779.1,356.9,871.8
1204,1,car,0.1782,559.2,493.8,648.7,543.8
1204,1,car,0.1400,950.8,424.1,1033.2,467.8
1204,0,person,0.1380,1193.4,517.5,1214.4,578.8
1204,2,large_vehicle,0.1189,950.8,424.1,1033.2,467.8
1204,2,large_vehicle,0.1014,951.9,423.7,1033.8,467.5
1205,4,other_vehicle,0.6580,48.9,731.2,110.6,794.1
1205,1,car,0.4554,560.3,493.4,648.8,543.8
1205,2,large_vehicle,0.4298,227.8,779.3,367.3,872.1
1205,1,car,0.3707,227.8,779.3,367.3,872.1
1205,1,car,0.2570,562.9,492.6,648.7,543.6
1205,0,person,0.2239,1193.5,518.6,1214.3,578.9
1205,2,large_vehicle,0.1552,952.1,424.0,1033.0,467.6
1205,1,car,0.1461,952.1,424.0,1033.0,467.6
1205,2,large_vehicle,0.1216,560.3,493.4,648.8,543.8
1206,1,car,0.7608,237.6,779.8,380.3,871.4
1206,4,other_vehicle,0.6348,43.4,731.3,105.2,793.2
1206,1,car,0.3049,560.5,493.2,648.7,543.8
1206,1,car,0.2878,564.2,492.6,648.7,543.7
1206,0,person,0.2863,1193.5,519.3,1214.5,579.0
1206,2,large_vehicle,0.1449,952.8,424.0,1030.5,467.6
1206,1,car,0.1178,952.8,424.0,1030.5,467.6
1206,2,large_vehicle,0.1138,237.6,779.8,380.3,871.4
1206,0,person,0.1079,1019.8,424.8,1033.4,461.2
1207,1,car,0.7528,237.6,779.8,380.2,871.4
1207,4,other_vehicle,0.6415,43.4,731.2,105.1,793.2
1207,1,car,0.3765,560.0,493.4,648.7,543.8
1207,1,car,0.2914,563.9,492.8,648.8,543.7
1207,0,person,0.2678,1193.4,519.4,1214.4,579.2
1207,2,large_vehicle,0.1601,952.7,424.1,1030.2,467.6
1207,2,large_vehicle,0.1219,237.6,779.8,380.2,871.4
1207,1,car,0.1159,952.7,424.1,1030.2,467.6
1207,0,person,0.1084,1019.8,424.9,1033.3,461.0
1208,1,car,0.7616,237.6,779.8,380.3,871.5
1208,4,other_vehicle,0.6466,43.4,731.0,105.1,793.2
1208,1,car,0.6457,558.9,492.8,648.6,543.9
1208,0,person,0.2503,1193.5,519.5,1214.4,579.1
1208,2,large_vehicle,0.2243,558.9,492.8,648.6,543.9
1208,2,large_vehicle,0.1476,952.8,424.0,1031.2,467.6
1208,1,car,0.1211,952.8,424.0,1031.2,467.6
1208,2,large_vehicle,0.1119,237.6,779.8,380.3,871.5
1209,1,car,0.7021,248.0,778.3,392.4,871.8
1209,1,car,0.4363,559.9,493.2,648.2,543.8
1209,1,car,0.2694,563.6,492.6,648.0,543.6
1209,1,car,0.2448,951.9,423.9,1032.6,467.3
1209,2,large_vehicle,0.2410,951.9,423.9,1032.6,467.3
1209,0,person,0.2026,1193.5,519.3,1214.5,578.8
1209,2,large_vehicle,0.1395,248.0,778.3,392.4,871.8
1209,2,large_vehicle,0.1151,559.9,493.2,648.2,543.8
1210,1,car,0.7052,248.0,778.3,392.4,871.8
1210,1,car,0.6980,557.4,492.8,648.1,543.8
1210,1,car,0.2856,951.9,424.0,1032.7,467.3
1210,0,person,0.2481,1193.5,519.5,1214.3,578.8
1210,2,large_vehicle,0.2264,951.9,424.0,1032.7,467.3
1210,2,large_vehicle,0.1925,557.4,492.8,648.1,543.8
1210,2,large_vehicle,0.1349,248.0,778.3,392.4,871.8
1210,4,other_vehicle,0.1103,39.1,730.1,98.9,792.9
1211,1,car,0.7257,257.5,778.6,403.6,871.2
1211,4,other_vehicle,0.6465,35.1,732.4,93.4,792.5
1211,1,car,0.5474,559.1,493.3,648.3,543.8
1211,4,other_vehicle,0.3592,35.1,732.5,92.6,792.9
1211,0,person,0.3577,1193.4,518.1,1214.4,578.9
1211,1,car,0.2922,951.0,423.9,1033.0,467.5
1211,1,car,0.2659,562.0,492.6,648.1,543.7
1211,2,large_vehicle,0.2224,951.0,423.9,1033.0,467.5
1211,2,large_vehicle,0.1453,257.5,778.6,403.6,871.2
1212,1,car,0.7288,257.5,778.6,403.6,871.2
1212,4,other_vehicle,0.6393,35.1,732.3,93.4,792.5
1212,1,car,0.4322,559.3,493.3,648.3,543.8
1212,4,other_vehicle,0.3563,35.1,732.5,92.6,792.9
1212,0,person,0.3544,1193.4,518.2,1214.4,579.0
1212,1,car,0.2945,562.2,492.6,648.1,543.7
1212,1,car,0.2930,951.1,424.0,1033.0,467.5
1212,2,large_vehicle,0.2230,951.1,424.0,1033.0,467.5
1212,2,large_vehicle,0.1412,257.5,778.6,403.6,871.2
1213,1,car,0.7226,257.5,778.6,403.7,871.2
1213,4,other_vehicle,0.6609,35.3,732.4,93.3,792.5
1213,1,car,0.5242,559.2,493.4,648.3,543.8
1213,0,person,0.3590,1193.4,517.7,1214.4,578.9
1213,4,other_vehicle,0.3518,35.2,732.5,92.6,792.9
1213,1,car,0.3310,950.4,423.7,1033.3,467.4
1213,1,car,0.2844,561.9,492.7,648.1,543.7
1213,2,large_vehicle,0.2144,950.4,423.7,1033.3,467.4
1213,2,large_vehicle,0.1504,257.5,778.6,403.7,871.2
1214,1,car,0.7094,268.9,777.7,417.3,871.1
1214,1,car,0.5382,560.2,492.9,648.8,543.8
1214,4,other_vehicle,0.5230,30.0,733.3,87.2,791.9
1214,0,person,0.3261,1193.6,518.5,1214.4,578.9
1214,1,car,0.3043,951.5,424.0,1031.5,467.5
1214,2,large_vehicle,0.2329,951.5,424.0,1031.5,467.5
1214,2,large_vehicle,0.2150,268.9,777.7,417.3,871.1
1214,1,car,0.1855,562.9,492.2,648.6,543.7
1214,0,person,0.1811,1018.6,424.4,1032.2,465.2
1214,4,other_vehicle,0.1595,30.2,732.8,86.7,792.3
1214,2,large_vehicle,0.1465,560.2,492.9,648.8,543.8
1215,1,car,0.6986,268.8,777.8,417.3,871.2
1215,1,car,0.5972,560.4,492.9,648.8,543.9
1215,1,car,0.3159,951.4,423.9,1031.6,467.5
1215,4,other_vehicle,0.2913,30.1,733.1,87.2,791.8
1215,0,person,0.2661,1193.6,517.8,1214.4,578.8
1215,2,large_vehicle,0.2438,951.4,423.9,1031.6,467.5
1215,2,large_vehicle,0.2313,268.8,777.8,417.3,871.2
1215,4,other_vehicle,0.2248,30.2,732.7,86.8,792.3
1215,0,person,0.1816,1018.5,424.4,1032.2,465.3
1215,1,car,0.1719,563.0,492.2,648.7,543.8
1215,2,large_vehicle,0.1353,560.4,492.9,648.8,543.9
1216,4,other_vehicle,0.7502,27.1,733.2,81.1,792.1
1216,1,car,0.6881,279.3,774.9,430.4,869.8
1216,1,car,0.3394,952.2,423.9,1032.3,467.3
1216,2,large_vehicle,0.3349,952.2,423.9,1032.3,467.3
1216,1,car,0.3084,564.1,492.9,649.3,543.6
1216,0,person,0.2571,1193.7,518.5,1214.2,578.8
1216,2,large_vehicle,0.2362,279.3,774.9,430.4,869.8
1216,2,large_vehicle,0.1579,564.1,492.9,649.3,543.6
1216,0,person,0.1124,1018.3,426.1,1031.8,463.2
1217,4,other_vehicle,0.7295,27.0,733.3,81.1,792.1
1217,1,car,0.6902,279.3,774.9,430.3,869.8
1217,1,car,0.5188,560.2,493.0,648.6,543.7
1217,2,large_vehicle,0.3451,952.6,423.8,1031.9,467.3
1217,0,person,0.2726,1193.8,518.9,1214.3,579.1
1217,1,car,0.2642,952.6,423.8,1031.9,467.3
1217,2,large_vehicle,0.2625,560.2,493.0,648.6,543.7
1217,2,large_vehicle,0.2333,279.3,774.9,430.3,869.8
1217,1,car,0.1460,563.7,492.4,648.8,543.6
1217,0,person,0.1219,1018.2,425.4,1031.8,463.5
1217,2,large_vehicle,0.1152,563.7,492.4,648.8,543.6
1218,4,other_vehicle,0.7294,27.0,733.3,81.1,792.1
1218,1,car,0.6851,279.3,774.9,430.3,869.8
1218,1,car,0.5156,560.4,493.1,648.7,543.7
1218,2,large_vehicle,0.3370,952.6,423.7,1031.9,467.3
1218,2,large_vehicle,0.2700,560.4,493.1,648.7,543.7
1218,0,person,0.2645,1193.9,518.9,1214.3,579.0
1218,1,car,0.2466,952.6,423.7,1031.9,467.3
1218,2,large_vehicle,0.2399,279.3,774.9,430.3,869.8
1218,1,car,0.1367,563.7,492.4,648.9,543.6
1218,0,person,0.1304,1018.2,424.9,1031.8,463.5
1218,2,large_vehicle,0.1132,563.7,492.4,648.9,543.6
1219,1,car,0.7649,287.8,774.4,443.0,870.1
1219,1,car,0.6781,556.8,492.9,648.2,543.7
1219,4,other_vehicle,0.4741,22.2,733.9,76.0,791.7
1219,2,large_vehicle,0.3402,951.8,423.8,1030.7,467.1
1219,0,person,0.3241,1193.8,519.3,1214.3,579.0
1219,1,car,0.3009,951.8,423.8,1030.7,467.1
1219,2,large_vehicle,0.2234,556.8,492.9,648.2,543.7
1219,2,large_vehicle,0.1313,287.8,774.4,443.0,870.1
1220,1,car,0.7624,287.7,774.4,443.0,870.1
1220,1,car,0.7045,556.7,492.9,648.9,543.7
1220,4,other_vehicle,0.5192,22.8,734.0,75.9,791.7
1220,2,large_vehicle,0.3963,952.0,423.8,1030.7,467.2
1220,0,person,0.2834,1193.7,519.5,1214.1,578.9
1220,1,car,0.2779,952.0,423.8,1030.7,467.2
1220,2,large_vehicle,0.1822,556.7,492.9,648.9,543.7
1220,2,large_vehicle,0.1333,287.7,774.4,443.0,870.1
1221,1,car,0.7888,301.2,773.8,456.3,869.3
1221,4,other_vehicle,0.7651,18.4,733.3,71.7,791.2
1221,1,car,0.7338,557.8,493.5,648.9,543.7
1221,2,large_vehicle,0.3464,950.9,423.7,1030.1,467.4
1221,1,car,0.3428,950.9,423.7,1030.1,467.4
1221,0,person,0.2305,1193.8,518.9,1214.2,579.4
1221,2,large_vehicle,0.1434,557.8,493.5,648.9,543.7
1221,2,large_vehicle,0.1193,301.2,773.8,456.3,869.3
1222,1,car,0.7916,301.2,773.7,456.3,869.2
1222,4,other_vehicle,0.7696,18.6,733.4,71.6,791.2
1222,1,car,0.7638,557.5,493.4,649.1,543.7
1222,2,large_vehicle,0.3476,950.4,423.8,1030.1,467.4
1222,1,car,0.3436,950.4,423.8,1030.1,467.4
1222,0,person,0.2370,1193.9,518.8,1214.4,579.4
1222,2,large_vehicle,0.1162,301.2,773.7,456.3,869.2
1222,2,large_vehicle,0.1052,557.5,493.4,649.1,543.7
1223,1,car,0.7880,301.2,773.7,456.3,869.4
1223,4,other_vehicle,0.7640,18.7,733.4,71.6,791.2
1223,1,car,0.7384,557.7,493.5,648.9,543.7
1223,2,large_vehicle,0.3820,950.5,423.6,1030.2,467.4
1223,1,car,0.3103,950.5,423.6,1030.2,467.4
1223,0,person,0.2681,1193.7,518.5,1214.3,579.3
1223,2,large_vehicle,0.1427,557.7,493.5,648.9,543.7
1223,2,large_vehicle,0.1213,301.2,773.7,456.3,869.4
1224,4,other_vehicle,0.8315,14.1,733.8,65.6,790.5
1224,1,car,0.7995,310.9,771.9,469.3,869.2
1224,2,large_vehicle,0.4053,952.5,423.6,1030.1,467.1
1224,1,car,0.3523,559.9,493.5,648.7,543.7
1224,1,car,0.2647,562.6,492.8,648.7,543.6
1224,0,person,0.2581,1193.3,517.7,1214.4,579.3
1224,1,car,0.2403,952.5,423.6,1030.1,467.1
1224,2,large_vehicle,0.1277,562.6,492.8,648.7,543.6
1225,4,other_vehicle,0.8312,14.1,734.0,65.6,790.5
1225,1,car,0.7982,310.9,771.9,469.2,869.2
1225,1,car,0.5639,559.7,493.4,648.8,543.7
1225,2,large_vehicle,0.3810,951.9,423.7,1030.1,467.1
1225,1,car,0.2677,951.9,423.7,1030.1,467.1
1225,0,person,0.2354,1193.3,517.7,1214.4,579.1
1225,1,car,0.1986,562.1,492.6,648.6,543.5
1225,2,large_vehicle,0.1941,559.7,493.4,648.8,543.7
1225,2,large_vehicle,0.1019,562.1,492.6,648.6,543.5
1225,2,large_vehicle,0.1000,310.9,771.9,469.2,869.2
1226,1,car,0.8797,324.2,769.8,483.7,868.8
1226,4,other_vehicle,0.8132,10.3,734.8,61.2,789.2
1226,1,car,0.6676,558.4,493.1,648.7,543.5
1226,2,large_vehicle,0.3987,953.0,423.4,1030.2,467.0
1226,0,person,0.3214,1193.2,518.5,1214.2,579.0
1226,2,large_vehicle,0.1877,558.4,493.1,648.7,543.5
1226,1,car,0.1570,953.0,423.4,1030.2,467.0
1227,1,car,0.8808,324.2,769.8,483.7,868.8
1227,4,other_vehicle,0.8127,10.3,734.8,61.2,789.3
1227,1,car,0.6805,558.5,493.2,648.8,543.5
1227,2,large_vehicle,0.4119,952.9,423.6,1029.5,467.0
1227,0,person,0.3137,1193.3,518.8,1214.2,579.1
1227,1,car,0.1860,952.9,423.6,1029.5,467.0
1227,2,large_vehicle,0.1715,558.5,493.2,648.8,543.5
1227,1,car,0.1119,562.5,492.6,648.9,543.5
1228,1,car,0.8766,324.2,769.8,483.4,868.7
1228,4,other_vehicle,0.8130,10.3,734.7,61.2,789.3
1228,1,car,0.6415,559.4,493.3,648.9,543.5
1228,2,large_vehicle,0.3451,952.6,423.5,1030.0,467.1
1228,0,person,0.3399,1193.2,519.1,1214.1,579.2
1228,2,large_vehicle,0.1750,559.4,493.3,648.9,543.5
1228,1,car,0.1683,562.9,492.7,649.0,543.5
1228,1,car,0.1616,952.6,423.5,1030.0,467.1
1229,1,car,0.8366,336.6,769.1,496.5,867.2
1229,1,car,0.6170,557.0,493.3,648.4,543.5
1229,4,other_vehicle,0.5839,7.4,734.1,56.0,788.7
1229,2,large_vehicle,0.2953,952.7,424.0,1030.1,467.2
1229,2,large_vehicle,0.2916,557.0,493.3,648.4,543.5
1229,1,car,0.2707,952.7,424.0,1030.1,467.2
1229,0,person,0.2472,1193.4,518.9,1214.4,579.3
1230,1,car,0.7938,347.6,766.3,510.8,866.4
1230,4,other_vehicle,0.7706,3.0,734.0,52.3,788.1
1230,1,car,0.7592,557.3,493.7,648.6,543.5
1230,2,large_vehicle,0.4152,951.3,423.8,1029.5,467.4
1230,0,person,0.2795,1193.4,518.4,1214.1,579.0
1230,1,car,0.2530,951.3,423.8,1029.5,467.4
1230,2,large_vehicle,0.1400,557.3,493.7,648.6,543.5
1230,2,large_vehicle,0.1290,347.6,766.3,510.8,866.4
1231,1,car,0.7943,347.6,766.3,510.8,866.4
1231,4,other_vehicle,0.7730,3.0,734.0,52.3,788.1
1231,1,car,0.7706,557.4,493.9,648.6,543.5
1231,2,large_vehicle,0.4230,951.5,423.9,1029.5,467.3
1231,1,car,0.2644,951.5,423.9,1029.5,467.3
1231,0,person,0.1612,1193.3,518.4,1214.1,579.0
1231,2,large_vehicle,0.1290,347.6,766.3,510.8,866.4
1231,2,large_vehicle,0.1268,557.4,493.9,648.6,543.5
1231,1,car,0.1175,559.6,493.1,648.5,543.5
1232,1,car,0.7919,347.7,766.3,510.6,866.4
1232,1,car,0.7756,557.7,493.7,648.4,543.4
1232,4,other_vehicle,0.7705,3.0,733.8,52.3,788.1
1232,2,large_vehicle,0.4242,951.7,423.6,1030.0,467.3
1232,1,car,0.2644,951.7,423.6,1030.0,467.3
1232,0,person,0.2070,1193.2,517.6,1214.1,578.9
1232,1,car,0.1323,560.0,493.0,648.2,543.4
1232,2,large_vehicle,0.1316,347.7,766.3,510.6,866.4
1232,2,large_vehicle,0.1153,557.7,493.7,648.4,543.4
1233,1,car,0.8617,357.7,766.1,523.8,865.2
1233,4,other_vehicle,0.7001,0.4,734.1,48.1,787.8
1233,1,car,0.6758,558.9,493.5,648.9,543.5
1233,1,car,0.3756,952.6,423.9,1031.7,467.1
1233,2,large_vehicle,0.3145,952.6,423.9,1031.7,467.1
1233,1,car,0.2818,562.2,492.7,648.8,543.4
1233,0,person,0.2224,1193.1,517.4,1214.2,579.1
1233,2,large_vehicle,0.1395,558.9,493.5,648.9,543.5
1234,1,car,0.8616,357.8,766.1,523.8,865.2
1234,4,other_vehicle,0.7094,0.4,734.1,48.1,787.7
1234,1,car,0.6941,559.0,493.3,648.8,543.5
1234,1,car,0.3445,952.4,423.9,1031.1,467.1
1234,2,large_vehicle,0.3420,952.4,423.9,1031.1,467.1
1234,1,car,0.2699,562.0,492.5,648.8,543.4
1234,0,person,0.2124,1193.2,516.8,1214.4,579.0
1234,2,large_vehicle,0.1500,559.0,493.3,648.8,543.5
1235,1,car,0.8056,372.0,764.0,538.3,865.0
1235,1,car,0.7070,557.3,493.5,649.4,543.3
1235,4,other_vehicle,0.5563,0.1,734.4,42.8,788.0
1235,2,large_vehicle,0.3743,952.8,424.2,1027.7,467.2
1235,1,car,0.3051,952.8,424.2,1027.7,467.2
1235,0,person,0.2206,1193.4,518.0,1214.4,579.3
1235,2,large_vehicle,0.1771,557.3,493.5,649.4,543.3
1235,2,large_vehicle,0.1036,372.0,764.0,538.3,865.0
1236,1,car,0.8052,372.0,764.0,538.3,865.0
1236,1,car,0.7052,557.3,493.5,649.4,543.3
1236,4,other_vehicle,0.5573,0.1,734.4,42.9,788.0
1236,2,large_vehicle,0.3830,952.8,424.2,1027.7,467.2
1236,1,car,0.3022,952.8,424.2,1027.7,467.2
1236,0,person,0.2159,1193.4,518.0,1214.4,579.3
1236,2,large_vehicle,0.1787,557.3,493.5,649.4,543.3
1236,2,large_vehicle,0.1042,372.0,764.0,538.3,865.0
1237,1,car,0.8120,371.9,764.0,538.4,864.9
1237,1,car,0.7099,557.6,493.5,649.5,543.4
1237,4,other_vehicle,0.5584,0.1,734.5,42.7,788.0
1237,2,large_vehicle,0.3040,952.5,424.1,1027.9,467.2
1237,1,car,0.3033,952.5,424.1,1027.9,467.2
1237,0,person,0.2222,1193.5,518.3,1214.5,579.3
1237,2,large_vehicle,0.1636,557.6,493.5,649.5,543.4
1238,1,car,0.6952,385.4,762.7,551.6,864.2
1238,1,car,0.6830,556.6,493.2,648.4,543.6
1238,2,large_vehicle,0.3832,951.9,424.7,1027.1,467.2
1238,1,car,0.3734,951.9,424.7,1027.1,467.2
1238,2,large_vehicle,0.2358,556.6,493.2,648.4,543.6
1238,2,large_vehicle,0.2322,385.4,762.7,551.6,864.2
1238,4,other_vehicle,0.2173,0.0,733.7,37.8,787.3
1238,0,person,0.2061,1193.5,518.4,1214.4,579.1
1239,1,car,0.6646,385.4,762.8,551.5,864.0
1239,1,car,0.6601,556.7,493.1,648.4,543.6
1239,2,large_vehicle,0.3874,951.9,424.7,1027.1,467.2
1239,1,car,0.3754,951.9,424.7,1027.1,467.2
1239,2,large_vehicle,0.2689,385.4,762.8,551.5,864.0
1239,2,large_vehicle,0.2604,556.7,493.1,648.4,543.6
1239,0,person,0.2056,1193.5,518.5,1214.4,579.1
1239,4,other_vehicle,0.1662,0.0,733.8,37.9,787.6
1240,1,car,0.8660,397.6,760.3,566.3,861.1
1240,1,car,0.7971,557.3,493.6,649.0,543.7
1240,2,large_vehicle,0.3572,951.1,423.8,1028.0,467.4
1240,1,car,0.3319,951.1,423.8,1028.0,467.4
1240,0,person,0.1537,1193.6,518.2,1214.4,578.7
1240,4,other_vehicle,0.1031,0.1,731.8,34.2,788.0
1241,1,car,0.8672,397.5,760.3,566.4,861.1
1241,1,car,0.7563,557.3,493.6,649.1,543.7
1241,2,large_vehicle,0.3902,951.4,423.7,1027.3,467.2
1241,1,car,0.3022,951.4,423.7,1027.3,467.2
1241,0,person,0.2329,1193.5,518.0,1214.5,579.2
1241,2,large_vehicle,0.1340,557.3,493.6,649.1,543.7
1241,4,other_vehicle,0.1020,0.2,731.9,34.1,788.0
1242,1,car,0.8672,397.5,760.4,566.4,861.1
1242,1,car,0.7615,557.3,493.6,649.2,543.7
1242,2,large_vehicle,0.3925,951.4,423.7,1027.3,467.2
1242,1,car,0.3038,951.4,423.7,1027.3,467.2
1242,0,person,0.2400,1193.5,518.1,1214.5,579.3
1242,2,large_vehicle,0.1278,557.3,493.6,649.2,543.7
1243,1,car,0.8020,408.3,759.6,580.7,860.9
1243,1,car,0.6025,557.6,493.7,649.3,543.7
1243,2,large_vehicle,0.3479,952.8,423.3,1026.6,467.3
1243,0,person,0.2923,1193.3,516.6,1214.9,579.5
1243,2,large_vehicle,0.2181,557.6,493.7,649.3,543.7
1243,1,car,0.1641,561.0,493.0,649.1,543.6
1243,1,car,0.1465,952.8,423.3,1026.6,467.3
1244,1,car,0.8035,408.3,759.6,580.9,860.9
1244,1,car,0.6321,557.6,493.7,649.2,543.7
1244,2,large_vehicle,0.3706,953.2,423.6,1026.5,467.2
1244,0,person,0.2645,1193.4,516.8,1215.0,579.4
1244,2,large_vehicle,0.2437,557.6,493.7,649.2,543.7
1244,1,car,0.1495,953.2,423.6,1026.5,467.2
1244,1,car,0.1238,561.2,493.0,649.0,543.6
1245,1,car,0.7744,417.5,756.8,595.3,859.2
1245,0,person,0.3603,1193.4,517.0,1214.6,579.5
1245,1,car,0.3314,563.2,493.3,649.6,543.4
1245,2,large_vehicle,0.3251,952.8,424.2,1026.1,467.1
1245,1,car,0.2891,952.8,424.2,1026.1,467.1
1245,1,car,0.2884,558.7,494.0,649.4,543.5
1245,2,large_vehicle,0.1490,563.2,493.3,649.6,543.4
1245,0,person,0.1115,1011.6,430.3,1026.4,469.3
1246,1,car,0.7751,417.9,756.8,595.3,859.3
1246,1,car,0.5947,558.2,493.9,649.5,543.5
1246,0,person,0.3122,1193.3,516.9,1214.6,579.5
1246,2,large_vehicle,0.2940,952.2,423.9,1026.1,467.1
1246,1,car,0.2637,562.6,493.3,649.6,543.4
1246,1,car,0.2572,952.2,423.9,1026.1,467.1
1246,2,large_vehicle,0.1515,558.2,493.9,649.5,543.5
1246,2,large_vehicle,0.1164,562.6,493.3,649.6,543.4
1246,0,person,0.1151,1011.6,430.0,1026.5,469.2
1247,1,car,0.7771,416.9,756.8,595.3,859.3
1247,1,car,0.6143,558.0,493.7,649.1,543.5
1247,0,person,0.3470,1193.5,517.1,1214.8,579.7
1247,2,large_vehicle,0.3226,952.0,423.8,1025.9,467.1
1247,1,car,0.2747,952.0,423.8,1025.9,467.1
1247,2,large_vehicle,0.2377,558.0,493.7,649.1,543.5
1247,1,car,0.2117,562.3,493.0,649.2,543.5
1247,2,large_vehicle,0.1202,562.3,493.0,649.2,543.5
1248,1,car,0.7188,437.6,754.5,609.3,857.4
1248,1,car,0.5879,558.0,493.6,648.6,543.5
1248,2,large_vehicle,0.3950,952.2,424.0,1026.2,467.0
1248,2,large_vehicle,0.3047,558.0,493.6,648.6,543.5
1248,1,car,0.2634,952.2,424.0,1026.2,467.0
1248,0,person,0.2592,1193.5,517.3,1214.6,579.4
1248,0,person,0.1908,1011.6,429.3,1026.5,468.8
1248,2,large_vehicle,0.1906,437.6,754.5,609.3,857.4
1248,1,car,0.1484,561.8,493.0,648.6,543.5
1248,2,large_vehicle,0.1166,561.8,493.0,648.6,543.5
1249,1,car,0.7103,437.7,754.5,609.1,857.5
1249,1,car,0.6131,557.4,493.6,648.3,543.5
1249,2,large_vehicle,0.3346,952.2,424.3,1026.4,467.0
1249,1,car,0.3327,952.2,424.3,1026.4,467.0
1249,2,large_vehicle,0.2969,557.4,493.6,648.3,543.5
1249,0,person,0.2258,1193.6,517.6,1214.6,579.3
1249,2,large_vehicle,0.1994,437.7,754.5,609.1,857.5
1249,0,person,0.1609,1011.5,429.2,1026.5,469.0
1250,1,car,0.7903,557.5,493.8,650.7,543.8
1250,1,car,0.7462,450.4,750.0,623.8,855.3
1250,2,large_vehicle,0.5318,951.1,423.0,1025.0,467.4
1250,2,large_vehicle,0.1596,450.4,750.0,623.8,855.3
1250,1,car,0.1365,951.1,423.0,1025.0,467.4
1251,1,car,0.7555,450.3,750.0,623.7,855.3
1251,1,car,0.7225,557.9,493.8,650.4,543.8
1251,2,large_vehicle,0.5360,951.2,423.0,1024.9,467.4
1251,1,car,0.1496,951.2,423.0,1024.9,467.4
1251,2,large_vehicle,0.1467,450.3,750.0,623.7,855.3
1251,2,large_vehicle,0.1349,557.9,493.8,650.4,543.8
1252,1,car,0.7541,450.3,749.9,623.8,855.3
1252,1,car,0.7440,558.1,493.9,650.4,543.8
1252,2,large_vehicle,0.5138,950.7,422.9,1024.8,467.4
1252,1,car,0.1610,950.7,422.9,1024.8,467.4
1252,2,large_vehicle,0.1482,450.3,749.9,623.8,855.3
1252,2,large_vehicle,0.1103,558.1,493.9,650.4,543.8
1253,1,car,0.8150,465.1,750.7,639.0,854.1
1253,1,car,0.6638,559.0,494.2,649.9,543.6
1253,2,large_vehicle,0.4660,952.1,423.9,1024.5,467.1
1253,1,car,0.3121,952.1,423.9,1024.5,467.1
1253,1,car,0.1795,562.0,493.4,650.0,543.6
1253,2,large_vehicle,0.1579,559.0,494.2,649.9,543.6
1254,1,car,0.7844,478.9,747.6,652.7,851.0
1254,1,car,0.6607,558.4,493.7,650.3,543.6
1254,2,large_vehicle,0.4092,953.5,424.1,1024.3,466.9
1254,1,car,0.2940,953.5,424.1,1024.3,466.9
1254,2,large_vehicle,0.1929,558.4,493.7,650.3,543.6
1254,1,car,0.1269,562.1,493.2,650.5,543.5
1254,2,large_vehicle,0.1021,478.9,747.6,652.7,851.0
1255,1,car,0.7834,478.9,747.6,652.7,851.0
1255,1,car,0.6389,558.8,493.8,650.3,543.6
1255,2,large_vehicle,0.4031,953.5,424.1,1024.3,466.8
1255,1,car,0.2995,953.5,424.1,1024.3,466.8
1255,2,large_vehicle,0.2016,558.8,493.8,650.3,543.6
1255,1,car,0.1731,562.7,493.2,650.4,543.5
1255,2,large_vehicle,0.1043,562.7,493.2,650.4,543.5
1255,2,large_vehicle,0.1034,478.9,747.6,652.7,851.0
1256,1,car,0.7829,478.9,747.6,652.4,851.0
1256,1,car,0.6677,558.4,493.8,650.5,543.6
1256,2,large_vehicle,0.3614,953.5,424.1,1025.2,466.8
1256,1,car,0.2588,953.5,424.1,1025.2,466.8
1256,2,large_vehicle,0.1764,558.4,493.8,650.5,543.6
1256,1,car,0.1610,562.1,493.3,650.6,543.5
1256,2,large_vehicle,0.1031,478.9,747.6,652.4,851.0
1257,1,car,0.8286,494.1,747.2,670.6,849.1
1257,1,car,0.7015,557.3,493.6,649.1,543.8
1257,2,large_vehicle,0.5102,952.2,424.0,1024.5,467.1
1257,2,large_vehicle,0.1884,557.3,493.6,649.1,543.8
1257,1,car,0.1631,952.2,424.0,1024.5,467.1
1258,1,car,0.8315,494.2,747.0,671.2,849.0
1258,1,car,0.6973,557.3,493.6,649.1,543.8
1258,2,large_vehicle,0.5155,952.3,424.1,1024.3,467.1
1258,1,car,0.1975,952.3,424.1,1024.3,467.1
1258,2,large_vehicle,0.1975,557.3,493.6,649.1,543.8
1259,1,car,0.7858,557.7,493.8,649.7,543.8
1259,1,car,0.7603,508.3,744.2,682.1,846.6
1259,2,large_vehicle,0.4328,951.3,424.2,1023.9,467.2
1259,1,car,0.2858,951.3,424.2,1023.9,467.2
1259,2,large_vehicle,0.1022,508.3,744.2,682.1,846.6
1260,1,car,0.7628,557.5,493.7,650.2,543.8
1260,1,car,0.7538,508.3,744.2,682.2,846.6
1260,2,large_vehicle,0.4544,951.3,423.9,1024.2,467.1
1260,1,car,0.2230,951.3,423.9,1024.2,467.1
1260,2,large_vehicle,0.1087,508.3,744.2,682.2,846.6
1260,2,large_vehicle,0.1044,557.5,493.7,650.2,543.8
1261,1,car,0.7613,557.9,493.7,650.2,543.8
1261,1,car,0.7527,508.3,744.2,682.2,846.6
1261,2,large_vehicle,0.4655,951.3,423.9,1024.1,467.1
1261,1,car,0.2280,951.3,423.9,1024.1,467.1
1261,2,large_vehicle,0.1104,508.3,744.2,682.2,846.6
1261,2,large_vehicle,0.1036,557.9,493.7,650.2,543.8
1262,1,car,0.8147,520.5,738.7,695.1,843.4
1262,1,car,0.4888,559.0,493.8,649.3,543.8
1262,2,large_vehicle,0.3492,952.3,423.9,1024.8,466.9
1262,1,car,0.3045,952.3,423.9,1024.8,466.9
1262,1,car,0.2760,562.0,493.0,649.3,543.7
1262,2,large_vehicle,0.1125,562.0,493.0,649.3,543.7
1263,1,car,0.8207,520.5,738.7,695.0,843.4
1263,1,car,0.3641,562.8,493.4,649.7,543.7
1263,2,large_vehicle,0.3231,952.2,424.1,1024.5,466.9
1263,1,car,0.3019,952.2,424.1,1024.5,466.9
1263,1,car,0.1661,559.7,494.1,649.7,543.8
1263,0,person,0.1328,1193.5,516.0,1214.8,579.8
1263,2,large_vehicle,0.1268,562.8,493.4,649.7,543.7
1264,1,car,0.8371,535.8,738.8,708.8,842.3
1264,1,car,0.6593,559.3,494.0,650.0,543.6
1264,2,large_vehicle,0.3280,952.6,424.5,1023.7,466.7
1264,1,car,0.2648,563.7,493.4,650.3,543.5
1264,1,car,0.1655,952.6,424.5,1023.7,466.7
1264,2,large_vehicle,0.1390,559.3,494.0,650.0,543.6
1264,2,large_vehicle,0.1098,563.7,493.4,650.3,543.5
1264,0,person,0.1017,1193.7,516.4,1214.7,579.6
1265,1,car,0.8416,535.7,738.7,708.8,842.4
1265,1,car,0.6856,559.0,494.0,650.3,543.6
1265,2,large_vehicle,0.3094,952.6,424.6,1023.6,466.7
1265,1,car,0.2428,563.4,493.4,650.6,543.5
1265,1,car,0.1903,952.6,424.6,1023.6,466.7
1265,2,large_vehicle,0.1361,559.0,494.0,650.3,543.6
1265,0,person,0.1085,1193.6,516.3,1214.9,579.6
1266,1,car,0.8405,535.7,738.9,708.9,842.3
1266,1,car,0.3950,559.5,493.9,649.4,543.6
1266,2,large_vehicle,0.3040,952.7,424.6,1023.4,466.7
1266,1,car,0.3003,563.6,493.3,649.6,543.5
1266,1,car,0.2341,952.7,424.6,1023.4,466.7
1266,2,large_vehicle,0.1515,563.6,493.3,649.6,543.5
1266,0,person,0.1280,1193.6,516.0,1214.8,579.7
1266,2,large_vehicle,0.1032,559.5,493.9,649.4,543.6
1267,1,car,0.7842,547.7,733.6,724.7,838.8
1267,1,car,0.7303,557.7,494.0,648.7,543.6
1267,2,large_vehicle,0.3615,952.2,424.5,1022.7,467.1
1267,1,car,0.2598,952.2,424.5,1022.7,467.1
1267,1,car,0.1720,561.7,493.4,648.6,543.5
1267,2,large_vehicle,0.1595,557.7,494.0,648.7,543.6
1267,0,person,0.1149,1193.7,517.2,1214.5,579.6
1268,1,car,0.7835,547.7,733.5,724.7,838.8
1268,1,car,0.7321,557.3,493.9,648.6,543.6
1268,2,large_vehicle,0.3546,952.1,424.6,1022.5,467.0
1268,1,car,0.3092,952.1,424.6,1022.5,467.0
1268,0,person,0.1702,1193.8,519.1,1214.4,580.2
1268,2,large_vehicle,0.1663,557.3,493.9,648.6,543.6
1268,1,car,0.1292,560.9,493.3,648.5,543.5
1269,1,car,0.8241,556.6,494.0,649.0,543.7
1269,1,car,0.7836,559.4,729.7,740.0,835.3
1269,2,large_vehicle,0.4064,950.9,423.9,1022.5,467.1
1269,1,car,0.2494,950.9,423.9,1022.5,467.1
1269,0,person,0.1919,1193.6,517.0,1214.5,579.9
1269,1,car,0.1255,559.3,493.4,649.0,543.6
1270,1,car,0.8235,556.6,494.0,649.0,543.7
1270,1,car,0.7833,559.4,729.7,740.0,835.3
1270,2,large_vehicle,0.4099,950.9,423.8,1022.5,467.1
1270,1,car,0.2452,950.9,423.8,1022.5,467.1
1270,0,person,0.1955,1193.6,516.8,1214.5,579.9
1270,1,car,0.1241,559.3,493.4,648.9,543.7
1271,1,car,0.8256,556.6,493.9,648.9,543.7
1271,1,car,0.7827,559.3,729.9,739.6,835.3
1271,2,large_vehicle,0.4067,950.8,423.8,1022.5,467.1
1271,1,car,0.2509,950.8,423.8,1022.5,467.1
1271,0,person,0.1384,1193.5,516.1,1214.4,579.6
1272,1,car,0.8737,576.0,725.9,751.9,833.3
1272,1,car,0.7722,557.6,494.0,649.8,543.6
1272,0,person,0.2518,1193.4,516.7,1214.6,579.8
1272,2,large_vehicle,0.2317,952.4,423.6,1023.5,466.8
1272,1,car,0.2289,952.4,423.6,1023.5,466.8
1272,1,car,0.1482,561.2,493.2,649.9,543.6
1272,0,person,0.1026,1007.3,427.8,1022.0,465.1
1272,2,large_vehicle,0.1014,557.6,494.0,649.8,543.6
1273,1,car,0.8723,575.6,725.8,751.8,833.3
1273,1,car,0.7532,557.9,494.1,649.8,543.6
1273,2,large_vehicle,0.2589,952.4,423.6,1023.2,466.8
1273,1,car,0.2459,561.9,493.4,649.9,543.6
1273,1,car,0.2328,952.4,423.6,1023.2,466.8
1273,0,person,0.2080,1193.5,516.4,1214.7,579.9
1273,2,large_vehicle,0.1016,557.9,494.1,649.8,543.6
1274,1,car,0.8524,589.0,721.7,772.4,830.0
1274,1,car,0.6572,557.5,493.7,650.0,543.5
1274,2,large_vehicle,0.2180,952.8,423.9,1021.7,466.8
1274,2,large_vehicle,0.2146,557.5,493.7,650.0,543.5
1274,0,person,0.1657,1193.1,515.8,1214.7,579.6
1274,1,car,0.1045,952.8,423.9,1021.7,466.8
1275,1,car,0.8522,589.3,721.8,773.7,829.9
1275,1,car,0.6761,556.9,493.5,649.4,543.5
1275,2,large_vehicle,0.2622,953.2,423.9,1022.0,466.8
1275,0,person,0.2241,1193.3,516.5,1214.8,580.0
1275,2,large_vehicle,0.2093,556.9,493.5,649.4,543.5
1275,1,car,0.1263,953.2,423.9,1022.0,466.8
1276,1,car,0.8520,589.3,721.8,773.9,829.9
1276,1,car,0.6711,556.9,493.5,649.4,543.5
1276,2,large_vehicle,0.2733,953.2,423.9,1022.0,466.8
1276,0,person,0.2224,1193.3,516.4,1214.7,579.8
1276,2,large_vehicle,0.2127,556.9,493.5,649.4,543.5
1276,1,car,0.1282,953.2,423.9,1022.0,466.8
1277,1,car,0.8665,604.5,720.3,780.2,826.3
1277,1,car,0.7738,556.2,493.8,648.7,543.5
1277,1,car,0.3190,952.3,424.9,1023.8,467.0
1277,2,large_vehicle,0.2548,952.3,424.9,1023.8,467.0
1277,0,person,0.1351,1193.4,517.0,1214.7,579.6
1277,2,large_vehicle,0.1349,556.2,493.8,648.7,543.5
1278,1,car,0.8538,617.4,716.8,793.8,822.9
1278,1,car,0.8278,556.7,494.2,649.6,543.5
1278,2,large_vehicle,0.3685,950.6,424.1,1021.6,467.0
1278,0,person,0.2710,1193.4,515.0,1215.4,579.5
1278,1,car,0.2652,950.6,424.1,1021.6,467.0
1279,1,car,0.8542,617.4,716.8,793.8,822.9
1279,1,car,0.8266,556.6,494.1,649.8,543.5
1279,2,large_vehicle,0.3825,950.7,424.1,1021.6,467.0
1279,1,car,0.2522,950.7,424.1,1021.6,467.0
1279,0,person,0.2442,1193.4,515.2,1215.3,579.5
1280,1,car,0.8502,617.2,716.8,793.6,823.0
1280,1,car,0.8313,556.7,494.2,649.6,543.5
1280,2,large_vehicle,0.3668,950.6,424.2,1022.0,467.0
1280,1,car,0.2907,950.6,424.2,1022.0,467.0
1280,0,person,0.2394,1193.3,515.0,1215.3,579.2
1281,1,car,0.8695,632.4,714.2,806.7,820.7
1281,1,car,0.7631,557.1,493.8,649.7,543.5
1281,2,large_vehicle,0.3097,952.1,424.0,1022.1,467.1
1281,0,person,0.2792,1193.2,515.4,1215.3,579.8
1281,1,car,0.1698,952.1,424.0,1022.1,467.1
1281,2,large_vehicle,0.1028,557.1,493.8,649.7,543.5
1282,1,car,0.8684,632.4,714.0,806.6,820.7
1282,1,car,0.7824,556.6,493.8,649.7,543.4
1282,2,large_vehicle,0.3021,952.1,424.0,1022.2,467.1
1282,0,person,0.2715,1193.2,515.4,1215.3,579.8
1282,1,car,0.1802,952.1,424.0,1022.2,467.1
1283,1,car,0.8661,645.1,710.7,819.6,817.9
1283,1,car,0.6055,559.4,493.7,649.5,543.5
1283,1,car,0.2790,952.9,424.3,1023.4,467.1
1283,1,car,0.2549,563.4,493.2,649.8,543.5
1283,2,large_vehicle,0.2455,952.9,424.3,1023.4,467.1
1283,0,person,0.2305,1193.5,516.2,1215.3,579.8
1283,2,large_vehicle,0.1235,559.4,493.7,649.5,543.5
1283,2,large_vehicle,0.1149,563.4,493.2,649.8,543.5
1284,1,car,0.8684,645.1,710.8,819.5,817.9
1284,1,car,0.4337,564.1,493.3,649.4,543.6
1284,1,car,0.2536,953.2,424.8,1022.5,467.1
1284,2,large_vehicle,0.2306,953.2,424.8,1022.5,467.1
1284,2,large_vehicle,0.1774,564.1,493.3,649.4,543.6
1284,0,person,0.1091,1193.5,515.7,1214.8,579.4
1285,1,car,0.8676,645.1,710.8,819.5,817.9
1285,1,car,0.4123,564.1,493.3,649.4,543.6
1285,1,car,0.2679,953.2,424.9,1022.6,467.1
1285,2,large_vehicle,0.2299,953.2,424.9,1022.6,467.1
1285,2,large_vehicle,0.1807,564.1,493.3,649.4,543.6
1285,0,person,0.1078,1193.5,515.8,1214.8,579.4
1286,1,car,0.8675,657.3,706.7,830.7,813.3
1286,1,car,0.7849,556.6,493.7,648.9,543.6
1286,1,car,0.3324,952.3,425.3,1020.6,467.1
1286,2,large_vehicle,0.2577,952.3,425.3,1020.6,467.1
1286,2,large_vehicle,0.2268,35.8,784.5,124.8,854.8
1286,0,person,0.1609,1193.4,516.2,1214.5,578.9
1286,2,large_vehicle,0.1026,556.6,493.7,648.9,543.6
1287,1,car,0.8700,657.1,706.7,830.7,813.3
1287,1,car,0.7705,557.3,493.8,649.2,543.6
1287,1,car,0.3577,952.2,425.1,1020.7,467.1
1287,2,large_vehicle,0.2961,952.2,425.1,1020.7,467.1
1287,2,large_vehicle,0.2439,35.6,784.5,124.9,855.1
1287,0,person,0.1162,1193.3,515.8,1214.6,579.0
1287,2,large_vehicle,0.1051,557.3,493.8,649.2,543.6
1287,1,car,0.1046,561.1,493.2,649.4,543.6
1288,1,car,0.8066,557.3,493.7,649.7,543.6
1288,1,car,0.7500,670.1,705.0,844.0,810.3
1288,2,large_vehicle,0.3629,40.7,785.0,129.3,855.4
1288,1,car,0.3230,951.4,424.9,1019.7,467.2
1288,2,large_vehicle,0.2644,951.4,424.9,1019.7,467.2
1288,1,car,0.1882,40.7,785.0,129.3,855.4
1288,2,large_vehicle,0.1607,670.1,705.0,844.0,810.3
1288,0,person,0.1036,1193.3,515.6,1214.6,578.9
1289,1,car,0.8281,557.2,493.9,649.5,543.6
1289,1,car,0.7468,670.1,705.0,843.8,810.4
1289,2,large_vehicle,0.3468,40.8,785.0,129.3,855.4
1289,1,car,0.3410,951.4,424.8,1019.9,467.2
1289,2,large_vehicle,0.2533,951.4,424.8,1019.9,467.2
1289,1,car,0.1846,40.8,785.0,129.3,855.4
1289,2,large_vehicle,0.1645,670.1,705.0,843.8,810.4
1290,1,car,0.8071,557.1,493.9,650.0,543.6
1290,1,car,0.7579,670.2,705.0,843.9,810.3
1290,2,large_vehicle,0.3502,40.8,785.0,129.3,855.4
1290,2,large_vehicle,0.2917,951.4,424.6,1020.1,467.2
1290,1,car,0.2751,951.4,424.6,1020.1,467.2
1290,1,car,0.1807,40.8,785.0,129.3,855.4
1290,2,large_vehicle,0.1501,670.2,705.0,843.9,810.3
1291,1,car,0.7737,557.3,494.1,650.0,543.6
1291,1,car,0.6958,686.4,701.7,856.7,806.2
1291,2,large_vehicle,0.4054,45.2,785.7,137.5,858.8
1291,1,car,0.3064,953.0,424.8,1021.4,467.0
1291,2,large_vehicle,0.2350,953.0,424.8,1021.4,467.0
1291,2,large_vehicle,0.2176,686.4,701.7,856.7,806.2
1291,1,car,0.1822,45.2,785.7,137.5,858.8
1291,1,car,0.1305,560.1,493.5,650.1,543.6
1292,1,car,0.7424,557.3,494.1,650.0,543.6
1292,1,car,0.6946,686.3,701.7,856.7,806.2
1292,2,large_vehicle,0.4070,45.1,785.6,137.2,858.6
1292,1,car,0.3083,953.0,425.1,1021.3,467.0
1292,2,large_vehicle,0.2579,953.0,425.1,1021.3,467.0
1292,2,large_vehicle,0.2196,686.3,701.7,856.7,806.2
1292,1,car,0.1763,45.1,785.6,137.2,858.6
1292,1,car,0.1429,560.2,493.4,650.0,543.6
1292,2,large_vehicle,0.1198,557.3,494.1,650.0,543.6
1293,1,car,0.8221,698.4,698.6,867.9,801.9
1293,1,car,0.7211,557.0,493.7,649.6,543.5
1293,2,large_vehicle,0.4490,49.1,785.8,143.7,860.0
1293,2,large_vehicle,0.2198,953.2,424.7,1021.8,466.9
1293,1,car,0.1879,953.2,424.7,1021.8,466.9
1293,2,large_vehicle,0.1470,557.0,493.7,649.6,543.5
1293,1,car,0.1265,49.1,785.8,143.7,860.0
1293,0,person,0.1182,1193.3,515.8,1214.6,578.8
1294,1,car,0.8218,698.4,698.6,867.8,801.9
1294,1,car,0.7337,556.5,493.6,649.6,543.5
1294,2,large_vehicle,0.4505,49.1,785.9,143.7,860.0
1294,2,large_vehicle,0.2409,953.2,424.6,1021.5,466.9
1294,1,car,0.1774,953.2,424.6,1021.5,466.9
1294,2,large_vehicle,0.1405,556.5,493.6,649.6,543.5
1294,1,car,0.1246,49.1,785.9,143.7,860.0
1294,0,person,0.1029,1193.3,516.1,1214.6,578.8
1295,1,car,0.8246,698.5,698.6,867.9,801.9
1295,1,car,0.7091,557.5,493.8,649.7,543.4
1295,2,large_vehicle,0.4506,49.1,785.9,143.6,860.2
1295,2,large_vehicle,0.2182,952.7,424.7,1021.8,466.9
1295,1,car,0.2002,562.4,493.4,650.1,543.5
1295,1,car,0.1995,952.7,424.7,1021.8,466.9
1295,0,person,0.1227,1193.4,516.4,1214.6,578.8
1295,1,car,0.1104,49.1,785.9,143.6,860.2
1295,2,large_vehicle,0.1087,557.5,493.8,649.7,543.4
1296,1,car,0.8441,712.7,694.6,879.6,799.3
1296,1,car,0.7570,557.1,494.2,648.6,543.3
1296,2,large_vehicle,0.3867,53.0,786.1,150.7,862.6
1296,2,large_vehicle,0.3556,953.3,425.4,1020.8,467.0
1296,1,car,0.1868,953.3,425.4,1020.8,467.0
1296,1,car,0.1788,560.7,493.7,648.7,543.4
1296,1,car,0.1682,53.0,786.1,150.7,862.6
1296,2,large_vehicle,0.1155,557.1,494.2,648.6,543.3
1297,1,car,0.8456,712.7,694.6,879.6,799.2
1297,1,car,0.7632,557.2,494.4,649.3,543.3
1297,2,large_vehicle,0.3908,53.2,786.1,150.7,862.6
1297,2,large_vehicle,0.3723,953.4,425.2,1020.9,466.9
1297,1,car,0.1912,953.4,425.2,1020.9,466.9
1297,1,car,0.1599,53.2,786.1,150.7,862.6
1297,1,car,0.1362,560.8,493.8,649.4,543.4
1297,2,large_vehicle,0.1120,557.2,494.4,649.3,543.3
1298,1,car,0.8483,724.2,692.4,891.5,795.1
1298,1,car,0.8287,557.6,494.3,650.5,543.2
1298,2,large_vehicle,0.3923,56.6,786.6,158.8,864.4
1298,2,large_vehicle,0.3086,952.5,425.6,1020.4,467.1
1298,1,car,0.2635,952.5,425.6,1020.4,467.1
1298,1,car,0.1421,56.6,786.6,158.8,864.4
1299,1,car,0.8510,724.2,692.4,891.5,795.2
1299,1,car,0.8017,558.0,494.2,649.9,543.1
1299,2,large_vehicle,0.3841,56.9,786.6,158.8,864.3
1299,2,large_vehicle,0.3717,952.4,425.4,1020.3,467.1
1299,1,car,0.2393,952.4,425.4,1020.3,467.1
1299,1,car,0.1554,56.9,786.6,158.8,864.3
1299,1,car,0.1231,560.3,493.6,650.1,543.3
1300,1,car,0.8502,724.2,692.4,891.5,795.2
1300,1,car,0.8056,557.8,494.1,649.9,543.2
1300,2,large_vehicle,0.3883,56.9,786.6,158.9,864.3
1300,2,large_vehicle,0.3564,952.4,425.4,1021.1,467.1
1300,1,car,0.2456,952.4,425.4,1021.1,467.1
1300,1,car,0.1530,56.9,786.6,158.9,864.3
1300,1,car,0.1112,560.0,493.5,650.1,543.3
1301,1,car,0.7983,734.5,688.6,903.1,791.1
1301,1,car,0.7799,558.1,494.0,649.5,543.3
1301,2,large_vehicle,0.5260,63.8,786.9,166.3,866.2
1301,2,large_vehicle,0.4132,952.6,425.3,1021.0,467.1
1301,1,car,0.1979,952.6,425.3,1021.0,467.1
1301,1,car,0.1645,560.8,493.4,649.3,543.4
1301,2,large_vehicle,0.1109,734.5,688.6,903.1,791.1
1302,1,car,0.8082,751.0,686.5,914.6,787.8
1302,1,car,0.7331,557.9,493.8,649.2,543.1
1302,2,large_vehicle,0.3782,62.0,787.7,173.3,867.2
1302,2,large_vehicle,0.3543,953.4,426.1,1020.5,466.7
1302,1,car,0.2228,953.4,426.1,1020.5,466.7
1302,1,car,0.1976,62.0,787.7,173.3,867.2
1302,1,car,0.1872,562.4,493.3,649.4,543.2
1303,1,car,0.8079,751.0,686.5,914.6,787.8
1303,1,car,0.7247,557.9,493.8,649.2,543.1
1303,2,large_vehicle,0.3771,61.9,787.7,173.3,867.2
1303,2,large_vehicle,0.3526,953.3,426.1,1020.5,466.8
1303,1,car,0.2314,953.3,426.1,1020.5,466.8
1303,1,car,0.2028,562.4,493.3,649.4,543.2
1303,1,car,0.1998,61.9,787.7,173.3,867.2
1304,1,car,0.8032,751.0,686.4,914.8,787.7
1304,2,large_vehicle,0.3696,58.4,787.7,173.3,867.3
1304,1,car,0.3692,558.7,493.9,649.3,543.1
1304,2,large_vehicle,0.3472,953.3,426.2,1020.6,466.8
1304,1,car,0.3217,563.3,493.4,649.7,543.2
1304,1,car,0.2484,953.3,426.2,1020.6,466.8
1304,1,car,0.2047,58.4,787.7,173.3,867.3
1304,2,large_vehicle,0.1043,751.0,686.4,914.8,787.7
1304,2,large_vehicle,0.1017,563.3,493.4,649.7,543.2
1305,1,car,0.7590,556.3,493.8,649.0,543.0
1305,1,car,0.6957,765.1,682.7,927.5,783.8
1305,2,large_vehicle,0.3548,953.1,425.9,1020.9,466.7
1305,2,large_vehicle,0.3172,70.0,786.6,181.3,868.2
1305,1,car,0.2895,953.1,425.9,1020.9,466.7
1305,1,car,0.2829,70.0,786.6,181.3,868.2
1305,2,large_vehicle,0.2168,765.1,682.7,927.5,783.8
1305,2,large_vehicle,0.1278,556.3,493.8,649.0,543.0
1306,1,car,0.7318,556.5,493.7,648.7,543.0
1306,1,car,0.6859,765.1,682.8,928.2,783.9
1306,2,large_vehicle,0.3689,952.7,425.8,1021.1,466.7
1306,2,large_vehicle,0.3259,68.9,786.7,181.3,868.1
1306,1,car,0.2758,952.7,425.8,1021.1,466.7
1306,1,car,0.2635,68.9,786.7,181.3,868.1
1306,2,large_vehicle,0.2257,765.1,682.8,928.2,783.9
1306,2,large_vehicle,0.1620,556.5,493.7,648.7,543.0
1307,1,car,0.8059,557.0,494.0,650.2,542.9
1307,1,car,0.5449,777.8,679.4,948.9,780.9
1307,2,large_vehicle,0.3956,777.8,679.4,948.9,780.9
1307,1,car,0.3209,952.0,425.9,1021.5,466.8
1307,2,large_vehicle,0.2891,952.0,425.9,1021.5,466.8
1307,2,large_vehicle,0.2785,56.3,787.5,190.0,869.5
1307,1,car,0.2031,56.3,787.5,190.0,869.5
1307,1,car,0.1189,559.0,493.4,650.2,543.1
1307,0,person,0.1177,1193.3,514.7,1214.5,578.7
1308,1,car,0.7937,557.4,493.8,650.3,542.9
1308,1,car,0.5648,777.7,679.4,948.8,780.9
1308,1,car,0.3897,951.8,425.9,1021.9,466.8
1308,2,large_vehicle,0.3738,777.7,679.4,948.8,780.9
1308,2,large_vehicle,0.2650,58.1,787.5,190.1,869.4
1308,2,large_vehicle,0.2558,951.8,425.9,1021.9,466.8
1308,1,car,0.2152,58.1,787.5,190.1,869.4
1308,0,person,0.1527,1193.3,514.7,1214.5,578.8
1309,1,car,0.7926,557.3,493.8,650.1,542.9
1309,1,car,0.5670,777.7,679.4,948.8,780.9
1309,1,car,0.3805,951.7,425.9,1021.4,466.8
1309,2,large_vehicle,0.3703,777.7,679.4,948.8,780.9
1309,2,large_vehicle,0.2571,59.0,787.6,190.1,869.3
1309,2,large_vehicle,0.2515,951.7,425.9,1021.4,466.8
1309,1,car,0.2193,59.0,787.6,190.1,869.3
1309,0,person,0.1562,1193.3,514.4,1214.6,578.7
1309,1,car,0.1000,559.7,493.3,650.2,543.1
1310,1,car,0.8149,556.9,493.6,649.9,542.9
1310,1,car,0.7258,787.8,675.6,952.5,778.6
1310,1,car,0.4197,951.8,425.5,1022.8,466.6
1310,2,large_vehicle,0.3781,76.5,786.9,197.0,872.6
1310,0,person,0.2655,1193.1,514.4,1214.8,579.2
1310,2,large_vehicle,0.2275,951.8,425.5,1022.8,466.6
1310,1,car,0.2064,559.9,493.0,649.8,543.1
1310,2,large_vehicle,0.1752,787.8,675.6,952.5,778.6
1310,1,car,0.1670,76.5,786.9,197.0,872.6
1311,1,car,0.7804,558.1,493.4,649.7,542.8
1311,1,car,0.7198,787.8,675.6,951.8,778.6
1311,1,car,0.3934,952.2,425.2,1023.2,466.5
1311,2,large_vehicle,0.3840,77.8,786.9,197.0,872.4
1311,0,person,0.3315,1193.1,514.6,1214.7,579.3
1311,1,car,0.2436,561.0,492.8,649.7,542.9
1311,2,large_vehicle,0.2257,952.2,425.2,1023.2,466.5
1311,2,large_vehicle,0.1830,787.8,675.6,951.8,778.6
1311,1,car,0.1661,77.8,786.9,197.0,872.4
1312,1,car,0.8193,799.8,673.0,955.3,775.2
1312,1,car,0.4969,563.4,493.3,650.0,542.8
1312,1,car,0.3721,953.2,425.7,1024.3,466.5
1312,2,large_vehicle,0.3149,86.1,786.2,205.6,873.1
1312,1,car,0.2972,86.1,786.2,205.6,873.1
1312,0,person,0.2163,1193.3,514.4,1214.7,578.9
1312,2,large_vehicle,0.2021,953.2,425.7,1024.3,466.5
1312,2,large_vehicle,0.1337,563.4,493.3,650.0,542.8
1313,1,car,0.8179,799.8,673.0,955.4,775.2
1313,1,car,0.6068,559.7,493.6,649.7,542.7
1313,1,car,0.3826,953.1,425.6,1024.4,466.5
1313,2,large_vehicle,0.3447,86.6,786.4,205.7,873.2
1313,1,car,0.3306,562.6,493.1,650.0,542.8
1313,1,car,0.2872,86.6,786.4,205.7,873.2
1313,2,large_vehicle,0.2012,953.1,425.6,1024.4,466.5
1313,0,person,0.1908,1193.2,514.4,1214.6,578.9
1314,1,car,0.8285,799.7,673.0,955.4,775.3
1314,1,car,0.5900,559.7,493.4,649.4,542.7
1314,1,car,0.3499,953.3,425.7,1024.2,466.5
1314,2,large_vehicle,0.3207,86.8,786.3,205.6,873.0
1314,1,car,0.2997,86.8,786.3,205.6,873.0
1314,1,car,0.2524,562.6,492.9,649.5,542.8
1314,0,person,0.2011,1193.3,514.3,1214.7,578.7
1314,2,large_vehicle,0.1806,953.3,425.7,1024.2,466.5
1314,2,large_vehicle,0.1089,559.7,493.4,649.4,542.7
1314,2,large_vehicle,0.1044,562.6,492.9,649.5,542.8
1315,1,car,0.7149,812.8,671.5,978.3,771.7
1315,1,car,0.6534,558.2,493.2,649.2,542.8
1315,1,car,0.3713,952.9,426.0,1024.0,466.6
1315,2,large_vehicle,0.3009,54.6,785.4,213.9,874.2
1315,0,person,0.2847,1193.3,514.2,1214.6,578.8
1315,1,car,0.2361,54.6,785.4,213.9,874.2
1315,2,large_vehicle,0.1964,558.2,493.2,649.2,542.8
1315,2,large_vehicle,0.1922,952.9,426.0,1024.0,466.6
1315,2,large_vehicle,0.1891,812.8,671.5,978.3,771.7
1315,1,car,0.1848,561.8,492.8,649.2,542.9
1315,2,large_vehicle,0.1020,561.8,492.8,649.2,542.9
1316,1,car,0.7166,812.8,671.5,974.1,771.6
1316,1,car,0.7056,557.7,492.9,649.3,542.8
1316,1,car,0.3816,952.8,426.0,1024.1,466.6
1316,0,person,0.2906,1193.3,514.3,1214.6,578.7
1316,2,large_vehicle,0.2875,54.5,785.4,213.9,874.2
1316,1,car,0.2519,54.5,785.4,213.9,874.2
1316,2,large_vehicle,0.1843,812.8,671.5,974.1,771.6
1316,2,large_vehicle,0.1820,952.8,426.0,1024.1,466.6
1316,2,large_vehicle,0.1709,557.7,492.9,649.3,542.8
1317,1,car,0.8120,556.8,493.1,651.2,542.9
1317,1,car,0.6245,823.2,667.2,982.7,767.3
1317,0,person,0.4560,1193.0,514.6,1214.7,578.8
1317,1,car,0.4211,64.3,784.5,222.8,875.7
1317,2,large_vehicle,0.3316,823.2,667.2,982.7,767.3
1317,1,car,0.2475,952.3,425.0,1023.8,466.5
1317,2,large_vehicle,0.1496,952.3,425.0,1023.8,466.5
1318,1,car,0.8108,556.8,492.9,651.4,542.9
1318,1,car,0.6297,823.2,667.2,982.7,767.3
1318,0,person,0.4546,1193.1,514.6,1214.7,578.8
1318,1,car,0.4322,60.6,784.4,222.8,875.8
1318,2,large_vehicle,0.3252,823.2,667.2,982.7,767.3
1318,1,car,0.2409,952.3,425.0,1023.8,466.5
1318,2,large_vehicle,0.1523,952.3,425.0,1023.8,466.5
1319,1,car,0.8368,556.7,493.2,651.2,542.9
1319,1,car,0.6113,823.2,667.2,982.7,767.3
1319,1,car,0.4578,58.4,784.3,222.8,875.9
1319,0,person,0.3478,1193.0,514.5,1214.5,578.5
1319,2,large_vehicle,0.3468,823.2,667.2,982.7,767.3
1319,1,car,0.2604,952.0,424.9,1023.9,466.5
1319,2,large_vehicle,0.1419,952.0,424.9,1023.9,466.5
1320,1,car,0.8307,557.3,492.9,649.6,542.8
1320,1,car,0.8020,833.6,664.8,996.0,763.6
1320,1,car,0.4973,50.3,782.6,230.6,877.2
1320,1,car,0.4655,952.1,425.4,1025.3,466.5
1320,0,person,0.3968,1193.2,514.1,1215.1,578.8
1320,2,large_vehicle,0.1618,952.1,425.4,1025.3,466.5
1320,1,car,0.1418,560.5,492.4,649.7,542.9
1321,1,car,0.8261,557.5,492.9,649.6,542.8
1321,1,car,0.7992,833.7,664.8,997.7,763.5
1321,1,car,0.4949,51.2,782.6,231.0,877.1
1321,1,car,0.4407,952.8,425.2,1025.5,466.5
1321,0,person,0.3957,1193.2,514.1,1215.2,578.8
1321,1,car,0.1921,560.7,492.4,649.7,542.9
1321,2,large_vehicle,0.1677,952.8,425.2,1025.5,466.5
1322,1,car,0.8602,844.4,662.8,1006.2,759.9
1322,1,car,0.6995,49.0,784.1,241.3,878.1
1322,1,car,0.6727,559.9,493.0,650.2,542.8
1322,1,car,0.3120,563.1,492.5,650.4,542.9
1322,1,car,0.2791,953.4,424.0,1025.5,466.4
1322,2,large_vehicle,0.1673,953.4,424.0,1025.5,466.4
1322,2,large_vehicle,0.1179,563.1,492.5,650.4,542.9
1322,2,large_vehicle,0.1119,559.9,493.0,650.2,542.8
1323,1,car,0.8624,844.4,662.6,1005.9,759.9
1323,1,car,0.7161,559.4,492.8,650.3,542.9
1323,1,car,0.7079,49.4,784.2,241.4,878.0
1323,1,car,0.2764,953.7,424.1,1025.3,466.4
1323,2,large_vehicle,0.1658,953.7,424.1,1025.3,466.4
1323,1,car,0.1606,563.0,492.5,650.6,543.0
1323,2,large_vehicle,0.1325,559.4,492.8,650.3,542.9
1323,0,person,0.1163,1193.4,515.8,1215.2,578.9
1324,1,car,0.8628,844.5,662.7,1006.0,759.9
1324,1,car,0.7036,559.8,492.9,650.0,542.8
1324,1,car,0.7030,49.5,784.2,241.4,877.9
1324,1,car,0.2781,953.7,424.2,1025.5,466.4
1324,1,car,0.2207,563.3,492.5,650.3,543.0
1324,0,person,0.1845,1193.3,515.4,1215.2,579.0
1324,2,large_vehicle,0.1584,953.7,424.2,1025.5,466.4
1324,2,large_vehicle,0.1427,559.8,492.9,650.0,542.8
1325,1,car,0.8260,855.6,658.3,1014.0,756.3
1325,1,car,0.7769,557.1,493.2,649.7,542.9
1325,1,car,0.5882,51.3,783.7,249.1,877.7
1325,1,car,0.2326,953.6,424.9,1024.8,466.4
1325,2,large_vehicle,0.2068,51.3,783.7,249.1,877.7
1325,0,person,0.2046,1193.2,515.8,1215.2,579.2
1325,2,large_vehicle,0.1482,953.6,424.9,1024.8,466.4
1326,1,car,0.8645,866.5,656.2,1024.2,752.3
1326,1,car,0.8134,558.1,493.7,650.5,543.0
1326,1,car,0.5692,60.0,783.9,258.4,877.4
1326,1,car,0.3736,953.1,425.0,1024.3,466.5
1326,1,car,0.3349,561.2,493.4,650.6,543.1
1326,2,large_vehicle,0.1920,953.1,425.0,1024.3,466.5
1326,2,large_vehicle,0.1246,60.0,783.9,258.4,877.4
1327,1,car,0.8641,866.5,656.3,1024.2,752.3
1327,1,car,0.8113,558.1,493.7,650.5,543.0
1327,1,car,0.5827,58.5,783.8,258.4,877.5
1327,1,car,0.3699,953.2,424.9,1024.4,466.5
1327,1,car,0.3412,561.2,493.4,650.6,543.1
1327,2,large_vehicle,0.2025,953.2,424.9,1024.4,466.5
1327,2,large_vehicle,0.1385,58.5,783.8,258.4,877.5
1328,1,car,0.8625,866.6,656.3,1024.0,752.3
1328,1,car,0.8374,557.4,493.6,650.3,542.9
1328,1,car,0.5903,57.8,783.8,258.4,877.5
1328,1,car,0.4144,952.2,425.0,1024.4,466.5
1328,1,car,0.3388,560.4,493.3,650.3,543.0
1328,0,person,0.2103,1193.1,515.8,1215.5,579.3
1328,2,large_vehicle,0.1613,952.2,425.0,1024.4,466.5
1328,2,large_vehicle,0.1292,57.8,783.8,258.4,877.5
1329,1,car,0.8173,876.6,654.6,1033.6,749.7
1329,1,car,0.7330,558.7,493.4,649.7,542.9
1329,1,car,0.3609,561.4,492.9,649.7,543.0
1329,0,person,0.3303,1193.0,514.6,1215.3,579.0
1329,1,car,0.2731,952.5,423.7,1024.9,466.4
1329,2,large_vehicle,0.2437,141.2,786.6,268.8,876.8
1329,2,large_vehicle,0.2065,952.5,423.7,1024.9,466.4
1329,1,car,0.2001,141.2,786.6,268.8,876.8
1329,2,large_vehicle,0.1314,55.8,782.6,268.1,879.6
1330,1,car,0.8225,876.7,654.8,1033.6,749.7
1330,1,car,0.7581,558.7,493.4,650.0,542.9
1330,1,car,0.3605,561.4,492.9,650.0,543.0
1330,0,person,0.3400,1193.0,514.7,1215.3,579.2
1330,1,car,0.2788,952.5,423.6,1024.9,466.3
1330,2,large_vehicle,0.2276,141.0,786.9,268.7,876.8
1330,2,large_vehicle,0.2058,952.5,423.6,1024.9,466.3
1330,1,car,0.2007,141.0,786.9,268.7,876.8
1330,2,large_vehicle,0.1535,55.7,782.8,268.3,879.5
1331,1,car,0.6993,887.3,651.0,1036.3,746.0
1331,1,car,0.6701,560.0,493.5,651.2,542.7
1331,1,car,0.5125,149.4,785.4,279.2,876.4
1331,0,person,0.3281,1193.0,514.3,1215.1,579.2
1331,1,car,0.3281,563.0,493.1,651.6,542.8
1331,1,car,0.2590,953.9,423.9,1024.9,466.3
1331,2,large_vehicle,0.2015,953.9,423.9,1024.9,466.3
1331,2,large_vehicle,0.2005,887.3,651.0,1036.3,746.0
1332,1,car,0.7137,887.3,650.9,1036.3,746.0
1332,1,car,0.6061,560.5,493.4,650.7,542.7
1332,1,car,0.5132,149.3,785.2,279.1,876.3
1332,0,person,0.4165,1193.2,514.1,1215.0,579.2
1332,1,car,0.3463,563.6,493.1,651.0,542.8
1332,1,car,0.2700,954.3,424.0,1024.9,466.3
1332,2,large_vehicle,0.1874,954.3,424.0,1024.9,466.3
1332,2,large_vehicle,0.1814,887.3,650.9,1036.3,746.0
1332,2,large_vehicle,0.1142,563.6,493.1,651.0,542.8
1333,1,car,0.7111,887.3,650.9,1036.4,746.0
1333,1,car,0.6169,560.4,493.4,650.7,542.7
1333,1,car,0.5110,149.4,785.3,279.1,876.5
1333,0,person,0.4150,1193.2,514.0,1215.0,579.2
1333,1,car,0.3254,563.6,493.1,651.1,542.8
1333,1,car,0.2549,954.3,423.9,1025.1,466.3
1333,2,large_vehicle,0.1907,954.3,423.9,1025.1,466.3
1333,2,large_vehicle,0.1849,887.3,650.9,1036.4,746.0
1333,2,large_vehicle,0.1150,563.6,493.1,651.1,542.8
1334,1,car,0.7983,555.7,492.8,649.7,542.7
1334,0,person,0.5685,1193.2,514.1,1215.4,579.5
1334,2,large_vehicle,0.4831,899.4,647.4,1050.6,742.2
1334,1,car,0.4287,899.4,647.4,1050.6,742.2
1334,2,large_vehicle,0.3379,156.7,786.5,288.7,876.7
1334,1,car,0.3301,156.7,786.5,288.7,876.7
1334,1,car,0.2588,953.0,424.6,1024.6,466.3
1334,2,large_vehicle,0.1909,953.0,424.6,1024.6,466.3
1335,1,car,0.7706,555.8,492.6,650.1,542.7
1335,0,person,0.5963,1193.0,514.4,1215.5,579.5
1335,2,large_vehicle,0.5014,899.3,647.1,1050.5,742.2
1335,1,car,0.4041,899.3,647.1,1050.5,742.2
1335,2,large_vehicle,0.3592,156.7,786.4,288.6,876.8
1335,1,car,0.3228,156.7,786.4,288.6,876.8
1335,1,car,0.2621,953.0,424.8,1024.7,466.4
1335,2,large_vehicle,0.2026,953.0,424.8,1024.7,466.4
1336,1,car,0.8336,556.6,493.2,650.2,542.7
1336,0,person,0.5864,1193.2,514.1,1215.7,579.3
1336,2,large_vehicle,0.5433,907.6,643.0,1055.0,739.1
1336,1,car,0.4883,164.7,787.1,299.2,876.1
1336,1,car,0.2949,907.6,643.0,1055.0,739.1
1336,1,car,0.2893,559.7,493.0,650.1,542.9
1336,1,car,0.2568,953.6,425.2,1024.9,466.4
1336,2,large_vehicle,0.2025,953.6,425.2,1024.9,466.4
1336,2,large_vehicle,0.1926,164.7,787.1,299.2,876.1
1337,1,car,0.8360,556.5,493.3,650.3,542.7
1337,0,person,0.5880,1193.1,514.1,1215.7,579.2
1337,2,large_vehicle,0.5588,907.7,643.1,1055.0,739.1
1337,1,car,0.4951,164.7,787.1,299.2,876.1
1337,1,car,0.2814,907.7,643.1,1055.0,739.1
1337,1,car,0.2649,952.7,425.5,1024.8,466.5
1337,1,car,0.2589,559.5,493.0,650.3,542.9
1337,2,large_vehicle,0.2077,952.7,425.5,1024.8,466.5
1337,2,large_vehicle,0.1832,164.7,787.1,299.2,876.1
1338,1,car,0.8123,556.8,493.2,649.7,542.8
1338,2,large_vehicle,0.5235,907.7,643.0,1055.0,739.1
1338,0,person,0.5129,1193.0,513.7,1215.4,578.8
1338,1,car,0.5095,164.6,787.1,299.2,876.1
1338,1,car,0.3157,907.7,643.0,1055.0,739.1
1338,1,car,0.2477,559.8,492.9,649.4,542.9
1338,1,car,0.2311,952.7,425.0,1025.0,466.4
1338,2,large_vehicle,0.2168,952.7,425.0,1025.0,466.4
1338,2,large_vehicle,0.1776,164.6,787.1,299.2,876.1
1339,1,car,0.7655,557.9,492.4,649.6,542.8
1339,1,car,0.7399,172.2,784.5,309.9,877.4
1339,1,car,0.5164,916.3,644.0,1062.5,735.9
1339,0,person,0.4805,1192.9,513.0,1215.8,579.0
1339,2,large_vehicle,0.2933,916.3,644.0,1062.5,735.9
1339,1,car,0.1818,952.9,423.3,1025.4,466.1
1339,1,car,0.1554,561.1,492.1,649.2,542.9
1339,2,large_vehicle,0.1025,952.9,423.3,1025.4,466.1
1339,2,large_vehicle,0.1024,557.9,492.4,649.6,542.8
1340,1,car,0.7505,558.0,492.2,649.8,542.8
1340,1,car,0.7394,172.2,784.6,309.8,877.4
1340,1,car,0.5291,916.3,644.1,1062.3,735.9
1340,0,person,0.2932,1192.9,512.6,1215.8,578.8
1340,2,large_vehicle,0.2846,916.3,644.1,1062.3,735.9
1340,1,car,0.1739,952.8,423.5,1025.4,466.1
1340,1,car,0.1732,561.2,491.9,649.4,542.9
1340,2,large_vehicle,0.1191,558.0,492.2,649.8,542.8
1340,2,large_vehicle,0.1023,952.8,423.5,1025.4,466.1
1341,1,car,0.6900,181.2,784.3,319.5,877.2
1341,1,car,0.5402,926.5,640.7,1069.5,732.1
1341,1,car,0.4497,564.0,492.5,649.5,542.7
1341,0,person,0.4221,1193.1,513.3,1215.4,578.4
1341,2,large_vehicle,0.3410,926.5,640.7,1069.5,732.1
1341,2,large_vehicle,0.2334,564.0,492.5,649.5,542.7
1342,1,car,0.6932,181.2,784.3,319.5,877.2
1342,1,car,0.5419,926.5,640.7,1069.5,732.2
1342,1,car,0.4310,564.0,492.5,649.6,542.7
1342,0,person,0.4280,1193.2,513.3,1215.4,578.5
1342,2,large_vehicle,0.3393,926.5,640.7,1069.5,732.2
1342,2,large_vehicle,0.2127,564.0,492.5,649.6,542.7
1343,1,car,0.7040,181.1,784.2,319.5,877.2
1343,1,car,0.6037,559.7,492.8,649.3,542.6
1343,1,car,0.5332,926.6,640.8,1069.2,732.2
1343,0,person,0.4140,1193.0,513.4,1215.3,578.5
1343,2,large_vehicle,0.3473,926.6,640.8,1069.2,732.2
1343,1,car,0.2760,562.6,492.5,649.4,542.7
1343,2,large_vehicle,0.1475,559.7,492.8,649.3,542.6
1343,2,large_vehicle,0.1273,562.6,492.5,649.4,542.7
1344,1,car,0.7419,190.1,783.6,330.0,877.5
1344,1,car,0.7142,558.5,492.4,649.5,542.8
1344,1,car,0.6642,936.5,636.3,1078.8,728.9
1344,0,person,0.3090,1192.9,513.5,1215.6,578.2
1344,2,large_vehicle,0.1742,953.7,423.4,1024.8,466.3
1344,2,large_vehicle,0.1565,936.5,636.3,1078.8,728.9
1344,1,car,0.1506,562.3,492.0,649.5,542.9
1344,2,large_vehicle,0.1361,558.5,492.4,649.5,542.8
1345,1,car,0.7395,190.1,783.7,330.0,877.5
1345,1,car,0.7201,559.4,492.5,649.6,542.8
1345,1,car,0.6693,936.7,635.9,1078.4,729.1
1345,0,person,0.4401,1192.9,513.5,1215.5,578.2
1345,1,car,0.2547,562.9,492.2,649.7,542.8
1345,2,large_vehicle,0.1610,953.7,423.8,1024.8,466.3
1345,2,large_vehicle,0.1416,936.7,635.9,1078.4,729.1
1345,1,car,0.1175,953.7,423.8,1024.8,466.3
1345,2,large_vehicle,0.1138,559.4,492.5,649.6,542.8
1346,1,car,0.8221,557.7,492.7,650.5,542.8
1346,1,car,0.6260,946.1,634.5,1082.9,724.4
1346,1,car,0.5281,199.1,786.1,343.6,876.8
1346,2,large_vehicle,0.2522,199.1,786.1,343.6,876.8
1346,1,car,0.2385,951.9,423.8,1025.2,466.3
1346,0,person,0.2207,1193.0,513.6,1215.7,577.8
1346,2,large_vehicle,0.2080,946.1,634.5,1082.9,724.4
1346,2,large_vehicle,0.1711,951.9,423.8,1025.2,466.3
1346,1,car,0.1092,560.1,492.4,650.4,542.9
1347,1,car,0.7810,558.5,492.9,650.1,542.8
1347,1,car,0.6339,946.2,634.3,1082.9,724.5
1347,1,car,0.5288,199.0,785.9,343.8,876.8
1347,0,person,0.3084,1193.1,514.5,1215.4,578.3
1347,2,large_vehicle,0.2453,199.0,785.9,343.8,876.8
1347,1,car,0.2383,561.2,492.5,650.0,542.9
1347,2,large_vehicle,0.1891,946.2,634.3,1082.9,724.5
1347,1,car,0.1493,952.1,423.8,1024.9,466.1
1347,2,large_vehicle,0.1017,952.1,423.8,1024.9,466.1
1348,1,car,0.7807,558.5,492.9,650.1,542.8
1348,1,car,0.6393,946.1,634.4,1083.0,724.5
1348,1,car,0.5323,198.9,785.9,343.8,876.8
1348,0,person,0.3858,1193.1,514.7,1215.4,578.4
1348,1,car,0.2461,561.2,492.5,650.0,542.9
1348,2,large_vehicle,0.2430,198.9,785.9,343.8,876.8
1348,2,large_vehicle,0.1861,946.1,634.4,1083.0,724.5
1348,1,car,0.1647,952.1,424.0,1024.9,466.1
1348,2,large_vehicle,0.1001,952.1,424.0,1024.9,466.1
1349,1,car,0.6945,207.1,782.3,353.1,877.4
1349,1,car,0.6588,955.1,632.2,1092.6,720.5
1349,1,car,0.6348,558.0,492.7,649.5,542.9
1349,0,person,0.3270,1193.0,514.2,1215.4,578.3
1349,1,car,0.3184,561.4,492.2,649.4,543.0
1349,2,large_vehicle,0.1607,955.1,632.2,1092.6,720.5
1349,1,car,0.1033,952.9,423.5,1025.0,466.0
1350,1,car,0.7583,964.6,630.5,1100.7,719.3
1350,1,car,0.7150,215.5,782.2,364.1,876.8
1350,1,car,0.7075,559.7,492.8,649.4,542.9
1350,0,person,0.4389,1193.0,514.2,1215.2,578.5
1350,1,car,0.2454,562.6,492.5,649.5,543.0
1351,1,car,0.7602,964.5,630.4,1100.7,719.3
1351,1,car,0.7161,215.5,782.2,364.1,876.8
1351,1,car,0.7036,559.8,492.8,649.5,542.9
1351,0,person,0.4322,1193.0,514.3,1215.2,578.5
1351,1,car,0.2518,562.7,492.4,649.6,543.0
1352,1,car,0.7505,964.6,630.6,1100.2,719.3
1352,1,car,0.7155,215.6,782.1,364.1,876.9
1352,1,car,0.5310,559.9,492.9,649.6,542.9
1352,1,car,0.3577,563.0,492.6,649.7,543.0
1352,0,person,0.3561,1193.0,514.5,1215.1,578.5
1353,1,car,0.7780,224.6,781.1,374.3,876.5
1353,1,car,0.7050,556.6,492.6,649.8,542.8
1353,1,car,0.5844,973.7,630.3,1107.4,716.4
1353,2,large_vehicle,0.2669,973.7,630.3,1107.4,716.4
1353,2,large_vehicle,0.1430,556.6,492.6,649.8,542.8
1353,1,car,0.1425,561.9,492.3,649.8,542.9
1353,0,person,0.1251,1193.1,514.4,1215.0,578.3
1353,0,person,0.1024,1193.1,513.7,1215.4,577.9
1354,1,car,0.7840,224.6,781.0,374.3,876.5
1354,1,car,0.7066,556.7,492.6,649.9,542.8
1354,1,car,0.5858,973.7,629.2,1107.4,716.5
1354,2,large_vehicle,0.2554,973.7,629.2,1107.4,716.5
1354,1,car,0.1664,562.0,492.3,649.9,542.9
1354,2,large_vehicle,0.1363,556.7,492.6,649.9,542.8
1354,0,person,0.1219,1193.1,513.6,1215.5,577.9
1355,1,car,0.8274,556.4,492.5,651.1,542.9
1355,1,car,0.7740,234.0,781.6,385.7,875.7
1355,2,large_vehicle,0.4769,981.9,625.5,1115.2,713.1
1355,1,car,0.4148,981.9,625.5,1115.2,713.1
1355,0,person,0.1270,1193.3,513.7,1215.5,577.8
1355,1,car,0.1014,953.1,423.5,1025.3,466.3
1356,1,car,0.8199,556.4,492.4,651.1,542.9
1356,1,car,0.7754,233.9,781.7,385.9,875.7
1356,2,large_vehicle,0.4650,981.8,625.4,1115.2,713.1
1356,1,car,0.4255,981.8,625.4,1115.2,713.1
1356,1,car,0.1377,953.2,423.2,1025.2,466.2
1356,2,large_vehicle,0.1241,953.2,423.2,1025.2,466.2
1356,0,person,0.1204,1193.1,513.7,1215.3,577.6
1357,1,car,0.8189,556.4,492.4,651.1,542.9
1357,1,car,0.7769,234.0,781.6,385.9,875.6
1357,2,large_vehicle,0.4658,981.8,625.4,1115.2,713.1
1357,1,car,0.4231,981.8,625.4,1115.2,713.1
1357,0,person,0.1192,1193.1,513.7,1215.3,577.6
1357,1,car,0.1168,953.2,423.3,1025.0,466.3
1357,2,large_vehicle,0.1087,953.2,423.3,1025.0,466.3
1358,1,car,0.8120,244.0,781.9,396.9,875.7
1358,1,car,0.7754,556.7,492.5,649.6,542.8
1358,2,large_vehicle,0.4720,989.7,623.5,1122.5,710.1
1358,1,car,0.4509,989.7,623.5,1122.5,710.1
1358,0,person,0.1973,1192.8,513.6,1215.1,577.4
1358,1,car,0.1761,560.3,492.1,649.3,543.0
1358,2,large_vehicle,0.1191,953.3,422.6,1024.9,466.0
1358,1,car,0.1059,953.3,422.6,1024.9,466.0
1359,1,car,0.8088,243.8,781.9,397.0,875.7
1359,1,car,0.7504,557.6,492.7,649.6,542.8
1359,2,large_vehicle,0.4688,989.7,623.5,1122.5,710.1
1359,1,car,0.4539,989.7,623.5,1122.5,710.1
1359,0,person,0.3459,1192.9,514.8,1215.0,578.5
1359,1,car,0.2226,561.1,492.3,649.4,542.9
1360,1,car,0.8026,253.6,781.3,409.8,876.3
1360,2,large_vehicle,0.4955,997.6,621.5,1127.4,706.7
1360,1,car,0.4424,563.4,492.6,650.2,543.0
1360,1,car,0.4388,997.6,621.5,1127.4,706.7
1360,2,large_vehicle,0.1395,563.4,492.6,650.2,543.0
1360,1,car,0.1392,560.5,493.1,649.8,542.9
1360,0,person,0.1304,1193.0,513.6,1215.4,577.9
1361,1,car,0.7933,253.5,781.3,409.8,876.3
1361,1,car,0.6004,559.8,492.9,649.7,542.9
1361,2,large_vehicle,0.5020,997.8,621.5,1127.5,706.7
1361,1,car,0.4317,997.8,621.5,1127.5,706.7
1361,1,car,0.2885,562.9,492.4,650.0,543.0
1361,2,large_vehicle,0.1113,253.5,781.3,409.8,876.3
1362,1,car,0.8082,253.6,781.2,409.9,876.3
1362,1,car,0.7048,559.8,492.8,649.8,542.9
1362,2,large_vehicle,0.4802,997.6,621.5,1127.4,706.7
1362,1,car,0.4542,997.6,621.5,1127.4,706.7
1362,1,car,0.1971,562.8,492.4,650.0,543.0
1362,0,person,0.1214,1193.1,513.8,1215.5,577.8
1362,2,large_vehicle,0.1128,559.8,492.8,649.8,542.9
1363,1,car,0.8496,264.1,779.7,421.4,876.0
1363,1,car,0.7504,557.6,492.3,650.1,542.9
1363,2,large_vehicle,0.6397,1005.9,619.0,1133.6,704.5
1363,1,car,0.2261,1005.9,619.0,1133.6,704.5
1363,2,large_vehicle,0.1090,557.6,492.3,650.1,542.9
1363,0,person,0.1076,1193.1,514.1,1215.4,577.7
1364,1,car,0.8453,264.2,779.7,421.3,876.0
1364,1,car,0.7702,557.2,492.4,649.9,542.9
1364,2,large_vehicle,0.6493,1005.9,619.0,1133.5,704.5
1364,1,car,0.2171,1005.9,619.0,1133.5,704.5
1364,0,person,0.1456,1193.1,514.0,1215.3,577.7
1365,1,car,0.8025,558.0,492.3,651.4,542.9
1365,1,car,0.7419,274.5,777.4,432.4,874.3
1365,2,large_vehicle,0.5337,1014.2,616.6,1139.2,701.6
1365,1,car,0.3588,1014.2,616.6,1139.2,701.6
1365,2,large_vehicle,0.1530,274.5,777.4,432.4,874.3
1366,1,car,0.8029,558.0,492.3,651.4,542.9
1366,1,car,0.7414,274.5,777.3,432.4,874.3
1366,2,large_vehicle,0.5324,1014.2,616.6,1139.2,701.6
1366,1,car,0.3594,1014.2,616.6,1139.2,701.6
1366,2,large_vehicle,0.1528,274.5,777.3,432.4,874.3
1367,1,car,0.8074,557.9,492.9,652.0,542.9
1367,1,car,0.7438,274.5,777.3,432.4,874.3
1367,2,large_vehicle,0.5239,1014.3,616.5,1139.3,701.6
1367,1,car,0.3748,1014.3,616.5,1139.3,701.6
1367,1,car,0.2474,560.8,492.7,651.5,543.1
1367,2,large_vehicle,0.1502,274.5,777.3,432.4,874.3
1368,1,car,0.7811,283.1,776.8,443.9,875.2
1368,1,car,0.5894,1021.8,614.9,1145.3,698.5
1368,1,car,0.5350,563.7,492.6,650.0,543.0
1368,2,large_vehicle,0.2987,1021.8,614.9,1145.3,698.5
1368,2,large_vehicle,0.1280,563.7,492.6,650.0,543.0
1369,1,car,0.7894,283.1,776.9,444.0,875.4
1369,1,car,0.5532,1021.9,614.9,1145.5,698.5
1369,1,car,0.5485,564.2,492.6,650.0,542.9
1369,2,large_vehicle,0.3444,1021.9,614.9,1145.5,698.5
1369,2,large_vehicle,0.1396,564.2,492.6,650.0,542.9
1370,1,car,0.8556,295.4,777.4,458.6,873.1
1370,2,large_vehicle,0.6155,1028.0,611.6,1150.2,697.0
1370,1,car,0.5038,565.0,493.0,650.7,542.9
1370,1,car,0.2843,1028.0,611.6,1150.2,697.0
1370,2,large_vehicle,0.1301,565.0,493.0,650.7,542.9
1371,1,car,0.8559,295.4,777.3,458.6,873.2
1371,2,large_vehicle,0.6059,1028.3,611.5,1150.2,697.1
1371,1,car,0.4684,564.7,493.0,650.4,542.9
1371,1,car,0.2954,1028.3,611.5,1150.2,697.1
1371,2,large_vehicle,0.1356,564.7,493.0,650.4,542.9
1372,1,car,0.8557,295.2,777.3,458.6,873.1
1372,2,large_vehicle,0.5999,1028.1,611.5,1150.2,697.2
1372,1,car,0.4411,564.6,492.9,650.7,542.9
1372,1,car,0.2995,1028.1,611.5,1150.2,697.2
1372,2,large_vehicle,0.1264,564.6,492.9,650.7,542.9
1373,1,car,0.8738,305.8,775.2,470.2,872.9
1373,1,car,0.7406,557.8,492.2,650.4,543.1
1373,1,car,0.5145,1036.0,610.2,1155.6,694.8
1373,2,large_vehicle,0.3755,1036.0,610.2,1155.6,694.8
1374,1,car,0.8738,315.8,773.5,482.7,872.3
1374,1,car,0.7694,559.5,492.3,653.7,543.0
1374,2,large_vehicle,0.6639,1043.5,608.9,1161.6,693.9
1374,1,car,0.2215,1043.5,608.9,1161.6,693.9
1374,0,person,0.1146,1193.4,515.0,1215.4,577.6
1375,1,car,0.8740,315.8,773.5,482.7,872.3
1375,1,car,0.7691,559.5,492.3,653.7,543.0
1375,2,large_vehicle,0.6604,1043.5,609.0,1161.6,693.9
1375,1,car,0.2262,1043.5,609.0,1161.6,693.9
1375,0,person,0.1111,1193.4,514.9,1215.4,577.6
1376,1,car,0.8731,315.8,773.5,482.7,872.2
1376,1,car,0.7950,558.9,492.6,653.4,543.0
1376,2,large_vehicle,0.6665,1043.4,609.0,1161.5,693.9
1376,1,car,0.2249,1043.4,609.0,1161.5,693.9
1377,1,car,0.8720,327.6,771.5,496.0,872.2
1377,2,large_vehicle,0.8392,1050.2,606.9,1166.7,690.5
1377,1,car,0.5756,564.4,492.8,650.4,543.0
1377,2,large_vehicle,0.1689,564.4,492.8,650.4,543.0
1377,0,person,0.1024,1193.4,514.7,1215.4,577.6
1378,1,car,0.8746,327.5,771.6,495.9,872.3
1378,2,large_vehicle,0.8351,1050.2,606.8,1166.6,690.5
1378,1,car,0.5753,564.4,492.8,650.4,543.0
1378,2,large_vehicle,0.1731,564.4,492.8,650.4,543.0
1379,1,car,0.8717,339.2,769.7,509.3,872.3
1379,2,large_vehicle,0.8013,1057.2,605.7,1172.7,687.4
1379,1,car,0.3586,564.6,492.8,651.8,543.0
1379,2,large_vehicle,0.1469,564.6,492.8,651.8,543.0
1379,0,person,0.1438,1193.3,514.5,1215.4,577.6
1379,2,large_vehicle,0.1308,954.2,422.6,1024.8,466.0
1379,1,car,0.1002,561.8,493.0,651.5,542.8
1380,1,car,0.8728,339.2,769.7,509.2,872.3
1380,2,large_vehicle,0.7889,1057.2,605.7,1172.6,687.3
1380,1,car,0.3290,561.7,492.8,651.5,542.9
1380,1,car,0.2896,564.7,492.6,651.7,543.0
1380,2,large_vehicle,0.1282,954.3,422.0,1024.9,465.9
1380,2,large_vehicle,0.1164,564.7,492.6,651.7,543.0
1380,0,person,0.1113,1193.3,515.5,1215.0,578.4
1381,1,car,0.8728,339.2,769.7,509.2,872.3
1381,2,large_vehicle,0.7965,1057.2,605.8,1172.6,687.3
1381,1,car,0.3922,561.7,492.8,651.5,542.8
1381,1,car,0.2601,564.6,492.6,651.8,542.9
1381,0,person,0.1207,1193.3,515.6,1215.0,578.4
1381,2,large_vehicle,0.1099,564.6,492.6,651.8,542.9
1382,1,car,0.8554,349.4,769.8,521.2,870.7
1382,2,large_vehicle,0.8419,1064.3,604.3,1178.1,686.8
1382,1,car,0.6808,557.9,492.1,650.6,542.9
1382,0,person,0.3073,1193.4,516.4,1214.8,578.6
1382,2,large_vehicle,0.1984,953.6,422.1,1025.2,466.1
1382,2,large_vehicle,0.1641,557.9,492.1,650.6,542.9
1383,1,car,0.8511,349.3,769.7,521.3,870.6
1383,2,large_vehicle,0.8476,1064.3,604.2,1178.1,686.8
1383,1,car,0.6745,557.9,491.9,651.2,542.8
1383,0,person,0.3294,1193.3,516.6,1214.8,578.8
1383,2,large_vehicle,0.1660,557.9,491.9,651.2,542.8
1383,2,large_vehicle,0.1597,952.9,422.2,1024.9,466.1
1384,1,car,0.8562,359.4,766.6,535.2,868.3
1384,2,large_vehicle,0.8361,1070.5,602.3,1182.3,683.6
1384,1,car,0.7748,557.0,492.2,652.8,542.8
1384,0,person,0.2020,1193.2,516.9,1214.9,578.6
1385,1,car,0.8540,359.4,766.7,535.2,868.3
1385,2,large_vehicle,0.8342,1070.5,602.4,1182.3,683.6
1385,1,car,0.7946,556.5,492.4,653.0,542.8
1385,0,person,0.2433,1193.4,516.8,1215.0,578.6
1386,1,car,0.8537,359.4,766.7,535.2,868.2
1386,2,large_vehicle,0.8345,1070.5,602.3,1182.3,683.6
1386,1,car,0.7821,556.6,492.0,652.1,542.9
1386,0,person,0.2894,1193.3,516.6,1214.9,578.4
1387,1,car,0.8642,374.0,766.4,551.1,868.5
1387,2,large_vehicle,0.8168,1076.8,601.1,1186.0,681.5
1387,1,car,0.7783,557.7,492.3,649.9,542.9
1387,0,person,0.1730,1193.4,517.2,1214.8,578.5
1388,1,car,0.8650,374.0,766.4,551.0,868.5
1388,2,large_vehicle,0.8192,1076.7,601.1,1186.0,681.6
1388,1,car,0.7638,557.5,492.0,649.9,542.9
1388,0,person,0.2357,1193.4,516.9,1215.0,578.4
1389,1,car,0.8899,384.9,762.3,562.0,866.8
1389,2,large_vehicle,0.8320,1082.4,598.7,1192.2,678.7
1389,1,car,0.6599,561.0,492.4,651.7,542.8
1389,2,large_vehicle,0.1436,561.0,492.4,651.7,542.8
1389,0,person,0.1344,1193.5,515.1,1215.3,577.7
1389,1,car,0.1139,563.9,492.0,651.8,542.9
1390,1,car,0.8901,385.0,762.3,562.0,866.8
1390,2,large_vehicle,0.8319,1082.4,598.7,1192.2,678.7
1390,1,car,0.6630,561.0,492.4,651.7,542.8
1390,2,large_vehicle,0.1405,561.0,492.4,651.7,542.8
1390,0,person,0.1336,1193.5,515.1,1215.3,577.7
1390,1,car,0.1167,563.8,492.0,651.8,542.9
1391,1,car,0.8924,385.0,762.3,561.9,866.7
1391,2,large_vehicle,0.8291,1082.4,598.7,1192.1,678.7
1391,1,car,0.6990,560.4,492.6,651.9,542.8
1391,2,large_vehicle,0.1087,560.4,492.6,651.9,542.8
1392,1,car,0.8766,393.9,761.0,576.4,865.5
1392,2,large_vehicle,0.7925,1088.8,597.4,1197.1,677.4
1392,1,car,0.7402,555.4,491.8,650.7,542.8
1392,0,person,0.2080,1193.4,515.0,1215.0,577.4
1392,2,large_vehicle,0.1132,555.4,491.8,650.7,542.8
1393,1,car,0.8778,394.0,761.1,576.6,865.3
1393,2,large_vehicle,0.7921,1088.8,597.4,1197.1,677.4
1393,1,car,0.7412,555.4,491.8,650.7,542.8
1393,0,person,0.2122,1193.4,515.0,1215.1,577.4
1393,2,large_vehicle,0.1133,555.4,491.8,650.7,542.8
1394,1,car,0.8798,407.9,759.3,587.8,863.9
1394,1,car,0.8056,556.0,492.6,652.7,542.8
1394,2,large_vehicle,0.7294,1094.8,595.8,1200.8,674.0
1394,0,person,0.1645,1193.5,515.1,1215.1,577.0
1394,1,car,0.1208,1094.8,595.8,1200.8,674.0
1395,1,car,0.8801,407.9,759.3,587.8,863.9
1395,1,car,0.7871,556.3,492.5,652.6,542.8
1395,2,large_vehicle,0.7336,1094.8,595.8,1200.8,674.0
1395,0,person,0.1807,1193.3,517.1,1214.7,577.8
1395,1,car,0.1197,1094.8,595.8,1200.8,674.0
1396,1,car,0.8791,407.9,759.3,587.8,863.9
1396,1,car,0.7867,556.2,492.5,652.7,542.8
1396,2,large_vehicle,0.7319,1094.8,595.8,1200.8,674.0
1396,0,person,0.1681,1193.3,516.8,1214.8,577.7
1396,1,car,0.1209,1094.8,595.8,1200.8,674.0
1397,1,car,0.8579,422.2,757.6,601.5,862.3
1397,1,car,0.8070,556.8,492.5,650.0,542.8
1397,2,large_vehicle,0.7132,1100.6,595.1,1205.5,673.3
1397,1,car,0.1759,1100.6,595.1,1205.5,673.3
1397,0,person,0.1234,1193.5,515.2,1215.1,577.3
1398,2,large_vehicle,0.8452,1105.9,593.7,1209.2,670.4
1398,1,car,0.8431,434.2,755.1,617.2,860.6
1398,1,car,0.6940,558.7,492.8,652.3,542.6
1398,0,person,0.1328,1193.4,514.4,1215.3,577.5
1398,2,large_vehicle,0.1203,558.7,492.8,652.3,542.6
1399,1,car,0.8433,434.2,755.1,617.2,860.6
1399,2,large_vehicle,0.8395,1105.9,593.7,1209.2,670.3
1399,1,car,0.6923,558.7,492.9,652.3,542.6
1399,0,person,0.1355,1193.4,514.4,1215.3,577.5
1399,2,large_vehicle,0.1219,558.7,492.9,652.3,542.6
1400,1,car,0.8444,434.2,755.0,616.8,860.7
1400,2,large_vehicle,0.8355,1106.0,593.7,1209.2,670.4
1400,1,car,0.6529,559.8,492.9,652.5,542.6
1400,2,large_vehicle,0.1467,559.8,492.9,652.5,542.6
1400,0,person,0.1238,1193.4,514.4,1215.4,577.4
1401,1,car,0.8361,446.0,754.0,628.7,859.3
1401,2,large_vehicle,0.8049,1111.7,593.0,1214.6,668.7
1401,1,car,0.7155,556.2,492.5,651.0,542.9
1401,2,large_vehicle,0.1266,556.2,492.5,651.0,542.9
1401,0,person,0.1091,1193.5,515.2,1214.9,577.5
1402,1,car,0.8361,446.0,754.1,628.7,859.1
1402,2,large_vehicle,0.7998,1111.7,593.0,1214.8,668.7
1402,1,car,0.7167,556.3,492.5,651.1,542.9
1402,2,large_vehicle,0.1253,556.3,492.5,651.1,542.9
1402,0,person,0.1113,1193.5,515.2,1215.0,577.4
1403,1,car,0.8701,459.7,750.8,642.1,857.0
1403,1,car,0.8017,555.9,492.5,652.7,542.7
1403,2,large_vehicle,0.7945,1116.7,590.2,1218.3,667.0
1403,0,person,0.1318,1193.6,515.2,1215.3,576.7
1403,2,large_vehicle,0.1065,954.0,421.0,1024.8,465.9
1404,1,car,0.8711,459.8,750.9,642.0,857.0
1404,1,car,0.7933,556.1,492.7,652.0,542.7
1404,2,large_vehicle,0.7886,1116.7,590.2,1218.3,667.0
1404,0,person,0.1115,1193.7,515.2,1215.2,576.3
1405,1,car,0.8710,459.8,750.8,642.1,857.0
1405,1,car,0.7934,556.1,492.7,651.8,542.7
1405,2,large_vehicle,0.7915,1116.7,590.1,1218.3,667.0
1405,0,person,0.1185,1193.6,515.2,1215.2,576.3
1406,1,car,0.8644,472.1,749.4,655.2,854.5
1406,2,large_vehicle,0.8165,1122.0,589.0,1222.9,665.4
1406,1,car,0.7689,556.0,492.1,649.9,542.8
1407,1,car,0.8664,472.1,749.4,655.2,854.6
1407,2,large_vehicle,0.8075,1121.9,589.0,1223.0,665.4
1407,1,car,0.7678,556.5,492.1,650.2,542.8
1407,0,person,0.1016,1193.5,514.7,1215.9,576.1
1408,1,car,0.8455,485.6,747.3,671.9,852.9
1408,2,large_vehicle,0.8286,1127.4,587.8,1227.9,663.5
1408,1,car,0.7260,558.6,492.4,652.8,542.7
1409,1,car,0.8479,485.6,747.3,671.7,852.9
1409,2,large_vehicle,0.8289,1127.4,587.9,1227.9,663.6
1409,1,car,0.7155,558.2,492.2,654.3,542.6
1409,2,large_vehicle,0.1043,558.2,492.2,654.3,542.6
1410,1,car,0.8467,485.6,747.3,671.7,852.9
1410,2,large_vehicle,0.8315,1127.4,587.8,1227.8,663.6
1410,1,car,0.6967,557.9,491.9,654.0,542.7
1410,2,large_vehicle,0.1300,557.9,491.9,654.0,542.7
1411,1,car,0.8874,497.2,743.1,683.9,850.0
1411,2,large_vehicle,0.7398,1133.9,585.4,1240.0,661.5
1411,1,car,0.7162,556.4,491.9,650.6,543.0
1411,2,large_vehicle,0.1240,556.4,491.9,650.6,543.0
1411,2,large_vehicle,0.1031,955.0,420.1,1024.8,465.9
1412,1,car,0.8881,497.3,743.2,683.9,850.0
1412,2,large_vehicle,0.7450,1133.9,585.4,1240.2,661.5
1412,1,car,0.6950,556.6,492.0,650.3,543.0
1412,2,large_vehicle,0.1450,556.6,492.0,650.3,543.0
1412,2,large_vehicle,0.1188,955.1,420.2,1025.1,465.9
1413,1,car,0.8857,512.1,741.1,695.8,847.2
1413,1,car,0.7876,555.3,491.9,653.3,542.9
1413,2,large_vehicle,0.7552,1138.1,585.0,1245.7,659.2
1413,2,large_vehicle,0.2052,954.6,420.7,1025.5,466.0
1414,1,car,0.8857,512.1,741.1,695.8,847.2
1414,1,car,0.7948,555.3,491.9,653.4,542.9
1414,2,large_vehicle,0.7562,1138.1,585.1,1245.7,659.1
1414,2,large_vehicle,0.1713,954.6,420.7,1025.4,466.0
1415,1,car,0.8850,512.1,741.1,695.8,847.2
1415,1,car,0.8134,554.9,492.0,653.2,542.9
1415,2,large_vehicle,0.7538,1138.2,585.1,1246.2,659.2
1415,2,large_vehicle,0.2238,953.6,420.7,1025.5,466.0
1416,1,car,0.8718,525.7,738.5,709.5,844.7
1416,2,large_vehicle,0.7648,1143.6,584.0,1256.3,658.2
1416,1,car,0.7229,557.8,491.7,650.8,542.8
1416,2,large_vehicle,0.1180,557.8,491.7,650.8,542.8
1416,2,large_vehicle,0.1148,954.3,420.1,1024.9,465.6
1417,1,car,0.8642,525.8,738.5,709.4,844.7
1417,2,large_vehicle,0.7698,1143.8,584.1,1255.1,658.2
1417,1,car,0.7125,557.8,491.8,650.8,542.8
1417,2,large_vehicle,0.1258,557.8,491.8,650.8,542.8
1418,1,car,0.8721,538.5,734.9,722.9,842.3
1418,2,large_vehicle,0.7470,1148.1,582.4,1258.2,655.2
1418,1,car,0.6957,559.2,492.7,650.9,542.7
1418,2,large_vehicle,0.2007,1190.0,482.3,1280.3,547.7
1418,1,car,0.1990,562.9,492.5,651.2,542.9
1418,1,car,0.1644,1190.0,482.3,1280.3,547.7
1418,2,large_vehicle,0.1120,559.2,492.7,650.9,542.7
1419,1,car,0.8690,538.5,735.0,722.8,842.3
1419,2,large_vehicle,0.7484,1148.1,582.4,1257.5,655.2
1419,1,car,0.6877,559.2,492.4,650.7,542.8
1419,2,large_vehicle,0.2126,1190.0,482.2,1280.4,547.7
1419,1,car,0.1655,1190.0,482.2,1280.4,547.7
1419,2,large_vehicle,0.1549,954.6,420.6,1024.9,465.7
1419,2,large_vehicle,0.1464,559.2,492.4,650.7,542.8
1419,1,car,0.1044,562.8,492.2,650.9,542.9
1420,1,car,0.8703,538.5,735.0,722.9,842.3
1420,2,large_vehicle,0.7466,1148.1,582.4,1257.5,655.2
1420,1,car,0.6874,559.3,492.4,650.7,542.8
1420,2,large_vehicle,0.2160,1190.0,482.1,1280.4,547.7
1420,1,car,0.1636,1190.0,482.1,1280.4,547.7
1420,2,large_vehicle,0.1468,559.3,492.4,650.7,542.8
1420,2,large_vehicle,0.1304,954.8,420.6,1024.6,465.7
1420,1,car,0.1059,562.8,492.2,651.0,542.9
1421,1,car,0.8815,551.8,732.0,736.7,838.7
1421,2,large_vehicle,0.7736,1152.3,581.1,1256.5,654.5
1421,1,car,0.7317,556.0,492.1,649.2,542.8
1421,2,large_vehicle,0.1996,1183.9,484.4,1273.3,550.2
1421,2,large_vehicle,0.1337,556.0,492.1,649.2,542.8
1422,1,car,0.8829,564.1,727.3,749.7,835.2
1422,1,car,0.8233,555.1,492.0,650.5,542.8
1422,2,large_vehicle,0.6773,1157.6,578.1,1282.9,651.9
1422,1,car,0.4620,1177.6,484.3,1266.8,552.5
1422,2,large_vehicle,0.2623,1177.6,484.3,1266.8,552.5
1422,2,large_vehicle,0.2230,954.1,421.2,1023.5,465.8
1422,1,car,0.1333,1157.6,578.1,1282.9,651.9
1423,1,car,0.8829,564.1,727.4,749.7,835.2
1423,1,car,0.8208,555.1,492.0,650.8,542.8
1423,2,large_vehicle,0.6788,1157.6,578.1,1283.0,651.9
1423,1,car,0.4610,1177.6,484.3,1266.8,552.5
1423,2,large_vehicle,0.2654,1177.6,484.3,1266.8,552.5
1423,2,large_vehicle,0.2235,954.1,421.2,1023.5,465.8
1423,1,car,0.1317,1157.6,578.1,1283.0,651.9
1424,1,car,0.8850,564.1,727.4,749.8,835.1
1424,1,car,0.8235,554.8,492.2,650.3,542.8
1424,2,large_vehicle,0.6778,1157.6,578.1,1282.5,651.9
1424,1,car,0.4840,1177.6,484.4,1266.8,552.5
1424,2,large_vehicle,0.2630,953.4,421.4,1023.7,465.9
1424,2,large_vehicle,0.2437,1177.6,484.4,1266.8,552.5
1424,1,car,0.1348,1157.6,578.1,1282.5,651.9
1425,1,car,0.8735,578.7,723.2,762.1,834.5
1425,1,car,0.7526,556.5,491.1,649.7,542.8
1425,2,large_vehicle,0.6485,1171.7,486.5,1262.0,554.1
1425,1,car,0.4475,1161.6,577.4,1283.5,650.3
1425,2,large_vehicle,0.4236,1161.6,577.4,1283.5,650.3
1425,2,large_vehicle,0.1983,953.1,420.3,1024.9,465.8
1425,2,large_vehicle,0.1115,556.5,491.1,649.7,542.8
1426,1,car,0.8718,578.6,723.4,762.0,834.3
1426,1,car,0.7513,556.5,491.1,649.7,542.8
1426,2,large_vehicle,0.6390,1171.7,486.5,1262.3,554.0
1426,1,car,0.4695,1161.6,577.4,1283.4,650.0
1426,2,large_vehicle,0.4019,1161.6,577.4,1283.4,650.0
1426,2,large_vehicle,0.2147,953.1,420.4,1024.8,465.7
1426,2,large_vehicle,0.1124,556.5,491.1,649.7,542.8
1427,1,car,0.8711,590.6,723.4,776.2,830.5
1427,1,car,0.7523,558.0,491.9,650.2,542.8
1427,2,large_vehicle,0.5840,1166.3,576.4,1285.5,649.1
1427,1,car,0.3897,1164.6,488.0,1257.8,557.0
1427,2,large_vehicle,0.3766,1164.6,488.0,1257.8,557.0
1427,1,car,0.2849,1166.3,576.4,1285.5,649.1
1427,2,large_vehicle,0.1271,954.5,420.4,1024.8,465.8
1428,1,car,0.8701,591.7,723.5,776.3,830.7
1428,1,car,0.7305,558.3,491.8,649.7,542.8
1428,2,large_vehicle,0.5771,1166.3,576.3,1287.8,649.0
1428,1,car,0.3888,1164.6,488.0,1257.6,556.9
1428,2,large_vehicle,0.3744,1164.6,488.0,1257.6,556.9
1428,1,car,0.3012,1166.3,576.3,1287.8,649.0
1428,2,large_vehicle,0.1355,954.3,420.2,1025.2,465.6
1428,2,large_vehicle,0.1182,558.3,491.8,649.7,542.8
1429,1,car,0.8697,591.3,723.5,776.3,830.7
1429,1,car,0.7313,558.2,491.8,649.7,542.8
1429,2,large_vehicle,0.5774,1166.3,576.3,1287.6,649.0
1429,2,large_vehicle,0.3858,1164.6,487.8,1257.8,557.0
1429,1,car,0.3743,1164.6,487.8,1257.8,557.0
1429,1,car,0.3002,1166.3,576.3,1287.6,649.0
1429,2,large_vehicle,0.1437,954.3,420.3,1025.1,465.6
1429,2,large_vehicle,0.1168,558.2,491.8,649.7,542.8
1430,1,car,0.8500,606.4,720.8,789.6,826.3
1430,1,car,0.6761,556.4,491.7,649.5,542.7
1430,2,large_vehicle,0.5737,1158.6,492.5,1249.7,558.8
1430,2,large_vehicle,0.4289,1171.1,574.9,1295.2,646.9
1430,1,car,0.4094,54.2,787.9,135.7,859.0
1430,1,car,0.3498,1171.1,574.9,1295.2,646.9
1430,2,large_vehicle,0.2787,953.9,420.5,1025.1,465.9
1430,1,car,0.1895,1158.6,492.5,1249.7,558.8
1430,2,large_vehicle,0.1889,556.4,491.7,649.5,542.7
1430,2,large_vehicle,0.1440,54.2,787.9,135.7,859.0
1431,1,car,0.8505,606.4,720.8,790.4,826.4
1431,1,car,0.7204,556.2,491.9,649.6,542.8
1431,2,large_vehicle,0.5654,1158.4,492.9,1249.3,558.8
1431,2,large_vehicle,0.4298,1171.1,575.0,1295.0,646.7
1431,1,car,0.3931,54.2,787.8,136.0,859.1
1431,2,large_vehicle,0.3635,953.7,420.9,1024.4,466.0
1431,1,car,0.3498,1171.1,575.0,1295.0,646.7
1431,1,car,0.1979,1158.4,492.9,1249.3,558.8
1431,2,large_vehicle,0.1458,556.2,491.9,649.6,542.8
1431,2,large_vehicle,0.1287,54.2,787.8,136.0,859.1
1432,1,car,0.7117,557.3,491.7,652.2,542.8
1432,1,car,0.6202,618.2,715.2,802.5,822.8
1432,1,car,0.4643,1175.2,572.7,1297.1,644.1
1432,1,car,0.4553,1151.7,497.9,1244.4,561.6
1432,2,large_vehicle,0.4490,953.4,421.0,1024.2,466.0
1432,1,car,0.4309,618.9,715.3,803.3,822.9
1432,1,car,0.4021,59.8,788.7,143.4,860.6
1432,2,large_vehicle,0.3987,1175.2,572.7,1297.1,644.1
1432,2,large_vehicle,0.3771,1151.7,497.9,1244.4,561.6
1432,2,large_vehicle,0.1654,59.8,788.7,143.4,860.6
1432,2,large_vehicle,0.1282,557.3,491.7,652.2,542.8
1433,1,car,0.7642,556.2,492.0,651.9,542.8
1433,1,car,0.5615,618.9,715.3,803.4,822.9
1433,1,car,0.5002,618.2,715.2,802.6,822.8
1433,1,car,0.4669,1151.8,498.2,1243.9,561.6
1433,1,car,0.4661,1175.2,572.9,1296.5,643.9
1433,2,large_vehicle,0.4598,953.4,421.1,1024.3,466.2
1433,1,car,0.4246,59.7,788.7,143.4,860.7
1433,2,large_vehicle,0.3958,1175.2,572.9,1296.5,643.9
1433,2,large_vehicle,0.3692,1151.8,498.2,1243.9,561.6
1433,2,large_vehicle,0.1645,59.7,788.7,143.4,860.7
1434,1,car,0.8360,618.8,715.3,803.3,822.9
1434,1,car,0.7541,556.7,492.1,651.9,542.7
1434,1,car,0.4752,1175.0,572.6,1297.5,644.0
1434,1,car,0.4516,1151.7,497.9,1244.2,561.6
1434,1,car,0.4073,59.8,788.6,143.4,860.6
1434,2,large_vehicle,0.3929,953.2,421.0,1024.1,466.1
1434,2,large_vehicle,0.3886,1175.0,572.6,1297.5,644.0
1434,2,large_vehicle,0.3826,1151.7,497.9,1244.2,561.6
1434,2,large_vehicle,0.1717,59.8,788.6,143.4,860.6
1435,1,car,0.8842,633.1,709.0,814.5,820.3
1435,1,car,0.7372,557.5,492.2,649.4,542.6
1435,2,large_vehicle,0.5013,1179.3,572.2,1302.8,643.7
1435,1,car,0.4414,1144.7,498.7,1238.9,563.7
1435,2,large_vehicle,0.3752,1144.7,498.7,1238.9,563.7
1435,2,large_vehicle,0.3365,953.5,421.1,1023.5,465.9
1435,1,car,0.2851,1179.3,572.2,1302.8,643.7
1435,1,car,0.2798,61.6,789.1,151.6,862.1
1435,2,large_vehicle,0.1443,557.5,492.2,649.4,542.6
1435,2,large_vehicle,0.1027,61.6,789.1,151.6,862.1
1436,1,car,0.8850,633.1,708.9,814.5,820.3
1436,1,car,0.7259,557.1,492.0,649.3,542.6
1436,2,large_vehicle,0.5128,1179.4,572.2,1302.9,643.7
1436,1,car,0.4239,1144.8,498.6,1239.0,563.7
1436,2,large_vehicle,0.4014,953.5,421.1,1024.3,465.9
1436,2,large_vehicle,0.3890,1144.8,498.6,1239.0,563.7
1436,1,car,0.3080,62.2,789.1,151.3,862.2
1436,1,car,0.2753,1179.4,572.2,1302.9,643.7
1436,2,large_vehicle,0.1535,557.1,492.0,649.3,542.6
1436,2,large_vehicle,0.1010,62.2,789.1,151.3,862.2
1437,1,car,0.8780,645.6,708.6,827.0,818.0
1437,1,car,0.6541,558.6,492.4,649.6,542.6
1437,1,car,0.5965,1137.7,503.4,1227.5,566.9
1437,2,large_vehicle,0.5957,1183.5,571.9,1298.9,642.7
1437,2,large_vehicle,0.3789,953.9,420.9,1024.2,466.2
1437,1,car,0.2219,1183.5,571.9,1298.9,642.7
1437,2,large_vehicle,0.2126,558.6,492.4,649.6,542.6
1437,1,car,0.1974,63.5,790.2,159.3,863.6
1437,2,large_vehicle,0.1843,1137.7,503.4,1227.5,566.9
1437,0,person,0.1346,1197.0,527.6,1213.6,574.3
1438,1,car,0.8772,645.6,708.7,827.0,818.0
1438,1,car,0.6362,558.8,492.2,649.7,542.6
1438,2,large_vehicle,0.5954,1183.5,571.9,1298.9,642.7
1438,1,car,0.5946,1137.7,503.4,1227.5,566.9
1438,2,large_vehicle,0.3690,953.9,420.9,1024.1,466.2
1438,2,large_vehicle,0.2315,558.8,492.2,649.7,542.6
1438,1,car,0.2212,1183.5,571.9,1298.9,642.7
1438,1,car,0.1984,63.5,790.2,159.3,863.5
1438,2,large_vehicle,0.1859,1137.7,503.4,1227.5,566.9
1438,0,person,0.1337,1197.0,527.6,1213.6,574.3
1439,1,car,0.8774,645.6,708.7,827.0,818.0
1439,1,car,0.6496,558.8,492.4,649.8,542.6
1439,1,car,0.6108,1137.5,503.4,1228.1,566.9
1439,2,large_vehicle,0.5939,1183.5,571.9,1299.0,642.7
1439,2,large_vehicle,0.3932,954.3,421.0,1024.1,466.2
1439,1,car,0.2236,1183.5,571.9,1299.0,642.7
1439,2,large_vehicle,0.2071,558.8,492.4,649.8,542.6
1439,1,car,0.1938,63.7,790.2,159.2,863.5
1439,2,large_vehicle,0.1804,1137.5,503.4,1228.1,566.9
1439,0,person,0.1421,1197.0,527.6,1213.6,574.3
1440,1,car,0.8913,658.6,705.3,840.2,813.3
1440,1,car,0.6287,555.8,491.3,649.4,542.6
1440,1,car,0.6033,1187.7,572.6,1301.2,640.1
1440,2,large_vehicle,0.4912,1128.8,505.3,1216.9,569.7
1440,2,large_vehicle,0.4823,953.7,421.6,1024.0,466.2
1440,2,large_vehicle,0.2318,555.8,491.3,649.4,542.6
1440,2,large_vehicle,0.2205,1187.7,572.6,1301.2,640.1
1440,1,car,0.2063,61.0,790.7,166.1,868.4
1440,1,car,0.2056,1128.8,505.3,1216.9,569.7
1441,1,car,0.8916,658.7,705.3,840.1,813.3
1441,1,car,0.6079,555.9,491.3,650.0,542.6
1441,1,car,0.5685,1188.0,572.1,1301.6,640.1
1441,2,large_vehicle,0.5179,953.6,421.7,1024.1,466.2
1441,2,large_vehicle,0.4758,1128.9,505.4,1216.9,569.8
1441,2,large_vehicle,0.2541,1188.0,572.1,1301.6,640.1
1441,2,large_vehicle,0.2483,555.9,491.3,650.0,542.6
1441,1,car,0.2227,59.8,790.6,166.2,868.0
1441,1,car,0.2101,1128.9,505.4,1216.9,569.8
1442,1,car,0.8784,671.6,701.0,851.8,810.2
1442,1,car,0.7631,555.5,491.8,651.3,542.6
1442,2,large_vehicle,0.6206,1122.1,506.5,1208.5,571.5
1442,1,car,0.3632,1192.0,571.3,1305.1,638.6
1442,2,large_vehicle,0.3543,1192.0,571.3,1305.1,638.6
1442,2,large_vehicle,0.2976,953.7,422.2,1024.3,466.1
1442,1,car,0.2365,76.7,789.2,174.8,868.2
1442,1,car,0.1432,1122.1,506.5,1208.5,571.5
1442,2,large_vehicle,0.1235,76.7,789.2,174.8,868.2
1443,1,car,0.8797,671.6,701.0,851.8,810.3
1443,1,car,0.7213,555.8,491.5,651.2,542.6
1443,2,large_vehicle,0.6212,1122.1,506.5,1208.2,571.6
1443,2,large_vehicle,0.3676,1191.9,571.2,1307.4,638.7
1443,2,large_vehicle,0.3656,953.5,421.8,1024.6,466.1
1443,1,car,0.3386,1191.9,571.2,1307.4,638.7
1443,1,car,0.2497,77.0,789.2,174.7,868.3
1443,1,car,0.1347,1122.1,506.5,1208.2,571.6
1443,2,large_vehicle,0.1327,555.8,491.5,651.2,542.6
1443,2,large_vehicle,0.1279,77.0,789.2,174.7,868.3
1444,1,car,0.8802,671.6,701.0,851.9,810.3
1444,1,car,0.7169,555.9,491.5,651.4,542.6
1444,2,large_vehicle,0.6174,1122.1,506.5,1209.0,571.5
1444,2,large_vehicle,0.3626,1191.9,571.3,1307.8,638.7
1444,2,large_vehicle,0.3517,953.4,421.8,1024.5,466.1
1444,1,car,0.3498,1191.9,571.3,1307.8,638.7
1444,1,car,0.2586,77.6,789.1,174.7,868.4
1444,1,car,0.1400,1122.1,506.5,1209.0,571.5
1444,2,large_vehicle,0.1356,555.9,491.5,651.4,542.6
1444,2,large_vehicle,0.1279,77.6,789.1,174.7,868.4
1445,1,car,0.8876,686.2,699.5,864.5,803.7
1445,2,large_vehicle,0.7059,1114.9,507.3,1196.7,576.0
1445,1,car,0.6581,558.9,491.6,649.9,542.6
1445,2,large_vehicle,0.4494,952.9,421.4,1024.8,465.9
1445,2,large_vehicle,0.4242,1195.0,567.5,1328.1,637.4
1445,2,large_vehicle,0.1996,558.9,491.6,649.9,542.6
1445,1,car,0.1778,1195.0,567.5,1328.1,637.4
1445,1,car,0.1463,79.1,789.0,184.8,869.5
1445,4,other_vehicle,0.1090,79.1,789.0,184.8,869.5
1446,1,car,0.8796,699.7,695.7,876.7,800.2
1446,2,large_vehicle,0.6906,1106.9,509.5,1192.6,578.4
1446,1,car,0.6025,558.9,491.8,650.0,542.4
1446,2,large_vehicle,0.5747,953.2,421.5,1024.3,466.1
1446,1,car,0.4061,1199.9,561.1,1327.4,635.3
1446,2,large_vehicle,0.2551,558.9,491.8,650.0,542.4
1446,4,other_vehicle,0.2531,88.1,788.8,193.1,871.5
1446,2,large_vehicle,0.2280,1199.9,561.1,1327.4,635.3
1446,1,car,0.1318,1106.9,509.5,1192.6,578.4
1446,1,car,0.1011,562.5,491.6,650.3,542.6
1447,1,car,0.8800,699.7,695.7,876.7,800.2
1447,2,large_vehicle,0.6923,1106.9,509.5,1192.6,578.4
1447,2,large_vehicle,0.5867,953.2,421.6,1024.4,466.1
1447,1,car,0.5766,559.0,491.8,650.1,542.4
1447,1,car,0.4062,1199.9,561.2,1327.1,635.3
1447,2,large_vehicle,0.2790,559.0,491.8,650.1,542.4
1447,4,other_vehicle,0.2545,88.1,788.9,193.1,871.5
1447,2,large_vehicle,0.2286,1199.9,561.2,1327.1,635.3
1447,1,car,0.1308,1106.9,509.5,1192.6,578.4
1447,1,car,0.1178,562.8,491.6,650.3,542.5
1447,2,large_vehicle,0.1141,562.8,491.6,650.3,542.5
1448,1,car,0.8797,699.7,695.7,876.7,800.2
1448,2,large_vehicle,0.6928,1106.9,509.4,1192.8,578.4
1448,1,car,0.6602,558.3,491.8,650.0,542.4
1448,2,large_vehicle,0.5877,953.3,421.1,1024.3,466.1
1448,1,car,0.4033,1199.9,561.0,1327.5,635.3
1448,4,other_vehicle,0.2601,87.7,788.7,193.1,871.5
1448,2,large_vehicle,0.2334,1199.9,561.0,1327.5,635.3
1448,2,large_vehicle,0.2008,558.3,491.8,650.0,542.4
1448,1,car,0.1335,1106.9,509.4,1192.8,578.4
1449,1,car,0.8704,712.2,691.5,887.6,795.3
1449,1,car,0.7045,554.9,490.8,649.0,542.4
1449,2,large_vehicle,0.6872,1098.1,511.6,1184.2,579.9
1449,2,large_vehicle,0.5618,953.2,421.1,1024.7,466.2
1449,1,car,0.3598,1204.4,563.0,1292.4,632.9
1449,1,car,0.1979,95.5,788.0,200.7,872.5
1449,1,car,0.1813,1098.1,511.6,1184.2,579.9
1449,2,large_vehicle,0.1769,554.9,490.8,649.0,542.4
1449,2,large_vehicle,0.1240,1204.4,563.0,1292.4,632.9
1449,1,car,0.1200,1204.3,556.1,1336.3,634.1
1450,1,car,0.8696,712.2,691.5,887.7,795.2
1450,2,large_vehicle,0.6951,1098.1,511.9,1184.3,580.0
1450,1,car,0.6701,555.3,490.9,648.9,542.4
1450,2,large_vehicle,0.5592,953.0,421.2,1024.7,466.2
1450,1,car,0.3528,1204.4,563.2,1291.5,633.0
1450,2,large_vehicle,0.2161,555.3,490.9,648.9,542.4
1450,1,car,0.2092,94.4,787.8,200.9,872.5
1450,1,car,0.1662,1098.1,511.9,1184.3,580.0
1450,1,car,0.1274,1204.3,556.1,1337.7,634.2
1450,2,large_vehicle,0.1163,1204.4,563.2,1291.5,633.0
1451,1,car,0.8378,725.5,688.0,899.6,791.2
1451,2,large_vehicle,0.7529,1090.6,514.2,1174.3,583.8
1451,1,car,0.7183,555.9,491.2,648.8,542.3
1451,2,large_vehicle,0.5158,953.1,420.9,1024.6,466.0
1451,1,car,0.2711,1207.9,561.8,1339.7,633.1
1451,2,large_vehicle,0.1635,555.9,491.2,648.8,542.3
1451,2,large_vehicle,0.1201,1207.9,561.8,1339.7,633.1
1452,1,car,0.8389,725.5,688.1,899.5,791.2
1452,2,large_vehicle,0.7520,1090.6,514.2,1174.2,583.8
1452,1,car,0.7109,555.8,490.9,648.9,542.3
1452,2,large_vehicle,0.5244,953.2,420.9,1024.9,466.1
1452,1,car,0.2432,1207.9,561.6,1340.0,633.1
1452,2,large_vehicle,0.1710,555.8,490.9,648.9,542.3
1452,2,large_vehicle,0.1301,1207.9,561.6,1340.0,633.1
1452,1,car,0.1041,106.9,788.2,209.4,873.1
1453,1,car,0.8354,725.6,688.1,899.6,791.2
1453,2,large_vehicle,0.7500,1090.6,514.2,1174.3,583.8
1453,1,car,0.6976,555.9,491.2,649.0,542.3
1453,2,large_vehicle,0.5378,953.3,420.9,1024.9,466.1
1453,1,car,0.2554,1207.9,561.5,1339.9,633.1
1453,2,large_vehicle,0.1797,555.9,491.2,649.0,542.3
1453,2,large_vehicle,0.1419,1207.9,561.5,1339.9,633.1
1454,1,car,0.8415,738.3,685.5,910.5,787.7
1454,2,large_vehicle,0.7711,1081.2,515.9,1168.4,586.9
1454,1,car,0.6036,558.7,490.2,648.6,542.2
1454,2,large_vehicle,0.4071,953.1,420.7,1024.2,465.8
1454,2,large_vehicle,0.2884,558.7,490.2,648.6,542.2
1454,1,car,0.2176,1211.4,563.9,1288.8,630.8
1454,2,large_vehicle,0.1683,1211.4,563.9,1288.8,630.8
1454,2,large_vehicle,0.1570,1210.9,558.0,1340.9,632.5
1454,1,car,0.1375,1210.9,558.0,1340.9,632.5
1454,1,car,0.1113,1081.2,515.9,1168.4,586.9
1454,1,car,0.1046,114.3,788.7,219.6,871.7
1454,2,large_vehicle,0.1015,114.3,788.7,219.6,871.7
1455,1,car,0.8425,738.3,685.5,910.5,787.7
1455,2,large_vehicle,0.7673,1081.2,515.9,1168.8,586.9
1455,1,car,0.5452,558.8,490.1,648.6,542.2
1455,2,large_vehicle,0.3833,953.5,420.8,1024.8,466.0
1455,2,large_vehicle,0.3511,558.8,490.1,648.6,542.2
1455,1,car,0.3210,1211.4,564.4,1288.0,630.6
1455,2,large_vehicle,0.2432,1211.4,564.4,1288.0,630.6
1455,2,large_vehicle,0.1204,1210.8,558.5,1339.5,632.3
1455,2,large_vehicle,0.1189,114.6,788.8,219.6,872.1
1455,1,car,0.1160,1081.2,515.9,1168.8,586.9
1455,1,car,0.1113,1210.8,558.5,1339.5,632.3
1455,1,car,0.1007,114.6,788.8,219.6,872.1
1456,1,car,0.8123,751.9,681.7,924.6,783.1
1456,2,large_vehicle,0.6555,1073.1,517.7,1160.9,588.5
1456,1,car,0.5704,560.0,490.5,648.4,542.0
1456,2,large_vehicle,0.4800,1214.4,551.0,1341.8,632.0
1456,2,large_vehicle,0.4344,954.2,420.6,1024.9,465.9
1456,2,large_vehicle,0.3080,560.0,490.5,648.4,542.0
1456,1,car,0.2636,1073.1,517.7,1160.9,588.5
1456,1,car,0.2330,64.9,786.6,227.0,873.2
1456,1,car,0.1866,116.9,787.6,228.1,872.8
1456,2,large_vehicle,0.1456,116.9,787.6,228.1,872.8
1457,1,car,0.8122,751.9,681.8,925.0,783.1
1457,2,large_vehicle,0.6632,1073.1,517.7,1160.6,588.5
1457,1,car,0.5859,560.3,490.7,648.3,542.0
1457,2,large_vehicle,0.4765,1214.5,551.0,1341.8,632.0
1457,2,large_vehicle,0.3804,954.1,420.9,1024.7,465.9
1457,2,large_vehicle,0.2943,560.3,490.7,648.3,542.0
1457,1,car,0.2545,1073.1,517.7,1160.6,588.5
1457,1,car,0.2047,62.5,786.6,227.0,873.5
1457,1,car,0.1793,116.9,787.7,228.0,873.0
1457,2,large_vehicle,0.1386,116.9,787.7,228.0,873.0
1458,1,car,0.8097,751.9,681.6,924.4,783.2
1458,1,car,0.6708,557.7,490.4,648.5,542.1
1458,2,large_vehicle,0.6668,1073.0,517.7,1161.0,588.5
1458,2,large_vehicle,0.4879,1214.4,550.7,1341.7,632.0
1458,2,large_vehicle,0.3591,954.3,420.9,1024.8,465.8
1458,1,car,0.2719,62.4,786.4,227.0,873.5
1458,1,car,0.2483,1073.0,517.7,1161.0,588.5
1458,2,large_vehicle,0.2044,557.7,490.4,648.5,542.1
1458,1,car,0.1526,115.7,787.5,227.9,873.0
1458,2,large_vehicle,0.1214,115.7,787.5,227.9,873.0
1458,2,large_vehicle,0.1137,62.4,786.4,227.0,873.5
1459,1,car,0.7582,764.3,677.7,939.7,780.8
1459,2,large_vehicle,0.6918,1062.0,521.8,1157.0,592.2
1459,1,car,0.6733,554.3,490.0,649.1,542.1
1459,1,car,0.6518,44.7,784.5,237.0,875.9
1459,2,large_vehicle,0.4568,1217.8,556.5,1341.9,632.0
1459,2,large_vehicle,0.3172,954.7,421.0,1024.9,465.6
1459,1,car,0.2570,1062.0,521.8,1157.0,592.2
1459,2,large_vehicle,0.1915,554.3,490.0,649.1,542.1
1459,2,large_vehicle,0.1554,764.3,677.7,939.7,780.8
1459,2,large_vehicle,0.1088,44.7,784.5,237.0,875.9
1460,1,car,0.7594,764.3,677.7,939.4,780.8
1460,2,large_vehicle,0.6943,1062.1,521.7,1156.9,592.2
1460,1,car,0.6589,555.0,490.2,649.1,542.1
1460,1,car,0.6527,44.4,784.5,237.0,875.9
1460,2,large_vehicle,0.4518,1217.8,556.6,1341.9,632.1
1460,2,large_vehicle,0.3717,954.6,421.2,1025.2,465.6
1460,1,car,0.2624,1062.1,521.7,1156.9,592.2
1460,2,large_vehicle,0.2094,555.0,490.2,649.1,542.1
1460,2,large_vehicle,0.1540,764.3,677.7,939.4,780.8
1460,2,large_vehicle,0.1088,44.4,784.5,237.0,875.9
1461,1,car,0.8314,777.9,675.2,950.9,777.3
1461,2,large_vehicle,0.6080,1054.3,523.9,1149.5,595.3
1461,1,car,0.5742,557.8,490.2,649.0,541.9
1461,1,car,0.5434,45.9,784.8,246.1,876.8
1461,2,large_vehicle,0.3973,953.8,421.2,1024.1,465.7
1461,1,car,0.3584,1219.3,555.3,1342.0,629.2
1461,2,large_vehicle,0.3142,557.8,490.2,649.0,541.9
1461,1,car,0.2931,1054.3,523.9,1149.5,595.3
1461,2,large_vehicle,0.2574,1219.3,555.3,1342.0,629.2
1461,2,large_vehicle,0.1606,45.9,784.8,246.1,876.8
1462,1,car,0.8263,777.9,675.2,947.6,777.3
1462,2,large_vehicle,0.6068,1054.3,523.9,1149.5,595.3
1462,1,car,0.5965,557.7,490.2,649.0,541.9
1462,1,car,0.5423,46.1,784.7,246.1,876.8
1462,2,large_vehicle,0.3768,953.8,421.3,1024.1,465.7
1462,1,car,0.3496,1219.3,555.1,1342.0,629.2
1462,1,car,0.2941,1054.3,523.9,1149.5,595.3
1462,2,large_vehicle,0.2900,557.7,490.2,649.0,541.9
1462,2,large_vehicle,0.2635,1219.3,555.1,1342.0,629.2
1462,2,large_vehicle,0.1630,46.1,784.7,246.1,876.8
1463,1,car,0.8246,777.9,675.2,947.5,777.3
1463,2,large_vehicle,0.6109,1054.3,523.9,1149.5,595.3
1463,1,car,0.5629,557.8,490.2,649.0,541.9
1463,1,car,0.5376,46.4,784.7,246.1,876.9
1463,2,large_vehicle,0.3792,953.8,421.2,1024.1,465.7
1463,1,car,0.3683,1219.4,555.7,1342.0,629.2
1463,2,large_vehicle,0.3266,557.8,490.2,649.0,541.9
1463,1,car,0.2890,1054.3,523.9,1149.5,595.3
1463,2,large_vehicle,0.2550,1219.4,555.7,1342.0,629.2
1463,2,large_vehicle,0.1722,46.4,784.7,246.1,876.9
1464,1,car,0.8225,790.7,670.9,958.1,772.7
1464,2,large_vehicle,0.5726,1218.6,543.9,1342.0,629.2
1464,2,large_vehicle,0.4832,1044.5,526.2,1142.5,599.4
1464,1,car,0.4636,560.1,490.1,649.0,541.8
1464,1,car,0.4563,1044.5,526.2,1142.5,599.4
1464,2,large_vehicle,0.4018,560.1,490.1,649.0,541.8
1464,2,large_vehicle,0.2816,953.0,420.8,1024.9,465.7
1464,2,large_vehicle,0.2050,50.4,785.2,257.8,878.1
1464,2,large_vehicle,0.1102,148.2,788.6,257.0,872.5
1465,1,car,0.8188,790.7,670.8,957.0,772.7
1465,2,large_vehicle,0.5692,1218.6,544.9,1342.0,630.0
1465,2,large_vehicle,0.5300,1044.8,526.1,1142.6,599.4
1465,1,car,0.4595,560.1,490.0,649.1,541.8
1465,2,large_vehicle,0.4031,560.1,490.0,649.1,541.8
1465,1,car,0.3987,1044.8,526.1,1142.6,599.4
1465,2,large_vehicle,0.2865,953.1,420.7,1024.4,465.6
1465,2,large_vehicle,0.1940,51.1,785.2,257.8,878.1
1465,2,large_vehicle,0.1139,148.2,788.6,257.0,872.4
1466,1,car,0.6598,802.3,667.4,967.2,768.7
1466,2,large_vehicle,0.5521,1033.8,528.1,1135.0,602.9
1466,2,large_vehicle,0.4681,559.6,490.1,648.7,541.8
1466,1,car,0.4079,559.6,490.1,648.7,541.8
1466,1,car,0.3912,1033.8,528.1,1135.0,602.9
1466,2,large_vehicle,0.3643,1218.9,550.8,1342.0,632.4
1466,2,large_vehicle,0.2779,802.3,667.4,967.2,768.7
1466,2,large_vehicle,0.2431,155.0,788.2,267.3,873.8
1466,1,car,0.2074,1218.9,550.8,1342.0,632.4
1466,2,large_vehicle,0.1794,954.2,420.8,1024.5,465.6
1467,1,car,0.6755,802.3,667.4,967.3,768.7
1467,2,large_vehicle,0.5638,1033.8,528.1,1135.2,602.9
1467,2,large_vehicle,0.4488,559.7,490.0,648.7,541.9
1467,1,car,0.4391,559.7,490.0,648.7,541.9
1467,1,car,0.3788,1033.8,528.1,1135.2,602.9
1467,2,large_vehicle,0.3540,1219.1,550.9,1342.0,632.1
1467,2,large_vehicle,0.2692,953.6,420.7,1024.1,465.6
1467,2,large_vehicle,0.2597,802.3,667.4,967.3,768.7
1467,2,large_vehicle,0.2514,155.0,788.2,267.3,873.6
1467,1,car,0.1928,1219.1,550.9,1342.0,632.1
1467,1,car,0.1103,155.0,788.2,267.3,873.6
1468,1,car,0.6698,802.3,667.4,967.3,768.7
1468,2,large_vehicle,0.5581,1033.8,528.1,1135.2,602.9
1468,2,large_vehicle,0.4563,559.6,490.0,648.9,541.9
1468,1,car,0.4308,559.6,490.0,648.9,541.9
1468,1,car,0.3848,1033.8,528.1,1135.2,602.9
1468,2,large_vehicle,0.3723,1219.2,550.6,1342.0,632.2
1468,2,large_vehicle,0.2658,802.3,667.4,967.3,768.7
1468,2,large_vehicle,0.2614,953.6,420.7,1023.9,465.6
1468,2,large_vehicle,0.2525,155.0,788.2,267.3,873.7
1468,1,car,0.1827,1219.2,550.6,1342.0,632.2
1468,1,car,0.1112,155.0,788.2,267.3,873.7
1469,1,car,0.7962,814.6,664.2,986.6,763.8
1469,1,car,0.6245,556.9,489.8,649.1,542.1
1469,2,large_vehicle,0.5647,1022.9,530.3,1125.3,606.6
1469,1,car,0.4428,1220.5,554.0,1341.8,630.6
1469,1,car,0.3582,1022.9,530.3,1125.3,606.6
1469,1,car,0.2989,162.7,786.1,278.5,875.0
1469,2,large_vehicle,0.2285,556.9,489.8,649.1,542.1
1469,2,large_vehicle,0.2097,953.4,420.6,1023.8,465.2
1469,2,large_vehicle,0.1984,162.7,786.1,278.5,875.0
1469,2,large_vehicle,0.1115,814.6,664.2,986.6,763.8
1470,1,car,0.8748,825.5,660.6,997.5,760.2
1470,2,large_vehicle,0.6681,1013.4,533.1,1118.0,611.7
1470,1,car,0.5780,557.8,490.3,648.9,542.0
1470,2,large_vehicle,0.2995,557.8,490.3,648.9,542.0
1470,1,car,0.2375,1218.8,552.1,1342.0,632.4
1470,1,car,0.2325,1013.4,533.1,1118.0,611.7
1470,2,large_vehicle,0.1528,171.9,787.2,288.9,874.1
1470,2,large_vehicle,0.1473,953.2,420.5,1024.1,464.6
1470,1,car,0.1129,171.9,787.2,288.9,874.1
1471,1,car,0.8742,825.5,660.6,997.5,760.2
1471,2,large_vehicle,0.6687,1013.4,533.1,1117.9,611.7
1471,1,car,0.5859,557.7,490.4,648.8,542.0
1471,2,large_vehicle,0.2912,557.7,490.4,648.8,542.0
1471,1,car,0.2433,1218.8,552.1,1342.0,632.4
1471,1,car,0.2312,1013.4,533.1,1117.9,611.7
1471,2,large_vehicle,0.1529,171.9,787.2,288.9,874.4
1471,2,large_vehicle,0.1406,953.1,420.5,1024.0,464.6
1471,1,car,0.1094,171.9,787.2,288.9,874.4
1472,1,car,0.8725,825.6,660.8,997.4,760.0
1472,2,large_vehicle,0.6649,1013.4,533.1,1117.9,611.7
1472,1,car,0.5635,557.8,490.5,648.9,542.0
1472,2,large_vehicle,0.3097,557.8,490.5,648.9,542.0
1472,1,car,0.2449,1218.8,552.2,1342.0,632.5
1472,1,car,0.2352,1013.4,533.1,1117.9,611.7
1472,2,large_vehicle,0.1515,172.0,787.1,288.7,874.3
1472,1,car,0.1298,172.0,787.1,288.7,874.3
1472,2,large_vehicle,0.1204,953.2,420.5,1024.1,464.6
1473,1,car,0.8835,837.4,655.7,1003.7,756.5
1473,2,large_vehicle,0.6198,1003.2,535.7,1108.6,613.4
1473,2,large_vehicle,0.4454,558.7,490.1,649.3,541.6
1473,1,car,0.4287,558.7,490.1,649.3,541.6
1473,1,car,0.3254,1003.2,535.7,1108.6,613.4
1473,1,car,0.2750,1219.8,551.9,1341.8,631.5
1473,2,large_vehicle,0.2640,181.3,786.8,300.4,871.6
1473,2,large_vehicle,0.2380,952.8,420.3,1024.7,464.0
1473,1,car,0.1974,181.3,786.8,300.4,871.6
1474,1,car,0.8830,837.3,655.7,1003.7,756.5
1474,2,large_vehicle,0.6045,1003.3,535.7,1109.5,613.4
1474,2,large_vehicle,0.4605,558.8,490.0,649.3,541.6
1474,1,car,0.4120,558.8,490.0,649.3,541.6
1474,1,car,0.3431,1003.3,535.7,1109.5,613.4
1474,1,car,0.2835,1219.8,552.2,1341.9,631.6
1474,1,car,0.2060,181.1,786.8,300.4,871.2
1474,2,large_vehicle,0.1828,952.7,420.1,1024.9,463.9
1474,2,large_vehicle,0.1656,181.2,786.8,300.5,871.1
1474,2,large_vehicle,0.1478,181.1,786.8,300.4,871.2
1474,1,car,0.1352,181.2,786.8,300.5,871.1
1475,1,car,0.8113,849.5,653.3,1013.1,752.8
1475,1,car,0.5383,1222.8,553.1,1337.9,629.3
1475,2,large_vehicle,0.5296,992.9,539.1,1100.0,617.1
1475,2,large_vehicle,0.5283,560.8,489.8,648.6,541.5
1475,1,car,0.4118,992.9,539.1,1100.0,617.1
1475,1,car,0.3483,560.8,489.8,648.6,541.5
1475,2,large_vehicle,0.3030,190.4,786.6,312.0,871.6
1475,1,car,0.2345,190.4,786.6,312.0,871.6
1475,2,large_vehicle,0.2040,954.0,420.7,1024.6,464.0
1476,1,car,0.8119,849.6,653.3,1013.2,752.8
1476,1,car,0.5750,1221.5,553.3,1337.4,630.2
1476,2,large_vehicle,0.5513,561.1,489.7,648.6,541.6
1476,2,large_vehicle,0.5302,992.9,539.0,1100.1,617.1
1476,1,car,0.4100,992.9,539.0,1100.1,617.1
1476,1,car,0.3213,561.1,489.7,648.6,541.6
1476,2,large_vehicle,0.3130,190.4,786.5,312.1,871.5
1476,1,car,0.2280,190.4,786.5,312.1,871.5
1476,2,large_vehicle,0.2085,953.9,420.9,1024.0,463.9
1477,1,car,0.8130,849.6,653.3,1013.1,752.8
1477,1,car,0.5765,1221.5,553.2,1337.3,630.2
1477,2,large_vehicle,0.5559,561.0,489.6,648.6,541.6
1477,2,large_vehicle,0.5388,992.9,539.0,1099.9,617.1
1477,1,car,0.4021,992.9,539.0,1099.9,617.1
1477,1,car,0.3153,561.0,489.6,648.6,541.6
1477,2,large_vehicle,0.3150,190.4,786.5,312.1,871.5
1477,1,car,0.2279,190.4,786.5,312.1,871.5
1477,2,large_vehicle,0.2028,954.0,420.8,1024.2,463.9
1478,1,car,0.7475,861.6,648.9,1018.8,747.1
1478,2,large_vehicle,0.5561,981.1,540.6,1090.3,619.8
1478,2,large_vehicle,0.4739,559.2,489.7,648.6,541.9
1478,1,car,0.4139,199.7,785.8,322.2,871.3
1478,1,car,0.3827,559.2,489.7,648.6,541.9
1478,1,car,0.3763,981.1,540.6,1090.3,619.8
1478,2,large_vehicle,0.2150,954.0,420.9,1024.2,464.0
1478,2,large_vehicle,0.1221,199.7,785.8,322.2,871.3
1479,1,car,0.7443,861.7,648.8,1019.0,747.0
1479,2,large_vehicle,0.5827,981.1,540.6,1090.7,619.8
1479,2,large_vehicle,0.4888,559.3,489.7,648.6,541.9
1479,1,car,0.4189,199.6,785.7,322.1,871.2
1479,1,car,0.3643,559.3,489.7,648.6,541.9
1479,1,car,0.3466,981.1,540.6,1090.7,619.8
1479,2,large_vehicle,0.2187,953.8,420.7,1024.4,464.0
1479,2,large_vehicle,0.1149,199.6,785.7,322.1,871.2
1480,1,car,0.7668,873.7,646.5,1030.2,743.8
1480,1,car,0.5208,969.5,545.1,1079.6,622.9
1480,1,car,0.4767,560.7,490.0,648.3,541.6
1480,2,large_vehicle,0.4224,969.5,545.1,1079.6,622.9
1480,2,large_vehicle,0.4114,560.7,490.0,648.3,541.6
1480,2,large_vehicle,0.2956,953.2,420.9,1024.7,463.8
1480,1,car,0.2657,209.9,785.0,331.6,871.0
1480,2,large_vehicle,0.1964,209.9,785.0,331.6,871.0
1481,1,car,0.7687,873.7,646.4,1030.3,743.7
1481,1,car,0.4879,969.5,545.1,1079.6,622.8
1481,1,car,0.4853,559.4,489.9,648.4,541.6
1481,2,large_vehicle,0.4572,969.5,545.1,1079.6,622.8
1481,2,large_vehicle,0.4051,559.4,489.9,648.4,541.6
1481,2,large_vehicle,0.2891,953.1,420.8,1024.9,463.9
1481,1,car,0.2661,209.8,785.0,331.6,871.0
1481,2,large_vehicle,0.2043,209.8,785.0,331.6,871.0
1482,1,car,0.7696,873.6,646.6,1030.1,743.8
1482,1,car,0.5162,969.5,545.0,1079.7,622.8
1482,1,car,0.4865,559.8,489.8,648.3,541.5
1482,2,large_vehicle,0.4282,969.5,545.0,1079.7,622.8
1482,2,large_vehicle,0.3987,559.8,489.8,648.3,541.5
1482,1,car,0.2737,209.9,785.0,331.7,870.9
1482,2,large_vehicle,0.2372,953.3,420.7,1024.3,463.8
1482,2,large_vehicle,0.1940,209.9,785.0,331.7,870.9
1483,1,car,0.7783,885.6,645.6,1034.9,738.5
1483,1,car,0.5659,957.9,546.2,1071.1,626.3
1483,1,car,0.4511,561.5,489.4,648.9,541.1
1483,1,car,0.4030,219.8,784.3,345.2,872.0
1483,2,large_vehicle,0.3980,561.5,489.4,648.9,541.1
1483,2,large_vehicle,0.3566,957.9,546.2,1071.1,626.3
1483,2,large_vehicle,0.2889,951.7,420.2,1024.3,464.0
1483,2,large_vehicle,0.1388,219.8,784.3,345.2,872.0
1484,1,car,0.7709,885.6,645.6,1035.2,738.5
1484,1,car,0.5662,958.0,546.1,1070.7,626.3
1484,1,car,0.4670,561.4,489.3,649.3,541.1
1484,1,car,0.4155,219.7,784.3,345.2,872.1
1484,2,large_vehicle,0.3730,561.4,489.3,649.3,541.1
1484,2,large_vehicle,0.3569,958.0,546.1,1070.7,626.3
1484,2,large_vehicle,0.3043,951.2,419.9,1024.7,464.0
1484,2,large_vehicle,0.1344,219.7,784.3,345.2,872.1
1485,1,car,0.6711,896.9,639.9,1044.6,733.9
1485,1,car,0.6531,945.5,549.7,1060.0,631.5
1485,2,large_vehicle,0.5843,560.5,489.7,648.3,541.2
1485,2,large_vehicle,0.3573,230.1,784.2,358.1,869.8
1485,2,large_vehicle,0.2932,945.5,549.7,1060.0,631.5
1485,1,car,0.2810,560.5,489.7,648.3,541.2
1485,1,car,0.2496,230.1,784.2,358.1,869.8
1485,2,large_vehicle,0.1720,953.3,420.0,1024.3,463.5
1485,2,large_vehicle,0.1372,896.9,639.9,1044.6,733.9
1486,1,car,0.6703,896.9,639.9,1044.6,733.9
1486,1,car,0.6518,945.5,549.7,1060.0,631.6
1486,2,large_vehicle,0.5891,560.3,489.7,648.3,541.2
1486,2,large_vehicle,0.3591,230.2,784.2,358.1,869.8
1486,2,large_vehicle,0.2944,945.5,549.7,1060.0,631.6
1486,1,car,0.2782,560.3,489.7,648.3,541.2
1486,1,car,0.2489,230.2,784.2,358.1,869.8
1486,2,large_vehicle,0.1785,953.3,420.0,1024.2,463.5
1486,2,large_vehicle,0.1373,896.9,639.9,1044.6,733.9
1487,1,car,0.6691,896.9,639.9,1044.4,733.9
1487,1,car,0.6619,945.5,549.8,1060.1,631.5
1487,2,large_vehicle,0.6025,561.1,489.6,648.3,541.3
1487,2,large_vehicle,0.3665,230.2,784.3,358.1,869.9
1487,2,large_vehicle,0.2827,945.5,549.8,1060.1,631.5
1487,1,car,0.2659,561.1,489.6,648.3,541.3
1487,1,car,0.2451,230.2,784.3,358.1,869.9
1487,2,large_vehicle,0.1878,953.4,420.2,1024.0,463.5
1487,2,large_vehicle,0.1449,896.9,639.9,1044.4,733.9
1488,1,car,0.8061,906.6,638.0,1053.4,729.7
1488,1,car,0.7824,933.4,552.2,1054.7,634.3
1488,1,car,0.4941,240.5,782.9,371.1,871.6
1488,1,car,0.4539,561.0,489.7,648.2,541.5
1488,2,large_vehicle,0.4071,561.0,489.7,648.2,541.5
1488,2,large_vehicle,0.3272,952.8,420.1,1024.3,463.7
1488,1,car,0.1707,1223.1,554.4,1342.0,632.4
1488,2,large_vehicle,0.1441,240.5,782.9,371.1,871.6
1488,2,large_vehicle,0.1193,933.4,552.2,1054.7,634.3
1489,1,car,0.7938,906.7,638.0,1053.6,729.9
1489,1,car,0.7871,933.3,552.3,1054.7,634.3
1489,1,car,0.4955,240.5,782.8,371.1,871.7
1489,1,car,0.4706,560.9,489.9,648.2,541.5
1489,2,large_vehicle,0.3879,560.9,489.9,648.2,541.5
1489,2,large_vehicle,0.3658,953.0,420.1,1024.2,463.6
1489,2,large_vehicle,0.1486,240.5,782.8,371.1,871.7
1489,1,car,0.1481,1223.1,554.4,1342.0,632.4
1489,2,large_vehicle,0.1118,933.3,552.3,1054.7,634.3
1490,1,car,0.8216,914.3,635.0,1061.4,721.4
1490,1,car,0.7772,922.2,556.2,1038.3,637.2
1490,1,car,0.5762,559.4,489.8,648.2,541.3
1490,2,large_vehicle,0.3980,952.3,420.6,1024.1,463.7
1490,1,car,0.3268,251.3,783.7,382.5,869.9
1490,2,large_vehicle,0.3237,559.4,489.8,648.2,541.3
1490,2,large_vehicle,0.2943,251.3,783.7,382.5,869.9
1490,2,large_vehicle,0.1233,922.2,556.2,1038.3,637.2
1491,1,car,0.8196,914.4,635.0,1061.6,721.7
1491,1,car,0.7744,922.2,556.2,1038.4,637.2
1491,1,car,0.5765,559.3,489.8,648.1,541.3
1491,2,large_vehicle,0.3639,952.4,420.3,1024.1,463.6
1491,1,car,0.3213,251.3,783.7,382.6,869.7
1491,2,large_vehicle,0.3210,559.3,489.8,648.1,541.3
1491,2,large_vehicle,0.2971,251.3,783.7,382.6,869.7
1491,2,large_vehicle,0.1270,922.2,556.2,1038.4,637.2
1492,1,car,0.8216,914.4,635.0,1061.5,721.5
1492,1,car,0.7758,922.2,556.2,1038.4,637.1
1492,1,car,0.5811,559.4,489.8,648.1,541.3
1492,2,large_vehicle,0.4014,952.3,420.4,1023.9,463.6
1492,1,car,0.3256,251.3,783.7,382.6,869.7
1492,2,large_vehicle,0.3157,559.4,489.8,648.1,541.3
1492,2,large_vehicle,0.2917,251.3,783.7,382.6,869.7
1492,2,large_vehicle,0.1251,922.2,556.2,1038.4,637.1
1493,1,car,0.8087,927.3,629.1,1073.0,715.9
1493,1,car,0.7572,907.8,557.7,1029.9,642.6
1493,1,car,0.5342,262.8,783.3,393.1,868.7
1493,1,car,0.5023,559.8,489.3,648.3,541.3
1493,2,large_vehicle,0.4905,951.6,419.9,1024.8,463.9
1493,2,large_vehicle,0.3918,559.8,489.3,648.3,541.3
1493,2,large_vehicle,0.1561,907.8,557.7,1029.9,642.6
1493,1,car,0.1176,1221.9,555.4,1342.0,632.3
1494,1,car,0.8784,938.0,627.2,1081.5,714.0
1494,1,car,0.8532,894.5,560.5,1017.8,645.9
1494,1,car,0.5416,273.9,782.1,407.3,869.0
1494,1,car,0.5344,561.9,489.8,648.2,541.3
1494,2,large_vehicle,0.3821,952.4,419.7,1024.1,463.8
1494,2,large_vehicle,0.3511,561.9,489.8,648.2,541.3
1494,1,car,0.1555,1220.8,557.9,1342.0,633.2
1494,0,person,0.1180,1193.5,512.7,1215.8,575.9
1495,1,car,0.8786,938.0,627.2,1081.4,714.0
1495,1,car,0.8527,894.5,560.5,1017.8,645.9
1495,1,car,0.5416,273.9,782.1,407.3,869.0
1495,1,car,0.5323,562.2,489.8,648.3,541.3
1495,2,large_vehicle,0.3723,952.4,419.7,1024.2,463.8
1495,2,large_vehicle,0.3486,562.2,489.8,648.3,541.3
1495,1,car,0.1555,1220.8,557.9,1342.0,633.2
1495,0,person,0.1129,1193.5,512.6,1215.8,575.9
1496,1,car,0.8769,938.1,627.2,1081.4,714.0
1496,1,car,0.8511,895.0,560.5,1017.6,645.7
1496,1,car,0.5375,273.7,782.1,407.6,869.1
1496,1,car,0.5141,561.5,489.5,648.2,541.3
1496,2,large_vehicle,0.3840,952.3,419.7,1024.2,463.8
1496,2,large_vehicle,0.3782,561.5,489.5,648.2,541.3
1496,1,car,0.1734,1220.5,558.3,1342.0,633.3
1496,0,person,0.1381,1193.6,512.8,1215.9,576.0
1497,1,car,0.8511,948.2,623.4,1087.7,712.6
1497,1,car,0.6844,883.5,562.1,1007.1,651.7
1497,2,large_vehicle,0.4464,556.6,489.0,648.3,541.7
1497,1,car,0.4401,556.6,489.0,648.3,541.7
1497,2,large_vehicle,0.4257,952.0,419.9,1024.6,464.0
1497,2,large_vehicle,0.3589,283.7,779.1,419.1,869.8
1497,1,car,0.3150,1220.1,560.0,1342.0,634.1
1497,1,car,0.3091,283.7,779.1,419.1,869.8
1497,2,large_vehicle,0.2384,883.5,562.1,1007.1,651.7
1497,0,person,0.1053,1193.7,513.0,1215.9,576.3
1498,1,car,0.8557,948.2,623.3,1087.7,712.9
1498,1,car,0.6758,883.7,562.1,1006.4,651.8
1498,2,large_vehicle,0.4544,952.0,419.9,1024.6,464.0
1498,2,large_vehicle,0.4449,556.5,489.0,648.4,541.9
1498,1,car,0.4393,556.5,489.0,648.4,541.9
1498,2,large_vehicle,0.3429,283.7,778.8,419.2,869.6
1498,1,car,0.3404,283.7,778.8,419.2,869.6
1498,1,car,0.3052,1220.1,559.6,1342.0,634.2
1498,2,large_vehicle,0.2486,883.7,562.1,1006.4,651.8
1498,0,person,0.1085,1193.7,512.8,1215.9,576.3
1499,1,car,0.7981,959.1,623.0,1099.3,710.1
1499,1,car,0.7221,868.1,563.9,994.5,656.1
1499,1,car,0.5433,295.7,778.2,432.4,868.8
1499,2,large_vehicle,0.4703,556.6,489.5,648.3,541.7
1499,1,car,0.4215,556.6,489.5,648.3,541.7
1499,2,large_vehicle,0.3811,951.6,419.9,1024.9,463.6
1499,1,car,0.2608,1220.5,559.7,1342.0,634.5
1499,2,large_vehicle,0.1956,868.1,563.9,994.5,656.1
1499,0,person,0.1201,1194.2,523.7,1215.7,577.5
1500,1,car,0.8074,958.9,622.8,1099.1,709.6
1500,1,car,0.7383,867.9,563.9,995.3,656.0
1500,1,car,0.5224,295.5,778.6,432.7,869.1
1500,1,car,0.4548,557.0,490.3,648.2,541.9
1500,2,large_vehicle,0.4375,557.0,490.3,648.2,541.9
1500,2,large_vehicle,0.3217,952.3,420.3,1025.5,463.5
1500,0,person,0.2719,1194.7,526.1,1216.1,577.4
1500,2,large_vehicle,0.1688,867.9,563.9,995.3,656.0
1500,2,large_vehicle,0.1053,295.5,778.6,432.7,869.1
1501,1,car,0.8050,958.9,622.8,1099.1,709.5
1501,1,car,0.7425,867.9,563.9,995.2,656.0
1501,1,car,0.5257,295.4,778.6,432.8,869.0
1501,2,large_vehicle,0.5162,556.9,490.0,648.3,541.9
1501,1,car,0.3579,556.9,490.0,648.3,541.9
1501,2,large_vehicle,0.3449,952.4,420.1,1025.6,463.8
1501,0,person,0.1880,1194.3,521.4,1215.9,577.2
1501,2,large_vehicle,0.1615,867.9,563.9,995.2,656.0
1501,2,large_vehicle,0.1066,295.4,778.6,432.8,869.0
1502,1,car,0.7383,969.2,618.4,1105.3,704.7
1502,1,car,0.6323,854.6,568.7,980.3,660.9
1502,1,car,0.6263,306.9,777.4,446.5,869.4
1502,2,large_vehicle,0.5279,559.2,489.6,648.4,541.7
1502,2,large_vehicle,0.4030,950.0,419.7,1025.7,464.2
1502,1,car,0.3369,559.2,489.6,648.4,541.7
1502,2,large_vehicle,0.2727,854.6,568.7,980.3,660.9
1502,0,person,0.2507,1194.3,521.0,1216.0,577.2
1502,2,large_vehicle,0.1567,969.2,618.4,1105.3,704.7
1502,2,large_vehicle,0.1388,306.9,777.4,446.5,869.4
1503,1,car,0.7379,969.2,618.4,1105.3,704.8
1503,1,car,0.6261,854.5,568.7,980.4,660.9
1503,1,car,0.6183,306.9,777.4,446.3,869.5
1503,2,large_vehicle,0.5264,559.3,489.5,648.5,541.6
1503,2,large_vehicle,0.4232,950.3,419.8,1025.7,464.2
1503,1,car,0.3381,559.3,489.5,648.5,541.6
1503,2,large_vehicle,0.2787,854.5,568.7,980.4,660.9
1503,0,person,0.1783,1193.9,519.2,1215.8,577.0
1503,2,large_vehicle,0.1567,969.2,618.4,1105.3,704.8
1503,2,large_vehicle,0.1525,306.9,777.4,446.3,869.5
1504,1,car,0.7705,839.4,571.1,967.8,665.9
1504,1,car,0.7410,978.6,615.4,1111.4,702.0
1504,1,car,0.6838,320.3,776.6,458.3,866.9
1504,2,large_vehicle,0.4501,561.4,489.8,648.7,541.8
1504,1,car,0.4112,561.4,489.8,648.7,541.8
1504,2,large_vehicle,0.1935,952.0,419.5,1024.8,463.8
1504,2,large_vehicle,0.1501,978.6,615.4,1111.4,702.0
1504,2,large_vehicle,0.1458,839.4,571.1,967.8,665.9
1505,1,car,0.7736,839.4,571.1,967.8,665.9
1505,1,car,0.7455,978.6,615.4,1111.4,702.0
1505,1,car,0.6845,320.3,776.6,458.3,866.9
1505,2,large_vehicle,0.4456,560.5,489.7,648.7,541.8
1505,1,car,0.4136,560.5,489.7,648.7,541.8
1505,2,large_vehicle,0.1788,951.9,419.3,1025.0,463.8
1505,2,large_vehicle,0.1459,978.6,615.4,1111.4,702.0
1505,2,large_vehicle,0.1415,839.4,571.1,967.8,665.9
1506,1,car,0.7656,839.5,571.0,967.8,665.9
1506,1,car,0.7351,978.6,615.4,1111.2,702.0
1506,1,car,0.6893,320.3,776.6,458.4,866.8
1506,1,car,0.4806,560.3,489.7,648.9,541.8
1506,2,large_vehicle,0.3790,560.3,489.7,648.9,541.8
1506,2,large_vehicle,0.1851,952.2,419.3,1024.7,463.8
1506,2,large_vehicle,0.1500,839.5,571.0,967.8,665.9
1506,2,large_vehicle,0.1426,978.6,615.4,1111.2,702.0
1507,1,car,0.8657,823.6,576.5,962.0,669.6
1507,1,car,0.7493,988.3,612.6,1119.4,697.5
1507,1,car,0.6630,332.8,773.2,473.7,867.1
1507,1,car,0.4759,557.0,489.5,648.7,541.9
1507,2,large_vehicle,0.3761,557.0,489.5,648.7,541.9
1507,2,large_vehicle,0.1377,988.3,612.6,1119.4,697.5
1507,2,large_vehicle,0.1098,952.8,419.5,1024.8,463.7
1508,1,car,0.8676,823.0,575.9,962.2,669.5
1508,1,car,0.7576,988.3,612.7,1118.7,697.5
1508,1,car,0.6598,332.8,773.2,474.9,867.0
1508,1,car,0.4905,556.0,489.4,648.7,541.9
1508,2,large_vehicle,0.3718,556.0,489.4,648.7,541.9
1508,0,person,0.2440,1193.8,518.1,1216.0,577.0
1508,2,large_vehicle,0.1275,988.3,612.7,1118.7,697.5
1508,2,large_vehicle,0.1033,952.8,419.5,1024.2,463.4
1509,1,car,0.8662,810.3,581.1,944.7,675.1
1509,1,car,0.6707,997.5,609.1,1124.7,694.2
1509,1,car,0.6284,345.6,772.4,487.5,866.5
1509,1,car,0.5323,556.7,490.0,648.4,541.9
1509,2,large_vehicle,0.3453,556.7,490.0,648.4,541.9
1509,2,large_vehicle,0.2340,997.5,609.1,1124.7,694.2
1509,0,person,0.1191,1194.3,527.1,1216.1,577.2
1509,2,large_vehicle,0.1150,345.6,772.4,487.5,866.5
1510,1,car,0.8687,810.3,581.1,944.5,675.0
1510,1,car,0.6723,997.5,609.0,1124.8,694.1
1510,1,car,0.6333,345.6,772.4,487.5,866.4
1510,1,car,0.4725,556.0,489.4,648.4,541.9
1510,2,large_vehicle,0.4140,556.0,489.4,648.4,541.9
1510,2,large_vehicle,0.2347,997.5,609.0,1124.8,694.1
1510,2,large_vehicle,0.1073,345.6,772.4,487.5,866.4
1510,0,person,0.1024,1194.4,527.9,1216.4,577.1
1511,1,car,0.8680,810.3,581.0,944.6,675.0
1511,1,car,0.6741,997.5,609.0,1124.8,694.1
1511,1,car,0.6358,345.6,772.4,487.5,866.4
1511,1,car,0.4833,556.3,489.5,648.3,541.9
1511,2,large_vehicle,0.4030,556.3,489.5,648.3,541.9
1511,2,large_vehicle,0.2315,997.5,609.0,1124.8,694.1
1511,2,large_vehicle,0.1064,345.6,772.4,487.5,866.4
1511,2,large_vehicle,0.1038,952.6,419.4,1024.6,463.7
1511,0,person,0.1003,1194.4,527.7,1216.5,577.1
1512,1,car,0.7780,795.7,584.0,925.5,678.9
1512,1,car,0.7098,356.4,769.3,502.4,864.8
1512,1,car,0.6392,1006.4,606.1,1131.1,690.3
1512,2,large_vehicle,0.4975,560.2,489.1,648.9,541.5
1512,1,car,0.3753,560.2,489.1,648.9,541.5
1512,2,large_vehicle,0.3249,1006.4,606.1,1131.1,690.3
1512,2,large_vehicle,0.1359,795.7,584.0,925.5,678.9
1513,1,car,0.7746,795.7,583.8,925.4,679.0
1513,1,car,0.7113,356.3,769.2,502.4,864.9
1513,1,car,0.5936,1006.4,606.1,1131.1,690.3
1513,2,large_vehicle,0.4974,559.9,489.1,649.1,541.5
1513,1,car,0.3774,559.9,489.1,649.1,541.5
1513,2,large_vehicle,0.3687,1006.4,606.1,1131.1,690.3
1513,2,large_vehicle,0.1389,795.7,583.8,925.4,679.0
1514,1,car,0.7957,370.0,768.9,516.9,866.0
1514,1,car,0.7611,780.6,588.3,915.1,683.5
1514,2,large_vehicle,0.6668,1015.2,602.1,1139.3,686.9
1514,2,large_vehicle,0.4492,560.6,488.9,648.9,541.6
1514,1,car,0.4214,560.6,488.9,648.9,541.6
1514,1,car,0.2636,1015.2,602.1,1139.3,686.9
1514,2,large_vehicle,0.1395,780.6,588.3,915.1,683.5
1514,0,person,0.1118,1193.8,512.8,1216.2,576.1
1515,1,car,0.7972,370.0,768.9,516.7,865.9
1515,1,car,0.7578,780.7,588.4,915.3,683.5
1515,2,large_vehicle,0.6731,1015.2,602.1,1139.1,686.9
1515,1,car,0.4775,560.0,488.9,649.0,541.6
1515,2,large_vehicle,0.3883,560.0,488.9,649.0,541.6
1515,1,car,0.2567,1015.2,602.1,1139.1,686.9
1515,2,large_vehicle,0.1450,780.7,588.4,915.3,683.5
1515,0,person,0.1119,1193.9,513.1,1216.1,576.3
1516,1,car,0.7967,370.0,768.9,516.9,865.9
1516,1,car,0.7569,780.7,588.2,915.3,683.5
1516,2,large_vehicle,0.6737,1015.2,602.1,1139.3,686.9
1516,1,car,0.4580,560.4,488.9,649.1,541.7
1516,2,large_vehicle,0.4092,560.4,488.9,649.1,541.7
1516,1,car,0.2562,1015.2,602.1,1139.3,686.9
1516,2,large_vehicle,0.1448,780.7,588.2,915.3,683.5
1516,0,person,0.1232,1193.9,513.1,1215.9,576.3
1517,1,car,0.8386,766.6,592.3,912.0,687.8
1517,2,large_vehicle,0.6989,1024.7,600.6,1143.8,683.7
1517,1,car,0.6287,383.9,764.4,531.9,862.1
1517,2,large_vehicle,0.4887,557.7,488.6,648.7,541.9
1517,1,car,0.3464,557.7,488.6,648.7,541.9
1517,1,car,0.2117,1024.7,600.6,1143.8,683.7
1517,2,large_vehicle,0.1043,952.7,419.3,1023.9,463.9
1517,2,large_vehicle,0.1040,383.9,764.4,531.9,862.1
1518,1,car,0.8274,751.2,594.0,890.0,692.5
1518,1,car,0.7607,392.0,763.7,545.7,860.0
1518,2,large_vehicle,0.7298,1032.8,597.2,1151.3,679.8
1518,1,car,0.5358,559.1,489.6,648.6,541.9
1518,2,large_vehicle,0.3272,559.1,489.6,648.6,541.9
1518,2,large_vehicle,0.1858,952.9,420.1,1025.3,463.9
1518,1,car,0.1642,1032.8,597.2,1151.3,679.8
1519,1,car,0.8305,751.1,593.6,889.6,692.4
1519,1,car,0.7573,392.1,763.7,545.8,859.6
1519,2,large_vehicle,0.7171,1032.7,597.2,1151.3,679.8
1519,1,car,0.5076,559.7,489.5,648.5,541.7
1519,2,large_vehicle,0.3682,559.7,489.5,648.5,541.7
1519,1,car,0.1803,1032.7,597.2,1151.3,679.8
1519,2,large_vehicle,0.1580,952.5,420.0,1024.3,463.9
1520,1,car,0.8301,751.2,593.6,889.7,692.4
1520,1,car,0.7630,392.0,763.7,545.8,859.7
1520,2,large_vehicle,0.7194,1032.8,597.2,1151.3,679.8
1520,1,car,0.5050,559.7,489.6,648.5,541.7
1520,2,large_vehicle,0.3688,559.7,489.6,648.5,541.7
1520,1,car,0.1780,1032.8,597.2,1151.3,679.8
1520,2,large_vehicle,0.1540,952.5,420.1,1024.4,463.8
1521,1,car,0.8527,735.2,597.0,873.0,695.8
1521,1,car,0.7377,409.5,761.4,558.5,860.8
1521,2,large_vehicle,0.7360,1041.3,594.5,1156.8,675.8
1521,1,car,0.4529,558.8,488.7,649.4,541.6
1521,2,large_vehicle,0.3915,558.8,488.7,649.4,541.6
1521,1,car,0.1704,1041.3,594.5,1156.8,675.8
1522,1,car,0.8510,735.2,597.0,872.9,695.8
1522,2,large_vehicle,0.7469,1041.5,594.5,1157.0,675.9
1522,1,car,0.7402,409.5,761.5,558.5,861.0
1522,2,large_vehicle,0.4365,560.2,488.8,649.1,541.6
1522,1,car,0.4150,560.2,488.8,649.1,541.6
1522,1,car,0.1540,1041.5,594.5,1157.0,675.9
1523,1,car,0.8313,718.6,602.9,869.6,700.5
1523,1,car,0.7926,424.5,760.9,575.3,851.2
1523,2,large_vehicle,0.7846,1049.7,592.2,1163.8,672.9
1523,1,car,0.4479,560.9,489.3,648.5,541.4
1523,2,large_vehicle,0.4171,560.9,489.3,648.5,541.4
1523,1,car,0.1168,1049.7,592.2,1163.8,672.9
1524,1,car,0.8289,718.6,602.9,870.0,700.5
1524,1,car,0.7931,424.5,761.0,575.2,851.0
1524,2,large_vehicle,0.7890,1049.7,592.1,1163.8,672.9
1524,2,large_vehicle,0.4388,561.8,489.2,648.5,541.4
1524,1,car,0.4266,561.8,489.2,648.5,541.4
1524,1,car,0.1122,1049.7,592.1,1163.8,672.9
1525,1,car,0.8238,718.6,602.7,870.0,700.4
1525,1,car,0.7908,424.4,760.9,575.3,851.9
1525,2,large_vehicle,0.7835,1049.7,592.1,1163.8,672.9
1525,2,large_vehicle,0.4469,561.1,489.0,648.7,541.6
1525,1,car,0.4172,561.1,489.0,648.7,541.6
1525,1,car,0.1183,1049.7,592.1,1163.8,672.9
1525,0,person,0.1023,1194.3,519.2,1215.8,577.2
1526,1,car,0.8576,701.8,606.5,849.1,705.3
1526,2,large_vehicle,0.8497,1057.7,589.1,1169.0,668.3
1526,1,car,0.8205,437.4,757.2,590.4,856.8
1526,2,large_vehicle,0.4519,558.4,488.8,649.0,541.5
1526,1,car,0.3864,558.4,488.8,649.0,541.5
1526,0,person,0.1136,1194.4,520.9,1215.5,577.3
1527,1,car,0.8584,701.8,606.5,848.8,705.2
1527,2,large_vehicle,0.8528,1057.8,589.2,1168.9,668.3
1527,1,car,0.8199,437.5,757.2,590.4,857.0
1527,2,large_vehicle,0.4475,557.5,488.6,649.0,541.6
1527,1,car,0.3815,557.5,488.6,649.0,541.6
1527,0,person,0.1013,1194.4,521.1,1215.5,577.3
1528,1,car,0.8620,685.5,608.9,830.1,708.8
1528,2,large_vehicle,0.8150,1065.6,586.8,1174.0,665.5
1528,1,car,0.7678,450.2,755.2,603.0,854.5
1528,1,car,0.5079,560.1,489.6,648.7,541.7
1528,2,large_vehicle,0.3632,560.1,489.6,648.7,541.7
1528,2,large_vehicle,0.1096,952.3,420.0,1025.7,464.0
1528,1,car,0.1025,1065.6,586.8,1174.0,665.5
1529,1,car,0.8616,685.5,608.9,830.1,708.8
1529,2,large_vehicle,0.8167,1065.6,586.8,1174.0,665.5
1529,1,car,0.7668,450.2,755.2,603.0,854.3
1529,1,car,0.5114,560.0,489.6,648.7,541.7
1529,2,large_vehicle,0.3651,560.0,489.6,648.7,541.7
1529,2,large_vehicle,0.1119,952.3,420.0,1025.8,464.0
1529,1,car,0.1012,1065.6,586.8,1174.0,665.5
1530,1,car,0.8612,685.5,608.9,830.0,708.7
1530,2,large_vehicle,0.8224,1065.6,586.7,1174.1,665.4
1530,1,car,0.7736,450.2,755.2,603.1,854.2
1530,1,car,0.5532,560.5,489.9,648.5,541.7
1530,2,large_vehicle,0.3186,560.5,489.9,648.5,541.7
1530,2,large_vehicle,0.1604,952.5,421.0,1025.4,464.0
1530,0,person,0.1547,1195.0,534.5,1215.7,578.0
1531,1,car,0.8754,670.5,613.9,824.5,713.7
1531,2,large_vehicle,0.8076,1072.7,584.4,1179.8,662.2
1531,1,car,0.7709,464.9,752.1,618.3,852.7
1531,1,car,0.4380,562.6,489.3,649.3,541.3
1531,2,large_vehicle,0.4082,562.6,489.3,649.3,541.3
1532,1,car,0.8774,670.5,613.9,821.7,713.6
1532,2,large_vehicle,0.8061,1072.7,584.5,1179.6,662.2
1532,1,car,0.7777,464.8,752.1,618.3,852.8
1532,1,car,0.4222,562.5,489.3,649.4,541.3
1532,2,large_vehicle,0.4210,562.5,489.3,649.4,541.3
1533,1,car,0.8833,653.2,614.4,797.7,715.5
1533,2,large_vehicle,0.8257,1080.9,581.4,1185.6,657.9
1533,1,car,0.8040,478.6,748.0,634.2,849.7
1533,1,car,0.5384,560.7,489.0,649.4,541.2
1533,2,large_vehicle,0.3160,560.7,489.0,649.4,541.2
1534,1,car,0.8872,653.2,614.3,797.5,715.4
1534,2,large_vehicle,0.8241,1080.9,581.5,1185.6,657.9
1534,1,car,0.8044,478.6,748.0,634.3,849.6
1534,1,car,0.5294,560.7,488.7,649.4,541.3
1534,2,large_vehicle,0.3297,560.7,488.7,649.4,541.3
1535,1,car,0.8879,653.2,614.3,797.6,715.4
1535,2,large_vehicle,0.8240,1080.9,581.5,1185.6,657.9
1535,1,car,0.8041,478.6,748.0,634.3,849.6
1535,1,car,0.5128,560.6,488.6,649.4,541.3
1535,2,large_vehicle,0.3465,560.6,488.6,649.4,541.3
1536,1,car,0.8637,636.0,617.0,784.2,721.2
1536,2,large_vehicle,0.7866,1089.1,578.8,1191.0,654.5
1536,1,car,0.6975,494.3,747.5,649.0,845.6
1536,1,car,0.4727,558.8,488.7,649.5,541.8
1536,2,large_vehicle,0.3622,558.8,488.7,649.5,541.8
1537,1,car,0.8673,635.9,617.1,783.3,721.2
1537,2,large_vehicle,0.7840,1089.1,578.8,1190.9,654.5
1537,1,car,0.6967,494.3,747.5,649.0,845.4
1537,1,car,0.4837,558.7,489.0,649.4,541.8
1537,2,large_vehicle,0.3484,558.7,489.0,649.4,541.8
1538,1,car,0.8473,619.9,622.6,764.0,725.4
1538,2,large_vehicle,0.8246,1095.6,574.9,1197.1,651.6
1538,1,car,0.7458,508.5,744.1,663.1,846.5
1538,1,car,0.5159,560.3,489.9,648.8,541.5
1538,2,large_vehicle,0.3525,560.3,489.9,648.8,541.5
1539,1,car,0.8461,619.9,622.7,763.8,725.3
1539,2,large_vehicle,0.8264,1095.7,575.0,1197.0,651.6
1539,1,car,0.7428,508.6,744.1,663.1,846.4
1539,1,car,0.5792,559.6,490.1,648.9,541.5
1539,2,large_vehicle,0.2843,559.6,490.1,648.9,541.5
1540,1,car,0.8451,619.9,622.7,764.4,725.4
1540,2,large_vehicle,0.8239,1095.6,575.0,1197.0,651.6
1540,1,car,0.7479,508.5,744.1,663.1,846.4
1540,1,car,0.5530,560.2,490.0,649.0,541.5
1540,2,large_vehicle,0.3080,560.2,490.0,649.0,541.5
1541,1,car,0.8662,603.2,627.4,748.4,728.1
1541,2,large_vehicle,0.8151,1102.6,573.2,1202.6,648.8
1541,1,car,0.7533,522.8,741.4,677.8,842.0
1541,1,car,0.4971,558.4,488.9,649.2,541.2
1541,2,large_vehicle,0.3481,558.4,488.9,649.2,541.2
1541,2,large_vehicle,0.1363,952.7,419.2,1026.1,463.7
1542,1,car,0.8912,585.4,628.3,729.8,732.2
1542,2,large_vehicle,0.8690,1109.7,571.7,1206.2,644.4
1542,1,car,0.7788,539.1,738.1,694.0,839.9
1542,1,car,0.5839,559.2,488.7,649.2,541.2
1542,2,large_vehicle,0.2698,559.2,488.7,649.2,541.2
1543,1,car,0.8935,585.4,628.3,729.7,732.1
1543,2,large_vehicle,0.8707,1109.6,571.7,1206.3,644.5
1543,1,car,0.7825,539.1,738.1,694.1,840.4
1543,1,car,0.5866,558.2,488.6,649.1,541.3
1543,2,large_vehicle,0.2766,558.2,488.6,649.1,541.3
1544,1,car,0.8935,585.4,628.2,729.8,732.2
1544,2,large_vehicle,0.8671,1109.6,571.7,1206.3,644.5
1544,1,car,0.7823,539.1,738.1,693.9,840.4
1544,1,car,0.5894,558.5,488.7,649.2,541.4
1544,2,large_vehicle,0.2706,558.5,488.7,649.2,541.4
1545,1,car,0.8885,568.3,632.8,716.4,734.2
1545,2,large_vehicle,0.8697,1116.5,570.1,1211.7,642.6
1545,1,car,0.8358,550.4,734.5,706.1,836.8
1545,1,car,0.5491,558.2,488.7,649.4,541.9
1545,2,large_vehicle,0.2948,558.2,488.7,649.4,541.9
1546,1,car,0.8870,568.3,632.7,716.1,734.3
1546,2,large_vehicle,0.8705,1116.5,570.1,1211.7,642.6
1546,1,car,0.8325,550.4,734.5,706.1,836.4
1546,1,car,0.4831,558.0,488.7,649.1,541.9
1546,2,large_vehicle,0.3688,558.0,488.7,649.1,541.9
1547,1,car,0.8956,552.0,636.7,695.0,737.0
1547,2,large_vehicle,0.8488,1123.6,568.7,1215.9,638.6
1547,1,car,0.7894,566.4,735.8,721.8,832.6
1547,1,car,0.6657,558.7,489.5,648.8,541.3
1547,2,large_vehicle,0.2001,558.7,489.5,648.8,541.3
1548,1,car,0.8954,551.9,636.7,695.0,737.0
1548,2,large_vehicle,0.8459,1123.6,568.7,1216.0,638.6
1548,1,car,0.7944,566.4,735.9,721.7,832.7
1548,1,car,0.6521,558.2,489.6,648.6,541.3
1548,2,large_vehicle,0.2136,558.2,489.6,648.6,541.3
1549,1,car,0.8954,552.0,636.6,695.0,737.0
1549,2,large_vehicle,0.8478,1123.7,568.7,1215.9,638.6
1549,1,car,0.7923,566.4,735.8,721.7,832.5
1549,1,car,0.5884,558.2,489.4,648.5,541.3
1549,2,large_vehicle,0.2879,558.2,489.4,648.5,541.3
1550,1,car,0.8956,533.7,638.0,678.7,742.3
1550,1,car,0.7854,582.2,731.3,737.4,826.4
1550,2,large_vehicle,0.7766,1130.4,564.9,1224.9,635.8
1550,1,car,0.5757,560.1,489.4,649.1,541.3
1550,2,large_vehicle,0.2768,560.1,489.4,649.1,541.3
1550,2,large_vehicle,0.2477,952.9,420.0,1027.0,463.6
1550,1,car,0.1033,952.9,420.0,1027.0,463.6
1551,1,car,0.8960,533.8,638.0,678.6,742.3
1551,1,car,0.7854,582.0,731.3,738.0,826.3
1551,2,large_vehicle,0.7720,1130.4,564.9,1225.0,635.8
1551,1,car,0.6272,559.5,489.2,649.7,541.3
1551,2,large_vehicle,0.2939,952.9,420.1,1026.9,463.7
1551,2,large_vehicle,0.2023,559.5,489.2,649.7,541.3
1551,1,car,0.1173,952.9,420.1,1026.9,463.7
1552,1,car,0.8915,518.1,642.7,665.6,744.4
1552,1,car,0.7893,594.5,726.5,753.7,824.5
1552,2,large_vehicle,0.7738,1137.1,562.9,1226.9,632.2
1552,1,car,0.5502,560.1,489.3,649.1,541.3
1552,2,large_vehicle,0.3179,560.1,489.3,649.1,541.3
1552,2,large_vehicle,0.1218,953.5,419.7,1026.8,463.3
1553,1,car,0.8915,518.1,642.7,665.6,744.4
1553,1,car,0.7896,594.5,726.5,753.7,824.5
1553,2,large_vehicle,0.7735,1137.1,562.9,1226.9,632.2
1553,1,car,0.5506,560.2,489.3,649.0,541.3
1553,2,large_vehicle,0.3202,560.2,489.3,649.0,541.3
1553,2,large_vehicle,0.1226,953.5,419.7,1026.8,463.3
1554,1,car,0.8910,518.1,642.7,665.6,744.4
1554,1,car,0.7918,594.5,726.5,754.1,824.6
1554,2,large_vehicle,0.7762,1137.1,562.8,1226.9,632.2
1554,1,car,0.6278,559.7,489.4,649.1,541.3
1554,2,large_vehicle,0.2253,559.7,489.4,649.1,541.3
1555,1,car,0.8776,501.9,646.5,644.3,748.3
1555,2,large_vehicle,0.7888,1143.3,561.4,1233.7,629.9
1555,1,car,0.7478,610.8,724.0,772.1,823.2
1555,1,car,0.4686,559.9,489.5,648.3,541.6
1555,2,large_vehicle,0.4025,559.9,489.5,648.3,541.6
1555,2,large_vehicle,0.1027,954.8,419.1,1026.3,463.1
1556,1,car,0.8755,501.9,646.4,644.2,748.7
1556,2,large_vehicle,0.7938,1143.3,561.5,1233.1,629.9
1556,1,car,0.7575,610.8,723.9,772.4,822.9
1556,1,car,0.4714,560.0,489.5,648.4,541.6
1556,2,large_vehicle,0.3948,560.0,489.5,648.4,541.6
1556,2,large_vehicle,0.1173,954.8,419.0,1026.4,463.1
1557,1,car,0.8416,485.7,650.2,626.9,752.6
1557,2,large_vehicle,0.7941,1149.4,560.7,1234.6,626.3
1557,1,car,0.7830,623.5,720.0,807.5,821.1
1557,1,car,0.5502,559.8,490.0,648.2,541.0
1557,2,large_vehicle,0.3313,559.8,490.0,648.2,541.0
1557,2,large_vehicle,0.1731,954.8,419.7,1026.1,463.1
1558,1,car,0.8381,485.7,650.2,626.7,752.6
1558,2,large_vehicle,0.7927,1149.4,560.7,1234.7,626.3
1558,1,car,0.7855,623.5,720.0,807.4,820.7
1558,1,car,0.4480,560.3,489.8,648.2,541.0
1558,2,large_vehicle,0.4367,560.3,489.8,648.2,541.0
1558,2,large_vehicle,0.1491,955.0,419.9,1025.7,463.2
1559,1,car,0.8388,485.7,650.2,627.1,752.5
1559,2,large_vehicle,0.7946,1149.4,560.7,1234.7,626.3
1559,1,car,0.7858,623.5,720.0,807.4,820.8
1559,1,car,0.4535,560.3,489.8,648.2,541.0
1559,2,large_vehicle,0.4315,560.3,489.8,648.2,541.0
1559,2,large_vehicle,0.1226,954.9,419.9,1025.3,463.2
1560,1,car,0.8464,637.9,716.8,794.0,816.2
1560,1,car,0.8360,468.3,653.2,611.3,755.3
1560,2,large_vehicle,0.7986,1155.7,558.0,1237.6,622.9
1560,1,car,0.5777,559.3,489.4,648.9,540.9
1560,2,large_vehicle,0.2916,559.3,489.4,648.9,540.9
1560,2,large_vehicle,0.1251,953.6,420.1,1024.8,462.9
1561,1,car,0.8447,637.9,716.8,793.7,815.9
1561,1,car,0.8392,468.2,652.9,611.1,755.3
1561,2,large_vehicle,0.8017,1155.7,558.0,1237.5,622.9
1561,1,car,0.5762,559.4,489.4,648.9,540.9
1561,2,large_vehicle,0.2991,559.4,489.4,648.9,540.9
1562,2,large_vehicle,0.8000,1161.2,555.4,1245.8,620.3
1562,1,car,0.7953,652.5,712.9,805.7,814.7
1562,1,car,0.7608,453.8,655.2,595.8,756.4
1562,1,car,0.4466,561.9,489.8,648.9,541.2
1562,2,large_vehicle,0.4238,561.9,489.8,648.9,541.2
1562,2,large_vehicle,0.1192,453.8,655.2,595.8,756.4
1563,2,large_vehicle,0.7999,1161.2,555.4,1246.1,620.4
1563,1,car,0.7973,652.5,713.0,805.7,814.7
1563,1,car,0.7623,453.8,655.2,596.1,756.3
1563,1,car,0.4914,561.1,489.7,649.0,541.2
1563,2,large_vehicle,0.3775,561.1,489.7,649.0,541.2
1563,2,large_vehicle,0.1194,453.8,655.2,596.1,756.3
1564,2,large_vehicle,0.7997,1161.2,555.4,1245.8,620.3
1564,1,car,0.7980,652.5,712.9,805.7,814.7
1564,1,car,0.7586,453.8,655.0,595.5,756.4
1564,1,car,0.4806,561.5,489.6,648.9,541.2
1564,2,large_vehicle,0.3844,561.5,489.6,648.9,541.2
1564,2,large_vehicle,0.1215,453.8,655.0,595.5,756.4
1565,1,car,0.8526,436.7,658.3,586.3,758.0
1565,1,car,0.7989,667.3,709.7,817.8,808.7
1565,2,large_vehicle,0.6541,1167.2,551.5,1262.6,617.5
1565,1,car,0.4457,559.8,489.9,648.6,541.2
1565,2,large_vehicle,0.4078,559.8,489.9,648.6,541.2
1565,1,car,0.1285,1167.2,551.5,1262.6,617.5
1566,1,car,0.8690,421.6,661.5,560.3,762.5
1566,1,car,0.8309,681.9,706.1,832.5,803.0
1566,2,large_vehicle,0.6439,1173.0,551.4,1267.0,614.6
1566,2,large_vehicle,0.4535,560.6,490.2,648.3,541.2
1566,1,car,0.4099,560.6,490.2,648.3,541.2
1566,1,car,0.1185,1173.0,551.4,1267.0,614.6
1567,1,car,0.8702,421.5,661.5,559.9,762.5
1567,1,car,0.8355,681.9,706.1,832.6,803.1
1567,2,large_vehicle,0.6413,1172.9,551.4,1266.9,614.5
1567,2,large_vehicle,0.5234,560.7,490.1,648.4,541.1
1567,1,car,0.3291,560.7,490.1,648.4,541.1
1567,1,car,0.1232,1172.9,551.4,1266.9,614.5
1568,1,car,0.8691,421.5,661.5,560.4,762.5
1568,1,car,0.8355,681.9,706.0,832.6,803.1
1568,2,large_vehicle,0.6403,1172.9,551.4,1266.8,614.5
1568,2,large_vehicle,0.5099,560.6,490.1,648.4,541.1
1568,1,car,0.3421,560.6,490.1,648.4,541.1
1568,1,car,0.1246,1172.9,551.4,1266.8,614.5
1569,1,car,0.7904,696.1,700.4,846.0,804.3
1569,1,car,0.7493,407.4,665.6,545.0,763.5
1569,2,large_vehicle,0.5282,1178.5,550.0,1266.8,611.9
1569,2,large_vehicle,0.4662,558.0,489.5,649.0,541.0
1569,1,car,0.3842,558.0,489.5,649.0,541.0
1569,1,car,0.2623,1178.5,550.0,1266.8,611.9
1569,2,large_vehicle,0.1320,407.4,665.6,545.0,763.5
1570,1,car,0.7909,696.1,700.4,846.0,804.4
1570,1,car,0.7478,407.5,665.5,545.0,763.4
1570,2,large_vehicle,0.5715,1178.5,550.0,1265.5,612.0
1570,1,car,0.4298,557.8,489.8,649.1,541.0
1570,2,large_vehicle,0.4284,557.8,489.8,649.1,541.0
1570,1,car,0.2201,1178.5,550.0,1265.5,612.0
1570,2,large_vehicle,0.1343,407.5,665.5,545.0,763.4
1571,1,car,0.8424,708.4,699.9,858.2,800.4
1571,1,car,0.6667,391.9,669.0,525.3,766.9
1571,2,large_vehicle,0.6193,1183.6,547.9,1260.5,608.1
1571,1,car,0.4617,562.4,490.6,648.5,540.8
1571,2,large_vehicle,0.4133,562.4,490.6,648.5,540.8
1571,1,car,0.1881,1183.6,547.9,1260.5,608.1
1571,2,large_vehicle,0.1509,0.0,725.6,75.1,832.2
1571,4,other_vehicle,0.1116,0.0,725.6,75.1,832.2
1571,2,large_vehicle,0.1082,391.9,669.0,525.3,766.9
1572,1,car,0.8429,708.3,699.9,858.3,800.5
1572,1,car,0.6666,391.9,669.0,525.4,766.9
1572,2,large_vehicle,0.6258,1183.7,547.9,1260.4,608.1
1572,1,car,0.5483,562.9,490.7,648.5,540.8
1572,2,large_vehicle,0.3193,562.9,490.7,648.5,540.8
1572,1,car,0.1796,1183.7,547.9,1260.4,608.1
1572,2,large_vehicle,0.1467,0.0,725.3,75.1,832.2
1572,2,large_vehicle,0.1089,391.9,669.0,525.4,766.9
1572,4,other_vehicle,0.1010,0.0,725.3,75.1,832.2
1573,1,car,0.8425,708.3,699.9,858.2,800.3
1573,1,car,0.6742,391.9,668.9,525.3,767.0
1573,2,large_vehicle,0.6113,1183.6,548.0,1260.4,608.1
1573,1,car,0.4958,563.2,490.5,648.4,540.9
1573,2,large_vehicle,0.3751,563.2,490.5,648.4,540.9
1573,1,car,0.1954,1183.6,548.0,1260.4,608.1
1573,2,large_vehicle,0.1187,0.0,726.0,74.9,832.3
1573,2,large_vehicle,0.1093,391.9,668.9,525.3,767.0
1574,1,car,0.7685,722.3,695.6,870.3,797.0
1574,1,car,0.7600,375.8,671.1,509.3,766.1
1574,1,car,0.4281,559.8,489.7,648.4,541.2
1574,2,large_vehicle,0.4187,559.8,489.7,648.4,541.2
1574,2,large_vehicle,0.2768,1189.7,543.7,1264.9,605.4
1574,1,car,0.2089,1189.7,543.7,1264.9,605.4
1574,2,large_vehicle,0.1570,0.0,726.4,83.6,836.5
1574,4,other_vehicle,0.1028,0.0,726.4,83.6,836.5
1575,1,car,0.8005,722.3,695.6,870.0,797.1
1575,1,car,0.7631,375.8,671.1,509.4,766.1
1575,1,car,0.4313,558.7,489.4,648.3,541.3
1575,2,large_vehicle,0.4131,558.7,489.4,648.3,541.3
1575,2,large_vehicle,0.3029,1189.7,543.7,1265.0,605.5
1575,1,car,0.2115,1189.7,543.7,1265.0,605.5
1575,2,large_vehicle,0.1809,0.0,726.8,83.4,836.4
1575,4,other_vehicle,0.1226,0.0,726.8,83.4,836.4
1576,1,car,0.8207,361.0,674.1,493.2,768.1
1576,1,car,0.7429,736.1,691.3,882.3,792.9
1576,2,large_vehicle,0.5346,0.0,732.8,92.2,838.5
1576,1,car,0.4949,561.3,490.1,648.3,540.9
1576,2,large_vehicle,0.3867,561.3,490.1,648.3,540.9
1576,1,car,0.1880,1194.7,544.1,1268.4,602.5
1576,2,large_vehicle,0.1818,1194.4,543.8,1268.5,602.1
1576,1,car,0.1473,1194.4,543.8,1268.5,602.1
1576,2,large_vehicle,0.1369,1194.7,544.1,1268.4,602.5
1576,2,large_vehicle,0.1139,736.1,691.3,882.3,792.9
1576,4,other_vehicle,0.1095,0.0,732.8,92.2,838.5
1577,1,car,0.8208,361.0,674.1,493.2,768.2
1577,1,car,0.7446,736.2,691.3,882.3,792.9
1577,2,large_vehicle,0.5328,0.0,732.8,92.2,838.5
1577,1,car,0.5043,561.2,490.1,648.3,540.9
1577,2,large_vehicle,0.3747,561.2,490.1,648.3,540.9
1577,1,car,0.1874,1194.7,544.1,1268.4,602.5
1577,2,large_vehicle,0.1804,1194.4,543.8,1268.5,602.1
1577,1,car,0.1494,1194.4,543.8,1268.5,602.1
1577,2,large_vehicle,0.1343,1194.7,544.1,1268.4,602.5
1577,2,large_vehicle,0.1105,736.2,691.3,882.3,792.9
1577,4,other_vehicle,0.1093,0.0,732.8,92.2,838.5
1578,1,car,0.8184,361.0,674.1,493.2,768.2
1578,1,car,0.7442,736.2,691.3,882.3,792.9
1578,2,large_vehicle,0.5491,0.0,732.8,92.2,838.4
1578,1,car,0.5299,561.2,490.2,648.3,540.9
1578,2,large_vehicle,0.3411,561.2,490.2,648.3,540.9
1578,1,car,0.2026,1194.8,544.2,1268.4,602.4
1578,2,large_vehicle,0.1663,1194.4,543.9,1268.5,602.1
1578,2,large_vehicle,0.1461,1194.8,544.2,1268.4,602.4
1578,1,car,0.1296,1194.4,543.9,1268.5,602.1
1578,2,large_vehicle,0.1122,736.2,691.3,882.3,792.9
1578,4,other_vehicle,0.1059,0.0,732.8,92.2,838.4
1579,1,car,0.8299,748.2,687.0,895.1,787.3
1579,1,car,0.8235,346.5,675.4,477.8,774.0
1579,1,car,0.4840,563.2,489.9,648.9,540.6
1579,2,large_vehicle,0.3709,563.2,489.9,648.9,540.6
1579,1,car,0.3223,1199.3,539.8,1280.6,601.4
1579,2,large_vehicle,0.3128,0.1,736.6,97.4,841.6
1579,4,other_vehicle,0.2863,0.1,736.6,97.4,841.6
1580,1,car,0.8314,748.2,687.0,895.1,787.4
1580,1,car,0.8170,346.6,675.6,477.7,774.2
1580,1,car,0.4699,563.5,489.9,648.9,540.6
1580,2,large_vehicle,0.3793,563.5,489.9,648.9,540.6
1580,2,large_vehicle,0.3703,0.0,736.6,97.3,841.8
1580,1,car,0.3558,1199.3,539.9,1281.0,601.6
1580,4,other_vehicle,0.2502,0.0,736.6,97.3,841.8
1581,1,car,0.7921,762.6,684.8,906.4,777.5
1581,1,car,0.6555,334.2,678.4,461.1,775.4
1581,1,car,0.5083,564.4,489.8,648.5,540.4
1581,1,car,0.4816,1200.9,536.4,1286.9,598.4
1581,2,large_vehicle,0.3492,564.4,489.8,648.5,540.4
1581,2,large_vehicle,0.1182,334.2,678.4,461.1,775.4
1581,4,other_vehicle,0.1021,0.0,737.0,102.2,843.5
1582,1,car,0.7916,762.6,684.8,906.4,777.5
1582,1,car,0.6729,334.1,678.4,461.1,775.4
1582,1,car,0.5145,564.4,490.0,648.5,540.5
1582,1,car,0.4637,1201.3,535.3,1288.7,598.6
1582,2,large_vehicle,0.3429,564.4,490.0,648.5,540.5
1582,2,large_vehicle,0.1048,334.1,678.4,461.1,775.4
1582,4,other_vehicle,0.1004,0.0,737.0,102.2,843.4
1583,1,car,0.7932,762.6,684.8,906.4,777.6
1583,1,car,0.6717,334.1,678.4,461.1,775.4
1583,1,car,0.5262,564.3,490.0,648.5,540.5
1583,1,car,0.4677,1201.2,535.5,1287.9,598.6
1583,2,large_vehicle,0.3315,564.3,490.0,648.5,540.5
1583,4,other_vehicle,0.1094,0.0,737.0,102.2,843.5
1583,2,large_vehicle,0.1052,334.1,678.4,461.1,775.4
1584,1,car,0.7308,775.5,680.8,917.7,775.6
1584,1,car,0.6429,319.5,680.7,446.4,778.0
1584,2,large_vehicle,0.4614,561.8,489.6,648.3,540.9
1584,1,car,0.4155,1209.8,528.8,1301.0,595.5
1584,1,car,0.3985,561.8,489.6,648.3,540.9
1584,2,large_vehicle,0.1211,319.5,680.7,446.4,778.0
1584,2,large_vehicle,0.1086,775.5,680.8,917.7,775.6
1585,1,car,0.7324,775.5,680.7,917.7,775.6
1585,1,car,0.6534,319.5,680.7,446.4,778.0
1585,2,large_vehicle,0.4521,561.6,489.8,648.3,540.9
1585,1,car,0.4199,1209.9,528.2,1301.1,595.6
1585,1,car,0.4098,561.6,489.8,648.3,540.9
1585,2,large_vehicle,0.1179,319.5,680.7,446.4,778.0
1585,2,large_vehicle,0.1072,775.5,680.7,917.7,775.6
1586,1,car,0.7314,305.7,682.8,432.4,778.6
1586,1,car,0.5792,560.9,489.9,648.3,540.6
1586,1,car,0.5662,789.1,677.8,928.9,775.1
1586,1,car,0.4394,1215.3,527.8,1299.3,592.9
1586,2,large_vehicle,0.2820,560.9,489.9,648.3,540.6
1586,2,large_vehicle,0.2068,1.3,737.0,115.0,846.8
1586,2,large_vehicle,0.1654,789.1,677.8,928.9,775.1
1586,0,person,0.1569,1194.6,514.4,1216.0,574.4
1587,1,car,0.7290,305.6,682.9,432.3,778.6
1587,1,car,0.6155,561.1,490.2,648.3,540.6
1587,1,car,0.5796,789.1,677.9,928.8,774.9
1587,1,car,0.4543,1215.3,527.7,1299.6,592.8
1587,2,large_vehicle,0.2436,561.1,490.2,648.3,540.6
1587,2,large_vehicle,0.2240,1.3,736.9,115.0,846.9
1587,0,person,0.1611,1194.6,514.5,1216.1,574.4
1587,2,large_vehicle,0.1470,789.1,677.9,928.8,774.9
1588,1,car,0.7294,305.6,682.8,432.4,778.6
1588,1,car,0.6116,561.5,490.3,648.3,540.6
1588,1,car,0.5677,789.1,677.8,928.9,774.9
1588,1,car,0.4486,1215.3,527.8,1299.4,592.8
1588,2,large_vehicle,0.2492,561.5,490.3,648.3,540.6
1588,2,large_vehicle,0.2104,1.2,737.0,114.9,846.8
1588,2,large_vehicle,0.1738,789.1,677.8,928.9,774.9
1588,0,person,0.1571,1194.7,514.4,1216.0,574.1
1589,1,car,0.6653,801.2,674.0,941.1,772.5
1589,1,car,0.6112,562.4,489.5,648.8,540.6
1589,1,car,0.5012,294.1,685.5,417.8,779.4
1589,1,car,0.2552,1218.9,527.9,1286.9,590.6
1589,2,large_vehicle,0.2199,562.4,489.5,648.8,540.6
1589,2,large_vehicle,0.1953,6.4,737.6,121.3,848.5
1589,4,other_vehicle,0.1429,294.1,685.5,417.8,779.4
1589,1,car,0.1192,950.6,419.4,1023.6,462.3
1590,1,car,0.7077,814.1,670.9,951.4,764.0
1590,1,car,0.5622,563.2,489.6,648.6,540.7
1590,1,car,0.5467,1223.0,529.9,1285.8,586.9
1590,1,car,0.5100,277.1,687.7,400.7,783.1
1590,2,large_vehicle,0.3097,13.1,737.8,128.9,847.6
1590,2,large_vehicle,0.2702,563.2,489.6,648.6,540.7
1590,2,large_vehicle,0.1820,277.1,687.7,400.7,783.1
1591,1,car,0.7142,814.1,670.9,951.5,764.1
1591,1,car,0.5826,563.7,489.6,648.8,540.8
1591,1,car,0.5305,276.9,687.7,400.9,783.2
1591,1,car,0.5251,1223.0,529.8,1286.0,586.9
1591,2,large_vehicle,0.3181,13.1,737.8,128.8,847.6
1591,2,large_vehicle,0.2433,563.7,489.6,648.8,540.8
1591,2,large_vehicle,0.1745,276.9,687.7,400.9,783.2
1591,1,car,0.1214,1283.3,612.1,1342.0,686.5
1592,1,car,0.7121,814.1,670.9,951.4,764.0
1592,1,car,0.5744,563.7,489.6,648.8,540.8
1592,1,car,0.5408,1223.0,529.9,1285.6,586.9
1592,1,car,0.5160,276.7,687.6,400.7,783.2
1592,2,large_vehicle,0.3415,13.3,737.9,128.8,847.5
1592,2,large_vehicle,0.2512,563.7,489.6,648.8,540.8
1592,2,large_vehicle,0.1765,276.7,687.6,400.7,783.2
1592,1,car,0.1289,1283.3,612.0,1342.0,686.5
1593,1,car,0.6663,826.2,667.8,964.3,757.7
1593,1,car,0.5119,1225.6,529.4,1290.8,585.6
1593,1,car,0.4970,563.5,489.6,648.7,540.9
1593,1,car,0.4363,268.5,690.0,389.0,779.9
1593,2,large_vehicle,0.4192,18.2,737.8,134.3,845.5
1593,2,large_vehicle,0.3241,563.5,489.6,648.7,540.9
1593,0,person,0.1549,1194.4,518.1,1215.1,575.3
1593,1,car,0.1431,1283.4,611.7,1342.0,686.3
1593,4,other_vehicle,0.1360,268.5,690.0,389.0,779.9
1594,1,car,0.6646,826.2,667.8,964.3,757.7
1594,1,car,0.5100,1225.7,529.2,1290.6,585.6
1594,2,large_vehicle,0.4353,18.1,737.8,134.2,845.7
1594,1,car,0.4344,268.4,690.0,389.0,779.9
1594,1,car,0.4328,563.2,489.4,648.6,540.8
1594,2,large_vehicle,0.3872,563.2,489.4,648.6,540.8
1594,1,car,0.1875,1283.4,611.0,1342.0,686.6
1594,0,person,0.1596,1194.5,519.4,1215.0,575.8
1594,4,other_vehicle,0.1357,268.4,690.0,389.0,779.9
1594,2,large_vehicle,0.1004,826.2,667.8,964.3,757.7
1595,1,car,0.6615,561.0,490.1,648.8,540.9
1595,1,car,0.6159,837.6,664.5,976.3,756.8
1595,2,large_vehicle,0.4200,22.3,737.7,142.2,848.4
1595,1,car,0.3622,254.9,692.1,372.7,781.1
1595,2,large_vehicle,0.1620,561.0,490.1,648.8,540.9
1595,1,car,0.1207,1231.7,512.4,1332.4,584.2
1595,0,person,0.1163,1194.2,513.1,1216.4,576.0
1596,1,car,0.6699,560.6,490.0,648.9,540.8
1596,1,car,0.6249,837.6,664.7,976.8,757.0
1596,2,large_vehicle,0.4271,22.4,737.7,142.3,848.4
1596,1,car,0.3519,254.7,692.1,372.7,781.1
1596,2,large_vehicle,0.1545,560.6,490.0,648.9,540.8
1596,1,car,0.1364,1231.9,513.4,1332.4,584.1
1596,0,person,0.1087,1194.2,513.1,1216.3,576.1
1597,1,car,0.6500,560.4,489.8,648.8,540.7
1597,1,car,0.6220,837.4,664.6,976.3,757.0
1597,2,large_vehicle,0.4359,22.3,737.7,142.3,848.5
1597,1,car,0.3559,254.9,692.1,371.7,781.1
1597,2,large_vehicle,0.1750,560.4,489.8,648.8,540.7
1597,1,car,0.1320,1231.1,514.2,1331.9,584.1
1598,1,car,0.6023,560.5,489.7,648.5,540.5
1598,2,large_vehicle,0.5680,27.1,737.6,148.5,848.1
1598,1,car,0.5674,851.2,658.4,992.8,751.4
1598,1,car,0.5524,245.8,693.1,357.7,781.0
1598,2,large_vehicle,0.2051,560.5,489.7,648.5,540.5
1598,1,car,0.1258,949.0,419.7,1022.9,461.8
1598,1,car,0.1145,1236.7,511.9,1324.3,582.4
1599,1,car,0.6061,559.3,489.2,648.5,540.5
1599,2,large_vehicle,0.5787,27.1,737.7,148.5,848.0
1599,1,car,0.5584,851.1,658.3,992.3,751.3
1599,1,car,0.5520,245.3,693.1,357.7,781.1
1599,2,large_vehicle,0.1907,559.3,489.2,648.5,540.5
1599,1,car,0.1417,949.0,419.8,1022.8,461.9
1600,1,car,0.6182,862.9,654.4,1004.1,750.3
1600,1,car,0.5811,563.1,490.2,649.1,540.4
1600,1,car,0.3281,233.1,695.5,344.6,784.9
1600,2,large_vehicle,0.2397,563.1,490.2,649.1,540.4
1600,2,large_vehicle,0.1661,32.5,737.2,154.9,847.9
1600,4,other_vehicle,0.1346,233.1,695.5,344.6,784.9
1601,1,car,0.6203,862.9,654.5,1004.1,750.3
1601,1,car,0.5774,563.2,490.2,649.2,540.4
1601,1,car,0.3282,233.0,695.5,344.6,784.9
1601,2,large_vehicle,0.2449,563.2,490.2,649.2,540.4
1601,2,large_vehicle,0.1674,32.5,737.2,154.9,847.9
1601,4,other_vehicle,0.1364,233.0,695.5,344.6,784.9
1602,1,car,0.6210,862.9,654.4,1004.0,750.4
1602,1,car,0.6166,563.2,490.3,649.1,540.5
1602,1,car,0.3020,233.2,695.6,344.6,784.7
1602,2,large_vehicle,0.2034,563.2,490.3,649.1,540.5
1602,2,large_vehicle,0.1811,32.5,737.3,155.0,848.0
1602,4,other_vehicle,0.1526,233.2,695.6,344.6,784.7
1603,2,large_vehicle,0.6988,37.3,736.0,163.8,850.4
1603,1,car,0.5644,874.8,652.3,1015.7,747.2
1603,1,car,0.5016,564.1,489.8,648.9,540.6
1603,1,car,0.3241,217.3,696.9,331.3,786.5
1603,2,large_vehicle,0.2609,564.1,489.8,648.9,540.6
1603,4,other_vehicle,0.1557,217.3,696.9,331.3,786.5
1604,2,large_vehicle,0.7177,37.2,736.0,163.9,850.5
1604,1,car,0.5543,874.8,652.2,1016.2,747.4
1604,1,car,0.5123,564.0,489.9,648.9,540.5
1604,1,car,0.3220,217.0,696.8,331.5,786.6
1604,2,large_vehicle,0.2535,564.0,489.9,648.9,540.5
1604,4,other_vehicle,0.1479,217.0,696.8,331.5,786.6
1605,2,large_vehicle,0.7376,42.3,735.5,171.1,851.0
1605,1,car,0.6924,561.5,490.0,648.6,540.4
1605,1,car,0.6655,886.9,649.4,1020.1,734.1
1605,4,other_vehicle,0.3248,209.1,699.4,317.7,785.9
1605,1,car,0.3195,209.1,699.4,317.7,785.9
1605,0,person,0.1649,1194.6,512.2,1216.6,574.9
1605,2,large_vehicle,0.1298,561.5,490.0,648.6,540.4
1606,2,large_vehicle,0.7503,42.3,735.3,171.1,851.1
1606,1,car,0.6733,560.5,489.5,648.6,540.4
1606,1,car,0.6655,886.9,649.3,1020.1,733.9
1606,1,car,0.3449,209.1,699.2,317.8,786.0
1606,4,other_vehicle,0.3110,209.1,699.2,317.8,786.0
1606,0,person,0.1743,1194.4,512.1,1216.3,574.9
1606,2,large_vehicle,0.1455,560.5,489.5,648.6,540.4
1607,2,large_vehicle,0.7444,42.3,735.3,171.1,851.1
1607,1,car,0.6701,560.7,489.5,648.5,540.4
1607,1,car,0.6638,886.9,649.3,1020.1,733.9
1607,1,car,0.3493,209.1,699.2,317.8,785.9
1607,4,other_vehicle,0.2993,209.1,699.2,317.8,785.9
1607,0,person,0.1647,1194.4,512.1,1216.3,574.9
1607,2,large_vehicle,0.1498,560.7,489.5,648.5,540.4
1608,2,large_vehicle,0.7283,46.8,735.2,177.7,852.0
1608,1,car,0.5623,898.4,647.0,1029.3,737.8
1608,1,car,0.4995,561.1,488.7,648.3,540.5
1608,4,other_vehicle,0.3832,200.8,699.7,304.7,785.2
1608,2,large_vehicle,0.3033,561.1,488.7,648.3,540.5
1608,1,car,0.2584,200.8,699.7,304.7,785.2
1608,1,car,0.1711,946.3,419.2,1023.1,462.6
1608,0,person,0.1214,1194.2,512.5,1216.0,575.5
1608,2,large_vehicle,0.1179,946.3,419.2,1023.1,462.6
1609,2,large_vehicle,0.7312,46.8,735.2,177.8,852.2
1609,1,car,0.5670,898.4,647.1,1029.0,737.9
1609,1,car,0.5029,560.9,488.8,648.5,540.5
1609,4,other_vehicle,0.3793,201.1,699.6,304.7,785.2
1609,2,large_vehicle,0.3097,560.9,488.8,648.5,540.5
1609,1,car,0.2556,201.1,699.6,304.7,785.2
1609,1,car,0.1685,944.2,417.4,1025.7,462.7
1609,1,car,0.1465,945.9,418.8,1022.9,462.5
1609,0,person,0.1278,1194.3,512.3,1216.4,575.7
1609,2,large_vehicle,0.1061,944.2,417.4,1025.7,462.7
1609,2,large_vehicle,0.1053,945.9,418.8,1022.9,462.5
1610,2,large_vehicle,0.6817,52.0,734.8,185.2,852.6
1610,1,car,0.5744,561.9,489.6,648.7,540.3
1610,1,car,0.4092,190.4,703.0,291.2,786.8
1610,1,car,0.3232,909.3,640.5,1034.5,729.7
1610,2,large_vehicle,0.2601,561.9,489.6,648.7,540.3
1610,1,car,0.1108,190.0,703.0,290.8,786.9
1611,2,large_vehicle,0.6895,52.0,734.9,185.3,852.7
1611,1,car,0.5543,562.2,489.7,648.7,540.2
1611,1,car,0.4143,190.4,703.0,291.3,786.7
1611,1,car,0.3260,909.2,640.6,1034.6,729.8
1611,2,large_vehicle,0.2854,562.2,489.7,648.7,540.2
1612,2,large_vehicle,0.6976,52.0,734.8,185.1,852.5
1612,1,car,0.5295,561.9,489.6,648.7,540.2
1612,1,car,0.3976,190.5,703.0,291.2,786.7
1612,1,car,0.3204,909.1,640.7,1034.5,729.8
1612,2,large_vehicle,0.3079,561.9,489.6,648.7,540.2
1612,1,car,0.1371,190.0,703.1,290.8,786.8
1612,1,car,0.1058,945.0,418.9,1025.4,462.5
1613,2,large_vehicle,0.8099,57.1,735.5,192.4,851.9
1613,1,car,0.4417,918.5,638.4,1046.1,727.6
1613,2,large_vehicle,0.4395,561.5,489.3,648.9,540.5
1613,1,car,0.3822,561.5,489.3,648.9,540.5
1613,2,large_vehicle,0.2405,140.0,703.7,278.6,789.2
1613,4,other_vehicle,0.1940,140.0,703.7,278.6,789.2
1613,2,large_vehicle,0.1648,918.5,638.4,1046.1,727.6
1613,1,car,0.1417,140.0,703.7,278.6,789.2
1614,2,large_vehicle,0.6222,63.8,735.2,201.5,852.8
1614,1,car,0.4581,560.7,489.6,648.3,540.2
1614,2,large_vehicle,0.4254,930.4,636.2,1055.1,727.1
1614,1,car,0.4235,81.9,703.8,266.5,789.2
1614,2,large_vehicle,0.3823,560.7,489.6,648.3,540.2
1614,1,car,0.3212,930.4,636.2,1055.1,727.1
1614,4,other_vehicle,0.2390,63.8,735.2,201.5,852.8
1614,2,large_vehicle,0.2301,81.9,703.8,266.5,789.2
1614,0,person,0.1006,1194.0,512.4,1216.4,575.8
1615,2,large_vehicle,0.6384,63.8,735.0,201.5,852.8
1615,2,large_vehicle,0.4417,930.6,636.1,1054.8,727.1
1615,1,car,0.4368,560.8,489.6,648.4,540.2
1615,1,car,0.4198,81.6,703.9,266.4,789.1
1615,2,large_vehicle,0.3945,560.8,489.6,648.4,540.2
1615,1,car,0.3168,930.6,636.1,1054.8,727.1
1615,2,large_vehicle,0.2353,81.6,703.9,266.4,789.1
1615,4,other_vehicle,0.2146,63.8,735.0,201.5,852.8
1615,1,car,0.1009,949.4,420.1,1023.3,462.1
1616,2,large_vehicle,0.6350,63.8,735.1,201.5,852.8
1616,2,large_vehicle,0.4305,930.5,636.2,1054.8,727.1
1616,2,large_vehicle,0.4301,560.6,489.4,648.3,540.2
1616,1,car,0.4223,81.9,703.9,266.4,789.1
1616,1,car,0.3991,560.6,489.4,648.3,540.2
1616,1,car,0.3255,930.5,636.2,1054.8,727.1
1616,2,large_vehicle,0.2312,81.9,703.9,266.4,789.1
1616,4,other_vehicle,0.2182,63.8,735.1,201.5,852.8
1616,1,car,0.1067,950.0,420.1,1023.3,462.1
1616,2,large_vehicle,0.1064,950.0,420.1,1023.3,462.1
1617,2,large_vehicle,0.6349,68.8,734.1,210.6,854.2
1617,1,car,0.5411,560.8,489.1,648.6,540.4
1617,2,large_vehicle,0.4015,74.4,706.0,256.6,791.3
1617,1,car,0.3517,941.7,632.6,1065.1,720.3
1617,1,car,0.3094,941.9,632.5,1064.1,719.7
1617,2,large_vehicle,0.2627,560.8,489.1,648.6,540.4
1617,1,car,0.1467,74.4,706.0,256.6,791.3
1617,2,large_vehicle,0.1114,73.4,705.9,257.1,792.0
1618,2,large_vehicle,0.6284,68.8,734.1,210.7,854.0
1618,1,car,0.5938,561.5,489.6,648.8,540.3
1618,1,car,0.4786,941.9,632.5,1063.7,719.7
1618,2,large_vehicle,0.4018,73.1,705.9,257.0,791.9
1618,2,large_vehicle,0.2267,561.5,489.6,648.8,540.3
1618,2,large_vehicle,0.1626,74.3,706.0,256.5,791.2
1618,1,car,0.1059,73.1,705.9,257.0,791.9
1618,1,car,0.1046,941.7,632.6,1064.7,720.3
1619,2,large_vehicle,0.7049,76.2,707.5,243.1,793.7
1619,1,car,0.6338,560.5,490.1,648.7,540.1
1619,2,large_vehicle,0.5694,74.6,735.5,219.2,854.0
1619,1,car,0.3577,952.7,630.0,1076.5,717.2
1619,2,large_vehicle,0.2427,560.5,490.1,648.7,540.1
1620,2,large_vehicle,0.7075,76.2,707.5,243.1,793.7
1620,1,car,0.6188,560.4,490.0,648.8,540.1
1620,2,large_vehicle,0.5753,74.7,735.6,219.4,854.0
1620,1,car,0.3951,952.7,630.1,1076.6,717.4
1620,2,large_vehicle,0.2542,560.4,490.0,648.8,540.1
1621,2,large_vehicle,0.7116,76.2,707.4,243.1,793.8
1621,1,car,0.6452,560.1,490.0,648.8,540.2
1621,2,large_vehicle,0.5758,74.6,735.3,219.2,853.7
1621,1,car,0.3889,952.6,630.2,1076.5,717.3
1621,2,large_vehicle,0.2243,560.1,490.0,648.8,540.2
1622,1,car,0.5015,562.2,489.5,648.7,540.5
1622,1,car,0.4053,962.8,627.5,1081.8,713.3
1622,2,large_vehicle,0.3273,562.2,489.5,648.7,540.5
1622,4,other_vehicle,0.2812,80.8,713.5,232.0,856.4
1622,2,large_vehicle,0.2359,80.8,713.5,232.0,856.4
1622,0,person,0.1109,1193.9,512.1,1216.5,576.0
1623,1,car,0.5346,561.4,489.4,648.8,540.6
1623,1,car,0.4005,962.8,627.5,1082.0,713.3
1623,2,large_vehicle,0.2928,561.4,489.4,648.8,540.6
1623,4,other_vehicle,0.2877,80.9,712.2,232.1,856.4
1623,2,large_vehicle,0.2292,80.9,712.2,232.1,856.4
1623,0,person,0.1186,1193.8,511.7,1216.5,576.0
1624,1,car,0.6260,559.7,489.4,648.7,540.5
1624,1,car,0.5791,971.7,625.1,1090.5,708.9
1624,2,large_vehicle,0.5110,88.0,723.4,237.6,854.8
1624,2,large_vehicle,0.1898,559.7,489.4,648.7,540.5
1624,4,other_vehicle,0.1136,88.0,723.4,237.6,854.8
1625,1,car,0.6273,559.7,489.4,648.7,540.5
1625,1,car,0.5792,971.7,625.1,1090.5,708.9
1625,2,large_vehicle,0.5077,88.0,723.0,237.6,854.7
1625,2,large_vehicle,0.1889,559.7,489.4,648.7,540.5
1625,4,other_vehicle,0.1150,88.0,723.0,237.6,854.7
1625,0,person,0.1079,1194.0,512.3,1216.5,575.6
1626,1,car,0.6140,559.4,489.4,648.6,540.4
1626,1,car,0.5885,971.7,625.3,1090.4,708.8
1626,2,large_vehicle,0.5163,88.0,723.4,237.9,854.7
1626,2,large_vehicle,0.1950,559.4,489.4,648.6,540.4
1626,4,other_vehicle,0.1070,88.0,723.4,237.9,854.7
1627,1,car,0.6240,560.7,489.4,649.0,540.5
1627,1,car,0.6089,981.7,621.6,1098.4,705.4
1627,2,large_vehicle,0.5415,93.9,725.5,246.2,856.9
1627,2,large_vehicle,0.1823,560.7,489.4,649.0,540.5
1627,4,other_vehicle,0.1659,93.9,725.5,246.2,856.9
1627,0,person,0.1174,1194.4,512.3,1216.5,575.7
1627,1,car,0.1086,947.4,418.7,1023.2,462.2
1628,1,car,0.6310,560.9,489.5,648.9,540.5
1628,1,car,0.6132,981.7,621.7,1098.4,705.3
1628,2,large_vehicle,0.5864,93.8,725.9,246.2,856.6
1628,2,large_vehicle,0.1796,560.9,489.5,648.9,540.5
1628,4,other_vehicle,0.1396,93.8,725.9,246.2,856.6
1628,1,car,0.1105,947.5,418.7,1023.2,462.3
1628,0,person,0.1074,1194.4,512.4,1216.4,575.7
1629,1,car,0.5990,559.6,489.2,649.3,540.5
1629,1,car,0.5146,990.2,618.9,1106.9,703.1
1629,2,large_vehicle,0.2517,990.2,618.9,1106.9,703.1
1629,2,large_vehicle,0.2376,99.9,721.6,255.8,857.4
1629,2,large_vehicle,0.2346,559.6,489.2,649.3,540.5
1629,4,other_vehicle,0.1722,99.9,721.6,255.8,857.4
1629,2,large_vehicle,0.1321,947.5,418.8,1023.6,462.3
1629,0,person,0.1255,1194.5,512.6,1216.2,575.7
1629,1,car,0.1173,947.5,418.8,1023.6,462.3
1629,2,large_vehicle,0.1131,99.9,722.1,255.3,857.8
1630,1,car,0.5832,559.1,489.1,649.3,540.6
1630,1,car,0.5079,990.2,618.8,1107.0,703.1
1630,2,large_vehicle,0.2672,99.8,721.2,255.9,858.2
1630,2,large_vehicle,0.2571,990.2,618.8,1107.0,703.1
1630,2,large_vehicle,0.2554,559.1,489.1,649.3,540.6
1630,4,other_vehicle,0.2123,99.8,721.2,255.9,858.2
1630,2,large_vehicle,0.1295,947.6,418.9,1023.7,462.3
1630,1,car,0.1198,947.6,418.9,1023.7,462.3
1631,1,car,0.5836,559.2,489.2,649.3,540.6
1631,1,car,0.5128,990.2,618.8,1107.0,703.1
1631,2,large_vehicle,0.3259,99.9,721.3,255.8,858.2
1631,2,large_vehicle,0.2554,559.2,489.2,649.3,540.6
1631,2,large_vehicle,0.2525,990.2,618.8,1107.0,703.1
1631,4,other_vehicle,0.2466,99.9,721.3,255.8,858.2
1631,2,large_vehicle,0.1339,947.4,418.9,1023.8,462.3
1631,1,car,0.1320,947.4,418.9,1023.8,462.3
1632,1,car,0.5994,560.5,488.8,649.2,540.8
1632,2,large_vehicle,0.5624,107.8,716.7,264.9,858.5
1632,1,car,0.5345,1000.4,617.3,1113.0,700.4
1632,2,large_vehicle,0.1804,560.5,488.8,649.2,540.8
1632,2,large_vehicle,0.1287,1000.4,617.3,1113.0,700.4
1633,2,large_vehicle,0.5769,107.8,717.6,265.0,858.0
1633,1,car,0.5625,561.2,489.0,649.5,540.8
1633,1,car,0.5310,1000.4,617.3,1113.0,700.2
1633,2,large_vehicle,0.1975,561.2,489.0,649.5,540.8
1633,2,large_vehicle,0.1339,1000.4,617.3,1113.0,700.2
1634,1,car,0.5871,559.5,488.9,648.9,540.6
1634,1,car,0.5229,1009.4,614.7,1121.5,695.5
1634,2,large_vehicle,0.4634,106.8,721.0,274.7,857.2
1634,2,large_vehicle,0.2133,559.5,488.9,648.9,540.6
1634,2,large_vehicle,0.1035,1009.4,614.7,1121.5,695.5
1635,1,car,0.5659,559.4,488.8,649.0,540.5
1635,1,car,0.5143,1009.4,614.7,1121.5,695.5
1635,2,large_vehicle,0.4659,106.8,720.7,274.3,856.8
1635,2,large_vehicle,0.2143,559.4,488.8,649.0,540.5
1635,0,person,0.1196,1195.0,522.5,1215.1,576.3
1636,1,car,0.5853,559.5,489.0,648.9,540.6
1636,1,car,0.5254,1009.4,614.8,1121.5,695.5
1636,2,large_vehicle,0.4743,106.7,720.6,274.7,857.0
1636,2,large_vehicle,0.2016,559.5,489.0,648.9,540.6
1636,2,large_vehicle,0.1059,1009.4,614.8,1121.5,695.5
1637,1,car,0.6084,560.4,488.8,649.4,540.6
1637,2,large_vehicle,0.6047,97.0,718.4,283.8,857.0
1637,1,car,0.4584,1017.3,610.8,1128.0,694.0
1637,2,large_vehicle,0.2910,1017.3,610.8,1128.0,694.0
1637,1,car,0.2437,942.9,416.9,1025.6,462.9
1637,1,car,0.1994,944.8,417.9,1024.5,462.7
1637,2,large_vehicle,0.1694,560.4,488.8,649.4,540.6
1637,2,large_vehicle,0.1327,942.9,416.9,1025.6,462.9
1637,2,large_vehicle,0.1060,944.8,417.9,1024.5,462.7
1638,1,car,0.7464,560.7,489.3,649.3,540.7
1638,2,large_vehicle,0.6151,87.2,718.1,294.5,859.8
1638,1,car,0.3675,1026.7,606.3,1133.0,689.6
1638,1,car,0.2064,946.6,417.8,1025.0,462.7
1638,2,large_vehicle,0.1789,946.6,417.8,1025.0,462.7
1638,2,large_vehicle,0.1560,1026.7,606.3,1133.0,689.6
1638,1,car,0.1364,87.2,718.1,294.5,859.8
1638,2,large_vehicle,0.1024,944.2,417.2,1025.9,462.9
1639,1,car,0.7775,560.4,489.5,649.3,540.8
1639,2,large_vehicle,0.6288,87.0,718.1,294.5,859.8
1639,1,car,0.3616,1026.7,606.2,1132.8,689.6
1639,1,car,0.1736,945.7,418.0,1024.2,462.7
1639,1,car,0.1365,87.0,718.1,294.5,859.8
1639,2,large_vehicle,0.1285,1026.7,606.2,1132.8,689.6
1639,1,car,0.1274,943.6,417.4,1025.6,462.8
1640,1,car,0.7721,560.1,489.3,649.3,540.7
1640,2,large_vehicle,0.6358,87.0,718.2,294.6,859.7
1640,1,car,0.3599,1026.7,606.2,1132.8,689.6
1640,1,car,0.1657,945.7,418.1,1024.2,462.7
1640,1,car,0.1558,943.5,417.4,1025.5,462.9
1640,2,large_vehicle,0.1317,1026.7,606.2,1132.8,689.6
1640,1,car,0.1270,87.0,718.2,294.6,859.7
1640,2,large_vehicle,0.1207,943.5,417.4,1025.5,462.9
1641,1,car,0.6121,562.2,489.3,649.1,540.8
1641,2,large_vehicle,0.5141,75.9,720.3,306.0,858.0
1641,2,large_vehicle,0.3632,1035.4,605.0,1139.5,685.1
1641,1,car,0.2929,81.7,718.7,281.7,798.4
1641,1,car,0.2236,1035.4,605.0,1139.5,685.1
1641,2,large_vehicle,0.1544,81.7,718.7,281.7,798.4
1641,2,large_vehicle,0.1541,562.2,489.3,649.1,540.8
1642,1,car,0.5900,562.3,489.5,649.2,540.8
1642,2,large_vehicle,0.5482,75.7,719.9,305.8,857.9
1642,2,large_vehicle,0.3617,1035.4,605.0,1139.5,685.1
1642,1,car,0.2491,81.7,718.6,282.2,798.6
1642,1,car,0.2053,1035.4,605.0,1139.5,685.1
1642,2,large_vehicle,0.1852,81.7,718.6,282.2,798.6
1642,2,large_vehicle,0.1667,562.3,489.5,649.2,540.8
1642,1,car,0.1197,950.2,418.6,1024.4,462.6
1643,1,car,0.5610,562.1,489.1,648.8,540.4
1643,2,large_vehicle,0.5340,74.3,710.2,267.7,794.9
1643,2,large_vehicle,0.3544,1044.7,602.3,1147.2,682.4
1643,2,large_vehicle,0.2505,59.4,711.6,313.0,857.5
1643,1,car,0.2467,1044.7,602.3,1147.2,682.4
1643,2,large_vehicle,0.2367,133.9,722.5,316.9,858.6
1643,2,large_vehicle,0.1841,562.1,489.1,648.8,540.4
1643,1,car,0.1111,950.5,418.6,1024.5,462.7
1644,1,car,0.5197,562.4,489.0,648.8,540.4
1644,2,large_vehicle,0.5141,74.2,710.3,265.8,794.8
1644,2,large_vehicle,0.3481,1044.7,602.3,1147.1,682.4
1644,2,large_vehicle,0.2651,135.2,722.8,316.8,858.5
1644,1,car,0.2485,1044.7,602.3,1147.1,682.4
1644,2,large_vehicle,0.2346,58.6,712.0,312.9,857.7
1644,2,large_vehicle,0.1917,562.4,489.0,648.8,540.4
1644,1,car,0.1100,950.3,418.3,1024.7,462.7
1645,1,car,0.5445,561.7,488.8,648.8,540.5
1645,2,large_vehicle,0.5359,74.3,710.1,267.0,794.7
1645,2,large_vehicle,0.3520,1044.7,602.2,1147.2,682.3
1645,2,large_vehicle,0.2716,135.6,722.6,316.9,858.7
1645,1,car,0.2439,1044.7,602.2,1147.2,682.3
1645,2,large_vehicle,0.2259,59.3,711.6,312.9,857.4
1645,2,large_vehicle,0.1826,561.7,488.8,648.8,540.5
1645,1,car,0.1513,950.5,418.5,1024.6,462.8
1645,2,large_vehicle,0.1052,950.5,418.5,1024.6,462.8
1646,2,large_vehicle,0.7524,152.0,723.5,328.1,865.9
1646,1,car,0.6023,563.3,488.9,649.0,540.6
1646,2,large_vehicle,0.4443,1051.7,599.6,1153.0,679.3
1646,1,car,0.3185,1051.7,599.6,1153.0,679.3
1646,4,other_vehicle,0.2279,65.3,717.8,136.3,790.6
1646,1,car,0.2239,949.9,418.3,1024.5,462.8
1646,2,large_vehicle,0.1447,563.3,488.9,649.0,540.6
1646,2,large_vehicle,0.1273,949.9,418.3,1024.5,462.8
1646,3,motorcycle,0.1090,65.3,717.8,136.3,790.6
1647,2,large_vehicle,0.7527,152.1,723.5,328.1,866.2
1647,1,car,0.5826,563.2,488.6,648.7,540.6
1647,2,large_vehicle,0.4533,1051.7,599.6,1152.8,679.3
1647,1,car,0.3129,1051.7,599.6,1152.8,679.3
1647,4,other_vehicle,0.2242,65.3,717.8,136.3,790.4
1647,1,car,0.1853,950.3,418.3,1024.3,462.7
1647,2,large_vehicle,0.1466,563.2,488.6,648.7,540.6
1647,3,motorcycle,0.1086,65.3,717.8,136.3,790.4
1647,2,large_vehicle,0.1062,950.3,418.3,1024.3,462.7
1648,2,large_vehicle,0.8018,161.2,723.2,340.4,871.6
1648,1,car,0.6354,562.2,489.3,648.8,540.5
1648,2,large_vehicle,0.3770,1059.7,597.5,1158.3,676.7
1648,2,large_vehicle,0.1751,562.2,489.3,648.8,540.5
1648,1,car,0.1559,950.1,418.1,1024.7,462.5
1648,2,large_vehicle,0.1479,950.1,418.1,1024.7,462.5
1648,1,car,0.1478,1059.7,597.5,1158.3,676.7
1649,2,large_vehicle,0.8017,161.2,723.2,340.4,871.6
1649,1,car,0.6332,562.2,489.3,648.8,540.6
1649,2,large_vehicle,0.3752,1059.7,597.5,1158.3,676.7
1649,2,large_vehicle,0.1775,562.2,489.3,648.8,540.6
1649,1,car,0.1610,950.4,418.2,1024.6,462.5
1649,2,large_vehicle,0.1479,950.4,418.2,1024.6,462.5
1649,1,car,0.1476,1059.7,597.5,1158.3,676.7
1650,2,large_vehicle,0.8012,161.2,723.2,340.4,871.5
1650,1,car,0.6633,562.2,489.4,649.0,540.6
1650,2,large_vehicle,0.3784,1059.7,597.5,1158.3,676.7
1650,1,car,0.1622,950.0,418.1,1024.7,462.5
1650,1,car,0.1556,1059.7,597.5,1158.3,676.7
1650,2,large_vehicle,0.1495,562.2,489.4,649.0,540.6
1650,2,large_vehicle,0.1461,950.0,418.1,1024.7,462.5
1651,2,large_vehicle,0.6698,172.5,722.6,350.3,865.2
1651,1,car,0.6132,563.5,489.4,648.8,540.6
1651,1,car,0.2851,1068.3,593.8,1164.1,671.9
1651,2,large_vehicle,0.2280,1068.3,593.8,1164.1,671.9
1651,2,large_vehicle,0.1481,563.5,489.4,648.8,540.6
1651,4,other_vehicle,0.1358,53.7,719.8,122.0,789.5
1652,2,large_vehicle,0.6662,172.2,722.6,350.3,865.3
1652,1,car,0.6108,563.7,489.4,648.9,540.6
1652,1,car,0.2893,1068.3,594.1,1164.1,671.9
1652,2,large_vehicle,0.2373,1068.3,594.1,1164.1,671.9
1652,2,large_vehicle,0.1429,563.7,489.4,648.9,540.6
1652,4,other_vehicle,0.1275,53.7,719.9,122.1,789.4
1653,2,large_vehicle,0.7834,179.5,721.8,362.2,869.3
1653,1,car,0.5457,562.5,488.7,648.9,540.6
1653,1,car,0.3327,1074.9,592.3,1171.3,669.9
1653,2,large_vehicle,0.3182,1074.9,592.3,1171.3,669.9
1653,4,other_vehicle,0.2194,46.5,720.3,116.4,790.0
1653,1,car,0.1468,46.5,720.3,116.4,790.0
1653,2,large_vehicle,0.1465,562.5,488.7,648.9,540.6
1654,2,large_vehicle,0.7833,179.6,721.8,362.2,869.1
1654,1,car,0.5061,562.5,488.4,648.9,540.5
1654,1,car,0.3323,1074.9,592.4,1171.3,669.9
1654,2,large_vehicle,0.3297,1074.9,592.4,1171.3,669.9
1654,4,other_vehicle,0.2183,46.5,720.3,116.5,790.0
1654,2,large_vehicle,0.1751,562.5,488.4,648.9,540.5
1654,1,car,0.1562,46.5,720.3,116.5,790.0
1655,2,large_vehicle,0.7821,179.6,721.8,362.2,869.1
1655,1,car,0.4826,562.6,488.2,648.9,540.5
1655,2,large_vehicle,0.3311,1074.9,592.4,1171.3,669.9
1655,1,car,0.3277,1074.9,592.4,1171.3,669.9
1655,4,other_vehicle,0.2131,46.5,720.3,116.5,790.0
1655,2,large_vehicle,0.1778,562.6,488.2,648.9,540.5
1655,1,car,0.1532,46.5,720.3,116.5,790.0
1656,4,other_vehicle,0.6812,40.0,721.0,107.7,789.3
1656,2,large_vehicle,0.6482,189.7,720.4,371.1,871.3
1656,1,car,0.4628,560.6,487.8,649.1,540.2
1656,2,large_vehicle,0.2403,560.6,487.8,649.1,540.2
1656,2,large_vehicle,0.1665,1083.5,589.3,1176.8,666.1
1656,0,person,0.1196,51.0,728.6,77.6,765.4
1657,4,other_vehicle,0.6758,40.0,720.9,107.7,789.4
1657,2,large_vehicle,0.6491,189.8,720.3,371.0,871.4
1657,1,car,0.5011,560.4,488.0,649.2,540.2
1657,2,large_vehicle,0.2286,560.4,488.0,649.2,540.2
1657,2,large_vehicle,0.1914,1083.4,589.3,1176.8,666.3
1657,0,person,0.1224,50.8,728.7,77.7,765.5
1658,2,large_vehicle,0.7597,196.8,718.8,386.4,872.1
1658,1,car,0.5995,560.6,488.6,649.1,540.5
1658,2,large_vehicle,0.2083,560.6,488.6,649.1,540.5
1658,2,large_vehicle,0.1569,950.6,418.7,1024.8,462.6
1658,1,car,0.1457,950.6,418.7,1024.8,462.6
1658,0,person,0.1230,35.0,746.9,53.0,789.9
1659,2,large_vehicle,0.7645,196.7,718.9,386.6,872.2
1659,1,car,0.6025,561.0,488.6,649.0,540.5
1659,2,large_vehicle,0.2232,561.0,488.6,649.0,540.5
1659,2,large_vehicle,0.1689,950.2,418.7,1024.7,462.6
1659,1,car,0.1303,950.2,418.7,1024.7,462.6
1659,0,person,0.1137,35.1,747.0,53.0,789.9
1660,2,large_vehicle,0.7556,196.8,718.9,386.5,872.0
1660,1,car,0.6694,561.1,489.1,649.0,540.5
1660,2,large_vehicle,0.1554,561.1,489.1,649.0,540.5
1660,2,large_vehicle,0.1359,950.2,418.8,1024.8,462.6
1660,1,car,0.1288,950.2,418.8,1024.8,462.6
1660,0,person,0.1192,35.1,747.0,53.0,789.9
1661,2,large_vehicle,0.6964,1096.6,584.5,1189.2,660.2
1661,2,large_vehicle,0.6800,206.5,718.1,398.2,873.6
1661,1,car,0.4661,561.5,488.0,649.4,540.8
1661,4,other_vehicle,0.3265,31.1,721.1,94.8,789.5
1661,2,large_vehicle,0.2426,561.5,488.0,649.4,540.8
1661,2,large_vehicle,0.1183,951.9,419.0,1025.2,462.5
1661,0,person,0.1014,507.6,487.1,525.8,533.8
1662,1,car,0.5865,561.7,488.8,649.0,540.5
1662,2,large_vehicle,0.5262,214.4,717.7,409.5,873.3
1662,4,other_vehicle,0.3731,26.6,721.9,89.7,789.0
1662,2,large_vehicle,0.2363,1103.6,582.1,1193.4,655.6
1662,2,large_vehicle,0.1702,561.7,488.8,649.0,540.5
1662,1,car,0.1561,1103.6,582.1,1193.4,655.6
1662,1,car,0.1486,213.8,718.1,394.8,794.4
1662,4,other_vehicle,0.1177,27.4,721.8,90.1,788.5
1663,1,car,0.5958,562.2,488.6,649.1,540.5
1663,2,large_vehicle,0.4907,214.4,717.7,409.7,873.4
1663,4,other_vehicle,0.3417,26.7,721.9,89.8,788.9
1663,2,large_vehicle,0.2182,1103.5,582.0,1193.3,655.4
1663,1,car,0.1684,1103.5,582.0,1193.3,655.4
1663,2,large_vehicle,0.1634,562.2,488.6,649.1,540.5
1663,1,car,0.1573,213.7,718.0,394.5,794.3
1663,4,other_vehicle,0.1339,27.3,721.8,90.1,788.5
1663,1,car,0.1274,949.3,419.2,1024.4,462.7
1664,1,car,0.6050,562.2,488.7,649.1,540.5
1664,2,large_vehicle,0.4894,214.4,717.8,409.7,873.4
1664,4,other_vehicle,0.3810,26.7,721.9,89.7,788.9
1664,2,large_vehicle,0.2143,1103.6,582.0,1193.3,655.4
1664,1,car,0.1641,1103.6,582.0,1193.3,655.4
1664,2,large_vehicle,0.1576,562.2,488.7,649.1,540.5
1664,1,car,0.1546,213.7,718.0,394.3,794.4
1664,1,car,0.1144,949.4,419.2,1024.4,462.7
1665,4,other_vehicle,0.5847,22.1,721.4,81.2,789.5
1665,2,large_vehicle,0.5733,224.0,715.7,420.7,872.9
1665,1,car,0.4662,561.7,487.7,649.1,540.4
1665,2,large_vehicle,0.2113,561.7,487.7,649.1,540.4
1665,1,car,0.1874,950.0,419.2,1024.3,462.7
1665,2,large_vehicle,0.1549,1110.5,579.5,1197.1,653.4
1665,2,large_vehicle,0.1347,950.0,419.2,1024.3,462.7
1666,4,other_vehicle,0.6942,22.1,721.6,80.5,789.5
1666,2,large_vehicle,0.5862,223.9,715.7,420.7,873.2
1666,1,car,0.4603,561.3,487.8,649.3,540.5
1666,2,large_vehicle,0.2444,561.3,487.8,649.3,540.5
1666,2,large_vehicle,0.1584,1110.5,579.4,1197.1,653.4
1666,1,car,0.1565,950.7,419.3,1024.5,462.5
1666,2,large_vehicle,0.1455,950.7,419.3,1024.5,462.5
1667,2,large_vehicle,0.7529,233.4,714.1,433.6,872.7
1667,1,car,0.5606,560.0,487.5,649.5,540.7
1667,2,large_vehicle,0.4608,1116.8,575.7,1202.5,651.1
1667,4,other_vehicle,0.3723,15.5,720.7,72.4,789.6
1667,1,car,0.2503,949.8,418.7,1024.6,462.6
1667,2,large_vehicle,0.2266,560.0,487.5,649.5,540.7
1667,4,other_vehicle,0.1856,15.3,720.5,72.0,789.4
1667,2,large_vehicle,0.1612,949.8,418.7,1024.6,462.6
1667,1,car,0.1166,1116.8,575.7,1202.5,651.1
1667,1,car,0.1066,233.4,714.1,433.6,872.7
1668,2,large_vehicle,0.7515,233.4,714.2,433.6,872.7
1668,1,car,0.5912,560.2,487.8,649.4,540.7
1668,2,large_vehicle,0.4770,1116.8,575.7,1202.5,651.2
1668,4,other_vehicle,0.3604,15.6,720.8,72.5,789.7
1668,1,car,0.2324,950.1,418.8,1024.7,462.7
1668,2,large_vehicle,0.2147,560.2,487.8,649.4,540.7
1668,4,other_vehicle,0.1830,15.3,720.6,72.2,789.5
1668,2,large_vehicle,0.1752,950.1,418.8,1024.7,462.7
1668,1,car,0.1161,1116.8,575.7,1202.5,651.2
1668,1,car,0.1080,233.4,714.2,433.6,872.7
1669,2,large_vehicle,0.7535,233.5,714.2,433.7,872.7
1669,1,car,0.6195,560.3,488.1,650.0,540.7
1669,2,large_vehicle,0.4772,1116.8,575.7,1202.5,651.1
1669,4,other_vehicle,0.3933,15.7,720.7,72.4,789.6
1669,2,large_vehicle,0.1851,560.3,488.1,650.0,540.7
1669,4,other_vehicle,0.1743,15.6,720.6,72.1,789.4
1669,2,large_vehicle,0.1715,950.5,418.5,1024.8,462.6
1669,1,car,0.1699,950.5,418.5,1024.8,462.6
1669,1,car,0.1177,1116.8,575.7,1202.5,651.1
1669,1,car,0.1054,233.5,714.2,433.7,872.7
1670,2,large_vehicle,0.7697,245.8,711.6,447.7,872.6
1670,1,car,0.5006,560.6,487.5,650.0,540.6
1670,2,large_vehicle,0.2955,1123.2,574.5,1207.5,648.1
1670,1,car,0.2650,1123.2,574.5,1207.5,648.1
1670,2,large_vehicle,0.2083,560.6,487.5,650.0,540.6
1670,2,large_vehicle,0.1097,951.6,418.3,1024.9,462.6
1670,1,car,0.1041,951.6,418.3,1024.9,462.6
1671,2,large_vehicle,0.7682,246.0,711.6,447.5,872.6
1671,1,car,0.5553,559.9,487.2,650.2,540.6
1671,2,large_vehicle,0.2983,1123.2,574.6,1207.5,648.1
1671,1,car,0.2708,1123.2,574.6,1207.5,648.1
1671,2,large_vehicle,0.1570,559.9,487.2,650.2,540.6
1672,2,large_vehicle,0.7654,256.8,710.8,464.4,872.2
1672,1,car,0.5338,563.0,488.5,649.6,540.5
1672,1,car,0.2329,1129.5,573.3,1212.6,645.5
1672,2,large_vehicle,0.2246,563.0,488.5,649.6,540.5
1672,4,other_vehicle,0.1966,0.1,719.3,62.2,788.4
1672,2,large_vehicle,0.1730,1129.5,573.3,1212.6,645.5
1672,1,car,0.1725,0.1,719.3,62.2,788.4
1672,2,large_vehicle,0.1375,0.1,719.3,62.2,788.4
1672,2,large_vehicle,0.1284,952.5,418.6,1024.8,462.7
1672,1,car,0.1219,952.5,418.6,1024.8,462.7
1672,4,other_vehicle,0.1047,2.6,719.5,61.7,788.2
1673,2,large_vehicle,0.7653,256.8,710.8,464.4,872.2
1673,1,car,0.5404,563.0,488.5,649.6,540.5
1673,1,car,0.2298,1129.5,573.2,1212.6,645.5
1673,2,large_vehicle,0.2200,563.0,488.5,649.6,540.5
1673,4,other_vehicle,0.1954,0.1,719.3,62.2,788.4
1673,1,car,0.1749,0.1,719.3,62.2,788.4
1673,2,large_vehicle,0.1690,1129.5,573.2,1212.6,645.5
1673,2,large_vehicle,0.1373,0.1,719.3,62.2,788.4
1673,2,large_vehicle,0.1308,952.5,418.6,1024.9,462.7
1673,1,car,0.1166,952.5,418.6,1024.9,462.7
1673,4,other_vehicle,0.1079,2.6,719.5,61.7,788.2
1674,2,large_vehicle,0.7604,256.8,710.9,464.1,872.2
1674,1,car,0.4531,562.0,488.0,649.5,540.5
1674,2,large_vehicle,0.2717,562.0,488.0,649.5,540.5
1674,1,car,0.2652,1129.4,573.3,1212.6,645.6
1674,4,other_vehicle,0.1974,0.1,719.3,62.2,788.4
1674,1,car,0.1763,0.1,719.3,62.2,788.4
1674,2,large_vehicle,0.1682,1129.4,573.3,1212.6,645.6
1674,2,large_vehicle,0.1274,0.1,719.3,62.2,788.4
1674,4,other_vehicle,0.1192,2.9,719.4,61.7,788.2
1674,1,car,0.1131,952.7,418.6,1024.8,462.7
1674,2,large_vehicle,0.1033,952.7,418.6,1024.8,462.7
1675,2,large_vehicle,0.7062,266.8,708.6,476.0,871.9
1675,1,car,0.5702,559.0,487.5,649.4,540.4
1675,2,large_vehicle,0.1608,559.0,487.5,649.4,540.4
1675,1,car,0.1586,950.1,418.3,1025.2,462.7
1675,1,car,0.1586,266.8,708.6,476.0,871.9
1676,2,large_vehicle,0.7447,266.8,708.6,476.2,872.0
1676,1,car,0.5747,559.0,487.6,649.3,540.4
1676,2,large_vehicle,0.1619,559.0,487.6,649.3,540.4
1676,1,car,0.1538,950.1,418.2,1025.3,462.7
1676,1,car,0.1130,266.8,708.6,476.2,872.0
1677,1,car,0.6286,558.4,487.8,649.3,540.4
1677,2,large_vehicle,0.6233,277.7,708.9,487.8,871.9
1677,2,large_vehicle,0.1870,558.4,487.8,649.3,540.4
1677,1,car,0.1637,277.7,708.9,487.8,871.9
1677,1,car,0.1437,950.7,418.5,1025.4,462.6
1677,2,large_vehicle,0.1286,950.7,418.5,1025.4,462.6
1677,2,large_vehicle,0.1048,1142.7,568.9,1219.8,639.2
1678,1,car,0.6835,557.6,487.7,649.5,540.5
1678,2,large_vehicle,0.6024,277.7,708.8,487.9,871.9
1678,1,car,0.1817,277.7,708.8,487.9,871.9
1678,2,large_vehicle,0.1232,557.6,487.7,649.5,540.5
1678,1,car,0.1105,951.3,418.3,1025.2,462.6
1678,2,large_vehicle,0.1086,1142.6,568.9,1219.6,639.3
1678,1,car,0.1022,0.0,718.3,51.2,808.9
1679,1,car,0.6892,557.4,487.7,649.5,540.4
1679,2,large_vehicle,0.6029,277.8,708.8,487.9,871.9
1679,1,car,0.1816,277.8,708.8,487.9,871.9
1679,2,large_vehicle,0.1221,557.4,487.7,649.5,540.4
1679,1,car,0.1045,951.8,418.4,1025.2,462.6
1679,1,car,0.1019,0.0,718.4,51.2,808.9
1680,2,large_vehicle,0.7599,287.4,703.7,500.3,870.5
1680,1,car,0.5952,561.5,487.8,650.0,540.5
1680,2,large_vehicle,0.3409,1148.4,567.5,1228.9,636.4
1680,1,car,0.2144,0.0,718.8,46.5,806.1
1680,1,car,0.2111,1148.4,567.5,1228.9,636.4
1680,2,large_vehicle,0.1477,561.5,487.8,650.0,540.5
1681,2,large_vehicle,0.7531,287.1,703.8,500.3,870.6
1681,1,car,0.6018,560.9,488.1,650.0,540.5
1681,2,large_vehicle,0.2928,1148.4,567.4,1229.1,636.5
1681,1,car,0.2253,0.0,718.5,46.5,806.6
1681,1,car,0.2236,1148.4,567.4,1229.1,636.5
1681,2,large_vehicle,0.1310,560.9,488.1,650.0,540.5
1682,2,large_vehicle,0.7764,300.1,703.3,514.3,869.5
1682,1,car,0.5674,563.0,488.6,649.7,540.3
1682,2,large_vehicle,0.1984,563.0,488.6,649.7,540.3
1683,2,large_vehicle,0.7786,300.2,703.4,514.2,869.6
1683,1,car,0.5209,561.0,488.3,649.6,540.3
1683,2,large_vehicle,0.2340,561.0,488.3,649.6,540.3
1684,2,large_vehicle,0.7816,300.1,703.3,514.3,869.6
1684,1,car,0.5105,561.0,488.2,649.7,540.3
1684,2,large_vehicle,0.2487,561.0,488.2,649.7,540.3
1685,2,large_vehicle,0.7848,313.5,700.9,528.7,868.5
1685,1,car,0.3928,559.8,487.2,649.9,540.3
1685,2,large_vehicle,0.3248,559.8,487.2,649.9,540.3
1685,1,car,0.2731,1159.8,561.4,1237.1,631.6
1685,1,car,0.1107,953.0,418.6,1024.7,462.7
1686,2,large_vehicle,0.8218,324.4,699.2,541.7,867.2
1686,1,car,0.5745,558.3,488.2,649.9,540.2
1686,2,large_vehicle,0.2486,558.3,488.2,649.9,540.2
1686,2,large_vehicle,0.1847,952.1,418.9,1025.3,462.7
1686,1,car,0.1777,1166.0,552.2,1277.8,628.2
1686,2,large_vehicle,0.1311,1166.0,552.2,1277.8,628.2
1686,1,car,0.1299,952.1,418.9,1025.3,462.7
1687,2,large_vehicle,0.8217,324.4,699.1,541.9,867.2
1687,1,car,0.5799,558.3,488.3,650.2,540.2
1687,2,large_vehicle,0.2452,558.3,488.3,650.2,540.2
1687,1,car,0.1782,1165.9,553.0,1275.7,628.3
1687,2,large_vehicle,0.1651,952.6,418.6,1025.6,462.7
1687,2,large_vehicle,0.1216,1165.9,553.0,1275.7,628.3
1687,1,car,0.1007,952.6,418.6,1025.6,462.7
1688,2,large_vehicle,0.8211,324.4,699.1,541.7,867.2
1688,1,car,0.5837,558.2,488.3,650.2,540.2
1688,2,large_vehicle,0.2398,558.2,488.3,650.2,540.2
1688,1,car,0.1761,1165.9,552.9,1275.8,628.3
1688,2,large_vehicle,0.1493,952.5,418.5,1025.6,462.7
1688,2,large_vehicle,0.1202,1165.9,552.9,1275.8,628.3
1689,2,large_vehicle,0.7822,338.7,698.6,557.1,865.5
1689,1,car,0.5164,559.8,487.9,650.2,540.4
1689,1,car,0.2512,1170.9,548.4,1269.4,625.2
1689,2,large_vehicle,0.2288,559.8,487.9,650.2,540.4
1689,2,large_vehicle,0.1157,953.1,418.5,1025.2,462.7
1690,2,large_vehicle,0.7806,338.7,698.5,557.3,865.5
1690,1,car,0.4764,560.1,487.9,650.2,540.4
1690,1,car,0.2412,1170.8,548.5,1268.6,625.4
1690,2,large_vehicle,0.2170,560.1,487.9,650.2,540.4
1691,2,large_vehicle,0.8565,350.4,694.4,571.7,864.7
1691,1,car,0.5708,560.4,488.4,650.2,540.4
1691,2,large_vehicle,0.1721,560.4,488.4,650.2,540.4
1691,1,car,0.1628,1175.9,546.6,1273.9,623.4
1691,2,large_vehicle,0.1611,0.0,750.9,68.8,857.6
1692,2,large_vehicle,0.8583,350.4,694.2,571.7,864.7
1692,1,car,0.5303,560.2,488.3,649.9,540.3
1692,2,large_vehicle,0.2052,560.2,488.3,649.9,540.3
1692,1,car,0.1611,1175.9,546.8,1273.5,623.4
1692,2,large_vehicle,0.1511,0.0,751.3,68.8,857.5
1693,2,large_vehicle,0.8571,350.4,694.4,571.7,864.7
1693,1,car,0.5204,560.5,488.4,649.6,540.2
1693,2,large_vehicle,0.2279,560.5,488.4,649.6,540.2
1693,1,car,0.1626,1175.9,546.9,1274.2,623.4
1693,2,large_vehicle,0.1555,953.0,419.1,1024.9,462.6
1693,1,car,0.1385,953.0,419.1,1024.9,462.6
1693,2,large_vehicle,0.1251,0.0,751.3,68.3,857.9
1694,2,large_vehicle,0.8150,364.3,692.7,586.2,863.0
1694,1,car,0.4655,558.8,487.4,649.5,540.2
1694,2,large_vehicle,0.2652,558.8,487.4,649.5,540.2
1694,2,large_vehicle,0.2225,952.9,419.4,1025.1,462.6
1694,1,car,0.1862,952.9,419.4,1025.1,462.6
1694,1,car,0.1310,1180.9,549.1,1274.1,619.9
1695,2,large_vehicle,0.8147,364.3,692.7,586.2,863.1
1695,1,car,0.4685,558.7,487.1,649.4,540.2
1695,2,large_vehicle,0.2535,558.7,487.1,649.4,540.2
1695,2,large_vehicle,0.2181,952.6,419.4,1025.2,462.6
1695,1,car,0.2175,952.6,419.4,1025.2,462.6
1695,1,car,0.1453,1181.0,548.3,1288.2,620.2
1696,2,large_vehicle,0.8406,376.1,689.9,599.9,860.8
1696,1,car,0.6615,558.7,488.2,649.6,540.0
1696,2,large_vehicle,0.3017,951.7,419.0,1025.4,462.7
1696,1,car,0.2105,951.7,419.0,1025.4,462.7
1696,2,large_vehicle,0.1839,558.7,488.2,649.6,540.0
1697,2,large_vehicle,0.8412,376.1,689.9,599.9,860.8
1697,1,car,0.6530,558.7,488.2,649.7,540.0
1697,2,large_vehicle,0.3086,951.8,419.0,1025.4,462.6
1697,1,car,0.2000,951.8,419.0,1025.4,462.6
1697,2,large_vehicle,0.1907,558.7,488.2,649.7,540.0
1698,2,large_vehicle,0.8376,376.2,690.2,599.9,860.9
1698,1,car,0.6216,558.6,487.8,649.6,540.0
1698,2,large_vehicle,0.3127,951.7,419.2,1025.4,462.7
1698,2,large_vehicle,0.2214,558.6,487.8,649.6,540.0
1698,1,car,0.2131,951.7,419.2,1025.4,462.7
1699,2,large_vehicle,0.8190,387.6,687.0,614.5,860.0
1699,1,car,0.5001,561.2,487.4,649.4,540.2
1699,2,large_vehicle,0.3001,561.2,487.4,649.4,540.2
1699,2,large_vehicle,0.1643,953.3,418.8,1025.2,462.7
1699,0,person,0.1492,499.0,506.4,515.4,547.9
1699,1,car,0.1322,953.3,418.8,1025.2,462.7
1700,2,large_vehicle,0.8224,387.6,687.1,614.5,860.1
1700,1,car,0.4962,561.3,487.5,649.4,540.1
1700,2,large_vehicle,0.2981,561.3,487.5,649.4,540.1
1700,2,large_vehicle,0.1735,953.1,418.8,1025.1,462.7
1700,0,person,0.1528,499.1,506.6,515.3,547.9
1700,1,car,0.1275,953.1,418.8,1025.1,462.7
1701,2,large_vehicle,0.7584,402.1,684.6,628.3,858.0
1701,1,car,0.5177,560.7,488.5,649.2,540.1
1701,2,large_vehicle,0.2510,560.7,488.5,649.2,540.1
1701,1,car,0.2104,1196.4,549.8,1263.6,608.1
1701,1,car,0.1710,953.1,419.2,1025.2,462.7
1701,2,large_vehicle,0.1584,10.0,771.1,94.7,842.3
1701,2,large_vehicle,0.1265,953.1,419.2,1025.2,462.7
1701,2,large_vehicle,0.1024,1196.4,549.8,1263.6,608.1
1702,2,large_vehicle,0.7492,401.7,684.9,628.2,857.9
1702,1,car,0.4382,561.0,488.4,649.1,540.0
1702,2,large_vehicle,0.3550,561.0,488.4,649.1,540.0
1702,1,car,0.2313,1196.4,549.9,1263.6,608.0
1702,1,car,0.1819,953.1,419.4,1025.2,462.7
1702,2,large_vehicle,0.1803,10.4,771.2,94.7,842.1
1702,2,large_vehicle,0.1625,953.1,419.4,1025.2,462.7
1702,2,large_vehicle,0.1189,1196.4,549.9,1263.6,608.0
1703,2,large_vehicle,0.7508,401.7,684.8,628.2,858.0
1703,1,car,0.4396,561.0,488.4,649.1,540.0
1703,2,large_vehicle,0.3534,561.0,488.4,649.1,540.0
1703,1,car,0.2321,1196.4,550.0,1263.6,608.0
1703,1,car,0.1900,952.9,419.4,1025.2,462.7
1703,2,large_vehicle,0.1797,10.1,771.2,94.7,842.1
1703,2,large_vehicle,0.1650,952.9,419.4,1025.2,462.7
1703,2,large_vehicle,0.1208,1196.4,550.0,1263.6,608.0
1704,2,large_vehicle,0.8422,417.4,680.5,643.8,855.8
1704,2,large_vehicle,0.4121,559.8,487.4,649.3,539.9
1704,1,car,0.3762,559.8,487.4,649.3,539.9
1704,2,large_vehicle,0.3751,17.9,771.2,99.4,841.2
1704,1,car,0.2214,952.2,419.8,1024.5,462.7
1704,1,car,0.2210,1199.7,548.9,1265.9,606.3
1704,2,large_vehicle,0.1839,952.2,419.8,1024.5,462.7
1704,2,large_vehicle,0.1372,1199.7,548.9,1265.9,606.3
1705,2,large_vehicle,0.8442,417.3,680.4,643.8,855.9
1705,2,large_vehicle,0.4378,559.5,487.2,649.4,539.9
1705,2,large_vehicle,0.3465,17.6,771.1,99.4,841.1
1705,1,car,0.3338,559.5,487.2,649.4,539.9
1705,1,car,0.2358,952.4,419.7,1024.8,462.7
1705,1,car,0.2028,1199.9,548.8,1266.2,606.4
1705,2,large_vehicle,0.1948,952.4,419.7,1024.8,462.7
1705,2,large_vehicle,0.1383,1199.9,548.8,1266.2,606.4
1706,2,large_vehicle,0.8130,431.9,676.5,657.1,853.8
1706,1,car,0.5362,558.7,487.5,649.0,539.9
1706,2,large_vehicle,0.2902,558.7,487.5,649.0,539.9
1706,1,car,0.2550,1204.4,541.1,1271.5,605.9
1706,2,large_vehicle,0.2219,952.1,418.8,1024.1,462.9
1706,2,large_vehicle,0.1940,24.2,770.7,106.2,842.4
1706,1,car,0.1817,952.1,418.8,1024.1,462.9
1706,4,other_vehicle,0.1009,24.2,770.7,106.2,842.4
1707,2,large_vehicle,0.8138,431.8,676.2,657.1,853.8
1707,1,car,0.5575,558.6,487.5,649.1,539.9
1707,2,large_vehicle,0.2783,558.6,487.5,649.1,539.9
1707,1,car,0.2555,1204.5,540.9,1271.5,606.0
1707,2,large_vehicle,0.2274,952.3,419.0,1024.5,462.8
1707,1,car,0.1973,952.3,419.0,1024.5,462.8
1707,2,large_vehicle,0.1948,24.2,770.7,106.2,842.5
1707,4,other_vehicle,0.1009,24.2,770.7,106.2,842.5
1708,2,large_vehicle,0.8103,431.9,676.3,657.1,853.8
1708,1,car,0.5841,558.5,487.5,649.1,539.9
1708,1,car,0.2559,1204.4,541.0,1271.7,606.1
1708,2,large_vehicle,0.2372,558.5,487.5,649.1,539.9
1708,2,large_vehicle,0.2181,951.9,418.8,1024.8,462.8
1708,1,car,0.2122,951.9,418.8,1024.8,462.8
1708,2,large_vehicle,0.1879,24.2,770.7,106.2,842.4
1708,4,other_vehicle,0.1062,24.2,770.7,106.2,842.4
1709,2,large_vehicle,0.8014,443.2,674.1,670.6,851.8
1709,1,car,0.5266,561.1,488.4,649.3,540.0
1709,2,large_vehicle,0.3356,30.0,771.7,111.7,844.1
1709,1,car,0.2744,1209.6,540.3,1276.1,603.7
1709,2,large_vehicle,0.2221,561.1,488.4,649.3,540.0
1709,1,car,0.2040,953.6,419.3,1024.8,462.7
1709,2,large_vehicle,0.1195,953.6,419.3,1024.8,462.7
1710,2,large_vehicle,0.6388,457.6,670.8,685.5,849.2
1710,1,car,0.4319,560.9,488.2,649.0,539.9
1710,2,large_vehicle,0.3252,35.5,771.8,119.5,847.2
1710,2,large_vehicle,0.3096,560.9,488.2,649.0,539.9
1710,1,car,0.1728,953.3,419.8,1023.7,462.6
1710,2,large_vehicle,0.1087,953.3,419.8,1023.7,462.6
1711,2,large_vehicle,0.6380,457.6,670.8,685.8,849.2
1711,1,car,0.3700,561.0,488.1,649.0,539.8
1711,2,large_vehicle,0.3629,561.0,488.1,649.0,539.8
1711,2,large_vehicle,0.3384,35.5,771.8,119.6,847.3
1711,1,car,0.1657,953.2,419.7,1023.6,462.6
1711,2,large_vehicle,0.1306,953.2,419.7,1023.6,462.6
1712,2,large_vehicle,0.6366,457.6,670.9,685.7,849.2
1712,1,car,0.3858,561.0,488.2,649.0,539.9
1712,2,large_vehicle,0.3553,561.0,488.2,649.0,539.9
1712,2,large_vehicle,0.3326,35.4,771.8,119.6,847.4
1712,1,car,0.1625,953.2,419.7,1023.6,462.6
1712,2,large_vehicle,0.1296,953.2,419.7,1023.6,462.6
1713,2,large_vehicle,0.7360,471.4,668.5,730.8,846.9
1713,1,car,0.5275,1219.9,537.6,1284.7,595.8
1713,1,car,0.4661,559.3,487.6,649.1,539.8
1713,2,large_vehicle,0.3499,559.3,487.6,649.1,539.8
1713,2,large_vehicle,0.3402,40.1,771.7,126.4,848.9
1713,2,large_vehicle,0.3266,952.9,420.2,1023.7,462.7
1713,1,car,0.2232,952.9,420.2,1023.7,462.7
1714,2,large_vehicle,0.7371,471.5,668.7,724.6,846.6
1714,1,car,0.5191,1219.9,537.4,1285.1,595.9
1714,1,car,0.4820,559.6,487.8,648.7,539.8
1714,2,large_vehicle,0.3752,952.8,419.9,1023.9,462.7
1714,2,large_vehicle,0.3533,559.6,487.8,648.7,539.8
1714,2,large_vehicle,0.3495,40.3,771.7,126.5,849.0
1714,1,car,0.2069,952.8,419.9,1023.9,462.7
1714,0,person,0.1136,1194.6,513.7,1215.5,573.5
1715,2,large_vehicle,0.6254,488.4,665.7,712.6,844.5
1715,1,car,0.5999,558.0,487.6,649.2,539.9
1715,2,large_vehicle,0.5123,45.4,771.9,133.0,849.6
1715,1,car,0.4912,1222.9,531.5,1284.7,594.6
1715,2,large_vehicle,0.3556,952.2,419.5,1024.0,462.6
1715,1,car,0.2442,1223.7,528.3,1290.9,594.7
1715,2,large_vehicle,0.2361,558.0,487.6,649.2,539.9
1715,1,car,0.2158,952.2,419.5,1024.0,462.6
1715,0,person,0.1652,1194.4,513.4,1215.7,573.5
1716,2,large_vehicle,0.6121,488.4,665.8,713.1,844.4
1716,1,car,0.5986,558.2,487.7,649.2,539.9
1716,2,large_vehicle,0.5216,45.4,771.9,133.0,849.4
1716,1,car,0.4927,1222.9,531.7,1284.6,594.6
1716,2,large_vehicle,0.3724,952.2,419.6,1024.0,462.6
1716,1,car,0.2447,1223.7,528.5,1290.6,594.7
1716,2,large_vehicle,0.2397,558.2,487.7,649.2,539.9
1716,1,car,0.2184,952.2,419.6,1024.0,462.6
1716,0,person,0.1867,1194.4,513.0,1215.7,573.5
1717,2,large_vehicle,0.6315,488.3,665.7,712.5,844.4
1717,1,car,0.6312,556.9,487.5,649.2,539.9
1717,2,large_vehicle,0.5203,45.4,771.8,133.1,849.4
1717,1,car,0.4435,1222.8,531.5,1285.1,594.7
1717,2,large_vehicle,0.3362,952.4,419.1,1024.5,462.5
1717,1,car,0.2238,1223.6,528.0,1292.5,594.8
1717,2,large_vehicle,0.1966,556.9,487.5,649.2,539.9
1717,1,car,0.1819,952.4,419.1,1024.5,462.5
1717,0,person,0.1400,1194.4,513.0,1215.7,573.7
1717,0,person,0.1249,929.5,451.3,944.1,486.1
1718,2,large_vehicle,0.5604,501.2,659.8,755.8,843.3
1718,1,car,0.5593,559.2,487.7,648.8,539.9
1718,2,large_vehicle,0.4585,50.7,772.1,140.5,849.5
1718,1,car,0.3020,1224.8,525.9,1330.0,591.2
1718,2,large_vehicle,0.2486,559.2,487.7,648.8,539.9
1718,2,large_vehicle,0.1906,953.4,418.9,1025.2,462.5
1718,1,car,0.1416,1224.5,531.8,1292.5,590.5
1718,0,person,0.1244,1194.4,513.5,1215.5,574.1
1719,2,large_vehicle,0.5717,501.2,660.1,753.4,843.2
1719,1,car,0.5507,558.9,487.5,648.8,539.9
1719,2,large_vehicle,0.4741,50.8,772.2,140.6,849.4
1719,1,car,0.2850,1224.8,526.2,1330.0,591.3
1719,2,large_vehicle,0.2614,558.9,487.5,648.8,539.9
1719,2,large_vehicle,0.1895,953.3,418.9,1025.2,462.4
1719,1,car,0.1614,1224.5,532.0,1292.0,590.5
1719,0,person,0.1130,1194.4,513.6,1215.3,574.2
1720,2,large_vehicle,0.6852,515.3,656.0,794.6,839.5
1720,2,large_vehicle,0.4827,56.2,772.2,148.6,851.2
1720,2,large_vehicle,0.4216,561.1,488.2,648.7,539.7
1720,1,car,0.3715,1231.1,525.0,1326.5,590.5
1720,1,car,0.3610,561.1,488.2,648.7,539.7
1720,2,large_vehicle,0.2318,953.7,419.5,1024.6,462.5
1720,0,person,0.2134,1194.9,513.7,1215.3,574.7
1720,1,car,0.1557,1230.3,528.7,1294.2,590.6
1720,2,large_vehicle,0.1163,1231.1,525.0,1326.5,590.5
1720,1,car,0.1122,953.7,419.5,1024.6,462.5
1721,2,large_vehicle,0.6872,515.3,656.0,794.6,839.5
1721,2,large_vehicle,0.4770,56.2,772.2,148.6,851.2
1721,2,large_vehicle,0.4299,561.0,488.2,648.8,539.7
1721,1,car,0.3665,1231.0,525.1,1326.6,590.5
1721,1,car,0.3618,561.0,488.2,648.8,539.7
1721,2,large_vehicle,0.2386,953.7,419.5,1024.7,462.5
1721,0,person,0.1925,1194.9,513.6,1215.3,574.7
1721,1,car,0.1489,1230.2,528.7,1294.4,590.6
1721,2,large_vehicle,0.1226,1231.0,525.1,1326.6,590.5
1721,1,car,0.1149,953.7,419.5,1024.7,462.5
1722,2,large_vehicle,0.6848,515.3,656.1,794.6,839.5
1722,2,large_vehicle,0.4689,56.2,772.2,148.6,850.9
1722,2,large_vehicle,0.4111,561.2,488.5,648.7,539.7
1722,1,car,0.3841,561.2,488.5,648.7,539.7
1722,1,car,0.3695,1231.1,524.9,1326.6,590.5
1722,2,large_vehicle,0.2303,953.7,419.4,1024.7,462.5
1722,0,person,0.1954,1194.9,513.7,1215.3,574.9
1722,1,car,0.1588,1230.3,528.7,1294.4,590.6
1722,2,large_vehicle,0.1242,1231.1,524.9,1326.6,590.5
1722,1,car,0.1072,953.7,419.4,1024.7,462.5
1723,2,large_vehicle,0.7491,528.5,654.5,809.1,835.4
1723,2,large_vehicle,0.4600,62.3,772.3,155.3,849.6
1723,1,car,0.4184,556.4,486.8,649.1,539.7
1723,2,large_vehicle,0.3790,556.4,486.8,649.1,539.7
1723,1,car,0.3680,1231.4,518.3,1335.6,589.5
1723,0,person,0.2836,1194.6,513.3,1216.1,574.7
1723,2,large_vehicle,0.2196,951.9,417.9,1025.2,462.5
1723,1,car,0.1495,951.9,417.9,1025.2,462.5
1724,2,large_vehicle,0.7397,528.5,654.5,809.2,835.4
1724,2,large_vehicle,0.4285,62.3,772.1,155.5,849.9
1724,1,car,0.4125,556.5,486.9,649.1,539.8
1724,2,large_vehicle,0.3798,556.5,486.9,649.1,539.8
1724,1,car,0.3694,1231.1,518.4,1336.0,589.6
1724,0,person,0.2605,1194.5,513.3,1216.1,574.8
1724,2,large_vehicle,0.1999,951.7,417.8,1025.3,462.5
1724,1,car,0.1512,951.7,417.8,1025.3,462.5
1725,2,large_vehicle,0.7828,545.8,651.9,778.7,835.2
1725,2,large_vehicle,0.6475,67.2,772.9,164.5,851.7
1725,2,large_vehicle,0.4225,557.8,487.2,648.8,539.8
1725,1,car,0.4194,557.8,487.2,648.8,539.8
1725,2,large_vehicle,0.3013,951.6,418.2,1024.9,462.6
1725,0,person,0.2113,1194.5,513.3,1216.4,574.9
1725,1,car,0.1334,951.6,418.2,1024.9,462.6
1725,1,car,0.1130,1239.8,524.4,1336.2,588.1
1726,2,large_vehicle,0.7712,545.7,651.9,780.3,835.3
1726,2,large_vehicle,0.6616,67.2,772.9,164.5,851.0
1726,1,car,0.5184,556.9,487.2,648.8,539.8
1726,2,large_vehicle,0.3232,556.9,487.2,648.8,539.8
1726,2,large_vehicle,0.2522,951.6,418.0,1025.0,462.5
1726,0,person,0.2230,1194.6,513.2,1216.2,574.8
1726,1,car,0.1357,951.6,418.0,1025.0,462.5
1726,1,car,0.1299,1239.8,524.5,1337.5,588.2
1727,2,large_vehicle,0.7732,545.7,651.9,780.2,835.3
1727,2,large_vehicle,0.6618,67.2,772.9,164.5,851.0
1727,1,car,0.4855,556.7,487.0,648.8,539.8
1727,2,large_vehicle,0.3528,556.7,487.0,648.8,539.8
1727,2,large_vehicle,0.2530,951.5,417.9,1025.1,462.6
1727,0,person,0.2272,1194.6,513.2,1216.2,574.8
1727,1,car,0.1433,951.5,417.9,1025.1,462.6
1727,1,car,0.1279,1239.9,524.7,1337.2,588.1
1728,2,large_vehicle,0.7441,559.3,649.4,786.6,830.8
1728,1,car,0.5641,559.5,487.6,649.1,539.8
1728,2,large_vehicle,0.4898,73.9,772.7,172.6,858.2
1728,2,large_vehicle,0.2425,559.5,487.6,649.1,539.8
1728,0,person,0.1740,1194.2,513.5,1215.2,575.0
1728,0,person,0.1696,1162.9,396.1,1175.8,425.3
1729,2,large_vehicle,0.7437,559.2,649.5,787.7,830.8
1729,1,car,0.4802,559.5,487.5,649.2,539.8
1729,2,large_vehicle,0.4770,73.9,772.6,172.5,857.7
1729,2,large_vehicle,0.2851,559.5,487.5,649.2,539.8
1729,0,person,0.1553,1194.4,513.3,1215.6,574.8
1729,0,person,0.1022,1162.7,396.2,1175.6,425.4
1730,2,large_vehicle,0.6376,574.5,644.8,798.4,827.5
1730,1,car,0.4591,560.3,488.1,648.9,539.8
1730,2,large_vehicle,0.3551,574.8,645.3,799.9,827.4
1730,2,large_vehicle,0.3420,79.3,772.2,180.1,862.6
1730,2,large_vehicle,0.3272,560.3,488.1,648.9,539.8
1730,0,person,0.2820,1194.2,512.9,1215.9,574.8
1730,2,large_vehicle,0.2313,1.7,767.8,182.1,866.5
1730,0,person,0.1203,1162.3,396.6,1174.9,426.3
1730,2,large_vehicle,0.1108,952.9,418.1,1025.9,462.5
1730,1,car,0.1021,952.9,418.1,1025.9,462.5
1731,2,large_vehicle,0.6771,574.5,644.8,798.4,827.5
1731,1,car,0.5057,560.1,488.3,648.9,539.8
1731,2,large_vehicle,0.3379,79.3,772.1,180.2,862.9
1731,0,person,0.3052,1194.2,512.9,1215.8,574.7
1731,2,large_vehicle,0.2933,560.1,488.3,648.9,539.8
1731,2,large_vehicle,0.2847,574.7,645.3,799.9,827.4
1731,2,large_vehicle,0.2216,1.8,767.7,182.2,866.5
1731,0,person,0.1293,1162.3,396.5,1174.9,426.3
1731,2,large_vehicle,0.1151,953.0,418.1,1025.8,462.5
1731,1,car,0.1032,953.0,418.1,1025.8,462.5
1732,2,large_vehicle,0.6517,574.4,644.8,798.4,827.5
1732,1,car,0.4831,560.7,488.3,649.0,539.7
1732,0,person,0.3439,1194.1,513.0,1215.8,575.2
1732,2,large_vehicle,0.3238,574.7,645.3,799.9,827.4
1732,2,large_vehicle,0.3210,79.2,772.1,180.2,862.6
1732,2,large_vehicle,0.3169,560.7,488.3,649.0,539.7
1732,2,large_vehicle,0.2048,2.0,767.8,182.3,866.3
1732,0,person,0.1548,1162.3,396.4,1174.9,426.4
1732,1,car,0.1261,953.1,418.1,1025.8,462.5
1732,2,large_vehicle,0.1251,953.1,418.1,1025.8,462.5
1732,2,large_vehicle,0.1031,77.5,772.2,180.7,862.4
1733,2,large_vehicle,0.8452,587.9,642.4,813.9,824.3
1733,2,large_vehicle,0.5498,6.9,771.2,189.6,865.6
1733,1,car,0.5181,558.0,486.9,648.5,539.6
1733,0,person,0.3274,1193.8,512.9,1215.7,574.7
1733,2,large_vehicle,0.2966,558.0,486.9,648.5,539.6
1733,2,large_vehicle,0.2612,78.2,772.9,189.4,863.0
1733,2,large_vehicle,0.2043,952.1,418.1,1025.7,462.6
1733,1,car,0.2032,1249.1,511.9,1342.0,582.4
1733,1,car,0.1966,952.1,418.1,1025.7,462.6
1734,2,large_vehicle,0.7608,602.3,640.2,826.2,820.5
1734,2,large_vehicle,0.5370,36.1,772.3,198.6,867.5
1734,1,car,0.4649,558.8,487.0,648.3,539.6
1734,2,large_vehicle,0.3688,558.8,487.0,648.3,539.6
1734,0,person,0.3292,1193.9,512.8,1215.8,575.2
1734,2,large_vehicle,0.2661,951.2,418.0,1025.7,462.7
1734,1,car,0.2201,951.2,418.0,1025.7,462.7
1735,2,large_vehicle,0.7611,602.3,640.2,826.2,820.4
1735,2,large_vehicle,0.5296,40.3,772.4,198.6,867.3
1735,1,car,0.5006,559.7,487.4,648.6,539.6
1735,2,large_vehicle,0.3368,559.7,487.4,648.6,539.6
1735,0,person,0.3052,1194.0,513.1,1215.9,575.1
1735,2,large_vehicle,0.2309,950.7,417.7,1025.5,462.6
1735,1,car,0.2041,950.7,417.7,1025.5,462.6
1736,2,large_vehicle,0.7602,602.3,640.2,826.2,820.4
1736,2,large_vehicle,0.5223,40.2,772.4,198.7,867.3
1736,1,car,0.4961,559.7,487.4,648.3,539.7
1736,2,large_vehicle,0.3440,559.7,487.4,648.3,539.7
1736,0,person,0.3006,1194.0,513.0,1215.9,575.1
1736,2,large_vehicle,0.2302,950.6,417.8,1025.4,462.6
1736,1,car,0.2046,950.6,417.8,1025.4,462.6
1737,1,car,0.6032,560.3,487.7,649.1,539.6
1737,2,large_vehicle,0.5192,60.9,771.9,207.8,868.5
1737,2,large_vehicle,0.4802,618.5,641.8,841.4,817.7
1737,2,large_vehicle,0.2437,952.6,418.5,1025.5,462.6
1737,2,large_vehicle,0.2261,560.3,487.7,649.1,539.6
1737,1,car,0.1718,952.6,418.5,1025.5,462.6
1737,0,person,0.1544,1194.2,513.9,1215.6,575.0
1738,2,large_vehicle,0.5247,59.1,771.8,207.9,868.7
1738,2,large_vehicle,0.5002,618.6,641.2,841.4,817.7
1738,1,car,0.4815,560.8,487.6,648.9,539.6
1738,2,large_vehicle,0.3354,560.8,487.6,648.9,539.6
1738,1,car,0.1748,952.0,418.5,1025.3,462.5
1738,2,large_vehicle,0.1685,952.0,418.5,1025.3,462.5
1738,0,person,0.1534,1194.4,513.9,1215.7,575.1
1739,2,large_vehicle,0.6622,630.9,632.8,853.5,814.2
1739,1,car,0.5054,559.4,487.3,649.0,539.6
1739,2,large_vehicle,0.4848,48.8,770.6,217.3,871.2
1739,2,large_vehicle,0.3225,559.4,487.3,649.0,539.6
1739,0,person,0.2775,1193.9,512.8,1215.8,575.0
1739,1,car,0.1571,952.7,418.4,1025.3,462.3
1739,0,person,0.1286,1158.8,396.9,1172.0,426.2
1739,2,large_vehicle,0.1274,952.7,418.4,1025.3,462.3
1740,2,large_vehicle,0.6545,630.9,632.9,853.5,814.2
1740,1,car,0.4639,559.3,487.3,649.0,539.6
1740,2,large_vehicle,0.4464,48.4,770.6,217.3,871.1
1740,2,large_vehicle,0.3603,559.3,487.3,649.0,539.6
1740,0,person,0.2508,1194.0,513.0,1216.0,575.0
1740,2,large_vehicle,0.2418,20.6,769.6,217.0,871.7
1740,1,car,0.1843,952.4,418.5,1025.1,462.3
1740,0,person,0.1356,1158.8,397.0,1172.0,426.1
1740,2,large_vehicle,0.1265,952.4,418.5,1025.1,462.3
1741,2,large_vehicle,0.6632,630.8,632.8,853.5,814.2
1741,2,large_vehicle,0.4996,49.0,770.6,217.3,871.2
1741,1,car,0.4197,558.7,487.0,648.9,539.6
1741,2,large_vehicle,0.4030,558.7,487.0,648.9,539.6
1741,0,person,0.3255,1194.0,512.4,1215.9,574.8
1741,1,car,0.1608,952.8,418.5,1025.4,462.4
1741,2,large_vehicle,0.1601,952.8,418.5,1025.4,462.4
1741,0,person,0.1286,1158.8,397.1,1172.1,426.3
1742,2,large_vehicle,0.6926,644.6,631.8,865.8,811.9
1742,2,large_vehicle,0.6160,42.0,770.2,226.0,871.2
1742,1,car,0.4723,556.9,486.4,649.2,539.6
1742,0,person,0.3183,1194.1,512.5,1216.0,574.8
1742,2,large_vehicle,0.2919,556.9,486.4,649.2,539.6
1742,0,person,0.2319,1158.4,397.2,1171.7,426.9
1742,1,car,0.2199,952.0,418.3,1025.5,462.4
1742,2,large_vehicle,0.1938,952.0,418.3,1025.5,462.4
1743,2,large_vehicle,0.7061,644.6,631.9,865.7,812.0
1743,2,large_vehicle,0.6242,40.6,770.2,226.0,871.3
1743,1,car,0.4866,556.1,486.3,649.3,539.6
1743,2,large_vehicle,0.2867,556.1,486.3,649.3,539.6
1743,0,person,0.2628,1194.1,512.5,1216.1,574.9
1743,0,person,0.2468,1158.4,397.1,1171.6,426.8
1743,1,car,0.2037,952.1,418.3,1025.5,462.4
1743,2,large_vehicle,0.1967,952.1,418.3,1025.5,462.4
1744,2,large_vehicle,0.7019,43.1,769.7,234.8,870.8
1744,2,large_vehicle,0.5342,657.5,629.0,878.1,807.9
1744,1,car,0.5192,558.1,487.1,648.9,539.6
1744,2,large_vehicle,0.3450,950.7,417.6,1026.1,462.3
1744,2,large_vehicle,0.3159,558.1,487.1,648.9,539.6
1744,0,person,0.2745,1194.0,512.2,1216.3,574.9
1744,1,car,0.2533,950.7,417.6,1026.1,462.3
1744,0,person,0.2148,1157.7,397.6,1171.2,427.6
1745,2,large_vehicle,0.7060,43.0,769.7,234.8,870.8
1745,1,car,0.5566,557.0,487.0,648.9,539.6
1745,2,large_vehicle,0.5353,657.5,629.0,878.1,807.9
1745,2,large_vehicle,0.3469,951.0,417.5,1026.1,462.4
1745,0,person,0.2776,1194.0,512.1,1216.3,574.9
1745,2,large_vehicle,0.2768,557.0,487.0,648.9,539.6
1745,1,car,0.2551,951.0,417.5,1026.1,462.4
1745,0,person,0.2213,1157.7,397.6,1171.2,427.6
1746,2,large_vehicle,0.6998,43.7,769.7,234.8,870.7
1746,2,large_vehicle,0.5413,657.4,629.1,878.0,808.0
1746,1,car,0.5066,558.6,487.2,649.0,539.6
1746,2,large_vehicle,0.3599,950.7,417.6,1026.2,462.3
1746,2,large_vehicle,0.3344,558.6,487.2,649.0,539.6
1746,0,person,0.2506,1194.0,512.2,1216.1,574.8
1746,1,car,0.2455,950.7,417.6,1026.2,462.3
1746,0,person,0.2076,1157.8,397.7,1171.2,427.5
1747,2,large_vehicle,0.7798,671.6,628.5,890.7,806.2
1747,1,car,0.5032,560.4,487.5,649.5,539.6
1747,2,large_vehicle,0.3172,560.4,487.5,649.5,539.6
1747,2,large_vehicle,0.3011,45.9,769.2,245.2,870.8
1747,2,large_vehicle,0.2709,951.7,417.7,1026.2,462.3
1747,0,person,0.2279,1194.0,512.3,1216.4,574.6
1747,4,other_vehicle,0.1966,122.1,769.5,246.6,869.5
1747,2,large_vehicle,0.1956,122.1,769.5,246.6,869.5
1747,1,car,0.1554,951.7,417.7,1026.2,462.3
1748,2,large_vehicle,0.7824,671.6,628.5,890.6,806.1
1748,1,car,0.5206,560.1,487.4,649.1,539.5
1748,2,large_vehicle,0.3589,45.2,769.2,244.6,870.8
1748,2,large_vehicle,0.2946,560.1,487.4,649.1,539.5
1748,2,large_vehicle,0.2722,952.1,417.8,1026.1,462.3
1748,0,person,0.2523,1194.1,512.3,1216.6,574.6
1748,2,large_vehicle,0.1851,121.0,769.6,245.9,869.5
1748,4,other_vehicle,0.1844,121.0,769.6,245.9,869.5
1748,1,car,0.1488,952.1,417.8,1026.1,462.3
1749,2,large_vehicle,0.6801,65.1,767.9,255.2,870.2
1749,2,large_vehicle,0.5465,688.4,622.0,910.1,798.5
1749,1,car,0.4893,559.1,487.3,648.9,539.5
1749,2,large_vehicle,0.3456,559.1,487.3,648.9,539.5
1749,0,person,0.3100,1194.1,512.6,1216.8,575.0
1749,2,large_vehicle,0.1684,951.8,417.7,1025.7,462.3
1749,1,car,0.1118,951.8,417.7,1025.7,462.3
1750,2,large_vehicle,0.6882,70.6,768.0,255.2,869.5
1750,2,large_vehicle,0.6817,688.2,621.8,904.3,798.0
1750,1,car,0.5569,558.4,487.3,651.6,539.6
1750,2,large_vehicle,0.2627,558.4,487.3,651.6,539.6
1750,0,person,0.2621,1193.9,511.7,1216.8,573.8
1750,2,large_vehicle,0.1562,952.7,417.1,1025.9,462.3
1750,1,car,0.1217,952.7,417.1,1025.9,462.3
1751,2,large_vehicle,0.6896,688.3,621.8,904.3,798.0
1751,2,large_vehicle,0.6871,69.6,767.9,255.1,869.5
1751,1,car,0.5195,558.7,487.5,651.7,539.6
1751,2,large_vehicle,0.2903,558.7,487.5,651.7,539.6
1751,0,person,0.2162,1194.0,511.7,1216.7,573.7
1751,2,large_vehicle,0.2094,952.7,417.1,1025.9,462.3
1751,1,car,0.1103,952.7,417.1,1025.9,462.3
1752,2,large_vehicle,0.6930,700.4,625.2,916.9,792.9
1752,2,large_vehicle,0.6553,57.7,767.5,264.2,870.9
1752,1,car,0.5720,558.2,486.9,652.8,539.5
1752,2,large_vehicle,0.2275,558.2,486.9,652.8,539.5
1752,0,person,0.2145,1193.9,511.4,1216.8,573.6
1752,2,large_vehicle,0.2091,953.1,417.5,1025.7,462.2
1752,1,car,0.1556,953.1,417.5,1025.7,462.2
1753,2,large_vehicle,0.6852,700.4,625.5,917.2,792.9
1753,2,large_vehicle,0.6554,55.6,767.5,264.2,870.9
1753,1,car,0.5997,558.3,486.9,653.3,539.5
1753,2,large_vehicle,0.2085,953.1,417.5,1025.9,462.2
1753,0,person,0.2018,1193.9,511.4,1216.8,573.6
1753,2,large_vehicle,0.2015,558.3,486.9,653.3,539.5
1753,1,car,0.1590,953.1,417.5,1025.9,462.2
1754,2,large_vehicle,0.7436,51.5,768.1,276.1,873.3
1754,2,large_vehicle,0.6674,714.8,621.2,927.9,788.0
1754,1,car,0.6509,558.1,486.8,650.6,539.5
1754,2,large_vehicle,0.3532,951.8,417.3,1025.9,462.2
1754,1,car,0.2311,951.8,417.3,1025.9,462.2
1754,0,person,0.2220,1193.8,511.4,1216.6,573.8
1754,2,large_vehicle,0.1435,558.1,486.8,650.6,539.5
1755,2,large_vehicle,0.7452,51.1,768.1,276.1,873.3
1755,2,large_vehicle,0.6690,714.8,621.4,927.9,788.0
1755,1,car,0.6492,558.0,486.8,651.0,539.5
1755,2,large_vehicle,0.3384,951.8,417.4,1025.8,462.2
1755,1,car,0.2433,951.8,417.4,1025.8,462.2
1755,0,person,0.2153,1193.9,511.4,1216.6,573.7
1755,2,large_vehicle,0.1421,558.0,486.8,651.0,539.5
1756,2,large_vehicle,0.7449,50.1,768.2,276.2,873.3
1756,2,large_vehicle,0.6741,714.8,621.1,927.9,788.0
1756,1,car,0.6447,558.1,486.9,650.3,539.5
1756,2,large_vehicle,0.3382,951.9,417.6,1025.8,462.3
1756,1,car,0.2533,951.9,417.6,1025.8,462.3
1756,0,person,0.1639,1193.8,511.5,1216.4,573.7
1756,2,large_vehicle,0.1516,558.1,486.9,650.3,539.5
1757,2,large_vehicle,0.6257,56.6,766.8,286.8,872.8
1757,1,car,0.6180,560.2,487.7,650.1,539.5
1757,2,large_vehicle,0.5208,728.3,616.5,944.0,784.0
1757,2,large_vehicle,0.3235,952.6,418.1,1025.6,462.2
1757,0,person,0.2439,1194.0,511.5,1216.4,573.9
1757,2,large_vehicle,0.2042,560.2,487.7,650.1,539.5
1757,1,car,0.1894,952.6,418.1,1025.6,462.2
1757,2,large_vehicle,0.1697,159.7,768.0,286.2,869.6
1758,2,large_vehicle,0.5543,741.0,632.9,968.2,780.0
1758,1,car,0.5472,559.1,487.5,649.9,539.5
1758,2,large_vehicle,0.4387,169.6,767.6,297.2,869.7
1758,2,large_vehicle,0.3189,953.3,418.8,1025.1,462.2
1758,2,large_vehicle,0.3004,559.1,487.5,649.9,539.5
1758,0,person,0.2610,1193.9,511.6,1216.3,573.8
1758,2,large_vehicle,0.2240,60.3,766.0,298.4,873.5
1758,1,car,0.2113,953.3,418.8,1025.1,462.2
1758,0,person,0.1325,1153.1,398.8,1165.6,428.2
1759,2,large_vehicle,0.5463,741.0,633.5,967.3,780.1
1759,1,car,0.5327,559.2,487.5,649.9,539.5
1759,2,large_vehicle,0.4392,169.4,767.6,297.3,869.7
1759,2,large_vehicle,0.3321,953.3,418.6,1025.2,462.2
1759,2,large_vehicle,0.3065,559.2,487.5,649.9,539.5
1759,0,person,0.2718,1194.0,511.6,1216.3,573.8
1759,2,large_vehicle,0.2267,60.6,765.9,298.4,873.3
1759,1,car,0.2038,953.3,418.6,1025.2,462.2
1759,0,person,0.1312,1153.1,398.8,1165.6,428.2
1760,2,large_vehicle,0.5541,741.0,632.9,968.1,780.0
1760,1,car,0.4857,559.7,487.6,649.8,539.5
1760,2,large_vehicle,0.4309,169.4,767.6,297.2,869.7
1760,2,large_vehicle,0.3485,559.7,487.6,649.8,539.5
1760,2,large_vehicle,0.3407,953.2,418.6,1025.2,462.2
1760,0,person,0.2682,1194.1,511.8,1216.3,573.8
1760,2,large_vehicle,0.2312,62.3,765.7,298.3,873.3
1760,1,car,0.1929,953.2,418.6,1025.2,462.2
1760,0,person,0.1154,1153.0,398.9,1165.5,428.3
1761,1,car,0.5961,558.9,487.3,653.4,539.5
1761,2,large_vehicle,0.5872,755.0,611.4,979.5,778.1
1761,2,large_vehicle,0.5016,179.1,766.6,309.1,869.6
1761,2,large_vehicle,0.3274,952.6,418.6,1025.0,462.2
1761,0,person,0.2239,1194.1,512.2,1216.4,573.8
1761,2,large_vehicle,0.2013,558.9,487.3,653.4,539.5
1761,2,large_vehicle,0.1846,62.0,766.2,310.6,872.3
1761,1,car,0.1758,952.6,418.6,1025.0,462.2
1762,2,large_vehicle,0.6030,755.0,611.0,979.3,778.1
1762,1,car,0.6023,558.8,487.0,653.3,539.4
1762,2,large_vehicle,0.5356,179.1,766.6,309.1,869.6
1762,2,large_vehicle,0.3255,952.5,418.7,1025.0,462.2
1762,0,person,0.2735,1194.2,511.9,1216.6,573.9
1762,2,large_vehicle,0.1953,558.8,487.0,653.3,539.4
1762,1,car,0.1780,952.5,418.7,1025.0,462.2
1763,2,large_vehicle,0.7415,768.3,604.0,994.0,773.5
1763,1,car,0.6872,557.7,486.8,651.4,539.5
1763,2,large_vehicle,0.5526,188.6,765.5,320.1,869.6
1763,2,large_vehicle,0.3258,950.5,417.7,1024.9,462.2
1763,1,car,0.2361,950.5,417.7,1024.9,462.2
1763,0,person,0.2359,1194.0,511.7,1216.9,574.0
1763,2,large_vehicle,0.1256,557.7,486.8,651.4,539.5
1764,2,large_vehicle,0.7397,768.3,604.0,994.0,773.5
1764,1,car,0.6911,557.7,486.8,651.4,539.5
1764,2,large_vehicle,0.5461,188.6,765.5,320.1,869.6
1764,2,large_vehicle,0.3132,950.5,417.8,1024.7,462.2
1764,0,person,0.2452,1194.0,511.5,1216.9,573.9
1764,1,car,0.2360,950.5,417.8,1024.7,462.2
1764,2,large_vehicle,0.1207,557.7,486.8,651.4,539.5
1765,2,large_vehicle,0.7408,768.4,604.1,993.9,773.6
1765,1,car,0.6923,557.9,487.0,651.0,539.5
1765,2,large_vehicle,0.5586,188.8,765.5,320.0,869.7
1765,2,large_vehicle,0.3458,950.6,417.7,1025.0,462.2
1765,1,car,0.2605,950.6,417.7,1025.0,462.2
1765,0,person,0.2045,1194.3,511.9,1216.9,574.0
1765,2,large_vehicle,0.1219,557.9,487.0,651.0,539.5
1766,2,large_vehicle,0.7518,780.5,601.6,1003.8,769.9
1766,1,car,0.6283,560.1,486.8,653.7,539.4
1766,2,large_vehicle,0.6077,198.2,764.5,330.7,869.3
1766,2,large_vehicle,0.3794,952.7,418.1,1025.2,462.2
1766,0,person,0.1635,1194.2,512.6,1216.7,574.0
1766,2,large_vehicle,0.1562,560.1,486.8,653.7,539.4
1766,1,car,0.1523,952.7,418.1,1025.2,462.2
1766,0,person,0.1198,1149.5,399.6,1162.5,429.0
1767,2,large_vehicle,0.7575,780.4,601.7,1003.7,769.8
1767,1,car,0.6290,559.7,486.8,652.4,539.4
1767,2,large_vehicle,0.6128,198.1,764.5,331.0,869.3
1767,2,large_vehicle,0.3823,952.7,418.1,1025.2,462.2
1767,2,large_vehicle,0.1657,559.7,486.8,652.4,539.4
1767,1,car,0.1441,952.7,418.1,1025.2,462.2
1767,0,person,0.1327,1149.6,399.5,1162.4,429.0
1767,0,person,0.1312,1194.3,512.6,1216.8,574.1
1768,2,large_vehicle,0.7976,793.7,597.5,1012.7,765.2
1768,1,car,0.5942,559.0,486.9,650.8,539.5
1768,2,large_vehicle,0.4244,207.4,763.6,344.2,869.2
1768,2,large_vehicle,0.3342,952.9,417.6,1025.8,462.1
1768,2,large_vehicle,0.2052,559.0,486.9,650.8,539.5
1768,1,car,0.1613,952.9,417.6,1025.8,462.1
1769,2,large_vehicle,0.8001,793.7,597.6,1012.7,765.2
1769,1,car,0.5846,559.2,487.1,652.2,539.4
1769,2,large_vehicle,0.4301,207.2,763.5,344.2,869.2
1769,2,large_vehicle,0.3492,952.6,417.8,1025.7,462.2
1769,2,large_vehicle,0.2047,559.2,487.1,652.2,539.4
1769,1,car,0.1894,952.6,417.8,1025.7,462.2
1769,0,person,0.1526,1194.2,512.7,1216.7,573.9
1770,2,large_vehicle,0.7990,793.7,597.6,1012.7,765.2
1770,1,car,0.5876,559.1,487.1,652.7,539.4
1770,2,large_vehicle,0.4266,207.2,763.5,344.2,869.1
1770,2,large_vehicle,0.3448,952.7,417.8,1025.7,462.2
1770,2,large_vehicle,0.1989,559.1,487.1,652.7,539.4
1770,1,car,0.1798,952.7,417.8,1025.7,462.2
1770,0,person,0.1467,1194.2,512.8,1216.7,573.9
1771,2,large_vehicle,0.8090,805.0,593.6,1022.1,761.4
1771,1,car,0.6055,559.3,487.1,656.1,539.3
1771,2,large_vehicle,0.3288,952.6,417.6,1025.8,462.1
1771,2,large_vehicle,0.2451,218.0,761.3,356.2,870.0
1771,1,car,0.1928,952.6,417.6,1025.8,462.1
1771,2,large_vehicle,0.1650,559.3,487.1,656.1,539.3
1771,0,person,0.1494,1193.9,511.8,1216.2,573.7
1772,2,large_vehicle,0.8054,805.0,593.6,1022.3,761.4
1772,1,car,0.5923,558.9,487.1,654.4,539.3
1772,2,large_vehicle,0.3252,952.0,417.5,1025.4,462.1
1772,2,large_vehicle,0.2370,218.0,761.3,356.3,870.0
1772,1,car,0.1917,952.0,417.5,1025.4,462.1
1772,2,large_vehicle,0.1875,558.9,487.1,654.4,539.3
1772,0,person,0.1584,1194.0,511.9,1216.3,573.8
1773,2,large_vehicle,0.7294,228.5,762.1,367.3,869.7
1773,1,car,0.5871,558.1,486.6,654.1,539.4
1773,2,large_vehicle,0.4020,951.3,417.2,1025.5,462.2
1773,2,large_vehicle,0.3664,817.7,589.7,1032.7,757.3
1773,1,car,0.2099,951.3,417.2,1025.5,462.2
1773,2,large_vehicle,0.2025,558.1,486.6,654.1,539.4
1773,0,person,0.1685,1194.1,511.8,1216.2,573.7
1774,2,large_vehicle,0.7394,228.5,762.0,367.2,869.7
1774,1,car,0.6291,558.2,486.6,654.2,539.4
1774,2,large_vehicle,0.4057,951.4,417.1,1025.4,462.1
1774,1,car,0.2086,951.4,417.1,1025.4,462.1
1774,0,person,0.1879,1194.1,511.7,1216.3,573.6
1774,2,large_vehicle,0.1629,558.2,486.6,654.2,539.4
1774,2,large_vehicle,0.1381,817.5,590.1,1030.6,757.7
1774,2,large_vehicle,0.1121,817.7,589.6,1032.6,757.2
1775,2,large_vehicle,0.7314,228.5,762.1,367.2,869.7
1775,1,car,0.5212,559.1,486.7,651.7,539.4
1775,2,large_vehicle,0.3377,951.6,417.1,1025.3,462.1
1775,2,large_vehicle,0.2608,559.1,486.7,651.7,539.4
1775,1,car,0.2137,951.6,417.1,1025.3,462.1
1775,0,person,0.1672,1194.2,511.7,1216.4,573.6
1775,2,large_vehicle,0.1612,817.7,589.6,1031.9,757.3
1776,2,large_vehicle,0.7130,239.4,760.5,380.0,869.9
1776,1,car,0.6392,559.8,487.2,653.4,539.3
1776,2,large_vehicle,0.3072,951.8,416.7,1026.0,462.1
1776,2,large_vehicle,0.2837,829.7,587.2,1037.9,753.8
1776,0,person,0.1923,1194.1,511.4,1216.5,573.7
1776,2,large_vehicle,0.1822,559.8,487.2,653.4,539.3
1776,1,car,0.1687,951.8,416.7,1026.0,462.1
1777,2,large_vehicle,0.7241,239.4,760.5,379.7,870.0
1777,1,car,0.6484,559.7,487.2,652.2,539.3
1777,2,large_vehicle,0.3090,951.9,417.0,1025.9,462.1
1777,2,large_vehicle,0.2898,829.8,587.2,1037.9,753.8
1777,0,person,0.2090,1194.3,511.4,1216.6,573.7
1777,1,car,0.1875,951.9,417.0,1025.9,462.1
1777,2,large_vehicle,0.1814,559.7,487.2,652.2,539.3
1778,2,large_vehicle,0.6186,250.4,759.5,393.6,869.0
1778,1,car,0.5321,559.7,486.9,649.9,539.4
1778,2,large_vehicle,0.3807,844.0,584.8,1048.6,750.3
1778,2,large_vehicle,0.3033,559.7,486.9,649.9,539.4
1778,0,person,0.2920,1194.1,511.0,1216.6,573.3
1778,2,large_vehicle,0.2072,952.2,416.6,1026.1,462.0
1778,2,large_vehicle,0.1860,251.1,759.3,393.2,869.1
1778,1,car,0.1510,952.2,416.6,1026.1,462.0
1778,1,car,0.1020,250.4,759.5,393.6,869.0
1779,2,large_vehicle,0.5826,250.4,759.5,393.6,869.0
1779,1,car,0.5290,559.7,486.9,649.9,539.4
1779,2,large_vehicle,0.3839,844.0,584.8,1048.7,750.2
1779,2,large_vehicle,0.3068,559.7,486.9,649.9,539.4
1779,0,person,0.3067,1194.1,510.9,1216.6,573.2
1779,2,large_vehicle,0.2526,251.1,759.3,393.2,869.1
1779,2,large_vehicle,0.2201,952.1,416.6,1026.0,462.0
1779,1,car,0.1472,952.1,416.6,1026.0,462.0
1780,2,large_vehicle,0.5365,251.0,759.3,393.0,869.1
1780,1,car,0.5252,559.3,486.7,650.0,539.4
1780,2,large_vehicle,0.3849,844.1,584.8,1048.4,750.2
1780,0,person,0.3216,1194.0,510.7,1216.7,573.7
1780,2,large_vehicle,0.3156,250.4,759.5,393.3,869.0
1780,2,large_vehicle,0.3141,559.3,486.7,650.0,539.4
1780,2,large_vehicle,0.1995,952.3,417.0,1026.0,462.0
1780,1,car,0.1648,952.3,417.0,1026.0,462.0
1780,1,car,0.1057,251.0,759.3,393.0,869.1
1781,1,car,0.5482,556.2,486.4,651.0,539.4
1781,2,large_vehicle,0.5302,855.2,580.7,1056.9,744.9
1781,2,large_vehicle,0.5227,261.6,758.6,408.3,867.9
1781,1,car,0.2792,261.6,758.6,408.3,867.9
1781,2,large_vehicle,0.2525,556.2,486.4,651.0,539.4
1781,2,large_vehicle,0.2499,951.9,416.8,1025.7,462.1
1781,1,car,0.2099,951.9,416.8,1025.7,462.1
1781,0,person,0.1961,1194.0,510.9,1216.9,573.3
1782,2,large_vehicle,0.7755,272.9,758.6,419.4,867.7
1782,2,large_vehicle,0.6982,865.7,577.9,1063.9,739.4
1782,1,car,0.5976,558.9,486.8,651.5,539.5
1782,2,large_vehicle,0.3036,950.9,416.7,1025.6,462.1
1782,1,car,0.2347,950.9,416.7,1025.6,462.1
1782,2,large_vehicle,0.2222,558.9,486.8,651.5,539.5
1782,0,person,0.2177,1194.2,511.2,1217.0,573.4
1782,0,person,0.1329,465.5,502.3,483.9,556.3
1782,1,car,0.1006,272.9,758.6,419.4,867.7
1783,2,large_vehicle,0.7762,272.9,758.7,419.3,867.7
1783,2,large_vehicle,0.7041,865.7,577.9,1063.4,739.3
1783,1,car,0.6225,558.3,486.6,651.7,539.5
1783,2,large_vehicle,0.3262,950.3,416.7,1025.5,462.1
1783,1,car,0.2487,950.3,416.7,1025.5,462.1
1783,2,large_vehicle,0.1915,558.3,486.6,651.7,539.5
1783,0,person,0.1789,1194.4,511.3,1217.2,573.5
1783,0,person,0.1285,465.6,502.4,484.1,556.4
1783,1,car,0.1035,272.9,758.7,419.3,867.7
1784,2,large_vehicle,0.7747,272.9,758.6,419.4,867.7
1784,2,large_vehicle,0.7000,865.8,577.9,1063.4,739.5
1784,1,car,0.6372,558.7,487.0,651.2,539.4
1784,2,large_vehicle,0.3077,950.6,416.5,1025.6,462.1
1784,1,car,0.2568,950.6,416.5,1025.6,462.1
1784,2,large_vehicle,0.1876,558.7,487.0,651.2,539.4
1784,0,person,0.1862,1194.4,511.1,1217.2,573.5
1784,1,car,0.1043,272.9,758.6,419.4,867.7
1784,0,person,0.1018,465.6,501.9,484.0,556.2
1785,2,large_vehicle,0.6909,878.0,575.7,1069.7,736.8
1785,2,large_vehicle,0.6711,283.7,755.7,432.3,868.1
1785,1,car,0.6653,559.7,487.1,651.8,539.3
1785,0,person,0.2807,1194.0,510.3,1217.4,573.3
1785,2,large_vehicle,0.2541,951.2,416.1,1025.6,462.0
1785,1,car,0.1756,951.2,416.1,1025.6,462.0
1785,1,car,0.1616,283.7,755.7,432.3,868.1
1785,0,person,0.1474,912.9,444.9,931.4,487.3
1785,2,large_vehicle,0.1464,559.7,487.1,651.8,539.3
1786,1,car,0.6914,559.5,487.1,652.1,539.3
1786,2,large_vehicle,0.6802,283.7,755.7,432.2,868.1
1786,2,large_vehicle,0.6183,878.0,575.7,1069.3,736.8
1786,0,person,0.2992,1193.9,510.4,1217.2,573.4
1786,2,large_vehicle,0.2614,951.3,416.3,1025.5,462.0
1786,1,car,0.1754,951.3,416.3,1025.5,462.0
1786,1,car,0.1560,283.7,755.7,432.2,868.1
1786,0,person,0.1534,912.8,445.2,931.4,487.4
1786,2,large_vehicle,0.1195,559.5,487.1,652.1,539.3
1787,2,large_vehicle,0.7687,889.2,572.3,1073.6,734.6
1787,1,car,0.6021,558.4,486.7,650.1,539.4
1787,2,large_vehicle,0.4282,289.9,755.1,445.5,866.9
1787,1,car,0.3776,289.9,755.1,445.5,866.9
1787,0,person,0.3270,1193.9,510.6,1217.4,573.5
1787,2,large_vehicle,0.2357,558.4,486.7,650.1,539.4
1787,2,large_vehicle,0.2060,953.1,416.5,1025.7,461.8
1787,1,car,0.1964,953.1,416.5,1025.7,461.8
1787,0,person,0.1410,913.4,445.3,931.0,487.7
1788,2,large_vehicle,0.7692,889.2,572.3,1073.6,734.6
1788,1,car,0.5927,558.4,486.7,650.1,539.4
1788,2,large_vehicle,0.4245,290.0,755.1,445.5,866.9
1788,1,car,0.3823,290.0,755.1,445.5,866.9
1788,0,person,0.3763,1193.9,510.5,1217.3,573.3
1788,2,large_vehicle,0.2493,558.4,486.7,650.1,539.4
1788,2,large_vehicle,0.2041,953.1,416.6,1025.6,461.8
1788,1,car,0.1959,953.1,416.6,1025.6,461.8
1788,0,person,0.1474,913.4,445.4,931.0,487.7
1789,2,large_vehicle,0.7679,889.2,572.4,1073.7,734.6
1789,1,car,0.6353,558.8,486.8,650.7,539.4
1789,2,large_vehicle,0.4147,290.1,755.1,445.5,866.9
1789,1,car,0.3885,290.1,755.1,445.5,866.9
1789,0,person,0.3048,1193.8,510.6,1217.3,573.0
1789,1,car,0.2132,952.9,416.8,1025.4,461.8
1789,2,large_vehicle,0.2014,558.8,486.8,650.7,539.4
1789,2,large_vehicle,0.1968,952.9,416.8,1025.4,461.8
1789,0,person,0.1442,913.4,445.5,930.9,487.7
1790,2,large_vehicle,0.6400,900.7,570.3,1080.1,729.1
1790,1,car,0.6351,558.9,487.0,651.8,539.3
1790,2,large_vehicle,0.5788,307.5,752.1,458.3,866.0
1790,0,person,0.2600,1194.3,510.7,1217.7,573.6
1790,1,car,0.2475,307.5,752.1,458.3,866.0
1790,2,large_vehicle,0.2216,951.4,417.0,1025.1,461.9
1790,1,car,0.2117,951.4,417.0,1025.1,461.9
1790,2,large_vehicle,0.1724,558.9,487.0,651.8,539.3
1791,2,large_vehicle,0.6525,900.8,570.2,1079.9,728.9
1791,1,car,0.6312,558.8,487.0,651.8,539.3
1791,2,large_vehicle,0.5675,307.3,752.0,458.2,865.9
1791,0,person,0.2671,1194.3,510.7,1217.7,573.5
1791,1,car,0.2533,307.3,752.0,458.2,865.9
1791,2,large_vehicle,0.2190,951.2,416.9,1025.1,461.9
1791,1,car,0.2151,951.2,416.9,1025.1,461.9
1791,2,large_vehicle,0.1744,558.8,487.0,651.8,539.3
1792,1,car,0.7379,557.9,486.7,652.0,539.3
1792,2,large_vehicle,0.7116,321.7,750.0,473.5,864.4
1792,2,large_vehicle,0.5233,906.4,567.8,1089.4,725.4
1792,1,car,0.3250,949.7,416.4,1025.4,462.0
1792,2,large_vehicle,0.2419,949.7,416.4,1025.4,462.0
1792,0,person,0.2131,1194.4,510.7,1217.4,573.5
1792,1,car,0.1240,321.7,750.0,473.5,864.4
1793,1,car,0.7322,558.7,487.0,651.6,539.3
1793,2,large_vehicle,0.7128,321.7,750.1,473.4,864.4
1793,2,large_vehicle,0.5224,906.4,567.8,1089.4,725.3
1793,0,person,0.3451,1194.2,510.6,1217.2,573.4
1793,1,car,0.3143,949.5,416.4,1025.5,462.0
1793,2,large_vehicle,0.2393,949.5,416.4,1025.5,462.0
1793,1,car,0.1285,321.7,750.1,473.4,864.4
1794,1,car,0.7368,558.7,487.0,651.6,539.3
1794,2,large_vehicle,0.7118,321.7,750.1,473.4,864.4
1794,2,large_vehicle,0.5214,906.4,567.8,1089.4,725.3
1794,0,person,0.3396,1194.2,510.6,1217.2,573.4
1794,1,car,0.3064,949.5,416.3,1025.5,462.0
1794,2,large_vehicle,0.2380,949.5,416.3,1025.5,462.0
1794,1,car,0.1319,321.7,750.1,473.4,864.4
1795,2,large_vehicle,0.7645,333.8,749.3,486.0,863.7
1795,1,car,0.7121,560.0,487.0,652.3,539.1
1795,2,large_vehicle,0.4286,921.6,564.3,1097.4,722.9
1795,0,person,0.3473,1194.2,511.2,1217.2,573.3
1795,1,car,0.2271,952.5,417.1,1025.4,462.0
1795,2,large_vehicle,0.1941,952.5,417.1,1025.4,462.0
1795,0,person,0.1529,1141.1,400.4,1152.4,426.8
1795,1,car,0.1189,333.8,749.3,486.0,863.7
1796,2,large_vehicle,0.7644,333.7,749.2,486.0,863.8
1796,1,car,0.6600,560.8,487.0,651.5,539.2
1796,2,large_vehicle,0.4395,920.6,564.2,1097.5,722.9
1796,0,person,0.3212,1194.3,511.3,1217.3,573.3
1796,0,person,0.2221,1141.2,400.3,1152.6,427.5
1796,1,car,0.1889,953.1,416.8,1025.4,461.8
1796,2,large_vehicle,0.1558,953.1,416.8,1025.4,461.8
1796,2,large_vehicle,0.1489,560.8,487.0,651.5,539.2
1796,1,car,0.1201,333.7,749.2,486.0,863.8
1797,2,large_vehicle,0.7786,347.2,747.7,500.7,862.2
1797,1,car,0.5487,559.5,486.8,650.6,539.2
1797,0,person,0.3203,1194.3,511.1,1217.3,573.4
1797,2,large_vehicle,0.2849,559.5,486.8,650.6,539.2
1797,2,large_vehicle,0.1744,952.9,417.0,1025.4,461.7
1797,1,car,0.1708,952.9,417.0,1025.4,461.7
1797,1,car,0.1171,347.2,747.7,500.7,862.2
1798,2,large_vehicle,0.7766,347.2,747.7,500.7,862.3
1798,1,car,0.5249,559.6,486.6,650.9,539.2
1798,0,person,0.3851,1194.4,511.7,1217.1,573.5
1798,2,large_vehicle,0.3071,559.6,486.6,650.9,539.2
1798,2,large_vehicle,0.1743,952.5,416.9,1025.4,461.7
1798,1,car,0.1709,952.5,416.9,1025.4,461.7
1798,1,car,0.1210,347.2,747.7,500.7,862.3
1799,2,large_vehicle,0.7732,347.2,747.7,500.7,862.2
1799,1,car,0.4655,560.0,486.9,650.3,539.2
1799,2,large_vehicle,0.3561,560.0,486.9,650.3,539.2
1799,0,person,0.3262,1194.4,512.1,1217.2,573.3
1799,1,car,0.1711,952.5,416.7,1025.7,461.7
1799,2,large_vehicle,0.1611,952.5,416.7,1025.7,461.7
1799,1,car,0.1236,347.2,747.7,500.7,862.2
1800,2,large_vehicle,0.8271,357.4,745.5,515.2,861.1
1800,2,large_vehicle,0.7109,943.9,560.8,1110.3,710.3
1800,1,car,0.5553,560.2,486.8,652.7,539.2
1800,0,person,0.4099,1194.3,511.7,1217.3,573.2
1800,2,large_vehicle,0.2361,560.2,486.8,652.7,539.2
1800,2,large_vehicle,0.2241,952.0,416.1,1025.9,461.9
1800,1,car,0.2057,952.0,416.1,1025.9,461.9
1801,2,large_vehicle,0.8306,357.5,745.5,515.2,861.1
1801,2,large_vehicle,0.6983,943.9,560.8,1110.4,710.3
1801,1,car,0.5734,559.6,486.9,652.6,539.1
1801,0,person,0.3460,1194.3,512.0,1217.5,573.2
1801,2,large_vehicle,0.2666,952.0,416.1,1025.8,461.9
1801,2,large_vehicle,0.2229,559.6,486.9,652.6,539.1
1801,1,car,0.1999,952.0,416.1,1025.8,461.9
1802,2,large_vehicle,0.8293,372.7,742.9,529.3,859.9
1802,1,car,0.6744,557.9,486.7,651.6,539.2
1802,0,person,0.4113,1194.4,511.2,1217.5,573.4
1802,2,large_vehicle,0.3918,950.1,416.4,1025.5,462.0
1802,1,car,0.2169,950.1,416.4,1025.5,462.0
1802,2,large_vehicle,0.1545,557.9,486.7,651.6,539.2
1803,2,large_vehicle,0.8293,372.7,742.9,529.3,859.9
1803,1,car,0.6639,557.9,486.6,651.4,539.2
1803,0,person,0.4119,1194.4,511.1,1217.6,573.4
1803,2,large_vehicle,0.3966,950.2,416.4,1025.5,462.0
1803,1,car,0.2127,950.2,416.4,1025.5,462.0
1803,2,large_vehicle,0.1702,557.9,486.6,651.4,539.2
1804,2,large_vehicle,0.8312,372.7,742.9,529.3,859.9
1804,1,car,0.6701,557.3,486.3,650.6,539.3
1804,2,large_vehicle,0.3988,950.1,416.4,1025.4,462.0
1804,0,person,0.2887,1194.5,511.6,1217.4,573.4
1804,1,car,0.2153,950.1,416.4,1025.4,462.0
1804,2,large_vehicle,0.1707,557.3,486.3,650.6,539.3
1805,2,large_vehicle,0.8635,387.4,739.8,544.4,858.8
1805,1,car,0.6518,561.0,487.3,650.5,539.2
1805,2,large_vehicle,0.3537,952.8,416.2,1026.2,461.9
1805,2,large_vehicle,0.1859,561.0,487.3,650.5,539.2
1805,2,large_vehicle,0.1701,964.6,555.1,1126.5,701.1
1805,0,person,0.1506,1194.5,512.6,1216.8,573.3
1805,1,car,0.1157,952.8,416.2,1026.2,461.9
1806,2,large_vehicle,0.7978,396.8,737.5,557.6,856.4
1806,1,car,0.7044,559.0,486.8,651.2,539.3
1806,2,large_vehicle,0.4613,974.0,553.9,1136.5,698.7
1806,0,person,0.4218,1194.3,512.1,1217.2,573.5
1806,2,large_vehicle,0.2699,952.6,415.7,1025.9,461.8
1806,1,car,0.1530,952.6,415.7,1025.9,461.8
1806,2,large_vehicle,0.1406,559.0,486.8,651.2,539.3
1807,2,large_vehicle,0.7984,397.0,737.5,557.7,856.3
1807,1,car,0.6732,558.8,486.7,651.5,539.3
1807,2,large_vehicle,0.4931,974.0,553.9,1136.5,698.7
1807,0,person,0.4241,1194.3,511.7,1217.3,573.5
1807,2,large_vehicle,0.2647,953.4,415.8,1026.1,461.8
1807,2,large_vehicle,0.1693,558.8,486.7,651.5,539.3
1807,1,car,0.1477,953.4,415.8,1026.1,461.8
1808,2,large_vehicle,0.8038,397.0,737.5,557.6,856.3
1808,1,car,0.6324,559.0,487.0,650.9,539.3
1808,0,person,0.4969,1194.2,511.4,1217.3,573.6
1808,2,large_vehicle,0.4605,974.0,553.9,1136.4,698.6
1808,2,large_vehicle,0.2437,953.3,415.8,1026.1,461.8
1808,2,large_vehicle,0.2179,559.0,487.0,650.9,539.3
1808,1,car,0.1539,953.3,415.8,1026.1,461.8
1809,2,large_vehicle,0.8449,413.5,735.0,574.8,855.3
1809,1,car,0.5960,559.3,486.8,654.7,539.3
1809,0,person,0.4638,1194.3,511.5,1216.8,573.4
1809,2,large_vehicle,0.3662,983.8,551.4,1144.7,696.2
1809,2,large_vehicle,0.3026,952.3,416.3,1025.6,461.9
1809,2,large_vehicle,0.2093,559.3,486.8,654.7,539.3
1809,1,car,0.1682,952.3,416.3,1025.6,461.9
1810,2,large_vehicle,0.8425,413.5,735.0,574.9,855.3
1810,1,car,0.6476,559.2,486.9,656.0,539.2
1810,0,person,0.4673,1194.4,511.7,1216.7,573.3
1810,2,large_vehicle,0.3678,983.7,551.4,1144.8,696.1
1810,2,large_vehicle,0.2857,952.4,416.5,1025.8,461.9
1810,1,car,0.1677,952.4,416.5,1025.8,461.9
1810,2,large_vehicle,0.1495,559.2,486.9,656.0,539.2
1811,2,large_vehicle,0.7860,429.2,733.2,590.0,853.3
1811,1,car,0.7285,558.3,486.9,653.3,539.4
1811,2,large_vehicle,0.5729,991.7,549.9,1151.2,691.6
1811,2,large_vehicle,0.3113,950.0,416.0,1025.7,462.0
1811,0,person,0.2996,1194.3,511.3,1217.0,573.2
1811,1,car,0.2084,950.0,416.0,1025.7,462.0
1811,1,car,0.1218,429.2,733.2,590.0,853.3
1812,2,large_vehicle,0.7867,429.2,733.2,590.0,853.3
1812,1,car,0.7256,558.4,486.9,653.0,539.4
1812,2,large_vehicle,0.5679,991.7,549.9,1151.2,691.6
1812,2,large_vehicle,0.3156,950.0,416.0,1025.8,462.0
1812,0,person,0.3020,1194.3,511.4,1217.0,573.4
1812,1,car,0.2135,950.0,416.0,1025.8,462.0
1812,1,car,0.1218,429.2,733.2,590.0,853.3
1813,2,large_vehicle,0.7864,429.2,733.2,590.0,853.3
1813,1,car,0.7201,558.8,486.9,653.1,539.4
1813,2,large_vehicle,0.5722,991.6,549.9,1150.9,691.6
1813,0,person,0.3527,1194.3,511.5,1216.8,573.2
1813,2,large_vehicle,0.3493,950.0,416.2,1025.8,462.1
1813,1,car,0.2406,950.0,416.2,1025.8,462.1
1813,1,car,0.1219,429.2,733.2,590.0,853.3
1814,1,car,0.7163,560.9,487.3,654.5,539.2
1814,2,large_vehicle,0.6600,440.1,730.2,603.2,850.8
1814,2,large_vehicle,0.6197,1002.3,547.9,1154.1,688.9
1814,0,person,0.4544,1194.6,511.9,1217.3,573.3
1814,2,large_vehicle,0.2761,953.1,416.8,1026.3,461.8
1814,1,car,0.2481,440.1,730.2,603.2,850.8
1814,1,car,0.1954,953.1,416.8,1026.3,461.8
1814,0,person,0.1687,455.9,505.2,472.8,557.3
1815,1,car,0.7226,560.7,487.3,654.6,539.2
1815,2,large_vehicle,0.6518,439.5,730.3,603.1,850.8
1815,2,large_vehicle,0.6285,1002.4,547.9,1154.1,688.9
1815,0,person,0.3871,1194.6,512.0,1216.9,573.2
1815,2,large_vehicle,0.2789,953.1,416.8,1026.1,461.8
1815,1,car,0.2529,439.5,730.3,603.1,850.8
1815,1,car,0.1940,953.1,416.8,1026.1,461.8
1815,0,person,0.1767,455.9,505.3,472.8,557.3
1816,2,large_vehicle,0.7634,456.0,727.5,618.3,847.4
1816,1,car,0.5875,559.6,486.7,652.5,539.2
1816,2,large_vehicle,0.4940,1011.5,544.6,1162.6,685.9
1816,0,person,0.4270,1194.8,512.4,1216.9,573.3
1816,2,large_vehicle,0.3090,954.3,417.2,1025.7,461.8
1816,2,large_vehicle,0.2383,559.6,486.7,652.5,539.2
1816,1,car,0.1889,954.3,417.2,1025.7,461.8
1817,2,large_vehicle,0.7743,455.9,727.5,618.3,847.4
1817,2,large_vehicle,0.5137,1011.5,544.5,1162.2,685.9
1817,1,car,0.4461,560.0,486.5,652.7,539.2
1817,0,person,0.3763,1194.7,512.2,1216.9,572.9
1817,2,large_vehicle,0.3591,560.0,486.5,652.7,539.2
1817,2,large_vehicle,0.2675,954.3,417.4,1025.5,461.8
1817,1,car,0.1669,954.3,417.4,1025.5,461.8
1818,2,large_vehicle,0.7683,456.1,727.5,618.3,847.4
1818,2,large_vehicle,0.5233,1011.5,544.5,1162.2,685.9
1818,1,car,0.4434,560.0,486.5,652.7,539.2
1818,0,person,0.3962,1194.7,512.1,1216.9,573.0
1818,2,large_vehicle,0.3625,560.0,486.5,652.7,539.2
1818,2,large_vehicle,0.2873,954.3,417.4,1025.5,461.8
1818,1,car,0.1529,954.3,417.4,1025.5,461.8
1819,2,large_vehicle,0.8146,473.0,725.3,633.7,845.5
1819,2,large_vehicle,0.7504,1019.6,542.6,1169.2,682.9
1819,1,car,0.5927,559.9,486.9,656.1,539.1
1819,0,person,0.3101,1194.9,512.9,1216.6,573.0
1819,2,large_vehicle,0.3053,952.6,417.7,1025.4,461.8
1819,0,person,0.2353,454.1,501.1,472.4,556.6
1819,2,large_vehicle,0.1885,559.9,486.9,656.1,539.1
1819,1,car,0.1815,952.6,417.7,1025.4,461.8
1820,2,large_vehicle,0.8186,473.0,725.3,633.7,845.4
1820,2,large_vehicle,0.7469,1019.6,542.5,1169.2,682.8
1820,1,car,0.5953,560.3,486.9,656.9,539.1
1820,2,large_vehicle,0.3585,952.8,417.6,1025.5,461.9
1820,0,person,0.3186,1194.8,512.5,1216.3,572.9
1820,0,person,0.2410,453.7,499.7,472.6,556.6
1820,1,car,0.2114,952.8,417.6,1025.5,461.9
1820,2,large_vehicle,0.1885,560.3,486.9,656.9,539.1
1821,2,large_vehicle,0.7716,486.3,722.0,647.9,842.9
1821,1,car,0.7410,558.7,486.8,651.2,539.3
1821,2,large_vehicle,0.5840,1028.9,540.7,1175.8,678.1
1821,0,person,0.4087,1194.7,511.4,1216.5,572.6
1821,2,large_vehicle,0.3861,951.1,417.1,1025.4,461.9
1821,1,car,0.2125,951.1,417.1,1025.4,461.9
1822,2,large_vehicle,0.7871,486.3,722.0,647.7,842.9
1822,1,car,0.7518,559.0,486.6,652.0,539.3
1822,2,large_vehicle,0.6043,1028.9,540.7,1175.8,678.1
1822,0,person,0.4315,1194.7,511.3,1216.2,572.8
1822,2,large_vehicle,0.4080,951.1,417.3,1025.5,461.9
1822,1,car,0.1969,951.1,417.3,1025.5,461.9
1823,1,car,0.7761,558.8,486.9,651.4,539.3
1823,2,large_vehicle,0.7715,486.2,722.0,647.8,842.9
1823,2,large_vehicle,0.5915,1028.9,540.8,1175.7,678.1
1823,0,person,0.4340,1194.8,511.7,1216.3,572.5
1823,2,large_vehicle,0.3914,951.0,416.9,1025.6,461.9
1823,1,car,0.1759,951.0,416.9,1025.6,461.9
1824,2,large_vehicle,0.7746,502.0,722.3,664.9,839.9
1824,1,car,0.7279,561.1,487.3,654.8,539.2
1824,2,large_vehicle,0.5121,1036.2,538.7,1180.4,674.4
1824,2,large_vehicle,0.3420,953.0,417.3,1025.5,461.7
1824,0,person,0.2998,1194.9,512.5,1216.0,572.7
1824,1,car,0.1305,953.0,417.3,1025.5,461.7
1825,2,large_vehicle,0.7752,502.0,722.6,664.9,839.9
1825,1,car,0.7372,560.5,487.3,653.7,539.2
1825,2,large_vehicle,0.5079,1036.2,538.8,1180.3,674.4
1825,2,large_vehicle,0.3219,952.3,417.4,1025.6,461.8
1825,0,person,0.2774,1194.9,512.7,1216.0,572.5
1825,1,car,0.1428,952.3,417.4,1025.6,461.8
1826,2,large_vehicle,0.6770,517.6,715.5,678.7,838.0
1826,1,car,0.6455,559.9,486.6,655.8,539.2
1826,2,large_vehicle,0.3845,1044.7,537.0,1186.8,670.5
1826,2,large_vehicle,0.2740,953.9,417.3,1025.6,461.8
1826,0,person,0.2502,1195.3,513.8,1215.9,572.8
1826,1,car,0.2459,517.6,715.5,678.7,838.0
1826,2,large_vehicle,0.1642,559.9,486.6,655.8,539.2
1826,1,car,0.1301,953.9,417.3,1025.6,461.8
1827,2,large_vehicle,0.6747,517.6,715.5,678.7,838.0
1827,1,car,0.6558,559.9,486.5,655.9,539.2
1827,2,large_vehicle,0.3840,1044.7,537.0,1186.8,670.5
1827,2,large_vehicle,0.2684,953.9,417.3,1025.6,461.8
1827,1,car,0.2482,517.6,715.5,678.7,838.0
1827,0,person,0.2363,1195.2,513.9,1215.9,572.8
1827,2,large_vehicle,0.1540,559.9,486.5,655.9,539.2
1827,1,car,0.1241,953.9,417.3,1025.6,461.8
1828,2,large_vehicle,0.6834,517.6,715.6,678.7,838.0
1828,1,car,0.6553,559.8,486.6,656.2,539.2
1828,2,large_vehicle,0.4062,1044.7,537.0,1186.8,670.4
1828,2,large_vehicle,0.2468,953.6,417.5,1025.7,461.8
1828,1,car,0.2381,517.6,715.6,678.7,838.0
1828,0,person,0.2350,1195.3,514.3,1215.9,572.9
1828,2,large_vehicle,0.1556,559.8,486.6,656.2,539.2
1828,1,car,0.1336,953.6,417.5,1025.7,461.8
1829,1,car,0.6980,558.3,486.4,658.0,539.2
1829,2,large_vehicle,0.5293,1054.4,534.2,1192.2,667.9
1829,1,car,0.4590,531.3,712.5,692.9,834.2
1829,2,large_vehicle,0.4297,531.3,712.5,692.9,834.2
1829,2,large_vehicle,0.3352,952.6,417.2,1025.6,461.9
1829,0,person,0.1595,1195.3,513.2,1215.9,572.5
1830,1,car,0.7503,559.2,486.4,653.5,539.2
1830,2,large_vehicle,0.5103,546.9,709.1,709.0,830.9
1830,2,large_vehicle,0.4253,1060.9,533.0,1197.6,665.2
1830,2,large_vehicle,0.3939,952.1,416.5,1025.7,461.9
1830,1,car,0.3586,546.9,709.1,709.0,830.9
1830,1,car,0.1289,952.1,416.5,1025.7,461.9
1831,1,car,0.7584,559.5,486.5,654.9,539.2
1831,2,large_vehicle,0.5223,546.9,709.1,708.9,830.9
1831,2,large_vehicle,0.4419,1060.8,532.9,1197.6,665.2
1831,2,large_vehicle,0.4365,951.6,416.3,1025.7,461.9
1831,1,car,0.3458,546.9,709.1,708.9,830.9
1831,1,car,0.1183,951.6,416.3,1025.7,461.9
1832,1,car,0.7614,560.6,486.9,654.6,539.1
1832,2,large_vehicle,0.4907,546.9,709.1,708.9,830.9
1832,2,large_vehicle,0.4153,1060.8,532.9,1197.4,665.1
1832,2,large_vehicle,0.4071,951.6,416.5,1025.6,461.8
1832,1,car,0.3783,546.9,709.1,708.9,830.9
1832,1,car,0.1170,951.6,416.5,1025.6,461.8
1833,1,car,0.7453,559.7,486.5,652.7,539.1
1833,2,large_vehicle,0.4480,561.0,705.8,724.4,828.2
1833,2,large_vehicle,0.3561,1067.6,529.9,1204.2,660.4
1833,2,large_vehicle,0.3067,952.5,416.6,1025.7,461.7
1833,1,car,0.1803,561.0,705.8,724.4,828.2
1833,0,person,0.1299,450.2,505.1,469.2,555.7
1834,1,car,0.7487,559.7,486.7,654.4,539.1
1834,2,large_vehicle,0.4525,561.1,705.8,724.6,828.2
1834,2,large_vehicle,0.3425,1067.5,529.9,1204.3,660.5
1834,2,large_vehicle,0.2939,952.6,416.9,1025.6,461.7
1834,1,car,0.1835,561.1,705.8,724.6,828.2
1834,0,person,0.1276,450.2,504.9,469.2,555.7
1835,1,car,0.5911,560.1,486.6,652.4,539.1
1835,2,large_vehicle,0.5584,576.9,702.7,738.9,824.5
1835,2,large_vehicle,0.2660,1077.4,528.5,1208.7,656.7
1835,2,large_vehicle,0.2472,560.1,486.6,652.4,539.1
1835,2,large_vehicle,0.2341,953.7,416.6,1025.5,461.6
1835,1,car,0.1226,576.9,702.7,738.9,824.5
1836,1,car,0.5916,560.2,486.6,652.5,539.1
1836,2,large_vehicle,0.5594,577.0,702.7,738.9,824.5
1836,2,large_vehicle,0.2662,1077.5,528.5,1208.7,656.7
1836,2,large_vehicle,0.2468,560.2,486.6,652.5,539.1
1836,2,large_vehicle,0.2334,953.8,416.6,1025.5,461.6
1836,1,car,0.1230,577.0,702.7,738.9,824.5
1837,1,car,0.5974,560.2,486.6,652.3,539.1
1837,2,large_vehicle,0.5626,576.9,702.7,738.9,824.5
1837,2,large_vehicle,0.2749,1077.5,528.6,1208.6,656.8
1837,2,large_vehicle,0.2569,953.7,416.7,1025.5,461.6
1837,2,large_vehicle,0.2456,560.2,486.6,652.3,539.1
1837,1,car,0.1260,576.9,702.7,738.9,824.5
1837,1,car,0.1026,953.7,416.7,1025.5,461.6
1838,2,large_vehicle,0.6860,590.3,698.2,754.6,822.3
1838,1,car,0.6536,559.8,486.9,657.0,539.0
1838,0,person,0.4326,448.9,511.8,466.1,555.4
1838,2,large_vehicle,0.3995,1085.0,526.4,1211.4,653.9
1838,2,large_vehicle,0.3957,952.2,416.4,1025.5,461.7
1838,1,car,0.1751,590.3,698.2,754.6,822.3
1838,2,large_vehicle,0.1531,559.8,486.9,657.0,539.0
1838,1,car,0.1497,952.2,416.4,1025.5,461.7
1839,2,large_vehicle,0.6815,590.2,698.2,754.6,822.2
1839,1,car,0.6570,559.9,486.9,656.9,539.0
1839,0,person,0.4551,448.8,511.9,466.4,555.5
1839,2,large_vehicle,0.4004,952.2,416.2,1025.6,461.7
1839,2,large_vehicle,0.3869,1085.0,526.3,1211.4,654.1
1839,1,car,0.1814,590.2,698.2,754.6,822.2
1839,1,car,0.1492,952.2,416.2,1025.6,461.7
1839,2,large_vehicle,0.1492,559.9,486.9,656.9,539.0
1840,1,car,0.7589,559.6,486.5,659.4,539.1
1840,2,large_vehicle,0.6330,607.6,694.3,772.4,818.5
1840,0,person,0.4894,448.3,507.0,465.4,554.3
1840,2,large_vehicle,0.4418,951.0,416.5,1025.7,461.9
1840,1,car,0.1817,951.0,416.5,1025.7,461.9
1840,2,large_vehicle,0.1401,1091.0,525.3,1217.6,651.9
1840,1,car,0.1357,607.6,694.3,772.4,818.5
1841,1,car,0.7826,559.4,486.6,659.1,539.1
1841,2,large_vehicle,0.6152,607.7,694.3,771.5,818.5
1841,0,person,0.5176,448.3,507.7,465.0,554.4
1841,2,large_vehicle,0.4142,950.8,416.3,1025.9,461.9
1841,1,car,0.1890,950.8,416.3,1025.9,461.9
1841,1,car,0.1497,607.7,694.3,771.5,818.5
1841,2,large_vehicle,0.1472,1091.1,525.2,1217.6,651.9
1842,1,car,0.7836,559.5,486.5,659.5,539.1
1842,2,large_vehicle,0.6111,607.7,694.3,771.6,818.5
1842,0,person,0.5172,448.3,507.7,465.1,554.5
1842,2,large_vehicle,0.4091,950.8,416.4,1025.9,461.9
1842,1,car,0.1967,950.8,416.4,1025.9,461.9
1842,2,large_vehicle,0.1498,1091.1,525.2,1217.6,651.9
1842,1,car,0.1494,607.7,694.3,771.6,818.5
1843,2,large_vehicle,0.7374,622.2,690.5,781.9,815.0
1843,1,car,0.6945,560.5,486.8,658.0,539.1
1843,0,person,0.4624,447.9,507.3,463.7,551.0
1843,2,large_vehicle,0.3229,953.1,416.5,1026.2,461.8
1843,1,car,0.1533,953.1,416.5,1026.2,461.8
1843,1,car,0.1465,622.2,690.5,781.9,815.0
1843,2,large_vehicle,0.1208,560.5,486.8,658.0,539.1
1844,2,large_vehicle,0.7311,622.1,690.5,781.9,815.0
1844,1,car,0.7027,560.4,486.7,657.6,539.0
1844,0,person,0.4547,447.9,506.9,463.8,551.1
1844,2,large_vehicle,0.2820,953.2,416.2,1026.4,461.7
1844,1,car,0.1524,622.1,690.5,781.9,815.0
1844,1,car,0.1432,953.2,416.2,1026.4,461.7
1844,2,large_vehicle,0.1183,560.4,486.7,657.6,539.0
1845,2,large_vehicle,0.7554,637.0,686.9,798.7,811.5
1845,1,car,0.6182,560.2,486.8,655.4,539.1
1845,0,person,0.5743,447.1,509.9,462.8,552.9
1845,2,large_vehicle,0.2906,953.6,416.1,1026.4,461.6
1845,2,large_vehicle,0.2133,1104.9,520.0,1280.8,644.2
1845,2,large_vehicle,0.1955,560.2,486.8,655.4,539.1
1845,1,car,0.1610,953.6,416.1,1026.4,461.6
1846,2,large_vehicle,0.7632,637.0,686.9,798.5,811.5
1846,1,car,0.6474,560.1,486.6,657.9,539.1
1846,0,person,0.5880,447.0,509.8,462.8,552.8
1846,2,large_vehicle,0.2655,953.7,416.3,1026.5,461.6
1846,2,large_vehicle,0.2252,1104.9,520.1,1280.7,644.2
1846,1,car,0.1742,953.7,416.3,1026.5,461.6
1846,2,large_vehicle,0.1694,560.1,486.6,657.9,539.1
1847,2,large_vehicle,0.7549,637.0,686.9,798.7,811.5
1847,1,car,0.6618,559.7,486.6,661.1,539.1
1847,0,person,0.5787,447.1,510.0,462.9,552.9
1847,2,large_vehicle,0.3049,953.5,416.1,1026.5,461.6
1847,2,large_vehicle,0.2157,1105.0,520.1,1283.1,644.2
1847,1,car,0.1596,953.5,416.1,1026.5,461.6
1847,2,large_vehicle,0.1482,559.7,486.6,661.1,539.1
1848,1,car,0.6928,559.7,486.8,662.5,539.0
1848,2,large_vehicle,0.6794,652.1,684.1,812.5,807.7
1848,0,person,0.5200,446.8,508.2,462.3,552.6
1848,2,large_vehicle,0.3619,952.7,416.0,1026.4,461.7
1848,1,car,0.2032,952.7,416.0,1026.4,461.7
1848,2,large_vehicle,0.1599,1111.6,520.1,1268.5,642.4
1848,2,large_vehicle,0.1236,559.7,486.8,662.5,539.0
1848,1,car,0.1195,652.1,684.1,812.5,807.7
1849,1,car,0.7014,559.7,487.0,661.9,539.0
1849,2,large_vehicle,0.6846,652.2,684.1,812.5,807.7
1849,0,person,0.5233,446.8,508.2,462.3,552.6
1849,2,large_vehicle,0.3519,952.7,416.1,1026.4,461.7
1849,1,car,0.2046,952.7,416.1,1026.4,461.7
1849,2,large_vehicle,0.1926,1111.6,520.0,1269.4,642.4
1849,1,car,0.1199,652.2,684.1,812.5,807.7
1849,2,large_vehicle,0.1135,559.7,487.0,661.9,539.0
1850,2,large_vehicle,0.7860,666.5,681.8,825.5,800.8
1850,1,car,0.7215,559.4,486.9,659.2,538.9
1850,0,person,0.4574,446.3,506.8,461.7,553.1
1850,2,large_vehicle,0.4466,951.5,416.0,1026.1,461.7
1850,1,car,0.1785,951.5,416.0,1026.1,461.7
1850,1,car,0.1599,1246.0,474.8,1318.0,520.9
1850,1,car,0.1211,666.5,681.8,825.5,800.8
1851,2,large_vehicle,0.7861,666.5,681.8,825.4,800.8
1851,1,car,0.7178,559.5,486.9,658.9,538.9
1851,0,person,0.4602,446.3,506.8,461.7,553.1
1851,2,large_vehicle,0.4222,951.5,416.1,1025.9,461.7
1851,1,car,0.1786,951.5,416.1,1025.9,461.7
1851,1,car,0.1603,1246.0,474.7,1317.9,520.9
1851,1,car,0.1209,666.5,681.8,825.4,800.8
1851,2,large_vehicle,0.1051,559.5,486.9,658.9,538.9
1852,2,large_vehicle,0.7858,666.6,681.8,825.5,800.8
1852,1,car,0.7382,559.6,486.9,658.7,538.9
1852,0,person,0.4633,446.3,506.7,461.7,553.1
1852,2,large_vehicle,0.4358,951.5,416.1,1026.1,461.7
1852,1,car,0.2035,951.5,416.1,1026.1,461.7
1852,1,car,0.1613,1246.2,474.7,1318.1,520.9
1852,1,car,0.1186,666.6,681.8,825.5,800.8
1853,2,large_vehicle,0.7956,681.9,678.3,839.7,798.4
1853,1,car,0.7524,559.9,486.5,664.6,539.0
1853,0,person,0.3989,1119.3,403.1,1132.6,434.2
1853,2,large_vehicle,0.2971,952.7,415.6,1026.4,461.5
1853,0,person,0.2178,445.7,506.4,461.3,553.1
1853,1,car,0.2178,952.7,415.6,1026.4,461.5
1854,2,large_vehicle,0.7830,697.1,674.3,852.9,793.2
1854,1,car,0.6036,559.4,486.1,653.0,539.1
1854,0,person,0.5410,444.8,508.2,460.6,553.4
1854,2,large_vehicle,0.4515,1130.3,509.4,1341.0,631.9
1854,2,large_vehicle,0.2628,952.8,415.7,1026.1,461.6
1854,2,large_vehicle,0.2304,559.4,486.1,653.0,539.1
1854,1,car,0.1749,952.8,415.7,1026.1,461.6
1854,0,person,0.1649,902.0,447.4,918.2,488.9
1854,1,car,0.1158,697.1,674.3,852.9,793.2
1855,2,large_vehicle,0.7815,697.1,674.5,852.9,793.2
1855,1,car,0.5487,559.4,486.1,652.9,539.1
1855,0,person,0.5447,444.8,508.2,460.6,553.4
1855,2,large_vehicle,0.4514,1130.3,509.4,1341.1,631.9
1855,2,large_vehicle,0.2851,559.4,486.1,652.9,539.1
1855,2,large_vehicle,0.2401,953.0,415.6,1026.2,461.6
1855,1,car,0.1695,953.0,415.6,1026.2,461.6
1855,0,person,0.1400,902.1,447.5,918.2,488.9
1855,1,car,0.1180,697.1,674.5,852.9,793.2
1856,2,large_vehicle,0.7777,697.1,674.3,852.9,793.3
1856,0,person,0.5636,445.0,508.0,460.7,553.6
1856,1,car,0.5501,559.2,486.1,652.9,539.1
1856,2,large_vehicle,0.4532,1130.3,508.8,1341.2,631.9
1856,2,large_vehicle,0.2861,559.2,486.1,652.9,539.1
1856,2,large_vehicle,0.2255,953.1,415.7,1026.3,461.7
1856,1,car,0.1885,953.1,415.7,1026.3,461.7
1856,1,car,0.1238,697.1,674.3,852.9,793.3
1857,1,car,0.5962,559.7,486.5,657.1,539.0
1857,2,large_vehicle,0.5786,711.0,671.3,865.4,790.0
1857,0,person,0.4604,444.3,507.4,460.5,552.3
1857,1,car,0.3462,711.0,671.3,865.4,790.0
1857,0,person,0.3209,1115.9,404.2,1130.0,432.4
1857,2,large_vehicle,0.2664,951.8,415.8,1026.4,461.5
1857,2,large_vehicle,0.2572,1136.6,490.7,1342.0,630.6
1857,2,large_vehicle,0.2209,559.7,486.5,657.1,539.0
1857,1,car,0.2121,951.8,415.8,1026.4,461.5
1857,0,person,0.1701,901.6,448.1,918.3,488.9
1858,2,large_vehicle,0.5963,710.9,671.3,865.5,790.1
1858,1,car,0.5803,558.9,486.3,657.2,539.1
1858,0,person,0.4776,444.3,507.4,460.5,552.3
1858,0,person,0.3339,1115.9,404.2,1130.0,432.5
1858,1,car,0.3281,710.9,671.3,865.5,790.1
1858,2,large_vehicle,0.2779,1136.5,489.7,1342.0,630.7
1858,2,large_vehicle,0.2547,952.7,415.7,1026.8,461.5
1858,2,large_vehicle,0.2361,558.9,486.3,657.2,539.1
1858,1,car,0.2100,952.7,415.7,1026.8,461.5
1858,0,person,0.1973,901.6,448.0,918.3,488.9
1859,2,large_vehicle,0.7906,724.0,667.5,878.9,785.7
1859,1,car,0.7373,559.6,486.5,656.3,539.1
1859,2,large_vehicle,0.4205,1143.9,486.5,1342.0,625.8
1859,2,large_vehicle,0.3868,950.9,415.4,1026.5,461.6
1859,0,person,0.2519,444.0,508.2,460.8,552.0
1859,1,car,0.2081,950.9,415.4,1026.5,461.6
1859,1,car,0.1200,724.0,667.5,878.9,785.7
1860,2,large_vehicle,0.7905,724.0,667.5,878.9,785.7
1860,1,car,0.7319,559.7,486.6,655.8,539.1
1860,2,large_vehicle,0.4200,1143.9,486.4,1342.0,625.8
1860,2,large_vehicle,0.3844,950.9,415.4,1026.5,461.6
1860,0,person,0.2536,444.0,508.2,460.8,552.0
1860,1,car,0.2114,950.9,415.4,1026.5,461.6
1860,1,car,0.1191,724.0,667.5,878.9,785.7
1861,2,large_vehicle,0.7964,724.0,667.5,878.8,785.7
1861,1,car,0.7368,559.4,486.2,653.0,539.2
1861,2,large_vehicle,0.4053,1143.9,486.4,1342.0,625.8
1861,2,large_vehicle,0.3957,951.1,415.4,1026.7,461.6
1861,0,person,0.2503,443.9,508.1,460.9,552.0
1861,1,car,0.2395,951.1,415.4,1026.7,461.6
1861,1,car,0.1126,724.0,667.5,878.8,785.7
1862,2,large_vehicle,0.8104,739.6,662.9,891.0,780.3
1862,1,car,0.6832,560.2,486.6,653.8,539.1
1862,2,large_vehicle,0.3235,953.6,415.5,1026.4,461.5
1862,0,person,0.2255,443.8,509.9,460.5,551.1
1862,1,car,0.1484,953.6,415.5,1026.4,461.5
1862,2,large_vehicle,0.1447,560.2,486.6,653.8,539.1
1862,2,large_vehicle,0.1104,1147.9,483.5,1342.0,623.2
1863,2,large_vehicle,0.8170,739.7,663.1,891.0,780.2
1863,1,car,0.6743,560.1,486.6,653.2,539.1
1863,2,large_vehicle,0.3212,953.6,415.6,1026.4,461.5
1863,0,person,0.2297,443.8,509.8,460.7,551.1
1863,2,large_vehicle,0.1568,560.1,486.6,653.2,539.1
1863,1,car,0.1532,953.6,415.6,1026.4,461.5
1863,2,large_vehicle,0.1051,1148.0,484.0,1342.0,622.9
1864,2,large_vehicle,0.7723,751.0,662.1,904.0,775.8
1864,1,car,0.7005,558.8,486.7,653.4,539.0
1864,2,large_vehicle,0.6002,1154.8,485.1,1342.0,621.0
1864,0,person,0.3522,443.3,507.7,460.0,551.9
1864,2,large_vehicle,0.2505,953.8,415.4,1026.5,461.3
1864,1,car,0.2222,953.8,415.4,1026.5,461.3
1864,1,car,0.1291,751.0,662.1,904.0,775.8
1864,2,large_vehicle,0.1204,558.8,486.7,653.4,539.0
1865,2,large_vehicle,0.7792,751.3,662.1,904.1,775.8
1865,1,car,0.6939,558.9,486.6,654.5,539.0
1865,2,large_vehicle,0.5924,1154.7,486.0,1342.0,621.0
1865,0,person,0.3597,443.2,508.2,459.9,551.8
1865,2,large_vehicle,0.2871,953.8,415.4,1026.5,461.3
1865,1,car,0.1802,953.8,415.4,1026.5,461.3
1865,2,large_vehicle,0.1323,558.9,486.6,654.5,539.0
1865,1,car,0.1244,751.3,662.1,904.1,775.8
1866,2,large_vehicle,0.7732,750.9,662.1,904.0,775.8
1866,1,car,0.6852,558.9,486.8,653.1,539.0
1866,2,large_vehicle,0.5962,1154.8,486.2,1342.0,621.0
1866,0,person,0.3570,443.3,508.2,460.0,551.8
1866,2,large_vehicle,0.2862,953.9,415.4,1026.4,461.3
1866,1,car,0.1765,953.9,415.4,1026.4,461.3
1866,2,large_vehicle,0.1408,558.9,486.8,653.1,539.0
1866,1,car,0.1289,750.9,662.1,904.0,775.8
1867,2,large_vehicle,0.8668,767.8,658.4,916.7,772.3
1867,1,car,0.7038,560.0,486.8,664.0,538.9
1867,2,large_vehicle,0.5294,1160.6,484.3,1341.9,618.7
1867,2,large_vehicle,0.3395,952.7,415.5,1026.5,461.3
1867,0,person,0.3085,443.0,509.0,459.6,550.9
1867,1,car,0.1163,952.7,415.5,1026.5,461.3
1867,2,large_vehicle,0.1109,560.0,486.8,664.0,538.9
1868,2,large_vehicle,0.8659,767.7,658.3,916.7,772.3
1868,1,car,0.6983,560.5,486.9,663.6,538.9
1868,2,large_vehicle,0.5110,1160.5,486.2,1341.9,618.7
1868,2,large_vehicle,0.3398,952.8,415.6,1026.1,461.3
1868,0,person,0.2849,442.9,509.2,459.6,550.6
1868,2,large_vehicle,0.1178,560.5,486.9,663.6,538.9
1868,1,car,0.1036,952.8,415.6,1026.1,461.3
1869,2,large_vehicle,0.8586,781.0,655.3,930.9,767.6
1869,1,car,0.7380,559.8,486.9,654.3,538.9
1869,2,large_vehicle,0.5267,1167.2,476.7,1341.1,615.7
1869,2,large_vehicle,0.4186,950.7,415.7,1025.9,461.4
1869,0,person,0.3021,442.2,509.7,459.7,551.8
1869,1,car,0.1639,950.7,415.7,1025.9,461.4
1870,2,large_vehicle,0.8610,781.0,655.3,930.9,767.7
1870,1,car,0.7320,559.6,486.8,653.1,538.9
1870,2,large_vehicle,0.4983,1167.1,477.1,1341.2,615.8
1870,2,large_vehicle,0.4125,950.6,415.7,1026.0,461.4
1870,0,person,0.2961,442.2,509.6,459.8,551.9
1870,1,car,0.1554,950.6,415.7,1026.0,461.4
1870,2,large_vehicle,0.1007,559.6,486.8,653.1,538.9
1871,2,large_vehicle,0.8572,781.0,655.4,930.9,767.6
1871,1,car,0.7531,560.0,486.9,655.2,538.9
1871,2,large_vehicle,0.5131,1167.2,476.6,1341.2,615.8
1871,2,large_vehicle,0.3513,950.9,415.9,1025.7,461.3
1871,0,person,0.2503,442.1,509.7,459.8,551.7
1871,1,car,0.1580,950.9,415.9,1025.7,461.3
1872,1,car,0.7732,561.5,486.9,660.8,538.8
1872,2,large_vehicle,0.7412,793.2,653.5,943.4,764.2
1872,2,large_vehicle,0.3219,952.8,415.7,1025.7,461.3
1872,2,large_vehicle,0.2670,1172.2,503.1,1273.2,611.3
1872,0,person,0.2105,442.4,509.4,459.5,550.6
1872,1,car,0.1791,952.8,415.7,1025.7,461.3
1872,1,car,0.1750,793.2,653.5,943.4,764.2
1872,2,large_vehicle,0.1463,1171.5,484.7,1341.6,612.3
1873,1,car,0.7822,561.1,487.0,660.6,538.8
1873,2,large_vehicle,0.7525,793.1,653.5,943.5,764.1
1873,2,large_vehicle,0.3097,953.2,415.7,1025.6,461.2
1873,2,large_vehicle,0.2351,1172.2,502.9,1273.8,611.2
1873,0,person,0.2120,442.4,509.5,459.4,550.5
1873,1,car,0.1630,953.2,415.7,1025.6,461.2
1873,1,car,0.1592,793.1,653.5,943.5,764.1
1873,2,large_vehicle,0.1571,1171.5,484.8,1341.6,612.3
1874,2,large_vehicle,0.8327,807.6,646.6,954.2,760.2
1874,1,car,0.5994,559.5,486.1,651.7,538.9
1874,2,large_vehicle,0.4963,1177.9,474.3,1338.8,607.6
1874,2,large_vehicle,0.3899,954.7,415.7,1026.2,461.1
1874,2,large_vehicle,0.3582,1178.6,500.6,1275.0,608.1
1874,0,person,0.2850,441.9,508.9,458.1,551.4
1874,2,large_vehicle,0.2416,559.5,486.1,651.7,538.9
1874,1,car,0.1481,954.7,415.7,1026.2,461.1
1875,2,large_vehicle,0.8332,807.6,646.6,954.2,760.2
1875,1,car,0.5800,559.6,486.1,651.9,538.9
1875,2,large_vehicle,0.4814,1177.9,474.4,1338.8,607.6
1875,2,large_vehicle,0.4008,954.7,415.6,1026.2,461.1
1875,2,large_vehicle,0.3592,1178.6,500.9,1274.8,608.0
1875,0,person,0.2865,441.9,508.9,458.1,551.4
1875,2,large_vehicle,0.2597,559.6,486.1,651.9,538.9
1875,1,car,0.1385,954.7,415.6,1026.2,461.1
1876,2,large_vehicle,0.8304,807.7,646.5,954.2,760.1
1876,1,car,0.6239,559.4,486.1,651.9,538.9
1876,2,large_vehicle,0.5303,1178.0,473.9,1339.1,607.8
1876,2,large_vehicle,0.3737,954.6,415.9,1026.3,461.1
1876,2,large_vehicle,0.3263,1178.6,500.2,1275.3,608.1
1876,0,person,0.2770,441.8,508.8,458.1,551.5
1876,2,large_vehicle,0.2149,559.4,486.1,651.9,538.9
1876,1,car,0.1692,954.6,415.9,1026.3,461.1
1877,2,large_vehicle,0.7710,820.3,646.0,965.9,755.9
1877,1,car,0.7372,560.4,487.1,653.4,538.8
1877,2,large_vehicle,0.6341,1182.2,473.5,1342.0,605.2
1877,2,large_vehicle,0.2832,953.6,415.7,1026.1,461.1
1877,0,person,0.2353,441.7,507.4,458.0,550.7
1877,1,car,0.1524,953.6,415.7,1026.1,461.1
1878,2,large_vehicle,0.7611,833.1,640.3,992.9,750.5
1878,1,car,0.7247,561.1,486.6,654.1,538.8
1878,2,large_vehicle,0.7066,1184.6,475.3,1342.0,603.4
1878,2,large_vehicle,0.4436,952.1,415.5,1026.3,461.1
1878,1,car,0.1540,952.1,415.5,1026.3,461.1
1878,0,person,0.1520,441.6,507.3,457.7,549.7
1878,2,large_vehicle,0.1255,1181.0,469.7,1309.0,551.1
1878,1,car,0.1233,833.1,640.3,992.9,750.5
1879,2,large_vehicle,0.7558,833.1,640.3,993.0,750.4
1879,1,car,0.7316,561.0,486.6,653.8,538.8
1879,2,large_vehicle,0.7090,1184.5,475.7,1342.0,603.3
1879,2,large_vehicle,0.4435,951.6,415.5,1026.2,461.1
1879,1,car,0.1682,951.6,415.5,1026.2,461.1
1879,0,person,0.1555,441.6,507.4,457.7,549.9
1879,1,car,0.1304,833.1,640.3,993.0,750.4
1880,2,large_vehicle,0.7605,833.1,640.3,993.0,750.5
1880,1,car,0.7042,561.0,486.6,651.5,538.7
1880,2,large_vehicle,0.6818,1184.1,474.9,1342.0,603.4
1880,2,large_vehicle,0.4127,952.0,415.2,1026.3,461.1
1880,1,car,0.1538,952.0,415.2,1026.3,461.1
1880,0,person,0.1397,441.6,507.2,457.8,549.9
1880,2,large_vehicle,0.1337,561.0,486.6,651.5,538.7
1880,1,car,0.1216,833.1,640.3,993.0,750.5
1881,2,large_vehicle,0.8150,1192.3,481.9,1342.0,600.4
1881,2,large_vehicle,0.7908,845.3,635.7,997.4,745.8
1881,1,car,0.7686,561.1,486.5,651.0,538.7
1881,2,large_vehicle,0.5358,1175.5,479.0,1304.4,556.2
1881,1,car,0.2959,953.2,414.9,1026.5,461.0
1881,2,large_vehicle,0.2831,953.2,414.9,1026.5,461.0
1881,0,person,0.1543,1103.1,399.1,1117.9,429.2
1882,2,large_vehicle,0.8178,1192.1,481.7,1342.0,600.4
1882,2,large_vehicle,0.7913,845.3,635.7,996.3,745.8
1882,1,car,0.7541,561.0,486.5,650.4,538.7
1882,2,large_vehicle,0.5311,1175.5,479.2,1305.0,556.2
1882,1,car,0.2854,953.3,414.9,1026.6,461.0
1882,2,large_vehicle,0.2551,953.3,414.9,1026.6,461.0
1882,0,person,0.1530,1103.0,398.8,1117.6,429.2
1883,2,large_vehicle,0.8175,1196.7,480.8,1341.1,596.8
1883,2,large_vehicle,0.7772,858.6,631.5,1010.9,741.9
1883,2,large_vehicle,0.7631,1168.7,476.5,1275.4,556.8
1883,1,car,0.6415,560.4,486.4,649.9,538.8
1883,2,large_vehicle,0.2690,954.2,415.3,1026.3,460.9
1883,2,large_vehicle,0.2090,560.4,486.4,649.9,538.8
1883,1,car,0.1496,954.2,415.3,1026.3,460.9
1884,2,large_vehicle,0.8144,1196.7,480.8,1341.1,596.8
1884,2,large_vehicle,0.7747,858.6,631.5,1011.0,741.9
1884,2,large_vehicle,0.7625,1168.7,476.4,1275.4,556.8
1884,1,car,0.6371,560.2,486.4,649.9,538.8
1884,2,large_vehicle,0.2733,954.3,415.2,1026.3,460.8
1884,2,large_vehicle,0.2132,560.2,486.4,649.9,538.8
1884,1,car,0.1436,954.3,415.2,1026.3,460.8
1885,2,large_vehicle,0.8252,1196.7,480.3,1341.5,596.8
1885,2,large_vehicle,0.7710,858.6,631.5,1010.9,741.9
1885,2,large_vehicle,0.7562,1168.7,476.7,1274.9,556.7
1885,1,car,0.6543,560.1,486.4,650.0,538.8
1885,2,large_vehicle,0.2507,954.1,415.2,1026.4,460.8
1885,2,large_vehicle,0.1941,560.1,486.4,650.0,538.8
1885,1,car,0.1364,954.1,415.2,1026.4,460.8
1886,2,large_vehicle,0.7732,871.0,627.7,1015.8,737.5
1886,1,car,0.7158,563.8,486.8,649.6,538.5
1886,2,large_vehicle,0.6989,1201.1,489.7,1328.3,593.5
1886,2,large_vehicle,0.5158,1161.4,487.2,1262.1,559.2
1886,2,large_vehicle,0.3802,953.5,415.3,1026.2,460.7
1886,1,car,0.2154,1161.4,487.2,1262.1,559.2
1886,1,car,0.1939,953.5,415.3,1026.2,460.7
1886,0,person,0.1663,1101.8,404.1,1116.4,434.2
1886,0,person,0.1362,438.6,503.5,454.2,546.1
1886,2,large_vehicle,0.1087,563.8,486.8,649.6,538.5
1887,2,large_vehicle,0.7804,871.0,627.6,1015.7,737.5
1887,1,car,0.7283,563.9,486.9,649.3,538.5
1887,2,large_vehicle,0.6895,1201.0,487.3,1329.2,593.6
1887,2,large_vehicle,0.5079,1161.4,488.1,1261.3,559.1
1887,2,large_vehicle,0.3906,953.5,415.2,1026.1,460.7
1887,1,car,0.2199,1161.4,488.1,1261.3,559.1
1887,1,car,0.1735,953.5,415.2,1026.1,460.7
1887,0,person,0.1654,1101.8,404.0,1116.4,434.1
1887,0,person,0.1284,438.8,503.6,454.1,546.1
1887,2,large_vehicle,0.1011,563.9,486.9,649.3,538.5
1888,2,large_vehicle,0.7327,1206.2,484.7,1326.5,592.8
1888,1,car,0.6988,561.6,486.0,649.6,538.5
1888,2,large_vehicle,0.5693,883.9,624.1,1024.5,733.2
1888,2,large_vehicle,0.4985,952.5,415.1,1026.5,460.6
1888,2,large_vehicle,0.4281,1154.3,494.1,1256.5,561.4
1888,1,car,0.3290,1154.3,494.1,1256.5,561.4
1888,2,large_vehicle,0.1377,561.6,486.0,649.6,538.5
1888,1,car,0.1185,952.5,415.1,1026.5,460.6
1888,0,person,0.1005,438.3,503.0,454.1,545.8
1889,1,car,0.7276,561.2,486.4,649.7,538.6
1889,2,large_vehicle,0.6043,883.9,624.1,1024.5,733.2
1889,2,large_vehicle,0.5884,1205.4,480.6,1336.2,593.6
1889,2,large_vehicle,0.4667,952.5,414.8,1026.8,460.6
1889,2,large_vehicle,0.4163,1154.1,493.8,1256.4,561.5
1889,1,car,0.3374,1154.1,493.8,1256.4,561.5
1889,2,large_vehicle,0.1895,1205.4,481.3,1334.4,593.2
1889,1,car,0.1452,952.5,414.8,1026.8,460.6
1889,0,person,0.1062,438.3,503.3,454.1,545.8
1889,2,large_vehicle,0.1048,561.2,486.4,649.7,538.6
1890,1,car,0.7111,561.8,486.4,649.5,538.6
1890,2,large_vehicle,0.6100,883.9,624.2,1024.5,733.2
1890,2,large_vehicle,0.5040,1206.2,481.4,1331.1,592.9
1890,2,large_vehicle,0.4830,952.5,415.0,1026.4,460.6
1890,2,large_vehicle,0.4111,1154.1,493.7,1256.4,561.5
1890,2,large_vehicle,0.3871,1205.4,480.7,1336.3,593.6
1890,1,car,0.3433,1154.1,493.7,1256.4,561.5
1890,2,large_vehicle,0.1684,1205.4,481.4,1334.3,593.2
1890,1,car,0.1489,952.5,415.0,1026.4,460.6
1890,2,large_vehicle,0.1178,561.8,486.4,649.5,538.6
1891,2,large_vehicle,0.7872,896.8,620.9,1034.3,729.2
1891,1,car,0.7683,565.1,486.7,649.7,538.5
1891,1,car,0.6866,1147.7,502.2,1242.0,564.1
1891,2,large_vehicle,0.6420,1211.2,480.0,1340.5,590.8
1891,2,large_vehicle,0.4608,953.8,415.3,1026.7,460.6
1891,0,person,0.2580,1098.5,405.4,1112.9,435.4
1891,2,large_vehicle,0.1569,1147.7,502.2,1242.0,564.1
1891,1,car,0.1353,953.8,415.3,1026.7,460.6
1892,2,large_vehicle,0.7879,896.8,620.8,1035.1,729.2
1892,1,car,0.7539,565.4,486.7,649.9,538.5
1892,1,car,0.6797,1147.7,502.2,1242.1,564.1
1892,2,large_vehicle,0.6357,1211.3,481.1,1340.7,590.9
1892,2,large_vehicle,0.4526,954.1,415.2,1026.8,460.6
1892,0,person,0.2654,1098.6,405.4,1112.9,435.8
1892,2,large_vehicle,0.1638,1147.7,502.2,1242.1,564.1
1892,1,car,0.1387,954.1,415.2,1026.8,460.6
1893,2,large_vehicle,0.8317,906.3,617.2,1042.0,723.6
1893,1,car,0.7508,561.2,486.6,649.4,538.5
1893,2,large_vehicle,0.5689,1215.0,482.3,1341.0,589.1
1893,1,car,0.5235,1139.8,503.8,1223.3,567.4
1893,2,large_vehicle,0.4351,954.6,414.9,1026.9,460.4
1893,0,person,0.2137,1099.4,405.0,1112.7,437.5
1893,2,large_vehicle,0.1939,1139.8,503.8,1223.3,567.4
1893,0,person,0.1238,894.9,449.8,909.0,488.8
1893,1,car,0.1230,954.6,414.9,1026.9,460.4
1893,0,person,0.1021,438.1,503.2,454.0,546.8
1894,2,large_vehicle,0.8329,906.3,617.2,1041.9,723.7
1894,1,car,0.7471,560.6,486.3,649.4,538.6
1894,2,large_vehicle,0.5525,1214.9,482.6,1341.2,589.1
1894,1,car,0.5213,1139.5,503.8,1223.5,567.4
1894,2,large_vehicle,0.4488,954.4,414.6,1026.9,460.4
1894,0,person,0.2092,1099.4,404.9,1112.7,437.4
1894,2,large_vehicle,0.1912,1139.5,503.8,1223.5,567.4
1894,0,person,0.1156,894.9,449.8,909.0,488.8
1894,1,car,0.1092,954.4,414.6,1026.9,460.4
1894,0,person,0.1004,438.1,503.2,454.0,546.8
1895,2,large_vehicle,0.8306,906.4,617.2,1041.9,723.7
1895,1,car,0.7145,560.6,486.3,649.3,538.6
1895,2,large_vehicle,0.5623,1214.6,482.9,1340.7,589.0
1895,1,car,0.5240,1139.6,503.8,1223.5,567.4
1895,2,large_vehicle,0.4351,954.6,414.8,1026.8,460.4
1895,0,person,0.2222,1099.5,404.9,1112.7,437.4
1895,2,large_vehicle,0.1914,1139.6,503.8,1223.5,567.4
1895,2,large_vehicle,0.1231,560.6,486.3,649.3,538.6
1895,1,car,0.1162,954.6,414.8,1026.8,460.4
1896,2,large_vehicle,0.8368,906.0,614.2,1053.8,718.6
1896,1,car,0.6510,563.2,486.5,649.8,538.5
1896,1,car,0.6331,1224.0,526.9,1305.7,586.7
1896,1,car,0.5012,1131.6,507.5,1209.1,570.7
1896,2,large_vehicle,0.4422,953.8,415.6,1026.6,460.4
1896,0,person,0.1666,894.3,449.3,908.6,488.3
1896,2,large_vehicle,0.1581,563.2,486.5,649.8,538.5
1896,2,large_vehicle,0.1529,1131.6,507.5,1209.1,570.7
1896,1,car,0.1211,953.8,415.6,1026.6,460.4
1897,2,large_vehicle,0.8378,906.1,614.2,1053.9,718.7
1897,1,car,0.6615,564.6,486.6,649.3,538.5
1897,1,car,0.6293,1224.0,526.8,1305.9,586.6
1897,1,car,0.4875,1131.7,507.5,1209.1,570.7
1897,2,large_vehicle,0.4589,953.7,415.6,1026.5,460.4
1897,2,large_vehicle,0.1564,1131.7,507.5,1209.1,570.7
1897,2,large_vehicle,0.1516,564.6,486.6,649.3,538.5
1897,0,person,0.1468,894.4,449.3,908.6,488.3
1897,1,car,0.1234,953.7,415.6,1026.5,460.4
1898,2,large_vehicle,0.7662,907.9,610.7,1065.6,714.2
1898,1,car,0.6234,565.8,486.3,649.5,538.5
1898,1,car,0.5458,1124.9,508.9,1209.3,572.1
1898,2,large_vehicle,0.5346,952.8,415.4,1026.1,460.5
1898,2,large_vehicle,0.4085,1225.0,484.2,1340.1,583.8
1898,0,person,0.2942,1096.8,403.8,1111.6,435.3
1898,2,large_vehicle,0.1882,565.8,486.3,649.5,538.5
1898,0,person,0.1656,893.9,449.2,907.8,487.9
1898,2,large_vehicle,0.1600,1124.9,508.9,1209.3,572.1
1898,1,car,0.1075,952.8,415.4,1026.1,460.5
1899,2,large_vehicle,0.7663,908.5,610.8,1065.6,714.1
1899,1,car,0.6598,565.8,486.4,649.8,538.5
1899,1,car,0.5449,1124.9,508.9,1209.3,572.1
1899,2,large_vehicle,0.5366,952.7,415.3,1026.1,460.5
1899,2,large_vehicle,0.3924,1225.0,484.4,1339.8,583.8
1899,0,person,0.2951,1096.8,403.8,1111.5,435.3
1899,0,person,0.1650,893.9,449.1,907.8,487.9
1899,2,large_vehicle,0.1593,1124.9,508.9,1209.3,572.1
1899,2,large_vehicle,0.1451,565.8,486.4,649.8,538.5
1899,1,car,0.1071,952.7,415.3,1026.1,460.5
1900,2,large_vehicle,0.7666,907.6,610.8,1065.6,714.1
1900,1,car,0.6198,566.0,486.4,649.6,538.5
1900,2,large_vehicle,0.5551,952.8,415.5,1025.9,460.5
1900,1,car,0.5271,1125.0,508.9,1209.2,572.1
1900,2,large_vehicle,0.3910,1225.1,483.9,1340.5,583.8
1900,0,person,0.2914,1096.9,403.9,1111.6,435.4
1900,2,large_vehicle,0.1915,566.0,486.4,649.6,538.5
1900,2,large_vehicle,0.1735,1125.0,508.9,1209.2,572.1
1900,0,person,0.1070,893.9,449.6,907.9,487.9
1901,2,large_vehicle,0.7550,941.0,607.8,1074.8,710.0
1901,1,car,0.7404,565.1,486.7,649.9,538.5
1901,2,large_vehicle,0.4846,953.3,415.0,1026.6,460.5
1901,0,person,0.4180,894.0,449.9,907.8,487.3
1901,1,car,0.3968,1116.8,511.4,1199.1,575.9
1901,0,person,0.2774,1097.4,405.3,1111.3,437.1
1901,2,large_vehicle,0.2524,1116.8,511.4,1199.1,575.9
1901,2,large_vehicle,0.1063,1223.9,495.2,1334.0,583.2
1901,1,car,0.1062,953.3,415.0,1026.6,460.5
1902,2,large_vehicle,0.7575,951.6,605.1,1084.0,707.6
1902,1,car,0.5913,563.1,485.8,649.2,538.6
1902,2,large_vehicle,0.5110,1106.6,512.8,1186.6,579.4
1902,2,large_vehicle,0.4344,954.7,414.7,1026.1,460.3
1902,0,person,0.2899,1096.4,404.3,1110.6,435.6
1902,2,large_vehicle,0.2433,563.1,485.8,649.2,538.6
1902,1,car,0.2355,1106.6,512.8,1186.6,579.4
1902,2,large_vehicle,0.1824,1231.8,480.4,1342.0,577.8
1902,0,person,0.1661,893.4,449.7,906.9,487.7
1903,2,large_vehicle,0.7445,951.5,605.1,1084.0,707.7
1903,1,car,0.5624,563.1,485.7,649.2,538.6
1903,2,large_vehicle,0.5197,1106.9,512.8,1186.6,579.4
1903,2,large_vehicle,0.4352,954.6,414.7,1026.4,460.3
1903,0,person,0.2868,1096.4,404.4,1110.6,435.6
1903,2,large_vehicle,0.2728,563.1,485.7,649.2,538.6
1903,1,car,0.2190,1106.9,512.8,1186.6,579.4
1903,2,large_vehicle,0.1780,1232.2,480.7,1342.0,577.8
1903,0,person,0.1680,893.4,449.7,906.9,487.7
1904,2,large_vehicle,0.7664,951.5,605.0,1083.9,707.7
1904,1,car,0.5568,563.5,486.0,649.3,538.6
1904,2,large_vehicle,0.4960,1106.9,512.8,1186.6,579.4
1904,2,large_vehicle,0.4257,954.5,414.3,1026.6,460.3
1904,0,person,0.2975,1096.4,404.5,1110.6,435.7
1904,2,large_vehicle,0.2655,563.5,486.0,649.3,538.6
1904,1,car,0.2488,1106.9,512.8,1186.6,579.4
1904,2,large_vehicle,0.2150,1229.3,479.8,1342.0,577.9
1904,0,person,0.1489,893.5,449.8,906.8,487.3
1905,2,large_vehicle,0.8041,963.8,601.6,1092.7,701.7
1905,1,car,0.5794,565.8,486.1,650.0,538.5
1905,2,large_vehicle,0.4082,953.7,414.7,1026.5,460.3
1905,1,car,0.3872,1099.5,516.4,1181.3,582.2
1905,2,large_vehicle,0.3724,1099.5,516.4,1181.3,582.2
1905,2,large_vehicle,0.3247,1227.1,480.2,1334.1,579.2
1905,0,person,0.3246,1096.6,405.7,1110.5,435.8
1905,2,large_vehicle,0.2322,565.8,486.1,650.0,538.5
1906,2,large_vehicle,0.8094,963.9,601.6,1092.5,701.6
1906,1,car,0.5992,565.2,486.2,650.0,538.5
1906,1,car,0.4022,1099.5,516.4,1181.4,582.2
1906,2,large_vehicle,0.3854,953.8,414.8,1026.6,460.2
1906,2,large_vehicle,0.3677,1099.5,516.4,1181.4,582.2
1906,0,person,0.3218,1096.7,405.7,1110.5,435.8
1906,2,large_vehicle,0.3081,1227.0,480.3,1334.4,579.2
1906,2,large_vehicle,0.2035,565.2,486.2,650.0,538.5
1907,2,large_vehicle,0.8362,973.8,598.6,1100.7,697.8
1907,1,car,0.6267,566.3,485.7,650.2,538.5
1907,2,large_vehicle,0.4791,952.6,414.5,1026.4,460.3
1907,1,car,0.4236,1089.3,516.9,1172.2,584.9
1907,2,large_vehicle,0.3993,1089.3,516.9,1172.2,584.9
1907,2,large_vehicle,0.1603,566.3,485.7,650.2,538.5
1908,2,large_vehicle,0.8358,973.8,598.6,1100.7,697.8
1908,1,car,0.6237,566.3,485.7,650.3,538.5
1908,2,large_vehicle,0.4682,952.6,414.5,1026.4,460.3
1908,1,car,0.4258,1089.3,516.9,1172.2,584.9
1908,2,large_vehicle,0.3959,1089.3,516.9,1172.2,584.9
1908,2,large_vehicle,0.1612,566.3,485.7,650.3,538.5
1909,2,large_vehicle,0.8333,973.8,598.6,1100.7,697.8
1909,1,car,0.6117,566.5,485.7,650.4,538.5
1909,2,large_vehicle,0.4624,952.6,414.6,1026.6,460.3
1909,1,car,0.4136,1089.5,516.9,1172.3,584.9
1909,2,large_vehicle,0.4050,1089.5,516.9,1172.3,584.9
1909,2,large_vehicle,0.1701,566.5,485.7,650.4,538.5
1910,2,large_vehicle,0.8208,982.6,596.0,1104.3,694.3
1910,1,car,0.8169,1079.9,521.0,1167.2,587.9
1910,1,car,0.6578,565.7,485.8,649.6,538.6
1910,2,large_vehicle,0.4484,953.5,414.8,1026.3,460.3
1910,0,person,0.3829,1094.9,405.7,1108.7,435.3
1910,2,large_vehicle,0.1792,565.7,485.8,649.6,538.6
1911,2,large_vehicle,0.8260,982.6,596.0,1104.2,694.3
1911,1,car,0.7999,1080.0,520.9,1167.5,587.9
1911,1,car,0.6703,565.7,485.7,649.7,538.6
1911,2,large_vehicle,0.4398,953.5,414.7,1026.3,460.3
1911,0,person,0.3789,1095.1,405.6,1108.9,435.5
1911,2,large_vehicle,0.1647,565.7,485.7,649.7,538.6
1912,1,car,0.7527,1071.8,521.7,1159.7,591.6
1912,2,large_vehicle,0.7178,992.7,593.4,1113.2,689.5
1912,1,car,0.5631,561.5,485.0,649.5,538.8
1912,2,large_vehicle,0.2895,954.1,414.0,1026.2,460.0
1912,2,large_vehicle,0.2702,561.5,485.0,649.5,538.8
1912,1,car,0.1323,992.7,593.4,1113.2,689.5
1912,2,large_vehicle,0.1134,1071.8,521.7,1159.7,591.6
1913,1,car,0.7537,1071.8,521.7,1159.7,591.6
1913,2,large_vehicle,0.7207,992.7,593.4,1113.3,689.6
1913,1,car,0.5310,561.6,484.9,649.5,538.7
1913,2,large_vehicle,0.2912,561.6,484.9,649.5,538.7
1913,2,large_vehicle,0.2706,954.5,414.3,1026.2,460.0
1913,1,car,0.1282,992.7,593.4,1113.3,689.6
1913,2,large_vehicle,0.1136,1071.8,521.7,1159.7,591.6
1914,1,car,0.7499,1071.8,521.7,1159.7,591.6
1914,2,large_vehicle,0.7241,992.7,593.4,1113.3,689.6
1914,1,car,0.5234,561.5,484.9,649.4,538.7
1914,2,large_vehicle,0.3003,561.5,484.9,649.4,538.7
1914,2,large_vehicle,0.2934,954.6,414.2,1026.1,460.0
1914,1,car,0.1249,992.7,593.4,1113.3,689.6
1914,2,large_vehicle,0.1176,1071.8,521.7,1159.7,591.6
1915,2,large_vehicle,0.8407,1003.0,590.4,1123.2,686.1
1915,1,car,0.7252,1063.5,524.9,1150.4,594.7
1915,1,car,0.5416,566.3,485.6,649.7,538.5
1915,2,large_vehicle,0.2647,566.3,485.6,649.7,538.5
1915,2,large_vehicle,0.2552,953.7,414.6,1026.5,459.9
1916,2,large_vehicle,0.8380,1003.0,590.4,1123.2,686.1
1916,1,car,0.7330,1063.5,524.9,1150.4,594.7
1916,1,car,0.5187,565.9,485.8,649.5,538.5
1916,2,large_vehicle,0.3193,953.7,414.9,1026.4,460.0
1916,2,large_vehicle,0.2847,565.9,485.8,649.5,538.5
1917,1,car,0.7964,1053.9,526.9,1143.1,596.2
1917,2,large_vehicle,0.7666,1011.7,587.0,1129.5,681.8
1917,1,car,0.5676,567.7,485.5,649.6,538.5
1917,2,large_vehicle,0.2954,952.4,415.2,1026.0,460.1
1917,2,large_vehicle,0.2210,567.7,485.5,649.6,538.5
1918,1,car,0.7951,1054.0,526.9,1143.0,596.3
1918,2,large_vehicle,0.7576,1011.7,586.8,1129.4,681.8
1918,1,car,0.5834,567.8,485.6,649.6,538.5
1918,2,large_vehicle,0.3340,952.5,415.2,1025.9,460.1
1918,2,large_vehicle,0.1995,567.8,485.6,649.6,538.5
1918,0,person,0.1037,1196.4,526.8,1214.3,571.4
1919,1,car,0.7943,1054.0,526.9,1143.0,596.2
1919,2,large_vehicle,0.7661,1011.6,586.9,1129.5,681.8
1919,1,car,0.6175,567.6,485.9,650.0,538.6
1919,2,large_vehicle,0.3317,952.8,414.9,1026.0,460.1
1919,2,large_vehicle,0.1673,567.6,485.9,650.0,538.6
1919,0,person,0.1134,1196.2,525.7,1214.4,571.3
1920,1,car,0.8654,1043.6,529.7,1137.1,595.6
1920,2,large_vehicle,0.8287,1022.0,585.9,1132.6,678.9
1920,1,car,0.6993,566.5,485.9,649.5,538.5
1920,2,large_vehicle,0.3224,953.4,414.8,1025.9,460.0
1920,0,person,0.1261,1196.1,515.0,1215.3,570.4
1920,2,large_vehicle,0.1182,566.5,485.9,649.5,538.5
1921,1,car,0.8656,1043.6,529.7,1137.1,595.5
1921,2,large_vehicle,0.8339,1021.9,586.0,1132.5,678.9
1921,1,car,0.7089,566.4,486.0,649.4,538.5
1921,2,large_vehicle,0.2973,953.9,414.9,1025.9,460.0
1921,0,person,0.1512,1196.1,525.1,1214.6,571.1
1921,2,large_vehicle,0.1062,566.4,486.0,649.4,538.5
1922,1,car,0.8304,1032.6,532.1,1128.1,598.7
1922,2,large_vehicle,0.8166,1030.9,583.3,1141.6,675.1
1922,1,car,0.5361,562.8,484.8,650.2,538.8
1922,2,large_vehicle,0.2027,562.8,484.8,650.2,538.8
1922,2,large_vehicle,0.1908,954.2,414.4,1026.0,459.8
1923,1,car,0.8311,1032.7,532.1,1128.0,598.6
1923,2,large_vehicle,0.8165,1030.9,583.3,1141.6,675.1
1923,1,car,0.5412,562.9,484.8,650.2,538.8
1923,2,large_vehicle,0.2043,954.2,414.3,1026.2,459.9
1923,2,large_vehicle,0.2001,562.9,484.8,650.2,538.8
1923,0,person,0.1033,1195.7,514.4,1215.1,570.7
1924,1,car,0.8326,1032.6,532.1,1128.0,598.8
1924,2,large_vehicle,0.8162,1030.9,583.3,1141.5,675.1
1924,1,car,0.5390,562.7,484.6,650.1,538.8
1924,2,large_vehicle,0.2079,954.0,414.4,1025.9,459.8
1924,2,large_vehicle,0.1964,562.7,484.6,650.1,538.8
1924,0,person,0.1003,1195.7,514.3,1215.0,570.9
1925,1,car,0.8674,1022.4,533.6,1119.5,609.2
1925,2,large_vehicle,0.8226,1039.2,583.8,1148.6,671.2
1925,1,car,0.6280,566.4,485.6,649.9,538.6
1925,2,large_vehicle,0.1965,953.6,414.1,1026.4,460.1
1925,0,person,0.1362,1195.7,513.1,1215.6,570.7
1925,2,large_vehicle,0.1228,566.4,485.6,649.9,538.6
1925,0,person,0.1040,889.7,450.3,904.6,489.3
1926,1,car,0.8600,1011.8,536.9,1111.7,613.0
1926,2,large_vehicle,0.8029,1047.8,578.2,1156.1,666.3
1926,1,car,0.6581,564.9,485.3,650.2,538.5
1926,2,large_vehicle,0.3615,952.2,414.1,1026.2,460.1
1926,0,person,0.2580,1195.5,513.0,1215.8,570.6
1926,0,person,0.1266,1086.2,407.2,1099.7,435.8
1926,1,car,0.1186,952.2,414.1,1026.2,460.1
1926,2,large_vehicle,0.1139,564.9,485.3,650.2,538.5
1927,1,car,0.8578,1011.8,536.9,1111.7,613.0
1927,2,large_vehicle,0.8007,1047.8,578.2,1156.1,666.3
1927,1,car,0.6475,565.2,485.3,649.9,538.5
1927,2,large_vehicle,0.3712,952.3,414.2,1026.3,460.1
1927,0,person,0.1958,1195.3,512.8,1215.7,571.0
1927,1,car,0.1511,952.3,414.2,1026.3,460.1
1927,2,large_vehicle,0.1311,565.2,485.3,649.9,538.5
1927,0,person,0.1240,1086.1,407.2,1099.7,435.7
1928,1,car,0.8582,1011.8,536.9,1111.7,613.0
1928,2,large_vehicle,0.8017,1047.8,578.3,1156.1,666.2
1928,1,car,0.6570,565.7,485.6,650.0,538.5
1928,2,large_vehicle,0.3621,952.3,413.8,1026.5,460.0
1928,0,person,0.2626,1195.4,512.8,1215.8,571.0
1928,0,person,0.1570,1086.4,407.1,1100.0,436.1
1928,1,car,0.1344,952.3,413.8,1026.5,460.0
1928,2,large_vehicle,0.1116,565.7,485.6,650.0,538.5
1929,2,large_vehicle,0.8577,1057.6,572.6,1163.4,662.7
1929,1,car,0.7541,1000.0,540.6,1094.8,618.7
1929,1,car,0.6538,565.0,485.4,649.3,538.5
1929,2,large_vehicle,0.3425,953.6,414.3,1026.4,460.0
1929,0,person,0.2402,1196.0,525.5,1214.7,571.5
1929,0,person,0.1818,888.6,450.6,903.8,489.6
1929,2,large_vehicle,0.1442,565.0,485.4,649.3,538.5
1929,2,large_vehicle,0.1046,1000.0,540.6,1094.8,618.7
1930,2,large_vehicle,0.8578,1057.6,572.7,1163.5,662.7
1930,1,car,0.7456,1000.0,540.6,1094.8,618.7
1930,1,car,0.6657,565.6,485.6,649.2,538.5
1930,2,large_vehicle,0.3217,953.4,414.1,1026.6,459.9
1930,0,person,0.1953,1195.5,513.6,1215.5,571.0
1930,0,person,0.1745,888.7,450.6,903.8,489.6
1930,2,large_vehicle,0.1345,565.6,485.6,649.2,538.5
1930,2,large_vehicle,0.1151,1000.0,540.6,1094.8,618.7
1931,1,car,0.8593,988.7,542.8,1085.7,622.0
1931,2,large_vehicle,0.8447,1064.2,569.6,1169.8,660.3
1931,1,car,0.6048,564.0,485.6,649.5,538.4
1931,2,large_vehicle,0.2558,953.7,413.9,1026.3,459.7
1931,2,large_vehicle,0.1952,564.0,485.6,649.5,538.4
1931,0,person,0.1454,888.3,450.4,903.8,490.5
1931,0,person,0.1402,1195.6,514.1,1215.4,570.7
1931,0,person,0.1299,1085.0,406.8,1098.9,435.6
1932,1,car,0.8574,988.7,542.8,1085.7,622.0
1932,2,large_vehicle,0.8449,1064.2,569.6,1169.9,660.3
1932,1,car,0.6038,563.9,485.6,649.5,538.4
1932,2,large_vehicle,0.2499,953.6,414.0,1026.3,459.7
1932,2,large_vehicle,0.1947,563.9,485.6,649.5,538.4
1932,0,person,0.1457,888.2,450.4,903.8,490.6
1932,0,person,0.1388,1084.9,406.8,1098.9,435.6
1932,0,person,0.1230,1195.6,514.2,1215.4,570.7
1932,0,person,0.1085,1195.9,523.9,1214.7,571.0
1933,1,car,0.8606,988.7,542.8,1085.6,622.0
1933,2,large_vehicle,0.8446,1064.2,569.6,1170.0,660.3
1933,1,car,0.6293,561.4,485.1,649.6,538.4
1933,2,large_vehicle,0.2159,953.3,414.1,1026.2,459.7
1933,2,large_vehicle,0.1861,561.4,485.1,649.6,538.4
1933,0,person,0.1388,888.2,450.4,903.8,490.6
1933,0,person,0.1310,1195.4,514.2,1215.5,570.8
1933,0,person,0.1216,1084.9,406.9,1098.9,435.6
1934,1,car,0.8618,976.5,547.4,1082.4,626.3
1934,2,large_vehicle,0.8456,1072.8,567.6,1174.7,655.5
1934,1,car,0.6337,563.8,485.8,649.6,538.4
1934,2,large_vehicle,0.3684,953.9,414.6,1026.1,459.7
1934,2,large_vehicle,0.1731,563.8,485.8,649.6,538.4
1934,0,person,0.1196,1195.8,523.5,1214.9,571.0
1934,0,person,0.1187,1195.4,514.0,1215.6,570.7
1935,1,car,0.8636,976.5,547.4,1081.8,626.3
1935,2,large_vehicle,0.8430,1073.0,567.6,1174.4,655.5
1935,1,car,0.6526,563.8,485.9,649.8,538.4
1935,2,large_vehicle,0.3972,953.9,414.6,1025.9,459.7
1935,0,person,0.2173,1195.4,513.7,1215.7,570.7
1935,2,large_vehicle,0.1522,563.8,485.9,649.8,538.4
1936,2,large_vehicle,0.8342,1081.3,565.7,1182.0,652.6
1936,1,car,0.7795,964.4,550.1,1074.1,629.8
1936,1,car,0.6121,562.8,485.3,649.8,538.5
1936,2,large_vehicle,0.4825,952.3,414.4,1026.3,459.9
1936,0,person,0.2038,1195.2,513.8,1215.7,570.9
1936,2,large_vehicle,0.1870,562.8,485.3,649.8,538.5
1936,2,large_vehicle,0.1309,964.4,550.1,1074.1,629.8
1937,2,large_vehicle,0.8372,1081.3,565.7,1182.0,652.6
1937,1,car,0.7811,964.4,550.2,1074.1,629.7
1937,1,car,0.5634,564.3,485.5,649.8,538.5
1937,2,large_vehicle,0.4508,952.8,414.3,1026.6,459.9
1937,0,person,0.2434,1195.2,513.5,1215.7,570.9
1937,2,large_vehicle,0.2317,564.3,485.5,649.8,538.5
1937,2,large_vehicle,0.1289,964.4,550.2,1074.1,629.7
1938,2,large_vehicle,0.8382,1081.3,565.7,1182.0,652.6
1938,1,car,0.7805,964.4,550.2,1074.1,629.7
1938,1,car,0.5852,564.2,485.5,649.8,538.5
1938,2,large_vehicle,0.4367,952.8,414.4,1026.6,459.9
1938,0,person,0.2365,1195.2,513.5,1215.7,570.9
1938,2,large_vehicle,0.2145,564.2,485.5,649.8,538.5
1938,2,large_vehicle,0.1296,964.4,550.2,1074.1,629.7
1939,1,car,0.8570,952.1,553.2,1062.1,634.7
1939,2,large_vehicle,0.7496,1088.6,562.8,1186.1,648.9
1939,1,car,0.6725,566.1,486.2,649.5,538.4
1939,2,large_vehicle,0.4510,953.3,414.3,1026.2,459.9
1939,2,large_vehicle,0.1589,566.1,486.2,649.5,538.4
1939,0,person,0.1464,1195.5,513.9,1215.6,570.8
1940,1,car,0.8567,952.1,553.2,1062.4,634.7
1940,2,large_vehicle,0.7545,1088.6,562.8,1186.1,648.9
1940,1,car,0.5658,564.8,485.6,649.3,538.5
1940,2,large_vehicle,0.3762,953.1,414.0,1025.9,459.7
1940,2,large_vehicle,0.2686,564.8,485.6,649.3,538.5
1940,0,person,0.1280,1195.6,513.9,1215.6,570.8
1941,1,car,0.8763,938.8,555.9,1047.6,638.0
1941,2,large_vehicle,0.7506,1096.5,560.3,1191.3,645.3
1941,1,car,0.4365,565.5,485.3,649.2,538.5
1941,2,large_vehicle,0.3886,565.5,485.3,649.2,538.5
1941,2,large_vehicle,0.1983,954.4,414.0,1025.2,459.5
1942,1,car,0.8727,938.9,555.9,1047.6,638.0
1942,2,large_vehicle,0.7547,1096.5,560.3,1191.3,645.3
1942,1,car,0.4490,563.7,485.0,649.1,538.5
1942,2,large_vehicle,0.3801,563.7,485.0,649.1,538.5
1942,2,large_vehicle,0.1918,954.2,413.9,1025.5,459.5
1943,1,car,0.8740,939.0,555.9,1047.6,638.0
1943,2,large_vehicle,0.7546,1096.5,560.3,1191.3,645.4
1943,1,car,0.4431,564.1,485.3,649.1,538.5
1943,2,large_vehicle,0.3734,564.1,485.3,649.1,538.5
1943,2,large_vehicle,0.2715,953.7,414.0,1025.6,459.6
1944,1,car,0.8901,926.9,559.8,1035.1,642.3
1944,2,large_vehicle,0.8098,1103.9,558.7,1196.3,642.0
1944,1,car,0.6045,565.4,485.9,649.7,538.3
1944,2,large_vehicle,0.2320,954.0,414.1,1026.5,459.6
1944,2,large_vehicle,0.2216,565.4,485.9,649.7,538.3
1945,1,car,0.8874,926.9,559.8,1035.1,642.3
1945,2,large_vehicle,0.8097,1103.9,558.7,1196.4,642.1
1945,1,car,0.5965,565.5,485.8,649.6,538.3
1945,2,large_vehicle,0.2265,565.5,485.8,649.6,538.3
1945,2,large_vehicle,0.2233,953.7,414.5,1026.8,459.6
1946,1,car,0.8542,912.5,563.8,1025.5,646.3
1946,2,large_vehicle,0.7857,1110.4,555.7,1202.3,638.3
1946,1,car,0.5490,565.7,485.9,649.7,538.3
1946,2,large_vehicle,0.3579,953.2,414.2,1026.3,459.7
1946,2,large_vehicle,0.2396,565.7,485.9,649.7,538.3
1947,1,car,0.8558,912.5,563.8,1025.5,646.3
1947,2,large_vehicle,0.7853,1110.4,555.7,1202.2,638.3
1947,1,car,0.5552,565.6,485.9,649.7,538.3
1947,2,large_vehicle,0.3558,953.1,414.2,1026.4,459.7
1947,2,large_vehicle,0.2345,565.6,485.9,649.7,538.3
1948,1,car,0.8549,912.4,563.8,1025.5,646.3
1948,2,large_vehicle,0.7833,1110.4,555.7,1202.2,638.3
1948,1,car,0.5308,565.6,485.5,649.9,538.3
1948,2,large_vehicle,0.3740,953.0,414.3,1026.3,459.8
1948,2,large_vehicle,0.2479,565.6,485.5,649.9,538.3
1949,1,car,0.8821,898.3,566.9,1012.6,650.8
1949,1,car,0.6807,565.0,485.3,649.4,538.4
1949,2,large_vehicle,0.6604,1118.6,552.6,1208.1,634.9
1949,2,large_vehicle,0.2417,953.2,413.8,1026.7,459.7
1949,2,large_vehicle,0.1258,565.0,485.3,649.4,538.4
1950,1,car,0.8209,884.8,568.7,1001.1,655.1
1950,2,large_vehicle,0.8013,1124.0,550.3,1213.0,631.9
1950,1,car,0.5631,562.2,484.9,649.3,538.4
1950,2,large_vehicle,0.2330,562.2,484.9,649.3,538.4
1950,2,large_vehicle,0.1769,954.0,413.6,1026.7,459.6
1951,1,car,0.8203,884.8,568.7,1001.2,655.0
1951,2,large_vehicle,0.7993,1124.3,550.3,1212.8,631.9
1951,1,car,0.5738,562.7,484.9,649.3,538.5
1951,2,large_vehicle,0.2397,954.2,413.4,1027.2,459.6
1951,2,large_vehicle,0.2250,562.7,484.9,649.3,538.5
1952,1,car,0.8101,884.7,568.7,1001.2,655.2
1952,2,large_vehicle,0.8007,1124.0,550.3,1212.9,631.9
1952,1,car,0.5608,562.3,485.0,649.3,538.4
1952,2,large_vehicle,0.2408,954.1,413.6,1027.4,459.6
1952,2,large_vehicle,0.2300,562.3,485.0,649.3,538.4
1953,1,car,0.8699,869.2,571.9,989.9,661.1
1953,2,large_vehicle,0.7808,1130.9,548.0,1218.0,628.8
1953,1,car,0.6813,564.0,485.2,649.7,538.4
1953,2,large_vehicle,0.2984,954.4,414.4,1027.6,459.6
1953,2,large_vehicle,0.1043,564.0,485.2,649.7,538.4
1954,1,car,0.8678,869.2,571.9,989.9,661.2
1954,2,large_vehicle,0.7817,1130.9,548.0,1218.0,628.8
1954,1,car,0.6610,563.7,484.9,649.8,538.3
1954,2,large_vehicle,0.2842,954.5,414.3,1027.9,459.6
1954,2,large_vehicle,0.1186,563.7,484.9,649.8,538.3
1955,1,car,0.8622,856.1,575.5,980.6,665.7
1955,2,large_vehicle,0.6519,1137.0,546.6,1221.1,625.6
1955,1,car,0.6169,562.9,485.0,649.6,538.4
1955,2,large_vehicle,0.4644,952.5,413.3,1027.8,459.8
1955,2,large_vehicle,0.1576,562.9,485.0,649.6,538.4
1955,0,person,0.1530,1074.8,405.3,1088.7,434.9
1955,1,car,0.1041,952.5,413.3,1027.8,459.8
1956,1,car,0.8624,856.1,575.4,980.6,665.7
1956,2,large_vehicle,0.6495,1137.0,546.6,1221.1,625.6
1956,1,car,0.6148,562.7,485.0,649.6,538.4
1956,2,large_vehicle,0.4585,952.5,413.3,1027.8,459.8
1956,2,large_vehicle,0.1556,562.7,485.0,649.6,538.4
1956,0,person,0.1531,1074.7,405.3,1088.7,434.9
1956,1,car,0.1059,952.5,413.3,1027.8,459.8
1957,1,car,0.8628,856.2,575.5,981.0,665.6
1957,2,large_vehicle,0.6560,1137.0,546.7,1221.1,625.6
1957,1,car,0.6400,563.1,485.0,649.6,538.3
1957,2,large_vehicle,0.4774,952.7,413.5,1027.9,459.8
1957,0,person,0.1417,1074.5,405.3,1088.3,434.5
1957,2,large_vehicle,0.1384,563.1,485.0,649.6,538.3
1957,1,car,0.1371,952.7,413.5,1027.9,459.8
1958,1,car,0.8432,840.3,579.9,963.3,670.2
1958,1,car,0.6803,562.9,484.8,649.4,538.5
1958,2,large_vehicle,0.4813,1143.9,534.6,1265.7,622.6
1958,2,large_vehicle,0.4035,952.6,413.5,1027.7,459.6
1958,2,large_vehicle,0.2304,1143.7,542.0,1234.2,622.4
1958,2,large_vehicle,0.1318,562.9,484.8,649.4,538.5
1958,1,car,0.1025,952.6,413.5,1027.7,459.6
1959,1,car,0.8432,840.3,580.0,963.3,670.2
1959,1,car,0.6616,562.5,484.7,649.3,538.6
1959,2,large_vehicle,0.6556,1143.8,542.9,1231.2,622.2
1959,2,large_vehicle,0.3974,952.8,413.4,1027.8,459.6
1959,2,large_vehicle,0.1969,1144.2,536.1,1264.5,622.6
1959,2,large_vehicle,0.1538,562.5,484.7,649.3,538.6
1959,1,car,0.1045,952.8,413.4,1027.8,459.6
1960,1,car,0.8142,824.2,584.4,948.9,674.6
1960,2,large_vehicle,0.6510,1150.7,533.4,1271.5,619.7
1960,1,car,0.5875,560.3,484.3,649.4,538.3
1960,2,large_vehicle,0.4461,954.0,413.7,1027.4,459.3
1960,2,large_vehicle,0.2731,560.3,484.3,649.4,538.3
1960,0,person,0.1590,1073.2,405.8,1086.9,434.8
1960,2,large_vehicle,0.1063,824.2,584.4,948.9,674.6
1961,1,car,0.8152,824.3,584.4,949.0,674.6
1961,2,large_vehicle,0.6513,1150.9,534.1,1270.7,619.7
1961,1,car,0.5923,559.8,484.5,649.4,538.4
1961,2,large_vehicle,0.4367,954.1,413.7,1027.5,459.4
1961,2,large_vehicle,0.2609,559.8,484.5,649.4,538.4
1961,0,person,0.1878,1073.3,405.4,1087.2,434.8
1961,2,large_vehicle,0.1051,824.3,584.4,949.0,674.6
1961,1,car,0.1009,954.1,413.7,1027.5,459.4
1962,1,car,0.8149,824.3,584.4,948.9,674.6
1962,2,large_vehicle,0.6494,1150.9,534.2,1270.6,619.7
1962,1,car,0.5814,559.9,484.3,649.3,538.4
1962,2,large_vehicle,0.4406,954.1,413.8,1027.4,459.4
1962,2,large_vehicle,0.2783,559.9,484.3,649.3,538.4
1962,0,person,0.2000,1073.1,405.4,1087.2,434.9
1962,2,large_vehicle,0.1057,824.3,584.4,948.9,674.6
1962,1,car,0.1038,954.1,413.8,1027.4,459.4
1963,1,car,0.8532,810.3,588.1,935.5,680.0
1963,1,car,0.6939,561.0,484.6,649.6,538.3
1963,2,large_vehicle,0.5701,1157.2,534.8,1267.9,614.3
1963,2,large_vehicle,0.2890,953.8,413.9,1026.9,459.5
1963,2,large_vehicle,0.1075,561.0,484.6,649.6,538.3
1964,1,car,0.8583,810.4,588.0,935.5,680.0
1964,1,car,0.6684,561.5,484.7,650.6,538.2
1964,2,large_vehicle,0.5644,1157.2,534.9,1266.6,614.4
1964,2,large_vehicle,0.2861,954.3,413.8,1027.0,459.5
1964,2,large_vehicle,0.1201,561.5,484.7,650.6,538.2
1965,1,car,0.8417,793.9,592.1,922.8,685.4
1965,1,car,0.6561,563.0,484.8,649.9,538.5
1965,2,large_vehicle,0.5221,1162.8,533.7,1268.2,612.6
1965,2,large_vehicle,0.4146,952.8,414.2,1027.6,459.8
1965,2,large_vehicle,0.1204,563.0,484.8,649.9,538.5
1965,1,car,0.1191,952.8,414.2,1027.6,459.8
1965,0,person,0.1137,1070.2,407.3,1084.1,434.6
1966,1,car,0.8371,794.0,592.0,922.6,685.4
1966,1,car,0.6066,563.7,484.8,650.2,538.5
1966,2,large_vehicle,0.5156,1162.8,534.2,1265.4,612.5
1966,2,large_vehicle,0.4270,952.6,414.2,1027.5,459.8
1966,2,large_vehicle,0.1631,563.7,484.8,650.2,538.5
1966,1,car,0.1250,952.6,414.2,1027.5,459.8
1966,0,person,0.1038,1070.2,407.3,1084.1,434.5
1967,1,car,0.8391,794.0,592.0,922.7,685.4
1967,1,car,0.6450,564.5,485.0,650.6,538.5
1967,2,large_vehicle,0.5111,1162.8,533.8,1266.3,612.6
1967,2,large_vehicle,0.4209,952.9,414.0,1027.6,459.8
1967,1,car,0.1556,952.9,414.0,1027.6,459.8
1967,2,large_vehicle,0.1297,564.5,485.0,650.6,538.5
1967,0,person,0.1229,1070.2,407.1,1084.1,434.7
1968,1,car,0.7557,562.0,485.1,650.2,538.4
1968,1,car,0.6722,777.6,596.1,911.0,689.6
1968,2,large_vehicle,0.6415,1168.5,533.6,1273.8,608.7
1968,1,car,0.5139,777.4,596.3,911.0,689.6
1968,2,large_vehicle,0.4601,953.1,413.8,1027.2,459.6
1968,1,car,0.1234,953.1,413.8,1027.2,459.6
1969,1,car,0.7598,561.9,485.2,649.9,538.4
1969,2,large_vehicle,0.6428,1168.5,533.5,1274.0,608.7
1969,1,car,0.6094,777.4,596.3,911.2,689.7
1969,1,car,0.5572,777.6,596.1,911.1,689.7
1969,2,large_vehicle,0.4559,953.3,413.7,1027.2,459.7
1969,1,car,0.1223,953.3,413.7,1027.2,459.7
1970,1,car,0.8764,760.6,599.4,891.3,693.8
1970,1,car,0.6985,558.7,484.6,649.4,538.5
1970,2,large_vehicle,0.6368,1174.4,530.4,1270.0,604.3
1970,2,large_vehicle,0.4147,954.1,413.3,1027.1,459.6
1970,0,person,0.2552,1065.6,409.6,1080.6,444.1
1970,2,large_vehicle,0.1268,558.7,484.6,649.4,538.5
1970,2,large_vehicle,0.1026,1175.0,526.4,1298.7,604.9
1971,1,car,0.8766,760.6,599.4,891.3,693.8
1971,1,car,0.6967,558.8,484.7,649.4,538.5
1971,2,large_vehicle,0.6373,1174.3,530.3,1270.7,604.4
1971,2,large_vehicle,0.4111,954.0,413.3,1027.0,459.6
1971,0,person,0.2610,1065.6,409.6,1080.6,444.1
1971,2,large_vehicle,0.1345,558.8,484.7,649.4,538.5
1971,2,large_vehicle,0.1072,1175.0,526.3,1298.7,604.9
1972,1,car,0.8773,760.7,599.4,891.1,693.8
1972,1,car,0.7047,558.9,484.5,649.8,538.5
1972,2,large_vehicle,0.6323,1174.4,530.4,1270.7,604.4
1972,2,large_vehicle,0.3942,954.0,413.1,1026.9,459.5
1972,0,person,0.1978,1065.7,409.6,1080.6,444.1
1972,2,large_vehicle,0.1114,558.9,484.5,649.8,538.5
1972,2,large_vehicle,0.1087,1175.0,526.3,1299.2,604.8
1973,1,car,0.8324,745.0,603.5,875.5,698.3
1973,1,car,0.6227,562.8,484.9,650.3,538.3
1973,2,large_vehicle,0.4141,1179.8,527.9,1278.3,603.0
1973,2,large_vehicle,0.3491,1179.7,526.7,1283.2,603.0
1973,2,large_vehicle,0.3290,954.0,413.7,1027.2,459.5
1973,0,person,0.1649,1064.8,409.4,1079.7,443.8
1973,0,person,0.1626,1068.6,407.7,1081.8,439.1
1973,2,large_vehicle,0.1598,562.8,484.9,650.3,538.3
1973,1,car,0.1371,954.0,413.7,1027.2,459.5
1974,1,car,0.8878,727.8,607.3,859.4,702.2
1974,1,car,0.6707,560.4,484.4,650.4,538.5
1974,2,large_vehicle,0.6105,1185.6,511.9,1325.2,600.0
1974,2,large_vehicle,0.3206,952.9,413.8,1027.1,459.7
1974,1,car,0.1101,952.9,413.8,1027.1,459.7
1974,2,large_vehicle,0.1091,560.4,484.4,650.4,538.5
1975,1,car,0.8865,727.8,607.3,859.4,702.2
1975,1,car,0.6259,562.4,484.4,650.7,538.4
1975,2,large_vehicle,0.5711,1185.7,512.1,1324.6,600.1
1975,2,large_vehicle,0.3413,952.8,413.9,1027.3,459.7
1975,2,large_vehicle,0.1336,562.4,484.4,650.7,538.4
1975,1,car,0.1186,952.8,413.9,1027.3,459.7
1976,1,car,0.8854,727.8,607.3,859.5,702.2
1976,1,car,0.6755,563.8,484.7,650.8,538.5
1976,2,large_vehicle,0.5320,1185.6,512.0,1324.2,600.1
1976,2,large_vehicle,0.3123,952.8,413.5,1027.5,459.6
1976,1,car,0.1200,952.8,413.5,1027.5,459.6
1977,1,car,0.8905,710.8,611.4,844.8,706.9
1977,1,car,0.7260,564.0,485.1,650.1,538.2
1977,2,large_vehicle,0.5101,1191.0,504.7,1330.1,597.0
1977,2,large_vehicle,0.4767,954.0,413.7,1027.5,459.7
1977,0,person,0.1667,1068.8,407.9,1081.4,436.7
1977,1,car,0.1329,954.0,413.7,1027.5,459.7
1977,0,person,0.1303,1064.3,407.8,1078.5,437.7
1977,2,large_vehicle,0.1211,1191.0,525.1,1265.6,596.2
1978,1,car,0.8884,710.8,611.4,844.8,706.9
1978,1,car,0.7727,562.2,485.3,650.3,538.3
1978,2,large_vehicle,0.5310,1190.9,503.7,1329.7,597.1
1978,2,large_vehicle,0.4794,953.5,413.7,1027.5,459.7
1978,0,person,0.1647,1068.7,407.9,1081.4,436.7
1978,1,car,0.1482,953.5,413.7,1027.5,459.7
1978,0,person,0.1353,1064.2,407.8,1078.5,437.7
1978,2,large_vehicle,0.1177,1191.0,525.2,1265.1,596.2
1979,1,car,0.9103,693.4,615.3,828.4,712.8
1979,2,large_vehicle,0.6575,1195.4,500.8,1335.3,594.7
1979,1,car,0.6478,558.7,484.3,650.4,538.5
1979,2,large_vehicle,0.3695,953.9,413.2,1027.2,459.4
1979,0,person,0.1565,1062.5,410.3,1077.9,444.1
1979,2,large_vehicle,0.1505,558.7,484.3,650.4,538.5
1979,1,car,0.1100,953.9,413.2,1027.2,459.4
1980,1,car,0.9105,693.4,615.3,828.4,712.8
1980,2,large_vehicle,0.6549,1195.4,501.6,1334.6,594.7
1980,1,car,0.6500,558.8,484.3,650.4,538.5
1980,2,large_vehicle,0.3644,953.9,413.3,1027.3,459.4
1980,0,person,0.1581,1062.5,410.3,1077.9,444.1
1980,2,large_vehicle,0.1496,558.8,484.3,650.4,538.5
1980,1,car,0.1142,953.9,413.3,1027.3,459.4
1981,1,car,0.9100,693.4,615.3,828.4,712.7
1981,2,large_vehicle,0.6726,1195.4,500.0,1334.6,594.6
1981,1,car,0.6677,558.5,484.1,650.4,538.4
1981,2,large_vehicle,0.3512,953.6,413.2,1027.4,459.4
1981,0,person,0.1548,1062.6,410.3,1077.9,444.1
1981,2,large_vehicle,0.1339,558.5,484.1,650.4,538.4
1981,1,car,0.1254,953.6,413.2,1027.4,459.4
1982,1,car,0.8937,675.3,618.9,811.5,716.2
1982,2,large_vehicle,0.6253,1197.3,478.9,1333.6,593.3
1982,1,car,0.6252,562.4,484.6,650.5,538.3
1982,2,large_vehicle,0.2381,953.6,413.7,1028.1,459.5
1982,0,person,0.2121,1061.9,408.9,1077.5,443.5
1982,1,car,0.2118,953.6,413.7,1028.1,459.5
1982,2,large_vehicle,0.1601,562.4,484.6,650.5,538.3
1983,1,car,0.8926,675.3,618.9,811.6,716.2
1983,2,large_vehicle,0.6426,1197.3,478.7,1333.7,593.3
1983,1,car,0.6375,562.3,484.6,650.4,538.3
1983,2,large_vehicle,0.2515,953.6,413.7,1028.1,459.5
1983,0,person,0.2448,1061.9,408.9,1077.5,443.7
1983,1,car,0.2126,953.6,413.7,1028.1,459.5
1983,2,large_vehicle,0.1435,562.3,484.6,650.4,538.3
1984,1,car,0.8465,659.1,623.1,794.3,721.2
1984,1,car,0.5666,559.9,484.3,651.5,538.3
1984,2,large_vehicle,0.3455,952.5,413.6,1027.9,459.5
1984,0,person,0.2879,1060.9,408.7,1077.2,444.9
1984,1,car,0.2746,1197.3,479.2,1318.5,590.4
1984,2,large_vehicle,0.2328,1197.3,479.2,1318.5,590.4
1984,1,car,0.2035,952.5,413.6,1027.9,459.5
1984,2,large_vehicle,0.1963,559.9,484.3,651.5,538.3
1985,1,car,0.8483,659.1,623.1,794.3,721.2
1985,1,car,0.5960,562.3,484.7,651.4,538.3
1985,2,large_vehicle,0.3756,952.8,413.6,1027.8,459.6
1985,0,person,0.3471,1060.8,408.5,1077.0,445.0
1985,2,large_vehicle,0.2703,1197.4,478.1,1317.8,590.5
1985,1,car,0.2608,1197.4,478.1,1317.8,590.5
1985,1,car,0.2140,952.8,413.6,1027.8,459.6
1985,2,large_vehicle,0.1614,562.3,484.7,651.4,538.3
1986,1,car,0.8464,659.1,623.1,794.3,721.2
1986,1,car,0.5918,562.1,484.6,651.5,538.3
1986,2,large_vehicle,0.3735,952.8,413.6,1027.8,459.6
1986,0,person,0.3485,1060.8,408.5,1077.1,444.9
1986,2,large_vehicle,0.2791,1197.3,477.1,1321.6,590.5
1986,1,car,0.2584,1197.3,477.1,1321.6,590.5
1986,1,car,0.2141,952.8,413.6,1027.8,459.6
1986,2,large_vehicle,0.1637,562.1,484.6,651.5,538.3
1987,1,car,0.8953,640.8,627.7,778.3,725.6
1987,1,car,0.7554,561.6,484.8,650.2,538.4
1987,2,large_vehicle,0.4399,953.6,413.8,1027.3,459.7
1987,2,large_vehicle,0.3072,1200.4,481.6,1323.7,587.6
1987,1,car,0.1143,953.6,413.8,1027.3,459.7
1987,0,person,0.1130,1059.9,410.0,1075.8,444.4
1988,1,car,0.8972,640.8,627.6,778.3,725.6
1988,1,car,0.7202,560.5,484.5,650.1,538.5
1988,2,large_vehicle,0.4465,953.5,413.6,1027.3,459.6
1988,2,large_vehicle,0.2795,1201.4,483.4,1321.8,587.7
1988,0,person,0.1104,1060.0,409.9,1075.9,444.5
1989,1,car,0.9069,623.5,630.7,761.1,729.0
1989,1,car,0.7072,557.0,484.0,650.1,538.4
1989,2,large_vehicle,0.6001,1213.9,480.8,1327.4,585.1
1989,2,large_vehicle,0.3862,954.4,413.4,1027.2,459.5
1989,0,person,0.2431,1058.5,409.1,1075.1,444.1
1989,1,car,0.1489,954.4,413.4,1027.2,459.5
1990,1,car,0.9066,623.5,630.7,761.1,729.0
1990,1,car,0.7261,557.7,484.0,649.8,538.5
1990,2,large_vehicle,0.5707,1214.0,481.6,1326.3,585.2
1990,2,large_vehicle,0.3782,954.3,413.3,1027.4,459.4
1990,0,person,0.2288,1058.4,409.1,1075.1,444.0
1990,1,car,0.1380,954.3,413.3,1027.4,459.4
1991,1,car,0.9070,623.5,630.7,761.0,729.0
1991,1,car,0.6928,558.0,484.1,649.7,538.4
1991,2,large_vehicle,0.5499,1214.3,483.3,1323.7,585.3
1991,2,large_vehicle,0.3780,954.2,413.4,1027.4,459.4
1991,0,person,0.2263,1058.5,409.0,1075.1,444.0
1991,2,large_vehicle,0.1160,558.0,484.1,649.7,538.4
1991,1,car,0.1136,954.2,413.4,1027.4,459.4
1992,1,car,0.9125,605.0,635.4,744.8,732.8
1992,1,car,0.7024,558.0,484.3,649.8,538.2
1992,1,car,0.2878,1220.9,506.3,1314.9,580.7
1992,0,person,0.2419,1195.2,511.8,1216.4,568.5
1992,2,large_vehicle,0.1828,953.9,414.1,1027.6,459.3
1993,1,car,0.9120,605.1,635.4,744.8,732.8
1993,1,car,0.6966,556.5,484.1,649.7,538.1
1993,1,car,0.3166,1221.0,506.7,1315.9,580.7
1993,0,person,0.2334,1195.1,511.7,1216.4,568.5
1993,2,large_vehicle,0.1676,953.9,414.2,1027.7,459.3
1993,2,large_vehicle,0.1047,556.5,484.1,649.7,538.1
1994,1,car,0.9059,589.4,639.1,726.6,736.6
1994,1,car,0.6298,561.8,484.3,649.7,538.2
1994,2,large_vehicle,0.2708,953.1,414.3,1027.2,459.4
1994,2,large_vehicle,0.1624,561.8,484.3,649.7,538.2
1994,2,large_vehicle,0.1463,953.5,413.7,1028.2,459.5
1994,0,person,0.1420,1195.1,512.2,1217.1,571.0
1995,1,car,0.9061,589.4,639.1,726.6,736.6
1995,1,car,0.6137,561.6,484.4,649.6,538.1
1995,2,large_vehicle,0.2616,953.1,414.3,1027.2,459.4
1995,2,large_vehicle,0.1721,561.6,484.4,649.6,538.1
1995,0,person,0.1332,1195.1,512.3,1217.1,571.1
1995,2,large_vehicle,0.1123,953.5,413.7,1028.2,459.4
1996,1,car,0.9048,589.4,639.1,726.6,736.6
1996,1,car,0.6274,561.0,484.3,649.5,538.1
1996,2,large_vehicle,0.2899,953.3,414.6,1026.9,459.5
1996,2,large_vehicle,0.1631,561.0,484.3,649.5,538.1
1997,1,car,0.9133,570.4,642.7,709.0,740.4
1997,1,car,0.7602,558.0,484.3,650.1,538.4
1997,2,large_vehicle,0.2903,1224.9,482.8,1331.5,577.0
1997,2,large_vehicle,0.2608,953.6,414.5,1026.2,459.4
1997,0,person,0.2458,1195.2,511.2,1216.7,570.2
1998,1,car,0.9150,553.0,645.9,690.6,744.0
1998,1,car,0.6655,559.6,484.1,649.6,538.2
1998,2,large_vehicle,0.2028,1227.3,481.6,1335.2,574.1
1998,0,person,0.1911,1195.3,511.9,1215.9,569.2
1998,2,large_vehicle,0.1737,954.2,414.3,1026.2,459.1
1998,2,large_vehicle,0.1423,559.6,484.1,649.6,538.2
1999,1,car,0.9146,553.1,645.9,690.7,744.1
1999,1,car,0.6350,558.8,483.9,649.6,538.2
1999,2,large_vehicle,0.1980,1227.3,481.8,1334.3,574.1
1999,2,large_vehicle,0.1678,558.8,483.9,649.6,538.2
1999,0,person,0.1608,1195.5,512.3,1215.8,569.3
1999,2,large_vehicle,0.1560,954.2,414.5,1026.0,459.0
