frame,class_id,class,conf,x1,y1,x2,y2
0,1,car,0.9083,552.8,645.7,690.9,744.4
0,1,car,0.6210,558.4,484.1,649.2,538.2
0,2,large_vehicle,0.2455,1226.7,483.8,1335.0,574.4
0,0,person,0.2263,1195.4,511.2,1216.2,569.8
0,2,large_vehicle,0.1711,953.9,414.8,1026.0,459.3
0,2,large_vehicle,0.1544,558.4,484.1,649.2,538.2
1,1,car,0.8832,535.1,650.4,672.9,747.3
1,1,car,0.5928,557.0,483.9,649.3,538.2
1,0,person,0.2617,1195.4,509.3,1217.1,570.6
1,2,large_vehicle,0.2219,954.9,415.0,1027.1,459.5
1,2,large_vehicle,0.1774,557.0,483.9,649.3,538.2
2,1,car,0.8842,535.1,650.4,672.9,747.3
2,1,car,0.6168,558.0,484.2,649.2,538.2
2,0,person,0.2524,1195.4,509.3,1217.0,570.4
2,2,large_vehicle,0.2172,955.0,415.2,1027.1,459.5
2,2,large_vehicle,0.1594,558.0,484.2,649.2,538.2
3,1,car,0.8922,517.6,654.5,655.9,750.9
3,1,car,0.4516,561.8,483.7,649.4,538.3
3,0,person,0.2873,1195.5,509.1,1217.2,570.5
3,2,large_vehicle,0.2868,561.8,483.7,649.4,538.3
3,2,large_vehicle,0.2670,954.1,415.3,1027.1,459.6
4,1,car,0.8919,517.7,654.5,656.0,750.9
4,1,car,0.5205,562.6,484.1,649.7,538.4
4,2,large_vehicle,0.3006,954.4,415.2,1026.3,459.6
4,0,person,0.2579,1195.5,509.2,1217.1,570.4
4,2,large_vehicle,0.2091,562.6,484.1,649.7,538.4
5,1,car,0.8912,517.7,654.5,656.0,750.9
5,1,car,0.5009,561.2,483.9,649.6,538.4
5,2,large_vehicle,0.2909,954.4,415.3,1026.5,459.6
5,0,person,0.2375,1195.4,509.2,1216.9,570.2
5,2,large_vehicle,0.2164,561.2,483.9,649.6,538.4
6,1,car,0.8808,501.1,657.7,638.8,754.9
6,1,car,0.6443,558.6,484.0,649.7,538.3
6,2,large_vehicle,0.4216,954.0,415.0,1026.0,459.4
6,0,person,0.2928,1195.2,509.5,1217.3,570.9
6,2,large_vehicle,0.1434,558.6,484.0,649.7,538.3
6,0,person,0.1161,870.1,451.1,887.2,492.8
7,1,car,0.8804,501.1,657.7,638.8,754.9
7,1,car,0.5744,554.3,483.5,649.7,538.3
7,2,large_vehicle,0.3925,953.7,414.7,1026.5,459.4
7,0,person,0.3074,1195.3,510.0,1217.4,570.7
7,2,large_vehicle,0.2105,554.3,483.5,649.7,538.3
7,0,person,0.1206,869.9,451.1,887.2,492.9
8,1,car,0.8973,483.3,660.8,622.4,757.8
8,1,car,0.4820,560.3,483.5,649.6,538.1
8,2,large_vehicle,0.2927,560.3,483.5,649.6,538.1
8,2,large_vehicle,0.2635,954.3,414.8,1026.6,459.3
8,0,person,0.2087,1195.3,509.8,1217.1,570.0
9,1,car,0.8976,483.2,660.8,622.4,757.8
9,1,car,0.4882,560.4,483.6,649.5,538.2
9,2,large_vehicle,0.3030,560.4,483.6,649.5,538.2
9,2,large_vehicle,0.2759,954.0,414.7,1026.6,459.2
9,0,person,0.1770,1195.3,510.5,1216.9,569.9
10,1,car,0.8965,483.2,660.8,622.3,757.8
10,1,car,0.4442,559.4,483.3,649.5,538.3
10,2,large_vehicle,0.3301,559.4,483.3,649.5,538.3
10,2,large_vehicle,0.2870,954.2,415.0,1026.6,459.3
10,0,person,0.1964,1195.4,510.5,1216.9,570.1
11,1,car,0.8822,465.8,664.0,601.6,760.8
11,1,car,0.5906,560.2,483.8,649.7,538.2
11,2,large_vehicle,0.3136,954.0,415.0,1027.6,459.3
11,0,person,0.3079,1195.5,510.1,1216.7,570.2
11,0,person,0.2158,1049.1,409.3,1064.8,438.9
11,2,large_vehicle,0.1834,560.2,483.8,649.7,538.2
12,1,car,0.8825,466.1,664.0,601.7,760.8
12,1,car,0.6035,558.3,483.8,649.6,538.2
12,2,large_vehicle,0.3256,953.9,415.2,1027.6,459.4
12,0,person,0.3137,1195.5,510.2,1216.6,570.1
12,0,person,0.2261,1049.1,409.3,1064.7,439.0
12,2,large_vehicle,0.1904,558.3,483.8,649.6,538.2
13,1,car,0.8716,451.3,666.9,586.9,763.7
13,1,car,0.4442,561.4,484.2,649.3,538.0
13,2,large_vehicle,0.3955,953.3,415.1,1027.0,459.3
13,2,large_vehicle,0.3060,561.4,484.2,649.3,538.0
13,0,person,0.1740,869.4,449.5,884.7,492.4
13,0,person,0.1719,1195.3,510.6,1216.4,570.6
14,1,car,0.8717,451.3,666.9,586.9,763.7
14,1,car,0.4436,561.7,484.1,649.3,538.1
14,2,large_vehicle,0.3998,953.3,415.1,1027.0,459.3
14,2,large_vehicle,0.3143,561.7,484.1,649.3,538.1
14,0,person,0.1800,1195.4,510.3,1216.6,570.6
14,0,person,0.1622,869.4,449.5,884.7,492.4
15,1,car,0.8714,451.4,667.0,586.9,763.6
15,1,car,0.4264,561.8,484.0,649.2,538.0
15,2,large_vehicle,0.3673,953.2,415.2,1027.2,459.3
15,2,large_vehicle,0.3253,561.8,484.0,649.2,538.0
15,0,person,0.1938,869.4,449.5,884.7,492.4
15,0,person,0.1482,1195.3,510.4,1216.4,570.7
16,1,car,0.8593,434.0,670.7,566.4,766.5
16,1,car,0.5553,559.2,483.8,649.5,538.3
16,2,large_vehicle,0.4371,953.4,414.8,1027.5,459.4
16,0,person,0.3695,869.4,450.1,885.1,492.8
16,0,person,0.2590,1195.3,509.8,1216.7,570.5
16,2,large_vehicle,0.2311,559.2,483.8,649.5,538.3
16,0,person,0.1742,1046.9,409.7,1062.6,437.5
16,1,car,0.1173,953.4,414.8,1027.5,459.4
17,1,car,0.8597,434.0,670.7,566.4,766.5
17,1,car,0.5556,559.3,483.8,649.5,538.2
17,2,large_vehicle,0.3987,953.4,415.0,1027.3,459.4
17,0,person,0.3537,869.4,449.9,885.1,492.8
17,0,person,0.2581,1195.3,509.7,1216.7,570.4
17,2,large_vehicle,0.2264,559.3,483.8,649.5,538.2
17,0,person,0.1141,1046.8,410.0,1062.5,437.7
17,1,car,0.1082,953.4,415.0,1027.3,459.4
18,1,car,0.8588,417.6,673.2,550.3,769.9
18,1,car,0.5305,562.6,483.5,649.7,538.2
18,2,large_vehicle,0.1794,954.4,414.7,1027.4,459.3
18,2,large_vehicle,0.1739,562.6,483.5,649.7,538.2
18,0,person,0.1179,1195.1,509.8,1216.6,570.3
19,1,car,0.8593,417.6,673.1,550.3,769.9
19,1,car,0.4612,561.6,483.5,649.7,538.2
19,2,large_vehicle,0.1624,561.6,483.5,649.7,538.2
19,2,large_vehicle,0.1340,954.4,414.9,1027.5,459.3
19,0,person,0.1190,1195.4,509.9,1216.8,570.4
20,1,car,0.8596,417.6,673.1,550.3,769.9
20,1,car,0.4689,562.4,483.6,649.8,538.2
20,2,large_vehicle,0.1652,562.4,483.6,649.8,538.2
20,2,large_vehicle,0.1422,954.4,414.8,1027.4,459.3
21,1,car,0.8374,403.2,677.2,532.5,772.6
21,1,car,0.6026,562.6,484.1,649.4,538.2
21,2,large_vehicle,0.1460,562.6,484.1,649.4,538.2
21,2,large_vehicle,0.1314,953.9,415.6,1027.5,459.3
22,1,car,0.8362,388.6,678.1,515.3,773.9
22,1,car,0.5160,563.6,484.0,649.3,537.9
22,2,large_vehicle,0.2290,953.6,415.5,1027.3,459.4
22,2,large_vehicle,0.1784,563.6,484.0,649.3,537.9
22,0,person,0.1736,1195.2,509.6,1216.7,570.7
22,1,car,0.1055,953.6,415.5,1027.3,459.4
23,1,car,0.8370,388.5,678.1,515.3,773.9
23,1,car,0.5150,563.7,483.9,649.3,537.9
23,2,large_vehicle,0.2150,953.6,415.5,1027.4,459.4
23,2,large_vehicle,0.1756,563.7,483.9,649.3,537.9
23,0,person,0.1669,1195.2,509.6,1216.7,570.7
23,1,car,0.1035,953.6,415.5,1027.4,459.4
24,1,car,0.8341,388.6,678.2,515.2,773.9
24,1,car,0.5234,563.7,483.9,649.2,538.0
24,2,large_vehicle,0.2496,953.5,415.6,1027.2,459.4
24,0,person,0.2053,1195.3,509.4,1216.8,570.7
24,2,large_vehicle,0.1718,563.7,483.9,649.2,538.0
24,1,car,0.1420,953.5,415.6,1027.2,459.4
25,1,car,0.7223,372.6,682.2,497.9,775.9
25,1,car,0.6380,562.2,484.4,649.5,537.9
25,2,large_vehicle,0.2756,953.7,415.6,1027.0,459.2
25,0,person,0.1878,1195.3,509.3,1217.0,570.5
25,2,large_vehicle,0.1375,562.2,484.4,649.5,537.9
25,0,person,0.1311,867.6,449.8,883.2,491.0
25,1,car,0.1157,953.7,415.6,1027.0,459.2
25,0,person,0.1054,1042.4,410.3,1058.6,444.1
26,1,car,0.7289,372.7,682.3,497.8,776.0
26,1,car,0.6320,563.0,484.4,649.5,537.9
26,2,large_vehicle,0.2873,953.9,415.6,1026.9,459.2
26,0,person,0.1815,1195.2,509.2,1217.0,570.3
26,0,person,0.1567,867.6,449.8,883.1,491.0
26,2,large_vehicle,0.1430,563.0,484.4,649.5,537.9
26,1,car,0.1152,953.9,415.6,1026.9,459.2
27,1,car,0.8296,357.3,685.0,481.2,778.7
27,1,car,0.5633,561.8,484.2,649.6,537.7
27,0,person,0.2558,1042.6,409.7,1056.9,441.9
27,2,large_vehicle,0.2512,954.3,415.3,1027.1,459.2
27,2,large_vehicle,0.2113,561.8,484.2,649.6,537.7
27,0,person,0.1856,1041.9,410.4,1057.9,444.6
27,0,person,0.1679,1195.3,509.5,1216.8,570.4
27,1,car,0.1447,954.3,415.3,1027.1,459.2
28,1,car,0.8286,357.2,684.9,481.2,778.8
28,1,car,0.5058,562.3,484.2,649.8,537.7
28,0,person,0.3800,1042.7,409.7,1056.9,441.3
28,2,large_vehicle,0.2462,562.3,484.2,649.8,537.7
28,0,person,0.2279,1195.0,509.5,1216.5,570.7
28,2,large_vehicle,0.2137,954.4,415.2,1027.4,459.1
28,1,car,0.1116,954.4,415.2,1027.4,459.1
29,1,car,0.8286,357.2,684.9,481.3,778.8
29,1,car,0.5067,562.3,484.2,649.9,537.7
29,0,person,0.2941,1042.0,410.2,1057.9,444.8
29,2,large_vehicle,0.2496,562.3,484.2,649.9,537.7
29,0,person,0.2441,1195.1,509.4,1216.5,570.4
29,2,large_vehicle,0.2214,954.4,415.3,1027.5,459.1
29,0,person,0.1697,1042.8,409.6,1056.8,442.2
29,1,car,0.1164,954.4,415.3,1027.5,459.1
30,1,car,0.8517,341.7,688.7,467.4,780.5
30,1,car,0.5673,562.3,484.1,649.4,537.6
30,0,person,0.2252,1195.0,509.9,1216.3,570.4
30,2,large_vehicle,0.2215,562.3,484.1,649.4,537.6
30,2,large_vehicle,0.1539,954.1,415.9,1027.0,459.0
31,1,car,0.8557,341.7,688.7,466.8,780.6
31,1,car,0.5292,560.9,483.8,649.3,537.5
31,0,person,0.3006,1195.3,510.1,1216.4,570.5
31,2,large_vehicle,0.2478,560.9,483.8,649.3,537.5
31,2,large_vehicle,0.1825,954.2,415.9,1027.2,459.0
32,1,car,0.8271,327.3,689.3,450.6,782.8
32,1,car,0.4644,564.3,483.8,649.6,537.5
32,0,person,0.2546,1041.0,410.1,1055.7,439.2
32,2,large_vehicle,0.2102,564.3,483.8,649.6,537.5
32,0,person,0.2054,1195.3,510.2,1216.6,570.6
32,2,large_vehicle,0.1547,954.1,415.9,1027.6,459.2
33,1,car,0.8268,327.3,689.3,450.5,782.9
33,1,car,0.4597,562.8,483.6,649.6,537.6
33,0,person,0.2361,1041.0,410.0,1055.7,439.1
33,2,large_vehicle,0.2105,562.8,483.6,649.6,537.6
33,0,person,0.1702,1195.3,510.4,1216.6,570.8
33,2,large_vehicle,0.1512,954.1,416.0,1027.7,459.2
34,1,car,0.8275,327.3,689.4,450.3,782.8
34,1,car,0.5246,563.9,484.1,649.8,537.6
34,0,person,0.2906,1041.0,410.0,1055.7,439.1
34,2,large_vehicle,0.1779,563.9,484.1,649.8,537.6
34,2,large_vehicle,0.1576,953.9,415.7,1027.7,459.1
34,0,person,0.1498,1195.2,510.2,1216.7,570.7
35,1,car,0.8111,314.6,693.7,432.4,784.1
35,1,car,0.6883,560.8,484.3,649.8,537.6
35,2,large_vehicle,0.3559,953.7,415.1,1027.2,458.9
35,0,person,0.1268,1040.7,409.9,1055.2,438.9
35,0,person,0.1156,1195.0,509.9,1216.7,570.6
36,1,car,0.8093,314.6,693.7,432.4,784.1
36,1,car,0.7006,561.4,484.3,649.8,537.6
36,2,large_vehicle,0.3711,953.8,415.1,1027.2,459.0
36,0,person,0.1066,1040.8,409.9,1055.2,438.8
37,1,car,0.7610,300.6,696.1,418.0,785.6
37,1,car,0.7022,562.0,484.3,650.1,537.4
37,2,large_vehicle,0.5166,955.4,415.3,1027.1,458.6
37,2,large_vehicle,0.1058,562.0,484.3,650.1,537.4
38,1,car,0.7628,300.6,696.1,418.0,785.6
38,1,car,0.7091,561.8,484.4,650.1,537.4
38,2,large_vehicle,0.5022,955.4,415.4,1027.0,458.6
38,2,large_vehicle,0.1046,561.8,484.4,650.1,537.4
39,1,car,0.7542,300.5,696.1,417.9,785.5
39,1,car,0.7041,561.5,484.2,650.0,537.4
39,2,large_vehicle,0.5015,955.4,415.2,1027.3,458.6
39,2,large_vehicle,0.1091,561.5,484.2,650.0,537.4
40,1,car,0.7174,282.9,699.0,402.4,786.7
40,1,car,0.6297,560.7,483.8,649.9,537.7
40,2,large_vehicle,0.2826,955.1,414.6,1028.7,459.0
40,0,person,0.1708,1037.1,409.5,1052.6,437.7
40,0,person,0.1346,1195.3,510.6,1216.4,570.8
40,2,large_vehicle,0.1223,560.7,483.8,649.9,537.7
41,1,car,0.7214,283.3,698.8,402.3,786.7
41,1,car,0.6204,560.8,483.7,649.8,537.7
41,2,large_vehicle,0.2753,955.1,414.5,1028.8,459.0
41,0,person,0.1511,1037.0,409.5,1052.5,437.8
41,2,large_vehicle,0.1245,560.8,483.7,649.8,537.7
41,0,person,0.1083,1195.2,510.7,1216.4,570.9
42,1,car,0.7100,274.7,700.2,387.9,788.7
42,1,car,0.5245,560.8,483.9,649.5,537.6
42,2,large_vehicle,0.2475,954.2,414.6,1028.9,458.9
42,2,large_vehicle,0.1828,560.8,483.9,649.5,537.6
42,0,person,0.1425,1195.3,510.5,1216.4,570.7
42,1,car,0.1348,954.2,414.6,1028.9,458.9
43,1,car,0.7212,274.7,700.1,388.0,789.0
43,1,car,0.5735,563.2,484.0,649.7,537.7
43,2,large_vehicle,0.2557,954.8,414.6,1028.3,458.9
43,0,person,0.1580,1195.3,510.7,1216.3,570.3
43,2,large_vehicle,0.1389,563.2,484.0,649.7,537.7
43,1,car,0.1245,954.8,414.6,1028.3,458.9
44,1,car,0.7226,274.7,700.1,388.0,789.0
44,1,car,0.5696,562.8,483.9,649.8,537.7
44,2,large_vehicle,0.2501,954.7,414.6,1028.3,458.9
44,0,person,0.1616,1195.2,510.6,1216.3,570.1
44,2,large_vehicle,0.1341,562.8,483.9,649.8,537.7
44,1,car,0.1231,954.7,414.6,1028.3,458.9
45,1,car,0.6881,559.7,484.0,649.9,537.7
45,1,car,0.5666,261.1,702.2,371.6,790.3
45,0,person,0.3394,1036.3,410.3,1050.6,438.9
45,2,large_vehicle,0.2870,954.5,414.1,1028.6,459.0
45,0,person,0.2014,1195.3,510.7,1216.1,570.0
45,2,large_vehicle,0.1356,261.1,702.2,371.6,790.3
45,1,car,0.1278,954.5,414.1,1028.6,459.0
45,2,large_vehicle,0.1016,954.8,412.9,1029.3,459.0
46,1,car,0.6895,560.1,484.2,650.0,537.7
46,1,car,0.5839,261.0,702.1,371.6,790.3
46,0,person,0.3016,1036.3,410.4,1050.6,438.8
46,0,person,0.2371,1195.4,510.3,1216.4,569.9
46,2,large_vehicle,0.2228,954.4,414.0,1028.3,459.0
46,2,large_vehicle,0.2189,954.8,412.7,1029.5,459.0
46,2,large_vehicle,0.1263,261.0,702.1,371.6,790.3
47,1,car,0.6463,560.4,484.1,649.9,537.5
47,1,car,0.5495,247.8,704.1,358.0,791.7
47,0,person,0.1908,1195.4,510.0,1216.6,570.2
47,2,large_vehicle,0.1412,955.3,414.3,1027.2,458.6
48,1,car,0.6540,560.6,484.1,650.1,537.4
48,1,car,0.5469,247.6,704.2,358.0,791.6
48,0,person,0.1743,1195.3,509.5,1216.5,570.1
48,2,large_vehicle,0.1326,955.2,414.3,1027.1,458.7
48,1,car,0.1041,955.2,414.3,1027.1,458.7
49,1,car,0.5862,232.1,707.2,345.5,791.8
49,1,car,0.4923,561.8,484.1,649.8,537.2
49,2,large_vehicle,0.2569,561.8,484.1,649.8,537.2
49,0,person,0.2187,1195.4,509.7,1216.4,569.9
49,2,large_vehicle,0.1889,955.5,414.7,1027.3,458.7
49,1,car,0.1495,955.5,414.7,1027.3,458.7
50,1,car,0.5985,232.1,707.3,345.6,791.8
50,1,car,0.4893,561.5,484.0,649.8,537.1
50,2,large_vehicle,0.2440,561.5,484.0,649.8,537.1
50,2,large_vehicle,0.1981,955.3,414.8,1027.1,458.7
50,0,person,0.1962,1195.4,509.8,1216.3,570.2
50,1,car,0.1328,955.3,414.8,1027.1,458.7
51,1,car,0.6935,224.2,707.8,332.5,793.4
51,1,car,0.4722,564.5,484.0,649.9,537.2
51,2,large_vehicle,0.1490,564.5,484.0,649.9,537.2
51,0,person,0.1051,1195.3,509.9,1216.2,570.0
52,1,car,0.6941,224.1,707.8,332.5,793.4
52,1,car,0.4772,566.8,484.2,650.0,537.2
52,2,large_vehicle,0.1593,566.8,484.2,650.0,537.2
52,1,car,0.1335,566.7,483.6,649.3,536.8
52,2,large_vehicle,0.1119,954.8,414.7,1027.7,458.7
53,1,car,0.6920,224.1,707.8,332.5,793.4
53,1,car,0.4614,566.9,484.2,650.0,537.2
53,2,large_vehicle,0.1722,566.9,484.2,650.0,537.2
53,1,car,0.1331,566.8,483.6,649.3,536.8
53,2,large_vehicle,0.1247,954.9,414.6,1027.7,458.7
54,1,car,0.6388,560.3,483.9,649.7,537.2
54,1,car,0.5612,213.5,708.5,316.5,793.6
54,2,large_vehicle,0.1760,213.5,708.5,316.5,793.6
54,0,person,0.1448,1195.4,510.3,1216.2,569.8
54,2,large_vehicle,0.1144,560.3,483.9,649.7,537.2
54,2,large_vehicle,0.1104,955.2,413.2,1033.1,458.5
55,1,car,0.6683,561.1,484.2,649.7,537.3
55,1,car,0.5658,213.4,708.5,316.7,793.6
55,0,person,0.1754,1195.4,509.8,1216.4,569.6
55,2,large_vehicle,0.1724,213.4,708.5,316.7,793.6
55,0,person,0.1600,1027.8,413.1,1045.1,450.9
56,1,car,0.6612,201.8,710.9,304.5,793.6
56,1,car,0.5984,561.9,484.3,650.2,537.0
56,0,person,0.1383,1027.0,413.8,1044.8,451.5
56,0,person,0.1182,1195.5,509.9,1216.5,569.7
56,2,large_vehicle,0.1078,561.9,484.3,650.2,537.0
57,1,car,0.6654,201.8,711.2,304.5,793.6
57,1,car,0.6218,562.0,484.4,650.1,536.9
57,0,person,0.1490,1027.0,413.9,1044.7,451.4
57,0,person,0.1118,1195.4,509.6,1216.3,569.4
57,2,large_vehicle,0.1050,562.0,484.4,650.1,536.9
57,2,large_vehicle,0.1010,955.7,414.5,1026.6,458.3
58,1,car,0.6636,201.8,710.9,304.4,793.6
58,1,car,0.5382,563.3,484.1,650.1,537.0
58,0,person,0.1701,1026.9,413.9,1044.6,451.8
58,2,large_vehicle,0.1310,563.3,484.1,650.1,537.0
58,0,person,0.1064,1195.3,509.5,1216.5,569.4
59,1,car,0.6543,191.9,711.7,290.4,794.3
59,1,car,0.4965,564.8,483.9,649.7,536.9
59,2,large_vehicle,0.1788,564.8,483.9,649.7,536.9
59,0,person,0.1208,1195.5,509.6,1216.8,569.4
60,1,car,0.6227,191.6,711.8,290.4,794.4
60,1,car,0.4755,563.9,483.8,649.8,536.9
60,2,large_vehicle,0.1970,563.9,483.8,649.8,536.9
60,0,person,0.1262,1195.5,509.8,1216.9,569.3
60,0,person,0.1013,859.4,449.6,874.7,493.0
61,1,car,0.6599,178.9,713.3,277.5,794.7
61,1,car,0.3832,556.8,483.4,650.0,536.7
61,0,person,0.2258,1195.5,509.4,1216.4,569.3
61,2,large_vehicle,0.1806,955.2,412.2,1037.2,458.5
61,0,person,0.1537,1025.9,412.7,1043.1,451.1
61,2,large_vehicle,0.1427,556.8,483.4,650.0,536.7
61,1,car,0.1263,955.2,412.2,1037.2,458.5
61,2,large_vehicle,0.1000,178.9,713.3,277.5,794.7
62,1,car,0.6565,178.8,713.3,277.5,794.6
62,1,car,0.3792,556.7,483.3,649.9,536.7
62,0,person,0.1952,1195.5,509.4,1216.5,569.3
62,2,large_vehicle,0.1826,955.2,412.3,1037.1,458.5
62,0,person,0.1554,1025.9,412.5,1043.1,451.0
62,2,large_vehicle,0.1501,556.7,483.3,649.9,536.7
62,1,car,0.1246,955.2,412.3,1037.1,458.5
62,2,large_vehicle,0.1037,178.8,713.3,277.5,794.6
63,1,car,0.6517,178.8,713.4,277.5,794.6
63,1,car,0.4292,556.9,483.4,649.9,536.8
63,0,person,0.2009,1195.5,509.9,1216.3,569.5
63,2,large_vehicle,0.1635,955.0,412.4,1037.8,458.5
63,2,large_vehicle,0.1403,556.9,483.4,649.9,536.8
63,2,large_vehicle,0.1064,178.8,713.4,277.5,794.6
63,1,car,0.1027,955.0,412.4,1037.8,458.5
64,1,car,0.6937,170.0,713.5,265.2,796.1
64,1,car,0.5929,560.0,484.0,649.8,537.0
64,0,person,0.1091,1195.4,509.8,1216.4,569.2
64,1,car,0.1079,955.3,412.3,1035.3,458.3
64,2,large_vehicle,0.1068,560.0,484.0,649.8,537.0
65,1,car,0.6975,170.0,713.5,265.2,796.1
65,1,car,0.5806,559.9,484.0,649.8,537.0
65,2,large_vehicle,0.1119,559.9,484.0,649.8,537.0
65,0,person,0.1044,1195.4,509.8,1216.3,569.2
66,1,car,0.6142,161.1,715.3,254.4,796.2
66,1,car,0.6123,560.5,484.6,650.2,536.8
66,1,car,0.2138,955.7,412.0,1037.0,458.3
66,2,large_vehicle,0.1602,955.7,412.0,1037.0,458.3
66,0,person,0.1188,1195.5,509.7,1216.2,569.1
66,2,large_vehicle,0.1059,560.5,484.6,650.2,536.8
67,1,car,0.6296,161.1,715.4,254.3,796.2
67,1,car,0.5561,563.9,484.6,650.3,536.9
67,1,car,0.2513,955.7,411.8,1037.4,458.3
67,0,person,0.2262,1195.4,509.4,1216.6,568.8
67,2,large_vehicle,0.1568,955.7,411.8,1037.4,458.3
67,1,car,0.1519,564.4,484.1,649.6,536.5
67,2,large_vehicle,0.1125,563.9,484.6,650.3,536.9
67,1,car,0.1055,955.8,413.8,1034.7,458.3
67,0,person,0.1025,858.0,450.8,873.8,492.2
68,1,car,0.6286,161.2,715.4,254.3,796.2
68,1,car,0.5570,563.7,484.6,650.3,536.9
68,0,person,0.2317,1195.4,509.4,1216.6,568.8
68,1,car,0.2281,955.7,411.7,1037.4,458.3
68,2,large_vehicle,0.1575,955.7,411.7,1037.4,458.3
68,1,car,0.1434,564.2,484.1,649.6,536.5
68,2,large_vehicle,0.1142,563.7,484.6,650.3,536.9
68,0,person,0.1026,858.0,450.8,873.8,492.2
69,1,car,0.6465,153.6,716.8,243.6,796.5
69,1,car,0.5504,564.1,484.1,650.2,536.7
69,1,car,0.3116,955.6,411.0,1039.5,458.3
69,0,person,0.3092,856.8,450.0,873.6,494.4
69,0,person,0.2733,1195.4,509.1,1216.3,568.9
69,1,car,0.1739,564.3,483.6,649.5,536.4
69,2,large_vehicle,0.1649,955.6,411.0,1039.5,458.3
69,2,large_vehicle,0.1216,564.1,484.1,650.2,536.7
70,1,car,0.7085,144.3,717.3,233.4,797.0
70,1,car,0.4412,556.9,483.7,650.3,536.7
70,0,person,0.2424,856.6,449.6,874.4,493.9
70,0,person,0.2327,1195.4,508.7,1216.5,569.1
70,2,large_vehicle,0.1886,955.5,410.8,1038.3,458.4
70,1,car,0.1766,955.5,410.8,1038.3,458.4
70,2,large_vehicle,0.1211,556.9,483.7,650.3,536.7
71,1,car,0.7081,144.6,717.3,233.4,797.0
71,1,car,0.4502,557.2,483.7,650.4,536.8
71,0,person,0.2446,856.6,449.6,874.4,493.9
71,0,person,0.2223,1195.3,508.9,1216.5,569.3
71,2,large_vehicle,0.1811,955.5,410.9,1038.3,458.3
71,1,car,0.1748,955.5,410.9,1038.3,458.3
71,2,large_vehicle,0.1178,557.2,483.7,650.4,536.8
72,1,car,0.7025,144.6,717.6,233.4,796.9
72,1,car,0.4267,557.2,483.5,650.1,536.7
72,0,person,0.2306,856.7,449.7,874.3,493.7
72,0,person,0.2020,1195.4,508.9,1216.6,569.4
72,2,large_vehicle,0.1905,955.8,411.3,1037.9,458.3
72,1,car,0.1701,955.8,411.3,1037.9,458.3
72,2,large_vehicle,0.1618,557.2,483.5,650.1,536.7
73,1,car,0.7142,135.4,718.3,222.9,797.0
73,1,car,0.5718,555.5,483.6,650.2,536.8
73,0,person,0.2284,1195.4,508.8,1216.7,569.0
73,1,car,0.2148,955.3,411.1,1036.6,458.2
73,2,large_vehicle,0.1758,955.3,411.1,1036.6,458.2
73,2,large_vehicle,0.1628,555.5,483.6,650.2,536.8
74,1,car,0.7168,135.5,718.3,222.2,797.1
74,1,car,0.5700,555.7,483.6,650.2,536.8
74,0,person,0.2445,1195.5,508.7,1216.7,569.0
74,1,car,0.2170,955.1,411.1,1036.5,458.2
74,2,large_vehicle,0.1777,955.1,411.1,1036.5,458.2
74,2,large_vehicle,0.1623,555.7,483.6,650.2,536.8
75,1,car,0.6899,126.9,719.7,210.5,797.0
75,1,car,0.6258,559.5,484.2,651.1,536.6
75,0,person,0.1691,1195.5,508.7,1216.7,568.7
75,1,car,0.1397,955.4,412.1,1035.6,458.2
76,1,car,0.6967,126.9,719.8,210.5,796.9
76,1,car,0.6451,559.1,484.4,650.4,536.7
76,0,person,0.1723,1195.5,508.8,1216.8,568.8
76,1,car,0.1091,955.5,412.1,1035.3,458.1
77,1,car,0.6975,126.9,719.7,210.5,796.9
77,1,car,0.6443,559.1,484.4,650.4,536.7
77,0,person,0.1712,1195.5,508.8,1216.8,568.8
77,1,car,0.1208,955.4,412.1,1035.4,458.2
78,1,car,0.6689,118.7,721.8,199.3,796.4
78,1,car,0.5294,561.8,484.3,649.8,536.4
78,2,large_vehicle,0.1726,561.8,484.3,649.8,536.4
78,1,car,0.1512,955.8,412.0,1034.4,458.2
78,0,person,0.1373,1195.3,509.1,1216.4,568.7
78,2,large_vehicle,0.1131,955.8,412.0,1034.4,458.2
79,1,car,0.6708,118.6,721.8,199.1,796.5
79,1,car,0.4851,561.3,484.1,649.8,536.4
79,2,large_vehicle,0.2075,561.3,484.1,649.8,536.4
79,0,person,0.2067,1195.5,509.1,1216.6,568.8
79,1,car,0.1715,955.9,411.8,1034.9,458.2
79,2,large_vehicle,0.1274,955.9,411.8,1034.9,458.2
80,1,car,0.5696,111.1,723.6,189.0,796.7
80,1,car,0.4575,562.6,484.5,650.0,536.5
80,0,person,0.1650,1195.5,509.1,1216.6,568.9
80,1,car,0.1418,955.5,412.3,1032.5,458.1
80,2,large_vehicle,0.1393,955.5,412.3,1032.5,458.1
80,2,large_vehicle,0.1347,562.6,484.5,650.0,536.5
80,1,car,0.1251,563.8,483.8,649.2,536.1
80,2,large_vehicle,0.1010,111.1,723.6,189.0,796.7
81,1,car,0.5765,111.1,723.5,189.0,796.7
81,1,car,0.4448,560.2,484.1,649.7,536.4
81,0,person,0.1601,1195.5,509.0,1216.7,568.9
81,2,large_vehicle,0.1542,560.2,484.1,649.7,536.4
81,1,car,0.1507,955.5,412.3,1032.6,458.2
81,2,large_vehicle,0.1443,955.5,412.3,1032.6,458.2
82,1,car,0.5683,111.1,723.5,189.1,796.8
82,1,car,0.5102,559.2,484.2,650.0,536.5
82,1,car,0.1788,955.4,412.3,1032.6,458.2
82,0,person,0.1726,1195.5,509.2,1216.7,569.1
82,2,large_vehicle,0.1577,955.4,412.3,1032.6,458.2
82,2,large_vehicle,0.1404,559.2,484.2,650.0,536.5
83,1,car,0.5583,557.3,483.9,650.0,536.6
83,1,car,0.4849,103.6,723.3,180.3,797.1
83,0,person,0.2214,1195.4,509.1,1216.5,569.1
83,2,large_vehicle,0.2113,955.0,412.4,1032.5,458.2
83,1,car,0.1984,955.0,412.4,1032.5,458.2
83,4,other_vehicle,0.1875,103.6,723.3,180.3,797.1
83,2,large_vehicle,0.1520,557.3,483.9,650.0,536.6
84,1,car,0.5810,557.6,483.7,650.0,536.7
84,1,car,0.4787,103.7,723.4,180.5,797.0
84,0,person,0.2558,1195.4,509.2,1216.4,568.8
84,2,large_vehicle,0.2077,955.2,412.8,1032.5,458.2
84,4,other_vehicle,0.1875,103.7,723.4,180.5,797.0
84,1,car,0.1855,955.2,412.8,1032.5,458.2
84,2,large_vehicle,0.1449,557.6,483.7,650.0,536.7
84,1,car,0.1078,956.0,413.9,1032.3,457.4
85,1,car,0.5367,561.8,484.2,650.5,536.7
85,1,car,0.4979,93.0,722.7,172.8,797.3
85,0,person,0.1999,1195.5,509.3,1216.2,568.8
85,4,other_vehicle,0.1836,93.0,722.7,172.8,797.3
85,1,car,0.1531,956.2,413.9,1030.5,457.5
85,2,large_vehicle,0.1481,956.2,413.9,1030.5,457.5
85,2,large_vehicle,0.1338,561.8,484.2,650.5,536.7
86,1,car,0.5344,561.9,484.2,650.6,536.7
86,1,car,0.4842,93.0,722.8,172.8,797.2
86,0,person,0.2111,1195.5,509.2,1216.3,568.8
86,4,other_vehicle,0.1975,93.0,722.8,172.8,797.2
86,1,car,0.1597,956.4,413.9,1030.5,457.5
86,2,large_vehicle,0.1499,956.4,413.9,1030.5,457.5
86,2,large_vehicle,0.1349,561.9,484.2,650.6,536.7
87,1,car,0.5970,561.9,484.5,650.3,536.6
87,1,car,0.5085,93.0,722.8,172.8,797.3
87,0,person,0.1806,1195.5,509.1,1216.2,568.7
87,4,other_vehicle,0.1672,93.0,722.8,172.8,797.3
87,1,car,0.1483,956.3,413.9,1030.4,457.5
87,2,large_vehicle,0.1477,956.3,413.9,1030.4,457.5
87,2,large_vehicle,0.1084,561.9,484.5,650.3,536.6
88,1,car,0.6351,85.9,722.2,163.3,800.5
88,1,car,0.4195,560.9,483.7,649.9,536.5
88,1,car,0.2679,955.5,413.8,1031.5,458.2
88,0,person,0.2595,1195.5,509.5,1215.9,568.7
88,2,large_vehicle,0.2519,560.9,483.7,649.9,536.5
88,2,large_vehicle,0.1931,955.5,413.8,1031.5,458.2
88,1,car,0.1125,956.4,414.8,1031.5,456.8
89,1,car,0.6359,85.9,722.1,163.3,800.5
89,1,car,0.3848,560.5,483.4,649.9,536.5
89,1,car,0.2754,955.5,413.9,1031.7,458.2
89,2,large_vehicle,0.2574,560.5,483.4,649.9,536.5
89,0,person,0.2527,1195.5,509.7,1215.9,568.7
89,2,large_vehicle,0.1894,955.5,413.9,1031.7,458.2
90,1,car,0.6162,78.0,724.3,153.5,799.0
90,1,car,0.4306,561.7,484.1,649.9,536.7
90,2,large_vehicle,0.2280,955.9,413.1,1029.3,458.2
90,0,person,0.1885,1195.3,509.7,1216.0,569.2
90,1,car,0.1672,955.9,413.1,1029.3,458.2
90,2,large_vehicle,0.1310,561.7,484.1,649.9,536.7
90,1,car,0.1088,956.8,414.4,1029.3,456.9
91,1,car,0.6175,78.0,724.3,153.5,799.0
91,1,car,0.4643,563.6,484.3,649.9,536.7
91,2,large_vehicle,0.2243,956.0,413.0,1029.3,458.2
91,0,person,0.1608,1195.2,509.6,1216.2,569.2
91,1,car,0.1531,956.0,413.0,1029.3,458.2
91,1,car,0.1320,956.8,414.2,1029.3,457.2
91,2,large_vehicle,0.1236,956.8,414.2,1029.3,457.2
91,2,large_vehicle,0.1226,563.6,484.3,649.9,536.7
92,1,car,0.6118,78.0,724.3,153.4,799.0
92,1,car,0.4564,563.5,484.3,649.9,536.7
92,2,large_vehicle,0.2301,956.0,413.0,1029.3,458.2
92,0,person,0.1747,1195.2,509.7,1216.1,569.2
92,1,car,0.1536,956.0,413.0,1029.3,458.2
92,1,car,0.1268,956.8,414.3,1029.2,457.2
92,2,large_vehicle,0.1229,563.5,484.3,649.9,536.7
92,2,large_vehicle,0.1210,956.8,414.3,1029.2,457.2
93,4,other_vehicle,0.6653,71.7,726.0,144.2,798.5
93,1,car,0.5941,558.0,483.7,650.1,536.7
93,0,person,0.2983,1195.5,508.9,1216.2,568.4
93,2,large_vehicle,0.2716,955.6,414.2,1029.5,457.4
93,1,car,0.2460,955.6,414.2,1029.5,457.4
93,2,large_vehicle,0.1460,558.0,483.7,650.1,536.7
93,0,person,0.1069,1013.4,417.7,1029.1,451.9
94,1,car,0.6335,558.3,484.2,650.3,536.7
94,4,other_vehicle,0.4657,65.5,727.5,137.0,797.2
94,0,person,0.2553,1195.4,509.5,1216.8,568.5
94,1,car,0.2110,956.7,413.9,1028.3,457.5
94,2,large_vehicle,0.1593,956.7,413.9,1028.3,457.5
94,2,large_vehicle,0.1435,65.5,727.5,137.0,797.2
94,1,car,0.1184,65.5,727.5,137.0,797.2
94,0,person,0.1136,1013.3,416.5,1028.2,452.2
94,2,large_vehicle,0.1119,558.3,484.2,650.3,536.7
95,1,car,0.6314,558.3,484.2,650.4,536.7
95,4,other_vehicle,0.4632,65.5,727.5,137.0,797.2
95,0,person,0.2506,1195.3,509.5,1216.7,568.5
95,1,car,0.2048,956.7,413.9,1028.3,457.5
95,2,large_vehicle,0.1587,956.7,413.9,1028.3,457.5
95,2,large_vehicle,0.1433,65.5,727.5,137.0,797.2
95,1,car,0.1209,65.5,727.5,137.0,797.2
95,0,person,0.1201,1013.3,416.4,1028.2,452.3
95,2,large_vehicle,0.1085,558.3,484.2,650.4,536.7
96,1,car,0.6426,558.6,484.2,650.6,536.7
96,4,other_vehicle,0.4728,65.5,727.5,137.0,797.3
96,0,person,0.2532,1195.3,509.4,1216.7,568.4
96,1,car,0.2067,956.9,414.1,1028.2,457.5
96,2,large_vehicle,0.1608,956.9,414.1,1028.2,457.5
96,2,large_vehicle,0.1305,65.5,727.5,137.0,797.3
96,0,person,0.1151,1013.4,416.5,1028.2,452.2
96,1,car,0.1127,65.5,727.5,137.0,797.3
97,1,car,0.4424,560.4,483.3,650.1,536.6
97,1,car,0.3291,59.1,727.3,130.0,796.8
97,4,other_vehicle,0.2503,59.1,727.3,130.0,796.8
97,2,large_vehicle,0.2195,560.4,483.3,650.1,536.6
97,0,person,0.1559,1195.4,509.4,1216.4,568.6
97,2,large_vehicle,0.1404,956.3,412.3,1028.7,458.2
97,2,large_vehicle,0.1357,59.1,727.3,130.0,796.8
98,1,car,0.4455,560.4,483.4,650.2,536.6
98,4,other_vehicle,0.3057,58.9,727.3,130.1,797.1
98,1,car,0.2737,58.9,727.3,130.1,797.1
98,2,large_vehicle,0.2230,560.4,483.4,650.2,536.6
98,0,person,0.1595,1195.4,509.4,1216.4,568.6
98,2,large_vehicle,0.1557,58.9,727.3,130.1,797.1
98,2,large_vehicle,0.1167,956.2,412.2,1028.9,458.1
99,4,other_vehicle,0.5351,53.9,728.8,120.2,794.2
99,1,car,0.4201,557.4,484.1,650.2,536.5
99,2,large_vehicle,0.2765,53.9,728.8,120.2,794.2
99,0,person,0.2256,1195.5,509.1,1216.3,568.5
99,2,large_vehicle,0.1753,557.4,484.1,650.2,536.5
99,2,large_vehicle,0.1289,956.0,413.5,1028.8,458.3
100,4,other_vehicle,0.5218,53.9,728.8,120.4,794.2
100,1,car,0.4786,559.6,484.3,650.3,536.6
100,2,large_vehicle,0.2644,53.9,728.8,120.4,794.2
100,0,person,0.2637,1195.5,509.4,1216.2,568.3
100,2,large_vehicle,0.1514,559.6,484.3,650.3,536.6
100,1,car,0.1404,956.0,426.0,1024.6,458.1
100,2,large_vehicle,0.1042,956.1,414.0,1028.5,458.3
101,4,other_vehicle,0.5166,53.9,728.8,120.3,794.2
101,1,car,0.4662,559.4,484.2,650.2,536.5
101,0,person,0.2720,1195.5,509.4,1216.3,568.4
101,2,large_vehicle,0.2631,53.9,728.8,120.3,794.2
101,2,large_vehicle,0.1663,559.4,484.2,650.2,536.5
101,1,car,0.1475,956.1,426.6,1024.1,458.1
101,2,large_vehicle,0.1002,956.1,414.1,1028.3,458.3
102,1,car,0.6262,557.6,483.6,650.1,536.7
102,0,person,0.3241,1195.6,509.2,1216.4,568.6
102,2,large_vehicle,0.3206,47.5,728.5,116.8,795.0
102,4,other_vehicle,0.1982,47.5,728.5,116.8,795.0
102,2,large_vehicle,0.1345,954.9,412.6,1026.1,458.3
102,2,large_vehicle,0.1217,557.6,483.6,650.1,536.7
103,1,car,0.6402,558.9,483.9,650.2,536.7
103,2,large_vehicle,0.3750,47.5,728.6,116.1,795.0
103,0,person,0.2966,1195.6,509.3,1216.2,568.3
103,4,other_vehicle,0.2304,47.5,728.6,116.1,795.0
103,2,large_vehicle,0.1433,955.1,412.8,1026.3,458.2
103,2,large_vehicle,0.1013,558.9,483.9,650.2,536.7
104,1,car,0.6472,559.0,484.5,650.4,536.5
104,2,large_vehicle,0.4804,42.1,729.4,106.2,793.6
104,4,other_vehicle,0.2695,42.1,729.4,106.2,793.6
104,0,person,0.2501,1195.7,509.8,1216.1,568.8
104,1,car,0.1926,956.4,428.2,1017.7,458.0
104,2,large_vehicle,0.1059,559.0,484.5,650.4,536.5
105,1,car,0.6698,559.5,484.5,650.5,536.4
105,2,large_vehicle,0.4867,41.9,729.4,106.3,793.6
105,0,person,0.2892,1195.7,509.4,1216.0,568.7
105,4,other_vehicle,0.2721,41.9,729.4,106.3,793.6
105,1,car,0.1609,956.3,427.5,1018.8,457.9
106,1,car,0.5942,560.9,484.4,650.2,536.4
106,2,large_vehicle,0.4757,42.0,729.3,106.5,793.6
106,0,person,0.2987,1195.7,509.6,1216.2,568.6
106,4,other_vehicle,0.2657,42.0,729.3,106.5,793.6
106,2,large_vehicle,0.1373,560.9,484.4,650.2,536.4
107,1,car,0.5335,562.1,484.3,650.1,536.2
107,2,large_vehicle,0.3484,35.4,728.9,100.1,793.5
107,0,person,0.2929,1195.7,509.4,1216.1,568.6
107,4,other_vehicle,0.2414,35.4,728.9,100.1,793.5
107,2,large_vehicle,0.1925,562.1,484.3,650.1,536.2
108,1,car,0.4816,562.0,483.9,649.9,536.2
108,2,large_vehicle,0.2921,35.4,728.9,100.3,793.5
108,2,large_vehicle,0.2447,562.0,483.9,649.9,536.2
108,0,person,0.2420,1195.4,509.1,1215.9,568.4
108,4,other_vehicle,0.2124,35.4,728.9,100.3,793.5
109,1,car,0.4574,556.2,483.5,650.1,536.2
109,4,other_vehicle,0.2513,30.8,728.5,93.3,793.8
109,0,person,0.2453,1195.5,509.2,1216.1,568.4
109,2,large_vehicle,0.1901,556.2,483.5,650.1,536.2
109,1,car,0.1810,955.8,427.8,1023.2,458.2
109,2,large_vehicle,0.1482,30.8,728.5,93.3,793.8
110,1,car,0.4546,557.7,483.6,650.1,536.2
110,4,other_vehicle,0.2543,30.8,728.5,93.3,793.8
110,0,person,0.2509,1195.6,509.1,1216.2,568.5
110,2,large_vehicle,0.1890,557.7,483.6,650.1,536.2
110,1,car,0.1817,955.8,427.8,1022.3,458.2
110,2,large_vehicle,0.1496,30.8,728.5,93.3,793.8
111,1,car,0.4080,554.5,483.3,650.1,536.1
111,4,other_vehicle,0.2356,30.8,728.5,93.4,793.8
111,2,large_vehicle,0.2277,554.5,483.3,650.1,536.1
111,0,person,0.2274,1195.6,509.5,1216.0,568.4
111,1,car,0.1709,955.7,428.0,1022.3,458.2
111,2,large_vehicle,0.1487,30.8,728.5,93.4,793.8
111,2,large_vehicle,0.1027,31.0,729.5,93.1,793.4
112,1,car,0.5947,559.4,483.6,650.5,536.3
112,2,large_vehicle,0.4861,25.0,729.3,85.0,792.8
112,4,other_vehicle,0.3353,25.0,729.3,85.0,792.8
112,0,person,0.2223,1195.5,509.0,1216.1,568.3
112,2,large_vehicle,0.1673,559.4,483.6,650.5,536.3
113,1,car,0.5887,559.2,483.6,650.5,536.3
113,2,large_vehicle,0.4906,25.0,729.3,84.9,792.8
113,4,other_vehicle,0.3228,25.0,729.3,84.9,792.8
113,0,person,0.2212,1195.5,509.0,1216.1,568.3
113,2,large_vehicle,0.1702,559.2,483.6,650.5,536.3
114,1,car,0.6517,559.3,484.3,650.6,536.5
114,4,other_vehicle,0.4594,20.2,728.2,79.7,793.0
114,2,large_vehicle,0.3903,20.2,728.2,79.7,793.0
114,0,person,0.1822,1195.6,509.1,1216.0,568.3
114,1,car,0.1333,956.7,427.8,1025.1,458.0
115,1,car,0.6584,560.0,484.4,650.5,536.5
115,4,other_vehicle,0.4133,20.2,728.2,79.8,792.8
115,2,large_vehicle,0.3633,20.2,728.2,79.8,792.8
115,0,person,0.1525,1195.7,509.3,1216.2,568.4
115,1,car,0.1268,956.7,427.7,1025.4,458.0
116,1,car,0.6558,559.5,484.4,650.8,536.4
116,4,other_vehicle,0.4289,20.1,728.2,79.7,792.8
116,2,large_vehicle,0.3764,20.1,728.2,79.7,792.8
116,0,person,0.1943,1195.6,509.0,1216.1,568.5
116,1,car,0.1253,956.7,427.7,1025.6,458.0
117,1,car,0.5408,562.1,483.7,650.9,536.3
117,4,other_vehicle,0.4739,15.1,727.9,73.3,792.6
117,2,large_vehicle,0.3440,15.1,727.9,73.3,792.6
117,0,person,0.1624,1195.5,508.7,1216.4,568.8
117,2,large_vehicle,0.1495,562.1,483.7,650.9,536.3
118,4,other_vehicle,0.5311,10.2,728.9,66.3,792.1
118,1,car,0.4177,556.9,483.1,650.3,536.2
118,2,large_vehicle,0.3211,10.2,728.9,66.3,792.1
118,2,large_vehicle,0.1673,556.9,483.1,650.3,536.2
118,0,person,0.1383,1195.7,509.7,1216.3,568.9
119,4,other_vehicle,0.5337,10.2,728.9,66.3,792.1
119,1,car,0.4206,557.0,483.1,650.3,536.2
119,2,large_vehicle,0.3178,10.2,728.9,66.3,792.1
119,2,large_vehicle,0.1641,557.0,483.1,650.3,536.2
119,0,person,0.1345,1195.7,509.7,1216.3,568.9
120,4,other_vehicle,0.5310,10.2,729.0,66.3,792.1
120,1,car,0.4319,556.0,483.1,650.2,536.1
120,2,large_vehicle,0.3245,10.2,729.0,66.3,792.1
120,2,large_vehicle,0.1982,556.0,483.1,650.2,536.1
120,0,person,0.1426,1195.8,509.6,1216.4,568.9
121,1,car,0.5018,555.6,483.0,651.3,536.5
121,4,other_vehicle,0.4984,4.5,728.1,61.2,792.0
121,2,large_vehicle,0.2880,4.5,728.1,61.2,792.0
121,2,large_vehicle,0.2039,555.6,483.0,651.3,536.5
121,0,person,0.1198,1195.7,509.7,1216.4,569.0
122,1,car,0.5264,556.1,483.0,651.1,536.5
122,4,other_vehicle,0.4890,4.5,728.1,60.8,792.0
122,2,large_vehicle,0.2906,4.5,728.1,60.8,792.0
122,2,large_vehicle,0.1856,556.1,483.0,651.1,536.5
122,0,person,0.1305,1195.7,509.4,1216.4,569.0
123,1,car,0.6566,559.4,484.3,651.1,536.4
123,4,other_vehicle,0.6017,0.6,727.4,56.7,791.2
123,2,large_vehicle,0.2145,0.6,727.4,56.7,791.2
124,1,car,0.6097,558.6,483.8,651.5,536.3
124,4,other_vehicle,0.5726,0.6,727.3,56.7,791.2
124,2,large_vehicle,0.2164,0.6,727.3,56.7,791.2
124,2,large_vehicle,0.1264,558.6,483.8,651.5,536.3
124,0,person,0.1203,1195.6,510.2,1216.3,569.1
125,1,car,0.6112,558.5,483.8,651.4,536.3
125,4,other_vehicle,0.5717,0.6,727.2,56.7,791.2
125,2,large_vehicle,0.2165,0.6,727.2,56.7,791.2
125,0,person,0.1257,1195.6,510.0,1216.3,569.1
125,2,large_vehicle,0.1254,558.5,483.8,651.4,536.3
126,1,car,0.5065,559.5,483.4,650.3,536.2
126,4,other_vehicle,0.4386,0.3,727.6,52.9,790.3
126,2,large_vehicle,0.3765,0.3,727.6,52.9,790.3
126,2,large_vehicle,0.2096,559.5,483.4,650.3,536.2
126,0,person,0.1133,1195.4,509.8,1216.1,568.9
127,4,other_vehicle,0.4520,0.3,727.7,52.1,790.3
127,1,car,0.4436,559.4,483.3,650.5,536.1
127,2,large_vehicle,0.3787,0.3,727.7,52.1,790.3
127,2,large_vehicle,0.2520,559.4,483.3,650.5,536.1
127,0,person,0.1319,1195.4,509.4,1216.1,568.6
128,2,large_vehicle,0.5946,0.2,728.5,48.0,789.6
128,1,car,0.3967,554.2,482.9,651.5,536.1
128,2,large_vehicle,0.2125,554.2,482.9,651.5,536.1
128,0,person,0.1692,1195.4,508.5,1216.4,568.7
129,2,large_vehicle,0.6032,0.2,728.5,47.9,789.6
129,1,car,0.4425,554.1,483.1,650.5,536.0
129,2,large_vehicle,0.2047,554.1,483.1,650.5,536.0
129,0,person,0.1973,1195.4,508.3,1216.4,568.5
130,2,large_vehicle,0.6007,0.2,728.5,47.9,789.6
130,1,car,0.4874,554.4,483.2,650.8,536.0
130,0,person,0.2185,1195.5,508.5,1216.4,568.8
130,2,large_vehicle,0.2142,554.4,483.2,650.8,536.0
131,1,car,0.6197,557.5,483.3,651.3,536.1
131,2,large_vehicle,0.5490,0.1,729.0,39.3,789.1
131,0,person,0.2155,1195.4,508.7,1216.6,569.1
131,1,car,0.1809,0.1,729.0,39.3,789.1
131,2,large_vehicle,0.1504,557.5,483.3,651.3,536.1
132,1,car,0.6547,557.5,483.4,650.1,536.1
132,2,large_vehicle,0.5540,0.1,729.0,39.3,789.1
132,0,person,0.2145,1195.5,508.8,1216.6,568.9
132,1,car,0.1772,0.1,729.0,39.3,789.1
132,2,large_vehicle,0.1397,557.5,483.4,650.1,536.1
133,1,car,0.6426,557.0,483.9,650.6,536.4
133,2,large_vehicle,0.3771,0.1,727.4,34.6,789.7
133,1,car,0.2408,0.1,727.4,34.6,789.7
133,0,person,0.1880,1195.3,508.5,1216.4,569.1
133,4,other_vehicle,0.1445,0.1,727.4,34.6,789.7
133,2,large_vehicle,0.1079,557.0,483.9,650.6,536.4
134,1,car,0.6529,557.2,483.9,650.6,536.3
134,2,large_vehicle,0.3744,0.1,727.5,34.6,789.7
134,1,car,0.2402,0.1,727.5,34.6,789.7
134,0,person,0.1865,1195.3,508.6,1216.4,569.1
134,4,other_vehicle,0.1482,0.1,727.5,34.6,789.7
134,2,large_vehicle,0.1027,557.2,483.9,650.6,536.3
135,1,car,0.6676,557.6,484.1,650.8,536.4
135,2,large_vehicle,0.3885,0.1,727.5,34.6,789.6
135,1,car,0.2329,0.1,727.5,34.6,789.6
135,0,person,0.1761,1195.3,508.5,1216.4,568.9
135,4,other_vehicle,0.1446,0.1,727.5,34.6,789.6
136,1,car,0.4453,558.9,483.7,650.1,535.8
136,2,large_vehicle,0.4231,0.0,724.9,30.7,789.4
136,2,large_vehicle,0.2634,558.9,483.7,650.1,535.8
136,1,car,0.1928,0.0,724.9,30.7,789.4
136,0,person,0.1590,1195.5,509.1,1216.3,569.2
137,1,car,0.4548,558.8,483.6,650.2,535.8
137,2,large_vehicle,0.4193,0.0,724.9,30.7,789.4
137,2,large_vehicle,0.2550,558.8,483.6,650.2,535.8
137,1,car,0.1943,0.0,724.9,30.7,789.4
137,0,person,0.1687,1195.4,508.8,1216.4,569.1
138,1,car,0.3362,553.3,482.7,650.1,535.9
138,2,large_vehicle,0.3275,553.3,482.7,650.1,535.9
138,2,large_vehicle,0.2742,0.0,724.8,25.9,790.9
138,0,person,0.1822,1195.5,509.4,1216.4,569.3
139,1,car,0.3699,553.2,482.8,649.9,535.9
139,2,large_vehicle,0.2942,553.2,482.8,649.9,535.9
139,2,large_vehicle,0.2700,0.0,724.9,25.7,791.0
139,0,person,0.2317,1195.4,508.6,1216.4,569.2
140,1,car,0.3637,552.6,482.8,650.0,535.9
140,2,large_vehicle,0.2994,552.6,482.8,650.0,535.9
140,2,large_vehicle,0.2696,0.0,724.9,25.7,791.0
140,0,person,0.2324,1195.4,508.6,1216.4,569.2
141,1,car,0.4735,555.0,483.0,650.7,536.2
141,0,person,0.3167,1195.4,508.2,1216.4,568.9
141,2,large_vehicle,0.3064,555.0,483.0,650.7,536.2
142,1,car,0.5746,554.3,483.4,650.7,536.3
142,0,person,0.2546,1195.6,508.6,1216.4,569.2
142,2,large_vehicle,0.1899,554.3,483.4,650.7,536.3
143,1,car,0.5617,554.1,483.3,650.8,536.3
143,0,person,0.2849,1195.6,508.6,1216.3,569.0
143,2,large_vehicle,0.1992,554.1,483.3,650.8,536.3
144,1,car,0.6592,554.6,483.8,651.1,536.2
144,0,person,0.3216,1195.6,508.0,1216.5,568.9
144,2,large_vehicle,0.1137,554.6,483.8,651.1,536.2
145,1,car,0.4420,558.2,483.5,650.2,536.0
145,0,person,0.3132,1195.6,508.2,1216.5,568.7
145,2,large_vehicle,0.2876,558.2,483.5,650.2,536.0
146,1,car,0.4428,557.8,483.4,650.2,536.0
146,0,person,0.3152,1195.6,508.1,1216.5,568.7
146,2,large_vehicle,0.2828,557.8,483.4,650.2,536.0
147,1,car,0.3744,553.1,483.0,650.5,536.0
147,0,person,0.3005,1195.6,508.8,1216.4,569.2
147,2,large_vehicle,0.2903,553.1,483.0,650.5,536.0
148,1,car,0.3901,552.2,483.0,650.4,535.9
148,2,large_vehicle,0.2982,552.2,483.0,650.4,535.9
148,0,person,0.2892,1195.6,508.7,1216.4,569.1
149,1,car,0.3855,552.2,483.0,650.4,536.0
149,2,large_vehicle,0.3035,552.2,483.0,650.4,536.0
149,0,person,0.2860,1195.6,508.7,1216.4,569.1
150,1,car,0.6075,552.8,482.7,650.1,536.3
150,0,person,0.4028,1195.6,508.0,1216.8,569.3
150,2,large_vehicle,0.1991,552.8,482.7,650.1,536.3
151,1,car,0.6216,552.3,482.8,650.0,536.3
151,0,person,0.3522,1195.6,507.6,1216.8,569.3
151,2,large_vehicle,0.1784,552.3,482.8,650.0,536.3
152,1,car,0.6080,553.8,482.8,652.5,536.3
152,0,person,0.3947,1195.6,507.7,1216.8,569.2
152,0,person,0.1877,840.5,456.1,857.2,497.7
152,2,large_vehicle,0.1598,553.8,482.8,652.5,536.3
153,1,car,0.6172,554.0,482.9,652.9,536.2
153,0,person,0.4017,1195.7,507.6,1216.8,569.0
153,0,person,0.1882,840.5,455.9,857.2,497.4
153,2,large_vehicle,0.1498,554.0,482.9,652.9,536.2
154,1,car,0.5218,555.2,482.8,651.3,536.3
154,0,person,0.3553,1195.6,507.9,1216.8,569.0
154,2,large_vehicle,0.2423,555.2,482.8,651.3,536.3
154,0,person,0.2259,840.2,455.9,857.3,497.6
154,0,person,0.1708,840.7,455.4,861.0,497.4
155,1,car,0.4350,554.4,482.5,650.8,536.0
155,0,person,0.3295,1195.7,507.9,1216.7,569.2
155,2,large_vehicle,0.3084,554.4,482.5,650.8,536.0
155,0,person,0.1356,839.9,456.1,857.2,498.1
156,1,car,0.5050,555.6,483.0,650.9,536.0
156,0,person,0.3187,1195.6,507.7,1216.7,569.1
156,2,large_vehicle,0.2616,555.6,483.0,650.9,536.0
156,0,person,0.1511,840.0,456.3,857.2,498.1
157,1,car,0.4589,550.0,482.7,650.0,536.0
157,0,person,0.3782,1195.5,507.4,1216.6,568.7
157,0,person,0.3777,839.7,456.7,857.7,498.1
157,2,large_vehicle,0.2647,550.0,482.7,650.0,536.0
158,1,car,0.4433,549.6,482.6,649.9,536.0
158,0,person,0.3780,839.7,456.7,857.7,498.1
158,0,person,0.3772,1195.5,507.4,1216.6,568.8
158,2,large_vehicle,0.2910,549.6,482.6,649.9,536.0
159,1,car,0.4530,548.0,482.4,650.1,535.9
159,0,person,0.3930,839.6,456.6,857.7,498.1
159,0,person,0.3172,1195.4,507.7,1216.6,569.0
159,2,large_vehicle,0.2732,548.0,482.4,650.1,535.9
160,1,car,0.5600,553.2,482.6,650.7,536.4
160,0,person,0.3707,1195.4,507.5,1216.6,569.0
160,2,large_vehicle,0.2427,553.2,482.6,650.7,536.4
160,0,person,0.1009,839.4,455.9,855.5,495.8
161,1,car,0.5582,552.7,482.5,650.9,536.4
161,0,person,0.3727,1195.4,507.5,1216.6,569.0
161,2,large_vehicle,0.2419,552.7,482.5,650.9,536.4
161,0,person,0.1167,839.3,455.6,855.6,496.0
162,1,car,0.6046,551.9,482.6,652.3,536.3
162,0,person,0.4099,1195.4,507.0,1216.7,568.6
162,2,large_vehicle,0.1539,551.9,482.6,652.3,536.3
163,1,car,0.6022,552.7,482.9,651.3,536.3
163,0,person,0.3177,1195.3,507.8,1216.5,568.5
163,2,large_vehicle,0.1579,552.7,482.9,651.3,536.3
164,1,car,0.6071,553.2,483.0,651.1,536.2
164,0,person,0.3083,1195.4,507.9,1216.6,568.4
164,2,large_vehicle,0.1559,553.2,483.0,651.1,536.2
165,1,car,0.5523,557.5,483.6,649.6,536.0
165,0,person,0.3435,1195.6,508.2,1216.5,568.4
165,2,large_vehicle,0.2334,557.5,483.6,649.6,536.0
166,1,car,0.4737,549.3,482.5,650.4,536.1
166,0,person,0.3284,1195.4,508.5,1216.4,568.7
166,2,large_vehicle,0.2278,549.3,482.5,650.4,536.1
167,1,car,0.4724,549.5,482.6,650.4,536.1
167,0,person,0.3283,1195.4,508.5,1216.4,568.7
167,2,large_vehicle,0.2258,549.5,482.6,650.4,536.1
168,1,car,0.4266,549.4,482.2,650.1,536.0
168,0,person,0.3582,1195.4,508.6,1216.4,569.1
168,2,large_vehicle,0.2841,549.4,482.2,650.1,536.0
169,1,car,0.4865,553.9,482.3,651.4,536.2
169,0,person,0.3519,1195.4,508.3,1216.6,568.8
169,2,large_vehicle,0.2890,553.9,482.3,651.4,536.2
170,1,car,0.4768,553.9,482.3,651.8,536.2
170,0,person,0.3462,1195.4,508.3,1216.7,569.1
170,2,large_vehicle,0.2920,553.9,482.3,651.8,536.2
171,1,car,0.5986,554.2,483.2,652.1,536.2
171,0,person,0.3408,1195.5,508.5,1216.5,568.4
171,2,large_vehicle,0.1458,554.2,483.2,652.1,536.2
172,1,car,0.5572,553.7,482.9,651.4,536.1
172,0,person,0.3806,1195.4,508.4,1216.6,568.3
172,2,large_vehicle,0.1853,553.7,482.9,651.4,536.1
173,1,car,0.5413,553.5,482.8,651.4,536.1
173,0,person,0.3791,1195.4,508.4,1216.6,568.3
173,2,large_vehicle,0.1980,553.5,482.8,651.4,536.1
174,1,car,0.5210,558.0,483.0,650.2,535.8
174,0,person,0.3115,1195.5,508.4,1216.8,568.4
174,2,large_vehicle,0.2397,558.0,483.0,650.2,535.8
175,1,car,0.5323,556.3,483.1,650.7,535.8
175,0,person,0.3372,1195.6,508.0,1216.9,568.4
175,2,large_vehicle,0.2113,556.3,483.1,650.7,535.8
176,1,car,0.5293,551.7,482.8,651.3,535.8
176,0,person,0.3797,1195.7,508.1,1216.8,568.4
176,2,large_vehicle,0.1944,551.7,482.8,651.3,535.8
177,1,car,0.4945,551.7,482.7,650.7,535.8
177,0,person,0.3702,1195.7,508.0,1216.7,568.3
177,2,large_vehicle,0.2309,551.7,482.7,650.7,535.8
178,1,car,0.5194,552.7,483.0,650.4,535.8
178,0,person,0.3605,1195.6,508.0,1216.7,568.3
178,2,large_vehicle,0.2278,552.7,483.0,650.4,535.8
179,1,car,0.5970,549.5,482.1,650.6,536.1
179,0,person,0.4298,1195.6,508.2,1216.7,568.6
179,2,large_vehicle,0.2082,549.5,482.1,650.6,536.1
180,1,car,0.6279,551.4,482.6,650.3,536.2
180,0,person,0.4035,1195.6,508.3,1216.7,568.8
180,2,large_vehicle,0.1931,551.4,482.6,650.3,536.2
181,1,car,0.6105,554.8,483.4,651.1,536.1
181,0,person,0.3640,1195.4,508.3,1216.4,568.2
181,2,large_vehicle,0.1632,554.8,483.4,651.1,536.1
182,1,car,0.6090,555.1,483.4,651.2,536.1
182,0,person,0.3585,1195.4,508.3,1216.4,568.2
182,2,large_vehicle,0.1624,555.1,483.4,651.2,536.1
183,1,car,0.6448,555.9,483.7,651.4,536.1
183,0,person,0.3424,1195.5,508.6,1216.4,568.2
183,2,large_vehicle,0.1295,555.9,483.7,651.4,536.1
184,1,car,0.5360,557.9,483.4,650.2,535.9
184,0,person,0.4395,1195.7,508.8,1216.8,569.0
184,2,large_vehicle,0.2346,557.9,483.4,650.2,535.9
184,0,person,0.1823,833.7,455.0,849.4,496.0
185,1,car,0.5527,557.9,483.5,650.5,535.9
185,0,person,0.4327,1195.7,508.6,1216.7,569.0
185,2,large_vehicle,0.2159,557.9,483.5,650.5,535.9
185,0,person,0.2045,833.7,454.5,849.5,495.9
186,0,person,0.4732,1195.6,508.6,1216.7,568.9
186,1,car,0.4376,551.5,482.6,650.9,535.9
186,2,large_vehicle,0.2843,551.5,482.6,650.9,535.9
186,0,person,0.1021,834.5,458.9,848.3,495.3
187,1,car,0.4925,551.7,482.8,651.3,535.9
187,0,person,0.4438,1195.6,508.5,1216.8,569.0
187,2,large_vehicle,0.2312,551.7,482.8,651.3,535.9
187,0,person,0.1127,834.4,459.0,848.9,495.6
188,1,car,0.5097,551.5,482.9,651.8,535.9
188,0,person,0.4473,1195.6,508.5,1216.8,569.0
188,2,large_vehicle,0.2125,551.5,482.9,651.8,535.9
188,0,person,0.1100,834.4,458.8,848.4,495.4
189,1,car,0.6656,552.3,482.5,651.3,536.2
189,0,person,0.4464,1195.5,508.0,1216.3,568.5
189,2,large_vehicle,0.1335,552.3,482.5,651.3,536.2
190,1,car,0.5790,554.1,482.7,652.1,536.0
190,0,person,0.3508,1195.5,508.1,1216.4,568.4
190,2,large_vehicle,0.1926,554.1,482.7,652.1,536.0
191,1,car,0.5668,553.6,482.6,651.8,536.0
191,0,person,0.3478,1195.5,508.2,1216.3,568.4
191,2,large_vehicle,0.2090,553.6,482.6,651.8,536.0
192,1,car,0.6588,555.7,483.4,651.8,536.0
192,0,person,0.2895,1195.5,508.5,1216.4,568.4
192,2,large_vehicle,0.1197,555.7,483.4,651.8,536.0
193,1,car,0.5066,557.1,483.1,650.5,536.0
193,0,person,0.3604,1195.7,508.4,1216.3,568.6
193,2,large_vehicle,0.2737,557.1,483.1,650.5,536.0
194,1,car,0.5204,557.1,483.1,650.6,536.0
194,0,person,0.3488,1195.7,508.6,1216.4,568.6
194,2,large_vehicle,0.2568,557.1,483.1,650.6,536.0
195,1,car,0.5507,550.1,482.4,651.4,535.9
195,0,person,0.4021,1195.5,508.4,1216.4,568.9
195,2,large_vehicle,0.1835,550.1,482.4,651.4,535.9
196,1,car,0.5599,549.3,482.3,651.4,535.9
196,0,person,0.4017,1195.5,508.6,1216.5,568.9
196,2,large_vehicle,0.1811,549.3,482.3,651.4,535.9
197,1,car,0.5548,549.6,482.3,651.4,535.9
197,0,person,0.3967,1195.5,508.6,1216.4,568.9
197,2,large_vehicle,0.1855,549.6,482.3,651.4,535.9
198,1,car,0.6983,553.4,483.1,651.0,536.1
198,0,person,0.3656,1195.4,508.6,1216.4,568.8
198,2,large_vehicle,0.1139,553.4,483.1,651.0,536.1
199,1,car,0.7102,553.0,483.0,651.3,536.2
199,0,person,0.3268,1195.5,508.7,1216.3,568.6
200,1,car,0.6178,552.9,482.8,656.4,536.0
200,0,person,0.3386,1195.6,508.8,1216.2,568.2
200,2,large_vehicle,0.1244,552.9,482.8,656.4,536.0
201,1,car,0.6585,553.9,483.2,655.7,536.0
201,0,person,0.3270,1195.6,508.6,1216.2,568.3
202,1,car,0.6352,552.5,482.8,655.2,535.9
202,0,person,0.3699,1195.5,508.3,1216.4,568.2
203,1,car,0.5714,556.8,483.4,651.2,536.0
203,0,person,0.3797,1195.6,508.6,1216.1,568.4
203,2,large_vehicle,0.1702,556.8,483.4,651.2,536.0
204,1,car,0.5454,557.3,483.2,650.5,536.0
204,0,person,0.4374,1195.7,508.4,1216.0,568.0
204,2,large_vehicle,0.1981,557.3,483.2,650.5,536.0
205,1,car,0.5292,549.0,482.6,651.4,535.8
205,0,person,0.3793,1195.5,507.9,1216.2,568.2
205,2,large_vehicle,0.1797,549.0,482.6,651.4,535.8
206,1,car,0.5316,549.0,482.6,651.6,535.8
206,0,person,0.3705,1195.5,507.8,1216.2,568.2
206,2,large_vehicle,0.1749,549.0,482.6,651.6,535.8
207,1,car,0.4917,548.5,482.1,651.6,535.9
207,0,person,0.3694,1195.5,507.7,1216.3,568.3
207,2,large_vehicle,0.2078,548.5,482.1,651.6,535.9
208,1,car,0.6390,554.0,482.9,653.5,536.2
208,0,person,0.4262,1195.6,508.3,1216.3,568.2
208,2,large_vehicle,0.1358,554.0,482.9,653.5,536.2
209,1,car,0.6352,553.8,482.8,653.4,536.3
209,0,person,0.3987,1195.6,508.2,1216.1,568.1
209,2,large_vehicle,0.1396,553.8,482.8,653.4,536.3
210,1,car,0.6638,556.9,484.0,653.9,536.1
210,0,person,0.3738,1195.7,508.4,1216.2,568.0
211,1,car,0.6578,556.4,483.8,653.2,536.1
211,0,person,0.3207,1195.6,508.0,1216.2,568.2
212,1,car,0.6636,557.1,484.0,652.9,536.1
212,0,person,0.3285,1195.6,508.1,1216.2,568.2
213,1,car,0.5271,557.8,483.2,650.3,535.9
213,0,person,0.3546,1195.7,508.1,1216.2,568.4
213,2,large_vehicle,0.2345,557.8,483.2,650.3,535.9
214,1,car,0.5010,557.0,483.3,650.5,535.9
214,0,person,0.3261,1195.6,508.2,1216.4,568.6
214,2,large_vehicle,0.2357,557.0,483.3,650.5,535.9
215,1,car,0.5079,551.1,482.9,650.6,535.8
215,0,person,0.4270,1195.7,508.6,1216.4,568.6
215,2,large_vehicle,0.2007,551.1,482.9,650.6,535.8
216,1,car,0.4826,551.4,482.8,650.5,535.7
216,0,person,0.3837,1195.7,508.9,1216.3,568.6
216,2,large_vehicle,0.2293,551.4,482.8,650.5,535.7
217,1,car,0.5503,549.6,482.5,651.5,536.3
217,0,person,0.3432,1195.7,508.7,1216.1,568.1
217,2,large_vehicle,0.2315,549.6,482.5,651.5,536.3
217,0,person,0.1442,825.4,462.5,841.6,501.9
218,1,car,0.5477,549.7,482.4,651.4,536.3
218,0,person,0.3409,1195.7,508.8,1216.2,568.2
218,2,large_vehicle,0.2347,549.7,482.4,651.4,536.3
218,0,person,0.1320,825.4,462.7,841.7,502.0
219,1,car,0.6510,555.8,483.7,652.0,536.2
219,0,person,0.3164,824.3,457.5,842.2,501.8
219,0,person,0.2925,1195.8,508.7,1216.4,568.0
219,2,large_vehicle,0.1029,555.8,483.7,652.0,536.2
220,1,car,0.6364,556.8,483.9,651.5,536.1
220,0,person,0.2777,824.6,459.9,842.1,501.8
220,0,person,0.2371,1195.7,508.6,1216.4,567.7
220,2,large_vehicle,0.1255,556.8,483.9,651.5,536.1
221,1,car,0.5483,558.6,483.8,650.6,536.0
221,0,person,0.3802,824.1,456.9,842.0,502.9
221,0,person,0.3737,1195.8,508.1,1216.5,567.7
221,2,large_vehicle,0.2163,558.6,483.8,650.6,536.0
221,0,person,0.1259,823.9,456.3,841.8,503.0
222,1,car,0.5251,558.0,483.4,650.5,535.9
222,0,person,0.3369,1195.8,508.1,1216.4,567.7
222,0,person,0.3276,824.1,457.0,842.0,502.9
222,2,large_vehicle,0.2485,558.0,483.4,650.5,535.9
222,0,person,0.1785,823.9,456.3,841.8,503.0
223,1,car,0.4450,556.5,483.0,650.4,535.8
223,0,person,0.4080,1195.8,507.9,1216.4,567.8
223,0,person,0.3458,823.8,455.9,842.0,503.2
223,2,large_vehicle,0.3176,556.5,483.0,650.4,535.8
223,0,person,0.1945,824.0,456.6,842.2,503.1
224,1,car,0.4965,555.4,483.5,649.9,535.8
224,0,person,0.3765,1195.8,508.3,1216.5,568.4
224,2,large_vehicle,0.2368,555.4,483.5,649.9,535.8
225,1,car,0.4326,555.0,483.1,649.6,535.8
225,0,person,0.3509,1195.7,508.4,1216.3,568.3
225,2,large_vehicle,0.3120,555.0,483.1,649.6,535.8
226,1,car,0.5743,552.1,483.1,650.6,536.0
226,0,person,0.3620,822.9,456.4,841.4,501.5
226,0,person,0.3528,1195.6,508.9,1216.1,568.7
226,2,large_vehicle,0.2130,552.1,483.1,650.6,536.0
227,1,car,0.5651,552.2,483.0,650.4,536.0
227,0,person,0.3633,822.9,456.5,841.4,501.4
227,0,person,0.3448,1195.6,508.9,1216.1,568.7
227,2,large_vehicle,0.2303,552.2,483.0,650.4,536.0
228,1,car,0.6119,554.3,483.2,650.4,536.0
228,0,person,0.3682,823.0,456.8,841.4,501.5
228,0,person,0.3464,1195.6,508.7,1216.3,568.7
228,2,large_vehicle,0.2039,554.3,483.2,650.4,536.0
228,1,car,0.1354,1279.3,594.1,1342.0,684.8
229,1,car,0.6377,558.4,484.4,651.4,535.9
229,0,person,0.3359,1195.8,508.5,1216.3,567.7
229,2,large_vehicle,0.1403,558.4,484.4,651.4,535.9
230,1,car,0.6303,558.0,484.3,651.7,535.8
230,0,person,0.3654,1195.8,508.6,1216.3,567.8
230,2,large_vehicle,0.1366,558.0,484.3,651.7,535.8
231,1,car,0.4539,559.0,483.2,650.5,535.6
231,0,person,0.3305,1195.9,508.5,1216.2,567.5
231,2,large_vehicle,0.3057,559.0,483.2,650.5,535.6
232,1,car,0.4230,557.0,482.4,650.3,535.6
232,0,person,0.3503,1195.8,508.7,1216.4,567.8
232,2,large_vehicle,0.3311,557.0,482.4,650.3,535.6
233,1,car,0.4248,556.9,482.4,650.7,535.6
233,0,person,0.3470,1195.9,508.7,1216.4,567.9
233,2,large_vehicle,0.3183,556.9,482.4,650.7,535.6
234,1,car,0.3994,554.4,482.2,650.2,535.7
234,2,large_vehicle,0.3392,554.4,482.2,650.2,535.7
234,0,person,0.2852,1195.9,508.7,1216.5,568.4
235,1,car,0.3912,554.0,482.1,650.3,535.7
235,2,large_vehicle,0.3427,554.0,482.1,650.3,535.7
235,0,person,0.2325,1195.8,509.0,1216.4,568.1
236,1,car,0.5693,555.6,483.1,651.9,535.7
236,0,person,0.3013,1195.8,509.1,1216.0,568.2
236,2,large_vehicle,0.2004,555.6,483.1,651.9,535.7
237,1,car,0.5750,554.6,482.9,651.8,535.7
237,0,person,0.2571,1195.8,509.1,1216.1,567.9
237,2,large_vehicle,0.2012,554.6,482.9,651.8,535.7
238,1,car,0.6952,559.9,484.2,652.5,535.4
238,0,person,0.1787,1195.8,509.1,1215.5,567.5
238,2,large_vehicle,0.1183,559.9,484.2,652.5,535.4
239,1,car,0.6710,559.7,484.0,652.7,535.4
239,2,large_vehicle,0.1347,559.7,484.0,652.7,535.4
239,0,person,0.1167,1195.9,509.7,1215.6,567.4
240,1,car,0.6268,560.4,483.9,654.5,535.2
240,2,large_vehicle,0.1575,560.4,483.9,654.5,535.2
241,1,car,0.5928,559.8,483.9,653.6,535.2
241,2,large_vehicle,0.1774,559.8,483.9,653.6,535.2
242,1,car,0.6042,560.3,484.0,652.9,535.3
242,2,large_vehicle,0.1675,560.3,484.0,652.9,535.3
243,1,car,0.6222,559.7,483.3,654.2,534.9
243,0,person,0.2132,821.2,455.0,836.4,498.3
243,2,large_vehicle,0.1751,559.7,483.3,654.2,534.9
243,2,large_vehicle,0.1052,957.1,413.7,1026.4,456.3
244,1,car,0.5447,560.1,483.0,653.9,534.9
244,2,large_vehicle,0.2259,560.1,483.0,653.9,534.9
244,0,person,0.2003,821.2,454.7,836.5,498.3
244,0,person,0.1847,1196.0,508.5,1216.5,567.7
244,2,large_vehicle,0.1310,956.7,413.7,1026.2,456.4
245,1,car,0.5574,559.5,482.6,651.9,534.7
245,2,large_vehicle,0.2456,559.5,482.6,651.9,534.7
245,2,large_vehicle,0.1971,955.8,413.6,1026.1,456.5
245,0,person,0.1826,1196.0,508.3,1216.4,567.6
246,1,car,0.5516,559.7,482.6,651.9,534.7
246,2,large_vehicle,0.2426,559.7,482.6,651.9,534.7
246,0,person,0.2272,1196.0,508.0,1216.6,567.5
246,2,large_vehicle,0.2044,955.8,413.3,1026.6,456.5
247,2,large_vehicle,0.2708,955.5,413.5,1026.2,456.5
247,1,car,0.2395,562.0,483.3,651.5,534.8
247,0,person,0.1531,1196.1,509.7,1216.4,567.5
247,1,car,0.1378,955.5,413.5,1026.2,456.5
247,1,car,0.1360,563.0,482.9,651.8,534.8
248,1,car,0.7550,562.0,483.3,654.7,534.7
248,2,large_vehicle,0.2469,955.2,413.4,1026.5,456.5
248,1,car,0.1996,955.2,413.4,1026.5,456.5
248,0,person,0.1030,1196.4,512.1,1216.3,567.6
249,1,car,0.7563,562.0,483.3,654.7,534.7
249,2,large_vehicle,0.2578,955.2,413.3,1026.6,456.4
249,1,car,0.1867,955.2,413.3,1026.6,456.4
250,1,car,0.5066,560.8,482.7,651.0,534.8
250,2,large_vehicle,0.2703,560.8,482.7,651.0,534.8
250,2,large_vehicle,0.2495,955.9,413.2,1026.7,456.1
251,1,car,0.5053,560.5,482.4,650.6,534.8
251,2,large_vehicle,0.3547,560.5,482.4,650.6,534.8
251,2,large_vehicle,0.2534,956.3,413.3,1026.6,456.1
252,1,car,0.5244,560.8,482.8,650.7,534.8
252,2,large_vehicle,0.3011,560.8,482.8,650.7,534.8
252,2,large_vehicle,0.2092,956.4,413.2,1026.5,456.1
253,1,car,0.5358,560.5,482.7,650.0,534.8
253,2,large_vehicle,0.3251,560.5,482.7,650.0,534.8
253,0,person,0.1818,818.9,461.8,832.7,499.0
253,2,large_vehicle,0.1741,957.4,413.4,1026.3,456.1
254,1,car,0.4450,561.1,482.6,649.8,534.7
254,2,large_vehicle,0.2638,561.1,482.6,649.8,534.7
254,2,large_vehicle,0.2270,957.6,413.4,1026.2,456.1
254,0,person,0.1717,818.8,461.7,832.6,498.9
255,1,car,0.5785,560.6,482.5,650.2,534.7
255,2,large_vehicle,0.4171,955.5,413.6,1026.2,456.2
255,2,large_vehicle,0.3006,560.6,482.5,650.2,534.7
255,1,car,0.1157,955.5,413.6,1026.2,456.2
256,1,car,0.5649,560.6,482.4,650.0,534.6
256,2,large_vehicle,0.4456,955.7,413.3,1026.5,456.3
256,2,large_vehicle,0.2965,560.6,482.4,650.0,534.6
256,1,car,0.1063,955.7,413.3,1026.5,456.3
257,1,car,0.5645,560.1,482.3,649.8,534.7
257,2,large_vehicle,0.4686,956.2,413.0,1026.6,456.2
257,2,large_vehicle,0.3144,560.1,482.3,649.8,534.7
257,1,car,0.1119,956.2,413.0,1026.6,456.2
258,1,car,0.7345,560.8,483.1,651.4,534.7
258,2,large_vehicle,0.3756,956.0,413.4,1026.5,456.2
258,2,large_vehicle,0.1351,560.8,483.1,651.4,534.7
258,1,car,0.1077,956.0,413.4,1026.5,456.2
259,1,car,0.7498,560.8,483.2,650.8,534.8
259,2,large_vehicle,0.3258,956.2,413.2,1026.3,456.2
259,2,large_vehicle,0.1258,560.8,483.2,650.8,534.8
259,0,person,0.1213,816.4,461.9,831.9,501.5
259,1,car,0.1181,956.2,413.2,1026.3,456.2
260,1,car,0.4715,561.5,483.3,650.0,534.8
260,0,person,0.2777,816.0,464.3,831.0,501.7
260,2,large_vehicle,0.2110,561.5,483.3,650.0,534.8
260,2,large_vehicle,0.1934,956.9,412.5,1025.9,455.9
260,2,large_vehicle,0.1180,563.5,482.8,651.0,534.8
261,1,car,0.4634,561.6,483.3,650.1,534.8
261,0,person,0.2743,816.0,464.3,831.0,501.7
261,2,large_vehicle,0.2072,956.7,412.4,1026.0,455.9
261,2,large_vehicle,0.2019,561.6,483.3,650.1,534.8
261,2,large_vehicle,0.1253,563.6,482.9,651.1,534.8
262,1,car,0.5094,560.9,483.2,649.9,534.8
262,0,person,0.2922,816.0,464.4,831.0,501.8
262,2,large_vehicle,0.2173,560.9,483.2,649.9,534.8
262,2,large_vehicle,0.1834,956.8,412.5,1026.1,455.9
263,1,car,0.6162,559.7,482.7,649.6,534.7
263,2,large_vehicle,0.2758,559.7,482.7,649.6,534.7
263,2,large_vehicle,0.2240,957.0,412.8,1026.0,455.9
263,0,person,0.1295,815.7,463.8,829.9,501.4
264,1,car,0.6644,560.4,482.7,650.2,534.7
264,2,large_vehicle,0.2955,955.8,413.0,1026.1,456.0
264,0,person,0.2696,814.6,463.7,830.1,502.3
264,2,large_vehicle,0.2078,560.4,482.7,650.2,534.7
264,1,car,0.1046,955.8,413.0,1026.1,456.0
265,1,car,0.6330,560.1,482.5,650.1,534.7
265,2,large_vehicle,0.3307,955.9,413.1,1025.9,456.0
265,0,person,0.2885,814.6,463.6,830.1,502.3
265,2,large_vehicle,0.2507,560.1,482.5,650.1,534.7
265,1,car,0.1163,955.9,413.1,1025.9,456.0
266,1,car,0.6587,560.2,482.8,650.1,534.7
266,2,large_vehicle,0.3516,956.2,412.9,1026.1,456.0
266,0,person,0.3353,814.7,463.6,830.1,502.3
266,2,large_vehicle,0.2138,560.2,482.8,650.1,534.7
266,1,car,0.1292,956.2,412.9,1026.1,456.0
267,1,car,0.6965,561.2,483.3,650.1,534.7
267,2,large_vehicle,0.3382,956.5,413.0,1026.4,455.9
267,0,person,0.2939,905.5,434.7,916.4,459.9
267,0,person,0.1412,814.3,464.2,829.1,502.7
267,2,large_vehicle,0.1386,561.2,483.3,650.1,534.7
267,1,car,0.1129,956.5,413.0,1026.4,455.9
268,1,car,0.7306,561.1,483.3,650.2,534.7
268,2,large_vehicle,0.3108,956.8,413.3,1026.4,455.9
268,0,person,0.2884,905.5,434.7,916.4,459.9
268,0,person,0.1866,814.3,464.0,829.1,502.6
268,1,car,0.1456,956.8,413.3,1026.4,455.9
268,2,large_vehicle,0.1236,561.1,483.3,650.2,534.7
269,1,car,0.6983,560.1,483.3,650.8,534.7
269,2,large_vehicle,0.2768,957.2,413.3,1026.5,455.7
269,0,person,0.1692,903.6,433.0,914.5,459.9
269,2,large_vehicle,0.1615,560.1,483.3,650.8,534.7
270,1,car,0.6965,560.1,483.2,650.8,534.7
270,2,large_vehicle,0.2802,957.2,413.3,1026.5,455.7
270,0,person,0.1755,903.6,433.0,914.5,459.9
270,2,large_vehicle,0.1651,560.1,483.2,650.8,534.7
271,1,car,0.7103,559.8,483.2,650.8,534.8
271,2,large_vehicle,0.2390,957.0,413.4,1026.5,455.7
271,0,person,0.1725,903.6,432.9,914.5,460.0
271,2,large_vehicle,0.1510,559.8,483.2,650.8,534.8
272,1,car,0.6649,558.9,482.7,650.4,534.7
272,2,large_vehicle,0.2480,957.4,413.4,1026.4,455.8
272,2,large_vehicle,0.2180,558.9,482.7,650.4,534.7
273,1,car,0.6768,558.9,482.9,650.4,534.7
273,2,large_vehicle,0.2290,957.4,413.4,1026.1,455.8
273,2,large_vehicle,0.2075,558.9,482.9,650.4,534.7
274,1,car,0.6720,559.0,482.2,651.2,534.7
274,2,large_vehicle,0.2980,956.2,413.8,1025.1,455.9
274,2,large_vehicle,0.2139,559.0,482.2,651.2,534.7
274,0,person,0.1637,1197.0,526.2,1215.9,567.5
274,1,car,0.1369,956.2,413.8,1025.1,455.9
275,1,car,0.6363,559.7,482.3,650.9,534.7
275,2,large_vehicle,0.3407,955.8,413.8,1025.2,455.9
275,2,large_vehicle,0.2614,559.7,482.3,650.9,534.7
275,0,person,0.1892,1197.0,526.2,1215.9,567.6
275,1,car,0.1426,955.8,413.8,1025.2,455.9
276,1,car,0.6388,559.6,482.4,650.9,534.7
276,2,large_vehicle,0.3351,955.8,413.8,1025.1,455.9
276,2,large_vehicle,0.2588,559.6,482.4,650.9,534.7
276,0,person,0.1866,1197.0,526.1,1215.9,567.6
276,1,car,0.1413,955.8,413.8,1025.1,455.9
277,1,car,0.7371,561.4,483.1,650.3,534.6
277,2,large_vehicle,0.2556,956.1,413.8,1024.8,455.9
277,0,person,0.1474,1197.0,527.4,1215.4,567.5
277,1,car,0.1327,956.1,413.8,1024.8,455.9
277,2,large_vehicle,0.1155,561.4,483.1,650.3,534.6
278,1,car,0.5988,562.1,483.0,650.1,534.6
278,2,large_vehicle,0.2747,955.9,413.6,1024.7,455.9
278,0,person,0.1833,1196.9,527.0,1215.6,567.6
278,1,car,0.1146,955.9,413.6,1024.7,455.9
278,2,large_vehicle,0.1034,562.1,483.0,650.1,534.6
279,1,car,0.6842,560.0,482.8,650.5,534.6
279,2,large_vehicle,0.2171,956.9,413.6,1024.9,455.7
279,0,person,0.1934,894.5,435.3,907.9,470.0
279,2,large_vehicle,0.1875,560.0,482.8,650.5,534.6
279,0,person,0.1559,1196.9,526.7,1215.6,567.6
279,0,person,0.1284,1261.1,641.3,1283.4,682.5
280,1,car,0.6674,560.1,483.0,650.2,534.6
280,2,large_vehicle,0.1974,956.7,413.7,1025.6,455.7
280,0,person,0.1866,894.5,435.4,907.9,470.1
280,2,large_vehicle,0.1677,560.1,483.0,650.2,534.6
280,0,person,0.1420,1261.1,641.7,1283.4,682.5
280,0,person,0.1258,1196.8,527.2,1215.4,567.7
281,1,car,0.6833,559.6,482.9,650.4,534.6
281,2,large_vehicle,0.2179,956.9,413.7,1025.8,455.7
281,0,person,0.1918,894.4,435.2,908.0,470.1
281,2,large_vehicle,0.1835,559.6,482.9,650.4,534.6
281,0,person,0.1666,1261.2,642.2,1283.1,682.5
281,0,person,0.1267,1196.8,527.0,1215.4,567.7
282,1,car,0.6923,559.4,482.9,650.3,534.6
282,2,large_vehicle,0.2242,957.4,413.4,1026.0,455.6
282,2,large_vehicle,0.1788,559.4,482.9,650.3,534.6
283,1,car,0.6916,559.2,482.9,650.0,534.6
283,2,large_vehicle,0.2133,957.8,413.6,1026.4,455.6
283,2,large_vehicle,0.1831,559.2,482.9,650.0,534.6
283,1,car,0.1059,957.8,413.6,1026.4,455.6
283,0,person,0.1042,1196.8,526.4,1215.6,567.7
284,1,car,0.6100,560.4,482.2,649.7,534.5
284,2,large_vehicle,0.2986,956.6,413.4,1027.3,455.8
284,2,large_vehicle,0.2692,560.4,482.2,649.7,534.5
284,0,person,0.1621,1260.3,643.1,1281.1,684.9
284,1,car,0.1113,956.6,413.4,1027.3,455.8
285,1,car,0.6351,560.5,482.2,649.9,534.6
285,2,large_vehicle,0.2811,956.6,413.5,1027.2,455.8
285,2,large_vehicle,0.2434,560.5,482.2,649.9,534.6
285,0,person,0.1636,1260.3,643.2,1281.1,684.9
285,1,car,0.1110,956.6,413.5,1027.2,455.8
286,1,car,0.6429,560.1,482.3,649.9,534.6
286,2,large_vehicle,0.3005,956.6,413.9,1027.0,455.8
286,2,large_vehicle,0.2425,560.1,482.3,649.9,534.6
286,1,car,0.1794,956.6,413.9,1027.0,455.8
286,0,person,0.1541,1260.3,643.1,1281.1,684.9
286,0,person,0.1312,1197.0,526.8,1215.3,567.4
287,1,car,0.7500,561.1,483.2,650.8,534.7
287,2,large_vehicle,0.2728,956.6,413.6,1026.5,455.9
287,0,person,0.1857,808.8,463.7,826.9,502.6
287,1,car,0.1604,956.6,413.6,1026.5,455.9
287,0,person,0.1414,1259.7,642.2,1280.6,685.9
287,2,large_vehicle,0.1206,561.1,483.2,650.8,534.7
288,1,car,0.6680,560.1,482.8,649.9,534.7
288,0,person,0.5005,1259.8,644.2,1279.0,685.3
288,0,person,0.2452,1197.0,527.0,1215.6,567.8
288,2,large_vehicle,0.1928,560.1,482.8,649.9,534.7
288,2,large_vehicle,0.1730,957.6,413.7,1026.6,455.7
288,1,car,0.1080,957.6,413.7,1026.6,455.7
288,0,person,0.1056,807.0,464.6,824.2,502.6
289,1,car,0.6730,559.8,482.8,649.7,534.7
289,0,person,0.5132,1259.8,644.1,1279.0,685.2
289,0,person,0.2784,1197.0,527.0,1215.6,568.0
289,2,large_vehicle,0.2150,559.8,482.8,649.7,534.7
289,2,large_vehicle,0.1663,957.3,413.6,1026.1,455.7
290,1,car,0.6820,559.4,482.8,649.5,534.8
290,0,person,0.5638,1259.7,642.8,1279.1,685.5
290,2,large_vehicle,0.2177,559.4,482.8,649.5,534.8
290,0,person,0.2129,1196.8,527.2,1215.2,567.8
290,2,large_vehicle,0.1690,957.6,413.3,1026.2,455.7
291,1,car,0.6022,559.1,482.0,650.0,534.6
291,0,person,0.5181,1259.8,647.2,1278.4,685.8
291,2,large_vehicle,0.2855,559.1,482.0,650.0,534.6
291,0,person,0.1953,1196.8,526.9,1215.4,568.0
291,2,large_vehicle,0.1842,957.9,413.5,1026.3,455.6
291,0,person,0.1439,807.0,463.9,824.3,502.7
292,1,car,0.6355,558.8,482.1,649.9,534.6
292,0,person,0.4825,1259.8,647.2,1278.3,685.8
292,2,large_vehicle,0.2481,558.8,482.1,649.9,534.6
292,0,person,0.1731,1196.9,526.7,1215.5,568.1
292,2,large_vehicle,0.1683,957.9,413.5,1026.3,455.6
292,0,person,0.1397,807.0,463.9,824.3,502.7
293,1,car,0.5869,559.9,481.8,649.8,534.6
293,2,large_vehicle,0.3429,956.6,413.5,1026.5,455.7
293,0,person,0.3380,806.3,465.7,824.1,503.3
293,2,large_vehicle,0.3142,559.9,481.8,649.8,534.6
293,0,person,0.1614,1197.1,526.6,1215.4,567.8
293,0,person,0.1606,1260.0,648.2,1278.1,685.2
293,1,car,0.1563,956.6,413.5,1026.5,455.7
294,1,car,0.5935,559.9,481.9,649.8,534.6
294,2,large_vehicle,0.3429,956.6,413.5,1026.5,455.7
294,0,person,0.3371,806.4,465.7,824.1,503.3
294,2,large_vehicle,0.3096,559.9,481.9,649.8,534.6
294,0,person,0.1760,1260.0,648.2,1278.1,685.2
294,1,car,0.1554,956.6,413.5,1026.5,455.7
294,0,person,0.1554,1197.1,526.7,1215.3,567.8
295,1,car,0.6157,559.9,482.0,649.8,534.5
295,0,person,0.3355,806.4,465.9,824.0,503.3
295,2,large_vehicle,0.3232,956.9,413.7,1026.2,455.8
295,2,large_vehicle,0.2865,559.9,482.0,649.8,534.5
295,1,car,0.1753,956.9,413.7,1026.2,455.8
295,0,person,0.1483,1260.0,648.5,1278.1,685.2
295,0,person,0.1370,1197.1,526.9,1215.4,567.7
296,1,car,0.7573,560.1,483.1,650.4,534.6
296,2,large_vehicle,0.2940,956.4,413.5,1025.4,455.8
296,0,person,0.1925,806.0,465.6,823.0,503.5
296,1,car,0.1315,956.4,413.5,1025.4,455.8
296,0,person,0.1198,1196.9,526.3,1215.5,567.5
296,2,large_vehicle,0.1189,560.1,483.1,650.4,534.6
297,1,car,0.7651,560.1,483.1,650.4,534.7
297,2,large_vehicle,0.3002,956.4,413.6,1025.2,455.8
297,0,person,0.1756,806.0,465.6,823.0,503.5
297,1,car,0.1301,956.4,413.6,1025.2,455.8
297,0,person,0.1173,1196.9,526.2,1215.5,567.5
297,2,large_vehicle,0.1092,560.1,483.1,650.4,534.7
298,1,car,0.4403,560.8,482.8,649.8,534.6
298,2,large_vehicle,0.1805,956.9,413.7,1025.4,455.7
298,2,large_vehicle,0.1076,560.8,482.8,649.8,534.6
299,1,car,0.1685,563.0,482.5,650.4,534.6
299,2,large_vehicle,0.1667,957.1,413.8,1025.0,455.7
299,1,car,0.1550,561.5,482.8,649.6,534.6
299,2,large_vehicle,0.1134,563.0,482.5,650.4,534.6
300,1,car,0.1799,563.1,482.5,650.2,534.6
300,2,large_vehicle,0.1587,957.1,413.7,1024.9,455.7
300,2,large_vehicle,0.1270,563.1,482.5,650.2,534.6
300,1,car,0.1263,561.6,482.9,649.5,534.6
301,1,car,0.6496,559.2,482.3,649.3,534.5
301,2,large_vehicle,0.2646,559.2,482.3,649.3,534.5
301,0,person,0.1584,804.9,466.9,820.9,503.7
301,0,person,0.1555,1258.1,649.4,1277.2,689.0
301,2,large_vehicle,0.1251,957.7,413.9,1024.8,455.5
302,1,car,0.6612,559.2,482.4,649.4,534.5
302,2,large_vehicle,0.2434,559.2,482.4,649.4,534.5
302,0,person,0.1970,804.9,466.9,821.2,503.5
302,0,person,0.1712,1258.1,649.3,1277.2,688.9
302,2,large_vehicle,0.1161,957.9,414.3,1024.8,455.4
303,1,car,0.6167,560.4,482.3,649.5,534.6
303,2,large_vehicle,0.2417,560.4,482.3,649.5,534.6
303,2,large_vehicle,0.1537,956.7,414.1,1024.7,455.7
303,1,car,0.1171,956.7,414.1,1024.7,455.7
304,1,car,0.5882,560.6,482.6,649.6,534.5
304,2,large_vehicle,0.1846,560.6,482.6,649.6,534.5
304,2,large_vehicle,0.1531,956.7,414.4,1024.6,455.7
304,1,car,0.1301,956.7,414.4,1024.6,455.7
305,2,large_vehicle,0.2236,955.9,413.9,1024.5,455.7
305,1,car,0.1971,562.1,482.8,649.9,534.6
305,0,person,0.1825,1196.9,526.6,1215.7,567.2
305,1,car,0.1250,955.9,413.9,1024.5,455.7
305,1,car,0.1097,563.3,482.4,650.8,534.6
306,1,car,0.6965,560.6,482.9,650.0,534.6
306,2,large_vehicle,0.2392,956.2,414.0,1025.1,455.7
306,0,person,0.2166,1255.1,638.2,1276.1,689.8
306,1,car,0.1755,956.2,414.0,1025.1,455.7
306,0,person,0.1353,1196.9,526.2,1215.7,567.2
306,0,person,0.1076,803.6,465.1,817.6,503.2
307,1,car,0.3854,561.8,483.0,649.7,534.7
307,2,large_vehicle,0.2332,956.3,414.0,1025.3,455.7
307,0,person,0.2041,1255.0,638.2,1276.2,689.9
307,0,person,0.2023,1196.8,526.2,1215.7,567.1
307,1,car,0.1830,956.3,414.0,1025.3,455.7
307,1,car,0.1826,563.4,482.7,650.4,534.7
308,1,car,0.7212,559.5,482.8,649.8,534.7
308,0,person,0.5060,1253.9,641.1,1275.5,690.5
308,2,large_vehicle,0.1944,957.4,414.0,1024.9,455.6
308,2,large_vehicle,0.1476,559.5,482.8,649.8,534.7
309,1,car,0.7113,559.5,482.8,649.8,534.7
309,0,person,0.5028,1253.9,641.1,1275.5,690.5
309,2,large_vehicle,0.2059,957.5,414.1,1025.0,455.6
309,2,large_vehicle,0.1615,559.5,482.8,649.8,534.7
309,0,person,0.1352,1196.6,526.5,1215.3,567.3
310,1,car,0.6882,559.7,482.8,649.5,534.7
310,0,person,0.4940,1253.9,641.2,1275.5,690.5
310,2,large_vehicle,0.1705,957.4,414.0,1024.9,455.6
310,2,large_vehicle,0.1458,559.7,482.8,649.5,534.7
310,0,person,0.1110,1196.7,526.6,1215.4,567.3
311,1,car,0.6859,559.1,482.4,649.3,534.5
311,0,person,0.3863,1253.7,647.9,1274.9,691.2
311,0,person,0.3212,1197.0,526.3,1216.2,567.3
311,2,large_vehicle,0.2126,559.1,482.4,649.3,534.5
311,2,large_vehicle,0.2115,958.0,413.8,1025.7,455.5
312,1,car,0.5319,560.9,482.3,649.7,534.6
312,2,large_vehicle,0.3644,955.9,413.5,1026.3,455.8
312,0,person,0.3158,1197.0,526.1,1216.2,567.3
312,0,person,0.2708,1252.8,647.5,1273.8,693.5
312,2,large_vehicle,0.1793,560.9,482.3,649.7,534.6
312,1,car,0.1382,955.9,413.5,1026.3,455.8
313,1,car,0.6424,559.9,482.0,650.2,534.5
313,0,person,0.4362,1197.1,526.2,1216.4,567.2
313,2,large_vehicle,0.3476,955.8,413.9,1026.6,455.8
313,2,large_vehicle,0.2534,559.9,482.0,650.2,534.5
313,1,car,0.1680,955.8,413.9,1026.6,455.8
313,0,person,0.1500,1252.7,645.5,1273.9,693.6
314,1,car,0.6660,560.4,482.3,650.8,534.5
314,2,large_vehicle,0.3846,955.8,413.7,1026.7,455.7
314,0,person,0.3194,1197.0,526.0,1216.1,567.3
314,2,large_vehicle,0.2044,560.4,482.3,650.8,534.5
314,1,car,0.1483,955.8,413.7,1026.7,455.7
314,0,person,0.1102,1252.7,645.7,1273.9,693.6
315,1,car,0.7753,560.1,482.9,650.6,534.4
315,2,large_vehicle,0.3111,956.3,413.4,1026.0,455.8
315,0,person,0.1611,1196.8,526.4,1215.6,567.2
315,0,person,0.1435,1252.6,645.8,1273.6,694.5
315,1,car,0.1234,956.3,413.4,1026.0,455.8
315,0,person,0.1042,802.2,464.5,815.6,501.9
316,1,car,0.7966,560.1,483.0,650.6,534.4
316,2,large_vehicle,0.3502,956.3,413.4,1026.2,455.8
316,0,person,0.2093,1196.9,526.4,1215.9,567.3
316,0,person,0.1402,1252.6,645.2,1273.7,694.5
316,1,car,0.1332,956.3,413.4,1026.2,455.8
316,0,person,0.1061,802.2,464.6,815.6,501.9
317,1,car,0.7573,559.1,482.9,649.7,534.5
317,2,large_vehicle,0.1640,957.9,412.5,1025.5,455.5
317,2,large_vehicle,0.1192,559.1,482.9,649.7,534.5
318,1,car,0.7594,559.2,482.9,649.7,534.5
318,2,large_vehicle,0.1739,957.8,412.7,1025.6,455.5
318,2,large_vehicle,0.1148,559.2,482.9,649.7,534.5
319,1,car,0.7456,559.2,482.9,649.7,534.5
319,2,large_vehicle,0.1679,957.7,412.6,1026.0,455.5
319,2,large_vehicle,0.1308,559.2,482.9,649.7,534.5
320,1,car,0.6747,558.9,482.3,650.0,534.5
320,2,large_vehicle,0.2244,558.9,482.3,650.0,534.5
320,2,large_vehicle,0.1839,958.3,412.6,1025.9,455.4
320,0,person,0.1267,1252.0,643.7,1273.2,694.5
321,1,car,0.6785,558.9,482.4,650.0,534.4
321,2,large_vehicle,0.2209,558.9,482.4,650.0,534.4
321,2,large_vehicle,0.1854,958.3,412.6,1025.8,455.4
322,1,car,0.5458,560.8,482.3,650.2,534.4
322,0,person,0.3919,1252.6,652.2,1271.2,694.6
322,2,large_vehicle,0.3477,956.8,412.8,1025.8,455.7
322,2,large_vehicle,0.1795,560.8,482.3,650.2,534.4
322,0,person,0.1553,1197.0,526.3,1215.7,567.5
323,1,car,0.5387,561.2,482.4,650.7,534.3
323,2,large_vehicle,0.3935,955.9,412.8,1025.7,455.7
323,0,person,0.3424,1252.6,653.4,1271.3,694.6
323,0,person,0.1554,1196.9,526.2,1215.7,567.5
323,2,large_vehicle,0.1266,561.2,482.4,650.7,534.3
324,1,car,0.5087,561.4,482.5,650.7,534.3
324,2,large_vehicle,0.4008,955.9,412.8,1025.8,455.7
324,0,person,0.3665,1252.6,653.1,1271.3,694.6
324,0,person,0.1606,1196.9,526.2,1215.7,567.5
324,2,large_vehicle,0.1103,561.4,482.5,650.7,534.3
325,1,car,0.8057,559.6,482.8,649.9,534.4
325,2,large_vehicle,0.3934,956.4,412.8,1025.8,455.7
325,0,person,0.2601,799.9,464.6,814.4,502.0
325,0,person,0.1384,1251.9,651.3,1270.5,694.7
325,1,car,0.1108,956.4,412.8,1025.8,455.7
326,1,car,0.7918,559.9,482.8,650.0,534.4
326,2,large_vehicle,0.3513,956.1,412.7,1024.5,455.6
326,0,person,0.2487,799.9,464.8,814.1,502.2
326,0,person,0.1588,1252.1,628.6,1272.3,694.2
326,0,person,0.1295,1251.9,652.6,1270.5,694.4
326,0,person,0.1100,1251.2,628.7,1274.4,694.9
327,1,car,0.7521,559.1,482.8,650.0,534.4
327,2,large_vehicle,0.2237,957.4,412.8,1025.3,455.5
327,0,person,0.1449,1252.1,628.0,1272.0,691.0
327,2,large_vehicle,0.1224,559.1,482.8,650.0,534.4
327,0,person,0.1064,1251.2,628.4,1273.6,694.3
328,1,car,0.7331,559.0,482.6,650.2,534.5
328,0,person,0.1857,1252.2,627.9,1272.3,691.0
328,2,large_vehicle,0.1841,956.9,412.8,1024.8,455.5
328,2,large_vehicle,0.1435,559.0,482.6,650.2,534.5
328,0,person,0.1108,1254.3,628.4,1274.6,688.9
329,1,car,0.6602,559.7,482.5,650.1,534.4
329,2,large_vehicle,0.2217,957.3,412.9,1024.7,455.5
329,2,large_vehicle,0.1830,559.7,482.5,650.1,534.4
329,0,person,0.1006,1251.8,628.1,1272.0,691.8
330,1,car,0.6875,559.2,482.7,649.6,534.5
330,2,large_vehicle,0.2524,957.6,413.2,1024.7,455.6
330,2,large_vehicle,0.1898,559.2,482.7,649.6,534.5
330,0,person,0.1091,1196.6,526.8,1214.9,567.5
331,1,car,0.6552,559.0,482.3,649.4,534.5
331,2,large_vehicle,0.2325,559.0,482.3,649.4,534.5
331,2,large_vehicle,0.2223,957.6,413.3,1024.8,455.5
332,1,car,0.6426,560.4,482.5,649.8,534.5
332,2,large_vehicle,0.3388,956.8,412.9,1025.5,455.5
332,2,large_vehicle,0.1948,560.4,482.5,649.8,534.5
332,0,person,0.1525,1196.7,526.6,1215.3,567.3
332,0,person,0.1117,1249.9,628.9,1271.4,691.9
333,1,car,0.6460,560.3,482.5,649.9,534.5
333,2,large_vehicle,0.3390,956.8,412.9,1025.5,455.5
333,2,large_vehicle,0.1937,560.3,482.5,649.9,534.5
333,0,person,0.1531,1196.7,526.7,1215.2,567.3
334,1,car,0.6511,560.2,482.5,649.7,534.4
334,2,large_vehicle,0.3790,956.8,412.8,1025.9,455.6
334,2,large_vehicle,0.2186,560.2,482.5,649.7,534.4
334,0,person,0.1600,1196.7,526.8,1215.2,567.2
335,1,car,0.6501,560.9,483.0,650.3,534.5
335,2,large_vehicle,0.3357,956.5,412.7,1025.4,455.6
335,0,person,0.2420,1246.1,630.4,1269.9,694.3
335,0,person,0.2323,1244.3,629.8,1271.7,695.4
335,0,person,0.2272,797.2,465.6,811.2,504.6
335,0,person,0.2041,1196.8,526.6,1215.7,567.8
335,0,person,0.1886,1244.9,653.9,1268.4,694.7
336,1,car,0.7464,559.0,482.5,650.6,534.3
336,0,person,0.3358,1243.2,631.4,1268.8,695.9
336,2,large_vehicle,0.2525,957.1,412.8,1025.5,455.5
336,0,person,0.2150,849.3,439.3,861.3,471.9
336,0,person,0.1941,796.6,465.6,811.3,505.9
336,0,person,0.1672,1196.8,526.3,1215.8,568.0
336,2,large_vehicle,0.1215,559.0,482.5,650.6,534.3
337,1,car,0.7455,559.1,482.5,650.8,534.3
337,0,person,0.3223,1243.5,631.8,1268.8,696.0
337,2,large_vehicle,0.2741,956.5,412.7,1025.7,455.5
337,0,person,0.2108,796.6,465.5,811.3,505.7
337,0,person,0.2085,849.3,439.3,861.3,471.8
337,2,large_vehicle,0.1139,559.1,482.5,650.8,534.3
338,1,car,0.6805,560.2,482.5,650.4,534.4
338,0,person,0.4305,1243.1,630.8,1269.2,695.7
338,2,large_vehicle,0.2622,956.9,412.9,1025.1,455.5
338,0,person,0.2530,849.2,439.2,861.4,472.0
338,0,person,0.2145,796.6,465.6,811.4,505.9
338,2,large_vehicle,0.1468,560.2,482.5,650.4,534.4
339,1,car,0.6982,558.5,482.2,649.7,534.5
339,0,person,0.4884,1240.9,630.9,1268.4,695.7
339,2,large_vehicle,0.2635,957.3,412.8,1025.8,455.5
339,2,large_vehicle,0.1727,558.5,482.2,649.7,534.5
339,0,person,0.1336,796.2,466.0,811.0,505.7
340,1,car,0.6928,558.3,482.1,649.7,534.5
340,0,person,0.5075,1240.9,630.9,1268.4,695.7
340,2,large_vehicle,0.1877,957.5,412.8,1025.4,455.5
340,2,large_vehicle,0.1775,558.3,482.1,649.7,534.5
340,0,person,0.1318,796.2,466.0,811.0,505.6
341,1,car,0.6673,559.6,482.0,651.5,534.4
341,0,person,0.4030,1240.8,631.8,1267.5,696.9
341,2,large_vehicle,0.3356,956.4,412.7,1025.6,455.5
341,2,large_vehicle,0.1902,559.6,482.0,651.5,534.4
341,0,person,0.1517,1243.2,631.0,1268.0,695.1
341,0,person,0.1214,1241.3,648.0,1267.2,696.7
342,1,car,0.6686,559.7,482.0,651.5,534.4
342,0,person,0.4008,1243.2,631.0,1267.9,695.0
342,2,large_vehicle,0.3418,956.4,412.6,1025.7,455.5
342,2,large_vehicle,0.1893,559.7,482.0,651.5,534.4
342,0,person,0.1344,1241.3,649.6,1267.3,696.7
343,1,car,0.6681,559.5,482.0,651.0,534.4
343,2,large_vehicle,0.3855,956.3,412.9,1025.9,455.6
343,0,person,0.3742,1243.3,631.1,1268.0,695.0
343,0,person,0.2092,1241.0,632.1,1267.4,697.0
343,2,large_vehicle,0.1952,559.5,482.0,651.0,534.4
343,0,person,0.1276,1241.3,648.8,1267.2,696.7
343,1,car,0.1026,956.3,412.9,1025.9,455.6
344,1,car,0.7600,559.7,482.7,650.4,534.4
344,2,large_vehicle,0.3843,956.1,412.3,1024.9,455.5
344,0,person,0.2438,1243.8,631.6,1267.1,694.7
344,0,person,0.1706,1240.4,647.8,1266.7,698.4
344,0,person,0.1286,1241.9,637.8,1266.4,698.5
344,0,person,0.1118,1196.7,526.4,1215.6,567.5
345,1,car,0.7504,559.8,482.7,650.3,534.4
345,2,large_vehicle,0.3821,956.1,412.4,1024.9,455.5
345,0,person,0.2806,1243.4,631.5,1267.2,694.7
345,0,person,0.2090,1241.5,636.7,1266.4,697.8
345,0,person,0.1719,1240.2,647.1,1266.7,697.5
345,0,person,0.1409,1196.7,526.2,1215.8,567.5
345,2,large_vehicle,0.1032,559.8,482.7,650.3,534.4
346,1,car,0.7336,558.8,482.2,650.1,534.3
346,0,person,0.3518,1245.1,631.8,1266.9,693.8
346,0,person,0.2584,1241.3,632.5,1266.8,697.2
346,2,large_vehicle,0.2447,956.9,412.3,1024.4,455.4
346,2,large_vehicle,0.1519,558.8,482.2,650.1,534.3
347,1,car,0.7335,558.6,482.3,650.0,534.3
347,0,person,0.3894,1246.0,631.8,1266.6,693.1
347,2,large_vehicle,0.1821,957.2,412.3,1024.3,455.4
347,0,person,0.1503,1240.7,644.9,1264.9,699.6
347,2,large_vehicle,0.1456,558.6,482.3,650.0,534.3
348,1,car,0.7376,558.5,482.3,649.9,534.3
348,0,person,0.3926,1245.2,631.8,1266.9,693.6
348,2,large_vehicle,0.1793,957.2,412.3,1024.3,455.4
348,2,large_vehicle,0.1455,558.5,482.3,649.9,534.3
349,1,car,0.6406,557.7,481.7,649.8,534.4
349,0,person,0.3821,1241.8,661.4,1265.8,698.4
349,0,person,0.2635,1247.2,632.1,1265.4,686.1
349,0,person,0.2561,1196.8,526.4,1215.7,567.5
349,2,large_vehicle,0.2220,557.7,481.7,649.8,534.4
349,0,person,0.1110,839.3,442.7,852.8,475.3
350,1,car,0.6383,557.8,481.8,649.8,534.4
350,0,person,0.3616,1242.3,661.4,1266.0,698.4
350,0,person,0.2670,1196.8,526.5,1215.7,567.6
350,0,person,0.2628,1247.2,632.0,1265.4,686.6
350,2,large_vehicle,0.2295,557.8,481.8,649.8,534.4
350,2,large_vehicle,0.1682,957.7,412.1,1024.1,455.4
350,0,person,0.1178,839.3,442.6,852.8,475.3
351,1,car,0.6453,559.7,482.4,650.4,534.4
351,0,person,0.4740,1246.9,631.6,1265.6,688.5
351,0,person,0.3685,1240.7,662.3,1259.5,700.2
351,2,large_vehicle,0.2686,956.9,412.4,1024.7,455.4
351,2,large_vehicle,0.1523,559.7,482.4,650.4,534.4
352,1,car,0.6608,559.5,482.2,650.2,534.4
352,0,person,0.4849,1247.1,631.5,1265.8,688.5
352,0,person,0.3669,1240.7,662.4,1259.4,700.2
352,2,large_vehicle,0.2559,956.8,412.5,1024.9,455.5
352,2,large_vehicle,0.1881,559.5,482.2,650.2,534.4
353,1,car,0.7189,559.8,482.4,650.2,534.4
353,0,person,0.5302,1247.1,631.5,1265.8,688.1
353,0,person,0.4350,1240.6,662.6,1259.0,700.1
353,2,large_vehicle,0.3007,956.3,412.6,1024.1,455.5
353,0,person,0.1692,1196.9,526.2,1215.4,567.5
353,2,large_vehicle,0.1193,559.8,482.4,650.2,534.4
354,1,car,0.7935,559.0,482.5,649.8,534.4
354,0,person,0.5736,1240.6,662.2,1261.0,699.8
354,0,person,0.5257,1245.4,631.5,1265.2,686.2
354,0,person,0.3682,1196.8,526.1,1215.8,567.5
354,2,large_vehicle,0.2930,955.7,412.2,1024.1,455.5
354,0,person,0.2489,791.5,463.8,806.6,505.3
354,0,person,0.2459,1240.9,662.2,1264.9,699.5
354,2,large_vehicle,0.1031,559.0,482.5,649.8,534.4
355,1,car,0.8086,558.9,482.6,649.8,534.4
355,0,person,0.5865,1240.6,662.1,1260.7,699.8
355,0,person,0.5285,1245.4,631.5,1265.3,686.5
355,0,person,0.3845,1196.9,526.3,1215.8,567.5
355,2,large_vehicle,0.3000,956.0,412.4,1024.4,455.5
355,0,person,0.2410,791.4,463.7,806.6,505.3
355,0,person,0.1718,1241.0,661.9,1264.7,699.4
355,1,car,0.1074,956.0,412.4,1024.4,455.5
356,1,car,0.7238,558.6,482.1,649.7,534.2
356,0,person,0.4945,1244.7,632.1,1264.8,689.8
356,0,person,0.3998,1240.9,662.1,1259.0,699.4
356,2,large_vehicle,0.2224,957.1,412.6,1025.0,455.5
356,0,person,0.1782,1197.0,526.5,1215.4,567.3
356,2,large_vehicle,0.1623,558.6,482.1,649.7,534.2
356,0,person,0.1362,791.6,464.8,806.0,505.4
357,1,car,0.7310,558.5,482.2,649.8,534.2
357,0,person,0.5076,1244.7,632.1,1264.9,689.9
357,0,person,0.3976,1240.9,662.1,1259.0,699.4
357,2,large_vehicle,0.2254,957.1,412.6,1024.9,455.5
357,0,person,0.1905,1197.0,526.5,1215.4,567.4
357,2,large_vehicle,0.1463,558.5,482.2,649.8,534.2
357,0,person,0.1434,791.6,464.7,806.0,505.5
358,1,car,0.7222,559.0,482.2,649.6,534.2
358,0,person,0.4968,1244.7,632.1,1264.9,689.6
358,0,person,0.4021,1240.9,662.2,1258.9,699.4
358,2,large_vehicle,0.2482,956.9,412.2,1025.4,455.4
358,0,person,0.1902,1197.0,526.6,1215.4,567.2
358,2,large_vehicle,0.1497,559.0,482.2,649.6,534.2
358,0,person,0.1247,791.6,464.6,806.0,505.4
359,1,car,0.6818,559.2,481.9,649.5,534.1
359,0,person,0.2657,791.0,466.1,806.0,506.6
359,0,person,0.2276,1244.0,632.2,1264.2,686.4
359,2,large_vehicle,0.2074,559.2,481.9,649.5,534.1
359,2,large_vehicle,0.1771,957.8,412.4,1024.8,455.3
360,1,car,0.7110,558.6,481.8,649.6,534.3
360,0,person,0.3925,1243.3,632.4,1263.9,686.9
360,0,person,0.3784,789.9,463.9,806.1,506.9
360,0,person,0.3358,1240.4,661.7,1259.5,702.8
360,2,large_vehicle,0.2761,956.8,412.2,1025.2,455.4
360,0,person,0.2259,1197.1,526.2,1215.8,567.3
360,2,large_vehicle,0.1761,558.6,481.8,649.6,534.3
360,1,car,0.1075,956.8,412.2,1025.2,455.4
361,1,car,0.7110,558.6,481.8,649.7,534.3
361,0,person,0.3924,789.9,464.2,806.1,506.9
361,0,person,0.3775,1243.3,632.3,1263.8,686.9
361,0,person,0.3385,1240.5,661.7,1259.5,702.9
361,0,person,0.2805,1197.0,526.3,1215.8,567.2
361,2,large_vehicle,0.2616,957.0,412.3,1025.4,455.4
361,2,large_vehicle,0.1784,558.6,481.8,649.7,534.3
362,1,car,0.7473,559.0,482.1,649.5,534.3
362,0,person,0.3948,789.9,464.5,806.1,506.9
362,0,person,0.3730,1243.4,632.5,1264.0,687.1
362,0,person,0.3261,1240.5,661.8,1259.5,702.9
362,2,large_vehicle,0.3201,956.8,412.5,1025.4,455.4
362,0,person,0.1796,1197.1,526.5,1215.6,567.2
362,2,large_vehicle,0.1410,559.0,482.1,649.5,534.3
362,1,car,0.1296,956.8,412.5,1025.4,455.4
363,1,car,0.7675,560.7,482.8,650.0,534.2
363,0,person,0.5143,788.9,462.3,805.2,506.4
363,0,person,0.3949,1239.1,660.6,1259.3,704.2
363,2,large_vehicle,0.3339,955.7,412.1,1025.5,455.3
363,0,person,0.1701,1243.2,632.6,1263.0,684.7
363,1,car,0.1671,955.7,412.1,1025.5,455.3
363,0,person,0.1267,1197.0,526.3,1215.7,567.2
364,1,car,0.7912,560.5,482.6,650.1,534.2
364,0,person,0.5175,788.9,462.4,805.2,506.4
364,0,person,0.4228,1239.2,660.5,1259.4,704.3
364,2,large_vehicle,0.3413,955.8,412.0,1025.6,455.3
364,1,car,0.1476,955.8,412.0,1025.6,455.3
364,0,person,0.1464,1243.3,632.6,1263.1,684.7
364,0,person,0.1422,1197.0,526.0,1215.7,567.4
365,1,car,0.7642,559.1,482.3,650.6,533.9
365,0,person,0.4940,788.1,462.3,805.1,506.6
365,0,person,0.4476,1237.4,660.8,1259.1,705.0
365,2,large_vehicle,0.1955,956.6,411.4,1024.6,455.1
365,0,person,0.1467,1196.9,526.3,1215.7,567.5
365,0,person,0.1435,1243.0,633.5,1262.8,687.2
365,0,person,0.1227,1241.6,633.9,1261.1,686.7
365,2,large_vehicle,0.1024,559.1,482.3,650.6,533.9
366,1,car,0.7663,559.1,482.2,650.6,534.0
366,0,person,0.4975,788.1,462.3,805.1,506.6
366,0,person,0.4434,1237.4,660.8,1259.1,705.0
366,2,large_vehicle,0.1794,956.9,411.5,1024.5,455.1
366,0,person,0.1419,1243.0,633.5,1262.8,687.3
366,0,person,0.1346,1196.9,526.2,1215.7,567.5
366,0,person,0.1203,1241.6,633.9,1261.1,686.8
366,2,large_vehicle,0.1043,559.1,482.2,650.6,534.0
367,1,car,0.7719,558.8,482.2,650.6,534.0
367,0,person,0.5099,788.1,462.3,805.1,506.6
367,0,person,0.4762,1237.5,660.7,1259.2,704.9
367,2,large_vehicle,0.2043,956.4,411.6,1024.9,455.1
367,0,person,0.1311,1241.6,633.9,1261.1,687.2
367,0,person,0.1205,1243.1,633.5,1262.8,687.5
367,2,large_vehicle,0.1114,558.8,482.2,650.6,534.0
367,0,person,0.1057,1196.7,526.2,1215.7,567.6
368,1,car,0.6908,558.0,481.4,649.9,534.1
368,0,person,0.4002,1235.7,662.7,1259.1,704.3
368,0,person,0.3587,786.8,461.9,805.5,506.3
368,0,person,0.2280,824.1,442.1,838.4,478.8
368,2,large_vehicle,0.2032,957.2,412.0,1023.9,455.1
368,2,large_vehicle,0.1984,558.0,481.4,649.9,534.1
368,0,person,0.1580,1196.9,525.9,1215.9,567.5
369,1,car,0.6868,558.1,481.5,649.9,534.1
369,0,person,0.3868,1235.6,662.7,1259.1,704.4
369,0,person,0.3611,786.9,462.0,805.6,506.3
369,0,person,0.2391,824.1,442.2,838.4,478.8
369,2,large_vehicle,0.1995,558.1,481.5,649.9,534.1
369,2,large_vehicle,0.1858,957.3,412.2,1023.8,455.2
369,0,person,0.1293,1196.9,526.1,1215.7,567.3
370,1,car,0.6742,559.4,482.0,649.6,534.1
370,0,person,0.5361,1233.7,662.4,1257.5,705.1
370,0,person,0.3350,785.8,460.6,804.7,506.6
370,0,person,0.2881,1240.4,634.6,1259.0,687.3
370,0,person,0.2642,1197.0,526.4,1215.7,567.4
370,2,large_vehicle,0.2624,956.7,412.4,1024.2,455.1
370,2,large_vehicle,0.1850,559.4,482.0,649.6,534.1
370,0,person,0.1515,822.8,442.8,836.6,478.7
371,1,car,0.6914,559.8,482.3,649.8,534.1
371,0,person,0.5522,1233.9,662.4,1257.5,705.0
371,0,person,0.3442,1240.3,634.7,1259.0,688.4
371,2,large_vehicle,0.3432,956.6,412.0,1024.8,455.1
371,0,person,0.3337,785.8,460.8,804.8,506.7
371,0,person,0.2356,1197.1,526.4,1215.7,567.4
371,0,person,0.1451,822.8,442.9,836.4,478.7
371,1,car,0.1108,956.6,412.0,1024.8,455.1
371,2,large_vehicle,0.1073,559.8,482.3,649.8,534.1
372,1,car,0.6988,559.8,482.3,649.8,534.1
372,0,person,0.5606,1233.8,661.9,1257.4,705.0
372,2,large_vehicle,0.3449,956.7,412.0,1024.7,455.1
372,0,person,0.3252,785.9,460.9,804.7,506.6
372,0,person,0.2972,1240.3,634.5,1259.0,687.8
372,0,person,0.2064,1197.1,526.5,1215.7,567.3
372,0,person,0.1429,822.8,442.9,836.5,478.6
372,1,car,0.1129,956.7,412.0,1024.7,455.1
372,2,large_vehicle,0.1043,559.8,482.3,649.8,534.1
373,1,car,0.7048,560.6,482.5,650.0,534.0
373,0,person,0.4695,1237.2,635.3,1258.8,698.9
373,0,person,0.4122,1234.0,662.0,1257.1,705.4
373,2,large_vehicle,0.3991,955.8,412.8,1024.8,455.2
373,0,person,0.2656,1197.0,526.7,1215.7,567.2
373,0,person,0.1183,819.4,444.3,833.2,478.4
373,0,person,0.1174,786.3,460.9,803.5,506.5
373,1,car,0.1169,955.8,412.8,1024.8,455.2
374,1,car,0.7739,559.8,482.2,650.2,533.9
374,0,person,0.4714,1233.6,662.9,1257.3,705.4
374,0,person,0.4510,1237.7,635.2,1258.8,695.9
374,2,large_vehicle,0.3754,955.9,412.7,1024.3,455.2
374,0,person,0.2793,1197.0,526.8,1215.7,567.2
374,0,person,0.1318,786.3,461.1,803.5,506.5
374,0,person,0.1315,819.3,444.4,833.3,478.5
374,0,person,0.1156,821.7,444.0,836.6,478.7
374,1,car,0.1134,955.9,412.7,1024.3,455.2
375,1,car,0.7390,558.7,481.6,650.3,533.8
375,0,person,0.5347,1233.4,664.5,1256.3,706.0
375,0,person,0.3928,1237.8,635.4,1256.8,686.9
375,0,person,0.3491,1196.9,526.3,1215.7,567.3
375,2,large_vehicle,0.2477,956.4,412.4,1023.8,455.0
375,0,person,0.2413,786.1,462.3,804.3,506.5
375,2,large_vehicle,0.1485,558.7,481.6,650.3,533.8
376,1,car,0.7448,558.4,481.4,650.2,533.7
376,0,person,0.5173,1233.4,664.3,1256.3,706.1
376,0,person,0.3724,1237.8,635.3,1256.8,687.5
376,0,person,0.3382,1196.9,526.2,1215.7,567.2
376,0,person,0.2608,786.1,462.3,804.3,506.5
376,2,large_vehicle,0.2397,956.0,412.1,1024.3,455.0
376,2,large_vehicle,0.1453,558.4,481.4,650.2,533.7
377,1,car,0.7336,558.4,481.5,650.0,533.8
377,0,person,0.4682,1233.4,663.3,1256.4,706.1
377,0,person,0.3249,786.2,462.5,804.3,506.3
377,0,person,0.3139,1238.0,635.1,1256.9,689.5
377,2,large_vehicle,0.2691,956.4,412.2,1024.1,454.8
377,0,person,0.2542,1196.9,526.0,1215.7,567.1
377,2,large_vehicle,0.1656,558.4,481.5,650.0,533.8
378,1,car,0.6401,558.3,481.0,649.8,533.8
378,0,person,0.5047,1233.1,663.8,1256.8,706.9
378,0,person,0.3188,1197.0,525.6,1216.0,567.4
378,0,person,0.2772,1237.1,635.6,1256.3,687.1
378,2,large_vehicle,0.2605,956.8,412.5,1024.3,454.8
378,2,large_vehicle,0.2464,558.3,481.0,649.8,533.8
378,0,person,0.1329,785.2,462.5,801.4,506.3
379,1,car,0.6089,558.5,480.9,649.7,533.9
379,0,person,0.5008,1233.2,663.8,1256.7,706.9
379,0,person,0.3093,1197.0,525.7,1215.8,567.4
379,0,person,0.2771,1237.2,635.5,1256.4,686.7
379,2,large_vehicle,0.2757,956.8,412.2,1024.7,454.8
379,2,large_vehicle,0.2728,558.5,480.9,649.7,533.9
379,0,person,0.1156,785.2,462.5,801.3,506.3
380,1,car,0.6495,556.4,481.0,649.9,533.9
380,0,person,0.4665,1232.8,664.2,1256.7,707.9
380,0,person,0.4093,1197.1,526.3,1216.0,567.3
380,2,large_vehicle,0.2937,957.0,411.9,1024.8,454.8
380,0,person,0.2723,1236.7,636.0,1256.1,683.2
380,2,large_vehicle,0.2011,556.4,481.0,649.9,533.9
380,0,person,0.1460,812.5,447.5,829.3,481.8
380,0,person,0.1076,784.9,460.7,800.9,506.2
381,1,car,0.6500,556.3,481.0,649.9,533.9
381,0,person,0.4679,1232.8,664.4,1256.7,707.9
381,0,person,0.4135,1197.1,526.4,1216.0,567.3
381,2,large_vehicle,0.2937,957.0,411.8,1025.1,454.8
381,0,person,0.2797,1236.8,636.1,1256.1,682.8
381,2,large_vehicle,0.2002,556.3,481.0,649.9,533.9
381,0,person,0.1453,812.5,447.5,829.3,481.7
382,1,car,0.6617,555.9,481.0,649.9,533.9
382,0,person,0.4727,1232.8,664.3,1256.7,707.9
382,0,person,0.4555,1197.1,526.4,1216.0,567.3
382,0,person,0.2883,1236.8,636.1,1256.1,683.2
382,2,large_vehicle,0.2802,956.9,412.1,1025.4,454.8
382,2,large_vehicle,0.1954,555.9,481.0,649.9,533.9
382,0,person,0.1468,812.4,447.5,829.2,481.8
382,0,person,0.1005,784.9,460.7,800.9,506.2
383,1,car,0.7617,558.5,481.6,650.0,533.8
383,0,person,0.4848,1232.8,665.1,1256.4,707.8
383,0,person,0.2582,1235.9,635.7,1255.2,688.0
383,2,large_vehicle,0.2155,956.1,412.4,1024.1,454.9
383,0,person,0.1709,1197.1,526.0,1216.4,566.7
383,2,large_vehicle,0.1090,558.5,481.6,650.0,533.8
384,1,car,0.7099,558.6,481.4,650.8,533.5
384,0,person,0.3982,1232.8,662.8,1254.9,708.3
384,0,person,0.2477,1235.7,635.2,1255.0,692.2
384,2,large_vehicle,0.2448,956.1,412.6,1023.7,454.6
384,2,large_vehicle,0.1793,558.6,481.4,650.8,533.5
384,0,person,0.1712,1197.0,525.8,1215.8,567.0
384,0,person,0.1143,1197.0,525.0,1216.3,566.9
385,1,car,0.7284,558.4,481.4,650.9,533.5
385,0,person,0.4169,1232.8,663.3,1255.0,708.5
385,0,person,0.2549,1235.7,635.4,1255.0,691.3
385,2,large_vehicle,0.2246,956.1,412.9,1024.0,454.6
385,2,large_vehicle,0.1661,558.4,481.4,650.9,533.5
385,0,person,0.1328,1197.0,525.3,1216.2,566.7
386,1,car,0.7251,558.0,481.2,650.9,533.5
386,0,person,0.4054,1232.7,662.4,1254.8,708.4
386,2,large_vehicle,0.2435,956.8,413.1,1024.8,454.6
386,0,person,0.2190,1235.7,635.1,1255.2,692.4
386,2,large_vehicle,0.1521,558.0,481.2,650.9,533.5
386,0,person,0.1153,1197.0,524.5,1216.3,566.7
386,1,car,0.1045,956.8,413.1,1024.8,454.6
387,1,car,0.6677,557.8,480.9,650.1,533.6
387,0,person,0.2912,1234.1,636.2,1255.0,700.7
387,0,person,0.2808,1232.4,664.2,1254.8,708.3
387,0,person,0.2301,1235.2,635.8,1254.1,690.4
387,2,large_vehicle,0.2177,957.1,413.0,1025.8,454.6
387,2,large_vehicle,0.2095,557.8,480.9,650.1,533.6
387,0,person,0.1676,1197.0,524.1,1216.3,566.6
388,1,car,0.6840,557.7,481.0,650.2,533.6
388,0,person,0.3240,1234.1,636.2,1255.0,701.1
388,0,person,0.2768,1232.4,664.2,1254.8,708.3
388,0,person,0.2238,1235.2,635.8,1254.1,690.5
388,2,large_vehicle,0.2120,957.0,413.1,1025.6,454.6
388,2,large_vehicle,0.1884,557.7,481.0,650.2,533.6
388,0,person,0.1551,1197.0,523.8,1216.4,566.7
389,0,person,0.5764,1233.5,636.2,1254.5,696.4
389,1,car,0.4219,558.3,481.4,650.2,533.6
389,2,large_vehicle,0.2660,956.7,413.4,1025.5,454.7
389,1,car,0.2514,558.7,481.3,649.9,533.6
389,0,person,0.2254,1197.2,524.6,1216.4,566.7
389,0,person,0.2225,1231.6,663.9,1254.4,707.9
389,1,car,0.1360,956.7,413.4,1025.5,454.7
389,2,large_vehicle,0.1249,558.3,481.4,650.2,533.6
389,0,person,0.1242,1230.6,667.3,1249.3,707.7
390,0,person,0.5747,1233.6,636.2,1254.5,696.4
390,1,car,0.4597,558.5,481.5,650.2,533.6
390,2,large_vehicle,0.2644,956.7,413.4,1025.7,454.7
390,0,person,0.2158,1231.6,663.9,1254.4,707.9
390,1,car,0.2119,558.9,481.3,649.9,533.6
390,0,person,0.1375,1197.4,525.9,1215.7,566.9
390,2,large_vehicle,0.1369,558.5,481.5,650.2,533.6
390,1,car,0.1364,956.7,413.4,1025.7,454.7
390,0,person,0.1303,1197.2,524.2,1216.3,566.6
390,0,person,0.1230,1230.7,667.3,1249.3,707.7
391,0,person,0.5735,1233.6,636.2,1254.5,696.0
391,1,car,0.5227,559.1,481.5,650.1,533.6
391,2,large_vehicle,0.2604,956.6,413.6,1025.6,454.7
391,0,person,0.2305,1231.7,664.0,1254.3,707.9
391,0,person,0.2112,1197.2,524.8,1216.3,566.6
391,2,large_vehicle,0.1688,559.1,481.5,650.1,533.6
391,1,car,0.1495,956.6,413.6,1025.6,454.7
391,1,car,0.1404,559.6,481.4,649.9,533.6
391,0,person,0.1303,1230.7,667.4,1249.3,707.7
392,1,car,0.7204,559.6,481.4,650.1,533.6
392,0,person,0.5180,1233.2,637.0,1254.7,697.6
392,0,person,0.3498,1197.1,524.0,1216.5,566.6
392,2,large_vehicle,0.2721,956.1,413.5,1025.8,454.7
392,0,person,0.2127,1232.2,666.8,1254.4,707.3
392,1,car,0.1692,956.1,413.5,1025.8,454.7
392,0,person,0.1637,1229.7,668.8,1249.9,707.3
392,2,large_vehicle,0.1093,559.6,481.4,650.1,533.6
393,1,car,0.7273,559.1,481.2,650.0,533.6
393,0,person,0.5507,1233.2,636.6,1254.7,697.2
393,0,person,0.3520,1197.1,523.9,1216.6,566.6
393,2,large_vehicle,0.3017,956.1,413.4,1026.1,454.7
393,0,person,0.2323,1231.6,666.2,1254.1,707.5
393,1,car,0.1802,956.1,413.4,1026.1,454.7
393,0,person,0.1492,1229.5,668.3,1250.2,707.6
393,2,large_vehicle,0.1225,559.1,481.2,650.0,533.6
394,1,car,0.7408,558.0,481.2,651.6,533.4
394,0,person,0.5780,1232.4,637.2,1254.0,699.1
394,0,person,0.3755,1197.0,525.3,1215.9,566.9
394,2,large_vehicle,0.2575,956.6,413.2,1025.9,454.6
394,0,person,0.2363,1228.5,669.2,1248.8,708.3
394,1,car,0.1914,956.6,413.2,1025.9,454.6
394,0,person,0.1494,1235.0,668.1,1254.2,706.1
394,2,large_vehicle,0.1277,558.0,481.2,651.6,533.4
395,1,car,0.7294,557.8,481.1,650.6,533.5
395,0,person,0.5861,1232.5,637.1,1254.0,698.5
395,0,person,0.4435,1197.1,525.6,1215.9,567.0
395,2,large_vehicle,0.2718,956.6,412.7,1025.6,454.6
395,0,person,0.2271,1228.4,669.4,1248.3,708.3
395,2,large_vehicle,0.1441,557.8,481.1,650.6,533.5
395,0,person,0.1371,1235.3,668.3,1254.2,705.7
395,1,car,0.1351,956.6,412.7,1025.6,454.6
396,1,car,0.7220,557.8,481.1,650.5,533.5
396,0,person,0.5843,1232.5,637.1,1254.0,698.6
396,0,person,0.4437,1197.1,525.7,1215.9,567.0
396,2,large_vehicle,0.2667,956.6,412.8,1025.6,454.6
396,0,person,0.2261,1228.4,669.4,1248.2,708.4
396,2,large_vehicle,0.1563,557.8,481.1,650.5,533.5
396,1,car,0.1470,956.6,412.8,1025.6,454.6
396,0,person,0.1371,1235.4,668.3,1254.2,705.7
397,0,person,0.5548,1227.6,637.9,1252.9,708.3
397,1,car,0.3945,559.4,481.4,649.9,533.6
397,1,car,0.2885,560.0,481.1,649.7,533.6
397,0,person,0.2703,1225.4,665.8,1248.4,709.5
397,0,person,0.2645,1197.0,524.9,1215.8,567.1
397,2,large_vehicle,0.2633,956.7,412.3,1026.4,454.5
397,0,person,0.2028,1196.9,520.8,1216.4,566.7
397,2,large_vehicle,0.1094,559.4,481.4,649.9,533.6
397,1,car,0.1002,956.7,412.3,1026.4,454.5
398,0,person,0.5819,1227.6,638.2,1252.8,708.2
398,1,car,0.4375,559.7,480.9,649.7,533.6
398,0,person,0.2732,1225.5,666.1,1248.4,709.5
398,0,person,0.2688,1196.9,519.7,1216.3,566.6
398,2,large_vehicle,0.2633,956.5,412.1,1025.9,454.6
398,1,car,0.2470,559.1,481.2,649.9,533.6
398,2,large_vehicle,0.1170,559.7,480.9,649.7,533.6
399,1,car,0.6624,557.0,480.6,650.3,533.6
399,0,person,0.4797,1227.8,638.9,1252.0,705.6
399,0,person,0.3672,1223.8,668.6,1247.3,709.5
399,0,person,0.2774,1197.0,525.0,1215.9,567.1
399,2,large_vehicle,0.2437,956.4,412.0,1025.3,454.6
399,2,large_vehicle,0.1686,557.0,480.6,650.3,533.6
399,0,person,0.1593,1222.4,639.3,1253.0,709.5
399,0,person,0.1507,781.4,460.4,799.0,506.2
399,0,person,0.1352,1196.9,521.2,1216.3,566.5
399,1,car,0.1029,956.4,412.0,1025.3,454.6
400,1,car,0.6584,557.8,480.8,650.2,533.6
400,0,person,0.4669,1228.3,639.0,1251.7,703.5
400,0,person,0.3771,1224.0,669.1,1246.9,709.3
400,0,person,0.2929,1197.1,525.3,1215.9,567.0
400,2,large_vehicle,0.2348,956.3,411.9,1025.2,454.6
400,2,large_vehicle,0.1732,557.8,480.8,650.2,533.6
400,0,person,0.1466,781.4,460.8,798.8,506.1
400,0,person,0.1258,1222.4,639.6,1252.8,709.5
400,0,person,0.1050,1233.6,669.5,1253.8,708.7
401,1,car,0.6745,557.9,480.9,649.9,533.6
401,0,person,0.4700,1228.3,639.0,1251.7,703.5
401,0,person,0.4128,1223.9,669.3,1247.2,709.6
401,0,person,0.3853,1197.0,525.0,1216.2,567.2
401,2,large_vehicle,0.2096,956.1,411.5,1025.0,454.6
401,2,large_vehicle,0.1445,557.9,480.9,649.9,533.6
401,0,person,0.1172,1222.3,639.8,1252.7,710.1
401,0,person,0.1114,781.3,460.4,799.0,506.1
401,0,person,0.1036,1233.1,669.4,1253.9,708.8
402,1,car,0.7262,558.3,481.1,649.8,533.6
402,0,person,0.4616,1226.3,640.5,1251.5,706.2
402,0,person,0.4460,1197.0,525.1,1216.0,567.2
402,0,person,0.3723,1222.0,665.4,1246.7,709.5
402,0,person,0.2489,1231.0,640.7,1252.8,700.9
402,2,large_vehicle,0.2477,955.8,411.4,1025.0,454.5
402,0,person,0.1285,1221.3,641.1,1252.2,709.6
402,2,large_vehicle,0.1238,558.3,481.1,649.8,533.6
402,1,car,0.1131,955.8,411.4,1025.0,454.5
403,1,car,0.7473,558.8,481.3,649.7,533.7
403,0,person,0.4697,1226.0,640.5,1251.6,706.7
403,0,person,0.4234,1197.1,525.3,1216.2,567.3
403,0,person,0.3693,1222.0,665.2,1247.0,709.6
403,2,large_vehicle,0.2386,955.9,411.6,1024.7,454.5
403,0,person,0.2350,1230.8,640.6,1252.8,701.2
403,0,person,0.1482,1221.2,641.1,1252.2,709.7
403,1,car,0.1306,955.9,411.6,1024.7,454.5
403,0,person,0.1072,781.0,463.9,797.9,507.2
404,1,car,0.7415,557.4,481.2,650.7,533.4
404,0,person,0.5775,1224.4,640.9,1251.0,709.2
404,0,person,0.4601,1196.8,525.0,1216.2,567.4
404,0,person,0.2987,793.7,448.2,807.4,484.4
404,0,person,0.2690,1222.0,669.0,1249.3,710.3
404,2,large_vehicle,0.2477,956.1,411.9,1025.4,454.5
404,0,person,0.2327,1222.1,671.3,1248.9,710.5
404,0,person,0.1676,781.4,465.3,797.8,506.7
404,1,car,0.1351,956.1,411.9,1025.4,454.5
404,0,person,0.1216,1233.7,672.3,1251.5,707.4
404,0,person,0.1209,1220.9,640.3,1251.7,709.8
404,0,person,0.1160,1233.6,673.7,1252.0,709.9
404,2,large_vehicle,0.1152,557.4,481.2,650.7,533.4
405,1,car,0.7405,557.5,481.1,650.5,533.5
405,0,person,0.5746,1224.4,640.9,1251.0,709.2
405,0,person,0.4588,1196.8,525.0,1216.1,567.4
405,0,person,0.2911,793.7,448.2,807.4,484.3
405,0,person,0.2726,1222.0,669.0,1249.3,710.4
405,2,large_vehicle,0.2367,956.2,411.4,1025.5,454.5
405,0,person,0.2322,1222.1,671.3,1248.9,710.5
405,0,person,0.1493,781.5,465.5,797.8,506.7
405,0,person,0.1226,1233.7,672.4,1251.5,707.5
405,0,person,0.1187,1220.9,640.3,1251.7,709.8
405,1,car,0.1184,956.2,411.4,1025.5,454.5
405,0,person,0.1167,1233.6,673.7,1252.0,709.9
405,2,large_vehicle,0.1142,557.5,481.1,650.5,533.5
406,1,car,0.7350,557.1,481.0,650.8,533.4
406,0,person,0.5757,1224.5,640.9,1251.0,709.1
406,0,person,0.4047,1196.8,524.9,1216.0,567.5
406,0,person,0.3022,793.8,448.2,807.4,484.3
406,0,person,0.2733,1222.1,669.1,1249.2,710.3
406,2,large_vehicle,0.2675,956.3,412.0,1025.8,454.4
406,0,person,0.2364,1222.1,671.4,1248.9,710.4
406,0,person,0.1784,781.4,465.4,797.7,506.7
406,1,car,0.1360,956.3,412.0,1025.8,454.4
406,0,person,0.1313,1233.7,673.7,1252.1,709.8
406,0,person,0.1292,1233.7,672.4,1251.6,707.7
406,2,large_vehicle,0.1256,557.1,481.0,650.8,533.4
406,0,person,0.1038,1220.9,640.4,1251.8,709.8
407,1,car,0.5976,558.6,481.0,649.5,533.5
407,0,person,0.5642,1225.1,642.0,1250.1,707.9
407,0,person,0.3258,1197.0,524.4,1216.0,567.5
407,0,person,0.2639,1222.3,670.1,1247.4,712.3
407,2,large_vehicle,0.2500,956.8,412.7,1026.0,454.6
407,2,large_vehicle,0.2090,558.6,481.0,649.5,533.5
407,1,car,0.1338,956.8,412.7,1026.0,454.6
408,0,person,0.4515,1197.0,524.3,1216.3,567.5
408,0,person,0.4194,1224.4,642.2,1249.5,711.7
408,1,car,0.4163,559.2,481.0,650.2,533.7
408,0,person,0.3588,1220.6,641.8,1250.3,713.9
408,0,person,0.3430,778.9,472.4,795.6,508.7
408,1,car,0.3329,558.5,481.4,650.3,533.6
408,0,person,0.2923,1221.3,670.8,1247.6,713.4
408,0,person,0.2495,1221.2,666.4,1248.0,713.2
408,2,large_vehicle,0.1916,956.5,412.5,1025.6,454.6
408,1,car,0.1139,956.5,412.5,1025.6,454.6
409,0,person,0.4610,1197.0,524.3,1216.5,567.7
409,0,person,0.4391,1224.2,642.2,1249.4,711.6
409,1,car,0.4102,558.5,481.2,650.0,533.6
409,0,person,0.3422,1220.6,641.8,1250.1,713.6
409,0,person,0.3319,778.9,472.4,795.5,508.7
409,0,person,0.3102,1221.3,670.8,1247.6,713.2
409,1,car,0.2867,559.2,480.9,649.9,533.7
409,0,person,0.2561,1221.3,666.6,1247.9,713.0
409,2,large_vehicle,0.1987,956.6,412.4,1025.7,454.5
409,1,car,0.1132,956.6,412.4,1025.7,454.5
409,2,large_vehicle,0.1128,558.5,481.2,650.0,533.6
410,1,car,0.6126,559.9,481.4,650.1,533.6
410,0,person,0.5077,1196.9,524.5,1216.5,567.7
410,0,person,0.4265,1224.4,642.3,1249.5,711.3
410,0,person,0.3710,1220.7,642.0,1250.3,713.8
410,0,person,0.3231,778.9,472.4,795.8,508.8
410,0,person,0.3021,1221.3,670.8,1247.5,713.3
410,0,person,0.2275,1221.2,665.9,1247.9,713.0
410,2,large_vehicle,0.2239,956.6,412.3,1025.6,454.6
410,2,large_vehicle,0.1661,559.9,481.4,650.1,533.6
410,1,car,0.1081,956.6,412.3,1025.6,454.6
411,1,car,0.6026,558.6,481.4,650.0,533.5
411,0,person,0.4477,1225.6,642.0,1249.0,707.2
411,0,person,0.3782,1221.3,669.0,1244.9,713.6
411,0,person,0.3617,1196.9,524.2,1216.2,567.4
411,1,car,0.3114,558.4,481.6,650.1,533.5
411,0,person,0.2824,1221.6,642.1,1249.7,714.0
411,2,large_vehicle,0.2584,955.9,412.4,1025.9,454.5
411,1,car,0.1620,955.9,412.4,1025.9,454.5
411,0,person,0.1279,778.9,465.6,795.4,507.0
411,0,person,0.1111,788.6,446.5,803.0,479.2
412,1,car,0.5790,558.9,481.6,650.1,533.4
412,0,person,0.4570,1221.3,669.5,1244.9,713.6
412,0,person,0.4356,1225.7,642.1,1248.8,706.8
412,0,person,0.3710,1196.9,524.1,1216.3,567.3
412,2,large_vehicle,0.2638,956.0,412.1,1026.0,454.5
412,1,car,0.2629,559.1,481.3,650.0,533.5
412,0,person,0.2401,1221.7,642.1,1249.8,713.5
412,1,car,0.1400,956.0,412.1,1026.0,454.5
412,0,person,0.1331,778.9,465.8,795.3,507.0
412,0,person,0.1170,788.6,446.5,803.0,479.0
413,1,car,0.7430,557.5,481.1,650.6,533.4
413,0,person,0.4758,1225.5,643.2,1248.4,705.5
413,0,person,0.4584,1196.8,524.6,1216.3,567.3
413,0,person,0.3814,1221.8,672.5,1244.4,713.8
413,2,large_vehicle,0.1838,956.5,412.3,1026.1,454.4
413,1,car,0.1329,956.5,412.3,1026.1,454.4
413,2,large_vehicle,0.1302,557.5,481.1,650.6,533.4
413,0,person,0.1172,1220.2,672.6,1239.2,713.9
414,1,car,0.7407,557.5,481.1,650.6,533.4
414,0,person,0.4737,1225.5,643.2,1248.4,705.8
414,0,person,0.4559,1196.8,524.8,1216.3,567.2
414,0,person,0.3657,1221.8,672.5,1244.4,713.7
414,2,large_vehicle,0.2038,956.6,412.1,1026.2,454.4
414,2,large_vehicle,0.1325,557.5,481.1,650.6,533.4
414,1,car,0.1285,956.6,412.1,1026.2,454.4
414,0,person,0.1184,1220.3,672.7,1239.2,713.8
414,0,person,0.1046,1222.0,642.8,1249.3,713.2
415,1,car,0.7476,557.6,481.1,650.8,533.4
415,0,person,0.4412,1225.5,643.3,1248.1,705.7
415,0,person,0.4336,1196.8,524.8,1216.3,567.2
415,0,person,0.4216,1221.8,672.4,1244.5,713.8
415,2,large_vehicle,0.1984,956.4,412.5,1026.1,454.4
415,1,car,0.1755,956.4,412.5,1026.1,454.4
415,0,person,0.1232,1220.2,672.6,1239.2,713.8
415,0,person,0.1136,1221.8,642.8,1249.3,712.6
415,2,large_vehicle,0.1120,557.6,481.1,650.8,533.4
416,0,person,0.5394,1225.8,642.3,1247.8,703.0
416,1,car,0.3622,559.4,481.4,650.1,533.4
416,0,person,0.3469,1196.9,524.6,1216.1,567.0
416,0,person,0.3082,1221.8,672.5,1243.4,713.8
416,1,car,0.2605,560.0,481.2,649.9,533.4
416,0,person,0.2461,1221.0,673.1,1238.5,714.1
416,2,large_vehicle,0.2137,957.1,413.0,1026.9,454.6
416,2,large_vehicle,0.1317,559.4,481.4,650.1,533.4
416,1,car,0.1246,957.1,413.0,1026.9,454.6
417,0,person,0.5302,1225.9,642.3,1248.0,703.4
417,1,car,0.4511,559.9,481.3,649.9,533.4
417,0,person,0.3745,1196.9,524.5,1216.2,567.0
417,0,person,0.3394,1221.7,671.2,1243.5,713.8
417,1,car,0.2398,559.3,481.5,650.1,533.4
417,2,large_vehicle,0.2216,957.0,412.9,1026.8,454.6
417,0,person,0.2155,1220.9,672.0,1238.7,714.1
417,1,car,0.1221,957.0,412.9,1026.8,454.6
417,2,large_vehicle,0.1140,559.9,481.3,649.9,533.4
418,1,car,0.5892,560.4,481.4,650.2,533.4
418,0,person,0.4665,1225.1,642.4,1247.1,704.6
418,0,person,0.4049,1197.0,525.0,1216.0,566.7
418,0,person,0.2441,1221.1,672.9,1238.6,714.2
418,2,large_vehicle,0.2119,560.4,481.4,650.2,533.4
418,2,large_vehicle,0.1999,956.8,413.2,1026.7,454.6
418,0,person,0.1966,1221.8,672.8,1243.3,714.1
418,1,car,0.1276,956.8,413.2,1026.7,454.6
419,1,car,0.6222,560.5,481.5,650.3,533.4
419,0,person,0.4616,1224.8,642.3,1246.7,704.9
419,0,person,0.4357,1197.2,525.1,1216.2,566.6
419,0,person,0.2310,1221.1,673.1,1238.6,714.4
419,0,person,0.2111,1221.8,673.2,1243.6,714.4
419,2,large_vehicle,0.1845,956.5,412.9,1026.7,454.6
419,2,large_vehicle,0.1608,560.5,481.5,650.3,533.4
419,1,car,0.1132,956.5,412.9,1026.7,454.6
420,1,car,0.6121,560.3,481.5,650.1,533.5
420,0,person,0.4764,1224.9,642.3,1246.8,705.0
420,0,person,0.4372,1197.3,525.2,1216.2,566.6
420,0,person,0.2326,1221.1,673.1,1238.6,714.4
420,0,person,0.2052,1221.8,673.2,1243.5,714.4
420,2,large_vehicle,0.1847,956.5,412.9,1026.6,454.6
420,2,large_vehicle,0.1630,560.3,481.5,650.1,533.5
420,1,car,0.1118,956.5,412.9,1026.6,454.6
421,1,car,0.7676,557.6,481.2,650.0,533.5
421,0,person,0.5807,1223.2,642.9,1246.8,710.5
421,0,person,0.2452,1197.0,524.6,1216.2,566.8
421,2,large_vehicle,0.1917,956.3,412.8,1026.5,454.5
421,0,person,0.1835,1196.8,521.1,1216.7,566.4
421,0,person,0.1362,1220.9,674.4,1237.4,714.6
421,1,car,0.1339,956.3,412.8,1026.5,454.5
422,1,car,0.7477,558.1,481.2,650.1,533.5
422,0,person,0.5991,1223.3,642.8,1246.9,710.5
422,0,person,0.4326,1197.0,524.4,1216.3,566.9
422,2,large_vehicle,0.2112,956.4,412.7,1026.4,454.6
422,1,car,0.1425,956.4,412.7,1026.4,454.6
422,0,person,0.1360,1220.9,674.6,1237.3,714.7
423,1,car,0.7650,558.1,481.0,651.3,533.4
423,0,person,0.5409,1197.1,525.0,1216.3,566.9
423,0,person,0.4410,1223.5,643.0,1246.0,707.2
423,0,person,0.3432,775.8,455.8,794.7,507.8
423,2,large_vehicle,0.2413,956.4,412.6,1025.8,454.4
423,0,person,0.1872,1220.3,675.9,1235.9,715.0
423,1,car,0.1604,956.4,412.6,1025.8,454.4
423,0,person,0.1434,1221.5,642.4,1247.8,713.6
423,0,person,0.1279,1221.9,673.6,1245.5,714.9
424,1,car,0.7670,558.0,480.9,651.1,533.4
424,0,person,0.5304,1197.1,525.0,1216.3,567.0
424,0,person,0.4352,1223.4,643.0,1245.9,707.1
424,0,person,0.3552,775.8,455.5,794.7,507.7
424,2,large_vehicle,0.2484,956.3,412.6,1025.9,454.4
424,0,person,0.1887,1220.3,675.9,1235.9,715.0
424,1,car,0.1721,956.3,412.6,1025.9,454.4
424,0,person,0.1518,1221.4,642.4,1247.8,713.5
424,0,person,0.1389,1222.0,673.7,1245.5,714.9
425,1,car,0.7558,557.8,480.8,650.8,533.3
425,0,person,0.4635,1197.1,524.9,1216.2,566.9
425,0,person,0.4407,1223.5,643.0,1245.9,707.2
425,0,person,0.4016,775.7,455.2,794.8,507.9
425,2,large_vehicle,0.2356,956.6,412.6,1026.0,454.5
425,0,person,0.1871,1220.3,675.9,1235.9,714.9
425,0,person,0.1437,1221.5,642.4,1247.7,713.6
425,0,person,0.1309,1222.0,673.7,1245.4,714.9
425,1,car,0.1167,956.6,412.6,1026.0,454.5
425,2,large_vehicle,0.1110,557.8,480.8,650.8,533.3
426,1,car,0.7173,558.8,480.9,650.4,533.4
426,0,person,0.6454,1220.1,644.5,1244.7,717.9
426,2,large_vehicle,0.2234,957.0,413.0,1026.9,454.7
426,0,person,0.2224,1196.7,519.9,1216.7,566.7
426,0,person,0.1722,1220.4,669.8,1243.7,718.3
426,0,person,0.1496,1196.9,524.0,1216.1,567.0
426,0,person,0.1493,773.9,462.6,790.6,507.8
426,1,car,0.1380,957.0,413.0,1026.9,454.7
426,2,large_vehicle,0.1135,558.8,480.9,650.4,533.4
427,1,car,0.6940,558.6,480.8,650.3,533.4
427,0,person,0.6521,1220.2,644.5,1244.8,718.0
427,0,person,0.2657,1196.8,524.1,1216.1,567.1
427,2,large_vehicle,0.2361,957.0,413.2,1026.9,454.7
427,0,person,0.1692,1220.4,669.5,1243.7,718.3
427,0,person,0.1560,773.8,462.6,790.6,507.8
427,2,large_vehicle,0.1429,558.6,480.8,650.3,533.4
427,1,car,0.1427,957.0,413.2,1026.9,454.7
427,0,person,0.1362,1196.7,520.4,1216.7,566.7
428,1,car,0.6437,559.8,481.5,650.1,533.4
428,0,person,0.3864,1216.6,672.3,1243.2,720.0
428,0,person,0.3734,1197.0,524.0,1216.3,567.5
428,0,person,0.2567,1220.3,644.8,1243.4,705.2
428,2,large_vehicle,0.1938,956.6,412.8,1026.7,454.8
428,2,large_vehicle,0.1648,559.8,481.5,650.1,533.4
428,0,person,0.1233,1216.9,643.9,1246.6,720.0
428,1,car,0.1161,956.6,412.8,1026.7,454.8
428,0,person,0.1087,1218.4,645.4,1244.1,717.5
428,0,person,0.1011,777.7,458.3,794.8,494.8
429,1,car,0.6275,559.6,481.4,650.1,533.4
429,0,person,0.3829,1197.1,524.1,1216.3,567.5
429,0,person,0.3662,1216.7,672.2,1243.1,719.7
429,0,person,0.2449,1220.3,644.8,1243.4,705.6
429,0,person,0.2237,1218.4,645.4,1244.1,717.7
429,2,large_vehicle,0.1956,956.6,412.9,1026.7,454.8
429,2,large_vehicle,0.1637,559.6,481.4,650.1,533.4
429,0,person,0.1247,1217.0,643.9,1246.6,719.8
429,1,car,0.1183,956.6,412.9,1026.7,454.8
429,0,person,0.1024,777.7,458.3,794.8,494.9
430,1,car,0.5763,559.7,481.3,649.9,533.4
430,0,person,0.3686,1216.6,671.8,1243.3,719.9
430,0,person,0.2638,1218.4,645.4,1244.2,717.9
430,0,person,0.2330,1220.3,644.8,1243.4,705.6
430,2,large_vehicle,0.2222,559.7,481.3,649.9,533.4
430,2,large_vehicle,0.2067,956.6,412.9,1026.8,454.8
430,0,person,0.1809,1196.9,518.0,1216.7,567.0
430,0,person,0.1343,1216.9,643.9,1246.7,720.1
430,1,car,0.1284,956.6,412.9,1026.8,454.8
430,0,person,0.1224,1197.0,523.7,1216.2,567.4
430,0,person,0.1022,777.7,458.3,794.8,495.1
431,1,car,0.4649,558.0,481.0,650.0,533.5
431,0,person,0.4644,1215.0,673.5,1241.9,719.5
431,1,car,0.3666,557.6,481.4,650.0,533.4
431,0,person,0.3114,1196.9,524.4,1216.2,567.3
431,2,large_vehicle,0.2731,955.7,411.6,1026.2,454.6
431,0,person,0.2039,1215.2,646.2,1241.7,716.3
431,0,person,0.1985,1212.7,645.0,1243.0,719.2
431,0,person,0.1392,1217.5,645.8,1240.7,701.4
431,1,car,0.1223,955.7,411.6,1026.2,454.6
432,1,car,0.7043,558.2,481.1,650.6,533.4
432,0,person,0.6504,1214.4,677.1,1241.9,720.4
432,0,person,0.3938,1197.0,524.7,1216.3,567.4
432,0,person,0.3606,1217.9,646.9,1240.6,693.4
432,2,large_vehicle,0.2059,956.5,412.0,1025.2,454.6
432,0,person,0.1511,774.6,474.4,789.3,510.2
432,2,large_vehicle,0.1318,558.2,481.1,650.6,533.4
432,0,person,0.1238,769.0,452.7,781.3,480.8
432,1,car,0.1082,956.5,412.0,1025.2,454.6
433,0,person,0.6566,1214.5,677.1,1242.0,720.6
433,1,car,0.5288,558.8,481.3,650.9,533.3
433,0,person,0.3836,1217.7,646.8,1240.7,693.4
433,0,person,0.3118,1196.8,524.1,1216.3,567.5
433,1,car,0.2850,558.3,481.6,651.3,533.3
433,2,large_vehicle,0.2514,955.7,411.8,1025.0,454.5
433,1,car,0.1585,955.7,411.8,1025.0,454.5
433,0,person,0.1449,774.5,474.3,789.3,510.3
433,0,person,0.1139,769.0,452.8,781.3,480.9
434,0,person,0.6339,1214.4,676.8,1242.0,720.1
434,1,car,0.4815,558.5,481.7,650.5,533.3
434,1,car,0.3574,559.1,481.3,650.2,533.4
434,0,person,0.3534,1217.0,646.9,1240.8,695.2
434,0,person,0.3145,1196.8,523.8,1216.3,567.5
434,2,large_vehicle,0.2821,955.9,411.9,1024.9,454.5
434,1,car,0.1379,955.9,411.9,1024.9,454.5
434,0,person,0.1176,774.5,474.5,789.3,510.2
434,0,person,0.1159,1196.7,519.1,1216.6,566.8
434,0,person,0.1115,1212.1,645.4,1242.9,719.0
434,0,person,0.1053,769.0,452.5,781.5,481.0
435,0,person,0.6619,1214.1,648.0,1241.9,719.8
435,1,car,0.4664,558.4,481.6,650.4,533.4
435,0,person,0.3744,1196.2,505.6,1217.4,567.1
435,1,car,0.3039,559.0,481.2,650.1,533.5
435,2,large_vehicle,0.3033,955.7,411.9,1025.7,454.7
435,0,person,0.2204,773.1,475.6,789.3,510.0
435,0,person,0.1928,1212.8,669.5,1240.9,720.3
435,0,person,0.1631,773.5,473.1,788.9,509.4
435,1,car,0.1283,955.7,411.9,1025.7,454.7
436,0,person,0.6545,1214.2,648.0,1241.8,719.8
436,1,car,0.4664,558.4,481.6,650.1,533.4
436,1,car,0.3887,559.0,481.2,649.9,533.4
436,2,large_vehicle,0.2657,956.7,412.1,1025.8,454.6
436,0,person,0.2656,1196.1,505.9,1217.3,567.0
436,0,person,0.2358,773.5,472.7,789.1,509.4
436,0,person,0.2133,1213.0,669.7,1240.7,720.2
436,0,person,0.1839,1196.2,511.6,1216.8,567.6
436,0,person,0.1415,773.1,475.8,789.3,509.9
436,1,car,0.1261,956.7,412.1,1025.8,454.6
437,1,car,0.6868,559.0,481.5,650.2,533.4
437,0,person,0.6026,1211.9,676.8,1239.3,723.1
437,0,person,0.5916,1215.4,648.6,1240.7,710.5
437,0,person,0.2931,772.3,467.3,788.7,509.6
437,2,large_vehicle,0.2487,956.3,412.2,1025.7,454.6
437,0,person,0.2457,1196.5,514.9,1216.9,567.3
437,1,car,0.1414,956.3,412.2,1025.7,454.6
437,2,large_vehicle,0.1146,559.0,481.5,650.2,533.4
438,1,car,0.6874,559.1,481.5,650.2,533.5
438,0,person,0.6084,1212.0,676.8,1239.3,723.0
438,0,person,0.5865,1215.3,648.6,1240.7,711.2
438,0,person,0.2909,772.3,467.2,788.7,509.7
438,0,person,0.2523,1196.5,514.6,1216.9,567.3
438,2,large_vehicle,0.2495,956.3,412.2,1025.7,454.6
438,1,car,0.1437,956.3,412.2,1025.7,454.6
438,2,large_vehicle,0.1118,559.1,481.5,650.2,533.5
439,1,car,0.6937,558.6,481.5,650.1,533.4
439,0,person,0.6065,1211.9,676.9,1239.3,723.0
439,0,person,0.5870,1215.4,648.6,1240.7,710.1
439,0,person,0.2930,1196.5,516.3,1217.0,567.3
439,0,person,0.2846,772.3,467.5,788.7,509.6
439,2,large_vehicle,0.2664,956.2,412.1,1026.1,454.6
439,1,car,0.1516,956.2,412.1,1026.1,454.6
439,2,large_vehicle,0.1117,558.6,481.5,650.1,533.4
440,0,person,0.5748,1214.8,648.8,1240.0,714.6
440,1,car,0.4794,557.5,481.6,651.2,533.3
440,0,person,0.4072,771.6,466.1,788.5,508.5
440,1,car,0.3908,557.9,481.3,650.9,533.3
440,0,person,0.2748,1212.1,676.9,1238.9,724.4
440,2,large_vehicle,0.2169,956.6,412.6,1026.3,454.6
440,0,person,0.1732,1196.5,515.3,1216.5,567.4
440,1,car,0.1473,956.6,412.6,1026.3,454.6
441,1,car,0.6414,557.9,481.6,651.1,533.4
441,0,person,0.5678,1214.8,648.8,1239.9,713.7
441,0,person,0.4159,771.5,466.0,788.5,508.5
441,0,person,0.2879,1211.9,676.8,1239.1,724.7
441,2,large_vehicle,0.2190,956.6,412.5,1026.3,454.6
441,0,person,0.1877,1196.5,515.3,1216.5,567.4
441,1,car,0.1681,558.4,481.3,650.8,533.4
441,1,car,0.1488,956.6,412.5,1026.3,454.6
442,1,car,0.7799,557.8,481.0,650.5,533.3
442,0,person,0.5936,1214.2,649.7,1239.2,716.9
442,0,person,0.2448,1196.4,515.3,1216.7,567.7
442,1,car,0.2041,956.5,411.7,1026.5,454.4
442,0,person,0.1992,1211.5,675.4,1237.7,725.3
442,2,large_vehicle,0.1799,956.5,411.7,1026.5,454.4
443,1,car,0.7267,557.7,481.0,650.5,533.4
443,0,person,0.5983,1213.9,649.7,1239.1,717.5
443,0,person,0.2378,1196.4,515.6,1216.5,567.3
443,1,car,0.2046,956.2,411.9,1026.5,454.5
443,0,person,0.1981,1211.5,675.7,1237.7,725.1
443,2,large_vehicle,0.1959,956.2,411.9,1026.5,454.5
444,1,car,0.7319,557.6,481.0,650.5,533.4
444,0,person,0.6069,1213.8,649.6,1239.1,718.1
444,0,person,0.2404,1196.4,514.5,1216.6,567.5
444,1,car,0.2076,956.2,411.9,1026.6,454.5
444,2,large_vehicle,0.1961,956.2,411.9,1026.6,454.5
444,0,person,0.1682,1211.3,675.5,1237.8,725.1
445,0,person,0.7216,1211.4,649.9,1238.4,724.4
445,1,car,0.4665,559.3,481.4,650.6,533.5
445,1,car,0.3620,560.0,481.0,650.3,533.5
445,0,person,0.3325,769.9,469.1,786.2,509.5
445,0,person,0.2624,1196.3,513.0,1216.5,567.7
445,2,large_vehicle,0.2226,956.8,412.3,1026.7,454.5
445,1,car,0.2210,956.8,412.3,1026.7,454.5
446,0,person,0.7345,1211.5,649.9,1238.4,724.5
446,1,car,0.6320,559.2,481.5,650.3,533.5
446,0,person,0.3240,769.9,469.1,786.2,509.5
446,0,person,0.2770,1196.5,512.7,1216.5,567.6
446,2,large_vehicle,0.1962,957.2,412.0,1026.5,454.4
446,1,car,0.1894,957.2,412.0,1026.5,454.4
446,1,car,0.1357,559.9,481.1,650.2,533.5
447,1,car,0.6814,559.4,481.3,650.3,533.4
447,0,person,0.5884,1213.2,649.7,1237.6,719.1
447,0,person,0.2430,769.7,472.9,786.6,510.1
447,0,person,0.2325,1196.7,518.2,1216.8,567.6
447,0,person,0.2132,756.8,455.4,769.8,487.6
447,2,large_vehicle,0.1929,956.6,412.2,1025.6,454.5
447,1,car,0.1472,956.6,412.2,1025.6,454.5
447,0,person,0.1316,1196.9,523.2,1216.3,567.8
447,2,large_vehicle,0.1135,559.4,481.3,650.3,533.4
448,1,car,0.6812,559.2,481.3,650.1,533.4
448,0,person,0.5879,1213.2,649.8,1237.5,719.3
448,0,person,0.2531,769.7,472.8,786.6,510.1
448,0,person,0.2247,756.8,455.4,769.7,487.6
448,0,person,0.2240,1196.8,518.2,1216.7,567.4
448,2,large_vehicle,0.1891,956.6,412.3,1025.3,454.5
448,1,car,0.1592,956.6,412.3,1025.3,454.5
448,2,large_vehicle,0.1237,559.2,481.3,650.1,533.4
449,1,car,0.6771,559.2,481.4,650.0,533.4
449,0,person,0.5874,1213.1,649.8,1237.3,718.9
449,0,person,0.2535,769.6,472.8,786.5,510.3
449,0,person,0.2156,756.8,455.5,769.8,487.7
449,2,large_vehicle,0.2102,956.4,412.3,1025.3,454.4
449,1,car,0.1853,956.4,412.3,1025.3,454.4
449,0,person,0.1753,1196.8,518.8,1216.6,567.3
449,2,large_vehicle,0.1363,559.2,481.4,650.0,533.4
449,0,person,0.1107,1197.0,523.9,1216.1,567.7
450,0,person,0.5681,1212.7,650.1,1237.2,718.1
450,1,car,0.4612,558.7,481.1,650.0,533.4
450,1,car,0.4055,558.3,481.3,650.0,533.4
450,0,person,0.2367,1196.7,517.7,1216.9,567.3
450,2,large_vehicle,0.1690,956.2,412.5,1025.1,454.4
450,1,car,0.1546,956.2,412.5,1025.1,454.4
450,0,person,0.1455,1211.4,681.1,1234.7,725.1
450,0,person,0.1413,768.3,472.1,784.9,509.1
451,0,person,0.5744,1212.7,650.1,1237.2,718.3
451,1,car,0.5254,558.2,481.3,649.9,533.4
451,1,car,0.3222,558.6,481.0,649.9,533.4
451,0,person,0.2359,1196.8,518.5,1216.8,567.2
451,2,large_vehicle,0.1533,956.2,412.5,1024.9,454.4
451,1,car,0.1483,956.2,412.5,1024.9,454.4
451,0,person,0.1353,768.3,472.2,784.7,509.1
451,0,person,0.1236,1211.4,681.1,1234.8,724.8
452,1,car,0.7548,557.9,481.1,650.2,533.3
452,0,person,0.5853,1212.3,650.4,1236.8,718.0
452,2,large_vehicle,0.1577,957.1,412.6,1025.1,454.3
452,1,car,0.1543,957.1,412.6,1025.1,454.3
452,4,other_vehicle,0.1047,737.7,474.7,771.6,499.9
453,1,car,0.7566,557.9,481.1,650.2,533.3
453,0,person,0.5855,1212.3,650.4,1236.8,718.0
453,0,person,0.2167,1197.0,524.1,1216.3,567.6
453,2,large_vehicle,0.1572,957.1,412.6,1025.1,454.3
453,1,car,0.1514,957.1,412.6,1025.1,454.3
453,4,other_vehicle,0.1054,737.7,474.7,771.6,499.9
454,1,car,0.6686,557.8,481.1,650.3,533.3
454,0,person,0.5691,1212.4,650.3,1237.0,717.5
454,1,car,0.2057,557.3,481.3,650.5,533.3
454,1,car,0.1442,956.5,412.5,1025.4,454.3
454,2,large_vehicle,0.1430,956.5,412.5,1025.4,454.3
454,4,other_vehicle,0.1127,738.4,474.8,771.7,499.7
454,0,person,0.1013,1196.7,518.2,1216.6,567.1
455,1,car,0.7415,557.7,481.1,650.0,533.2
455,0,person,0.5654,1212.0,650.9,1236.2,716.3
455,0,person,0.1620,1208.9,683.8,1227.5,724.8
455,0,person,0.1603,1209.8,681.1,1233.7,724.8
455,0,person,0.1546,1196.8,517.6,1216.6,567.2
455,1,car,0.1271,955.7,421.1,1026.9,455.0
455,4,other_vehicle,0.1216,736.0,472.6,769.5,499.6
455,2,large_vehicle,0.1193,956.6,413.4,1024.7,454.4
455,0,person,0.1078,746.8,457.9,762.8,495.6
456,1,car,0.7114,559.7,481.8,650.1,533.3
456,0,person,0.5830,1210.8,651.3,1235.1,715.0
456,0,person,0.2707,768.3,472.6,783.4,510.9
456,0,person,0.2431,1207.7,681.6,1234.9,724.0
456,0,person,0.2078,1206.8,682.8,1227.3,723.6
456,0,person,0.1780,1196.8,516.4,1216.6,567.5
456,2,large_vehicle,0.1631,956.2,413.3,1024.4,454.4
456,1,car,0.1507,956.2,413.3,1024.4,454.4
457,1,car,0.6641,558.2,481.6,650.1,533.3
457,0,person,0.5909,1210.8,651.3,1235.2,715.5
457,0,person,0.2533,768.3,472.6,783.4,510.8
457,0,person,0.2345,1207.7,681.9,1235.0,723.9
457,0,person,0.2007,1206.8,683.1,1227.3,723.5
457,0,person,0.1663,1196.7,515.1,1216.5,567.6
457,1,car,0.1467,956.6,413.7,1024.8,454.5
457,2,large_vehicle,0.1442,956.6,413.7,1024.8,454.5
458,1,car,0.7063,559.0,481.7,650.1,533.3
458,0,person,0.5978,1210.5,651.3,1235.1,716.5
458,0,person,0.2756,768.4,472.5,783.9,510.8
458,0,person,0.2181,1207.7,682.4,1235.2,724.0
458,0,person,0.1807,1206.7,683.4,1226.9,723.6
458,0,person,0.1624,1196.8,515.9,1216.5,567.4
458,2,large_vehicle,0.1382,956.4,413.8,1024.8,454.5
458,1,car,0.1197,956.4,413.8,1024.8,454.5
459,1,car,0.5237,558.3,481.6,650.5,533.3
459,0,person,0.3966,1208.2,652.4,1233.7,718.7
459,0,person,0.3757,1202.6,682.9,1227.6,726.0
459,1,car,0.3564,558.7,481.3,650.3,533.3
459,0,person,0.2994,1203.4,684.0,1234.9,726.6
459,0,person,0.2105,1197.1,525.0,1216.2,567.3
459,2,large_vehicle,0.1858,956.5,413.2,1025.7,454.5
459,0,person,0.1482,1196.9,520.1,1216.5,566.7
459,1,car,0.1424,956.5,413.2,1025.7,454.5
459,0,person,0.1226,1203.4,653.2,1233.4,725.6
460,1,car,0.7345,558.0,481.4,650.2,533.3
460,0,person,0.4083,1208.2,652.4,1233.9,718.6
460,0,person,0.3764,1202.8,682.9,1227.6,726.0
460,0,person,0.2643,1203.5,684.0,1234.9,726.5
460,0,person,0.2346,1197.0,524.8,1216.1,567.4
460,2,large_vehicle,0.1979,956.6,413.4,1026.3,454.6
460,0,person,0.1497,1196.9,519.9,1216.4,566.8
460,1,car,0.1484,956.6,413.4,1026.3,454.6
460,0,person,0.1388,1203.2,653.1,1233.6,725.8
460,1,car,0.1347,557.6,481.6,650.4,533.4
461,1,car,0.5847,557.4,481.4,651.1,533.2
461,0,person,0.4745,1201.0,683.8,1225.3,726.9
461,0,person,0.3043,1205.5,653.5,1230.0,722.9
461,1,car,0.2595,557.8,481.2,650.6,533.2
461,0,person,0.2211,1207.3,684.3,1233.2,727.1
461,2,large_vehicle,0.1665,956.9,412.3,1025.7,454.4
461,0,person,0.1488,1196.4,514.8,1216.5,567.4
461,1,car,0.1402,956.9,412.3,1025.7,454.4
461,0,person,0.1230,1201.4,654.1,1230.7,728.7
461,0,person,0.1059,744.7,455.1,757.6,490.7
461,0,person,0.1053,1200.7,653.9,1230.9,727.7
462,0,person,0.4679,1201.0,683.8,1225.3,726.9
462,1,car,0.4663,557.3,481.5,651.1,533.2
462,1,car,0.4147,557.7,481.3,650.7,533.2
462,0,person,0.3057,1205.4,653.5,1230.0,723.1
462,0,person,0.2197,1207.2,684.3,1233.2,727.1
462,2,large_vehicle,0.1685,956.9,412.4,1025.7,454.4
462,0,person,0.1502,1196.4,514.6,1216.6,567.4
462,1,car,0.1401,956.9,412.4,1025.7,454.4
462,0,person,0.1335,1201.4,654.0,1230.7,728.7
462,0,person,0.1093,1200.6,653.9,1230.9,727.8
462,0,person,0.1070,744.7,455.1,757.6,490.7
463,1,car,0.6888,557.8,481.2,650.5,533.2
463,0,person,0.4852,1201.1,683.8,1225.2,727.0
463,0,person,0.2986,1205.5,653.6,1230.1,722.7
463,0,person,0.2328,1207.7,684.3,1233.2,727.2
463,1,car,0.1859,557.3,481.4,651.0,533.3
463,2,large_vehicle,0.1732,956.7,412.0,1025.6,454.4
463,1,car,0.1431,956.7,412.0,1025.6,454.4
463,0,person,0.1052,744.7,455.0,757.6,490.7
463,0,person,0.1023,1196.4,517.1,1216.4,567.3
463,0,person,0.1014,1201.4,654.3,1230.7,728.7
464,1,car,0.7080,558.9,481.4,650.3,533.2
464,0,person,0.6280,1200.1,655.7,1230.1,726.4
464,0,person,0.1488,1199.8,681.6,1225.5,726.0
464,2,large_vehicle,0.1316,957.0,412.6,1025.6,454.4
464,0,person,0.1184,1196.8,518.3,1216.3,567.1
464,2,large_vehicle,0.1130,558.9,481.4,650.3,533.2
465,1,car,0.7036,558.9,481.4,650.3,533.2
465,0,person,0.6248,1200.1,655.7,1230.3,726.4
465,0,person,0.1576,1199.8,681.8,1225.7,726.1
465,0,person,0.1271,1196.8,518.3,1216.3,567.1
465,2,large_vehicle,0.1197,957.2,412.7,1025.6,454.4
465,2,large_vehicle,0.1151,558.9,481.4,650.3,533.2
466,1,car,0.7116,560.0,481.5,650.5,533.3
466,0,person,0.5451,1199.1,656.1,1227.9,727.9
466,0,person,0.2914,1197.7,683.2,1224.7,727.3
466,0,person,0.2814,1197.0,524.7,1215.9,567.4
466,0,person,0.2029,1211.0,686.1,1231.0,726.7
466,2,large_vehicle,0.1510,957.0,412.5,1024.6,454.5
466,2,large_vehicle,0.1098,560.0,481.5,650.5,533.3
466,0,person,0.1033,1204.0,654.9,1227.0,721.6
467,1,car,0.7084,561.1,481.6,650.1,533.3
467,0,person,0.5409,1199.1,656.1,1227.9,728.0
467,0,person,0.3204,1197.0,524.5,1215.8,567.5
467,0,person,0.3050,1197.7,683.2,1224.7,727.4
467,0,person,0.1839,1210.9,686.1,1230.9,726.8
467,2,large_vehicle,0.1828,957.3,412.5,1025.6,454.5
467,1,car,0.1282,957.3,412.5,1025.6,454.5
468,1,car,0.7115,560.9,481.6,650.2,533.3
468,0,person,0.5104,1199.3,656.1,1227.9,727.9
468,0,person,0.3261,1197.0,524.7,1215.8,567.5
468,0,person,0.3231,1197.8,683.3,1224.6,727.4
468,0,person,0.1900,1210.9,686.1,1230.9,726.8
468,2,large_vehicle,0.1759,957.3,412.5,1025.6,454.5
468,1,car,0.1194,957.3,412.5,1025.6,454.5
468,0,person,0.1114,1204.1,654.9,1227.1,721.2
469,1,car,0.7025,557.0,481.0,650.0,533.4
469,0,person,0.6958,1198.2,656.4,1226.8,729.5
469,0,person,0.3534,1197.2,525.4,1216.0,567.4
469,0,person,0.2609,1197.3,683.2,1225.8,730.2
469,2,large_vehicle,0.2241,956.8,412.3,1025.8,454.6
469,0,person,0.1755,1209.5,687.1,1229.8,729.1
469,0,person,0.1167,737.2,460.6,753.7,498.7
469,0,person,0.1018,1196.3,682.3,1220.1,730.7
470,1,car,0.7042,557.9,481.2,650.0,533.5
470,0,person,0.7020,1198.1,656.5,1226.9,729.5
470,0,person,0.3213,1197.1,525.6,1216.0,567.4
470,0,person,0.2505,1197.3,683.0,1226.0,730.3
470,2,large_vehicle,0.2233,956.7,412.5,1025.9,454.7
470,0,person,0.1683,1209.2,687.0,1229.9,729.2
470,0,person,0.1110,737.3,460.8,753.7,498.6
470,1,car,0.1071,956.7,412.5,1025.9,454.7
470,2,large_vehicle,0.1043,557.9,481.2,650.0,533.5
471,0,person,0.7322,1197.2,656.5,1227.3,731.5
471,1,car,0.5602,557.4,481.3,650.9,533.3
471,0,person,0.3639,1196.9,524.5,1216.3,567.5
471,1,car,0.2916,557.9,481.1,650.5,533.3
471,0,person,0.2122,765.4,469.5,780.1,509.5
471,2,large_vehicle,0.2121,956.8,411.8,1025.7,454.4
471,0,person,0.1856,763.6,469.6,778.2,508.9
471,0,person,0.1551,1195.9,676.7,1223.9,731.5
471,1,car,0.1405,956.8,411.8,1025.7,454.4
472,0,person,0.7350,1197.3,656.5,1227.3,731.5
472,1,car,0.6111,557.4,481.3,650.9,533.3
472,0,person,0.2682,1196.7,524.6,1216.1,567.3
472,1,car,0.2179,557.9,481.1,650.4,533.2
472,0,person,0.2066,765.4,469.5,780.1,509.4
472,2,large_vehicle,0.1871,956.7,411.9,1025.4,454.3
472,0,person,0.1811,763.6,469.5,778.3,508.8
472,0,person,0.1563,1196.2,677.1,1224.0,731.4
472,1,car,0.1510,956.7,411.9,1025.4,454.3
473,0,person,0.7292,1197.2,656.5,1227.3,731.4
473,1,car,0.5869,557.0,481.3,650.4,533.3
473,1,car,0.2534,557.4,481.0,650.2,533.3
473,0,person,0.2331,1196.7,524.3,1215.9,567.3
473,0,person,0.2204,765.3,469.6,780.2,509.5
473,2,large_vehicle,0.1897,957.2,412.2,1025.7,454.3
473,1,car,0.1793,957.2,412.2,1025.7,454.3
473,0,person,0.1586,1196.0,677.5,1223.9,731.3
473,0,person,0.1575,763.6,469.6,778.3,508.9
473,0,person,0.1153,1196.7,519.8,1216.3,566.7
474,0,person,0.6325,1199.1,656.9,1227.1,728.9
474,1,car,0.6200,558.1,481.2,650.2,533.5
474,0,person,0.3936,1196.9,525.1,1216.1,567.3
474,0,person,0.2679,1196.2,680.8,1223.5,731.9
474,1,car,0.1832,558.8,481.0,650.0,533.5
474,2,large_vehicle,0.1477,956.8,412.6,1025.7,454.5
474,0,person,0.1395,733.6,459.5,750.9,490.8
474,0,person,0.1075,1196.2,656.2,1227.4,731.9
475,1,car,0.7062,558.7,481.3,650.2,533.5
475,0,person,0.6279,1199.2,657.1,1227.1,728.8
475,0,person,0.3431,1196.7,525.0,1215.8,567.2
475,0,person,0.2581,1196.0,680.4,1223.6,732.0
475,2,large_vehicle,0.1579,956.7,412.7,1025.9,454.5
475,0,person,0.1526,733.6,459.6,750.8,490.9
475,1,car,0.1153,956.7,412.7,1025.9,454.5
475,0,person,0.1065,1196.1,656.4,1227.5,732.0
475,2,large_vehicle,0.1001,558.7,481.3,650.2,533.5
476,1,car,0.7029,558.7,481.1,649.9,533.4
476,0,person,0.6384,1200.0,656.8,1226.4,729.8
476,0,person,0.1512,1196.4,685.9,1218.3,733.1
476,0,person,0.1294,1196.8,518.8,1216.1,566.4
476,2,large_vehicle,0.1271,956.9,411.5,1026.0,454.5
476,0,person,0.1266,1196.5,680.0,1223.5,732.5
476,2,large_vehicle,0.1208,558.7,481.1,649.9,533.4
476,0,person,0.1043,1196.4,507.4,1216.8,566.5
477,1,car,0.7026,558.7,481.1,649.8,533.4
477,0,person,0.6447,1199.9,656.9,1226.4,729.8
477,0,person,0.1823,1196.4,507.1,1216.8,566.5
477,0,person,0.1436,1196.4,685.8,1218.3,733.1
477,2,large_vehicle,0.1271,956.9,411.5,1026.0,454.5
477,0,person,0.1268,1196.5,679.8,1223.5,732.5
477,2,large_vehicle,0.1194,558.7,481.1,649.8,533.4
478,1,car,0.7042,557.9,481.1,649.8,533.4
478,0,person,0.6272,1200.1,656.8,1226.4,729.7
478,2,large_vehicle,0.1681,957.0,411.4,1026.7,454.5
478,0,person,0.1569,1196.5,685.9,1218.2,733.1
478,2,large_vehicle,0.1371,557.9,481.1,649.8,533.4
478,0,person,0.1332,1196.6,680.4,1223.5,732.5
478,0,person,0.1266,1196.7,518.5,1216.3,566.7
478,1,car,0.1096,957.0,411.4,1026.7,454.5
479,1,car,0.6451,557.0,481.3,649.8,533.5
479,0,person,0.5993,1200.7,657.8,1224.6,727.4
479,0,person,0.3188,761.3,473.4,779.1,512.4
479,0,person,0.3171,1197.3,689.3,1216.4,732.8
479,1,car,0.2796,557.4,481.1,649.8,533.4
479,2,large_vehicle,0.1859,956.3,411.8,1026.2,454.6
479,0,person,0.1714,1196.6,524.6,1216.0,567.1
479,1,car,0.1180,956.3,411.8,1026.2,454.6
479,0,person,0.1060,1196.6,658.0,1225.8,732.0
480,1,car,0.5496,556.9,481.4,650.5,533.3
480,0,person,0.5428,1199.6,657.9,1223.6,728.8
480,1,car,0.3371,557.4,481.2,650.2,533.3
480,0,person,0.2777,1196.6,524.4,1216.1,567.1
480,0,person,0.2651,1197.4,690.7,1216.2,732.5
480,2,large_vehicle,0.2179,956.6,411.3,1025.9,454.4
480,1,car,0.1597,956.6,411.3,1025.9,454.4
480,0,person,0.1176,1197.5,685.0,1222.5,732.0
481,0,person,0.5286,1199.5,657.8,1223.7,729.5
481,1,car,0.4523,557.4,481.4,650.8,533.3
481,1,car,0.4440,557.8,481.2,650.4,533.3
481,0,person,0.2594,1197.4,690.8,1216.2,732.5
481,2,large_vehicle,0.1925,956.6,411.3,1025.3,454.4
481,1,car,0.1424,956.6,411.3,1025.3,454.4
481,0,person,0.1419,1196.6,524.8,1216.2,566.9
481,0,person,0.1410,1197.5,685.6,1222.7,732.0
481,0,person,0.1152,1196.5,523.5,1216.8,567.0
482,1,car,0.7461,557.5,481.0,650.6,533.3
482,0,person,0.5052,1199.7,657.8,1223.2,728.9
482,0,person,0.2933,1196.6,524.9,1216.0,566.8
482,0,person,0.2645,1197.5,691.0,1216.0,732.5
482,2,large_vehicle,0.2150,956.8,410.9,1025.8,454.4
482,0,person,0.1830,1197.7,686.1,1222.8,732.1
482,1,car,0.1383,956.8,410.9,1025.8,454.4
483,0,person,0.6305,1199.1,657.7,1223.0,728.3
483,1,car,0.6127,558.6,481.5,650.4,533.3
483,0,person,0.4088,760.7,475.0,777.7,513.2
483,0,person,0.3310,1196.8,524.9,1215.9,566.8
483,2,large_vehicle,0.1692,957.6,411.7,1026.5,454.5
483,1,car,0.1590,559.2,481.2,650.2,533.3
484,0,person,0.6383,1199.0,657.6,1223.1,728.6
484,1,car,0.4779,558.2,481.5,650.5,533.3
484,0,person,0.4045,760.7,474.8,777.9,513.4
484,1,car,0.3609,558.7,481.2,650.3,533.3
484,0,person,0.1846,1196.8,524.9,1215.7,566.8
484,2,large_vehicle,0.1783,957.3,412.2,1026.0,454.5
484,1,car,0.1166,957.3,412.2,1026.0,454.5
485,1,car,0.6948,559.5,481.3,650.4,533.4
485,0,person,0.6577,1198.6,657.9,1223.3,732.3
485,0,person,0.1737,1196.8,520.1,1216.2,566.5
485,2,large_vehicle,0.1707,957.0,411.8,1025.4,454.6
485,0,person,0.1453,760.4,473.5,775.7,512.1
485,2,large_vehicle,0.1291,559.5,481.3,650.4,533.4
486,1,car,0.6966,558.2,481.3,650.4,533.4
486,0,person,0.6600,1198.5,657.9,1223.4,732.4
486,0,person,0.1807,1196.8,519.8,1216.2,566.3
486,2,large_vehicle,0.1730,957.0,411.8,1025.4,454.6
486,0,person,0.1544,760.3,473.5,775.7,512.2
486,2,large_vehicle,0.1302,558.2,481.3,650.4,533.4
487,1,car,0.6724,559.7,481.4,650.3,533.4
487,0,person,0.6507,1198.5,657.8,1223.3,732.4
487,0,person,0.1904,1196.8,520.3,1216.2,566.4
487,2,large_vehicle,0.1453,559.7,481.4,650.3,533.4
487,2,large_vehicle,0.1361,956.9,411.7,1026.0,454.6
487,0,person,0.1329,760.4,473.4,775.6,512.1
488,1,car,0.7236,557.9,481.4,650.1,533.4
488,0,person,0.6970,1196.5,658.8,1222.7,735.0
488,0,person,0.3771,759.2,472.4,776.0,512.7
488,0,person,0.2281,1196.8,524.5,1216.0,567.0
488,2,large_vehicle,0.1665,956.7,412.0,1026.4,454.5
488,0,person,0.1396,1196.7,521.6,1216.6,566.9
489,1,car,0.7391,558.2,481.4,650.1,533.4
489,0,person,0.6523,1196.5,658.8,1222.7,734.5
489,0,person,0.3712,759.2,472.1,775.8,512.7
489,0,person,0.3206,1196.8,524.8,1216.0,567.0
489,0,person,0.1665,1196.1,687.3,1223.4,736.1
489,2,large_vehicle,0.1603,956.7,412.1,1026.3,454.5
490,0,person,0.5337,1196.1,659.8,1221.8,727.6
490,1,car,0.4534,558.3,481.3,650.8,533.3
490,1,car,0.4483,557.8,481.6,651.4,533.3
490,0,person,0.2703,1196.8,525.1,1215.7,566.9
490,2,large_vehicle,0.2088,956.3,411.8,1026.1,454.4
490,0,person,0.1631,1191.4,659.4,1221.6,737.7
490,0,person,0.1628,758.9,472.4,773.7,512.2
490,1,car,0.1606,956.3,411.8,1026.1,454.4
490,0,person,0.1239,1193.4,659.2,1224.3,737.5
491,1,car,0.6651,558.1,481.4,650.9,533.3
491,0,person,0.5367,1196.0,659.7,1221.9,728.7
491,1,car,0.2346,557.5,481.6,651.4,533.3
491,2,large_vehicle,0.1843,956.3,411.9,1025.7,454.4
491,0,person,0.1753,1196.8,525.1,1215.6,567.0
491,0,person,0.1404,1191.3,659.4,1221.7,737.7
491,1,car,0.1351,956.3,411.9,1025.7,454.4
491,0,person,0.1189,1192.6,686.5,1221.0,737.8
491,0,person,0.1131,758.9,470.2,773.3,511.8
492,1,car,0.6694,558.1,481.4,650.9,533.3
492,0,person,0.5413,1196.0,659.7,1221.8,728.7
492,1,car,0.2292,557.6,481.6,651.5,533.3
492,2,large_vehicle,0.1849,956.3,411.9,1025.6,454.4
492,0,person,0.1651,1196.8,525.2,1215.6,566.9
492,0,person,0.1363,1191.3,659.4,1221.6,737.8
492,1,car,0.1333,956.3,411.9,1025.6,454.4
492,0,person,0.1208,1192.6,686.9,1221.0,737.9
492,0,person,0.1079,758.9,472.4,773.7,512.3
493,1,car,0.6569,559.1,481.5,650.5,533.3
493,0,person,0.4677,1194.6,660.0,1221.6,728.4
493,0,person,0.1833,1191.4,688.8,1220.3,737.2
493,2,large_vehicle,0.1706,956.9,412.0,1026.2,454.5
493,0,person,0.1582,1190.4,659.9,1221.2,737.0
493,0,person,0.1400,1196.6,519.7,1216.5,566.6
493,2,large_vehicle,0.1274,559.1,481.5,650.5,533.3
493,1,car,0.1059,956.9,412.0,1026.2,454.5
494,1,car,0.6641,559.1,481.5,650.4,533.3
494,0,person,0.4994,1194.4,660.0,1221.3,728.3
494,0,person,0.1990,1191.4,688.3,1219.9,737.2
494,0,person,0.1917,1190.3,659.9,1220.9,737.0
494,2,large_vehicle,0.1673,957.0,412.1,1025.9,454.4
494,0,person,0.1303,1196.7,519.8,1216.5,566.5
494,2,large_vehicle,0.1218,559.1,481.5,650.4,533.3
495,1,car,0.6488,559.1,481.3,650.2,533.5
495,0,person,0.3399,1188.1,688.6,1217.8,736.8
495,0,person,0.3315,1192.0,661.9,1217.6,719.2
495,0,person,0.1730,1194.1,661.6,1221.0,724.7
495,0,person,0.1714,1196.8,524.3,1216.0,567.0
495,2,large_vehicle,0.1552,559.1,481.3,650.2,533.5
495,0,person,0.1414,1187.4,660.8,1220.5,736.2
495,2,large_vehicle,0.1395,956.7,412.2,1025.5,454.5
495,0,person,0.1314,1196.6,520.8,1216.7,566.6
496,1,car,0.6506,558.8,481.3,650.1,533.4
496,0,person,0.3261,1191.9,661.9,1217.6,720.3
496,0,person,0.3219,1188.1,688.5,1217.8,736.9
496,0,person,0.2102,1196.6,518.6,1216.9,566.7
496,0,person,0.1846,1194.0,661.6,1221.1,725.2
496,2,large_vehicle,0.1576,558.8,481.3,650.1,533.4
496,0,person,0.1563,1187.5,661.1,1220.4,736.2
496,2,large_vehicle,0.1342,956.8,412.3,1025.4,454.5
497,1,car,0.6564,559.3,481.3,650.2,533.4
497,0,person,0.4205,1192.4,661.9,1218.7,720.2
497,0,person,0.3344,1188.1,688.8,1219.2,737.0
497,0,person,0.2808,1197.0,524.1,1216.3,567.2
497,0,person,0.1477,1187.3,660.9,1220.6,736.0
497,2,large_vehicle,0.1389,559.3,481.3,650.2,533.4
497,2,large_vehicle,0.1226,956.9,412.1,1025.2,454.5
498,1,car,0.5088,558.2,480.7,649.9,533.5
498,0,person,0.4199,1187.2,689.3,1217.9,738.0
498,0,person,0.3918,1191.3,662.2,1218.3,729.8
498,1,car,0.3354,557.6,481.0,650.1,533.5
498,0,person,0.2895,1186.5,662.0,1219.2,737.5
498,0,person,0.1889,1196.9,523.8,1216.3,567.4
498,2,large_vehicle,0.1782,955.8,412.7,1025.6,454.6
498,1,car,0.1714,955.8,412.7,1025.6,454.6
498,0,person,0.1667,1196.7,519.5,1216.8,566.9
499,1,car,0.4866,557.8,481.1,650.0,533.5
499,0,person,0.4393,1187.1,689.4,1218.3,738.1
499,0,person,0.3924,1191.4,662.2,1218.3,729.6
499,0,person,0.3448,1197.0,524.3,1216.5,567.4
499,1,car,0.3206,558.4,480.7,649.8,533.5
499,0,person,0.2749,1186.4,661.9,1219.3,737.5
499,2,large_vehicle,0.1462,956.3,413.4,1025.8,454.7
499,1,car,0.1324,956.3,413.4,1025.8,454.7
499,1,car,0.1251,955.2,419.6,1027.5,455.2
500,1,car,0.6807,557.9,480.2,649.9,533.2
500,0,person,0.5950,1187.8,664.1,1218.8,739.3
500,0,person,0.2636,1196.3,515.2,1217.2,567.5
500,1,car,0.1924,955.8,411.2,1026.1,454.3
500,2,large_vehicle,0.1915,955.8,411.2,1026.1,454.3
500,0,person,0.1808,1186.5,687.2,1216.2,739.9
500,0,person,0.1286,1190.6,662.6,1218.9,733.2
500,1,car,0.1260,557.2,480.7,650.1,533.3
501,1,car,0.6959,557.7,480.1,649.9,533.3
501,0,person,0.6586,1187.6,663.9,1218.7,739.6
501,0,person,0.2098,1196.2,512.8,1217.3,567.5
501,2,large_vehicle,0.2022,956.3,411.4,1026.4,454.4
501,0,person,0.1501,1186.5,686.4,1215.9,739.9
501,1,car,0.1415,956.3,411.4,1026.4,454.4
501,2,large_vehicle,0.1403,557.7,480.1,649.9,533.3
502,0,person,0.6426,1187.7,664.0,1218.7,739.6
502,1,car,0.6370,557.5,480.2,649.9,533.3
502,0,person,0.2342,1196.2,513.3,1217.3,567.5
502,2,large_vehicle,0.2054,956.3,411.3,1026.5,454.4
502,0,person,0.1647,1186.5,686.6,1215.9,739.9
502,1,car,0.1604,956.3,411.3,1026.5,454.4
502,1,car,0.1586,556.9,480.6,650.0,533.3
502,2,large_vehicle,0.1063,557.5,480.2,649.9,533.3
503,0,person,0.6835,1187.7,663.9,1218.5,739.9
503,1,car,0.4421,557.6,480.8,649.7,533.4
503,1,car,0.3081,558.4,480.2,649.7,533.4
503,0,person,0.2034,1195.9,508.1,1217.6,567.7
503,4,other_vehicle,0.1877,693.6,481.3,729.0,511.3
503,2,large_vehicle,0.1672,956.5,411.5,1026.8,454.4
503,0,person,0.1518,1195.9,505.8,1218.0,567.2
503,1,car,0.1489,956.5,411.5,1026.8,454.4
503,0,person,0.1091,1186.4,688.1,1217.3,741.8
504,1,car,0.6294,557.7,481.0,649.8,533.2
504,0,person,0.6206,1187.9,663.9,1217.5,739.9
504,0,person,0.3585,1196.4,510.3,1217.5,567.9
504,0,person,0.2796,1187.0,692.4,1216.2,741.7
504,0,person,0.2596,1185.7,663.1,1217.7,741.7
504,2,large_vehicle,0.2177,956.4,411.4,1027.2,454.4
504,2,large_vehicle,0.1937,557.7,481.0,649.8,533.2
504,0,person,0.1757,705.3,464.7,718.9,499.9
504,1,car,0.1624,956.4,411.4,1027.2,454.4
504,4,other_vehicle,0.1345,691.9,484.6,725.4,510.7
504,0,person,0.1186,755.7,467.7,770.6,510.4
505,1,car,0.6213,557.7,480.9,649.8,533.2
505,0,person,0.6092,1187.8,663.8,1217.6,739.8
505,0,person,0.3749,1196.3,510.0,1217.5,567.8
505,0,person,0.3424,1185.4,663.1,1217.8,742.0
505,0,person,0.3073,1186.8,692.6,1216.3,741.9
505,2,large_vehicle,0.2207,956.4,411.4,1027.2,454.4
505,2,large_vehicle,0.2090,557.7,480.9,649.8,533.2
505,0,person,0.1805,705.3,464.7,718.9,499.8
505,1,car,0.1601,956.4,411.4,1027.2,454.4
505,4,other_vehicle,0.1377,691.9,484.6,725.4,510.7
505,0,person,0.1284,755.7,467.8,770.6,510.3
506,1,car,0.6202,556.3,480.6,649.7,533.3
506,0,person,0.6060,1187.7,663.8,1217.7,740.0
506,0,person,0.4016,1196.3,509.7,1217.6,568.0
506,0,person,0.3368,1185.4,663.1,1217.8,741.9
506,0,person,0.3052,1186.8,692.4,1216.4,741.8
506,2,large_vehicle,0.2007,556.3,480.6,649.7,533.3
506,0,person,0.1685,705.3,464.8,719.0,500.2
506,2,large_vehicle,0.1648,956.3,411.0,1027.1,454.4
506,4,other_vehicle,0.1278,691.9,484.4,725.5,510.6
506,1,car,0.1221,956.3,411.0,1027.1,454.4
506,0,person,0.1083,755.7,467.8,770.6,510.5
507,0,person,0.7143,1187.1,664.3,1216.9,740.8
507,1,car,0.4775,556.5,480.8,649.5,533.2
507,0,person,0.3274,1196.2,511.5,1217.6,567.6
507,1,car,0.2616,556.8,480.4,649.5,533.1
507,0,person,0.1634,703.3,464.3,717.2,499.4
507,2,large_vehicle,0.1557,955.9,411.1,1026.5,454.4
507,0,person,0.1329,754.1,471.9,771.2,511.5
507,1,car,0.1210,955.9,411.1,1026.5,454.4
507,0,person,0.1120,701.8,466.3,719.5,506.0
508,0,person,0.7131,1187.1,664.3,1216.9,740.8
508,1,car,0.4200,556.8,480.5,649.4,533.1
508,1,car,0.3682,556.6,480.9,649.5,533.2
508,0,person,0.3273,1196.2,511.3,1217.6,567.6
508,0,person,0.1711,703.2,464.5,717.1,499.4
508,0,person,0.1639,754.2,472.3,771.3,511.5
508,2,large_vehicle,0.1480,956.0,411.1,1026.5,454.3
508,1,car,0.1206,956.0,411.1,1026.5,454.3
508,4,other_vehicle,0.1180,689.0,485.7,725.1,513.6
508,0,person,0.1086,701.6,466.5,719.4,506.5
509,0,person,0.7333,1186.4,664.0,1216.1,741.8
509,1,car,0.6375,557.3,481.0,649.8,533.1
509,0,person,0.5313,753.2,470.2,772.4,512.6
509,0,person,0.3172,1196.2,510.9,1217.4,567.7
509,2,large_vehicle,0.1414,956.4,411.4,1026.7,454.3
509,1,car,0.1290,956.4,411.4,1026.7,454.3
509,1,car,0.1233,557.9,480.6,649.7,533.0
509,0,person,0.1085,700.9,463.5,715.5,497.8
510,0,person,0.7215,1186.4,664.0,1216.0,741.5
510,1,car,0.5345,557.1,480.8,649.8,533.1
510,0,person,0.5314,753.2,470.5,772.4,512.6
510,0,person,0.3032,1196.2,513.7,1217.4,567.4
510,1,car,0.2545,557.9,480.4,649.7,533.1
510,2,large_vehicle,0.1414,956.6,411.2,1026.7,454.4
510,0,person,0.1185,700.9,463.8,715.4,498.0
511,0,person,0.7189,1186.4,664.0,1215.9,741.6
511,0,person,0.5225,753.2,470.5,772.4,512.6
511,1,car,0.4742,557.1,480.8,649.8,533.1
511,1,car,0.3215,557.9,480.4,649.7,533.1
511,0,person,0.2971,1196.2,513.9,1217.4,567.4
511,2,large_vehicle,0.1468,956.6,411.2,1026.7,454.4
511,0,person,0.1181,700.9,463.7,715.4,497.9
511,1,car,0.1009,956.6,411.2,1026.7,454.4
512,0,person,0.6969,1186.0,664.3,1214.9,741.6
512,1,car,0.4647,557.8,480.9,649.9,533.3
512,0,person,0.3087,752.8,466.9,770.4,511.8
512,1,car,0.2823,558.4,480.4,649.9,533.3
512,0,person,0.2293,1196.4,514.3,1217.2,567.4
512,0,person,0.2026,751.3,466.6,767.7,511.7
512,0,person,0.1128,1186.6,688.8,1214.2,741.5
512,2,large_vehicle,0.1053,956.5,410.7,1026.3,454.3
513,0,person,0.6923,1186.2,664.4,1214.8,741.5
513,1,car,0.5451,558.3,480.3,650.0,533.3
513,0,person,0.3739,752.7,466.6,770.4,511.7
513,0,person,0.2787,1196.4,515.0,1217.2,567.3
513,1,car,0.2279,557.5,480.9,650.0,533.3
513,0,person,0.1872,751.2,466.5,767.7,511.6
513,1,car,0.1276,955.8,421.8,1026.9,455.0
513,0,person,0.1088,1186.7,688.7,1213.9,741.3
513,2,large_vehicle,0.1025,558.3,480.3,650.0,533.3
514,1,car,0.5956,559.6,481.2,649.6,533.3
514,0,person,0.5061,1187.5,664.1,1213.8,734.1
514,0,person,0.3965,697.5,466.3,714.5,506.8
514,0,person,0.3782,750.9,471.6,767.8,511.6
514,0,person,0.2303,695.2,466.6,711.0,507.3
514,0,person,0.2232,1187.3,693.4,1214.6,741.7
514,2,large_vehicle,0.2145,559.6,481.2,649.6,533.3
514,0,person,0.1533,752.3,471.8,770.0,511.8
514,0,person,0.1527,1196.6,519.4,1216.9,566.8
514,0,person,0.1521,1196.7,524.1,1216.5,567.3
514,2,large_vehicle,0.1171,956.6,410.8,1025.1,454.5
515,1,car,0.5771,559.6,481.3,649.6,533.2
515,0,person,0.4993,1187.4,664.2,1213.6,734.5
515,0,person,0.3873,697.6,466.3,714.5,506.7
515,0,person,0.3848,751.0,471.7,767.8,511.5
515,0,person,0.2820,1196.9,524.0,1216.4,567.3
515,0,person,0.2360,1187.4,693.6,1214.5,741.7
515,0,person,0.2349,695.3,466.6,711.0,507.2
515,2,large_vehicle,0.1998,559.6,481.3,649.6,533.2
515,0,person,0.1281,752.4,471.9,769.9,511.8
515,0,person,0.1033,1184.5,664.2,1214.2,739.8
515,2,large_vehicle,0.1028,956.6,410.5,1024.9,454.4
516,1,car,0.5821,560.4,481.4,649.5,533.2
516,0,person,0.4964,1187.6,664.3,1213.6,733.9
516,0,person,0.4356,751.1,471.9,767.7,511.6
516,0,person,0.3914,697.7,466.5,714.4,506.6
516,0,person,0.3121,1196.9,524.1,1216.4,567.2
516,0,person,0.2371,695.4,466.8,710.9,507.0
516,0,person,0.2086,1187.4,693.6,1214.6,741.8
516,2,large_vehicle,0.1970,560.4,481.4,649.5,533.2
516,0,person,0.1212,752.4,472.2,769.7,511.8
516,2,large_vehicle,0.1125,956.7,411.1,1027.5,455.4
516,2,large_vehicle,0.1084,956.7,410.4,1025.1,454.5
517,1,car,0.5886,557.8,480.6,649.6,533.4
517,0,person,0.4341,1185.4,665.9,1212.7,740.0
517,0,person,0.3963,751.6,474.1,773.3,513.1
517,0,person,0.2459,695.1,469.9,710.9,509.4
517,1,car,0.2242,557.2,481.1,649.5,533.4
517,0,person,0.1627,1196.6,518.6,1216.9,566.9
517,0,person,0.1314,1183.1,664.8,1212.7,741.4
517,0,person,0.1237,1188.0,693.5,1213.9,741.8
517,4,other_vehicle,0.1202,680.4,485.7,716.1,516.1
518,1,car,0.6363,557.9,480.6,649.7,533.3
518,0,person,0.4338,1185.5,665.9,1212.6,739.8
518,0,person,0.3586,751.6,474.2,773.3,513.1
518,0,person,0.2334,695.1,470.0,710.8,509.4
518,0,person,0.1556,1196.5,519.1,1216.9,567.0
518,1,car,0.1445,557.2,481.1,649.6,533.4
518,0,person,0.1374,1183.1,664.9,1212.7,741.2
518,0,person,0.1348,1188.1,693.6,1213.8,741.8
518,2,large_vehicle,0.1123,956.2,410.7,1024.6,454.5
518,4,other_vehicle,0.1104,680.4,485.7,715.8,516.2
519,1,car,0.6940,557.4,480.5,650.0,533.2
519,0,person,0.3817,1187.8,696.6,1213.3,742.6
519,0,person,0.3564,1179.3,665.4,1211.2,741.9
519,0,person,0.3002,1181.0,696.7,1203.0,742.1
519,0,person,0.2442,1181.1,667.1,1209.2,744.8
519,0,person,0.2044,1186.2,666.1,1211.3,736.0
519,0,person,0.2026,1196.6,523.4,1216.6,567.5
519,2,large_vehicle,0.1539,557.4,480.5,650.0,533.2
519,0,person,0.1520,692.1,473.4,710.0,509.0
519,0,person,0.1472,1196.4,519.3,1217.2,567.2
519,2,large_vehicle,0.1078,956.8,410.6,1024.6,454.3
519,4,other_vehicle,0.1000,678.3,487.2,722.5,517.0
520,1,car,0.6875,557.4,480.5,650.0,533.2
520,0,person,0.3787,1187.8,696.6,1213.3,742.6
520,0,person,0.3596,1179.3,665.4,1211.2,741.9
520,0,person,0.2957,1181.0,696.7,1203.0,742.1
520,0,person,0.2495,1181.1,667.2,1209.2,744.8
520,0,person,0.2001,1186.2,666.1,1211.3,736.0
520,0,person,0.1959,1196.6,523.3,1216.6,567.6
520,2,large_vehicle,0.1529,557.4,480.5,650.0,533.2
520,0,person,0.1528,1196.4,518.9,1217.1,567.2
520,0,person,0.1526,692.1,473.4,710.0,509.0
520,2,large_vehicle,0.1159,956.8,410.6,1024.5,454.3
520,4,other_vehicle,0.1008,678.4,487.2,722.5,517.0
521,1,car,0.6776,557.5,480.3,650.0,533.2
521,0,person,0.3825,1188.1,696.6,1213.3,742.6
521,0,person,0.3557,1179.3,665.4,1211.2,741.9
521,0,person,0.3138,1196.6,523.4,1216.6,567.9
521,0,person,0.3114,1181.0,696.7,1202.9,742.0
521,0,person,0.2416,1181.0,667.2,1209.2,744.8
521,0,person,0.1931,1186.3,666.2,1211.2,735.7
521,2,large_vehicle,0.1763,557.5,480.3,650.0,533.2
521,0,person,0.1535,692.1,473.4,710.0,508.9
521,2,large_vehicle,0.1449,956.3,410.5,1025.0,454.3
521,4,other_vehicle,0.1024,678.4,487.3,722.1,517.1
521,0,person,0.1010,750.3,469.9,767.7,512.3
522,0,person,0.4962,1179.0,667.3,1210.5,744.8
522,1,car,0.4523,557.6,480.7,649.9,533.4
522,0,person,0.3184,1178.0,698.1,1203.0,743.7
522,0,person,0.2959,1196.3,512.4,1217.4,567.9
522,0,person,0.2306,1176.5,666.0,1211.4,744.4
522,1,car,0.1711,558.6,480.2,649.9,533.3
522,2,large_vehicle,0.1450,557.6,480.7,649.9,533.4
523,1,car,0.5377,557.6,480.7,649.9,533.3
523,0,person,0.4962,1178.8,666.8,1210.6,744.9
523,0,person,0.3171,1196.2,511.3,1217.5,568.0
523,0,person,0.2945,1177.9,697.9,1203.1,743.7
523,0,person,0.2141,1176.4,665.5,1211.5,744.4
523,2,large_vehicle,0.1986,557.6,480.7,649.9,533.3
523,0,person,0.1761,749.2,465.4,766.3,512.9
524,1,car,0.5773,558.0,481.0,649.8,533.4
524,0,person,0.4319,1177.7,669.4,1208.4,744.4
524,0,person,0.4305,1174.2,668.2,1209.5,743.6
524,0,person,0.3453,1175.5,697.6,1202.0,743.4
524,0,person,0.2614,1189.1,698.5,1211.7,742.7
524,2,large_vehicle,0.2023,558.0,481.0,649.8,533.4
524,0,person,0.1910,1196.6,516.8,1217.0,567.3
525,1,car,0.4921,557.5,481.0,649.7,533.3
525,0,person,0.4237,1174.2,668.8,1209.0,743.5
525,0,person,0.3643,1177.8,670.0,1207.6,744.2
525,0,person,0.3506,1175.5,697.7,1201.9,743.4
525,0,person,0.2810,1189.2,698.6,1211.7,742.7
525,0,person,0.1806,1196.6,516.6,1216.9,567.2
525,2,large_vehicle,0.1545,557.5,481.0,649.7,533.3
525,1,car,0.1399,558.0,480.6,649.8,533.3
525,2,large_vehicle,0.1037,956.8,410.7,1025.2,454.4
526,1,car,0.4766,557.5,481.0,649.8,533.4
526,0,person,0.4324,1174.3,668.2,1209.5,743.6
526,0,person,0.4171,1177.8,669.5,1208.4,744.3
526,0,person,0.3467,1175.6,697.5,1202.1,743.4
526,0,person,0.2580,1189.0,698.6,1211.8,742.7
526,0,person,0.1940,1196.6,515.7,1216.9,567.3
526,1,car,0.1621,558.0,480.6,649.8,533.3
526,2,large_vehicle,0.1380,557.5,481.0,649.8,533.4
526,2,large_vehicle,0.1250,956.7,410.6,1025.3,454.4
527,0,person,0.6148,1175.0,669.6,1205.9,745.6
527,1,car,0.3449,556.9,480.9,649.9,533.5
527,1,car,0.3349,557.2,480.6,649.8,533.4
527,0,person,0.2112,1196.3,514.5,1216.9,567.5
527,0,person,0.2099,1185.6,698.9,1210.5,743.9
527,0,person,0.1787,1174.0,692.4,1203.4,744.1
527,2,large_vehicle,0.1521,956.7,411.1,1024.8,454.5
527,0,person,0.1072,687.6,471.7,701.8,508.2
528,0,person,0.7033,1173.5,671.8,1203.9,745.5
528,1,car,0.7000,556.9,480.7,650.4,533.2
528,0,person,0.1859,745.8,464.8,763.3,511.2
528,2,large_vehicle,0.1494,956.3,410.1,1025.2,454.3
528,2,large_vehicle,0.1370,556.9,480.7,650.4,533.2
528,0,person,0.1271,1196.3,518.8,1216.8,567.0
529,0,person,0.6975,1173.4,671.8,1203.9,745.4
529,1,car,0.6966,557.0,480.8,650.3,533.2
529,0,person,0.2274,1196.5,524.0,1216.1,567.5
529,0,person,0.1809,745.8,464.8,763.3,511.2
529,2,large_vehicle,0.1459,956.5,410.3,1025.1,454.4
529,2,large_vehicle,0.1436,557.0,480.8,650.3,533.2
529,0,person,0.1068,1187.7,698.9,1209.5,743.2
530,1,car,0.7043,557.2,480.8,650.1,533.1
530,0,person,0.7021,1173.5,671.8,1203.9,745.5
530,0,person,0.1815,745.8,464.5,763.2,511.0
530,2,large_vehicle,0.1812,956.2,410.2,1025.7,454.3
530,2,large_vehicle,0.1493,557.2,480.8,650.1,533.1
530,0,person,0.1219,1196.4,519.3,1216.6,566.9
530,1,car,0.1010,956.2,410.2,1025.7,454.3
531,0,person,0.7752,1173.0,672.1,1206.2,749.5
531,1,car,0.6020,557.8,480.4,649.7,533.3
531,0,person,0.3838,1196.2,510.2,1217.4,567.8
531,0,person,0.2734,682.4,471.5,695.9,506.4
531,2,large_vehicle,0.2282,557.8,480.4,649.7,533.3
531,2,large_vehicle,0.1645,956.4,410.3,1025.6,454.4
531,0,person,0.1259,745.6,464.2,762.5,509.4
532,0,person,0.7688,1173.1,672.0,1206.0,749.4
532,1,car,0.5957,557.7,480.4,649.6,533.3
532,0,person,0.3815,1196.3,510.5,1217.4,567.8
532,0,person,0.2648,682.4,471.6,695.9,506.4
532,2,large_vehicle,0.2384,557.7,480.4,649.6,533.3
532,2,large_vehicle,0.1490,956.3,410.5,1025.5,454.4
532,0,person,0.1269,745.6,464.3,762.5,509.4
533,0,person,0.6335,1173.1,673.0,1203.9,750.0
533,1,car,0.4986,556.7,481.1,650.2,533.3
533,0,person,0.3357,679.9,471.6,694.0,504.6
533,0,person,0.2219,1196.8,524.2,1216.2,567.3
533,2,large_vehicle,0.2213,556.7,481.1,650.2,533.3
533,0,person,0.1747,745.1,465.3,762.3,509.9
533,2,large_vehicle,0.1005,957.1,411.3,1027.7,455.3
534,0,person,0.6672,1173.0,673.0,1204.2,750.3
534,1,car,0.5868,556.1,481.1,650.1,533.2
534,0,person,0.3334,679.8,471.5,694.1,504.4
534,0,person,0.2008,745.0,465.6,762.4,510.0
534,2,large_vehicle,0.1976,556.1,481.1,650.1,533.2
534,0,person,0.1575,1196.7,519.2,1216.7,567.0
534,2,large_vehicle,0.1195,957.1,411.6,1025.4,454.5
535,0,person,0.6467,1172.9,673.0,1204.1,750.3
535,1,car,0.5958,556.3,481.2,650.1,533.2
535,0,person,0.3332,679.8,471.6,694.0,504.4
535,2,large_vehicle,0.2023,556.3,481.2,650.1,533.2
535,0,person,0.2008,745.0,465.6,762.5,510.1
535,0,person,0.1758,1196.8,524.4,1216.2,567.4
535,2,large_vehicle,0.1128,957.1,411.6,1025.4,454.5
535,0,person,0.1058,1196.7,520.1,1216.7,566.9
536,1,car,0.6061,556.9,480.3,650.0,533.3
536,0,person,0.5806,1172.7,671.6,1203.2,750.3
536,0,person,0.2972,743.8,465.9,761.6,510.2
536,0,person,0.2821,678.4,470.7,692.6,505.7
536,2,large_vehicle,0.2288,956.7,411.5,1025.4,454.5
536,0,person,0.1728,1196.6,515.9,1217.0,567.1
536,1,car,0.1695,556.5,481.0,649.8,533.3
536,2,large_vehicle,0.1073,556.9,480.3,650.0,533.3
537,0,person,0.5927,1172.7,671.7,1203.1,750.2
537,1,car,0.5447,557.9,480.5,650.0,533.3
537,0,person,0.3581,744.0,466.1,761.5,510.0
537,0,person,0.2930,678.4,470.9,692.6,505.7
537,2,large_vehicle,0.2492,956.6,411.5,1026.0,454.6
537,1,car,0.1825,557.3,481.2,649.8,533.3
537,0,person,0.1687,1196.5,518.6,1216.9,567.0
537,2,large_vehicle,0.1253,557.9,480.5,650.0,533.3
538,1,car,0.6648,557.8,480.5,649.8,533.1
538,0,person,0.4934,1173.3,671.8,1203.0,750.1
538,2,large_vehicle,0.2080,956.4,411.4,1025.9,454.3
538,0,person,0.1921,1196.6,519.1,1216.7,567.0
538,2,large_vehicle,0.1738,557.8,480.5,649.8,533.1
538,0,person,0.1694,743.1,463.4,760.8,511.9
538,1,car,0.1081,956.4,411.4,1025.9,454.3
539,1,car,0.6746,558.0,480.7,649.8,533.1
539,0,person,0.5102,1173.2,671.9,1203.0,750.1
539,2,large_vehicle,0.2418,956.1,411.5,1026.1,454.3
539,0,person,0.2033,1196.6,518.3,1216.8,567.0
539,0,person,0.1780,743.0,463.3,760.8,512.0
539,2,large_vehicle,0.1627,558.0,480.7,649.8,533.1
539,1,car,0.1393,956.1,411.5,1026.1,454.3
540,1,car,0.6669,557.8,480.5,649.8,533.1
540,0,person,0.5521,1173.2,671.9,1203.0,750.1
540,0,person,0.2269,1196.5,516.0,1216.8,567.0
540,2,large_vehicle,0.2257,956.3,411.5,1026.6,454.3
540,0,person,0.1964,743.0,463.3,760.9,512.1
540,2,large_vehicle,0.1666,557.8,480.5,649.8,533.1
540,1,car,0.1337,956.3,411.5,1026.6,454.3
541,0,person,0.6792,1172.8,672.5,1203.4,750.6
541,1,car,0.6014,558.6,481.2,649.8,533.3
541,0,person,0.3430,1196.1,509.7,1217.4,567.3
541,2,large_vehicle,0.1873,956.9,411.2,1026.8,454.3
541,2,large_vehicle,0.1734,558.6,481.2,649.8,533.3
541,1,car,0.1281,956.9,411.2,1026.8,454.3
542,0,person,0.6743,1172.9,672.5,1203.4,750.7
542,1,car,0.5026,558.1,481.1,649.7,533.3
542,0,person,0.4044,1196.0,508.5,1217.5,567.5
542,2,large_vehicle,0.1882,956.9,411.5,1026.9,454.2
542,1,car,0.1796,559.0,480.6,649.8,533.2
542,2,large_vehicle,0.1475,558.1,481.1,649.7,533.3
542,1,car,0.1217,956.9,411.5,1026.9,454.2
543,0,person,0.7396,1172.3,671.7,1203.2,750.8
543,1,car,0.6088,556.5,481.1,649.4,533.1
543,0,person,0.4805,1195.9,507.9,1218.0,567.9
543,0,person,0.2471,743.1,467.8,760.6,511.0
543,2,large_vehicle,0.2180,956.4,411.1,1026.5,454.4
543,2,large_vehicle,0.2156,556.5,481.1,649.4,533.1
543,0,person,0.1585,669.9,467.9,684.5,505.3
543,1,car,0.1312,956.4,411.1,1026.5,454.4
544,0,person,0.7375,1172.3,671.7,1203.1,750.8
544,1,car,0.5976,556.6,481.0,649.4,533.1
544,0,person,0.4789,1195.9,507.9,1218.0,567.9
544,0,person,0.2456,743.1,467.8,760.6,510.9
544,2,large_vehicle,0.2322,556.6,481.0,649.4,533.1
544,2,large_vehicle,0.2254,956.4,411.1,1026.5,454.4
544,0,person,0.1642,670.0,468.0,684.5,505.3
544,1,car,0.1338,956.4,411.1,1026.5,454.4
545,0,person,0.7343,1172.2,671.7,1203.2,750.8
545,1,car,0.5895,557.2,481.0,649.4,533.1
545,0,person,0.4835,1195.9,508.1,1218.1,568.1
545,0,person,0.2368,743.0,467.7,760.6,511.0
545,2,large_vehicle,0.2340,557.2,481.0,649.4,533.1
545,2,large_vehicle,0.1751,956.6,411.2,1026.7,454.4
545,0,person,0.1510,670.0,467.8,684.5,505.3
545,1,car,0.1141,956.6,411.2,1026.7,454.4
546,0,person,0.6455,1173.0,672.9,1202.9,751.1
546,1,car,0.5816,557.6,480.9,649.5,533.2
546,2,large_vehicle,0.2662,557.6,480.9,649.5,533.2
546,0,person,0.2484,1196.3,512.7,1217.4,567.3
546,2,large_vehicle,0.2268,956.6,412.0,1027.1,454.4
546,1,car,0.1820,956.6,412.0,1027.1,454.4
547,0,person,0.6565,1172.9,672.9,1202.9,751.1
547,1,car,0.5826,557.6,480.9,649.5,533.2
547,2,large_vehicle,0.2672,557.6,480.9,649.5,533.2
547,0,person,0.2468,1196.3,512.7,1217.4,567.4
547,2,large_vehicle,0.2233,956.6,411.9,1027.3,454.5
547,1,car,0.1786,956.6,411.9,1027.3,454.5
548,0,person,0.5508,1172.5,673.4,1202.2,754.3
548,1,car,0.4330,557.2,480.9,649.8,533.1
548,0,person,0.3952,664.4,474.7,682.5,513.0
548,2,large_vehicle,0.2952,956.4,411.8,1027.6,454.3
548,0,person,0.2186,1196.0,511.8,1217.5,567.9
548,1,car,0.2168,956.4,411.8,1027.6,454.3
548,0,person,0.1733,660.5,474.6,678.6,512.7
548,2,large_vehicle,0.1699,557.2,480.9,649.8,533.1
548,1,car,0.1654,558.4,480.2,649.9,532.9
548,0,person,0.1381,742.5,466.4,760.5,512.5
548,0,person,0.1006,1173.1,699.5,1202.4,752.6
549,0,person,0.6399,1172.4,673.5,1202.1,754.4
549,0,person,0.4084,664.5,474.6,682.7,513.0
549,1,car,0.3491,556.7,480.8,650.0,533.1
549,1,car,0.3081,557.8,480.2,650.1,533.0
549,2,large_vehicle,0.3004,956.4,411.1,1027.5,454.3
549,0,person,0.2701,1196.0,505.1,1218.2,567.0
549,1,car,0.1826,956.4,411.1,1027.5,454.3
549,0,person,0.1609,742.2,466.0,760.6,512.7
549,0,person,0.1306,660.5,474.5,678.5,512.7
549,2,large_vehicle,0.1204,556.7,480.8,650.0,533.1
550,0,person,0.6372,1172.4,673.5,1202.3,754.3
550,0,person,0.4099,664.5,474.6,682.7,513.0
550,1,car,0.3582,556.7,480.8,650.0,533.1
550,2,large_vehicle,0.3114,956.2,411.0,1027.5,454.3
550,1,car,0.3083,557.8,480.2,650.1,533.0
550,0,person,0.2745,1196.0,505.1,1218.2,567.0
550,1,car,0.1867,956.2,411.0,1027.5,454.3
550,0,person,0.1586,742.2,466.1,760.6,512.6
550,0,person,0.1344,660.5,474.5,678.5,512.7
550,2,large_vehicle,0.1199,556.7,480.8,650.0,533.1
551,1,car,0.5952,557.6,480.3,650.5,533.2
551,0,person,0.5249,1171.3,674.3,1201.8,756.6
551,0,person,0.3039,1196.0,504.9,1218.2,567.1
551,2,large_vehicle,0.2905,955.7,410.3,1027.6,454.2
551,0,person,0.2181,1171.1,700.1,1202.1,756.0
551,0,person,0.1536,740.5,466.9,761.3,514.2
551,1,car,0.1407,955.7,410.3,1027.6,454.2
551,0,person,0.1386,1169.8,675.2,1197.9,756.8
551,2,large_vehicle,0.1343,557.6,480.3,650.5,533.2
552,1,car,0.5286,555.7,480.7,649.8,533.1
552,0,person,0.3824,1169.1,675.2,1197.2,756.7
552,0,person,0.3145,1196.2,508.8,1217.7,567.7
552,0,person,0.2890,741.0,467.1,760.2,514.4
552,2,large_vehicle,0.2592,956.0,410.0,1027.4,454.4
552,2,large_vehicle,0.2487,555.7,480.7,649.8,533.1
552,0,person,0.1979,1170.4,674.5,1200.8,756.5
552,0,person,0.1767,1169.5,701.6,1201.5,756.2
552,0,person,0.1187,659.3,475.4,675.8,513.1
552,1,car,0.1159,956.0,410.0,1027.4,454.4
553,1,car,0.5336,556.5,480.8,649.9,533.1
553,0,person,0.3715,1169.1,675.2,1197.2,757.1
553,0,person,0.3056,1196.2,509.0,1217.7,567.7
553,0,person,0.2874,741.0,467.1,760.1,514.4
553,2,large_vehicle,0.2676,956.1,410.0,1027.5,454.4
553,2,large_vehicle,0.2488,556.5,480.8,649.9,533.1
553,0,person,0.1821,1170.4,674.5,1200.8,756.9
553,0,person,0.1627,1169.6,701.1,1201.4,756.6
553,1,car,0.1208,956.1,410.0,1027.5,454.4
553,0,person,0.1192,659.3,475.3,675.8,513.1
554,1,car,0.5251,555.9,480.9,649.9,533.0
554,0,person,0.3769,1169.1,675.1,1197.1,756.7
554,0,person,0.3036,740.9,467.2,760.3,514.4
554,0,person,0.3008,1196.2,509.1,1217.7,567.6
554,2,large_vehicle,0.2890,956.1,409.9,1027.4,454.4
554,2,large_vehicle,0.2421,555.9,480.9,649.9,533.0
554,0,person,0.1949,1170.5,674.5,1200.8,756.5
554,0,person,0.1919,1169.6,701.9,1201.5,756.2
554,0,person,0.1307,659.3,475.4,675.9,513.1
554,1,car,0.1196,956.1,409.9,1027.4,454.4
555,1,car,0.6165,557.7,479.9,652.3,532.8
555,0,person,0.4695,1167.0,675.6,1195.8,756.4
555,0,person,0.3283,1196.0,505.2,1218.2,566.9
555,0,person,0.2965,657.1,477.3,673.7,514.9
555,2,large_vehicle,0.2696,956.4,410.3,1027.4,454.4
555,1,car,0.1740,956.4,410.3,1027.4,454.4
555,1,car,0.1517,556.7,480.7,652.8,533.0
555,0,person,0.1100,1169.4,675.1,1200.4,753.8
555,0,person,0.1074,661.7,477.0,680.9,515.7
556,1,car,0.6568,557.5,479.9,652.3,532.9
556,0,person,0.4325,1167.2,675.7,1195.6,756.5
556,0,person,0.2901,657.2,477.4,673.8,514.9
556,2,large_vehicle,0.2733,956.4,410.3,1027.4,454.4
556,1,car,0.1684,956.4,410.3,1027.4,454.4
556,0,person,0.1489,1196.5,513.5,1217.2,567.0
556,0,person,0.1296,1196.1,505.5,1218.0,566.9
556,0,person,0.1103,1169.6,675.2,1200.2,753.9
556,0,person,0.1071,661.8,477.1,680.9,515.7
556,2,large_vehicle,0.1052,557.5,479.9,652.3,532.9
557,0,person,0.5942,1166.7,676.4,1196.4,754.1
557,1,car,0.5221,557.6,480.0,656.4,533.0
557,0,person,0.3941,1195.9,504.6,1218.2,567.1
557,0,person,0.2799,655.5,479.2,672.1,516.9
557,2,large_vehicle,0.2090,955.3,408.1,1027.0,454.2
557,1,car,0.1976,557.1,480.6,656.8,533.1
557,1,car,0.1458,955.3,408.1,1027.0,454.2
558,0,person,0.5972,1166.7,676.5,1196.5,754.6
558,0,person,0.4377,1196.0,504.2,1218.4,567.0
558,1,car,0.4189,557.3,479.8,657.4,533.0
558,1,car,0.2751,557.0,480.3,657.8,533.2
558,0,person,0.2708,655.5,479.2,672.0,517.2
558,2,large_vehicle,0.2421,955.5,409.5,1027.1,454.2
558,1,car,0.1704,955.5,409.5,1027.1,454.2
558,0,person,0.1059,739.2,466.2,756.9,513.9
559,0,person,0.6135,1166.6,676.5,1196.5,754.7
559,1,car,0.4489,557.4,479.8,657.2,533.1
559,0,person,0.4262,1196.0,504.2,1218.3,567.0
559,0,person,0.2703,655.6,479.2,672.0,517.2
559,2,large_vehicle,0.2456,955.5,409.6,1027.1,454.2
559,1,car,0.2384,557.0,480.4,657.6,533.2
559,1,car,0.1722,955.5,409.6,1027.1,454.2
560,0,person,0.5341,1165.8,678.4,1194.1,751.8
560,1,car,0.3473,556.9,480.8,654.0,533.2
560,0,person,0.3461,1196.0,503.4,1218.2,566.7
560,1,car,0.2472,558.5,480.2,654.3,532.9
560,2,large_vehicle,0.2267,955.8,410.5,1027.1,454.2
560,0,person,0.2098,1162.3,679.0,1196.9,757.1
560,1,car,0.1816,955.8,410.5,1027.1,454.2
560,0,person,0.1091,1164.0,705.2,1198.2,758.1
561,0,person,0.5400,1165.5,678.6,1194.0,752.7
561,1,car,0.3474,558.5,480.3,654.7,532.8
561,0,person,0.3279,1196.1,503.6,1218.2,566.8
561,1,car,0.2708,556.9,480.8,654.4,533.1
561,0,person,0.2166,1162.2,678.7,1196.7,757.2
561,2,large_vehicle,0.2145,955.7,410.3,1026.8,454.2
561,1,car,0.1454,955.7,410.3,1026.8,454.2
562,1,car,0.5982,558.0,480.4,658.0,533.2
562,0,person,0.5818,1165.3,678.9,1194.0,755.1
562,0,person,0.4273,1196.1,507.8,1217.2,567.3
562,0,person,0.2771,1161.9,678.8,1196.2,759.8
562,2,large_vehicle,0.2240,956.0,410.3,1026.9,454.2
562,2,large_vehicle,0.1625,558.0,480.4,658.0,533.2
562,1,car,0.1363,956.0,410.3,1026.9,454.2
562,0,person,0.1190,740.2,468.7,756.2,514.7
563,1,car,0.6063,557.6,480.5,658.0,533.2
563,0,person,0.5802,1165.3,678.9,1194.2,755.0
563,0,person,0.3733,1196.2,508.1,1217.1,567.5
563,0,person,0.2892,1161.9,678.7,1196.3,759.8
563,2,large_vehicle,0.2234,956.1,409.9,1026.9,454.2
563,2,large_vehicle,0.1490,557.6,480.5,658.0,533.2
563,1,car,0.1162,956.1,409.9,1026.9,454.2
563,0,person,0.1118,740.3,468.7,756.2,514.7
564,1,car,0.6578,558.2,480.7,658.0,533.1
564,0,person,0.5564,1165.5,678.9,1193.8,752.4
564,0,person,0.3895,1162.0,679.3,1196.2,760.1
564,0,person,0.3049,1196.2,505.9,1217.7,567.0
564,2,large_vehicle,0.2265,956.3,410.3,1026.9,454.3
564,0,person,0.1531,740.3,469.1,756.2,514.6
564,1,car,0.1330,956.3,410.3,1026.9,454.3
564,2,large_vehicle,0.1134,558.2,480.7,658.0,533.1
565,0,person,0.5517,1165.4,679.3,1193.5,750.4
565,1,car,0.4845,553.6,479.6,657.2,533.0
565,0,person,0.2844,1196.0,504.2,1217.7,567.2
565,1,car,0.2719,553.6,479.5,657.8,533.2
565,2,large_vehicle,0.2124,956.3,410.5,1026.8,454.3
565,0,person,0.2108,1161.8,680.3,1196.7,760.6
565,0,person,0.1746,1162.8,704.6,1197.9,761.0
565,1,car,0.1643,956.3,410.5,1026.8,454.3
566,0,person,0.5548,1165.3,679.3,1193.5,750.7
566,1,car,0.3732,553.4,479.4,657.7,533.3
566,1,car,0.3295,553.4,479.5,657.1,533.0
566,0,person,0.3042,1195.9,504.1,1217.8,567.1
566,2,large_vehicle,0.2092,956.6,410.7,1027.0,454.2
566,0,person,0.2013,1161.7,680.3,1196.8,760.5
566,0,person,0.1840,1162.8,704.7,1197.9,761.0
566,1,car,0.1560,956.6,410.7,1027.0,454.2
566,4,other_vehicle,0.1066,1162.8,704.7,1197.9,761.0
567,0,person,0.7207,1162.4,679.3,1194.0,761.4
567,1,car,0.5654,556.8,479.5,657.6,533.1
567,2,large_vehicle,0.1985,956.2,410.9,1025.9,454.0
567,1,car,0.1331,956.2,410.9,1025.9,454.0
567,2,large_vehicle,0.1274,556.8,479.5,657.6,533.1
567,0,person,0.1048,1196.0,503.7,1217.1,566.5
568,0,person,0.7061,1162.5,679.2,1194.2,761.4
568,1,car,0.5623,556.8,479.5,657.6,533.1
568,2,large_vehicle,0.2034,956.1,410.9,1025.9,454.1
568,1,car,0.1364,956.1,410.9,1025.9,454.1
568,2,large_vehicle,0.1296,556.8,479.5,657.6,533.1
569,0,person,0.6991,1162.2,679.1,1194.4,761.4
569,1,car,0.5861,557.2,479.4,657.6,533.1
569,2,large_vehicle,0.1835,956.2,410.8,1025.9,454.0
569,1,car,0.1343,956.2,410.8,1025.9,454.0
569,2,large_vehicle,0.1279,557.2,479.4,657.6,533.1
570,0,person,0.5697,1164.2,679.4,1193.1,756.8
570,1,car,0.3546,555.3,477.8,658.9,532.9
570,2,large_vehicle,0.1862,955.2,410.6,1027.0,454.0
570,1,car,0.1410,955.2,410.6,1027.0,454.0
570,2,large_vehicle,0.1321,555.3,477.8,658.9,532.9
571,0,person,0.5761,1164.1,679.5,1193.1,757.2
571,1,car,0.3326,556.5,478.0,658.9,532.9
571,2,large_vehicle,0.1782,955.5,410.5,1026.9,454.1
571,2,large_vehicle,0.1460,556.5,478.0,658.9,532.9
571,0,person,0.1320,1196.5,520.9,1216.7,567.0
571,1,car,0.1216,955.5,410.5,1026.9,454.1
572,0,person,0.5536,1164.0,680.0,1192.6,755.7
572,1,car,0.3346,558.0,478.8,654.9,533.0
572,0,person,0.2223,1161.4,680.0,1194.1,761.2
572,1,car,0.1244,956.1,409.7,1027.2,453.9
572,2,large_vehicle,0.1215,558.0,478.8,654.9,533.0
572,2,large_vehicle,0.1123,956.1,409.7,1027.2,453.9
573,0,person,0.5698,1163.7,679.9,1192.7,758.2
573,1,car,0.4193,557.7,479.5,654.4,533.0
573,2,large_vehicle,0.1334,557.7,479.5,654.4,533.0
573,2,large_vehicle,0.1264,956.5,410.2,1027.1,454.0
573,1,car,0.1197,956.5,410.2,1027.1,454.0
574,0,person,0.5868,1163.8,679.8,1192.8,758.3
574,1,car,0.3672,559.4,479.1,654.5,533.0
574,2,large_vehicle,0.1309,559.4,479.1,654.5,533.0
574,2,large_vehicle,0.1214,956.2,409.9,1027.4,454.0
574,1,car,0.1147,956.2,409.9,1027.4,454.0
575,0,person,0.6380,1163.3,679.6,1193.4,758.6
575,0,person,0.2246,1195.5,522.8,1214.2,567.1
575,1,car,0.2159,555.2,479.4,652.8,532.9
575,1,car,0.1252,955.6,409.9,1027.2,453.8
575,2,large_vehicle,0.1146,555.2,479.4,652.8,532.9
575,2,large_vehicle,0.1101,955.6,409.9,1027.2,453.8
576,0,person,0.5475,1163.3,680.6,1191.5,749.5
576,0,person,0.2793,1195.6,525.7,1213.8,567.5
576,1,car,0.2424,558.6,480.9,649.1,532.4
576,4,other_vehicle,0.1801,1161.5,705.5,1193.6,760.9
576,1,car,0.1753,954.4,408.9,1025.9,453.3
576,3,motorcycle,0.1511,1161.5,705.5,1193.6,760.9
576,2,large_vehicle,0.1332,954.4,408.9,1025.9,453.3
576,1,car,0.1234,564.3,481.6,649.3,532.4
576,2,large_vehicle,0.1165,558.6,480.9,649.1,532.4
577,0,person,0.5561,1163.3,680.6,1191.4,749.1
577,0,person,0.2334,1195.2,523.7,1214.0,567.4
577,4,other_vehicle,0.1920,1161.5,705.5,1193.6,760.9
577,1,car,0.1904,559.4,481.0,649.1,532.4
577,1,car,0.1791,954.3,408.7,1026.0,453.3
577,3,motorcycle,0.1695,1161.5,705.5,1193.6,760.9
577,0,person,0.1671,1195.7,525.4,1214.0,567.5
577,1,car,0.1428,564.7,481.6,649.2,532.5
577,2,large_vehicle,0.1376,954.3,408.7,1026.0,453.3
578,0,person,0.5465,1163.3,680.6,1191.4,749.2
578,0,person,0.2722,1195.5,525.4,1213.9,567.6
578,4,other_vehicle,0.1918,1161.5,705.4,1193.5,761.0
578,1,car,0.1827,954.3,408.7,1026.2,453.3
578,1,car,0.1808,558.5,480.9,648.9,532.4
578,3,motorcycle,0.1524,1161.5,705.4,1193.5,761.0
578,1,car,0.1340,564.2,481.6,649.0,532.4
578,2,large_vehicle,0.1329,954.3,408.7,1026.2,453.3
579,0,person,0.6198,1162.5,680.7,1191.4,750.3
579,3,motorcycle,0.3404,1158.3,708.6,1193.6,761.1
579,1,car,0.2259,559.8,481.3,651.2,532.2
579,1,car,0.2019,951.9,407.0,1026.7,453.1
579,4,other_vehicle,0.1667,1158.3,708.6,1193.6,761.1
579,2,large_vehicle,0.1179,951.9,407.0,1026.7,453.1
579,0,person,0.1108,1195.4,528.0,1213.7,567.8
579,1,car,0.1057,1186.3,470.7,1304.5,536.9
580,0,person,0.5735,1162.5,680.9,1191.1,749.7
580,3,motorcycle,0.3111,1158.4,708.8,1193.4,761.0
580,1,car,0.2094,952.1,407.1,1026.8,453.1
580,4,other_vehicle,0.1822,1158.4,708.8,1193.4,761.0
580,1,car,0.1382,558.7,480.7,651.2,532.2
580,0,person,0.1237,1195.4,528.0,1213.6,567.6
580,2,large_vehicle,0.1092,952.1,407.1,1026.8,453.1
580,1,car,0.1038,1186.3,470.8,1304.1,536.8
581,1,car,0.3876,1183.0,466.7,1295.9,537.8
581,1,car,0.3658,563.7,481.2,650.6,532.2
581,0,person,0.3605,1195.9,517.2,1215.0,567.2
581,0,person,0.3583,735.3,467.8,755.2,514.5
581,0,person,0.3387,1159.2,681.2,1191.3,759.8
581,0,person,0.3015,1153.8,682.1,1190.0,760.6
581,0,person,0.2397,1155.8,683.0,1185.8,760.6
581,0,person,0.1796,1157.3,681.9,1185.4,759.4
581,0,person,0.1698,735.0,468.0,755.0,514.5
581,1,car,0.1688,566.7,482.7,650.8,532.4
581,1,car,0.1086,955.9,406.7,1026.5,453.1
582,0,person,0.4788,735.1,468.5,755.1,514.7
582,1,car,0.4349,564.8,481.2,650.6,532.3
582,1,car,0.3878,1183.2,466.6,1292.5,537.9
582,0,person,0.3752,1155.5,683.1,1185.5,760.8
582,0,person,0.3420,1153.5,682.1,1189.6,760.9
582,0,person,0.3238,1195.9,518.0,1214.7,566.9
582,0,person,0.2893,1159.2,681.2,1191.1,759.8
582,1,car,0.1727,566.9,482.9,650.8,532.4
582,0,person,0.1560,1157.1,681.9,1185.3,759.7
582,1,car,0.1103,955.4,407.0,1026.3,453.2
583,0,person,0.4438,735.0,468.3,754.9,514.8
583,1,car,0.3994,1183.1,466.6,1292.4,537.8
583,1,car,0.3917,565.0,481.1,650.7,532.3
583,0,person,0.3720,1155.7,683.0,1185.6,760.8
583,0,person,0.3610,1153.6,682.1,1189.8,761.0
583,0,person,0.3238,1195.9,517.4,1214.8,566.8
583,0,person,0.3070,1159.2,681.2,1191.2,759.7
583,1,car,0.1488,567.0,483.0,650.8,532.4
583,0,person,0.1393,1157.3,682.0,1185.3,759.5
583,0,person,0.1153,735.2,468.0,755.1,514.8
583,1,car,0.1129,955.3,406.9,1026.3,453.2
584,0,person,0.6713,1151.7,683.7,1186.5,762.8
584,0,person,0.5136,734.1,469.0,755.1,514.7
584,1,car,0.4884,1178.9,466.8,1294.7,539.1
584,0,person,0.4460,1196.3,514.7,1215.0,566.7
584,1,car,0.4417,563.0,480.9,651.2,532.3
584,1,car,0.1246,955.0,407.0,1026.2,453.3
585,0,person,0.6762,1151.8,683.8,1186.4,762.7
585,1,car,0.4929,1178.9,467.3,1295.4,539.2
585,0,person,0.4879,734.3,469.0,755.1,514.6
585,1,car,0.4513,561.5,480.9,651.5,532.4
585,0,person,0.4181,1196.4,514.8,1214.9,566.4
585,1,car,0.1542,954.7,406.8,1026.3,453.2
585,2,large_vehicle,0.1055,954.7,406.8,1026.3,453.2
586,0,person,0.7245,1150.2,685.0,1183.3,761.9
586,1,car,0.6718,566.0,482.5,652.6,532.4
586,1,car,0.5777,1174.5,473.0,1270.9,540.9
586,0,person,0.5305,733.9,464.6,754.0,513.8
586,1,car,0.1594,954.9,406.9,1025.5,453.1
586,2,large_vehicle,0.1551,954.9,406.9,1025.5,453.1
586,0,person,0.1130,1196.1,517.6,1213.8,565.4
587,0,person,0.7255,1150.2,685.0,1183.4,761.7
587,1,car,0.6693,565.0,482.5,652.6,532.4
587,1,car,0.5657,1174.6,472.9,1270.8,540.9
587,0,person,0.5265,733.9,464.8,754.0,513.8
587,1,car,0.1585,954.7,407.1,1025.0,453.1
587,2,large_vehicle,0.1468,954.7,407.1,1025.0,453.1
587,0,person,0.1110,1196.1,517.7,1213.8,565.4
588,0,person,0.7205,1150.2,685.0,1183.0,761.9
588,1,car,0.6654,564.8,482.4,652.4,532.4
588,1,car,0.5592,1174.5,473.1,1271.2,540.9
588,0,person,0.5354,733.8,464.7,754.1,513.7
588,1,car,0.1731,954.5,407.3,1025.3,453.1
588,2,large_vehicle,0.1546,954.5,407.3,1025.3,453.1
588,0,person,0.1139,1196.1,517.8,1213.7,565.4
589,1,car,0.6310,1170.1,475.1,1265.6,542.2
589,0,person,0.5129,1151.2,685.7,1180.3,762.5
589,1,car,0.4704,563.8,482.1,650.9,532.4
589,0,person,0.4282,733.4,469.7,752.1,514.1
589,1,car,0.2816,567.2,483.4,650.2,532.5
589,1,car,0.2726,953.6,406.8,1025.0,453.1
589,0,person,0.2023,1150.6,684.8,1185.1,762.1
589,2,large_vehicle,0.1428,953.6,406.8,1025.0,453.1
589,1,car,0.1030,1223.0,544.2,1341.8,621.2
590,1,car,0.6296,1170.1,475.0,1265.9,542.2
590,0,person,0.5268,1151.0,685.8,1180.7,762.6
590,1,car,0.4612,564.6,482.0,651.0,532.3
590,0,person,0.3894,733.5,469.5,752.4,514.1
590,1,car,0.2821,953.1,406.7,1025.5,453.0
590,1,car,0.2458,567.6,483.4,650.2,532.5
590,0,person,0.1584,1150.5,684.8,1185.5,762.1
590,2,large_vehicle,0.1355,953.1,406.7,1025.5,453.0
590,1,car,0.1154,1222.9,543.5,1341.9,621.1
591,1,car,0.6403,1166.0,483.0,1252.3,544.5
591,1,car,0.6238,571.5,482.6,649.8,532.7
591,0,person,0.4877,733.3,473.0,752.2,513.9
591,0,person,0.4532,1152.3,687.0,1182.2,761.0
591,0,person,0.2764,1196.0,525.6,1213.5,566.4
591,1,car,0.1937,955.5,407.1,1026.4,452.8
591,0,person,0.1187,1150.0,686.0,1186.3,762.9
592,1,car,0.6394,1166.0,483.0,1252.3,544.5
592,1,car,0.6282,571.4,482.6,649.8,532.7
592,0,person,0.4876,733.3,473.0,752.2,513.9
592,0,person,0.4358,1152.5,686.9,1182.3,760.7
592,0,person,0.2745,1196.0,525.7,1213.5,566.4
592,1,car,0.1944,955.5,407.1,1026.3,452.8
592,0,person,0.1402,1150.1,685.9,1186.3,762.8
593,1,car,0.6525,571.4,482.6,649.8,532.7
593,1,car,0.6447,1165.9,483.0,1252.7,544.5
593,0,person,0.4996,733.3,473.1,752.1,513.9
593,0,person,0.4593,1152.2,687.0,1182.3,761.0
593,0,person,0.2947,1196.0,525.8,1213.6,566.4
593,1,car,0.1783,955.4,407.2,1026.1,452.8
593,0,person,0.1069,1149.9,686.0,1186.3,762.8
594,1,car,0.7670,1161.7,485.3,1247.2,545.1
594,1,car,0.5377,566.0,482.7,650.3,532.7
594,0,person,0.4970,1150.7,687.5,1181.7,762.7
594,0,person,0.1734,1148.0,686.4,1185.2,765.0
594,1,car,0.1375,955.6,406.7,1025.8,452.8
594,0,person,0.1278,1195.9,526.9,1214.1,566.8
594,2,large_vehicle,0.1007,955.6,406.7,1025.8,452.8
595,1,car,0.7837,1161.7,485.5,1246.8,545.0
595,1,car,0.5316,566.1,482.8,650.3,532.7
595,0,person,0.4755,1150.9,687.5,1181.6,762.7
595,0,person,0.1585,1147.8,686.5,1185.3,765.3
595,1,car,0.1351,955.6,406.9,1026.1,452.8
595,0,person,0.1198,1195.9,527.0,1214.0,566.8
596,1,car,0.6684,1157.0,486.2,1244.5,547.8
596,0,person,0.5271,1149.9,687.3,1181.2,763.8
596,1,car,0.3701,566.6,482.2,650.4,532.4
596,1,car,0.2085,955.4,406.8,1026.4,452.8
596,2,large_vehicle,0.1601,955.4,406.8,1026.4,452.8
596,0,person,0.1557,731.8,471.2,750.5,514.4
596,2,large_vehicle,0.1056,1157.0,486.2,1244.5,547.8
597,1,car,0.6586,1157.0,486.2,1244.4,547.8
597,0,person,0.5561,1149.3,687.2,1181.3,764.3
597,1,car,0.4146,567.3,482.1,650.2,532.4
597,1,car,0.2119,955.5,406.8,1026.5,452.8
597,2,large_vehicle,0.1786,955.5,406.8,1026.5,452.8
597,0,person,0.1617,731.8,471.1,750.6,514.4
597,2,large_vehicle,0.1114,1157.0,486.2,1244.4,547.8
598,1,car,0.6585,1157.0,486.2,1244.4,547.8
598,0,person,0.5382,1149.7,687.2,1181.4,763.9
598,1,car,0.4371,567.2,482.1,650.2,532.4
598,1,car,0.2087,955.6,406.6,1026.5,452.8
598,2,large_vehicle,0.1821,955.6,406.6,1026.5,452.8
598,0,person,0.1574,731.8,471.2,750.5,514.4
598,2,large_vehicle,0.1127,1157.0,486.2,1244.4,547.8
599,1,car,0.7401,1151.8,487.1,1241.5,549.2
599,0,person,0.2430,1150.5,688.3,1181.9,763.5
599,1,car,0.1931,569.5,483.4,650.5,532.4
599,1,car,0.1683,954.8,406.6,1026.2,452.7
599,0,person,0.1662,1146.4,686.5,1184.5,766.8
600,1,car,0.7648,1146.7,489.8,1239.4,550.5
600,1,car,0.2105,955.6,406.8,1027.0,452.8
600,2,large_vehicle,0.1496,955.6,406.8,1027.0,452.8
600,1,car,0.1407,571.9,484.8,650.0,533.2
600,0,person,0.1312,1149.8,687.9,1181.8,764.3
600,0,person,0.1212,1147.5,688.5,1176.0,766.2
601,1,car,0.7656,1146.7,489.8,1239.4,550.5
601,1,car,0.2087,955.6,406.8,1027.0,452.8
601,2,large_vehicle,0.1463,955.6,406.8,1027.0,452.8
601,0,person,0.1451,1149.6,687.9,1181.8,764.5
601,1,car,0.1314,572.0,484.8,650.1,533.2
601,0,person,0.1294,1147.5,688.6,1176.0,766.2
602,1,car,0.7677,1146.7,489.8,1239.7,550.5
602,1,car,0.2048,955.5,407.2,1026.7,452.8
602,2,large_vehicle,0.1450,955.5,407.2,1026.7,452.8
602,0,person,0.1130,1147.7,688.5,1175.8,766.2
602,1,car,0.1128,571.7,484.7,650.0,533.1
602,0,person,0.1105,1149.9,688.0,1181.8,764.2
603,1,car,0.5674,1141.5,490.8,1227.6,553.6
603,0,person,0.1888,1148.9,687.2,1180.9,764.8
603,0,person,0.1811,1147.0,688.1,1175.4,767.3
603,0,person,0.1804,1146.4,685.9,1182.3,767.4
603,1,car,0.1282,955.7,407.2,1026.1,453.0
603,2,large_vehicle,0.1030,955.7,407.2,1026.1,453.0
604,1,car,0.4890,1141.3,490.6,1228.3,553.7
604,0,person,0.1863,1148.9,687.4,1180.9,764.7
604,0,person,0.1818,1146.9,688.3,1175.4,767.3
604,0,person,0.1772,1146.4,686.1,1182.3,767.4
604,1,car,0.1318,955.8,407.2,1026.1,453.0
604,2,large_vehicle,0.1061,955.8,407.2,1026.1,453.0
605,1,car,0.7970,1136.9,493.3,1219.4,554.7
605,0,person,0.3191,1196.8,525.3,1216.2,567.0
605,0,person,0.3118,1148.5,687.1,1180.4,766.7
605,1,car,0.2559,954.8,408.1,1026.3,452.7
605,0,person,0.1791,1144.2,687.0,1179.3,768.4
605,2,large_vehicle,0.1782,954.8,408.1,1026.3,452.7
605,0,person,0.1673,1145.6,687.6,1175.2,770.3
605,0,person,0.1626,1146.1,686.2,1182.2,768.0
605,0,person,0.1445,1146.4,716.4,1170.7,767.8
605,0,person,0.1333,1198.4,524.7,1218.4,567.1
606,1,car,0.7993,1136.9,493.3,1219.3,554.7
606,0,person,0.3314,1197.0,525.4,1216.2,567.0
606,0,person,0.2937,1148.4,687.6,1180.4,766.5
606,1,car,0.2688,954.8,408.1,1026.2,452.7
606,2,large_vehicle,0.1882,954.8,408.1,1026.2,452.7
606,0,person,0.1814,1145.3,687.7,1175.6,770.0
606,0,person,0.1763,1143.7,687.2,1179.4,768.3
606,0,person,0.1570,1198.5,524.8,1218.4,567.2
606,0,person,0.1097,1146.6,716.0,1171.1,767.7
607,1,car,0.7993,1136.9,493.4,1219.1,554.7
607,0,person,0.3497,1196.9,525.4,1216.2,566.9
607,1,car,0.2733,954.8,408.2,1026.1,452.7
607,0,person,0.1868,1151.1,686.9,1180.0,761.2
607,2,large_vehicle,0.1861,954.8,408.2,1026.1,452.7
607,0,person,0.1750,1146.5,715.0,1171.0,767.6
607,0,person,0.1493,1198.4,524.9,1218.3,567.0
607,0,person,0.1319,1148.8,687.9,1180.3,766.3
607,0,person,0.1206,1144.2,686.9,1179.1,768.2
608,1,car,0.5811,1131.5,494.5,1218.0,558.7
608,1,car,0.2713,572.4,482.1,650.4,532.6
608,1,car,0.2394,953.1,406.9,1026.2,452.7
608,2,large_vehicle,0.1417,1131.5,494.5,1218.0,558.7
608,2,large_vehicle,0.1376,953.1,406.9,1026.2,452.7
608,0,person,0.1266,1148.8,688.9,1179.6,763.5
608,0,person,0.1237,1146.0,688.2,1173.6,767.1
608,0,person,0.1201,1143.7,687.5,1177.1,768.6
609,1,car,0.5609,1131.5,494.4,1217.8,558.7
609,1,car,0.2526,572.6,482.2,650.6,532.7
609,1,car,0.2250,953.2,406.6,1026.1,452.7
609,2,large_vehicle,0.1526,1131.5,494.4,1217.8,558.7
609,2,large_vehicle,0.1390,953.2,406.6,1026.1,452.7
609,0,person,0.1227,1143.5,687.5,1176.9,768.4
609,0,person,0.1186,1146.0,688.3,1173.6,766.5
609,0,person,0.1146,1149.0,689.2,1179.7,762.8
610,1,car,0.8482,1126.2,497.9,1209.2,559.1
610,1,car,0.5809,565.1,481.2,650.3,534.9
610,1,car,0.2425,954.2,407.0,1025.7,452.7
610,0,person,0.2147,1145.2,689.4,1170.6,764.1
610,0,person,0.1672,1146.5,688.6,1170.1,755.3
610,2,large_vehicle,0.1585,954.2,407.0,1025.7,452.7
610,0,person,0.1451,1196.0,524.5,1214.5,566.5
611,1,car,0.8483,1126.3,498.0,1209.2,559.1
611,1,car,0.6084,566.0,481.3,650.3,535.0
611,1,car,0.2510,954.4,407.1,1025.8,452.7
611,0,person,0.2079,1145.3,689.4,1170.6,763.7
611,0,person,0.1828,1146.5,688.7,1170.1,755.2
611,2,large_vehicle,0.1657,954.4,407.1,1025.8,452.7
611,0,person,0.1461,1195.9,524.5,1214.5,566.7
612,1,car,0.8479,1126.3,497.9,1209.1,559.1
612,1,car,0.5858,565.5,481.0,650.3,534.9
612,1,car,0.2779,954.6,407.2,1026.1,452.8
612,0,person,0.2076,1145.2,689.3,1170.6,763.8
612,0,person,0.1673,1146.5,688.5,1170.2,755.2
612,2,large_vehicle,0.1613,954.6,407.2,1026.1,452.8
612,0,person,0.1419,1196.0,524.4,1214.6,566.7
613,1,car,0.8172,1121.0,499.2,1211.2,562.4
613,1,car,0.4516,565.3,480.9,650.0,532.4
613,0,person,0.2285,1144.0,690.4,1169.6,767.0
613,1,car,0.1930,954.7,407.1,1026.4,452.8
613,2,large_vehicle,0.1766,954.7,407.1,1026.4,452.8
613,2,large_vehicle,0.1025,565.3,480.9,650.0,532.4
614,1,car,0.8188,1121.0,499.2,1211.3,562.4
614,1,car,0.4497,565.1,480.8,650.0,532.4
614,0,person,0.2266,1144.0,690.4,1169.6,767.0
614,1,car,0.1722,954.7,407.1,1026.0,452.7
614,2,large_vehicle,0.1471,954.7,407.1,1026.0,452.7
615,1,car,0.8439,1115.4,500.4,1211.3,563.5
615,1,car,0.6820,567.3,481.0,650.5,533.1
615,1,car,0.2420,954.5,407.3,1025.5,452.7
615,2,large_vehicle,0.2222,954.5,407.3,1025.5,452.7
615,0,person,0.1521,1142.3,690.9,1169.9,766.8
615,1,car,0.1157,567.4,481.3,650.2,532.7
616,1,car,0.8439,1115.4,500.4,1211.3,563.5
616,1,car,0.6819,567.3,481.0,650.5,533.1
616,1,car,0.2381,954.5,407.2,1025.6,452.7
616,2,large_vehicle,0.2212,954.5,407.2,1025.6,452.7
616,0,person,0.1516,1142.3,690.9,1169.9,766.6
616,1,car,0.1137,567.4,481.3,650.2,532.7
617,1,car,0.8419,1115.4,500.3,1211.3,563.5
617,1,car,0.5723,567.3,481.1,650.4,533.1
617,1,car,0.2472,954.5,407.2,1025.5,452.6
617,2,large_vehicle,0.2358,954.5,407.2,1025.5,452.6
617,1,car,0.1987,567.3,481.3,650.2,532.7
617,0,person,0.1494,1142.3,690.9,1169.9,766.6
618,1,car,0.8192,1110.2,502.3,1200.7,566.1
618,1,car,0.4939,569.3,480.9,650.6,533.6
618,1,car,0.2877,953.4,406.5,1024.8,452.3
618,2,large_vehicle,0.2087,953.4,406.5,1024.8,452.3
618,2,large_vehicle,0.1483,569.3,480.9,650.6,533.6
619,1,car,0.8119,1110.3,502.2,1201.9,566.1
619,1,car,0.5194,569.1,480.9,650.2,533.8
619,1,car,0.2878,953.8,406.3,1025.1,452.4
619,2,large_vehicle,0.2231,953.8,406.3,1025.1,452.4
619,2,large_vehicle,0.1378,569.1,480.9,650.2,533.8
620,1,car,0.8220,1105.0,503.8,1191.2,567.2
620,1,car,0.4109,569.2,480.7,650.5,531.9
620,2,large_vehicle,0.2366,954.9,407.0,1024.4,452.5
620,1,car,0.2079,954.9,407.0,1024.4,452.5
620,2,large_vehicle,0.1155,569.2,480.7,650.5,531.9
620,0,person,0.1084,1141.6,693.3,1170.5,760.9
620,1,car,0.1037,581.4,480.8,652.6,529.5
621,1,car,0.8129,1105.0,503.7,1191.4,567.2
621,1,car,0.4213,569.6,480.4,650.7,531.9
621,2,large_vehicle,0.2423,955.1,407.1,1024.2,452.6
621,1,car,0.2092,955.1,407.1,1024.2,452.6
621,0,person,0.1055,1141.7,693.2,1170.5,761.0
621,1,car,0.1052,581.7,480.6,652.5,529.6
621,2,large_vehicle,0.1021,569.6,480.4,650.7,531.9
622,1,car,0.8149,1105.0,503.9,1191.4,567.2
622,1,car,0.4149,569.0,480.5,650.7,531.9
622,2,large_vehicle,0.2461,955.1,407.1,1024.2,452.6
622,1,car,0.2082,955.1,407.1,1024.2,452.6
622,2,large_vehicle,0.1124,569.0,480.5,650.7,531.9
622,0,person,0.1114,1141.5,693.3,1170.4,761.9
623,1,car,0.8108,1099.3,504.7,1185.5,569.7
623,1,car,0.5268,564.1,480.0,650.3,531.5
623,2,large_vehicle,0.2034,955.0,406.6,1024.3,452.4
623,1,car,0.1881,955.0,406.6,1024.3,452.4
623,0,person,0.1570,1139.9,694.5,1170.1,759.8
623,3,motorcycle,0.1309,1135.6,717.0,1176.8,778.5
623,0,person,0.1269,1134.4,694.4,1167.4,760.0
623,2,large_vehicle,0.1024,564.1,480.0,650.3,531.5
624,1,car,0.8290,1093.7,506.7,1182.1,571.5
624,1,car,0.6677,565.6,480.6,650.8,533.2
624,1,car,0.2025,954.7,407.0,1024.4,452.7
624,2,large_vehicle,0.1921,954.7,407.0,1024.4,452.7
624,0,person,0.1623,1135.4,695.3,1166.6,763.5
624,0,person,0.1144,1196.7,522.9,1215.7,566.1
624,0,person,0.1118,1135.6,725.3,1162.2,779.7
625,1,car,0.8302,1093.7,506.7,1182.1,571.5
625,1,car,0.6698,565.6,480.6,650.8,533.2
625,1,car,0.2083,954.7,407.0,1024.5,452.7
625,2,large_vehicle,0.1980,954.7,407.0,1024.5,452.7
625,0,person,0.1641,1135.5,695.3,1166.5,763.2
625,0,person,0.1216,1196.7,522.9,1215.7,566.2
625,0,person,0.1090,1135.6,725.3,1162.1,779.6
626,1,car,0.8279,1093.7,506.7,1182.2,571.5
626,1,car,0.6665,564.6,480.5,650.7,533.4
626,1,car,0.2078,954.2,406.8,1024.6,452.6
626,2,large_vehicle,0.1869,954.2,406.8,1024.6,452.6
626,0,person,0.1742,1135.5,695.3,1166.5,763.4
626,0,person,0.1215,1135.7,725.4,1162.1,779.6
626,0,person,0.1135,1196.7,523.0,1215.6,566.2
627,1,car,0.7974,1088.4,508.3,1177.2,574.8
627,1,car,0.4516,573.8,479.9,650.5,535.1
627,2,large_vehicle,0.2871,573.8,479.9,650.5,535.1
627,1,car,0.2111,953.3,406.0,1025.2,452.5
627,2,large_vehicle,0.1790,953.3,406.0,1025.2,452.5
627,0,person,0.1782,1135.6,725.0,1160.8,780.4
627,0,person,0.1528,1196.5,519.1,1216.2,565.8
627,0,person,0.1264,1134.5,696.0,1164.9,765.1
628,1,car,0.7961,1088.4,508.1,1177.2,574.8
628,1,car,0.4348,573.8,479.9,650.5,535.0
628,2,large_vehicle,0.3025,573.8,479.9,650.5,535.0
628,2,large_vehicle,0.2092,953.6,406.1,1024.8,452.5
628,1,car,0.1799,953.6,406.1,1024.8,452.5
628,0,person,0.1632,1135.5,725.3,1161.0,780.4
628,0,person,0.1546,1134.2,696.1,1165.4,766.8
628,0,person,0.1487,1196.4,519.2,1216.3,565.8
628,0,person,0.1052,723.9,471.2,741.6,516.6
629,1,car,0.8529,1081.3,509.8,1173.6,575.6
629,1,car,0.5292,575.5,480.0,650.4,533.5
629,0,person,0.4852,723.4,472.2,741.3,516.6
629,1,car,0.2517,954.3,406.6,1025.4,452.6
629,2,large_vehicle,0.1841,954.3,406.6,1025.4,452.6
629,0,person,0.1030,1196.7,519.7,1215.9,565.5
630,1,car,0.8537,1081.3,509.9,1173.5,575.6
630,1,car,0.5332,575.4,480.1,650.3,533.3
630,0,person,0.5240,723.3,472.5,741.0,516.6
630,1,car,0.2471,954.4,406.5,1025.5,452.6
630,2,large_vehicle,0.2020,954.4,406.5,1025.5,452.6
630,0,person,0.1974,1196.8,520.1,1216.0,565.2
631,1,car,0.8533,1081.3,509.9,1173.5,575.6
631,1,car,0.5321,575.3,480.1,650.3,533.2
631,0,person,0.5095,723.4,472.2,741.1,516.5
631,1,car,0.2452,954.4,406.5,1025.3,452.6
631,0,person,0.2150,1196.8,520.4,1216.1,565.2
631,2,large_vehicle,0.1991,954.4,406.5,1025.3,452.6
632,1,car,0.8024,1075.2,510.5,1168.2,578.6
632,0,person,0.4761,723.4,473.0,742.3,516.5
632,1,car,0.3082,561.9,479.3,649.7,545.9
632,0,person,0.2738,1196.9,520.6,1216.2,565.0
632,2,large_vehicle,0.2197,954.8,406.5,1024.3,452.5
632,1,car,0.2091,954.8,406.5,1024.3,452.5
632,3,motorcycle,0.1076,563.4,511.8,604.4,545.5
632,1,car,0.1064,574.3,479.0,649.0,527.8
633,1,car,0.7974,1075.2,510.4,1168.2,578.6
633,0,person,0.4883,723.5,473.1,742.6,516.4
633,1,car,0.3761,562.0,479.2,650.1,545.6
633,0,person,0.3001,1196.9,520.9,1216.2,564.9
633,2,large_vehicle,0.1975,954.5,406.5,1024.3,452.4
633,1,car,0.1974,954.5,406.5,1024.3,452.4
633,3,motorcycle,0.1298,563.5,511.8,603.9,545.5
634,1,car,0.8463,1069.1,514.0,1163.3,579.8
634,0,person,0.5586,722.0,474.2,740.4,516.5
634,0,person,0.3177,1196.8,519.3,1216.2,564.7
634,1,car,0.2786,953.4,406.1,1024.5,452.2
634,2,large_vehicle,0.2256,953.4,406.1,1024.5,452.2
634,1,car,0.1651,568.4,479.8,650.8,529.0
634,1,car,0.1474,573.3,479.7,650.1,527.0
634,3,motorcycle,0.1368,561.1,511.5,601.4,545.3
634,3,motorcycle,0.1318,561.3,512.0,600.0,545.6
634,0,person,0.1243,573.3,504.3,592.9,539.9
635,1,car,0.8473,1069.1,514.0,1163.2,579.8
635,0,person,0.5585,722.0,474.1,740.4,516.4
635,0,person,0.3102,1196.9,520.0,1216.2,564.9
635,1,car,0.3015,953.4,406.5,1024.2,452.1
635,2,large_vehicle,0.2204,953.4,406.5,1024.2,452.1
635,1,car,0.2128,573.8,480.3,650.7,527.4
635,0,person,0.1333,573.4,504.2,592.9,539.9
635,3,motorcycle,0.1307,561.3,511.7,599.7,545.6
635,4,other_vehicle,0.1164,561.3,511.7,599.7,545.6
636,1,car,0.8460,1069.2,514.0,1163.2,579.8
636,0,person,0.5485,722.1,474.3,740.4,516.1
636,0,person,0.2976,1196.9,520.0,1216.3,564.8
636,1,car,0.2467,953.0,406.4,1023.9,452.2
636,2,large_vehicle,0.2187,953.0,406.4,1023.9,452.2
636,1,car,0.1798,568.8,480.0,650.9,528.8
636,3,motorcycle,0.1448,561.3,512.0,599.9,545.6
636,0,person,0.1273,573.3,504.4,593.1,539.8
636,1,car,0.1202,573.3,479.8,650.3,527.1
636,4,other_vehicle,0.1067,561.3,512.0,599.9,545.6
637,1,car,0.8541,1062.5,514.1,1159.0,583.3
637,1,car,0.4845,575.3,479.9,650.5,530.7
637,0,person,0.2998,721.4,474.3,739.4,516.6
637,0,person,0.2730,1196.9,520.6,1216.0,565.1
637,1,car,0.2300,952.0,406.4,1024.8,452.3
637,2,large_vehicle,0.1872,952.0,406.4,1024.8,452.3
638,1,car,0.8545,1062.5,514.1,1158.9,583.3
638,1,car,0.4779,575.4,479.8,650.8,530.7
638,0,person,0.2937,721.4,474.1,739.4,516.6
638,1,car,0.2236,952.2,406.6,1024.9,452.4
638,0,person,0.2186,1196.9,520.0,1216.1,565.0
638,2,large_vehicle,0.2120,952.2,406.6,1024.9,452.4
639,1,car,0.8651,1056.0,517.2,1154.4,584.0
639,1,car,0.5445,571.7,480.3,651.8,530.4
639,0,person,0.2938,721.7,473.6,742.4,517.5
639,2,large_vehicle,0.2374,954.2,406.6,1024.7,452.4
639,0,person,0.2071,1196.8,517.9,1216.5,565.0
639,1,car,0.1839,954.2,406.6,1024.7,452.4
639,0,person,0.1318,1158.3,382.5,1170.5,413.4
640,1,car,0.8653,1056.0,517.2,1154.4,584.0
640,1,car,0.5425,571.6,480.3,651.8,530.4
640,0,person,0.3139,721.6,473.6,742.2,517.5
640,2,large_vehicle,0.2303,954.0,406.5,1024.7,452.3
640,0,person,0.2017,1196.8,517.6,1216.5,565.0
640,1,car,0.1808,954.0,406.5,1024.7,452.3
640,0,person,0.1306,1158.3,382.5,1170.5,413.4
641,1,car,0.8650,1056.0,517.2,1154.4,584.0
641,1,car,0.5753,571.9,480.3,651.3,530.3
641,0,person,0.2695,721.6,473.7,742.2,517.7
641,1,car,0.1848,954.3,406.9,1024.8,452.4
641,2,large_vehicle,0.1750,954.3,406.9,1024.8,452.4
641,0,person,0.1649,1196.9,516.9,1216.6,565.1
642,1,car,0.8867,1049.9,517.7,1150.0,587.4
642,1,car,0.6617,568.7,480.1,651.2,528.6
642,0,person,0.4503,721.1,473.8,741.9,517.0
642,3,motorcycle,0.3226,555.1,515.8,603.8,547.5
642,0,person,0.2985,1197.1,519.0,1216.2,564.7
642,4,other_vehicle,0.2980,555.1,515.8,603.8,547.5
642,0,person,0.1865,1122.9,698.5,1156.6,766.9
642,2,large_vehicle,0.1855,954.3,405.5,1025.0,452.5
642,0,person,0.1394,1131.6,698.7,1156.9,766.5
642,1,car,0.1223,570.3,480.2,651.3,528.3
642,1,car,0.1187,954.3,405.5,1025.0,452.5
642,0,person,0.1053,1123.8,700.0,1156.9,774.8
643,1,car,0.8842,1049.9,517.5,1150.4,587.4
643,1,car,0.6573,568.6,480.0,651.2,528.6
643,0,person,0.4600,721.1,473.7,741.9,516.9
643,3,motorcycle,0.3233,555.1,515.8,603.8,547.5
643,4,other_vehicle,0.2924,555.1,515.8,603.8,547.5
643,0,person,0.2839,1197.1,518.6,1216.3,564.7
643,0,person,0.2012,1122.8,698.5,1157.1,767.0
643,2,large_vehicle,0.1691,954.3,405.5,1025.3,452.5
643,0,person,0.1487,1131.4,698.7,1157.3,766.6
643,1,car,0.1136,954.3,405.5,1025.3,452.5
643,1,car,0.1038,570.3,480.1,651.3,528.3
644,1,car,0.9013,1042.6,520.4,1142.8,590.3
644,1,car,0.6894,569.3,480.3,651.0,530.1
644,0,person,0.3301,1197.2,519.4,1216.1,564.7
644,0,person,0.3038,720.4,473.7,738.1,515.4
644,2,large_vehicle,0.2156,953.6,405.9,1025.8,452.4
644,0,person,0.2090,1123.0,698.8,1156.3,761.7
644,1,car,0.1881,953.6,405.9,1025.8,452.4
644,0,person,0.1531,1130.3,699.0,1156.8,762.6
645,1,car,0.9020,1042.8,520.4,1143.0,590.3
645,1,car,0.6726,569.1,480.2,651.2,530.0
645,0,person,0.2840,720.3,474.2,738.1,515.5
645,0,person,0.2762,1197.1,518.5,1216.3,564.7
645,2,large_vehicle,0.2510,953.6,406.0,1025.9,452.4
645,0,person,0.2053,1122.7,698.7,1156.0,761.0
645,1,car,0.2046,953.6,406.0,1025.9,452.4
645,0,person,0.1358,1130.5,699.1,1156.3,761.8
645,0,person,0.1131,1127.3,729.1,1151.9,780.8
646,1,car,0.9020,1042.8,520.4,1143.1,590.3
646,1,car,0.6715,569.1,480.2,651.2,530.0
646,0,person,0.2877,720.5,473.9,738.1,515.4
646,0,person,0.2753,1197.1,518.2,1216.3,564.7
646,2,large_vehicle,0.2447,953.6,406.0,1026.0,452.4
646,1,car,0.2023,953.6,406.0,1026.0,452.4
646,0,person,0.1973,1122.9,698.8,1156.0,761.9
646,0,person,0.1415,1130.6,699.2,1156.3,762.4
646,0,person,0.1341,1127.3,729.2,1151.9,781.0
647,1,car,0.8936,1036.3,522.1,1136.3,592.1
647,1,car,0.5188,567.5,479.7,650.7,529.9
647,0,person,0.4361,1123.4,699.8,1154.2,758.8
647,0,person,0.3485,720.7,475.3,740.7,516.1
647,0,person,0.2881,1123.5,725.3,1150.7,782.2
647,0,person,0.2481,1197.1,517.2,1216.2,564.8
647,2,large_vehicle,0.1939,952.4,405.7,1025.5,452.4
647,0,person,0.1803,1130.1,700.2,1155.1,760.0
647,1,car,0.1565,952.4,405.7,1025.5,452.4
647,0,person,0.1192,1144.5,725.8,1167.3,770.5
647,2,large_vehicle,0.1019,567.5,479.7,650.7,529.9
648,1,car,0.8982,1028.7,523.2,1134.9,595.2
648,1,car,0.7821,559.9,480.2,651.0,531.4
648,0,person,0.3252,1197.2,514.5,1216.5,564.7
648,0,person,0.3037,1123.8,700.9,1152.7,757.9
648,4,other_vehicle,0.2005,545.6,517.6,586.4,550.0
648,1,car,0.1553,953.8,406.3,1025.7,452.4
648,0,person,0.1227,556.1,504.3,576.4,540.0
648,2,large_vehicle,0.1174,953.8,406.3,1025.7,452.4
648,0,person,0.1146,719.6,474.2,737.7,515.5
648,0,person,0.1083,1121.3,724.2,1151.0,783.2
648,3,motorcycle,0.1042,545.6,517.6,586.4,550.0
649,1,car,0.8983,1028.7,523.2,1134.9,595.2
649,1,car,0.7819,559.8,480.2,651.0,531.4
649,0,person,0.3270,1197.2,514.6,1216.4,564.7
649,0,person,0.3046,1123.9,700.9,1152.6,757.8
649,4,other_vehicle,0.1981,545.6,517.6,586.4,550.0
649,1,car,0.1442,953.9,406.1,1026.1,452.4
649,0,person,0.1198,556.1,504.3,576.4,540.1
649,0,person,0.1087,1121.3,724.2,1151.0,783.2
649,2,large_vehicle,0.1069,953.9,406.1,1026.1,452.4
649,3,motorcycle,0.1010,545.6,517.6,586.4,550.0
650,1,car,0.8979,1028.8,523.2,1134.9,595.2
650,1,car,0.7774,559.5,480.1,651.1,531.5
650,0,person,0.3171,1197.1,513.4,1216.3,564.8
650,0,person,0.2878,1123.9,700.9,1152.8,758.0
650,4,other_vehicle,0.2032,545.7,517.5,586.5,549.9
650,1,car,0.1690,954.0,406.3,1026.2,452.5
650,2,large_vehicle,0.1244,954.0,406.3,1026.2,452.5
650,0,person,0.1208,556.0,504.3,576.5,540.3
650,0,person,0.1088,1121.5,724.1,1150.9,783.1
650,0,person,0.1045,719.9,474.0,737.6,515.4
651,1,car,0.8973,1022.1,525.4,1124.7,597.1
651,1,car,0.7752,562.4,480.2,651.1,533.1
651,0,person,0.3984,556.4,502.4,572.4,536.6
651,0,person,0.3162,1197.3,520.3,1216.3,564.7
651,0,person,0.2572,1125.5,702.3,1151.0,760.7
651,2,large_vehicle,0.1855,953.6,405.7,1025.2,452.5
651,1,car,0.1754,953.6,405.7,1025.2,452.5
651,0,person,0.1434,1131.2,702.6,1153.0,761.2
652,1,car,0.8973,1022.1,525.4,1124.8,597.2
652,1,car,0.7754,562.5,480.2,651.1,533.1
652,0,person,0.3965,556.3,502.5,572.4,536.7
652,0,person,0.3217,1197.4,520.4,1216.2,564.7
652,0,person,0.2362,1125.1,702.4,1151.0,760.3
652,2,large_vehicle,0.1861,953.6,405.8,1025.4,452.5
652,1,car,0.1725,953.6,405.8,1025.4,452.5
652,0,person,0.1401,1131.3,702.7,1153.1,761.1
653,1,car,0.8981,1015.5,526.5,1120.3,600.6
653,1,car,0.7466,554.4,479.4,650.8,532.9
653,0,person,0.4247,1124.3,703.4,1150.2,767.6
653,0,person,0.3210,1197.2,519.6,1216.5,564.9
653,1,car,0.2689,952.9,405.9,1025.5,452.4
653,2,large_vehicle,0.2462,952.9,405.9,1025.5,452.4
653,0,person,0.1795,553.7,502.5,568.4,537.3
653,0,person,0.1660,547.7,503.7,566.0,540.3
653,4,other_vehicle,0.1568,540.3,520.3,575.2,551.7
654,1,car,0.8988,1015.5,526.5,1120.3,600.7
654,1,car,0.7544,553.8,479.5,650.8,532.9
654,0,person,0.4154,1124.4,703.4,1150.2,767.6
654,0,person,0.2982,1197.3,519.1,1216.4,564.7
654,2,large_vehicle,0.2905,952.9,405.8,1025.0,452.4
654,1,car,0.2747,952.9,405.8,1025.0,452.4
654,0,person,0.1785,553.7,502.5,568.4,537.3
654,0,person,0.1676,547.7,503.6,566.1,540.2
654,4,other_vehicle,0.1560,540.1,520.1,575.4,551.7
655,1,car,0.8988,1015.5,526.5,1120.3,600.7
655,1,car,0.7551,553.7,479.5,650.8,533.0
655,0,person,0.4165,1124.4,703.4,1150.2,767.6
655,0,person,0.3012,1197.3,519.2,1216.4,564.7
655,2,large_vehicle,0.2934,952.9,405.8,1024.9,452.4
655,1,car,0.2715,952.9,405.8,1024.9,452.4
655,0,person,0.1794,553.7,502.5,568.4,537.4
655,0,person,0.1707,547.7,503.6,566.1,540.3
655,4,other_vehicle,0.1583,540.1,520.0,575.4,551.8
656,1,car,0.9052,1007.8,529.0,1115.4,603.4
656,1,car,0.6829,552.0,479.1,650.9,533.6
656,0,person,0.3288,1197.2,516.9,1216.7,565.1
656,0,person,0.2961,547.7,503.8,566.5,536.5
656,2,large_vehicle,0.2717,950.9,405.2,1025.3,452.3
656,4,other_vehicle,0.2660,538.5,520.6,578.9,551.3
656,1,car,0.2612,950.9,405.2,1025.3,452.3
656,0,person,0.2163,1122.8,704.8,1149.4,776.6
656,0,person,0.1708,1123.8,706.8,1149.2,780.9
656,0,person,0.1655,1122.1,703.5,1147.6,763.2
656,0,person,0.1403,552.1,503.4,567.7,535.7
656,4,other_vehicle,0.1016,538.9,519.5,580.7,551.2
657,1,car,0.9058,1007.8,528.9,1115.8,603.4
657,1,car,0.7011,551.9,479.1,650.9,533.6
657,0,person,0.3463,1197.3,518.2,1216.7,565.1
657,0,person,0.2792,547.4,503.8,566.5,536.5
657,4,other_vehicle,0.2774,538.5,520.5,579.1,551.4
657,0,person,0.2706,1123.1,704.6,1149.5,775.7
657,2,large_vehicle,0.2681,951.0,405.2,1025.2,452.4
657,1,car,0.2343,951.0,405.2,1025.2,452.4
657,0,person,0.1589,1122.4,703.4,1147.6,763.1
657,0,person,0.1368,552.0,503.3,567.7,535.7
657,0,person,0.1282,1123.9,706.4,1149.2,779.9
658,1,car,0.9032,1000.1,529.6,1108.7,606.1
658,1,car,0.6255,551.2,479.3,650.8,533.0
658,0,person,0.3351,1197.2,516.3,1216.7,565.0
658,0,person,0.3110,1123.1,705.6,1147.9,774.7
658,0,person,0.2729,1156.3,383.2,1167.8,416.2
658,2,large_vehicle,0.2644,953.1,405.3,1025.4,452.5
658,4,other_vehicle,0.2491,535.2,519.8,578.9,552.2
658,1,car,0.2313,953.1,405.3,1025.4,452.5
658,0,person,0.1862,1123.1,704.9,1148.0,773.1
658,0,person,0.1034,1122.9,704.0,1146.4,763.1
659,1,car,0.9029,1000.2,529.6,1108.7,606.1
659,1,car,0.6330,550.9,479.4,650.8,533.0
659,0,person,0.3321,1123.1,705.4,1147.9,775.0
659,0,person,0.3271,1197.2,516.6,1216.7,564.9
659,0,person,0.2667,1156.3,382.9,1167.9,416.1
659,4,other_vehicle,0.2549,535.2,519.7,579.1,552.1
659,2,large_vehicle,0.2390,953.8,405.4,1025.4,452.5
659,1,car,0.2082,953.8,405.4,1025.4,452.5
659,0,person,0.1356,1123.1,704.8,1148.1,773.4
660,1,car,0.9037,1000.2,529.7,1108.8,606.1
660,1,car,0.6627,550.9,479.3,650.7,533.0
660,0,person,0.3463,1123.4,705.5,1147.9,773.8
660,0,person,0.3263,1197.1,518.2,1216.8,564.8
660,4,other_vehicle,0.2635,535.2,519.8,579.0,552.1
660,2,large_vehicle,0.2419,953.9,405.6,1025.0,452.5
660,0,person,0.2276,1156.3,383.1,1167.9,416.1
660,1,car,0.2088,953.9,405.6,1025.0,452.5
660,0,person,0.1250,548.1,504.3,565.5,539.3
660,0,person,0.1017,1123.3,704.9,1148.0,772.6
661,1,car,0.9057,992.6,532.8,1107.6,609.0
661,1,car,0.6773,548.7,478.8,650.7,532.7
661,4,other_vehicle,0.4876,532.3,519.0,577.1,552.8
661,0,person,0.4655,1121.8,705.9,1147.0,776.7
661,0,person,0.3561,1197.2,518.1,1216.9,564.9
661,0,person,0.3241,1156.1,383.5,1167.8,416.1
661,2,large_vehicle,0.2566,953.4,405.8,1025.3,452.5
661,1,car,0.2008,953.4,405.8,1025.3,452.5
661,0,person,0.1171,1122.4,704.4,1145.1,764.8
661,0,person,0.1053,544.8,505.0,563.2,544.0
662,1,car,0.9058,992.6,532.8,1107.6,609.0
662,1,car,0.6762,547.4,478.6,650.6,532.7
662,4,other_vehicle,0.4935,532.6,518.9,577.2,552.7
662,0,person,0.4603,1122.0,705.9,1147.1,776.3
662,0,person,0.3659,1197.1,518.0,1216.9,564.9
662,0,person,0.3363,1156.0,383.6,1167.7,415.9
662,2,large_vehicle,0.2394,953.5,405.9,1025.4,452.5
662,1,car,0.1943,953.5,405.9,1025.4,452.5
662,0,person,0.1141,1122.5,704.4,1145.1,764.7
662,0,person,0.1076,544.9,505.0,563.1,543.9
663,1,car,0.9005,984.7,534.2,1098.2,610.9
663,1,car,0.7629,558.3,479.7,650.8,531.9
663,4,other_vehicle,0.4626,529.3,519.7,574.3,553.1
663,0,person,0.3668,1120.1,706.3,1145.2,775.7
663,0,person,0.3158,1197.2,518.0,1216.8,565.0
663,2,large_vehicle,0.2981,953.7,405.9,1025.1,452.5
663,1,car,0.2195,953.7,405.9,1025.1,452.5
663,0,person,0.1381,543.0,505.0,562.5,537.9
663,0,person,0.1274,1156.0,383.5,1167.1,415.7
664,1,car,0.9003,984.7,534.2,1098.2,610.9
664,1,car,0.7594,558.7,479.7,650.8,532.0
664,4,other_vehicle,0.4608,529.3,519.7,574.3,553.1
664,0,person,0.3581,1120.1,706.2,1145.2,775.7
664,0,person,0.3138,1197.2,518.0,1216.8,565.0
664,2,large_vehicle,0.3037,953.6,405.9,1025.1,452.5
664,1,car,0.2227,953.6,405.9,1025.1,452.5
664,0,person,0.1367,543.0,505.0,562.5,537.9
664,0,person,0.1201,1156.0,383.5,1167.2,415.8
665,1,car,0.8994,984.8,534.2,1098.2,610.9
665,1,car,0.7654,558.9,479.7,650.9,531.9
665,4,other_vehicle,0.4436,529.6,519.9,574.3,553.0
665,0,person,0.3574,1120.0,706.2,1145.2,775.9
665,0,person,0.3210,1197.3,518.6,1216.7,565.0
665,2,large_vehicle,0.2971,953.5,405.9,1025.2,452.5
665,1,car,0.2254,953.5,405.9,1025.2,452.5
665,0,person,0.1389,543.1,505.0,562.5,537.6
665,0,person,0.1199,1155.9,383.3,1167.1,415.6
666,1,car,0.9039,977.6,537.0,1088.6,614.4
666,1,car,0.7647,557.2,479.9,650.9,531.6
666,0,person,0.3948,1155.4,383.9,1167.1,416.1
666,0,person,0.2850,1197.4,519.4,1216.4,565.0
666,2,large_vehicle,0.2609,952.8,406.2,1025.2,452.4
666,1,car,0.2333,952.8,406.2,1025.2,452.4
666,4,other_vehicle,0.1037,526.6,518.0,579.5,554.7
667,1,car,0.9039,977.6,537.0,1088.5,614.4
667,1,car,0.7726,556.4,479.9,650.9,531.6
667,0,person,0.3900,1155.4,383.9,1167.2,416.1
667,0,person,0.2874,1197.3,519.2,1216.5,565.0
667,2,large_vehicle,0.2616,952.7,406.2,1025.3,452.4
667,1,car,0.2320,952.7,406.2,1025.3,452.4
667,4,other_vehicle,0.1324,526.4,517.8,581.1,554.5
668,1,car,0.8969,969.5,538.0,1085.0,617.3
668,1,car,0.7504,548.2,480.0,650.7,532.1
668,0,person,0.2689,1197.2,517.3,1216.6,564.7
668,1,car,0.2106,953.8,406.3,1025.0,452.3
668,2,large_vehicle,0.2058,953.8,406.3,1025.0,452.3
668,0,person,0.1755,1155.2,383.9,1166.8,415.7
668,0,person,0.1310,1118.4,707.4,1144.9,780.6
669,1,car,0.8974,969.5,538.0,1085.1,617.3
669,1,car,0.7355,549.6,480.0,650.6,532.1
669,0,person,0.2638,1197.1,517.5,1216.5,564.8
669,0,person,0.2329,1117.7,707.2,1144.5,782.7
669,1,car,0.2192,953.9,406.2,1025.2,452.4
669,2,large_vehicle,0.2155,953.9,406.2,1025.2,452.4
669,0,person,0.1241,1155.1,383.6,1166.5,415.4
669,0,person,0.1108,1116.8,708.4,1141.5,784.2
670,1,car,0.8972,969.5,538.0,1085.0,617.3
670,1,car,0.7392,549.7,480.1,650.6,532.1
670,0,person,0.2692,1197.0,517.1,1216.6,564.8
670,0,person,0.2545,1117.8,707.0,1144.6,782.7
670,1,car,0.2194,953.9,406.2,1025.2,452.4
670,2,large_vehicle,0.2175,953.9,406.2,1025.2,452.4
670,0,person,0.1490,1155.2,383.4,1166.6,415.4
671,1,car,0.9077,960.9,541.1,1078.8,618.9
671,1,car,0.7541,556.0,479.7,650.7,531.7
671,0,person,0.3524,1116.5,706.5,1145.5,784.8
671,0,person,0.3228,1197.0,516.3,1216.8,564.3
671,0,person,0.3095,1115.8,707.7,1142.2,786.9
671,4,other_vehicle,0.2540,521.6,521.6,562.3,556.4
671,2,large_vehicle,0.2437,953.5,406.1,1025.4,452.4
671,0,person,0.2333,1154.7,383.7,1166.5,415.6
671,1,car,0.2140,953.5,406.1,1025.4,452.4
671,0,person,0.1968,535.7,502.4,553.8,546.3
671,0,person,0.1439,717.3,473.9,733.8,516.4
671,0,person,0.1111,1120.5,705.0,1145.4,763.5
672,1,car,0.9135,952.5,542.7,1068.7,622.2
672,1,car,0.7989,561.6,480.4,651.4,531.7
672,0,person,0.4094,1197.0,514.7,1216.8,564.9
672,0,person,0.3585,1120.1,705.7,1145.3,758.9
672,2,large_vehicle,0.2943,953.5,405.8,1025.0,452.3
672,0,person,0.2425,717.1,472.6,733.9,516.2
672,0,person,0.2309,532.1,503.2,550.5,546.0
672,0,person,0.2246,1154.3,383.4,1166.5,415.6
672,1,car,0.2084,953.5,405.8,1025.0,452.3
672,4,other_vehicle,0.1790,519.3,524.2,560.5,556.2
672,0,person,0.1253,1118.8,706.1,1146.6,769.0
672,0,person,0.1215,1117.3,706.3,1141.7,771.1
673,1,car,0.9137,952.5,542.7,1068.7,622.2
673,1,car,0.8066,561.4,480.3,651.5,531.7
673,0,person,0.4170,1197.0,514.2,1216.9,564.8
673,0,person,0.3489,1120.1,705.7,1145.3,759.0
673,2,large_vehicle,0.2922,953.5,405.7,1025.1,452.3
673,0,person,0.2400,717.0,472.6,733.9,516.1
673,0,person,0.2264,532.0,503.2,550.5,546.1
673,0,person,0.2165,1154.4,383.4,1166.5,415.6
673,1,car,0.2073,953.5,405.7,1025.1,452.3
673,4,other_vehicle,0.1739,519.3,524.2,560.6,556.2
673,0,person,0.1386,1118.8,706.1,1146.6,769.1
673,0,person,0.1215,1117.3,706.3,1141.7,771.2
674,1,car,0.9131,952.5,542.7,1068.8,622.2
674,1,car,0.8035,561.4,480.4,651.5,531.7
674,0,person,0.3973,1197.0,514.2,1216.8,564.9
674,0,person,0.3445,1120.1,705.7,1145.3,759.0
674,2,large_vehicle,0.2888,953.1,406.1,1025.2,452.3
674,0,person,0.2517,717.1,472.6,733.9,516.1
674,1,car,0.2367,953.1,406.1,1025.2,452.3
674,0,person,0.2323,532.2,503.3,550.5,545.8
674,0,person,0.1872,1154.3,383.3,1166.4,415.4
674,4,other_vehicle,0.1865,519.4,524.3,560.6,556.1
674,0,person,0.1452,1118.7,706.0,1146.6,769.0
674,0,person,0.1244,1117.3,706.3,1141.7,771.0
675,1,car,0.9046,945.0,545.6,1062.6,625.8
675,1,car,0.7364,562.2,480.6,651.2,531.8
675,0,person,0.3258,1196.7,510.1,1217.0,565.2
675,2,large_vehicle,0.2591,952.7,406.0,1024.7,452.4
675,0,person,0.2178,1115.4,708.8,1140.9,781.6
675,1,car,0.2095,952.7,406.0,1024.7,452.4
675,4,other_vehicle,0.1982,515.9,516.1,579.9,556.2
675,0,person,0.1717,529.6,506.1,548.3,545.6
675,0,person,0.1621,525.7,505.8,545.9,543.9
675,0,person,0.1520,1117.3,706.9,1145.0,772.2
675,0,person,0.1394,1154.2,384.1,1166.1,415.5
675,4,other_vehicle,0.1378,515.8,515.3,580.4,557.1
675,0,person,0.1165,717.1,473.7,734.0,515.8
675,2,large_vehicle,0.1124,562.2,480.6,651.2,531.8
676,1,car,0.9057,945.0,545.6,1061.7,625.9
676,1,car,0.7281,562.1,480.5,651.1,531.8
676,0,person,0.3651,1196.8,511.7,1217.0,565.0
676,2,large_vehicle,0.2577,952.7,406.0,1024.7,452.3
676,0,person,0.2376,1115.6,708.9,1140.7,778.5
676,4,other_vehicle,0.2093,515.9,516.1,579.9,556.2
676,1,car,0.2084,952.7,406.0,1024.7,452.3
676,0,person,0.1708,529.7,506.1,548.3,545.4
676,0,person,0.1609,525.7,505.8,545.8,543.7
676,0,person,0.1505,1154.2,384.1,1166.1,415.6
676,4,other_vehicle,0.1371,515.8,515.4,580.4,557.1
676,0,person,0.1300,1117.3,706.9,1145.0,771.3
676,2,large_vehicle,0.1202,562.1,480.5,651.1,531.8
676,0,person,0.1029,717.2,473.5,733.7,515.8
677,1,car,0.9016,936.7,547.3,1055.4,628.1
677,1,car,0.7313,562.2,480.3,651.1,531.9
677,0,person,0.3905,1196.6,511.6,1217.3,565.2
677,0,person,0.3675,1113.9,709.6,1139.5,785.5
677,4,other_vehicle,0.3438,512.9,523.9,555.0,558.0
677,0,person,0.3063,524.5,504.8,545.7,546.9
677,0,person,0.2533,1153.7,384.1,1165.9,415.9
677,1,car,0.2273,953.8,406.1,1025.4,452.5
677,2,large_vehicle,0.2093,953.8,406.1,1025.4,452.5
677,0,person,0.1666,717.1,473.5,733.7,516.1
677,3,motorcycle,0.1194,512.9,523.9,555.0,558.0
678,1,car,0.9016,936.7,547.3,1056.3,628.1
678,1,car,0.7553,561.4,480.2,651.1,531.9
678,0,person,0.4319,1113.8,709.1,1139.7,785.7
678,0,person,0.4132,1196.6,511.1,1217.3,565.2
678,4,other_vehicle,0.3233,512.8,524.0,554.7,557.9
678,0,person,0.2969,524.4,504.7,545.5,546.9
678,2,large_vehicle,0.2249,953.7,405.9,1025.6,452.5
678,1,car,0.2168,953.7,405.9,1025.6,452.5
678,0,person,0.1905,717.1,473.5,733.8,516.2
678,0,person,0.1125,1153.7,384.3,1165.9,415.8
678,3,motorcycle,0.1080,512.8,524.0,554.7,557.9
679,1,car,0.9017,936.7,547.3,1056.1,628.1
679,1,car,0.7553,561.6,480.2,651.1,531.9
679,0,person,0.4140,1196.6,511.3,1217.3,565.2
679,0,person,0.4035,1113.9,709.2,1139.8,785.8
679,4,other_vehicle,0.3395,512.8,523.9,554.8,558.1
679,0,person,0.3013,524.4,504.7,545.6,546.9
679,0,person,0.2884,1153.6,384.2,1166.1,416.1
679,2,large_vehicle,0.2268,953.7,405.9,1025.5,452.5
679,0,person,0.2197,717.0,473.6,733.8,516.2
679,1,car,0.2179,953.7,405.9,1025.5,452.5
679,3,motorcycle,0.1074,512.8,523.9,554.8,558.1
680,1,car,0.8957,928.3,549.6,1052.9,630.3
680,1,car,0.7653,561.2,479.8,650.8,532.1
680,4,other_vehicle,0.5984,512.1,523.4,550.4,557.2
680,0,person,0.4677,522.1,505.2,543.4,545.9
680,0,person,0.4296,1196.9,511.0,1217.0,564.2
680,2,large_vehicle,0.2960,953.6,405.7,1025.0,452.4
680,0,person,0.2177,1112.2,711.8,1137.4,784.9
680,0,person,0.2023,1152.9,384.5,1165.6,415.6
680,0,person,0.1997,717.0,473.3,733.4,516.2
680,1,car,0.1992,953.6,405.7,1025.0,452.4
681,1,car,0.8962,928.3,549.6,1053.1,630.3
681,1,car,0.7782,561.8,479.9,650.9,532.1
681,4,other_vehicle,0.6019,512.2,523.3,550.3,557.2
681,0,person,0.4819,522.0,505.0,543.4,545.5
681,0,person,0.3820,1196.9,513.1,1217.0,564.4
681,2,large_vehicle,0.2873,953.3,405.8,1025.1,452.4
681,1,car,0.2065,953.3,405.8,1025.1,452.4
681,0,person,0.1904,1152.9,384.4,1165.7,415.6
681,0,person,0.1793,1111.9,712.0,1137.2,784.9
681,0,person,0.1499,717.0,473.0,733.4,516.1
682,1,car,0.9066,919.1,552.0,1041.1,633.8
682,1,car,0.7902,562.5,480.3,651.4,532.1
682,0,person,0.5470,519.8,505.1,539.9,547.9
682,0,person,0.4091,1152.4,384.0,1165.1,415.8
682,4,other_vehicle,0.3814,510.2,525.5,548.1,557.4
682,0,person,0.3710,1197.0,514.0,1217.0,564.5
682,2,large_vehicle,0.3284,953.0,405.7,1024.9,452.2
682,0,person,0.2253,716.7,472.9,733.1,515.8
682,1,car,0.2066,953.0,405.7,1024.9,452.2
682,0,person,0.1091,1111.0,711.2,1137.1,782.3
683,1,car,0.9065,919.1,552.0,1041.1,633.9
683,1,car,0.7868,562.5,480.5,651.4,532.1
683,0,person,0.5504,519.8,505.1,540.0,548.1
683,4,other_vehicle,0.3882,510.2,525.5,547.9,557.3
683,0,person,0.3611,1196.9,514.3,1217.1,564.6
683,0,person,0.3560,1152.3,384.1,1165.1,415.8
683,2,large_vehicle,0.3476,953.1,405.9,1024.7,452.2
683,0,person,0.2262,716.8,473.0,733.1,515.8
683,1,car,0.2057,953.1,405.9,1024.7,452.2
683,0,person,0.1226,1111.3,711.4,1137.1,780.7
684,1,car,0.9065,919.1,552.0,1041.1,633.9
684,1,car,0.7748,563.3,480.4,651.3,532.1
684,0,person,0.5448,519.8,505.3,540.0,548.0
684,4,other_vehicle,0.4057,510.2,525.6,548.3,557.3
684,2,large_vehicle,0.3560,953.3,405.7,1025.1,452.2
684,0,person,0.2848,1196.9,514.7,1217.1,564.5
684,0,person,0.2723,1152.3,384.0,1165.0,415.7
684,0,person,0.2580,716.8,473.5,733.1,515.9
684,1,car,0.2062,953.3,405.7,1025.1,452.2
685,1,car,0.9119,908.9,555.1,1033.4,636.9
685,1,car,0.7438,561.8,479.8,650.7,532.1
685,0,person,0.3555,1152.0,383.8,1164.9,415.8
685,2,large_vehicle,0.2957,950.9,405.7,1024.8,452.2
685,0,person,0.2728,1106.1,714.4,1136.0,794.0
685,0,person,0.2709,1196.8,516.3,1217.1,564.6
685,1,car,0.2517,950.9,405.7,1024.8,452.2
685,0,person,0.2191,517.8,505.8,537.1,546.4
685,0,person,0.1461,515.2,504.8,533.3,544.6
685,0,person,0.1403,1197.8,515.8,1219.7,565.1
686,1,car,0.9119,908.8,555.1,1033.3,636.9
686,1,car,0.7464,561.5,479.8,650.7,532.1
686,0,person,0.3278,1105.9,713.9,1136.4,794.0
686,2,large_vehicle,0.3202,951.3,405.8,1025.0,452.2
686,0,person,0.2867,1196.7,514.6,1217.2,564.6
686,0,person,0.2687,1151.9,383.9,1164.6,415.7
686,1,car,0.2353,951.3,405.8,1025.0,452.2
686,0,person,0.2061,517.9,505.9,537.0,546.1
686,0,person,0.1307,515.3,504.8,533.2,544.2
687,1,car,0.9156,900.0,556.5,1026.8,638.6
687,1,car,0.7820,560.5,480.0,651.2,532.1
687,0,person,0.5114,1105.6,713.3,1135.5,793.4
687,0,person,0.3431,1196.7,512.2,1217.3,564.4
687,2,large_vehicle,0.2840,953.4,406.1,1025.2,452.3
687,0,person,0.2816,1151.3,384.3,1164.4,416.3
687,0,person,0.2127,513.6,506.8,533.6,553.6
687,1,car,0.2011,953.4,406.1,1025.2,452.3
687,0,person,0.1127,1197.7,511.1,1220.0,564.7
688,1,car,0.9156,900.0,556.5,1026.8,638.6
688,1,car,0.7826,560.5,480.0,651.2,532.1
688,0,person,0.5014,1105.6,713.4,1135.6,793.3
688,0,person,0.3345,1196.7,512.5,1217.3,564.5
688,2,large_vehicle,0.2814,953.5,406.2,1025.1,452.3
688,0,person,0.2791,1151.3,384.3,1164.3,416.3
688,0,person,0.2123,513.7,506.8,533.6,553.6
688,1,car,0.2000,953.5,406.2,1025.1,452.3
688,0,person,0.1266,1197.6,511.4,1220.0,564.9
689,1,car,0.9154,900.1,556.5,1026.6,638.6
689,1,car,0.7769,560.2,480.1,651.2,532.1
689,0,person,0.4743,1106.1,713.4,1135.5,792.7
689,0,person,0.3577,1196.6,512.0,1217.4,564.6
689,0,person,0.3177,1151.2,384.2,1164.4,416.4
689,2,large_vehicle,0.2550,953.3,406.4,1025.3,452.3
689,1,car,0.2264,953.3,406.4,1025.3,452.3
689,0,person,0.2032,513.7,506.9,533.6,553.6
690,1,car,0.9158,889.9,559.9,1016.1,642.6
690,1,car,0.7880,562.9,480.4,651.2,532.1
690,0,person,0.3732,1150.9,383.8,1164.4,416.4
690,0,person,0.2950,1105.9,714.4,1134.3,792.0
690,2,large_vehicle,0.2815,953.4,405.7,1025.1,452.4
690,0,person,0.2564,1196.8,514.7,1217.1,564.4
690,0,person,0.2518,1197.7,513.2,1220.1,564.8
690,0,person,0.2380,511.4,513.1,533.1,556.8
690,4,other_vehicle,0.1501,501.4,530.8,538.5,559.8
690,1,car,0.1276,953.4,405.7,1025.1,452.4
690,0,person,0.1037,1104.6,716.2,1129.8,793.6
691,1,car,0.9165,890.0,559.9,1016.1,642.6
691,1,car,0.7881,562.9,480.4,651.2,532.1
691,0,person,0.4242,1150.8,383.8,1164.3,416.6
691,0,person,0.3764,1105.7,714.9,1133.6,791.9
691,2,large_vehicle,0.2774,953.4,405.7,1025.1,452.4
691,0,person,0.2661,1196.8,514.7,1217.1,564.4
691,0,person,0.2443,1197.7,513.2,1220.1,564.9
691,0,person,0.2301,511.4,513.1,533.1,556.8
691,4,other_vehicle,0.1394,501.5,530.9,538.5,559.8
691,1,car,0.1290,953.4,405.7,1025.1,452.4
692,1,car,0.9178,881.1,561.6,1008.8,645.1
692,1,car,0.8177,561.5,480.5,651.8,532.1
692,0,person,0.3604,1105.4,713.7,1133.5,789.5
692,0,person,0.3131,1150.5,383.6,1164.1,416.6
692,2,large_vehicle,0.2881,952.5,405.6,1024.9,452.2
692,1,car,0.2294,952.5,405.6,1024.9,452.2
692,0,person,0.2104,1196.7,515.0,1217.0,564.6
692,0,person,0.1933,1197.6,513.4,1220.2,565.0
692,0,person,0.1673,510.0,503.7,529.2,544.8
692,0,person,0.1462,716.0,472.7,732.5,516.4
692,4,other_vehicle,0.1203,499.3,527.7,539.4,559.1
693,1,car,0.9176,881.1,561.5,1008.8,645.1
693,1,car,0.8120,561.7,480.3,651.8,532.2
693,0,person,0.3362,1105.5,713.6,1133.5,789.1
693,2,large_vehicle,0.3020,952.5,405.6,1024.8,452.2
693,0,person,0.2267,1150.5,383.2,1164.0,416.4
693,0,person,0.2061,1196.7,514.5,1217.0,564.6
693,1,car,0.1955,952.5,405.6,1024.8,452.2
693,0,person,0.1749,510.0,503.6,529.3,544.7
693,0,person,0.1626,716.0,472.8,732.5,516.2
693,0,person,0.1463,1197.6,512.9,1220.2,565.0
693,4,other_vehicle,0.1233,499.0,527.6,539.5,559.1
693,0,person,0.1202,1104.8,714.2,1129.8,790.6
694,1,car,0.9176,881.1,561.5,1008.8,645.1
694,1,car,0.8117,561.7,480.3,651.8,532.2
694,0,person,0.3394,1105.6,713.7,1133.2,788.6
694,2,large_vehicle,0.2996,952.5,405.6,1024.8,452.2
694,0,person,0.2669,1150.5,383.4,1164.0,416.3
694,0,person,0.2042,1196.7,514.5,1217.0,564.6
694,1,car,0.1975,952.5,405.6,1024.8,452.2
694,0,person,0.1677,510.0,503.6,529.2,544.7
694,0,person,0.1527,716.0,472.8,732.6,516.5
694,0,person,0.1410,1197.6,512.9,1220.2,565.0
694,4,other_vehicle,0.1157,499.0,527.7,539.6,559.1
694,0,person,0.1013,1104.9,714.3,1129.8,790.0
695,1,car,0.9130,871.6,563.0,999.9,647.8
695,1,car,0.7701,559.9,479.4,651.0,532.1
695,0,person,0.3497,1104.3,714.3,1128.7,791.2
695,0,person,0.3415,1150.0,382.9,1163.8,416.7
695,0,person,0.2529,1196.2,503.1,1217.6,563.7
695,2,large_vehicle,0.2337,950.3,405.0,1024.4,452.3
695,1,car,0.1916,950.3,405.0,1024.4,452.3
695,0,person,0.1500,1196.7,515.6,1217.2,564.4
696,1,car,0.9067,863.0,565.5,991.5,653.6
696,1,car,0.7835,558.4,480.4,651.0,532.1
696,0,person,0.4646,1149.8,382.4,1163.5,416.5
696,0,person,0.3607,1103.2,714.2,1129.3,796.4
696,2,large_vehicle,0.2494,953.6,406.0,1025.3,452.4
696,0,person,0.2129,1196.4,511.8,1216.8,564.3
696,1,car,0.1993,953.6,406.0,1025.3,452.4
696,0,person,0.1850,1196.0,503.6,1217.2,563.8
697,1,car,0.9069,863.0,565.5,991.4,653.6
697,1,car,0.7827,558.5,480.4,650.9,532.1
697,0,person,0.4583,1149.9,382.4,1163.5,416.5
697,0,person,0.3611,1103.2,714.2,1129.3,796.5
697,0,person,0.2655,1196.0,503.6,1217.2,563.8
697,2,large_vehicle,0.2555,953.7,406.1,1025.4,452.4
697,1,car,0.2068,953.7,406.1,1025.4,452.4
697,0,person,0.1511,1196.4,511.5,1216.8,564.2
698,1,car,0.9066,863.0,565.5,991.5,653.6
698,1,car,0.7698,558.4,480.3,650.9,532.1
698,0,person,0.4539,1149.9,382.6,1163.5,416.5
698,0,person,0.3259,1103.2,714.1,1129.3,796.4
698,0,person,0.2454,1196.4,511.5,1216.8,564.2
698,2,large_vehicle,0.2052,953.6,406.0,1025.2,452.3
698,1,car,0.1820,953.6,406.0,1025.2,452.3
698,0,person,0.1542,1196.0,503.5,1217.2,563.8
699,1,car,0.8987,853.2,567.9,983.6,656.4
699,1,car,0.7329,561.4,479.9,651.0,532.3
699,2,large_vehicle,0.2721,953.4,405.8,1025.1,452.3
699,0,person,0.1734,1196.5,516.1,1217.1,564.9
699,0,person,0.1644,715.3,473.2,731.1,516.7
699,0,person,0.1542,1149.4,382.9,1162.5,416.5
699,1,car,0.1438,953.4,405.8,1025.1,452.3
699,0,person,0.1220,1197.2,514.2,1220.5,565.3
699,2,large_vehicle,0.1006,561.4,479.9,651.0,532.3
700,1,car,0.8977,853.2,567.8,983.6,656.5
700,1,car,0.7351,561.3,479.8,651.0,532.3
700,2,large_vehicle,0.2660,953.3,405.9,1025.2,452.4
700,0,person,0.1750,1196.5,516.2,1217.1,565.1
700,0,person,0.1671,715.3,473.2,731.1,516.7
700,0,person,0.1512,1149.4,382.8,1162.5,416.6
700,1,car,0.1469,953.3,405.9,1025.2,452.4
700,0,person,0.1082,1197.2,514.3,1220.5,565.4
701,1,car,0.9000,840.6,570.9,975.1,659.7
701,1,car,0.7808,559.8,480.0,651.7,532.2
701,0,person,0.3908,1149.2,382.8,1162.7,416.9
701,0,person,0.3229,715.0,473.4,730.7,515.3
701,2,large_vehicle,0.2936,951.7,405.5,1025.4,452.2
701,4,other_vehicle,0.2760,488.3,528.9,528.3,558.6
701,1,car,0.2533,951.7,405.5,1025.4,452.2
701,4,other_vehicle,0.1615,488.7,532.4,528.4,559.7
701,0,person,0.1409,501.6,514.6,519.9,551.7
702,1,car,0.8992,840.6,570.9,975.2,659.7
702,1,car,0.7925,558.0,479.8,651.5,532.2
702,0,person,0.3579,1149.1,382.6,1162.6,417.0
702,2,large_vehicle,0.2965,951.8,405.4,1025.3,452.2
702,0,person,0.2914,715.0,473.6,730.7,515.4
702,4,other_vehicle,0.2724,488.3,528.9,528.3,558.7
702,1,car,0.2307,951.8,405.4,1025.3,452.2
702,4,other_vehicle,0.1867,488.7,532.4,528.4,559.7
702,0,person,0.1446,501.6,515.5,520.0,551.8
703,1,car,0.8988,840.6,570.9,975.2,659.7
703,1,car,0.7976,558.5,479.8,651.5,532.2
703,0,person,0.2966,715.0,473.5,730.7,515.3
703,2,large_vehicle,0.2948,951.9,405.4,1025.3,452.2
703,4,other_vehicle,0.2710,488.3,528.9,528.3,558.7
703,0,person,0.2679,1149.1,382.5,1162.4,416.9
703,1,car,0.2349,951.9,405.4,1025.3,452.2
703,4,other_vehicle,0.1766,488.7,532.4,528.4,559.8
703,0,person,0.1489,501.7,515.4,520.0,551.8
704,1,car,0.9133,830.2,574.3,966.0,662.3
704,1,car,0.7318,557.6,479.0,651.0,532.2
704,0,person,0.4273,1196.1,517.3,1216.5,565.4
704,0,person,0.4161,1148.9,382.9,1162.3,417.2
704,0,person,0.3743,1098.7,721.2,1123.3,797.5
704,4,other_vehicle,0.2946,485.4,531.9,525.8,561.0
704,2,large_vehicle,0.2726,950.7,405.7,1024.4,452.2
704,0,person,0.2526,499.3,514.1,517.3,553.7
704,0,person,0.2353,714.8,474.6,731.4,516.7
704,1,car,0.2254,950.7,405.7,1024.4,452.2
704,2,large_vehicle,0.1300,557.6,479.0,651.0,532.2
705,1,car,0.9131,830.0,574.3,965.8,662.3
705,1,car,0.7156,557.7,478.8,651.1,532.2
705,0,person,0.4170,1196.1,517.5,1216.5,565.4
705,0,person,0.4069,1149.0,382.9,1162.3,417.1
705,0,person,0.2907,1098.6,720.8,1123.3,797.6
705,4,other_vehicle,0.2705,485.0,531.9,525.7,560.9
705,2,large_vehicle,0.2629,950.6,405.5,1024.0,452.3
705,0,person,0.2458,714.9,474.9,731.4,516.8
705,0,person,0.2433,499.4,514.2,517.3,553.7
705,1,car,0.2065,950.6,405.5,1024.0,452.3
705,2,large_vehicle,0.1473,557.7,478.8,651.1,532.2
706,1,car,0.9213,821.0,575.1,955.9,665.9
706,1,car,0.7694,559.7,480.1,651.2,532.1
706,0,person,0.6468,1093.9,720.7,1123.5,798.7
706,0,person,0.4368,1148.8,383.9,1161.8,417.3
706,0,person,0.3254,713.9,474.9,730.4,517.4
706,2,large_vehicle,0.2270,954.0,406.0,1025.1,452.3
706,1,car,0.1822,954.0,406.0,1025.1,452.3
706,0,person,0.1698,498.0,516.7,514.4,551.7
706,0,person,0.1673,1196.1,523.8,1215.7,565.4
707,1,car,0.9212,821.0,575.2,956.0,665.9
707,1,car,0.7563,560.5,480.2,651.0,532.1
707,0,person,0.6273,1093.9,720.7,1123.6,798.9
707,0,person,0.4452,1148.8,383.9,1161.8,417.3
707,0,person,0.3274,714.0,475.0,730.4,517.4
707,2,large_vehicle,0.2269,953.5,406.2,1025.0,452.3
707,1,car,0.1897,953.5,406.2,1025.0,452.3
707,0,person,0.1769,498.1,516.7,514.2,551.3
707,0,person,0.1760,1196.0,523.7,1215.9,565.4
707,0,person,0.1056,1197.0,524.0,1221.1,565.6
708,1,car,0.9216,821.0,575.1,955.9,665.9
708,1,car,0.7501,561.2,480.0,651.0,532.1
708,0,person,0.6966,1094.1,720.7,1123.3,799.0
708,0,person,0.4542,1148.7,383.9,1161.8,417.6
708,0,person,0.3153,714.0,475.2,730.4,517.4
708,2,large_vehicle,0.2407,953.8,406.3,1024.7,452.3
708,1,car,0.1947,953.8,406.3,1024.7,452.3
708,0,person,0.1832,498.0,516.8,514.3,551.4
708,0,person,0.1750,1196.1,523.9,1215.8,565.4
708,2,large_vehicle,0.1013,561.2,480.0,651.0,532.1
709,1,car,0.9238,812.9,577.3,945.1,669.0
709,1,car,0.7288,560.1,479.5,650.9,532.3
709,4,other_vehicle,0.5148,476.4,530.8,519.6,561.3
709,0,person,0.2978,1095.5,721.0,1121.2,799.1
709,0,person,0.2553,492.2,517.4,509.9,555.2
709,0,person,0.2427,1196.9,524.1,1215.1,564.8
709,2,large_vehicle,0.2417,952.5,406.1,1024.7,452.3
709,0,person,0.2055,1148.5,383.5,1161.0,417.6
709,0,person,0.1836,1198.1,523.7,1218.8,564.3
709,1,car,0.1726,952.5,406.1,1024.7,452.3
709,0,person,0.1467,495.7,517.7,514.0,554.0
709,2,large_vehicle,0.1162,560.1,479.5,650.9,532.3
710,1,car,0.9237,812.8,577.3,945.1,669.0
710,1,car,0.7299,558.4,479.3,650.8,532.3
710,4,other_vehicle,0.5147,475.9,530.6,519.6,561.3
710,0,person,0.3345,1095.3,720.9,1121.2,799.1
710,0,person,0.2546,492.1,516.8,510.0,555.2
710,0,person,0.2323,1196.8,524.2,1215.0,564.8
710,2,large_vehicle,0.2065,953.3,406.3,1024.8,452.3
710,0,person,0.1838,1148.5,383.7,1161.0,417.7
710,1,car,0.1669,953.3,406.3,1024.8,452.3
710,0,person,0.1522,1198.0,523.6,1218.8,564.3
710,0,person,0.1408,495.7,517.3,513.9,553.8
710,2,large_vehicle,0.1149,558.4,479.3,650.8,532.3
711,1,car,0.9216,801.2,580.3,936.6,672.7
711,1,car,0.7742,558.2,479.5,651.3,532.2
711,4,other_vehicle,0.4804,476.3,530.1,517.8,563.3
711,0,person,0.3832,490.3,517.9,506.8,553.5
711,2,large_vehicle,0.3550,1180.0,442.5,1328.9,540.9
711,0,person,0.2814,713.6,476.0,730.6,518.3
711,2,large_vehicle,0.2445,952.8,405.8,1024.9,452.1
711,0,person,0.2366,1147.9,384.1,1160.7,417.7
711,1,car,0.1892,952.8,405.8,1024.9,452.1
711,4,other_vehicle,0.1275,476.9,526.9,517.1,556.0
712,1,car,0.9217,801.2,580.3,936.6,672.7
712,1,car,0.7764,558.1,479.5,651.4,532.2
712,4,other_vehicle,0.4826,476.3,530.1,517.8,563.4
712,0,person,0.3835,490.3,517.9,506.8,553.5
712,2,large_vehicle,0.3555,1180.1,442.4,1328.9,540.9
712,0,person,0.2890,713.6,476.0,730.6,518.2
712,2,large_vehicle,0.2506,952.8,405.7,1024.9,452.2
712,0,person,0.2374,1147.9,384.0,1160.7,417.7
712,1,car,0.1927,952.8,405.7,1024.9,452.2
712,4,other_vehicle,0.1245,477.0,526.8,517.1,556.0
713,1,car,0.9210,801.2,580.3,936.5,672.7
713,1,car,0.7785,559.1,479.7,651.3,532.1
713,4,other_vehicle,0.4834,476.4,530.1,517.8,563.3
713,0,person,0.3832,490.3,517.9,506.7,553.3
713,0,person,0.2853,713.6,475.9,730.5,518.3
713,2,large_vehicle,0.2658,1180.0,442.7,1328.9,540.9
713,2,large_vehicle,0.2537,952.8,406.2,1025.0,452.1
713,0,person,0.2430,1147.9,384.1,1160.7,417.7
713,1,car,0.2242,952.8,406.2,1025.0,452.1
713,4,other_vehicle,0.1374,477.0,526.9,517.1,556.0
713,2,large_vehicle,0.1150,1179.8,442.0,1332.7,541.1
714,1,car,0.9101,791.2,582.3,926.5,676.4
714,1,car,0.7664,559.8,479.3,651.1,532.1
714,4,other_vehicle,0.4825,474.5,533.6,516.7,563.7
714,0,person,0.3501,485.9,521.1,504.6,559.7
714,2,large_vehicle,0.3124,1175.1,434.4,1309.0,539.1
714,1,car,0.2559,950.7,405.7,1024.7,452.1
714,0,person,0.2386,480.5,521.1,503.4,558.5
714,2,large_vehicle,0.2370,950.7,405.7,1024.7,452.1
714,0,person,0.1340,1147.8,384.0,1160.5,417.5
714,0,person,0.1244,1196.6,514.7,1213.0,563.7
714,0,person,0.1183,713.1,475.7,728.9,518.1
715,1,car,0.9098,791.1,582.3,926.2,676.4
715,1,car,0.7602,559.9,479.4,651.1,532.1
715,4,other_vehicle,0.4410,474.4,533.5,516.9,563.7
715,0,person,0.3459,485.8,521.1,504.6,559.6
715,2,large_vehicle,0.3254,1175.0,433.3,1313.4,539.3
715,1,car,0.2516,950.6,405.7,1024.7,452.2
715,0,person,0.2403,480.4,521.1,503.4,558.6
715,2,large_vehicle,0.2309,950.6,405.7,1024.7,452.2
715,0,person,0.1321,1147.7,384.2,1160.4,417.6
715,0,person,0.1136,713.1,475.6,729.0,518.1
715,0,person,0.1128,1196.6,514.9,1212.9,563.8
716,1,car,0.9126,781.0,587.3,918.6,679.1
716,1,car,0.7563,560.2,480.0,650.8,532.2
716,0,person,0.4100,480.7,520.9,500.6,557.4
716,4,other_vehicle,0.3912,473.3,534.2,512.8,563.1
716,2,large_vehicle,0.2912,1169.7,433.1,1335.9,544.8
716,0,person,0.2871,484.9,520.9,502.7,557.3
716,2,large_vehicle,0.2451,953.9,406.2,1026.2,452.3
716,1,car,0.2206,953.9,406.2,1026.2,452.3
716,0,person,0.1630,1196.8,514.5,1213.2,564.0
716,0,person,0.1594,712.4,475.3,728.3,518.2
717,1,car,0.9130,781.0,587.2,918.7,679.1
717,1,car,0.7769,561.1,480.2,650.9,532.2
717,0,person,0.4153,480.7,520.9,500.6,557.5
717,4,other_vehicle,0.3574,473.3,533.9,513.2,563.1
717,2,large_vehicle,0.3093,1169.7,432.9,1335.4,545.2
717,0,person,0.2910,484.8,520.9,502.8,557.5
717,2,large_vehicle,0.2402,954.2,406.0,1026.1,452.4
717,1,car,0.1892,954.2,406.0,1026.1,452.4
717,0,person,0.1605,1196.8,514.4,1213.2,563.9
717,0,person,0.1523,712.3,475.0,728.3,518.4
718,1,car,0.9130,781.0,587.2,918.7,679.1
718,1,car,0.7741,561.0,480.1,650.9,532.2
718,4,other_vehicle,0.4510,473.2,534.1,512.9,563.1
718,0,person,0.4151,480.7,520.9,500.5,557.5
718,2,large_vehicle,0.3021,1169.7,432.3,1334.8,545.2
718,0,person,0.2931,484.8,521.0,502.7,557.4
718,2,large_vehicle,0.2418,954.2,406.0,1026.1,452.4
718,1,car,0.1868,954.2,406.0,1026.1,452.4
718,0,person,0.1581,1196.8,514.3,1213.2,563.6
718,0,person,0.1572,712.3,474.8,728.3,518.3
719,1,car,0.9102,769.1,589.6,911.1,681.9
719,1,car,0.7574,559.1,478.8,650.9,532.4
719,2,large_vehicle,0.6806,1164.8,431.7,1324.5,543.7
719,0,person,0.6013,1193.2,514.8,1212.3,563.1
719,4,other_vehicle,0.3524,471.2,531.0,510.9,563.9
719,1,car,0.2304,953.1,405.9,1026.1,452.4
719,0,person,0.1956,478.8,520.2,499.1,559.8
719,0,person,0.1805,1087.4,724.3,1115.9,801.0
719,2,large_vehicle,0.1787,953.1,405.9,1026.1,452.4
719,0,person,0.1558,484.5,521.1,502.3,559.6
719,0,person,0.1378,1147.0,383.8,1160.3,418.2
720,1,car,0.9197,758.5,591.8,900.5,685.1
720,1,car,0.7846,559.0,479.7,651.3,532.2
720,2,large_vehicle,0.6805,1159.0,434.0,1331.1,546.9
720,4,other_vehicle,0.5909,468.9,535.4,507.9,564.5
720,0,person,0.5816,1081.2,724.1,1115.1,803.1
720,0,person,0.4090,479.8,521.6,498.3,560.0
720,0,person,0.2949,1146.7,384.4,1160.2,418.0
720,2,large_vehicle,0.2463,951.9,405.5,1026.0,452.2
720,1,car,0.2430,951.9,405.5,1026.0,452.2
720,0,person,0.1256,1195.5,514.2,1212.6,563.3
720,0,person,0.1116,482.5,520.8,502.5,559.0
721,1,car,0.9198,758.4,591.8,900.5,685.1
721,1,car,0.7874,559.2,479.8,651.3,532.2
721,2,large_vehicle,0.6795,1159.0,434.3,1331.1,546.9
721,4,other_vehicle,0.5911,468.9,535.5,507.9,564.5
721,0,person,0.5838,1081.2,724.1,1115.1,803.1
721,0,person,0.4097,479.8,521.6,498.3,560.0
721,0,person,0.2955,1146.7,384.4,1160.2,418.1
721,2,large_vehicle,0.2489,951.9,405.6,1025.9,452.2
721,1,car,0.2453,951.9,405.6,1025.9,452.2
721,0,person,0.1266,1195.5,514.2,1212.6,563.3
721,0,person,0.1120,482.5,520.8,502.5,559.0
722,1,car,0.9194,758.5,591.8,900.6,685.1
722,1,car,0.7858,559.2,479.8,651.2,532.2
722,2,large_vehicle,0.6857,1159.1,435.6,1332.3,546.8
722,4,other_vehicle,0.5942,468.9,535.5,507.8,564.5
722,0,person,0.5711,1081.2,724.0,1115.1,803.1
722,0,person,0.4108,479.8,521.6,498.3,559.9
722,1,car,0.2703,952.0,406.0,1025.8,452.1
722,0,person,0.2685,1146.7,384.5,1160.1,418.0
722,2,large_vehicle,0.2181,952.0,406.0,1025.8,452.1
722,0,person,0.1301,1195.6,514.3,1212.6,563.3
722,0,person,0.1112,482.6,520.8,502.5,558.9
723,1,car,0.9205,747.2,595.1,888.2,687.9
723,1,car,0.7653,559.1,479.2,650.7,532.2
723,0,person,0.6211,1080.3,724.5,1111.8,804.0
723,2,large_vehicle,0.5809,1154.1,436.7,1330.0,549.3
723,4,other_vehicle,0.4367,464.6,535.6,504.9,565.0
723,0,person,0.3313,478.7,521.1,495.7,558.3
723,1,car,0.2639,951.9,406.5,1025.3,452.2
723,2,large_vehicle,0.2243,951.9,406.5,1025.3,452.2
723,0,person,0.1915,1194.8,514.6,1212.1,562.3
724,1,car,0.9205,747.2,595.1,888.2,687.7
724,1,car,0.7682,559.1,479.2,650.7,532.1
724,0,person,0.6456,1080.4,724.5,1111.5,803.8
724,2,large_vehicle,0.6101,1154.1,436.5,1329.5,549.2
724,4,other_vehicle,0.4343,464.6,535.6,504.9,565.0
724,0,person,0.3327,478.7,521.0,495.7,558.2
724,1,car,0.2738,951.8,406.4,1025.1,452.2
724,2,large_vehicle,0.2261,951.8,406.4,1025.1,452.2
724,0,person,0.1933,1194.9,514.6,1212.1,562.4
725,1,car,0.9236,736.2,597.8,879.5,690.3
725,1,car,0.7520,558.9,479.3,650.8,532.4
725,2,large_vehicle,0.6221,1148.4,434.6,1334.0,552.3
725,0,person,0.5007,1079.8,724.4,1110.7,804.0
725,4,other_vehicle,0.2988,462.8,536.3,502.2,565.6
725,0,person,0.2785,476.3,520.6,492.5,558.7
725,1,car,0.2437,954.5,406.8,1025.1,452.4
725,2,large_vehicle,0.1577,954.5,406.8,1025.1,452.4
726,1,car,0.9235,736.2,597.8,879.5,690.3
726,1,car,0.7707,559.2,479.4,650.8,532.4
726,2,large_vehicle,0.6631,1148.4,434.3,1333.2,552.2
726,0,person,0.5360,1079.7,724.5,1110.7,804.0
726,4,other_vehicle,0.2873,462.7,536.0,502.2,565.6
726,0,person,0.2734,476.4,520.5,492.5,558.4
726,1,car,0.2347,954.4,406.8,1025.0,452.4
726,2,large_vehicle,0.1577,954.4,406.8,1025.0,452.4
727,1,car,0.9234,736.2,597.8,879.5,690.3
727,1,car,0.7676,559.2,479.4,650.8,532.4
727,2,large_vehicle,0.6473,1148.4,434.8,1333.0,552.2
727,0,person,0.5173,1079.7,724.4,1110.7,804.0
727,4,other_vehicle,0.2865,462.6,535.9,502.2,565.6
727,0,person,0.2746,476.4,520.5,492.5,558.4
727,1,car,0.2278,954.4,406.7,1025.0,452.4
727,2,large_vehicle,0.1590,954.4,406.7,1025.0,452.4
728,1,car,0.9272,724.9,601.8,868.1,694.2
728,1,car,0.7453,560.8,479.4,650.5,532.4
728,2,large_vehicle,0.6540,1144.1,441.0,1338.9,554.2
728,0,person,0.6204,1080.9,724.5,1108.4,804.8
728,2,large_vehicle,0.2449,954.0,407.3,1025.2,452.5
728,1,car,0.1968,954.0,407.3,1025.2,452.5
728,4,other_vehicle,0.1658,460.9,533.8,498.5,565.2
728,0,person,0.1390,1144.6,384.7,1157.5,418.0
728,0,person,0.1204,475.0,522.1,490.4,551.9
729,1,car,0.9277,724.9,601.8,868.1,694.2
729,1,car,0.7537,561.9,479.5,650.6,532.3
729,2,large_vehicle,0.6393,1144.1,440.7,1339.4,554.4
729,0,person,0.5907,1080.8,724.7,1108.3,804.8
729,2,large_vehicle,0.2471,953.6,407.0,1024.7,452.4
729,4,other_vehicle,0.1934,461.1,534.1,498.7,565.2
729,1,car,0.1785,953.6,407.0,1024.7,452.4
729,0,person,0.1285,475.0,522.2,490.6,552.1
729,0,person,0.1269,1144.5,384.7,1157.5,418.1
729,0,person,0.1026,1198.1,516.9,1213.6,562.9
730,1,car,0.9192,713.1,603.5,859.2,697.9
730,1,car,0.7732,558.2,479.1,651.4,532.4
730,0,person,0.7278,1080.5,724.9,1107.0,805.7
730,2,large_vehicle,0.6763,1135.8,439.3,1340.4,558.5
730,4,other_vehicle,0.2734,458.8,534.4,497.0,564.4
730,1,car,0.2266,952.8,406.4,1024.7,452.3
730,2,large_vehicle,0.2239,952.8,406.4,1024.7,452.3
730,0,person,0.1377,1197.9,516.5,1214.0,564.0
730,0,person,0.1175,469.6,517.2,487.4,557.5
731,1,car,0.9192,713.2,603.4,859.1,697.9
731,1,car,0.7890,559.6,479.4,651.6,532.3
731,0,person,0.7293,1080.5,725.0,1106.9,805.8
731,2,large_vehicle,0.6705,1135.9,440.0,1340.1,558.4
731,4,other_vehicle,0.2643,458.9,534.5,496.9,564.4
731,1,car,0.2421,952.6,406.4,1024.6,452.2
731,2,large_vehicle,0.2174,952.6,406.4,1024.6,452.2
731,0,person,0.1237,1197.9,516.6,1214.0,563.9
731,0,person,0.1148,469.8,517.7,487.3,557.4
732,1,car,0.9192,713.1,603.4,859.2,697.9
732,1,car,0.7787,558.7,479.1,651.8,532.3
732,0,person,0.7272,1080.4,725.0,1107.0,805.8
732,2,large_vehicle,0.6814,1136.0,440.7,1340.4,558.1
732,4,other_vehicle,0.3068,458.8,534.5,497.2,564.3
732,1,car,0.2435,952.8,406.3,1024.7,452.2
732,2,large_vehicle,0.2285,952.8,406.3,1024.7,452.2
732,0,person,0.1332,1198.0,516.8,1214.0,564.1
732,0,person,0.1292,469.5,518.0,487.5,557.9
733,1,car,0.9216,702.9,606.9,847.2,701.6
733,1,car,0.7285,559.2,479.0,651.4,532.3
733,2,large_vehicle,0.4841,1132.5,450.8,1319.4,559.9
733,0,person,0.4378,1080.1,724.5,1104.4,806.0
733,1,car,0.2365,951.8,406.6,1024.8,452.3
733,2,large_vehicle,0.1731,951.8,406.6,1024.8,452.3
733,4,other_vehicle,0.1576,454.7,531.1,495.6,564.8
733,2,large_vehicle,0.1114,559.2,479.0,651.4,532.3
733,0,person,0.1100,467.4,517.1,484.0,557.9
734,1,car,0.9215,702.9,606.9,847.2,701.6
734,1,car,0.7193,558.6,478.8,651.4,532.3
734,2,large_vehicle,0.5091,1132.4,451.5,1319.2,560.0
734,0,person,0.4361,1080.1,724.5,1104.4,806.0
734,1,car,0.2407,951.6,406.4,1024.4,452.2
734,2,large_vehicle,0.2098,951.6,406.4,1024.4,452.2
734,4,other_vehicle,0.1649,454.7,531.2,495.6,564.9
734,2,large_vehicle,0.1148,558.6,478.8,651.4,532.3
734,0,person,0.1094,467.4,517.4,484.0,557.9
735,1,car,0.9208,689.5,608.9,837.0,704.1
735,1,car,0.7375,560.5,479.5,651.3,532.3
735,0,person,0.5756,1079.3,725.3,1103.9,806.2
735,2,large_vehicle,0.3337,1125.5,448.7,1342.0,560.6
735,1,car,0.1777,953.8,406.7,1024.4,452.3
735,2,large_vehicle,0.1627,953.8,406.7,1024.4,452.3
735,0,person,0.1568,710.0,475.6,725.3,517.4
735,0,person,0.1392,464.6,521.9,481.9,564.9
736,1,car,0.9208,689.5,608.9,837.0,704.1
736,1,car,0.7339,560.5,479.4,651.3,532.3
736,0,person,0.5734,1079.3,725.3,1103.9,806.2
736,2,large_vehicle,0.3253,1125.5,448.8,1342.0,560.6
736,1,car,0.1741,953.8,406.7,1024.4,452.3
736,2,large_vehicle,0.1658,953.8,406.7,1024.4,452.3
736,0,person,0.1539,710.0,475.5,725.3,517.4
736,0,person,0.1391,464.5,521.9,481.9,564.9
737,1,car,0.9209,689.5,608.9,837.0,704.0
737,1,car,0.7254,559.4,479.4,651.3,532.2
737,0,person,0.5723,1079.5,725.3,1103.9,805.9
737,2,large_vehicle,0.3936,1125.6,448.4,1342.0,560.7
737,0,person,0.1929,710.0,475.6,725.3,517.3
737,1,car,0.1893,953.8,406.7,1024.1,452.3
737,2,large_vehicle,0.1653,953.8,406.7,1024.1,452.3
737,0,person,0.1527,464.5,522.0,481.9,564.9
738,1,car,0.9221,679.2,610.8,826.4,707.5
738,1,car,0.7230,558.9,478.6,651.4,532.4
738,0,person,0.6002,1078.4,726.8,1102.0,801.1
738,0,person,0.3786,709.0,476.6,725.2,518.9
738,4,other_vehicle,0.3699,449.2,536.0,494.2,569.2
738,0,person,0.2000,461.6,524.2,481.2,567.2
738,0,person,0.1480,459.5,522.7,478.1,563.0
738,2,large_vehicle,0.1466,1120.6,449.5,1342.0,562.8
738,2,large_vehicle,0.1227,954.6,406.9,1024.6,452.5
738,0,person,0.1171,463.2,523.5,481.1,564.3
738,0,person,0.1117,458.5,524.0,478.8,566.6
738,1,car,0.1066,954.6,406.9,1024.6,452.5
739,1,car,0.9226,679.2,610.7,826.5,707.6
739,1,car,0.7194,558.9,478.5,651.5,532.4
739,0,person,0.5901,1078.3,726.7,1101.9,801.3
739,4,other_vehicle,0.4032,449.3,536.1,494.4,569.2
739,0,person,0.3681,709.0,476.1,725.3,518.8
739,0,person,0.1949,461.6,524.2,481.3,567.2
739,0,person,0.1517,459.4,522.7,478.2,563.1
739,2,large_vehicle,0.1457,1120.7,449.7,1342.0,562.8
739,2,large_vehicle,0.1263,954.5,406.9,1024.6,452.5
739,0,person,0.1235,463.1,523.5,481.2,564.3
739,1,car,0.1127,954.5,406.9,1024.6,452.5
739,0,person,0.1071,458.5,524.1,478.8,566.6
740,1,car,0.9243,666.4,614.2,816.1,710.8
740,1,car,0.7763,558.7,479.2,651.4,532.3
740,0,person,0.6811,1076.7,728.2,1100.5,795.0
740,0,person,0.5001,708.2,478.0,726.3,518.0
740,4,other_vehicle,0.2993,446.9,533.1,488.3,568.7
740,0,person,0.2799,1143.4,385.9,1155.4,417.9
740,4,other_vehicle,0.2051,447.1,538.1,488.1,570.1
740,0,person,0.1812,457.9,523.7,477.3,567.9
740,2,large_vehicle,0.1696,953.7,407.1,1024.6,452.3
740,0,person,0.1677,459.4,522.0,476.5,563.2
740,1,car,0.1527,953.7,407.1,1024.6,452.3
740,0,person,0.1112,461.7,523.7,481.5,566.3
741,1,car,0.9242,666.3,614.2,816.1,710.8
741,1,car,0.7770,558.9,479.4,651.5,532.3
741,0,person,0.6850,1076.7,728.2,1101.3,795.0
741,0,person,0.5017,708.2,478.1,725.7,518.1
741,0,person,0.2764,1143.4,386.0,1155.4,417.9
741,4,other_vehicle,0.2714,446.8,533.1,488.3,568.6
741,4,other_vehicle,0.2097,447.0,538.1,488.2,570.2
741,2,large_vehicle,0.1975,953.9,407.1,1024.8,452.3
741,0,person,0.1766,457.9,523.6,477.4,567.9
741,0,person,0.1642,459.3,521.9,476.5,563.3
741,1,car,0.1522,953.9,407.1,1024.8,452.3
741,0,person,0.1146,461.7,523.6,481.7,566.2
742,1,car,0.9242,666.3,614.2,816.1,710.8
742,1,car,0.7779,558.9,479.4,651.5,532.3
742,0,person,0.6861,1076.7,728.2,1101.3,794.9
742,0,person,0.4999,708.2,478.2,726.0,518.1
742,0,person,0.3066,1143.4,386.0,1155.5,418.1
742,4,other_vehicle,0.2744,446.8,533.1,488.3,568.6
742,4,other_vehicle,0.2097,447.0,538.1,488.2,570.1
742,2,large_vehicle,0.1935,953.9,407.0,1024.7,452.3
742,0,person,0.1755,457.9,523.6,477.4,567.9
742,0,person,0.1653,459.3,521.9,476.5,563.2
742,1,car,0.1462,953.9,407.0,1024.7,452.3
742,0,person,0.1130,461.7,523.6,481.7,566.2
743,1,car,0.9232,655.1,615.0,803.6,712.8
743,1,car,0.6867,557.5,478.2,651.4,532.1
743,0,person,0.6564,1072.9,728.0,1099.6,805.5
743,0,person,0.4094,708.0,476.9,725.6,517.8
743,4,other_vehicle,0.3739,443.8,532.8,485.5,569.3
743,0,person,0.3665,1143.1,386.2,1155.3,418.5
743,0,person,0.2101,456.7,522.6,475.1,561.7
743,2,large_vehicle,0.1979,952.5,406.7,1024.5,452.2
743,2,large_vehicle,0.1951,1107.5,457.0,1268.5,569.2
743,1,car,0.1658,952.5,406.7,1024.5,452.2
743,0,person,0.1400,707.1,477.0,722.4,517.5
743,2,large_vehicle,0.1320,557.5,478.2,651.4,532.1
743,0,person,0.1227,454.3,523.6,475.7,567.7
744,1,car,0.9247,644.4,617.8,793.0,716.1
744,1,car,0.7321,560.4,479.4,651.3,532.3
744,2,large_vehicle,0.5897,1103.0,454.1,1248.7,573.9
744,0,person,0.4924,706.8,477.2,725.6,519.3
744,0,person,0.4304,1142.6,386.9,1154.7,418.1
744,0,person,0.2276,1066.4,728.4,1098.1,812.7
744,0,person,0.1999,1069.7,730.1,1096.3,811.4
744,0,person,0.1632,454.7,524.0,474.4,565.0
744,0,person,0.1324,1071.4,729.3,1098.0,806.8
744,0,person,0.1219,705.7,477.0,723.2,519.0
744,0,person,0.1147,1066.7,757.9,1093.5,812.5
744,2,large_vehicle,0.1125,954.1,407.3,1024.9,452.4
744,0,person,0.1116,1074.0,728.9,1097.7,796.6
744,0,person,0.1066,1126.8,392.7,1138.4,419.4
744,1,car,0.1028,954.1,407.3,1024.9,452.4
745,1,car,0.9248,644.3,617.8,792.9,716.1
745,1,car,0.7361,560.4,479.5,651.3,532.3
745,2,large_vehicle,0.5854,1103.0,454.1,1248.5,573.9
745,0,person,0.4916,706.9,477.2,725.6,519.3
745,0,person,0.4163,1142.6,386.9,1154.7,418.0
745,0,person,0.2265,1066.4,728.4,1098.1,812.7
745,0,person,0.1940,1069.7,730.1,1096.3,811.4
745,0,person,0.1660,454.7,523.9,474.3,565.0
745,0,person,0.1318,1071.3,729.3,1098.0,806.8
745,0,person,0.1248,705.8,477.0,723.2,519.0
745,0,person,0.1147,1066.7,757.9,1093.5,812.5
745,0,person,0.1127,1074.0,728.9,1097.7,796.6
745,2,large_vehicle,0.1112,954.1,407.2,1024.9,452.4
745,1,car,0.1047,954.1,407.2,1024.9,452.4
746,1,car,0.9249,644.4,617.8,792.9,716.1
746,1,car,0.7405,560.3,479.5,651.2,532.3
746,2,large_vehicle,0.5780,1103.0,454.2,1247.7,573.8
746,0,person,0.4627,707.0,477.5,725.4,519.4
746,0,person,0.4056,1142.6,386.9,1154.7,418.0
746,0,person,0.4026,1070.0,730.1,1095.9,811.0
746,0,person,0.1947,705.9,477.2,723.2,519.1
746,0,person,0.1664,454.8,524.0,474.3,564.8
747,1,car,0.9178,632.1,622.3,781.8,719.4
747,1,car,0.7579,558.6,479.0,651.3,532.3
747,0,person,0.7161,1066.1,731.2,1097.1,812.0
747,4,other_vehicle,0.6915,439.0,536.6,480.5,569.2
747,2,large_vehicle,0.5521,1097.0,452.4,1259.8,573.7
747,0,person,0.3667,706.4,477.5,725.5,518.6
747,0,person,0.2786,451.8,524.7,469.7,561.2
747,0,person,0.2696,705.5,477.8,722.9,518.3
747,0,person,0.2002,448.5,523.7,467.5,561.1
747,0,person,0.1959,1142.2,386.4,1154.5,418.4
747,2,large_vehicle,0.1049,954.6,407.3,1025.4,452.5
748,1,car,0.9300,632.0,622.3,781.8,719.6
748,1,car,0.7533,558.3,478.9,651.3,532.3
748,4,other_vehicle,0.6950,438.9,536.6,480.5,569.2
748,0,person,0.6875,1065.7,730.7,1097.1,812.6
748,2,large_vehicle,0.5559,1097.0,452.6,1259.3,573.6
748,0,person,0.3802,706.4,477.6,725.5,518.6
748,0,person,0.3560,1142.1,385.5,1154.9,418.9
748,0,person,0.2802,451.8,524.7,469.7,561.2
748,0,person,0.2617,705.5,477.9,722.9,518.4
748,0,person,0.2026,448.5,523.7,467.5,561.1
748,0,person,0.1844,1197.4,515.9,1215.6,564.9
748,2,large_vehicle,0.1200,1095.9,452.7,1275.6,573.6
748,2,large_vehicle,0.1073,954.5,407.3,1025.5,452.4
749,1,car,0.9217,620.5,624.0,771.0,723.3
749,1,car,0.7851,558.1,479.3,651.5,532.2
749,0,person,0.6535,1068.8,732.3,1094.4,808.7
749,0,person,0.5076,705.5,476.9,722.7,518.6
749,2,large_vehicle,0.4670,1089.7,455.4,1249.6,578.2
749,4,other_vehicle,0.3653,437.5,536.1,482.1,569.0
749,0,person,0.2865,1141.6,386.4,1153.6,418.0
749,2,large_vehicle,0.1717,953.9,407.4,1025.1,452.2
749,1,car,0.1305,953.9,407.4,1025.1,452.2
749,2,large_vehicle,0.1112,1092.7,448.8,1336.7,575.2
750,1,car,0.9223,620.5,624.2,771.2,723.3
750,0,person,0.7864,1067.0,732.1,1097.8,810.6
750,1,car,0.7379,556.3,478.6,651.3,532.2
750,0,person,0.5513,705.6,476.6,722.8,518.7
750,4,other_vehicle,0.5178,437.7,537.0,481.3,568.6
750,2,large_vehicle,0.4088,1089.0,456.2,1243.2,576.4
750,0,person,0.3802,1141.9,386.2,1154.1,418.2
750,2,large_vehicle,0.1676,1097.0,450.9,1333.8,569.5
750,0,person,0.1675,447.2,519.9,467.0,558.3
750,2,large_vehicle,0.1531,954.0,407.0,1024.9,452.2
750,0,person,0.1019,450.5,527.6,469.9,564.8
751,1,car,0.9228,620.5,624.2,771.2,723.3
751,0,person,0.7829,1067.1,732.2,1097.8,810.4
751,1,car,0.7761,558.2,479.0,651.5,532.2
751,0,person,0.5618,705.7,476.7,722.8,518.6
751,4,other_vehicle,0.5267,437.7,536.8,481.6,568.5
751,2,large_vehicle,0.4322,1088.9,456.1,1244.3,576.5
751,0,person,0.3946,1141.8,386.2,1154.0,418.2
751,0,person,0.1916,447.0,519.9,467.1,558.3
751,2,large_vehicle,0.1438,954.1,406.5,1025.0,452.1
751,2,large_vehicle,0.1364,1097.9,451.5,1333.1,569.5
752,1,car,0.9257,608.3,626.4,759.6,724.8
752,0,person,0.7398,1065.8,732.4,1095.1,811.1
752,1,car,0.7235,556.4,478.7,651.2,532.1
752,2,large_vehicle,0.6024,1083.8,457.8,1231.9,577.9
752,0,person,0.4055,705.1,475.0,722.8,519.3
752,4,other_vehicle,0.2980,434.3,534.7,473.5,569.2
752,0,person,0.2899,1141.3,386.0,1153.5,418.1
752,4,other_vehicle,0.2185,434.8,539.5,475.3,570.4
752,0,person,0.1909,445.9,518.9,465.9,561.7
752,2,large_vehicle,0.1738,953.2,406.4,1025.4,452.1
752,0,person,0.1169,448.7,525.9,470.2,566.0
752,1,car,0.1032,953.2,406.4,1025.4,452.1
752,0,person,0.1004,446.0,524.2,466.3,567.9
753,1,car,0.9255,608.3,626.4,759.6,724.8
753,0,person,0.7429,1065.7,732.5,1095.3,811.3
753,1,car,0.7272,557.4,479.1,651.3,532.1
753,2,large_vehicle,0.6227,1083.9,457.7,1231.9,577.9
753,0,person,0.4168,705.1,475.1,722.8,519.3
753,0,person,0.2666,1141.2,386.1,1153.3,417.9
753,4,other_vehicle,0.2644,434.3,534.4,473.6,568.9
753,4,other_vehicle,0.1996,434.8,539.5,475.3,570.4
753,2,large_vehicle,0.1813,952.8,406.4,1025.3,452.2
753,0,person,0.1754,445.9,519.2,465.8,561.6
753,0,person,0.1246,448.7,525.9,470.2,565.9
753,1,car,0.1115,952.8,406.4,1025.3,452.2
753,0,person,0.1075,446.1,524.4,466.3,567.7
754,1,car,0.9095,596.4,630.1,747.8,728.1
754,0,person,0.7467,1064.2,733.0,1095.2,812.1
754,1,car,0.7414,560.8,480.0,651.7,532.1
754,2,large_vehicle,0.7223,1076.6,461.8,1206.6,579.7
754,0,person,0.5993,704.2,475.5,723.3,518.8
754,4,other_vehicle,0.5444,432.8,537.2,472.1,570.3
754,0,person,0.1711,444.0,522.6,461.5,560.1
754,2,large_vehicle,0.1507,955.0,406.4,1024.7,452.2
754,0,person,0.1277,1140.8,385.8,1152.9,418.0
754,0,person,0.1031,442.6,525.2,461.4,566.7
755,1,car,0.9094,596.4,630.1,747.8,728.1
755,0,person,0.7466,1064.3,732.9,1095.3,811.3
755,1,car,0.7424,560.9,480.1,651.7,532.1
755,2,large_vehicle,0.7221,1076.6,461.8,1206.5,579.7
755,0,person,0.6024,704.1,475.5,723.3,518.8
755,4,other_vehicle,0.5454,432.7,537.2,472.2,570.4
755,0,person,0.1698,443.9,522.6,461.5,560.1
755,2,large_vehicle,0.1431,955.0,406.3,1024.7,452.2
755,0,person,0.1301,1140.8,385.8,1152.9,418.0
755,0,person,0.1022,442.6,525.2,461.4,566.7
756,1,car,0.9088,596.4,630.1,747.8,728.1
756,0,person,0.7411,1064.2,733.0,1095.6,811.7
756,1,car,0.7320,560.5,480.1,651.7,532.1
756,2,large_vehicle,0.7083,1076.7,461.8,1206.6,579.6
756,0,person,0.5947,704.1,475.5,723.2,518.8
756,4,other_vehicle,0.5161,432.9,537.4,472.2,570.2
756,0,person,0.1498,444.2,522.9,461.6,560.1
756,0,person,0.1333,442.8,525.3,461.5,566.7
756,2,large_vehicle,0.1014,955.5,406.5,1024.2,452.2
757,1,car,0.9239,585.1,632.1,736.9,730.0
757,1,car,0.7700,558.8,479.7,651.4,532.2
757,0,person,0.7046,1064.3,733.5,1091.3,810.8
757,4,other_vehicle,0.5949,430.7,535.7,468.0,569.2
757,0,person,0.3688,705.1,475.9,721.6,518.7
757,2,large_vehicle,0.3328,1069.5,462.1,1201.5,582.7
757,0,person,0.2556,441.4,525.2,459.7,558.0
757,0,person,0.2401,1140.6,386.1,1152.2,417.7
757,2,large_vehicle,0.1667,954.5,406.7,1024.7,452.3
757,0,person,0.1217,437.4,524.8,457.1,558.1
757,0,person,0.1129,440.9,527.0,459.6,563.0
758,1,car,0.9247,585.2,632.3,736.9,730.1
758,1,car,0.7704,558.7,479.7,651.4,532.2
758,4,other_vehicle,0.5768,430.8,535.6,468.0,569.1
758,0,person,0.5454,1062.1,733.6,1091.9,816.2
758,0,person,0.3633,705.1,475.9,721.7,518.7
758,0,person,0.3043,1064.1,733.3,1091.3,812.1
758,2,large_vehicle,0.2743,1069.8,462.7,1198.3,581.6
758,0,person,0.2667,1140.6,386.1,1152.4,417.9
758,0,person,0.2454,441.4,525.2,459.7,558.0
758,2,large_vehicle,0.1976,1069.5,462.3,1200.9,582.7
758,2,large_vehicle,0.1541,954.5,406.7,1024.8,452.3
758,0,person,0.1197,437.4,524.7,457.1,558.1
758,0,person,0.1176,440.9,527.0,459.7,562.9
759,1,car,0.9249,573.2,634.9,725.5,732.5
759,0,person,0.7691,1061.3,734.2,1092.5,817.2
759,1,car,0.7648,561.1,480.0,651.9,532.2
759,2,large_vehicle,0.6626,1062.6,463.6,1193.6,585.1
759,0,person,0.4156,703.4,476.3,720.9,519.6
759,2,large_vehicle,0.2274,953.2,406.1,1024.6,452.0
759,1,car,0.1452,953.2,406.1,1024.6,452.0
759,0,person,0.1378,437.1,524.9,454.9,556.0
760,1,car,0.9252,573.1,634.9,725.5,732.5
760,1,car,0.7842,562.6,480.3,651.9,532.2
760,0,person,0.7653,1061.3,734.1,1092.5,817.3
760,2,large_vehicle,0.6365,1062.6,463.7,1193.9,585.1
760,0,person,0.4104,703.8,476.7,720.9,519.4
760,2,large_vehicle,0.2411,953.8,406.1,1024.8,452.0
760,0,person,0.1613,436.8,524.6,455.0,556.7
760,1,car,0.1424,953.8,406.1,1024.8,452.0
760,4,other_vehicle,0.1291,428.9,532.3,466.3,568.3
761,1,car,0.9253,573.1,634.9,725.5,732.5
761,1,car,0.7880,562.4,480.2,652.0,532.2
761,0,person,0.7637,1061.3,734.4,1092.4,817.2
761,2,large_vehicle,0.6595,1062.6,463.7,1193.7,585.0
761,0,person,0.4178,703.6,476.6,721.0,519.5
761,2,large_vehicle,0.2512,954.1,406.0,1024.8,452.0
761,0,person,0.1577,436.9,524.8,455.0,556.7
761,1,car,0.1452,954.1,406.0,1024.8,452.0
761,4,other_vehicle,0.1325,429.0,532.3,466.3,568.3
762,1,car,0.9272,561.6,637.5,713.6,735.3
762,1,car,0.7583,562.2,479.8,651.4,532.0
762,2,large_vehicle,0.6098,1056.0,465.4,1187.3,587.9
762,0,person,0.4226,1061.8,733.0,1089.0,817.2
762,0,person,0.3627,703.0,475.3,719.3,518.6
762,2,large_vehicle,0.1920,952.9,406.4,1024.5,452.1
762,0,person,0.1678,435.4,523.8,452.5,556.8
763,1,car,0.9272,561.6,637.5,713.6,735.3
763,1,car,0.7529,560.4,479.6,651.4,532.0
763,2,large_vehicle,0.6308,1055.9,465.5,1187.2,588.0
763,0,person,0.4113,1061.9,733.0,1088.6,817.3
763,0,person,0.3643,703.0,475.2,719.5,518.6
763,2,large_vehicle,0.1848,953.2,406.4,1024.7,452.1
763,0,person,0.1650,435.4,523.7,452.5,556.9
764,1,car,0.9243,550.2,639.9,700.4,736.3
764,2,large_vehicle,0.8412,1048.9,465.2,1183.5,589.7
764,1,car,0.7607,561.8,480.5,651.7,532.0
764,0,person,0.5076,1060.5,734.2,1087.5,808.8
764,0,person,0.3612,432.6,526.6,450.3,562.3
764,4,other_vehicle,0.3168,422.6,542.0,459.6,572.8
764,0,person,0.1932,434.5,525.5,450.4,558.0
764,0,person,0.1895,701.6,472.5,718.5,518.2
765,1,car,0.9243,550.2,639.9,700.5,736.2
765,2,large_vehicle,0.8404,1048.8,465.2,1183.5,589.7
765,1,car,0.7535,561.8,480.4,651.7,532.0
765,0,person,0.4920,1060.7,734.2,1087.4,806.8
765,0,person,0.3626,432.8,526.7,450.4,562.3
765,4,other_vehicle,0.3097,422.9,542.0,459.6,572.8
765,0,person,0.1985,434.7,525.6,450.3,557.9
765,0,person,0.1685,701.5,472.6,718.3,518.2
765,2,large_vehicle,0.1113,955.7,406.4,1024.6,452.1
766,1,car,0.9244,550.2,639.9,700.4,736.3
766,2,large_vehicle,0.8445,1048.9,465.3,1183.6,589.7
766,1,car,0.7675,561.7,480.6,651.8,532.0
766,0,person,0.4759,1060.7,734.3,1087.0,807.5
766,0,person,0.3465,432.7,526.4,450.3,562.1
766,4,other_vehicle,0.3058,422.5,542.0,459.5,572.8
766,0,person,0.2201,434.5,525.3,450.3,558.0
766,0,person,0.1607,701.8,472.9,718.4,518.2
766,2,large_vehicle,0.1133,955.8,406.3,1024.6,452.0
767,1,car,0.9257,538.6,642.0,688.3,739.0
767,1,car,0.7272,560.9,480.6,651.4,532.0
767,2,large_vehicle,0.4102,1042.1,468.7,1178.2,590.1
767,0,person,0.3212,431.7,528.0,447.5,561.9
767,0,person,0.2655,1197.7,522.3,1215.4,564.7
767,2,large_vehicle,0.2047,954.4,406.6,1024.8,452.1
767,4,other_vehicle,0.1312,420.1,548.5,449.5,573.9
767,0,person,0.1005,1059.7,734.1,1083.7,813.5
768,1,car,0.9243,527.5,645.5,678.2,742.9
768,1,car,0.7813,560.5,480.6,652.0,532.0
768,2,large_vehicle,0.7078,1034.9,469.4,1174.2,595.7
768,0,person,0.5093,1057.0,734.2,1082.8,817.2
768,0,person,0.3815,430.2,529.5,447.3,566.8
768,4,other_vehicle,0.3639,417.7,545.6,452.6,574.0
768,0,person,0.2389,1197.3,520.6,1216.2,565.0
768,2,large_vehicle,0.2157,953.5,406.6,1025.0,451.9
768,0,person,0.1142,426.6,529.2,444.5,567.0
768,1,car,0.1045,953.5,406.6,1025.0,451.9
768,0,person,0.1038,1138.0,386.9,1150.3,419.6
769,1,car,0.9244,527.4,645.5,678.3,742.9
769,1,car,0.7707,560.0,480.5,652.0,532.0
769,2,large_vehicle,0.7187,1034.9,469.3,1173.9,595.7
769,0,person,0.6859,1056.8,734.8,1083.1,817.0
769,0,person,0.3627,430.3,529.4,447.4,566.4
769,4,other_vehicle,0.2735,418.3,545.4,452.5,573.8
769,0,person,0.2097,1197.2,520.4,1216.4,565.0
769,2,large_vehicle,0.1955,953.5,406.9,1024.6,451.9
769,4,other_vehicle,0.1140,421.1,544.1,453.0,572.8
770,1,car,0.9244,527.4,645.5,678.3,742.9
770,1,car,0.7738,559.8,480.4,651.9,532.0
770,2,large_vehicle,0.7087,1034.9,469.3,1173.9,595.8
770,0,person,0.6351,1056.8,734.6,1083.0,817.2
770,0,person,0.3646,430.3,529.4,447.3,566.3
770,4,other_vehicle,0.2836,418.3,545.4,452.5,573.8
770,2,large_vehicle,0.1816,953.5,406.8,1024.5,451.9
770,0,person,0.1643,1197.3,520.3,1216.4,564.7
770,4,other_vehicle,0.1012,421.0,544.2,453.0,572.8
771,1,car,0.9227,515.0,647.5,665.7,744.2
771,2,large_vehicle,0.8264,1025.1,469.3,1170.0,599.2
771,0,person,0.7674,1052.7,736.2,1083.0,817.9
771,1,car,0.7510,560.6,479.7,651.8,532.0
771,0,person,0.2389,1137.9,385.9,1149.9,419.2
771,0,person,0.2218,701.5,477.5,716.6,519.4
771,2,large_vehicle,0.1864,953.1,406.7,1024.4,452.0
771,1,car,0.1246,953.1,406.7,1024.4,452.0
772,1,car,0.9224,514.9,647.5,665.6,744.1
772,2,large_vehicle,0.8244,1025.0,469.3,1170.0,599.2
772,0,person,0.7624,1052.7,736.2,1083.0,817.9
772,1,car,0.7346,559.6,479.3,651.6,532.0
772,0,person,0.2895,1137.8,385.7,1150.0,419.2
772,2,large_vehicle,0.1820,952.8,406.6,1024.7,452.0
772,0,person,0.1806,701.2,476.7,716.7,519.4
772,1,car,0.1341,952.8,406.6,1024.7,452.0
773,1,car,0.9174,504.1,649.8,654.4,747.1
773,2,large_vehicle,0.8721,1019.7,471.9,1160.6,601.0
773,1,car,0.7149,563.3,480.2,652.1,531.9
773,0,person,0.6361,1055.3,736.5,1081.0,816.5
773,0,person,0.4698,424.8,527.4,443.0,570.7
773,0,person,0.2350,1197.2,519.3,1216.9,565.1
773,0,person,0.2136,1137.5,387.3,1149.1,418.7
773,4,other_vehicle,0.2115,413.4,541.6,449.6,574.7
773,2,large_vehicle,0.1394,955.6,406.8,1024.9,452.0
773,0,person,0.1023,701.0,477.7,716.2,520.1
774,1,car,0.9172,504.1,649.8,654.4,747.1
774,2,large_vehicle,0.8702,1019.8,471.9,1160.7,601.0
774,1,car,0.6945,560.6,479.7,652.0,531.9
774,0,person,0.6197,1055.4,736.6,1080.7,816.4
774,0,person,0.4716,424.8,527.3,443.0,570.7
774,0,person,0.2184,1197.2,518.8,1217.0,565.0
774,4,other_vehicle,0.1977,413.5,541.5,449.5,574.7
774,0,person,0.1933,1137.5,387.3,1149.1,418.7
774,2,large_vehicle,0.1446,955.5,406.7,1024.9,452.0
775,1,car,0.9173,504.1,649.8,654.6,747.1
775,2,large_vehicle,0.8708,1019.7,472.0,1161.0,601.0
775,1,car,0.6980,560.1,479.6,651.8,531.9
775,0,person,0.6398,1055.4,736.5,1080.8,816.3
775,0,person,0.4514,424.8,527.4,443.0,570.7
775,0,person,0.2891,1137.5,386.9,1149.5,418.7
775,4,other_vehicle,0.2472,413.3,541.6,450.0,574.8
775,0,person,0.2307,1197.2,518.9,1216.8,565.0
775,2,large_vehicle,0.1438,955.4,406.6,1024.7,452.0
775,1,car,0.1034,955.4,406.6,1024.7,452.0
776,1,car,0.9009,492.7,652.5,641.2,749.5
776,2,large_vehicle,0.7802,1011.3,475.3,1158.2,602.5
776,1,car,0.7103,559.8,479.1,651.5,532.0
776,0,person,0.6414,1052.9,738.4,1078.8,817.6
776,4,other_vehicle,0.3925,410.1,540.7,446.8,576.0
776,0,person,0.3853,420.0,527.2,439.2,566.9
776,0,person,0.2500,699.9,475.0,716.2,518.3
776,0,person,0.2500,1196.9,516.1,1217.2,565.0
776,2,large_vehicle,0.1504,954.7,406.8,1024.5,452.2
777,1,car,0.9009,492.8,652.5,641.3,749.4
777,2,large_vehicle,0.7869,1011.4,475.2,1158.0,602.5
777,1,car,0.7091,559.1,478.9,651.5,532.0
777,0,person,0.6373,1052.8,738.4,1078.8,817.6
777,4,other_vehicle,0.3869,410.1,540.7,446.8,576.0
777,0,person,0.3768,420.0,527.3,439.2,566.9
777,0,person,0.2730,699.8,474.8,716.1,518.3
777,0,person,0.2657,1196.9,516.1,1217.0,564.9
777,2,large_vehicle,0.1449,954.8,406.7,1024.4,452.2
777,1,car,0.1021,954.8,406.7,1024.4,452.2
778,1,car,0.9230,479.8,656.0,630.3,752.0
778,2,large_vehicle,0.8025,1002.4,474.0,1151.6,604.3
778,1,car,0.7747,561.1,479.5,651.4,531.7
778,0,person,0.6229,1052.0,738.8,1077.2,817.2
778,4,other_vehicle,0.4413,407.6,542.7,447.4,576.1
778,0,person,0.3615,419.1,528.8,436.4,565.7
778,0,person,0.2852,1197.2,514.4,1216.8,564.5
778,2,large_vehicle,0.2183,954.1,406.6,1024.1,451.8
778,0,person,0.1941,698.7,474.2,715.6,517.9
778,1,car,0.1790,954.1,406.6,1024.1,451.8
779,1,car,0.9230,479.7,655.9,630.3,752.0
779,2,large_vehicle,0.8005,1002.5,474.0,1151.6,604.3
779,1,car,0.7769,561.0,479.5,651.3,531.7
779,0,person,0.6275,1052.0,738.8,1077.3,817.2
779,4,other_vehicle,0.4439,407.6,542.7,447.4,576.1
779,0,person,0.3591,419.1,528.9,436.4,565.7
779,0,person,0.2744,1197.1,514.4,1216.8,564.4
779,2,large_vehicle,0.2161,954.0,406.6,1024.1,451.9
779,0,person,0.1914,698.6,474.1,715.6,517.8
779,1,car,0.1806,954.0,406.6,1024.1,451.9
780,1,car,0.9231,479.8,655.9,630.3,752.0
780,2,large_vehicle,0.8006,1002.4,474.0,1151.7,604.3
780,1,car,0.7691,560.3,479.5,651.3,531.7
780,0,person,0.6340,1051.7,738.9,1077.3,817.0
780,4,other_vehicle,0.4553,407.9,543.0,447.4,576.1
780,0,person,0.3697,419.1,528.8,436.3,565.5
780,0,person,0.2701,1197.1,515.1,1216.8,564.4
780,2,large_vehicle,0.2134,954.0,406.6,1024.0,451.8
780,0,person,0.1921,698.7,474.3,715.6,517.8
780,1,car,0.1763,954.0,406.6,1024.0,451.8
781,1,car,0.9142,470.0,657.5,618.0,754.8
781,1,car,0.7486,559.6,478.5,651.4,531.6
781,0,person,0.6878,1051.5,739.2,1075.7,816.2
781,4,other_vehicle,0.5700,405.0,542.2,442.5,577.1
781,2,large_vehicle,0.3586,994.5,477.8,1146.1,605.9
781,0,person,0.3159,698.4,475.3,715.7,519.3
781,0,person,0.3112,413.8,529.9,433.1,569.8
781,0,person,0.2244,416.7,529.3,436.1,569.1
781,0,person,0.2231,1197.1,516.7,1216.9,564.3
781,2,large_vehicle,0.1537,953.4,406.3,1024.5,451.8
781,1,car,0.1249,953.4,406.3,1024.5,451.8
782,1,car,0.9155,470.0,657.7,618.1,754.5
782,1,car,0.7524,559.9,478.7,651.3,531.6
782,0,person,0.6578,1051.9,739.4,1075.8,816.5
782,4,other_vehicle,0.5964,405.0,542.3,442.7,577.1
782,2,large_vehicle,0.4475,994.5,477.5,1146.6,606.6
782,0,person,0.3544,698.2,474.9,715.8,519.2
782,0,person,0.3200,413.8,529.8,433.1,569.6
782,0,person,0.2229,416.7,529.2,436.1,568.8
782,2,large_vehicle,0.1808,953.6,406.3,1024.3,451.9
782,0,person,0.1702,1197.1,516.8,1216.8,564.3
782,1,car,0.1369,953.6,406.3,1024.3,451.9
783,1,car,0.9163,458.6,660.1,605.7,754.7
783,1,car,0.7251,563.1,479.5,651.2,531.5
783,0,person,0.6384,1049.6,740.7,1074.0,814.8
783,2,large_vehicle,0.5040,985.9,478.0,1141.7,605.1
783,4,other_vehicle,0.4853,402.7,542.7,438.1,576.9
783,0,person,0.3235,413.3,528.6,432.0,572.4
783,0,person,0.2386,1197.3,516.4,1216.7,564.3
783,0,person,0.1128,415.5,528.4,435.5,573.2
783,2,large_vehicle,0.1014,955.3,407.0,1024.0,451.7
784,1,car,0.9167,458.6,660.1,605.7,754.7
784,1,car,0.7505,562.9,479.6,651.5,531.4
784,0,person,0.5659,1049.8,740.8,1073.8,814.4
784,4,other_vehicle,0.5377,402.9,543.0,438.5,576.9
784,2,large_vehicle,0.4991,985.9,478.0,1141.7,604.6
784,0,person,0.3380,413.0,528.7,432.0,572.2
784,0,person,0.2874,1197.3,516.2,1216.6,564.4
784,0,person,0.1160,1135.9,386.5,1148.4,419.3
784,0,person,0.1113,415.6,528.5,435.5,572.6
784,0,person,0.1029,1051.0,740.7,1074.6,814.1
785,1,car,0.9166,458.6,660.1,605.7,754.7
785,1,car,0.7346,563.0,479.6,651.4,531.5
785,0,person,0.6378,1049.8,740.9,1073.8,814.8
785,4,other_vehicle,0.5081,402.8,543.0,438.5,576.9
785,2,large_vehicle,0.4882,985.9,477.9,1141.8,604.6
785,0,person,0.3339,413.2,528.8,432.0,572.2
785,0,person,0.2618,1197.4,517.3,1216.6,564.2
785,0,person,0.1071,415.7,528.5,435.4,572.7
785,0,person,0.1070,1135.9,386.4,1148.2,419.2
786,1,car,0.9154,448.5,661.5,594.3,757.1
786,2,large_vehicle,0.8712,977.3,480.2,1142.3,615.9
786,0,person,0.7215,1047.3,739.7,1074.0,815.5
786,1,car,0.6833,559.4,478.4,651.6,531.6
786,0,person,0.4001,411.5,529.1,429.6,572.3
786,0,person,0.3045,1135.1,385.0,1148.8,419.7
786,0,person,0.2561,1197.2,515.7,1216.7,564.4
786,4,other_vehicle,0.2079,400.1,544.1,437.7,576.8
786,4,other_vehicle,0.1417,399.7,550.5,437.4,578.7
786,1,car,0.1039,954.7,406.5,1024.6,451.6
787,1,car,0.9152,448.5,661.5,594.3,757.1
787,2,large_vehicle,0.8666,977.3,480.1,1142.7,615.7
787,0,person,0.7293,1047.0,739.7,1073.6,815.6
787,1,car,0.6895,559.5,478.8,651.9,531.6
787,0,person,0.3962,411.5,529.0,429.6,572.2
787,0,person,0.2651,1135.3,384.6,1148.9,419.6
787,4,other_vehicle,0.2501,399.9,544.4,437.7,576.9
787,0,person,0.2278,1197.2,516.5,1216.6,564.4
787,4,other_vehicle,0.1305,400.1,550.9,437.1,578.6
787,2,large_vehicle,0.1198,954.9,406.5,1024.6,451.7
787,1,car,0.1108,954.9,406.5,1024.6,451.7
788,1,car,0.9186,435.8,664.4,582.2,758.1
788,2,large_vehicle,0.8338,969.6,483.5,1130.7,617.6
788,1,car,0.7693,560.4,479.4,652.0,531.4
788,4,other_vehicle,0.5037,397.4,547.5,436.2,577.6
788,0,person,0.3570,1197.4,518.0,1216.7,564.2
788,0,person,0.3453,408.7,530.7,426.5,571.5
788,0,person,0.3128,1135.4,385.2,1148.5,418.9
788,1,car,0.1232,953.9,406.5,1024.9,451.2
788,2,large_vehicle,0.1101,953.9,406.5,1024.9,451.2
789,1,car,0.9187,435.9,664.4,582.2,758.1
789,2,large_vehicle,0.8355,969.6,483.6,1130.5,617.6
789,1,car,0.7713,560.5,479.4,652.0,531.4
789,4,other_vehicle,0.5130,397.5,547.5,436.2,577.6
789,0,person,0.3977,1197.5,519.1,1216.6,564.5
789,0,person,0.3491,408.6,530.4,426.5,571.5
789,0,person,0.3019,1135.5,385.3,1148.5,418.8
789,1,car,0.1108,954.1,406.6,1024.8,451.2
790,1,car,0.9186,435.8,664.4,582.2,758.2
790,2,large_vehicle,0.8302,969.6,483.6,1131.3,617.6
790,1,car,0.7748,560.5,479.5,652.5,531.4
790,4,other_vehicle,0.5017,397.4,547.4,436.3,577.6
790,0,person,0.3711,1197.4,518.6,1216.7,564.5
790,0,person,0.3488,408.6,530.4,426.6,571.5
790,0,person,0.3227,1135.4,385.2,1148.7,418.9
791,1,car,0.9156,426.6,666.8,571.2,761.2
791,1,car,0.7498,561.1,478.5,652.5,531.1
791,2,large_vehicle,0.7183,960.5,482.9,1122.6,621.5
791,4,other_vehicle,0.4809,397.2,548.4,433.5,579.3
791,4,other_vehicle,0.3250,396.9,550.4,433.6,580.1
791,0,person,0.3062,407.3,532.6,426.1,573.1
791,0,person,0.2470,1197.5,517.3,1216.5,564.1
792,1,car,0.9118,415.3,667.9,559.4,764.3
792,2,large_vehicle,0.8501,949.7,485.5,1120.2,622.8
792,1,car,0.7641,561.4,478.7,652.4,531.2
792,0,person,0.1983,1197.1,513.6,1216.9,564.0
792,0,person,0.1768,1043.2,739.7,1068.7,822.6
793,1,car,0.9120,415.3,668.0,559.3,764.2
793,2,large_vehicle,0.8528,949.7,485.4,1120.6,622.8
793,1,car,0.7680,561.5,478.7,652.7,531.2
793,0,person,0.1841,1197.0,512.6,1217.0,563.8
793,0,person,0.1671,1043.1,739.7,1068.7,821.8
793,0,person,0.1032,404.9,534.2,424.7,575.6
794,1,car,0.9118,415.3,668.0,559.3,764.3
794,2,large_vehicle,0.8505,949.7,485.4,1120.6,622.8
794,1,car,0.7712,561.2,478.7,652.6,531.1
794,0,person,0.2087,1043.3,739.8,1068.8,821.8
794,0,person,0.1770,1197.0,513.0,1216.9,563.8
795,1,car,0.9069,404.2,670.5,546.6,765.8
795,2,large_vehicle,0.8919,940.8,485.7,1109.5,626.6
795,1,car,0.7141,559.3,478.0,652.6,531.2
795,0,person,0.4451,1041.6,740.3,1067.0,822.9
795,0,person,0.2198,1197.1,513.1,1217.1,564.0
795,4,other_vehicle,0.1603,390.1,539.2,423.9,579.5
795,0,person,0.1394,1197.9,511.7,1219.3,564.2
795,0,person,0.1173,401.5,532.8,418.0,569.0
796,1,car,0.9079,404.3,670.5,546.6,765.8
796,2,large_vehicle,0.8937,940.8,485.7,1109.0,626.5
796,1,car,0.7416,559.8,478.6,652.4,531.2
796,0,person,0.2416,1197.1,513.9,1217.0,563.9
796,0,person,0.2396,1041.6,740.2,1066.1,823.1
796,4,other_vehicle,0.1571,390.1,539.6,424.0,579.4
796,0,person,0.1255,401.6,532.9,418.0,568.8
796,0,person,0.1198,1198.0,512.6,1219.2,564.1
797,1,car,0.9094,394.4,673.3,534.6,767.1
797,2,large_vehicle,0.8133,931.9,490.4,1108.0,629.6
797,1,car,0.7592,561.0,478.8,652.6,531.1
797,4,other_vehicle,0.2813,386.7,540.8,425.4,576.8
797,0,person,0.2640,1197.0,513.8,1216.8,563.8
797,0,person,0.2371,397.8,532.6,415.7,567.8
797,0,person,0.1218,1132.8,385.9,1144.8,417.7
797,2,large_vehicle,0.1024,954.6,406.9,1023.8,450.9
798,1,car,0.9094,394.4,673.3,534.6,767.1
798,2,large_vehicle,0.8167,932.0,490.4,1107.9,629.7
798,1,car,0.7547,560.4,479.0,652.5,531.1
798,4,other_vehicle,0.3011,386.7,540.9,425.4,576.9
798,0,person,0.2890,1197.1,514.9,1216.9,564.1
798,0,person,0.2427,397.7,532.6,415.8,567.9
799,1,car,0.9095,394.4,673.2,534.6,767.0
799,2,large_vehicle,0.8063,932.0,490.3,1108.4,629.5
799,1,car,0.7512,559.9,478.8,652.5,531.2
799,4,other_vehicle,0.2643,386.7,540.7,425.5,576.9
799,0,person,0.2574,1197.0,516.0,1216.9,564.0
799,0,person,0.2275,397.7,532.5,415.8,568.0
800,1,car,0.8825,383.0,674.8,523.1,768.2
800,2,large_vehicle,0.8469,922.2,486.7,1096.3,632.5
800,1,car,0.7550,562.1,478.7,652.1,531.2
800,0,person,0.1914,1197.3,517.5,1216.6,563.8
801,1,car,0.8827,383.1,674.9,523.2,768.2
801,2,large_vehicle,0.8484,922.2,486.6,1096.3,632.5
801,1,car,0.7499,561.4,478.4,652.0,531.2
801,0,person,0.2516,1197.3,518.2,1216.7,563.8
802,1,car,0.8874,371.8,675.9,512.2,770.0
802,2,large_vehicle,0.8785,912.1,492.5,1087.6,634.7
802,1,car,0.7308,563.2,478.9,652.3,531.4
802,0,person,0.5479,1037.1,743.3,1060.9,820.2
802,0,person,0.3057,1197.2,516.6,1216.9,563.8
802,4,other_vehicle,0.3046,384.0,546.6,418.6,578.1
802,4,other_vehicle,0.1392,383.3,552.8,417.3,581.7
802,0,person,0.1303,393.0,534.2,409.8,569.6
802,0,person,0.1097,396.0,534.6,412.5,570.3
803,1,car,0.8874,371.8,675.9,512.2,770.0
803,2,large_vehicle,0.8781,912.1,492.5,1087.7,634.8
803,1,car,0.7286,563.3,478.9,652.3,531.4
803,0,person,0.4973,1037.1,743.1,1060.7,820.4
803,0,person,0.3155,1197.1,516.4,1217.0,563.9
803,4,other_vehicle,0.3036,384.0,546.6,418.6,578.1
803,4,other_vehicle,0.1391,383.3,552.8,417.3,581.7
803,0,person,0.1286,393.0,534.3,409.8,569.6
803,0,person,0.1080,396.0,534.7,412.4,570.3
804,1,car,0.8867,371.8,675.9,512.1,770.0
804,2,large_vehicle,0.8765,912.0,492.6,1087.4,634.9
804,1,car,0.7144,562.9,478.7,652.2,531.5
804,0,person,0.5368,1037.0,743.2,1060.9,820.3
804,4,other_vehicle,0.3079,384.1,546.6,418.6,578.1
804,0,person,0.2753,1197.1,516.0,1217.0,563.7
804,4,other_vehicle,0.1340,383.3,552.8,417.3,581.7
804,0,person,0.1285,393.0,534.2,409.8,569.6
804,0,person,0.1081,396.0,534.7,412.4,570.3
805,1,car,0.8869,362.8,678.8,501.3,771.9
805,2,large_vehicle,0.8805,900.7,494.6,1078.4,639.5
805,1,car,0.7386,564.2,479.1,652.5,531.3
805,0,person,0.5816,1034.2,744.5,1059.0,828.5
805,4,other_vehicle,0.3073,380.5,543.8,413.7,580.7
805,4,other_vehicle,0.2333,380.8,547.4,414.0,582.3
805,0,person,0.1833,390.3,536.8,408.8,578.1
805,0,person,0.1832,1197.2,514.3,1216.7,563.9
806,1,car,0.8866,362.7,678.6,501.4,772.2
806,2,large_vehicle,0.8796,901.1,494.7,1078.0,639.7
806,1,car,0.7294,564.0,478.8,652.5,531.4
806,0,person,0.6050,1034.2,744.5,1058.8,828.1
806,4,other_vehicle,0.2715,380.6,543.7,413.5,580.6
806,4,other_vehicle,0.2363,380.8,547.3,413.9,582.4
806,0,person,0.2129,1197.2,515.0,1216.7,563.9
806,0,person,0.1852,390.4,536.7,408.9,578.0
807,1,car,0.9034,352.6,680.8,490.1,773.8
807,2,large_vehicle,0.8170,890.6,496.4,1070.0,641.0
807,1,car,0.7667,560.7,479.5,652.4,531.0
807,0,person,0.6558,1031.2,745.1,1058.1,827.0
807,0,person,0.3961,1197.2,517.0,1216.9,564.0
807,0,person,0.3360,923.8,612.1,946.7,654.9
807,0,person,0.2586,388.6,537.0,405.3,576.8
807,4,other_vehicle,0.2254,377.0,547.0,413.7,582.9
808,1,car,0.9028,352.6,680.8,490.1,773.7
808,1,car,0.7713,560.4,479.2,652.5,531.1
808,0,person,0.6975,1030.8,745.2,1058.0,828.5
808,2,large_vehicle,0.6878,899.0,497.2,1069.9,638.8
808,0,person,0.4320,1197.2,517.3,1216.9,564.1
808,0,person,0.3513,923.8,612.1,946.7,655.0
808,0,person,0.2571,388.5,537.0,405.4,577.0
808,4,other_vehicle,0.2287,377.0,546.9,413.8,582.8
809,1,car,0.9025,352.6,680.8,490.1,773.7
809,1,car,0.7657,560.5,479.4,652.5,531.1
809,2,large_vehicle,0.6835,898.8,497.2,1070.0,638.9
809,0,person,0.6497,1031.4,745.1,1058.0,826.9
809,0,person,0.4279,1197.2,517.4,1216.9,564.0
809,0,person,0.3467,923.8,612.1,946.7,654.9
809,0,person,0.2589,388.6,537.0,405.3,576.9
809,4,other_vehicle,0.2308,377.0,547.0,413.8,582.8
810,1,car,0.9067,342.2,683.9,480.6,775.2
810,2,large_vehicle,0.8971,880.6,497.6,1062.4,643.1
810,1,car,0.7641,563.3,478.1,652.2,531.2
810,0,person,0.6940,1026.1,746.9,1056.1,832.4
810,0,person,0.2378,1197.0,514.6,1217.1,564.1
810,0,person,0.2345,1131.8,386.2,1143.7,418.2
810,0,person,0.1263,692.9,476.5,710.3,519.7
810,0,person,0.1089,386.3,538.5,402.7,575.0
811,1,car,0.9062,342.2,683.8,480.6,775.2
811,2,large_vehicle,0.8954,880.5,497.5,1062.6,643.4
811,1,car,0.7521,562.7,478.1,652.0,531.2
811,0,person,0.6346,1026.3,746.8,1056.1,832.7
811,0,person,0.2292,1131.7,386.1,1143.8,418.3
811,0,person,0.1885,1196.9,513.1,1217.0,564.0
811,0,person,0.1454,693.0,476.9,710.3,519.7
811,0,person,0.1427,1024.8,745.6,1056.9,833.0
812,1,car,0.9050,332.8,684.1,467.2,775.7
812,2,large_vehicle,0.8967,869.4,498.5,1055.8,638.4
812,1,car,0.7493,561.9,478.2,652.1,531.3
812,0,person,0.6754,1025.4,748.4,1054.1,831.7
812,0,person,0.4748,905.1,611.8,924.6,667.8
812,0,person,0.3840,1131.5,386.7,1143.8,419.2
812,0,person,0.2619,691.3,478.9,709.3,520.9
812,0,person,0.2449,1196.8,513.2,1217.4,564.3
812,0,person,0.1582,1001.6,587.0,1024.8,623.7
812,0,person,0.1108,1197.5,512.2,1219.6,564.4
812,2,large_vehicle,0.1031,954.6,405.5,1025.1,451.2
813,1,car,0.9044,332.7,684.1,467.2,775.7
813,2,large_vehicle,0.8972,869.6,498.5,1055.7,638.4
813,1,car,0.7354,563.4,478.2,651.9,531.2
813,0,person,0.6375,1025.6,748.3,1054.2,831.1
813,0,person,0.4782,905.1,611.8,924.6,667.8
813,0,person,0.3800,1131.4,386.7,1143.7,419.1
813,0,person,0.2458,1196.7,512.6,1217.4,564.3
813,0,person,0.2229,691.2,478.8,709.2,520.8
813,0,person,0.1677,1001.6,587.0,1024.7,623.5
814,1,car,0.9050,332.7,684.1,467.2,775.7
814,2,large_vehicle,0.8965,869.6,498.4,1055.5,638.4
814,1,car,0.7573,563.8,478.5,652.0,531.2
814,0,person,0.5559,1025.6,748.3,1054.2,830.8
814,0,person,0.4858,905.1,611.8,924.6,668.0
814,0,person,0.3795,1131.5,386.7,1143.8,419.2
814,0,person,0.2912,1196.7,511.8,1217.4,564.0
814,0,person,0.2703,691.3,479.0,709.2,520.8
814,0,person,0.1646,1001.7,587.1,1024.8,623.6
814,0,person,0.1583,1027.5,747.3,1054.1,824.6
815,1,car,0.8932,322.1,686.0,457.5,776.8
815,2,large_vehicle,0.8425,860.8,503.1,1048.3,653.2
815,1,car,0.7425,560.6,478.4,651.8,531.1
815,0,person,0.6812,1024.8,748.7,1051.9,834.4
815,0,person,0.3314,690.6,481.2,707.9,521.2
815,0,person,0.2548,1196.8,510.2,1217.1,563.9
815,0,person,0.2255,1131.1,386.6,1143.4,419.3
816,1,car,0.9069,313.7,688.6,446.2,778.1
816,2,large_vehicle,0.8855,849.2,505.0,1039.6,656.5
816,1,car,0.7845,561.0,479.1,652.2,531.0
816,0,person,0.6449,1023.4,748.8,1052.0,834.9
816,0,person,0.4668,1130.3,386.5,1142.8,418.7
816,0,person,0.3965,1196.4,502.5,1218.2,564.3
816,4,other_vehicle,0.2091,368.1,551.8,403.1,585.3
816,0,person,0.1647,689.7,480.0,707.3,521.4
816,2,large_vehicle,0.1001,954.2,406.0,1025.2,451.2
817,1,car,0.9068,313.8,688.6,446.2,778.1
817,2,large_vehicle,0.8859,849.1,504.9,1039.7,656.6
817,1,car,0.7821,561.1,479.0,652.2,531.1
817,0,person,0.5969,1023.9,748.8,1052.0,830.2
817,0,person,0.4787,1130.2,386.0,1142.9,418.8
817,0,person,0.3683,1196.3,502.6,1218.3,564.2
817,4,other_vehicle,0.1732,368.3,551.5,403.4,585.4
817,0,person,0.1519,689.8,481.0,707.1,521.3
818,1,car,0.9069,313.8,688.6,446.2,778.1
818,2,large_vehicle,0.8852,849.1,505.0,1039.8,656.7
818,1,car,0.7825,561.2,479.1,652.2,531.0
818,0,person,0.6154,1023.6,748.7,1052.4,833.2
818,0,person,0.4740,1130.3,386.1,1142.9,418.5
818,0,person,0.3749,1196.3,502.6,1218.3,564.1
818,4,other_vehicle,0.1782,368.2,551.8,403.4,585.4
818,0,person,0.1713,689.8,481.0,707.2,521.3
819,1,car,0.9069,303.6,690.3,435.9,779.0
819,2,large_vehicle,0.8881,836.2,506.6,1029.7,660.5
819,1,car,0.7534,562.7,478.3,651.8,531.2
819,0,person,0.5394,388.7,740.2,412.5,792.7
819,0,person,0.5385,1023.0,750.3,1049.4,817.8
819,0,person,0.2727,1196.8,511.0,1217.1,563.9
819,4,other_vehicle,0.1866,365.8,552.9,400.4,585.2
819,0,person,0.1077,374.2,542.2,396.4,584.6
820,1,car,0.9069,303.6,690.3,435.9,778.9
820,2,large_vehicle,0.8828,836.2,506.5,1029.7,660.5
820,1,car,0.7419,561.8,478.2,651.7,531.2
820,0,person,0.5455,388.7,740.2,412.5,792.7
820,0,person,0.5436,1023.1,750.5,1049.1,816.6
820,0,person,0.3264,1196.8,509.9,1217.0,563.8
820,4,other_vehicle,0.2152,365.9,552.7,401.0,585.1
820,0,person,0.1117,376.6,541.3,394.2,578.4
820,0,person,0.1004,374.2,542.6,396.9,584.5
821,2,large_vehicle,0.8970,826.0,507.1,1024.7,666.4
821,1,car,0.8963,294.6,692.5,424.3,780.3
821,1,car,0.7479,561.8,478.9,652.0,531.1
821,0,person,0.5809,1021.1,750.8,1050.1,832.2
821,0,person,0.2276,1196.5,508.2,1217.1,564.1
821,0,person,0.1575,1018.9,749.9,1050.5,838.8
821,4,other_vehicle,0.1373,363.0,555.6,403.4,586.6
822,2,large_vehicle,0.8971,826.1,507.2,1024.5,666.4
822,1,car,0.8962,294.6,692.5,424.3,780.3
822,1,car,0.7373,561.9,478.9,652.1,531.1
822,0,person,0.5776,1021.0,750.8,1050.1,832.9
822,0,person,0.1591,1018.9,749.9,1050.4,838.9
822,0,person,0.1427,1196.4,503.9,1217.9,563.8
822,4,other_vehicle,0.1365,363.0,555.7,403.2,586.5
823,1,car,0.8960,294.5,692.5,424.3,780.3
823,2,large_vehicle,0.8951,826.0,507.0,1025.2,666.3
823,1,car,0.7579,563.4,479.0,652.5,531.0
823,0,person,0.5881,1020.7,750.7,1050.1,833.3
823,0,person,0.2078,1196.6,508.6,1217.1,563.9
823,4,other_vehicle,0.1841,363.1,555.2,403.6,586.5
823,0,person,0.1469,1018.6,749.8,1050.4,839.0
824,1,car,0.8854,285.9,694.9,413.6,780.8
824,2,large_vehicle,0.8063,815.8,510.6,1013.5,670.2
824,1,car,0.6976,562.0,478.6,651.9,531.0
824,0,person,0.6387,1019.5,750.6,1048.4,838.5
824,4,other_vehicle,0.4914,360.4,549.6,396.5,586.8
824,0,person,0.3045,1196.7,508.9,1217.2,563.9
824,2,large_vehicle,0.1302,562.0,478.6,651.9,531.0
824,0,person,0.1002,1129.4,386.1,1140.8,418.1
825,1,car,0.8855,285.9,694.9,413.6,780.8
825,2,large_vehicle,0.8174,815.6,511.0,1013.5,670.1
825,1,car,0.7076,562.0,478.6,651.9,531.0
825,0,person,0.6105,1019.5,750.6,1048.5,838.7
825,4,other_vehicle,0.5076,360.4,549.5,396.7,586.8
825,0,person,0.2380,1196.7,510.2,1217.2,564.1
825,0,person,0.1888,1197.4,509.4,1219.5,564.2
825,2,large_vehicle,0.1267,562.0,478.6,651.9,531.0
825,0,person,0.1088,1129.4,386.1,1140.8,418.0
826,2,large_vehicle,0.8762,804.6,513.3,1004.9,673.3
826,1,car,0.8575,277.9,696.5,405.0,783.4
826,1,car,0.7750,562.3,479.1,652.2,531.0
826,0,person,0.3753,1018.1,750.8,1047.9,839.4
826,4,other_vehicle,0.3393,357.2,548.2,393.7,587.1
826,0,person,0.2709,1196.6,509.7,1217.2,563.9
826,0,person,0.1075,1016.9,749.8,1049.3,839.7
827,2,large_vehicle,0.8764,804.6,513.2,1004.9,673.3
827,1,car,0.8572,277.9,696.5,405.0,783.4
827,1,car,0.7765,562.3,479.1,652.1,531.0
827,0,person,0.3718,1018.1,750.9,1048.0,839.4
827,4,other_vehicle,0.3411,357.2,548.2,393.7,587.2
827,0,person,0.2755,1196.7,510.0,1217.2,563.9
827,0,person,0.1050,1016.9,749.8,1049.3,839.8
828,2,large_vehicle,0.8785,804.7,513.2,1004.8,673.3
828,1,car,0.8588,278.0,696.6,405.0,783.4
828,1,car,0.7811,562.2,479.5,652.2,530.9
828,0,person,0.3605,1018.4,751.0,1048.3,839.3
828,4,other_vehicle,0.3489,357.2,548.2,393.8,587.2
828,0,person,0.2469,1196.6,510.4,1217.0,563.8
828,0,person,0.1283,1017.1,750.0,1049.7,839.5
828,2,large_vehicle,0.1203,954.5,406.3,1025.5,451.1
829,2,large_vehicle,0.9171,793.8,516.6,994.9,677.1
829,1,car,0.7511,563.2,478.4,652.2,531.2
829,1,car,0.6069,266.5,695.8,395.3,783.6
829,0,person,0.2150,1196.7,509.1,1217.3,563.5
829,0,person,0.1790,1018.7,751.5,1044.1,826.5
829,2,large_vehicle,0.1364,952.1,405.7,1025.2,451.0
829,4,other_vehicle,0.1330,351.2,547.5,393.2,587.9
829,1,car,0.1224,952.1,405.7,1025.2,451.0
830,2,large_vehicle,0.9192,794.0,516.6,994.8,677.0
830,1,car,0.7486,563.2,478.4,652.3,531.2
830,1,car,0.6944,265.9,695.9,395.4,783.6
830,0,person,0.3233,1018.8,751.9,1043.8,825.0
830,0,person,0.2235,1196.7,509.2,1217.3,563.9
830,0,person,0.1410,1017.3,750.6,1046.1,840.0
830,2,large_vehicle,0.1408,952.1,405.7,1025.2,451.0
830,4,other_vehicle,0.1278,351.1,547.5,393.2,587.9
830,1,car,0.1220,952.1,405.7,1025.2,451.0
831,2,large_vehicle,0.8610,780.4,519.4,988.5,679.3
831,1,car,0.8121,260.4,698.6,384.7,784.1
831,1,car,0.7239,563.2,478.9,651.9,531.2
831,4,other_vehicle,0.3373,350.7,546.7,389.1,589.0
831,0,person,0.2484,926.3,610.7,948.6,661.7
831,0,person,0.2110,1196.8,509.9,1217.0,563.8
831,0,person,0.1365,1127.8,386.9,1139.4,417.9
832,2,large_vehicle,0.8628,780.3,518.9,988.5,679.3
832,1,car,0.8148,259.9,698.6,384.8,784.1
832,1,car,0.7185,562.6,478.8,651.9,531.2
832,4,other_vehicle,0.3437,350.6,546.9,389.1,589.1
832,0,person,0.2391,926.2,610.6,948.6,661.8
832,0,person,0.2069,1196.8,509.8,1217.1,563.7
832,0,person,0.1165,1016.8,751.9,1043.9,834.7
833,2,large_vehicle,0.8612,780.4,518.9,988.4,679.3
833,1,car,0.8142,260.0,698.6,384.8,784.1
833,1,car,0.7139,562.6,478.7,651.8,531.2
833,4,other_vehicle,0.3433,350.7,546.9,389.1,589.1
833,0,person,0.2391,926.2,610.6,948.6,661.7
833,0,person,0.2150,1196.9,510.1,1217.0,563.6
833,0,person,0.1102,1016.9,751.9,1043.8,834.6
833,0,person,0.1093,1128.1,386.8,1139.6,417.8
834,2,large_vehicle,0.8737,769.5,519.1,979.5,682.8
834,1,car,0.7549,242.5,700.1,374.8,784.5
834,1,car,0.6851,560.8,478.5,651.8,531.2
834,0,person,0.5723,1012.4,753.9,1044.1,838.5
834,4,other_vehicle,0.3015,349.2,553.9,388.8,589.6
834,0,person,0.2675,1196.8,510.2,1217.1,563.7
834,0,person,0.1913,922.0,613.9,947.1,663.4
834,0,person,0.1616,1197.6,509.3,1219.2,563.8
834,2,large_vehicle,0.1212,560.8,478.5,651.8,531.2
834,0,person,0.1176,1011.3,752.7,1047.5,839.8
835,2,large_vehicle,0.8792,769.4,519.0,978.7,682.4
835,1,car,0.7519,242.3,700.1,374.8,784.5
835,1,car,0.6820,561.0,478.6,651.8,531.3
835,0,person,0.5917,1012.5,754.1,1043.7,838.2
835,4,other_vehicle,0.3020,349.2,553.6,388.7,589.5
835,0,person,0.2127,1197.6,509.7,1219.2,563.8
835,0,person,0.2127,1196.9,510.8,1217.0,563.7
835,0,person,0.1769,922.0,613.8,947.1,663.1
835,2,large_vehicle,0.1172,561.0,478.6,651.8,531.3
836,2,large_vehicle,0.8938,756.0,520.6,967.9,685.4
836,1,car,0.7700,561.7,479.2,651.8,531.0
836,1,car,0.6267,233.0,700.5,363.7,786.4
836,4,other_vehicle,0.4919,348.7,557.0,383.6,588.5
836,0,person,0.2161,1010.9,753.7,1043.2,840.1
836,0,person,0.1718,1197.5,507.3,1219.0,563.7
836,0,person,0.1621,353.9,538.5,376.2,580.4
836,0,person,0.1569,1196.8,508.6,1217.2,563.7
836,2,large_vehicle,0.1483,954.9,407.8,1023.9,451.2
837,2,large_vehicle,0.8937,756.0,520.6,968.0,685.5
837,1,car,0.7530,561.4,479.4,651.8,531.0
837,1,car,0.6331,232.8,700.5,363.7,786.3
837,4,other_vehicle,0.4943,348.7,557.0,383.7,588.5
837,0,person,0.3243,1010.9,753.7,1043.0,840.0
837,0,person,0.2019,1197.6,506.6,1219.0,563.7
837,0,person,0.1708,353.8,538.3,376.3,580.4
837,2,large_vehicle,0.1583,954.9,407.9,1023.8,451.1
837,0,person,0.1117,1196.9,507.8,1217.1,563.8
837,1,car,0.1059,954.9,407.9,1023.8,451.1
838,2,large_vehicle,0.8945,756.0,520.4,967.4,685.5
838,1,car,0.7464,560.6,479.1,652.1,531.0
838,1,car,0.6301,232.8,700.5,363.7,786.4
838,4,other_vehicle,0.4987,348.6,557.0,383.7,588.5
838,0,person,0.4740,1010.8,753.8,1042.8,840.0
838,0,person,0.3085,1196.5,503.2,1218.1,563.7
838,0,person,0.1758,353.6,538.3,376.3,580.4
838,2,large_vehicle,0.1542,954.9,407.5,1024.2,451.2
838,1,car,0.1008,954.9,407.5,1024.2,451.2
839,2,large_vehicle,0.9043,743.6,524.3,959.3,690.0
839,1,car,0.7435,563.4,478.6,652.1,531.2
839,1,car,0.6837,231.5,702.9,355.7,787.5
839,4,other_vehicle,0.4213,347.6,559.4,384.3,588.4
839,0,person,0.2410,1008.8,754.5,1039.6,838.4
839,0,person,0.2182,351.4,538.5,373.8,581.5
839,0,person,0.1266,1196.6,504.3,1217.9,563.5
839,0,person,0.1064,345.8,538.5,367.6,576.3
839,1,car,0.1035,953.5,407.3,1024.4,451.2
840,2,large_vehicle,0.9147,732.0,526.9,946.1,691.7
840,1,car,0.7365,226.6,704.5,346.5,787.1
840,1,car,0.7297,560.7,478.7,652.3,531.1
840,4,other_vehicle,0.3796,343.7,555.6,379.6,588.8
840,0,person,0.3357,347.4,537.4,370.8,580.8
840,0,person,0.2592,1002.3,754.5,1037.2,841.7
840,0,person,0.2403,1007.7,754.6,1036.2,839.9
840,0,person,0.1403,345.8,538.4,366.6,578.0
840,0,person,0.1268,1196.8,508.4,1217.0,563.5
841,2,large_vehicle,0.9123,731.9,527.0,946.3,691.8
841,1,car,0.7345,226.6,704.5,346.5,786.9
841,1,car,0.7237,561.7,478.6,652.3,531.0
841,4,other_vehicle,0.3766,343.8,555.8,379.2,588.8
841,0,person,0.3239,347.4,537.1,370.8,581.0
841,0,person,0.2776,1007.4,754.7,1036.0,840.0
841,0,person,0.2673,1002.0,754.6,1037.0,841.6
841,0,person,0.1429,1196.8,508.9,1217.0,563.5
841,0,person,0.1311,345.8,538.2,366.6,578.0
842,2,large_vehicle,0.9139,731.9,527.0,946.3,691.7
842,1,car,0.7351,226.7,704.5,346.5,786.9
842,1,car,0.7210,561.7,478.6,652.3,531.1
842,4,other_vehicle,0.3940,343.8,555.8,379.7,588.8
842,0,person,0.3246,347.5,537.2,370.9,580.6
842,0,person,0.2677,1007.7,754.6,1036.1,839.9
842,0,person,0.2603,1002.2,754.5,1036.9,841.5
842,0,person,0.1496,1196.9,509.1,1217.0,563.5
842,0,person,0.1310,345.8,538.3,366.6,577.9
843,2,large_vehicle,0.9112,719.9,530.3,937.4,694.7
843,1,car,0.7713,219.7,703.5,335.6,788.5
843,1,car,0.7070,561.3,478.2,652.0,531.2
843,0,person,0.2344,348.3,539.1,370.0,580.4
843,4,other_vehicle,0.1976,342.3,556.6,378.4,589.2
843,0,person,0.1858,346.5,539.6,365.8,578.2
843,0,person,0.1604,1196.6,504.6,1218.0,563.9
843,4,other_vehicle,0.1414,342.3,557.2,371.4,589.1
844,2,large_vehicle,0.9115,719.9,530.2,937.5,694.7
844,1,car,0.7697,219.5,703.5,335.6,788.5
844,1,car,0.7333,561.2,478.5,652.0,531.1
844,0,person,0.2300,348.2,539.0,369.8,580.4
844,0,person,0.1976,1196.7,504.5,1217.9,563.8
844,0,person,0.1749,346.5,539.5,365.7,578.1
844,4,other_vehicle,0.1552,343.0,556.1,376.8,589.1
844,4,other_vehicle,0.1498,342.5,556.7,370.7,589.1
845,2,large_vehicle,0.8810,706.8,533.9,926.6,699.4
845,1,car,0.7243,210.8,704.4,327.9,790.0
845,1,car,0.7117,561.2,479.1,652.2,531.0
845,0,person,0.3309,344.8,539.8,364.9,579.9
845,4,other_vehicle,0.1881,341.6,554.6,368.7,589.8
845,0,person,0.1730,1004.0,758.4,1032.9,840.3
845,2,large_vehicle,0.1621,954.5,406.5,1024.1,451.1
845,0,person,0.1329,347.6,539.9,368.6,581.4
845,4,other_vehicle,0.1064,342.5,555.9,375.8,590.0
846,2,large_vehicle,0.8723,706.8,533.9,926.8,699.4
846,1,car,0.7179,210.8,704.5,327.9,790.0
846,1,car,0.7114,561.2,479.2,652.1,530.9
846,0,person,0.3235,344.8,539.8,364.8,579.8
846,0,person,0.2342,1196.7,508.2,1217.1,563.9
846,2,large_vehicle,0.1794,954.7,406.5,1023.7,451.1
846,4,other_vehicle,0.1750,341.7,554.5,368.8,589.7
846,0,person,0.1500,1003.9,758.3,1032.9,840.4
846,0,person,0.1407,347.5,540.0,368.7,581.3
846,4,other_vehicle,0.1165,342.5,555.9,375.8,589.9
847,2,large_vehicle,0.8851,706.8,533.5,926.8,699.5
847,1,car,0.7244,210.8,704.4,327.9,790.0
847,1,car,0.6999,561.5,479.1,652.1,531.0
847,0,person,0.3043,344.8,540.1,364.7,579.9
847,4,other_vehicle,0.2185,341.8,554.7,369.4,589.7
847,2,large_vehicle,0.1962,954.6,406.4,1024.4,451.2
847,0,person,0.1487,347.5,540.1,368.7,581.3
847,0,person,0.1434,1003.9,758.3,1032.8,840.4
847,4,other_vehicle,0.1067,343.2,556.2,374.2,589.9
847,2,large_vehicle,0.1001,561.5,479.1,652.1,531.0
848,2,large_vehicle,0.8206,695.8,534.9,917.1,702.8
848,1,car,0.7296,561.8,478.4,651.7,530.9
848,1,car,0.7190,203.9,706.2,318.8,789.8
848,0,person,0.3123,1004.6,759.2,1030.7,832.2
848,0,person,0.2278,345.7,541.7,365.9,585.1
848,2,large_vehicle,0.1545,953.3,406.2,1024.5,451.0
848,0,person,0.1543,1196.9,510.0,1216.9,563.5
848,0,person,0.1484,346.3,541.2,364.5,581.2
848,1,car,0.1069,1286.2,593.1,1342.0,677.1
849,2,large_vehicle,0.8227,695.9,534.8,917.0,702.8
849,1,car,0.7267,561.8,478.4,651.6,530.8
849,1,car,0.7228,203.9,706.3,318.8,789.8
849,0,person,0.3072,1004.4,759.1,1030.6,831.8
849,0,person,0.1934,346.3,541.2,364.5,581.3
849,0,person,0.1910,345.7,541.9,365.8,585.1
849,1,car,0.1319,1286.2,593.1,1342.0,677.0
849,2,large_vehicle,0.1246,953.3,406.1,1024.0,451.1
850,1,car,0.7646,196.4,707.0,309.3,790.0
850,1,car,0.7071,564.9,479.1,651.8,530.9
850,2,large_vehicle,0.5546,681.5,537.6,909.6,708.4
850,0,person,0.3814,343.4,537.7,364.3,583.3
850,0,person,0.2332,681.0,481.0,697.8,523.7
851,1,car,0.7639,196.4,707.0,309.3,790.0
851,1,car,0.7076,564.8,479.1,651.8,530.9
851,2,large_vehicle,0.5622,681.5,537.6,909.6,708.4
851,0,person,0.3790,343.4,537.8,364.3,583.3
851,0,person,0.2318,681.0,481.0,697.8,523.7
852,1,car,0.7608,196.5,707.0,309.3,790.0
852,1,car,0.6917,563.7,478.9,651.7,530.9
852,0,person,0.3921,343.4,537.7,364.2,583.2
852,2,large_vehicle,0.2782,682.5,536.8,911.4,708.3
852,0,person,0.2585,681.0,480.9,697.9,523.7
852,0,person,0.1160,1196.7,504.3,1217.8,563.5
852,2,large_vehicle,0.1020,563.7,478.9,651.7,530.9
853,2,large_vehicle,0.9031,669.4,539.2,894.6,710.9
853,1,car,0.7485,191.5,708.7,300.7,789.8
853,1,car,0.6907,561.0,479.1,651.9,530.8
853,0,person,0.6052,1001.3,760.6,1028.4,834.3
853,0,person,0.2019,1197.0,510.2,1217.0,563.4
853,0,person,0.1327,680.8,482.0,697.3,524.1
853,0,person,0.1188,343.0,540.8,362.2,581.5
853,2,large_vehicle,0.1159,561.0,479.1,651.9,530.8
853,0,person,0.1038,343.2,542.6,362.5,585.3
853,2,large_vehicle,0.1007,954.6,406.3,1024.2,451.0
854,2,large_vehicle,0.9066,669.4,539.0,894.0,711.0
854,1,car,0.7445,191.3,708.6,300.8,789.8
854,1,car,0.6837,561.0,479.1,651.9,530.8
854,0,person,0.6665,1001.2,760.5,1028.8,834.3
854,0,person,0.2227,1196.9,509.8,1217.1,563.4
854,0,person,0.1334,680.8,482.0,697.3,524.0
854,0,person,0.1300,343.1,542.8,362.3,585.1
854,2,large_vehicle,0.1165,561.0,479.1,651.9,530.8
855,2,large_vehicle,0.8924,657.2,542.4,885.1,714.0
855,1,car,0.7822,153.2,711.7,291.9,792.9
855,1,car,0.6996,560.9,479.7,651.7,530.5
855,0,person,0.3083,999.8,761.4,1023.9,837.9
855,0,person,0.2817,1197.1,512.9,1216.9,563.5
855,0,person,0.2796,680.2,482.7,697.9,525.0
855,0,person,0.2635,341.7,543.2,359.7,579.1
855,2,large_vehicle,0.2158,954.7,407.0,1023.8,451.2
855,3,motorcycle,0.1408,336.3,554.3,363.2,586.8
855,2,large_vehicle,0.1348,560.9,479.7,651.7,530.5
855,0,person,0.1036,338.0,543.7,354.8,577.8
856,2,large_vehicle,0.8934,657.3,542.3,884.8,713.9
856,1,car,0.7852,152.4,711.7,291.8,792.9
856,1,car,0.6835,561.0,479.6,651.8,530.7
856,0,person,0.2946,1000.0,761.5,1023.9,837.5
856,0,person,0.2537,341.7,543.4,359.9,578.9
856,0,person,0.2350,680.3,482.6,698.0,525.0
856,0,person,0.2331,1196.9,511.2,1217.0,563.5
856,2,large_vehicle,0.1778,954.6,407.0,1023.6,451.1
856,2,large_vehicle,0.1488,561.0,479.6,651.8,530.7
856,3,motorcycle,0.1446,336.6,554.3,363.3,586.8
857,2,large_vehicle,0.8922,657.3,542.4,885.0,713.9
857,1,car,0.7852,152.7,711.7,291.8,792.9
857,1,car,0.6820,561.0,479.6,651.7,530.6
857,0,person,0.2996,999.9,761.5,1023.9,837.9
857,0,person,0.2522,341.7,543.2,359.9,578.9
857,0,person,0.2488,680.2,482.7,697.8,525.1
857,0,person,0.2310,1197.0,511.5,1217.0,563.4
857,2,large_vehicle,0.1847,954.6,406.9,1023.6,451.1
857,2,large_vehicle,0.1515,561.0,479.6,651.7,530.6
857,3,motorcycle,0.1443,336.5,554.3,363.4,586.8
858,2,large_vehicle,0.9075,643.6,544.2,869.6,716.7
858,1,car,0.7497,153.9,712.3,284.3,792.4
858,1,car,0.6992,561.6,478.7,651.4,530.7
858,0,person,0.3565,998.7,761.6,1022.3,842.6
858,0,person,0.2369,680.1,482.8,696.7,525.1
858,2,large_vehicle,0.1596,952.6,406.8,1024.7,450.8
858,2,large_vehicle,0.1294,561.6,478.7,651.4,530.7
858,0,person,0.1041,1196.9,509.4,1216.9,563.4
859,2,large_vehicle,0.9097,643.6,544.3,869.8,716.7
859,1,car,0.7460,153.8,712.3,284.3,792.3
859,1,car,0.7035,561.7,478.8,651.4,530.7
859,0,person,0.3950,998.5,761.6,1022.8,842.8
859,0,person,0.2493,680.1,482.8,696.8,525.2
859,2,large_vehicle,0.1676,953.6,407.0,1025.0,450.9
859,2,large_vehicle,0.1220,561.7,478.8,651.4,530.7
860,2,large_vehicle,0.9162,632.9,547.7,860.9,719.4
860,1,car,0.6286,561.3,479.1,651.9,530.7
860,1,car,0.5087,156.6,713.4,274.7,792.3
860,0,person,0.2528,679.2,482.9,695.7,525.6
860,2,large_vehicle,0.1793,561.3,479.1,651.9,530.7
860,0,person,0.1761,996.1,760.4,1020.3,844.7
860,2,large_vehicle,0.1495,954.7,406.7,1025.0,451.0
860,1,car,0.1401,157.8,713.0,274.9,792.5
860,1,car,0.1275,1286.2,591.8,1342.0,677.3
860,2,large_vehicle,0.1267,156.6,713.4,274.7,792.3
860,0,person,0.1159,1196.6,504.0,1217.9,563.3
861,2,large_vehicle,0.9147,633.0,547.7,860.8,719.4
861,1,car,0.6109,560.8,479.1,651.9,530.7
861,1,car,0.5122,156.7,713.3,274.7,792.4
861,0,person,0.2500,679.2,483.0,695.7,525.6
861,0,person,0.2038,996.2,760.4,1020.3,844.7
861,2,large_vehicle,0.1859,560.8,479.1,651.9,530.7
861,0,person,0.1332,1196.6,503.9,1217.9,563.4
861,1,car,0.1321,1286.2,591.7,1342.0,677.1
861,2,large_vehicle,0.1304,156.7,713.3,274.7,792.4
861,2,large_vehicle,0.1304,955.3,407.2,1025.0,451.0
861,1,car,0.1172,157.8,713.0,274.9,792.5
862,2,large_vehicle,0.9157,632.9,547.8,860.9,719.5
862,1,car,0.5992,560.5,478.9,652.1,530.7
862,1,car,0.5129,156.7,713.3,274.7,792.3
862,0,person,0.2464,679.2,482.9,695.8,525.7
862,0,person,0.2156,996.2,760.5,1020.4,844.8
862,2,large_vehicle,0.2042,560.5,478.9,652.1,530.7
862,0,person,0.1311,1196.7,504.1,1217.8,563.2
862,2,large_vehicle,0.1293,156.7,713.3,274.7,792.3
862,1,car,0.1247,157.9,713.0,275.0,792.5
862,2,large_vehicle,0.1154,955.2,406.8,1025.0,451.0
863,2,large_vehicle,0.9119,618.2,549.9,849.4,723.7
863,1,car,0.6316,159.5,712.2,267.0,792.9
863,1,car,0.5820,560.3,478.5,652.0,530.9
863,0,person,0.5420,994.8,761.3,1018.7,842.7
863,0,person,0.2833,1196.7,508.7,1217.1,563.4
863,0,person,0.1699,332.5,551.9,348.7,587.5
863,2,large_vehicle,0.1578,560.3,478.5,652.0,530.9
863,2,large_vehicle,0.1293,955.1,406.7,1025.0,451.1
863,4,other_vehicle,0.1049,324.7,560.9,355.5,593.2
864,2,large_vehicle,0.9055,605.2,552.0,834.7,726.3
864,1,car,0.6445,561.3,479.5,652.2,530.5
864,0,person,0.6048,993.9,763.8,1016.5,834.8
864,1,car,0.5293,157.9,713.2,259.9,792.3
864,0,person,0.2684,1197.0,512.9,1216.7,563.7
864,2,large_vehicle,0.2291,955.1,406.8,1025.4,451.0
864,2,large_vehicle,0.1403,561.3,479.5,652.2,530.5
864,2,large_vehicle,0.1356,157.9,713.2,259.9,792.3
865,2,large_vehicle,0.9043,605.3,552.0,834.5,726.3
865,0,person,0.6069,993.8,763.7,1016.5,834.6
865,1,car,0.6026,561.1,479.3,652.5,530.7
865,1,car,0.5354,157.9,713.1,260.0,792.3
865,0,person,0.2845,1197.0,512.7,1216.8,563.8
865,2,large_vehicle,0.2386,954.9,406.6,1025.3,451.0
865,2,large_vehicle,0.1558,561.1,479.3,652.5,530.7
865,2,large_vehicle,0.1309,157.9,713.1,260.0,792.3
866,2,large_vehicle,0.9038,605.3,551.9,834.7,726.4
866,0,person,0.6286,993.9,763.8,1016.4,834.5
866,1,car,0.6030,561.1,479.3,652.4,530.7
866,1,car,0.5395,157.9,713.1,260.0,792.3
866,0,person,0.2840,1197.0,512.9,1216.8,563.8
866,2,large_vehicle,0.2478,954.9,406.6,1025.4,451.0
866,2,large_vehicle,0.1573,561.1,479.3,652.4,530.7
866,2,large_vehicle,0.1294,157.9,713.1,260.0,792.3
867,2,large_vehicle,0.9167,592.8,557.6,826.7,731.0
867,1,car,0.6520,561.6,478.5,653.0,530.8
867,0,person,0.6148,992.1,764.5,1015.5,841.5
867,1,car,0.3859,149.4,716.9,252.5,792.7
867,2,large_vehicle,0.2611,953.6,406.6,1025.5,450.9
867,2,large_vehicle,0.2569,149.4,716.9,252.5,792.7
867,0,person,0.2205,1197.0,510.7,1216.9,563.8
867,1,car,0.1299,953.6,406.6,1025.5,450.9
868,2,large_vehicle,0.9170,592.8,557.7,826.4,731.0
868,1,car,0.6485,562.9,478.9,652.4,530.8
868,0,person,0.6221,992.2,764.4,1015.6,841.6
868,1,car,0.3833,148.9,716.9,252.6,792.7
868,2,large_vehicle,0.2593,148.9,716.9,252.6,792.7
868,2,large_vehicle,0.2356,953.3,406.6,1025.4,450.9
868,0,person,0.2179,1197.0,510.1,1216.9,563.8
868,1,car,0.1257,953.3,406.6,1025.4,450.9
868,2,large_vehicle,0.1184,562.9,478.9,652.4,530.8
869,2,large_vehicle,0.8883,579.7,558.6,812.1,732.0
869,0,person,0.6979,989.3,765.3,1014.1,845.6
869,1,car,0.6442,560.4,478.6,652.2,530.9
869,1,car,0.3131,142.0,716.3,244.0,794.4
869,2,large_vehicle,0.2698,142.0,716.3,244.0,794.4
869,0,person,0.2394,1196.9,510.8,1217.0,563.9
869,2,large_vehicle,0.1514,955.6,407.1,1025.7,450.9
869,2,large_vehicle,0.1337,560.4,478.6,652.2,530.9
870,2,large_vehicle,0.8899,579.7,558.6,812.1,732.1
870,0,person,0.7019,989.3,765.4,1014.1,845.6
870,1,car,0.6185,560.7,478.6,651.9,530.8
870,1,car,0.3069,142.1,716.3,243.9,794.3
870,2,large_vehicle,0.2740,142.1,716.3,243.9,794.3
870,0,person,0.2522,1197.0,511.1,1217.0,563.8
870,2,large_vehicle,0.1702,955.7,407.2,1025.9,450.9
870,2,large_vehicle,0.1546,560.7,478.6,651.9,530.8
871,2,large_vehicle,0.8866,579.7,558.6,812.0,732.1
871,0,person,0.7052,989.2,765.8,1014.0,845.3
871,1,car,0.6229,560.8,478.5,652.0,530.9
871,1,car,0.3086,141.9,716.3,244.0,794.4
871,0,person,0.2880,1197.0,510.6,1217.0,564.1
871,2,large_vehicle,0.2760,141.9,716.3,244.0,794.4
871,2,large_vehicle,0.1556,560.8,478.5,652.0,530.9
871,2,large_vehicle,0.1311,955.8,406.7,1025.2,450.9
872,2,large_vehicle,0.7881,567.7,561.8,800.3,735.2
872,0,person,0.7326,986.2,766.4,1012.4,845.0
872,1,car,0.6261,139.8,715.3,237.2,793.6
872,1,car,0.5943,560.7,478.6,652.2,530.8
872,0,person,0.3361,1197.1,512.3,1216.8,564.0
872,2,large_vehicle,0.1431,560.7,478.6,652.2,530.8
872,0,person,0.1271,324.3,552.4,338.9,582.0
873,2,large_vehicle,0.8025,567.8,561.8,800.3,735.2
873,0,person,0.7285,986.1,766.4,1011.6,845.1
873,1,car,0.6258,139.9,715.4,237.2,793.6
873,1,car,0.5905,560.6,478.4,651.9,530.7
873,0,person,0.2854,1196.9,511.2,1216.9,564.0
873,2,large_vehicle,0.1727,560.6,478.4,651.9,530.7
873,0,person,0.1271,324.4,552.4,338.9,582.1
874,2,large_vehicle,0.8092,556.2,566.1,789.2,737.5
874,0,person,0.7079,984.2,767.5,1009.9,845.8
874,1,car,0.6527,561.3,479.4,652.2,530.6
874,1,car,0.5894,134.4,715.5,229.0,793.6
874,0,person,0.3680,1197.1,514.1,1216.9,564.0
874,0,person,0.1438,322.3,551.3,336.7,581.7
874,2,large_vehicle,0.1365,955.0,407.2,1024.7,451.1
874,2,large_vehicle,0.1277,561.3,479.4,652.2,530.6
875,2,large_vehicle,0.8097,556.2,566.1,789.1,737.5
875,0,person,0.7074,984.3,767.5,1009.9,845.8
875,1,car,0.6497,561.3,479.4,652.2,530.6
875,1,car,0.5861,134.4,715.6,228.9,793.5
875,0,person,0.3692,1197.1,514.2,1216.9,564.0
875,0,person,0.1439,322.3,551.3,336.7,581.7
875,2,large_vehicle,0.1360,955.0,407.2,1024.7,451.1
875,2,large_vehicle,0.1309,561.3,479.4,652.2,530.6
876,2,large_vehicle,0.8147,556.2,566.2,789.1,737.5
876,0,person,0.7094,984.2,767.5,1009.9,845.8
876,1,car,0.6935,560.8,479.7,652.0,530.6
876,1,car,0.5864,134.5,715.5,228.9,793.5
876,0,person,0.3796,1197.2,515.7,1216.8,563.8
876,2,large_vehicle,0.1516,955.0,407.1,1024.9,451.1
876,0,person,0.1342,322.3,551.3,336.6,581.6
877,2,large_vehicle,0.8797,540.4,567.2,774.6,740.7
877,0,person,0.7429,983.4,768.6,1009.0,844.6
877,1,car,0.6481,560.2,478.0,652.4,530.8
877,1,car,0.6396,127.7,716.6,221.6,793.9
877,0,person,0.3417,320.4,553.1,336.9,588.9
877,0,person,0.2833,1197.0,513.1,1217.0,563.9
877,1,car,0.1974,953.3,406.7,1026.2,450.9
877,2,large_vehicle,0.1946,953.3,406.7,1026.2,450.9
878,2,large_vehicle,0.8702,540.1,567.2,774.4,740.6
878,0,person,0.7309,983.3,768.5,1008.6,844.6
878,1,car,0.6438,560.1,478.1,652.4,530.8
878,1,car,0.6415,127.7,716.2,221.5,794.1
878,0,person,0.3272,320.5,553.1,336.9,588.7
878,0,person,0.2710,1197.0,513.1,1217.0,563.9
878,1,car,0.1985,953.3,406.6,1026.2,450.9
878,2,large_vehicle,0.1954,953.3,406.6,1026.2,450.9
879,1,car,0.7310,122.5,716.1,214.8,795.2
879,0,person,0.6854,981.5,769.1,1009.2,844.3
879,2,large_vehicle,0.6018,529.2,570.6,762.1,743.0
879,1,car,0.5957,560.8,478.4,652.1,530.8
879,0,person,0.3021,1196.9,512.9,1217.2,564.1
879,0,person,0.2621,319.3,554.0,335.4,588.8
879,0,person,0.2019,673.3,484.7,687.9,523.9
879,2,large_vehicle,0.1776,955.7,407.3,1026.4,451.0
879,0,person,0.1768,318.7,554.3,336.6,592.4
879,1,car,0.1488,955.7,407.3,1026.4,451.0
879,2,large_vehicle,0.1263,560.8,478.4,652.1,530.8
880,1,car,0.7246,122.6,716.3,214.8,795.0
880,0,person,0.6654,981.9,769.2,1009.0,842.8
880,2,large_vehicle,0.6315,529.2,570.4,762.1,743.1
880,1,car,0.6102,560.7,478.4,652.5,530.8
880,0,person,0.3205,1196.9,513.0,1217.2,564.1
880,0,person,0.2778,318.6,554.0,336.7,592.5
880,0,person,0.1574,673.3,484.6,687.8,524.0
880,0,person,0.1441,319.4,554.0,335.5,588.5
880,2,large_vehicle,0.1339,955.8,407.3,1025.9,451.0
880,2,large_vehicle,0.1044,560.7,478.4,652.5,530.8
880,1,car,0.1039,955.8,407.3,1025.9,451.0
881,1,car,0.7239,122.6,716.4,214.8,795.0
881,0,person,0.6814,981.8,769.2,1009.3,842.9
881,2,large_vehicle,0.6507,529.2,570.4,762.0,743.1
881,1,car,0.6131,560.7,478.4,652.5,530.8
881,0,person,0.3229,1196.9,512.7,1217.2,564.1
881,0,person,0.2462,319.3,554.0,335.4,588.8
881,0,person,0.1977,673.3,484.7,687.9,524.0
881,0,person,0.1862,318.6,554.2,336.6,592.4
881,2,large_vehicle,0.1355,955.8,407.3,1025.9,451.0
881,2,large_vehicle,0.1056,560.7,478.4,652.5,530.8
881,1,car,0.1042,955.8,407.3,1025.9,451.0
882,2,large_vehicle,0.6864,515.5,571.8,750.3,744.1
882,1,car,0.6672,117.2,717.3,207.4,793.9
882,0,person,0.6425,979.7,770.7,1003.4,839.9
882,1,car,0.5696,559.8,478.2,653.0,530.8
882,0,person,0.4011,672.0,484.8,687.7,523.8
882,0,person,0.3390,1197.0,513.0,1217.1,564.1
882,0,person,0.1267,312.4,554.3,331.3,591.4
882,0,person,0.1012,1118.5,388.5,1132.8,421.7
883,2,large_vehicle,0.6920,515.3,571.7,750.6,744.1
883,1,car,0.6596,117.2,717.3,207.3,794.0
883,0,person,0.6359,979.8,770.7,1003.4,839.8
883,1,car,0.5483,559.7,478.1,653.0,530.9
883,0,person,0.4008,672.0,484.6,688.0,523.8
883,0,person,0.3500,1197.0,514.0,1217.0,563.9
883,0,person,0.1288,312.2,554.4,331.3,591.3
884,0,person,0.6828,978.1,771.4,1002.9,840.5
884,1,car,0.6265,560.9,479.5,652.6,530.6
884,2,large_vehicle,0.6218,500.4,576.2,737.5,747.5
884,1,car,0.5626,114.3,718.5,199.9,793.5
884,0,person,0.3992,671.5,485.8,687.7,524.6
884,0,person,0.3851,1197.2,516.7,1216.7,563.7
884,0,person,0.2500,310.7,555.1,328.4,588.3
884,2,large_vehicle,0.2351,955.1,407.1,1025.8,451.1
884,4,other_vehicle,0.2349,306.6,564.6,332.9,597.1
884,1,car,0.1249,955.1,407.1,1025.8,451.1
885,0,person,0.6795,978.2,771.5,1002.9,840.6
885,1,car,0.6343,561.1,479.7,652.5,530.6
885,2,large_vehicle,0.6158,500.4,576.1,737.6,747.5
885,1,car,0.5701,114.3,718.4,200.1,793.5
885,0,person,0.4136,671.5,485.8,687.7,524.6
885,0,person,0.3922,1197.2,516.8,1216.7,564.0
885,0,person,0.2627,310.8,555.1,328.3,588.2
885,4,other_vehicle,0.2425,306.7,564.7,332.9,597.1
885,2,large_vehicle,0.2278,955.0,406.9,1026.0,451.0
885,1,car,0.1227,955.0,406.9,1026.0,451.0
886,0,person,0.6742,977.7,771.5,1003.0,840.5
886,2,large_vehicle,0.6489,500.3,576.0,737.4,747.5
886,1,car,0.6350,561.0,479.5,652.9,530.6
886,1,car,0.5564,114.4,718.6,200.0,793.5
886,0,person,0.3667,1197.3,516.2,1216.7,563.9
886,0,person,0.3614,671.6,485.7,687.7,524.6
886,0,person,0.2506,310.8,555.1,328.4,588.3
886,4,other_vehicle,0.2370,306.6,564.8,333.1,597.1
886,2,large_vehicle,0.2186,954.9,407.0,1025.4,451.1
886,1,car,0.1177,954.9,407.0,1025.4,451.1
887,1,car,0.7393,104.9,717.2,194.4,794.9
887,0,person,0.6538,975.7,771.2,1000.8,845.2
887,1,car,0.6036,561.3,478.6,653.0,530.9
887,0,person,0.4370,670.9,484.7,687.6,524.6
887,2,large_vehicle,0.3775,489.9,579.6,722.2,752.4
887,0,person,0.2731,1197.1,512.8,1216.8,563.9
887,0,person,0.2244,306.8,556.6,326.0,596.2
887,2,large_vehicle,0.1474,954.2,407.1,1026.3,450.9
888,1,car,0.6706,99.6,717.2,186.6,795.6
888,1,car,0.5702,561.8,478.4,652.3,531.0
888,0,person,0.5208,973.4,771.6,999.6,847.9
888,0,person,0.4169,670.0,485.1,686.7,525.6
888,0,person,0.3233,1197.1,513.6,1216.9,563.9
888,0,person,0.2916,305.9,550.9,324.3,590.8
888,2,large_vehicle,0.1451,561.8,478.4,652.3,531.0
888,4,other_vehicle,0.1438,301.2,566.3,328.1,597.6
888,2,large_vehicle,0.1311,955.8,407.1,1026.1,451.0
888,0,person,0.1085,1117.4,388.4,1132.5,422.8
889,1,car,0.6677,99.6,717.3,186.6,795.5
889,1,car,0.5977,561.6,478.5,652.1,531.0
889,0,person,0.4971,973.5,771.6,999.6,847.7
889,0,person,0.4851,670.2,485.0,687.2,525.5
889,0,person,0.3064,1197.1,512.3,1216.9,563.9
889,0,person,0.2755,306.0,550.8,324.2,590.4
889,2,large_vehicle,0.1445,561.6,478.5,652.1,531.0
889,2,large_vehicle,0.1438,955.8,407.2,1026.3,451.0
890,1,car,0.6661,99.6,717.3,186.5,795.4
890,1,car,0.5917,561.6,478.4,652.1,531.0
890,0,person,0.4973,973.5,771.5,999.6,847.6
890,0,person,0.4365,670.1,485.0,686.7,525.5
890,0,person,0.3077,1197.1,511.8,1216.9,563.9
890,0,person,0.2872,305.9,550.8,324.3,590.5
890,2,large_vehicle,0.1508,955.8,407.2,1026.3,451.0
890,2,large_vehicle,0.1455,561.6,478.4,652.1,531.0
890,4,other_vehicle,0.1247,301.6,566.5,327.8,597.6
890,0,person,0.1026,1117.4,388.6,1132.7,422.8
891,2,large_vehicle,0.7922,464.9,581.9,696.8,756.0
891,1,car,0.6707,94.8,715.8,181.0,796.2
891,1,car,0.5209,559.5,478.0,652.1,530.9
891,0,person,0.5127,973.0,772.2,997.5,846.6
891,0,person,0.2392,1197.3,513.5,1216.7,563.6
891,2,large_vehicle,0.1648,559.5,478.0,652.1,530.9
891,0,person,0.1640,302.6,548.8,320.5,585.3
891,2,large_vehicle,0.1281,955.6,407.2,1025.4,451.2
892,2,large_vehicle,0.7988,465.0,582.0,696.9,755.9
892,1,car,0.6612,94.8,716.1,180.9,795.9
892,1,car,0.5545,560.0,478.2,651.9,530.9
892,0,person,0.5408,972.3,772.2,997.6,846.6
892,0,person,0.2898,1197.4,516.1,1216.6,563.8
892,0,person,0.1712,302.6,548.8,320.6,585.2
892,2,large_vehicle,0.1673,560.0,478.2,651.9,530.9
892,2,large_vehicle,0.1106,955.8,407.9,1024.4,451.2
893,2,large_vehicle,0.7950,450.5,584.7,682.6,759.7
893,1,car,0.7304,89.3,717.5,174.7,797.4
893,1,car,0.6186,560.7,479.4,651.4,530.6
893,0,person,0.3557,971.2,772.9,994.3,849.9
893,0,person,0.2438,1197.3,516.2,1216.6,563.8
893,0,person,0.1911,668.2,483.9,685.7,526.6
893,2,large_vehicle,0.1509,955.6,407.9,1024.3,451.2
893,2,large_vehicle,0.1115,560.7,479.4,651.4,530.6
893,0,person,0.1099,301.2,549.3,318.5,584.6
894,2,large_vehicle,0.7930,450.6,584.7,682.3,759.6
894,1,car,0.7272,89.3,717.5,174.8,797.4
894,1,car,0.6328,560.7,479.5,651.3,530.6
894,0,person,0.3705,971.3,772.9,994.3,850.2
894,0,person,0.3302,1197.4,518.2,1216.5,563.6
894,0,person,0.1998,668.2,484.0,685.6,526.6
894,2,large_vehicle,0.1197,955.4,408.1,1024.2,451.1
894,0,person,0.1164,301.1,549.2,318.5,584.8
895,2,large_vehicle,0.8020,450.6,584.8,682.6,759.5
895,1,car,0.7263,89.3,717.7,174.7,797.3
895,1,car,0.6238,560.8,479.3,651.4,530.5
895,0,person,0.4184,971.2,772.7,994.3,850.2
895,0,person,0.3528,1197.5,519.1,1216.4,563.6
895,0,person,0.2158,668.4,483.9,685.5,526.6
895,0,person,0.1308,301.2,549.2,318.4,584.5
895,2,large_vehicle,0.1243,560.8,479.3,651.4,530.5
896,2,large_vehicle,0.7558,439.6,585.4,670.9,762.1
896,1,car,0.6218,83.7,720.1,168.5,797.5
896,1,car,0.5519,561.9,478.0,651.7,530.9
896,0,person,0.3390,969.7,773.0,992.6,848.2
896,0,person,0.2252,300.2,552.4,316.3,585.3
896,0,person,0.1472,1197.4,517.4,1216.5,563.5
896,2,large_vehicle,0.1322,561.9,478.0,651.7,530.9
896,0,person,0.1263,667.1,482.7,684.5,526.2
896,2,large_vehicle,0.1006,954.2,407.0,1024.9,451.0
897,2,large_vehicle,0.7357,439.7,585.4,671.0,762.0
897,1,car,0.6151,83.8,720.2,168.7,797.4
897,1,car,0.5388,561.7,478.0,651.6,530.9
897,0,person,0.3885,969.7,773.1,992.6,848.5
897,0,person,0.2269,300.1,552.3,316.4,585.4
897,0,person,0.1939,1197.4,517.9,1216.6,563.5
897,0,person,0.1424,667.1,482.6,684.5,526.2
897,2,large_vehicle,0.1375,561.7,478.0,651.6,530.9
898,2,large_vehicle,0.7938,427.7,591.6,656.7,763.8
898,1,car,0.6764,79.7,720.4,162.2,796.5
898,1,car,0.5089,562.2,478.1,651.6,531.0
898,2,large_vehicle,0.2028,562.2,478.1,651.6,531.0
898,0,person,0.1894,1197.4,516.8,1216.5,563.5
898,0,person,0.1701,298.8,557.4,313.8,587.0
898,0,person,0.1321,298.5,558.6,316.0,593.0
899,2,large_vehicle,0.7951,427.7,591.8,656.5,763.7
899,1,car,0.6779,79.7,720.4,162.2,796.6
899,1,car,0.5070,562.2,478.2,651.6,531.0
899,2,large_vehicle,0.2000,562.2,478.2,651.6,531.0
899,0,person,0.1882,1197.4,516.8,1216.5,563.4
899,0,person,0.1695,298.8,557.4,313.8,587.0
899,0,person,0.1305,298.5,558.6,316.0,593.0
900,2,large_vehicle,0.8014,427.6,591.8,656.7,763.6
900,1,car,0.6699,79.7,720.4,162.2,796.6
900,1,car,0.4820,562.4,478.0,651.7,531.0
900,2,large_vehicle,0.2216,562.4,478.0,651.7,531.0
900,0,person,0.1681,298.9,557.4,313.8,587.0
900,0,person,0.1357,1197.5,518.7,1216.2,563.4
900,0,person,0.1328,298.5,558.6,315.9,592.9
900,0,person,0.1026,968.9,774.1,991.6,850.3
901,1,car,0.7617,75.2,722.3,157.2,794.3
901,2,large_vehicle,0.4787,415.0,593.5,642.7,767.7
901,1,car,0.4526,561.2,478.1,651.2,531.0
901,0,person,0.4413,967.9,775.8,990.0,847.4
901,0,person,0.3478,1197.7,519.6,1216.0,563.5
901,0,person,0.2292,297.5,559.7,314.8,592.3
901,2,large_vehicle,0.2104,561.2,478.1,651.2,531.0
901,4,other_vehicle,0.1756,290.3,566.7,319.1,595.1
901,0,person,0.1598,297.5,558.0,312.5,588.6
901,0,person,0.1456,293.2,554.4,308.6,587.6
902,1,car,0.7548,75.3,722.3,157.4,794.3
902,2,large_vehicle,0.5126,414.9,593.5,642.8,767.7
902,1,car,0.4516,561.2,478.1,651.2,531.0
902,0,person,0.3604,968.0,775.8,990.2,847.0
902,0,person,0.3482,1197.7,519.7,1216.0,563.5
902,0,person,0.2216,297.5,559.8,314.6,592.3
902,4,other_vehicle,0.2149,289.3,567.0,319.4,595.2
902,2,large_vehicle,0.2143,561.2,478.1,651.2,531.0
902,0,person,0.1679,297.5,558.1,312.5,588.7
902,0,person,0.1512,293.1,554.4,308.6,587.8
903,2,large_vehicle,0.8567,404.2,597.6,632.0,772.2
903,1,car,0.6506,71.6,722.0,151.4,795.6
903,1,car,0.5363,561.5,479.1,651.4,530.7
903,0,person,0.3872,1197.6,519.3,1216.4,563.5
903,2,large_vehicle,0.2337,561.5,479.1,651.4,530.7
903,0,person,0.1533,291.2,553.4,307.7,588.1
903,2,large_vehicle,0.1496,955.5,406.5,1025.2,451.0
903,1,car,0.1358,1285.9,594.9,1342.0,676.9
904,2,large_vehicle,0.8490,403.9,597.4,632.1,772.0
904,1,car,0.6619,71.6,721.9,151.4,795.5
904,1,car,0.5015,561.7,479.2,651.3,530.8
904,0,person,0.3618,1197.6,519.1,1216.4,563.7
904,2,large_vehicle,0.2391,561.7,479.2,651.3,530.8
904,0,person,0.1424,291.3,553.9,307.6,588.3
904,2,large_vehicle,0.1386,955.4,406.6,1025.1,451.0
904,1,car,0.1267,1285.9,595.0,1342.0,677.0
905,2,large_vehicle,0.8471,403.9,597.4,632.1,772.0
905,1,car,0.6563,71.5,721.9,151.4,795.6
905,1,car,0.4975,561.6,479.1,651.4,530.8
905,0,person,0.3513,1197.6,519.1,1216.3,563.7
905,2,large_vehicle,0.2413,561.6,479.1,651.4,530.8
905,2,large_vehicle,0.1354,955.4,406.5,1025.1,451.0
905,1,car,0.1261,1285.9,595.0,1342.0,677.0
905,0,person,0.1117,291.3,554.1,307.6,588.4
906,1,car,0.5033,563.1,478.1,651.0,530.7
906,1,car,0.4791,66.9,722.9,145.1,796.5
906,0,person,0.3732,1197.8,522.2,1215.7,563.0
906,0,person,0.2931,289.2,555.2,304.7,589.4
906,2,large_vehicle,0.2609,563.1,478.1,651.0,530.7
906,4,other_vehicle,0.2160,66.9,722.9,145.1,796.5
906,2,large_vehicle,0.1975,954.3,406.4,1025.7,450.6
906,1,car,0.1971,1257.7,466.5,1308.9,506.4
906,2,large_vehicle,0.1936,396.1,599.4,613.2,781.6
907,1,car,0.4765,66.9,723.0,145.2,796.5
907,1,car,0.4729,563.8,478.1,650.9,530.8
907,0,person,0.3871,1197.9,522.3,1215.8,562.9
907,0,person,0.3205,289.3,555.1,304.7,589.3
907,2,large_vehicle,0.2893,563.8,478.1,650.9,530.8
907,2,large_vehicle,0.2333,395.9,599.4,613.3,781.4
907,4,other_vehicle,0.2167,66.9,723.0,145.2,796.5
907,2,large_vehicle,0.2056,954.9,406.5,1025.5,450.7
907,1,car,0.1889,1257.6,466.3,1307.2,506.3
908,2,large_vehicle,0.5728,379.9,602.4,604.6,770.0
908,0,person,0.5177,962.6,780.8,984.5,851.4
908,1,car,0.4351,563.2,478.1,651.2,531.2
908,1,car,0.4066,61.6,723.7,139.5,794.6
908,0,person,0.3796,1197.5,520.5,1216.4,563.7
908,2,large_vehicle,0.2896,563.2,478.1,651.2,531.2
908,4,other_vehicle,0.2481,61.6,723.7,139.5,794.6
908,2,large_vehicle,0.1479,955.6,406.8,1025.6,450.9
909,2,large_vehicle,0.5613,380.0,602.4,604.6,770.1
909,1,car,0.4268,61.6,723.6,139.5,794.6
909,1,car,0.4177,563.3,478.1,651.1,531.2
909,0,person,0.3368,1197.5,520.6,1216.3,563.7
909,0,person,0.3340,962.6,780.8,984.5,851.5
909,2,large_vehicle,0.2977,563.3,478.1,651.1,531.2
909,4,other_vehicle,0.2428,61.6,723.6,139.5,794.6
909,2,large_vehicle,0.1417,955.7,406.6,1025.5,450.9
909,0,person,0.1272,962.9,779.4,984.5,850.4
910,2,large_vehicle,0.5347,380.0,602.4,604.5,770.1
910,1,car,0.4337,61.5,723.4,139.6,794.8
910,1,car,0.4058,563.5,478.1,651.2,531.2
910,0,person,0.3959,1197.5,519.7,1216.4,563.5
910,0,person,0.3617,962.6,780.8,984.6,851.6
910,2,large_vehicle,0.3117,563.5,478.1,651.2,531.2
910,4,other_vehicle,0.2290,61.5,723.4,139.6,794.8
911,1,car,0.4179,561.4,477.7,651.4,531.1
911,1,car,0.3756,58.1,723.5,134.9,793.4
911,0,person,0.3266,1197.4,518.5,1216.5,563.5
911,2,large_vehicle,0.2953,561.4,477.7,651.4,531.1
911,4,other_vehicle,0.2363,58.1,723.5,134.9,793.4
911,0,person,0.1601,960.1,780.5,982.1,850.4
912,1,car,0.5462,561.1,478.8,651.2,530.8
912,4,other_vehicle,0.4756,54.4,726.6,129.0,792.2
912,0,person,0.4131,1197.5,519.7,1216.5,563.4
912,2,large_vehicle,0.2837,561.1,478.8,651.2,530.8
912,0,person,0.2125,281.2,560.6,303.2,601.5
912,2,large_vehicle,0.1957,955.2,407.3,1024.8,451.0
912,1,car,0.1908,54.4,726.6,129.0,792.2
912,2,large_vehicle,0.1653,355.3,601.2,581.2,776.3
912,0,person,0.1307,957.6,781.2,979.2,853.4
912,1,car,0.1070,955.2,407.3,1024.8,451.0
913,1,car,0.5716,561.0,478.6,651.2,530.9
913,4,other_vehicle,0.4639,54.4,726.7,129.0,792.1
913,0,person,0.2712,1197.4,518.4,1216.4,563.3
913,2,large_vehicle,0.2619,561.0,478.6,651.2,530.9
913,2,large_vehicle,0.2448,955.0,407.0,1025.3,450.9
913,0,person,0.2353,281.4,560.6,303.7,601.2
913,0,person,0.2135,957.3,781.6,979.1,853.4
913,1,car,0.1883,54.4,726.7,129.0,792.1
913,2,large_vehicle,0.1613,355.2,601.3,580.9,776.3
913,1,car,0.1172,955.0,407.0,1025.3,450.9
914,1,car,0.5679,561.0,478.5,651.2,530.9
914,4,other_vehicle,0.4683,54.4,726.7,129.0,792.2
914,0,person,0.2878,281.5,560.6,303.4,601.4
914,2,large_vehicle,0.2669,561.0,478.5,651.2,530.9
914,0,person,0.2636,1197.4,518.2,1216.5,563.3
914,2,large_vehicle,0.2433,955.0,407.0,1025.3,451.0
914,1,car,0.1818,54.4,726.7,129.0,792.2
914,2,large_vehicle,0.1610,355.2,601.0,581.1,776.3
914,0,person,0.1513,957.4,781.2,979.3,853.5
914,1,car,0.1159,955.0,407.0,1025.3,451.0
915,1,car,0.5929,562.2,478.3,650.6,530.8
915,0,person,0.4602,955.3,782.0,976.7,854.4
915,4,other_vehicle,0.3109,50.7,727.1,121.8,791.5
915,2,large_vehicle,0.2917,346.7,606.3,567.2,777.5
915,0,person,0.2509,1197.4,519.3,1216.3,563.4
915,1,car,0.2362,50.7,727.1,121.8,791.5
915,2,large_vehicle,0.2299,562.2,478.3,650.6,530.8
915,2,large_vehicle,0.1770,954.4,406.0,1026.9,450.8
916,1,car,0.5998,562.5,478.5,650.6,530.8
916,0,person,0.4475,955.2,782.3,976.9,854.4
916,2,large_vehicle,0.3945,346.8,606.3,566.9,777.5
916,4,other_vehicle,0.3609,50.8,727.0,121.2,791.7
916,0,person,0.2506,1197.4,518.8,1216.4,563.3
916,2,large_vehicle,0.2286,562.5,478.5,650.6,530.8
916,2,large_vehicle,0.2196,954.5,405.9,1027.0,450.8
916,1,car,0.1698,50.8,727.0,121.2,791.7
916,1,car,0.1025,954.5,405.9,1027.0,450.8
917,1,car,0.4739,562.0,477.9,650.7,530.8
917,2,large_vehicle,0.3802,562.0,477.9,650.7,530.8
917,0,person,0.3293,953.8,781.9,974.8,853.5
917,4,other_vehicle,0.2857,46.6,726.8,117.7,792.0
917,0,person,0.2135,1197.3,515.1,1216.8,563.3
917,2,large_vehicle,0.1913,335.5,612.6,549.7,780.1
917,0,person,0.1505,277.9,557.0,295.6,590.7
917,2,large_vehicle,0.1258,955.2,406.2,1026.4,450.9
918,1,car,0.4431,562.1,477.8,650.7,530.8
918,2,large_vehicle,0.3999,562.1,477.8,650.7,530.8
918,0,person,0.3521,953.7,781.9,974.8,853.6
918,4,other_vehicle,0.2907,46.6,726.8,117.6,792.0
918,0,person,0.1979,1197.2,513.4,1216.8,563.4
918,2,large_vehicle,0.1908,335.4,612.3,549.7,780.1
918,2,large_vehicle,0.1423,955.2,406.2,1026.5,450.9
918,0,person,0.1383,277.9,557.3,295.5,590.7
919,1,car,0.4346,561.8,478.0,650.6,530.8
919,2,large_vehicle,0.4229,561.8,478.0,650.6,530.8
919,0,person,0.4081,953.8,782.0,975.0,853.3
919,4,other_vehicle,0.2439,46.6,726.9,117.7,792.0
919,0,person,0.2321,1197.2,515.2,1216.8,563.3
919,2,large_vehicle,0.2096,335.5,613.0,549.4,780.0
919,0,person,0.1559,277.9,556.9,295.4,590.4
919,2,large_vehicle,0.1202,955.3,406.5,1026.3,450.9
920,1,car,0.4416,560.8,478.5,650.6,530.9
920,0,person,0.4001,276.7,560.0,292.7,591.8
920,4,other_vehicle,0.3823,268.2,569.5,300.2,597.4
920,2,large_vehicle,0.3724,560.8,478.5,650.6,530.9
920,0,person,0.2565,1197.4,518.1,1216.6,563.2
920,0,person,0.2171,661.5,485.6,678.0,527.7
920,4,other_vehicle,0.2050,42.8,727.2,112.1,791.5
920,0,person,0.1426,662.9,485.1,680.7,527.8
920,0,person,0.1369,277.1,561.5,293.7,595.1
920,2,large_vehicle,0.1337,955.5,407.2,1025.6,451.0
920,0,person,0.1322,952.6,781.3,973.6,848.4
920,2,large_vehicle,0.1008,321.3,618.1,537.7,782.0
921,1,car,0.4582,559.9,478.3,650.6,530.9
921,0,person,0.4027,276.6,560.0,292.7,591.9
921,4,other_vehicle,0.3949,268.2,569.6,300.2,597.5
921,2,large_vehicle,0.3638,559.9,478.3,650.6,530.9
921,0,person,0.2142,661.5,485.5,678.0,527.7
921,0,person,0.2091,1197.2,517.6,1216.7,563.1
921,4,other_vehicle,0.1907,42.8,727.2,112.1,791.4
921,0,person,0.1631,952.6,781.3,973.4,848.0
921,0,person,0.1400,277.0,561.5,293.7,595.2
921,0,person,0.1383,662.9,485.1,680.7,527.8
922,1,car,0.5941,561.4,478.7,650.7,530.9
922,0,person,0.4808,275.8,561.3,293.0,599.5
922,0,person,0.3016,1197.0,517.0,1216.7,563.2
922,4,other_vehicle,0.2375,39.1,727.7,108.0,791.6
922,1,car,0.2209,39.1,727.7,108.0,791.6
922,2,large_vehicle,0.2009,561.4,478.7,650.7,530.9
922,2,large_vehicle,0.1984,954.8,406.7,1026.0,450.9
922,0,person,0.1501,267.3,567.4,285.3,603.8
922,0,person,0.1165,661.2,486.8,677.8,528.3
923,1,car,0.5945,561.4,478.7,650.7,530.9
923,0,person,0.4812,275.8,561.3,293.0,599.5
923,0,person,0.3007,1197.1,517.2,1216.7,563.2
923,4,other_vehicle,0.2363,39.1,727.7,108.0,791.6
923,1,car,0.2208,39.1,727.7,108.0,791.6
923,2,large_vehicle,0.2004,561.4,478.7,650.7,530.9
923,2,large_vehicle,0.1949,954.9,406.7,1026.0,450.9
923,0,person,0.1502,267.3,567.4,285.3,603.8
923,0,person,0.1162,661.2,486.7,677.8,528.3
924,1,car,0.6013,560.8,478.7,650.7,530.8
924,0,person,0.4788,275.8,561.3,292.9,599.4
924,0,person,0.3512,1197.2,518.3,1216.6,563.3
924,4,other_vehicle,0.2391,39.1,727.7,108.1,791.5
924,1,car,0.2212,39.1,727.7,108.1,791.5
924,2,large_vehicle,0.2076,560.8,478.7,650.7,530.8
924,2,large_vehicle,0.1782,954.9,406.9,1026.3,450.8
924,0,person,0.1500,267.3,567.4,285.3,603.8
924,0,person,0.1029,661.3,487.1,677.7,528.4
925,1,car,0.5648,560.9,478.0,650.8,530.8
925,0,person,0.3111,1197.3,516.2,1216.6,563.1
925,0,person,0.2992,272.3,559.5,290.5,598.5
925,0,person,0.2796,659.8,485.7,678.1,527.6
925,2,large_vehicle,0.2562,560.9,478.0,650.8,530.8
925,4,other_vehicle,0.2282,35.6,728.4,102.3,791.0
925,2,large_vehicle,0.1699,954.5,406.5,1027.0,450.8
925,0,person,0.1223,947.6,782.5,969.4,852.9
925,0,person,0.1083,661.1,485.1,681.3,527.5
925,0,person,0.1051,1198.1,516.2,1218.7,563.2
926,1,car,0.5808,560.9,478.1,650.8,530.8
926,0,person,0.3189,1197.2,516.5,1216.7,563.4
926,0,person,0.2920,272.3,559.5,290.5,598.5
926,2,large_vehicle,0.2350,560.9,478.1,650.8,530.8
926,4,other_vehicle,0.2242,35.6,728.4,102.2,791.0
926,0,person,0.1639,659.6,485.3,678.1,527.7
926,2,large_vehicle,0.1576,954.6,406.5,1027.1,450.8
926,0,person,0.1488,947.6,782.6,969.2,852.9
927,1,car,0.5515,561.1,478.0,650.7,530.6
927,0,person,0.4471,946.0,784.2,967.4,853.2
927,0,person,0.3548,659.4,485.9,678.5,528.2
927,0,person,0.3158,271.6,561.2,289.0,598.1
927,0,person,0.3025,660.4,485.7,681.6,528.0
927,0,person,0.2642,1197.2,517.7,1216.7,563.3
927,2,large_vehicle,0.2500,561.1,478.0,650.7,530.6
927,4,other_vehicle,0.2363,32.6,728.3,97.3,790.4
927,0,person,0.1293,268.8,562.2,285.9,598.3
927,2,large_vehicle,0.1109,955.3,406.7,1027.0,450.9
927,0,person,0.1047,266.1,565.5,285.9,601.3
928,1,car,0.5470,561.6,478.0,651.5,530.7
928,0,person,0.4783,946.1,784.3,967.4,853.1
928,0,person,0.3494,659.3,486.2,678.5,528.2
928,0,person,0.3240,271.4,561.3,288.9,597.8
928,0,person,0.2902,660.3,486.0,681.6,528.0
928,2,large_vehicle,0.2607,561.6,478.0,651.5,530.7
928,0,person,0.2503,1197.3,518.1,1216.6,563.2
928,4,other_vehicle,0.2485,32.6,728.4,97.6,790.4
928,0,person,0.1742,268.6,561.8,286.2,598.1
929,1,car,0.5427,561.6,478.0,651.4,530.7
929,0,person,0.4802,946.0,784.3,967.5,853.2
929,0,person,0.3620,659.3,486.3,678.4,528.2
929,0,person,0.3374,271.4,561.4,289.0,598.1
929,0,person,0.2767,660.4,486.1,681.6,528.0
929,2,large_vehicle,0.2666,561.6,478.0,651.4,530.7
929,4,other_vehicle,0.2364,32.6,728.3,97.5,790.4
929,0,person,0.2333,1197.3,518.1,1216.6,562.9
929,0,person,0.1622,268.7,562.0,286.2,598.2
930,1,car,0.4895,560.7,478.2,650.8,530.7
930,0,person,0.4723,659.4,488.9,677.1,529.0
930,0,person,0.4330,1197.5,515.2,1216.4,563.0
930,0,person,0.4030,943.9,785.6,964.8,853.4
930,0,person,0.3681,268.5,560.7,285.8,598.9
930,2,large_vehicle,0.2891,560.7,478.2,650.8,530.7
931,1,car,0.5075,560.2,478.3,650.8,530.7
931,0,person,0.4605,659.4,489.0,677.1,529.0
931,0,person,0.4370,1197.3,515.3,1216.3,563.2
931,0,person,0.3887,943.6,785.6,965.1,853.9
931,0,person,0.3716,268.5,560.7,285.8,599.3
931,2,large_vehicle,0.2676,560.2,478.3,650.8,530.7
931,4,other_vehicle,0.1032,27.9,728.2,94.7,790.2
932,0,person,0.6923,940.0,787.3,963.2,854.3
932,1,car,0.6141,561.5,478.2,659.3,530.6
932,0,person,0.3672,659.0,488.1,675.2,529.0
932,0,person,0.2178,266.0,561.6,283.8,599.5
932,0,person,0.1482,1197.4,524.6,1215.1,563.4
932,2,large_vehicle,0.1482,561.5,478.2,659.3,530.6
932,4,other_vehicle,0.1117,25.2,727.6,88.3,790.1
932,0,person,0.1048,390.9,730.0,412.2,783.3
933,0,person,0.6953,940.0,787.2,963.1,854.2
933,1,car,0.6200,560.8,478.1,659.7,530.7
933,0,person,0.3387,659.0,488.0,675.2,529.1
933,0,person,0.2147,265.9,561.5,283.9,599.5
933,0,person,0.1892,1197.4,524.9,1215.1,563.6
933,2,large_vehicle,0.1374,560.8,478.1,659.7,530.7
933,0,person,0.1098,390.9,730.0,412.3,783.4
934,0,person,0.7027,940.0,787.2,963.2,854.6
934,1,car,0.6205,561.3,478.1,659.8,530.7
934,0,person,0.3496,658.9,488.0,675.3,529.1
934,0,person,0.2109,265.9,561.5,283.8,599.6
934,0,person,0.1979,1197.5,524.7,1215.0,563.7
934,2,large_vehicle,0.1353,561.3,478.1,659.8,530.7
934,0,person,0.1073,390.9,730.0,412.3,783.4
934,4,other_vehicle,0.1047,25.1,727.6,88.3,790.2
934,2,large_vehicle,0.1021,954.8,406.1,1025.8,450.8
935,0,person,0.6876,935.6,786.9,961.4,856.1
935,1,car,0.6189,562.7,477.6,663.1,530.5
935,0,person,0.4533,657.9,487.9,675.1,529.4
935,4,other_vehicle,0.2679,21.6,727.8,84.3,790.0
935,0,person,0.1907,1197.1,521.9,1214.6,563.4
935,2,large_vehicle,0.1786,955.1,406.1,1026.3,450.8
935,0,person,0.1526,263.9,559.7,283.4,601.2
935,2,large_vehicle,0.1196,562.7,477.6,663.1,530.5
935,1,car,0.1019,1286.2,593.9,1342.0,677.8
936,0,person,0.6727,934.4,788.6,959.7,856.3
936,2,large_vehicle,0.6634,257.1,630.6,455.4,792.6
936,1,car,0.5682,562.3,478.2,656.8,530.5
936,0,person,0.3951,261.1,558.9,280.2,598.2
936,0,person,0.3816,658.1,491.8,673.3,530.2
936,4,other_vehicle,0.2860,17.7,728.1,78.1,790.0
936,2,large_vehicle,0.1890,562.3,478.2,656.8,530.5
936,2,large_vehicle,0.1795,1189.6,465.9,1337.9,535.6
936,4,other_vehicle,0.1112,17.1,728.5,79.9,789.6
937,0,person,0.6886,934.0,788.8,959.7,856.3
937,2,large_vehicle,0.6575,257.0,630.6,455.3,792.1
937,1,car,0.5790,562.2,478.0,659.3,530.6
937,0,person,0.4017,260.9,558.6,280.0,597.5
937,0,person,0.3471,658.2,491.8,673.3,530.3
937,4,other_vehicle,0.3468,17.9,728.1,78.1,789.9
937,2,large_vehicle,0.1687,562.2,478.0,659.3,530.6
937,2,large_vehicle,0.1664,1189.5,465.8,1337.5,535.7
937,1,car,0.1145,1286.1,593.6,1342.0,677.9
938,0,person,0.6848,934.3,788.8,959.7,856.3
938,2,large_vehicle,0.6631,257.1,630.7,455.4,792.1
938,1,car,0.5693,562.2,478.0,659.2,530.6
938,0,person,0.3790,260.8,558.6,280.1,597.8
938,4,other_vehicle,0.3766,18.2,728.1,78.1,789.9
938,0,person,0.3518,658.2,491.8,673.3,530.3
938,2,large_vehicle,0.1768,562.2,478.0,659.2,530.6
938,2,large_vehicle,0.1627,1189.5,465.8,1337.3,535.7
938,1,car,0.1094,1286.1,593.7,1342.0,677.8
939,0,person,0.6798,932.2,789.9,957.8,856.2
939,1,car,0.5442,561.2,477.3,661.5,530.8
939,4,other_vehicle,0.4426,14.0,727.9,74.6,789.6
939,0,person,0.4327,386.4,730.6,404.9,781.8
939,0,person,0.3647,259.1,560.0,280.0,599.3
939,0,person,0.3615,658.1,491.7,673.3,529.5
939,2,large_vehicle,0.2257,1185.1,468.1,1272.2,537.6
939,0,person,0.2086,257.7,560.1,277.1,598.5
939,4,other_vehicle,0.2079,253.3,574.3,284.4,607.0
939,2,large_vehicle,0.1911,561.2,477.3,661.5,530.8
939,1,car,0.1265,1286.0,594.6,1342.0,677.7
939,0,person,0.1195,1195.3,513.4,1214.0,563.1
939,1,car,0.1146,1185.1,468.1,1272.2,537.6
939,1,car,0.1031,14.0,727.9,74.6,789.6
940,0,person,0.6833,932.4,789.8,957.8,856.3
940,1,car,0.5090,561.2,477.3,662.7,530.8
940,0,person,0.4532,386.4,730.5,404.7,781.4
940,4,other_vehicle,0.3958,14.1,727.9,74.6,789.6
940,0,person,0.3696,259.1,560.0,279.9,599.0
940,0,person,0.3635,658.4,492.3,673.3,529.5
940,2,large_vehicle,0.2339,1185.0,465.6,1277.4,537.6
940,2,large_vehicle,0.2186,561.2,477.3,662.7,530.8
940,0,person,0.2066,257.7,560.1,277.0,598.3
940,4,other_vehicle,0.1933,253.3,574.3,284.4,606.8
940,1,car,0.1352,1286.0,594.9,1342.0,677.6
940,0,person,0.1127,1195.4,514.2,1213.8,563.1
941,1,car,0.6200,561.3,478.3,660.8,530.7
941,0,person,0.4884,928.8,790.2,955.4,855.4
941,2,large_vehicle,0.4537,241.0,636.1,432.6,787.5
941,4,other_vehicle,0.4120,11.3,727.7,70.2,788.7
941,0,person,0.3115,657.6,486.7,672.9,528.8
941,0,person,0.3031,256.6,561.2,276.2,601.0
941,1,car,0.2987,1178.5,466.8,1271.1,538.5
941,2,large_vehicle,0.1672,955.4,406.6,1025.9,450.8
941,2,large_vehicle,0.1618,1178.5,466.8,1271.1,538.5
941,1,car,0.1323,1286.2,593.3,1342.0,676.7
941,2,large_vehicle,0.1316,561.3,478.3,660.8,530.7
941,1,car,0.1237,11.3,727.7,70.2,788.7
941,4,other_vehicle,0.1138,252.6,573.7,281.1,606.8
942,1,car,0.5970,561.3,478.4,659.7,530.6
942,0,person,0.4994,928.8,790.2,955.3,855.4
942,4,other_vehicle,0.4225,11.1,727.7,70.0,788.8
942,2,large_vehicle,0.4215,241.2,636.1,432.6,787.9
942,0,person,0.3288,256.6,561.2,276.1,600.9
942,0,person,0.3269,657.6,486.7,672.9,529.0
942,1,car,0.2917,1178.5,466.8,1271.2,538.5
942,2,large_vehicle,0.1764,1178.5,466.8,1271.2,538.5
942,2,large_vehicle,0.1587,561.3,478.4,659.7,530.6
942,2,large_vehicle,0.1467,955.4,406.6,1025.2,450.8
942,1,car,0.1235,1286.2,593.6,1342.0,676.5
942,1,car,0.1223,11.1,727.7,70.0,788.8
942,4,other_vehicle,0.1211,252.6,574.0,281.1,607.0
943,1,car,0.5511,561.0,478.4,658.5,530.7
943,0,person,0.4972,928.5,790.2,955.7,855.4
943,2,large_vehicle,0.4654,241.2,636.1,432.5,787.4
943,4,other_vehicle,0.4115,11.2,727.7,70.2,788.7
943,0,person,0.3063,256.7,561.1,276.2,601.1
943,1,car,0.2942,1178.5,466.5,1271.9,538.5
943,0,person,0.2867,657.5,486.9,672.8,529.2
943,2,large_vehicle,0.1896,561.0,478.4,658.5,530.7
943,2,large_vehicle,0.1715,1178.5,466.5,1271.9,538.5
943,2,large_vehicle,0.1412,955.3,406.5,1025.5,450.7
943,1,car,0.1322,11.2,727.7,70.2,788.7
943,1,car,0.1172,1286.2,593.1,1342.0,676.9
943,4,other_vehicle,0.1087,252.6,573.8,281.0,606.7
944,0,person,0.6205,927.0,791.0,955.5,857.8
944,1,car,0.5915,561.6,477.8,654.3,530.6
944,0,person,0.5477,254.8,562.4,273.1,600.7
944,4,other_vehicle,0.5078,7.9,728.0,67.3,788.8
944,2,large_vehicle,0.3985,1173.5,476.5,1259.3,540.4
944,1,car,0.2970,1173.5,482.9,1245.5,540.4
944,2,large_vehicle,0.2526,1173.5,482.9,1245.5,540.4
944,2,large_vehicle,0.1793,955.4,405.9,1025.6,450.6
944,2,large_vehicle,0.1530,561.6,477.8,654.3,530.6
944,1,car,0.1479,1286.3,594.2,1342.0,676.8
944,0,person,0.1205,1195.9,521.8,1212.3,563.4
944,1,car,0.1013,955.4,405.9,1025.6,450.6
945,0,person,0.6222,926.8,790.9,955.7,857.8
945,1,car,0.5867,561.9,477.7,655.3,530.6
945,0,person,0.5357,254.5,562.1,273.0,600.8
945,4,other_vehicle,0.5140,7.9,727.9,67.3,788.8
945,2,large_vehicle,0.4083,1173.6,476.7,1259.6,540.4
945,1,car,0.2880,1173.5,483.1,1245.9,540.4
945,2,large_vehicle,0.2578,1173.5,483.1,1245.9,540.4
945,2,large_vehicle,0.1783,954.8,405.9,1025.8,450.5
945,2,large_vehicle,0.1544,561.9,477.7,655.3,530.6
945,1,car,0.1266,1286.1,594.2,1342.0,677.3
945,0,person,0.1184,1195.9,521.7,1212.4,563.3
945,1,car,0.1035,954.8,405.9,1025.8,450.5
945,1,car,0.1017,7.9,727.9,67.3,788.8
946,2,large_vehicle,0.6121,1167.1,479.5,1253.1,543.8
946,1,car,0.6040,561.9,477.7,660.0,530.7
946,0,person,0.5189,925.3,792.3,952.8,857.8
946,0,person,0.4743,252.9,562.7,271.1,599.3
946,4,other_vehicle,0.3190,3.9,728.5,63.0,789.2
946,2,large_vehicle,0.1931,955.7,406.4,1026.5,450.7
946,2,large_vehicle,0.1195,3.9,728.5,63.0,789.2
946,1,car,0.1112,1167.1,479.5,1253.1,543.8
946,1,car,0.1044,1286.2,593.7,1342.0,677.7
947,2,large_vehicle,0.6097,1167.1,479.6,1253.0,543.8
947,1,car,0.6069,561.8,477.6,660.5,530.7
947,0,person,0.5185,925.3,792.3,952.7,857.8
947,0,person,0.4663,252.9,562.6,271.1,599.3
947,4,other_vehicle,0.3188,3.9,728.6,63.0,789.2
947,2,large_vehicle,0.1867,955.5,406.3,1026.4,450.7
947,2,large_vehicle,0.1216,3.9,728.6,63.0,789.2
947,1,car,0.1127,1167.1,479.6,1253.0,543.8
947,1,car,0.1057,1286.2,593.7,1342.0,677.7
948,2,large_vehicle,0.6039,1167.1,479.6,1253.1,543.7
948,1,car,0.5813,562.6,477.7,657.6,530.7
948,0,person,0.5175,925.3,792.3,952.7,857.8
948,0,person,0.4793,253.0,562.7,271.1,599.3
948,4,other_vehicle,0.2904,3.7,728.6,63.2,789.2
948,2,large_vehicle,0.1766,955.9,406.5,1026.6,450.8
948,2,large_vehicle,0.1286,562.6,477.7,657.6,530.7
948,1,car,0.1187,1167.1,479.6,1253.1,543.7
948,2,large_vehicle,0.1157,3.7,728.6,63.2,789.2
948,1,car,0.1138,1286.2,593.5,1342.0,677.8
948,1,car,0.1026,955.9,406.5,1026.6,450.8
949,1,car,0.6861,561.6,477.1,664.4,531.0
949,0,person,0.5422,923.6,792.3,957.1,860.1
949,0,person,0.5286,252.0,562.9,268.0,597.0
949,4,other_vehicle,0.4765,0.7,727.1,57.7,788.0
949,1,car,0.4565,1161.4,485.4,1245.3,545.1
949,2,large_vehicle,0.2546,1161.4,485.4,1245.3,545.1
949,1,car,0.1564,1286.0,595.3,1342.0,677.4
949,1,car,0.1219,0.7,727.1,57.7,788.0
949,2,large_vehicle,0.1084,955.7,405.6,1025.7,450.7
950,1,car,0.6753,561.6,477.1,664.3,531.0
950,0,person,0.5348,923.8,792.4,956.9,860.1
950,0,person,0.5273,252.1,563.0,268.0,597.1
950,1,car,0.4865,1161.3,485.3,1245.3,545.0
950,4,other_vehicle,0.4708,0.7,727.1,57.7,788.0
950,2,large_vehicle,0.2320,1161.3,485.3,1245.3,545.0
950,1,car,0.1638,1285.9,595.2,1342.0,677.5
950,1,car,0.1212,0.7,727.1,57.7,788.0
950,2,large_vehicle,0.1050,955.7,405.6,1025.3,450.7
951,1,car,0.6710,561.1,477.6,661.4,530.9
951,4,other_vehicle,0.4222,0.4,725.9,55.0,788.3
951,0,person,0.3351,250.7,564.3,266.3,595.5
951,2,large_vehicle,0.2439,1154.6,487.3,1238.5,548.5
951,1,car,0.1859,1285.5,595.8,1342.0,678.2
951,0,person,0.1701,923.3,793.2,949.6,858.4
951,1,car,0.1589,1154.6,487.3,1238.5,548.5
951,0,person,0.1433,248.6,564.6,263.7,595.4
951,2,large_vehicle,0.1284,955.4,405.3,1025.0,450.8
951,1,car,0.1012,0.4,725.9,55.0,788.3
952,1,car,0.6691,561.2,477.8,662.0,530.9
952,4,other_vehicle,0.4431,0.4,725.8,55.2,788.3
952,0,person,0.3245,250.7,564.3,266.2,595.5
952,0,person,0.2363,923.1,793.1,949.8,858.5
952,2,large_vehicle,0.2360,1154.5,487.3,1236.9,548.6
952,1,car,0.1593,1154.5,487.3,1236.9,548.6
952,1,car,0.1590,1285.6,595.9,1342.0,678.2
952,0,person,0.1457,248.6,564.7,263.7,595.4
952,2,large_vehicle,0.1392,955.5,405.2,1025.4,450.8
952,1,car,0.1095,0.4,725.8,55.2,788.3
953,1,car,0.6740,561.0,477.8,662.9,530.9
953,4,other_vehicle,0.4355,0.4,725.9,55.2,788.4
953,0,person,0.3237,250.7,564.4,266.2,595.6
953,0,person,0.2566,923.2,793.2,949.7,858.6
953,2,large_vehicle,0.2371,1154.5,487.4,1236.7,548.6
953,1,car,0.1574,1154.5,487.4,1236.7,548.6
953,1,car,0.1559,1285.6,595.9,1342.0,678.2
953,0,person,0.1482,248.6,564.7,263.7,595.5
953,2,large_vehicle,0.1398,955.5,405.2,1025.4,450.8
953,1,car,0.1053,0.4,725.9,55.2,788.4
954,1,car,0.6775,563.1,477.4,654.4,530.9
954,4,other_vehicle,0.4330,0.4,726.1,50.9,787.7
954,1,car,0.4077,1147.1,489.8,1218.3,550.7
954,0,person,0.2275,249.4,568.1,262.8,599.4
954,0,person,0.2010,249.3,568.7,269.0,604.4
954,0,person,0.1699,654.6,484.3,672.2,526.8
954,0,person,0.1637,923.6,793.9,947.0,856.9
954,2,large_vehicle,0.1228,954.7,405.7,1025.8,450.7
954,0,person,0.1226,251.8,568.2,266.6,599.2
954,0,person,0.1140,247.6,568.1,263.9,603.8
954,1,car,0.1105,1285.9,596.4,1342.0,677.7
955,1,car,0.6754,563.5,477.4,655.7,530.9
955,4,other_vehicle,0.4115,0.4,726.1,50.8,787.8
955,1,car,0.3933,1147.1,489.7,1218.3,550.7
955,0,person,0.2193,249.4,568.1,262.8,599.4
955,0,person,0.2011,249.3,568.7,268.9,604.4
955,0,person,0.1718,654.7,485.2,672.0,527.0
955,0,person,0.1527,923.7,793.9,947.0,856.5
955,2,large_vehicle,0.1526,954.8,405.9,1025.5,450.7
955,0,person,0.1238,251.8,568.2,266.6,599.2
955,1,car,0.1210,1285.9,596.2,1342.0,677.6
955,0,person,0.1184,247.5,568.1,263.9,603.8
956,1,car,0.6556,563.8,477.6,658.9,530.9
956,1,car,0.4288,1141.1,491.3,1218.4,553.9
956,0,person,0.3428,245.8,565.3,264.0,606.3
956,4,other_vehicle,0.2815,0.2,725.1,46.7,787.4
956,0,person,0.2302,653.3,485.1,671.8,527.8
956,2,large_vehicle,0.2116,1141.1,491.3,1218.4,553.9
956,2,large_vehicle,0.1574,955.5,405.3,1027.0,450.8
956,2,large_vehicle,0.1443,0.2,725.1,46.7,787.4
956,1,car,0.1264,0.2,725.1,46.7,787.4
956,1,car,0.1150,1285.8,594.7,1342.0,678.2
956,0,person,0.1125,922.3,794.1,946.2,862.4
957,1,car,0.6703,565.1,477.6,658.9,530.8
957,1,car,0.4095,1141.0,491.4,1218.6,553.9
957,0,person,0.3652,245.7,565.2,264.0,606.4
957,4,other_vehicle,0.2764,0.2,725.1,46.7,787.4
957,0,person,0.2387,653.3,485.2,671.9,527.8
957,2,large_vehicle,0.2297,1141.0,491.4,1218.6,553.9
957,2,large_vehicle,0.1769,955.6,405.2,1027.8,450.8
957,2,large_vehicle,0.1559,0.2,725.1,46.7,787.4
957,1,car,0.1244,0.2,725.1,46.7,787.4
957,1,car,0.1205,1285.8,594.7,1342.0,678.2
957,0,person,0.1008,922.2,794.0,946.2,862.4
958,1,car,0.6924,565.3,477.7,659.3,530.8
958,1,car,0.4185,1141.1,491.4,1219.4,553.8
958,0,person,0.3651,245.6,565.1,264.0,606.7
958,4,other_vehicle,0.2897,0.2,725.2,46.6,787.4
958,0,person,0.2512,653.3,485.1,671.9,527.8
958,2,large_vehicle,0.2320,1141.1,491.4,1219.4,553.8
958,2,large_vehicle,0.1811,955.7,405.5,1027.6,450.8
958,1,car,0.1545,1285.8,594.7,1342.0,678.1
958,2,large_vehicle,0.1473,0.2,725.2,46.6,787.4
958,1,car,0.1153,0.2,725.2,46.6,787.4
958,0,person,0.1124,922.3,794.2,946.0,862.7
959,1,car,0.7634,1133.1,494.2,1214.0,555.7
959,1,car,0.6282,563.2,477.4,657.8,530.9
959,2,large_vehicle,0.4168,0.3,726.3,45.4,787.2
959,0,person,0.3899,242.1,566.7,261.5,608.3
959,0,person,0.3288,653.7,489.9,672.1,528.7
959,1,car,0.1975,0.3,726.3,45.4,787.2
959,1,car,0.1704,1285.9,597.2,1342.0,677.8
959,2,large_vehicle,0.1477,955.7,406.0,1027.3,450.8
959,0,person,0.1248,920.9,795.4,943.6,862.8
960,1,car,0.7304,562.0,478.0,660.3,530.9
960,1,car,0.5112,1126.2,494.9,1212.1,559.9
960,2,large_vehicle,0.3601,0.1,726.2,40.7,787.4
960,0,person,0.3367,240.5,568.3,258.4,609.7
960,1,car,0.3232,0.1,726.2,40.7,787.4
960,1,car,0.2798,1285.6,596.6,1342.0,678.3
960,2,large_vehicle,0.1986,1126.2,494.9,1212.1,559.9
960,2,large_vehicle,0.1932,954.6,406.4,1026.9,450.8
960,0,person,0.1397,919.0,795.7,942.5,862.2
960,0,person,0.1131,1197.4,524.1,1215.6,565.1
960,1,car,0.1012,954.6,406.4,1026.9,450.8
961,1,car,0.7273,561.2,477.8,660.4,530.9
961,1,car,0.5176,1126.2,494.9,1211.9,560.0
961,0,person,0.3586,240.2,567.8,258.5,609.5
961,2,large_vehicle,0.3283,0.1,726.1,40.7,787.3
961,1,car,0.2971,0.1,726.1,40.7,787.3
961,1,car,0.2659,1285.6,596.5,1342.0,678.5
961,2,large_vehicle,0.2188,954.8,406.2,1026.9,450.8
961,0,person,0.2087,918.9,795.7,942.8,862.5
961,2,large_vehicle,0.1900,1126.2,494.9,1211.9,560.0
961,1,car,0.1111,954.8,406.2,1026.9,450.8
961,0,person,0.1046,655.6,483.8,671.8,523.1
962,1,car,0.7306,561.2,477.8,660.3,530.9
962,1,car,0.5154,1126.2,494.9,1211.6,560.0
962,0,person,0.3358,240.4,567.9,258.5,609.5
962,2,large_vehicle,0.3251,0.1,726.1,40.8,787.2
962,1,car,0.2971,0.1,726.1,40.8,787.2
962,1,car,0.2723,1285.6,596.6,1342.0,678.6
962,2,large_vehicle,0.2187,954.8,406.2,1026.9,450.8
962,0,person,0.2071,918.9,795.7,942.9,862.5
962,2,large_vehicle,0.1915,1126.2,494.9,1211.6,560.0
962,1,car,0.1121,954.8,406.2,1026.9,450.8
962,0,person,0.1038,655.6,483.8,671.8,523.1
962,4,other_vehicle,0.1001,0.1,726.1,40.8,787.2
963,1,car,0.7244,562.9,477.6,660.6,530.8
963,1,car,0.5472,1119.6,499.0,1201.1,562.7
963,0,person,0.4172,238.3,566.0,257.1,607.2
963,2,large_vehicle,0.3080,0.1,725.0,36.7,787.3
963,1,car,0.2337,1286.0,596.7,1342.0,677.8
963,2,large_vehicle,0.2259,1119.6,499.0,1201.1,562.7
963,1,car,0.2112,0.1,725.0,36.7,787.3
963,2,large_vehicle,0.1911,953.8,406.0,1027.5,450.6
963,1,car,0.1627,953.8,406.0,1027.5,450.6
963,0,person,0.1210,651.4,488.9,671.1,528.8
964,1,car,0.7201,562.9,477.5,661.9,530.8
964,1,car,0.5428,1119.6,498.9,1203.5,562.7
964,0,person,0.4332,238.2,566.0,257.0,607.3
964,2,large_vehicle,0.3343,0.1,724.7,37.0,787.4
964,2,large_vehicle,0.2321,1119.6,498.9,1203.5,562.7
964,1,car,0.2079,0.1,724.7,37.0,787.4
964,2,large_vehicle,0.1676,954.2,405.9,1027.2,450.7
964,1,car,0.1568,1286.0,596.2,1342.0,678.0
964,1,car,0.1470,954.2,405.9,1027.2,450.7
964,0,person,0.1071,651.4,490.0,671.1,528.9
965,1,car,0.7684,562.9,477.9,663.2,530.9
965,0,person,0.3974,238.1,569.3,256.6,608.3
965,0,person,0.3891,915.1,798.5,939.1,865.6
965,2,large_vehicle,0.3577,1111.4,499.9,1193.2,564.2
965,0,person,0.3406,650.7,492.1,671.4,529.8
965,1,car,0.3316,1111.4,499.9,1193.2,564.2
965,2,large_vehicle,0.3300,0.1,724.7,33.9,786.4
965,0,person,0.1852,235.9,569.1,253.9,607.6
965,1,car,0.1424,0.1,724.7,33.9,786.4
965,2,large_vehicle,0.1321,955.1,405.3,1027.5,450.7
965,0,person,0.1278,649.3,491.9,666.1,529.8
965,1,car,0.1180,955.1,405.3,1027.5,450.7
965,4,other_vehicle,0.1117,0.1,724.7,33.9,786.4
965,1,car,0.1011,1285.9,595.4,1342.0,677.9
966,1,car,0.7547,563.3,477.9,663.4,530.8
966,0,person,0.3968,238.1,569.3,256.6,608.4
966,2,large_vehicle,0.3679,1111.4,499.9,1194.2,564.2
966,0,person,0.3662,915.0,798.5,939.2,865.5
966,2,large_vehicle,0.3439,0.1,724.7,34.0,786.4
966,0,person,0.3311,650.8,492.1,671.4,529.9
966,1,car,0.3239,1111.4,499.9,1194.2,564.2
966,0,person,0.1848,235.9,569.1,253.9,607.7
966,1,car,0.1517,955.0,405.3,1027.9,450.7
966,1,car,0.1499,0.1,724.7,34.0,786.4
966,2,large_vehicle,0.1462,955.0,405.3,1027.9,450.7
966,0,person,0.1243,649.3,491.9,666.1,530.0
966,0,person,0.1189,915.7,798.7,940.3,865.6
966,4,other_vehicle,0.1102,0.1,724.7,34.0,786.4
967,1,car,0.7806,563.0,477.7,664.0,530.8
967,0,person,0.3911,238.3,569.3,256.5,608.2
967,0,person,0.3860,915.0,798.5,939.2,865.6
967,2,large_vehicle,0.3538,1111.4,499.9,1189.9,564.2
967,1,car,0.3423,1111.4,499.9,1189.9,564.2
967,2,large_vehicle,0.3196,0.1,724.6,33.5,786.4
967,0,person,0.2412,651.0,492.4,671.6,530.1
967,0,person,0.1982,236.0,569.0,253.9,607.5
967,1,car,0.1399,0.1,724.6,33.5,786.4
967,2,large_vehicle,0.1059,955.0,405.3,1027.0,450.7
967,4,other_vehicle,0.1045,0.1,724.6,33.5,786.4
967,1,car,0.1036,955.0,405.3,1027.0,450.7
968,1,car,0.7653,562.7,477.1,665.2,530.8
968,1,car,0.4880,1105.5,503.1,1181.4,567.5
968,1,car,0.3385,0.1,726.2,29.9,786.9
968,2,large_vehicle,0.2731,0.1,726.2,29.9,786.9
968,2,large_vehicle,0.2575,1105.5,503.1,1181.4,567.5
968,0,person,0.1700,234.9,569.2,252.9,609.1
968,1,car,0.1389,1286.0,596.5,1342.0,677.1
968,0,person,0.1076,914.1,799.0,936.9,866.2
969,1,car,0.7688,562.4,476.8,665.1,530.9
969,1,car,0.4903,1105.5,503.1,1181.4,567.5
969,1,car,0.3154,0.1,726.1,29.8,786.8
969,2,large_vehicle,0.2716,0.1,726.1,29.8,786.8
969,2,large_vehicle,0.2557,1105.5,503.1,1181.4,567.5
969,0,person,0.1841,235.0,569.1,252.9,608.9
969,1,car,0.1395,1285.9,596.4,1342.0,677.1
969,0,person,0.1135,914.4,799.0,937.0,866.3
970,1,car,0.7665,562.5,477.5,662.6,531.0
970,1,car,0.4337,1097.4,503.1,1173.8,570.6
970,0,person,0.4167,233.0,569.6,250.8,609.3
970,2,large_vehicle,0.2811,1097.4,503.1,1173.8,570.6
970,0,person,0.2276,912.5,800.8,935.2,867.3
970,0,person,0.1955,1197.5,521.1,1215.6,564.0
970,2,large_vehicle,0.1633,954.3,405.6,1025.8,450.6
970,1,car,0.1368,0.0,724.6,29.1,786.0
970,2,large_vehicle,0.1291,0.0,724.6,29.1,786.0
970,1,car,0.1001,954.3,405.6,1025.8,450.6
971,1,car,0.7672,562.5,477.4,662.6,531.0
971,1,car,0.4404,1097.4,503.1,1173.8,570.6
971,0,person,0.4140,232.9,569.6,250.8,609.3
971,2,large_vehicle,0.2770,1097.4,503.1,1173.8,570.6
971,0,person,0.2321,912.5,800.8,935.2,867.3
971,0,person,0.1914,1197.5,521.0,1215.6,564.0
971,2,large_vehicle,0.1651,954.3,405.6,1025.8,450.6
971,1,car,0.1363,0.0,724.6,29.1,786.0
971,2,large_vehicle,0.1284,0.0,724.6,29.1,786.0
971,1,car,0.1002,954.3,405.6,1025.8,450.6
972,1,car,0.7756,562.1,477.7,662.7,530.9
972,1,car,0.4279,1097.4,503.1,1173.8,570.5
972,0,person,0.4132,233.0,569.6,250.8,609.3
972,2,large_vehicle,0.2875,1097.4,503.1,1173.8,570.5
972,0,person,0.2144,912.6,800.9,935.2,867.1
972,0,person,0.1901,1197.4,521.1,1215.6,563.9
972,2,large_vehicle,0.1709,954.6,405.6,1026.1,450.7
972,1,car,0.1326,0.0,724.6,28.9,786.0
972,2,large_vehicle,0.1319,0.0,724.6,28.9,786.0
972,1,car,0.1024,954.6,405.6,1026.1,450.7
973,1,car,0.7441,563.7,477.2,661.6,531.0
973,1,car,0.5193,1088.3,505.6,1169.6,572.2
973,0,person,0.4159,232.4,571.3,249.4,611.6
973,2,large_vehicle,0.2927,0.1,720.3,25.5,784.7
973,1,car,0.2099,0.1,720.3,25.5,784.7
973,2,large_vehicle,0.2096,1088.3,505.6,1169.6,572.2
973,2,large_vehicle,0.1754,953.2,405.1,1026.7,450.6
973,0,person,0.1647,1197.5,520.6,1215.6,563.9
973,1,car,0.1125,953.2,405.1,1026.7,450.6
973,0,person,0.1030,910.0,801.2,933.3,867.5
973,0,person,0.1013,232.2,570.3,247.8,604.7
974,1,car,0.7450,563.6,477.2,661.6,531.0
974,1,car,0.5151,1088.3,505.4,1169.4,572.2
974,0,person,0.4205,232.4,571.3,249.3,611.6
974,2,large_vehicle,0.2924,0.1,720.2,25.9,784.7
974,2,large_vehicle,0.2052,1088.3,505.4,1169.4,572.2
974,1,car,0.2051,0.1,720.2,25.9,784.7
974,2,large_vehicle,0.1705,953.4,405.2,1026.9,450.6
974,0,person,0.1499,1197.5,520.5,1215.6,563.9
974,1,car,0.1247,953.4,405.2,1026.9,450.6
975,1,car,0.7797,563.7,477.5,664.1,531.0
975,0,person,0.4917,228.6,569.6,247.3,610.5
975,1,car,0.3707,1080.2,507.5,1158.3,575.5
975,2,large_vehicle,0.3287,1080.2,507.5,1158.3,575.5
975,2,large_vehicle,0.1958,0.1,721.6,19.1,786.5
975,0,person,0.1761,1197.4,520.3,1215.7,563.8
975,4,other_vehicle,0.1102,224.7,583.0,252.4,615.5
975,1,car,0.1060,0.1,721.6,19.1,786.5
976,1,car,0.7790,563.1,477.6,663.9,531.0
976,0,person,0.4878,228.5,569.6,247.3,610.6
976,1,car,0.3725,1080.2,507.5,1158.4,575.5
976,2,large_vehicle,0.3141,1080.2,507.5,1158.4,575.5
976,0,person,0.1961,1197.5,520.3,1215.7,563.8
976,2,large_vehicle,0.1929,0.1,721.5,19.1,786.4
976,1,car,0.1057,0.1,721.5,19.1,786.4
977,1,car,0.7842,563.4,477.5,663.1,531.0
977,0,person,0.4858,228.5,569.6,247.2,610.6
977,1,car,0.3707,1080.2,507.5,1158.3,575.5
977,2,large_vehicle,0.3165,1080.2,507.5,1158.3,575.5
977,2,large_vehicle,0.1940,0.1,721.5,19.1,786.5
977,0,person,0.1898,1197.5,520.2,1215.7,563.8
977,1,car,0.1047,0.1,721.5,19.1,786.5
978,1,car,0.7430,563.6,477.4,660.8,531.1
978,0,person,0.5431,226.8,567.8,248.1,611.4
978,1,car,0.3853,1071.8,510.8,1157.4,579.0
978,2,large_vehicle,0.2947,1071.8,510.8,1157.4,579.0
978,0,person,0.1725,1197.5,519.8,1215.8,563.8
978,4,other_vehicle,0.1679,1071.8,510.8,1157.4,579.0
979,1,car,0.7599,562.1,477.4,660.4,531.0
979,0,person,0.5357,226.9,567.7,247.5,611.6
979,1,car,0.3824,1071.8,510.8,1157.6,578.9
979,2,large_vehicle,0.3095,1071.8,510.8,1157.6,578.9
979,0,person,0.2418,1197.5,519.9,1215.8,563.4
979,4,other_vehicle,0.1598,1071.8,510.8,1157.6,578.9
980,1,car,0.8086,562.7,477.9,660.4,530.9
980,1,car,0.4161,1063.0,512.2,1147.0,581.1
980,0,person,0.3346,223.2,566.5,242.8,607.5
980,2,large_vehicle,0.3272,1063.0,512.2,1147.0,581.1
980,0,person,0.3243,225.1,566.3,245.6,608.5
980,0,person,0.2796,1197.5,519.9,1215.7,563.2
980,0,person,0.1942,902.7,802.6,924.6,869.4
980,2,large_vehicle,0.1085,954.5,405.8,1025.7,450.6
981,1,car,0.8104,562.0,478.0,660.3,530.9
981,1,car,0.4158,1063.0,512.2,1147.0,581.2
981,0,person,0.3538,223.2,566.5,242.8,607.5
981,0,person,0.3278,1197.6,520.2,1215.7,563.1
981,2,large_vehicle,0.3206,1063.0,512.2,1147.0,581.2
981,0,person,0.3067,225.2,566.4,245.6,608.4
981,0,person,0.1605,903.0,802.7,924.6,869.6
981,2,large_vehicle,0.1005,954.7,405.8,1025.6,450.6
981,4,other_vehicle,0.1001,1063.0,512.2,1147.0,581.2
982,1,car,0.8091,562.1,478.0,660.2,530.9
982,1,car,0.4222,1063.0,512.2,1146.9,581.1
982,0,person,0.3582,223.2,566.5,242.9,607.4
982,2,large_vehicle,0.3185,1063.0,512.2,1146.9,581.1
982,0,person,0.2987,1197.6,520.1,1215.7,563.2
982,0,person,0.2892,225.1,566.3,245.6,608.4
982,0,person,0.2314,902.7,802.6,924.8,869.4
982,2,large_vehicle,0.1085,954.6,405.5,1026.0,450.6
983,1,car,0.7687,565.0,477.9,659.2,530.8
983,2,large_vehicle,0.5650,1054.5,515.8,1142.0,583.4
983,0,person,0.4091,900.9,804.7,923.9,869.4
983,0,person,0.3324,1197.5,520.7,1215.6,563.1
983,0,person,0.3264,221.5,568.1,242.3,609.3
983,1,car,0.2342,1054.5,515.8,1142.0,583.4
983,2,large_vehicle,0.1643,954.3,405.8,1026.4,450.6
983,0,person,0.1221,901.2,804.1,923.6,868.2
983,1,car,0.1143,954.3,405.8,1026.4,450.6
984,1,car,0.7801,565.3,478.4,660.0,530.9
984,1,car,0.5938,1045.1,516.9,1134.6,587.5
984,0,person,0.3018,1197.6,520.1,1215.8,563.1
984,2,large_vehicle,0.2631,1045.1,516.9,1134.6,587.5
984,0,person,0.2144,218.9,567.7,240.3,611.8
984,0,person,0.1333,1098.9,389.2,1111.8,426.0
984,0,person,0.1042,899.4,805.2,920.7,869.8
985,1,car,0.7635,564.8,478.1,659.4,531.0
985,1,car,0.5952,1045.1,516.9,1135.0,587.5
985,0,person,0.3317,1197.6,520.0,1215.7,563.1
985,2,large_vehicle,0.2673,1045.1,516.9,1135.0,587.5
985,0,person,0.2137,218.9,567.5,240.3,611.9
985,0,person,0.1486,1099.0,389.1,1112.0,426.3
985,0,person,0.1254,899.4,805.1,920.9,870.0
986,1,car,0.7637,564.8,478.2,659.5,531.0
986,1,car,0.5927,1045.1,516.9,1134.6,587.5
986,0,person,0.3369,1197.6,520.1,1215.7,563.1
986,2,large_vehicle,0.2672,1045.1,516.9,1134.6,587.5
986,0,person,0.2181,218.8,567.5,240.3,611.9
986,0,person,0.1789,1099.0,389.2,1112.1,426.8
986,0,person,0.1312,899.5,805.1,920.9,870.0
987,1,car,0.7492,565.3,477.7,659.9,531.1
987,1,car,0.6418,1036.8,520.4,1124.3,590.8
987,0,person,0.4578,217.6,568.0,238.4,610.8
987,0,person,0.2602,1197.5,519.7,1215.8,563.4
987,2,large_vehicle,0.2441,1036.8,520.4,1124.3,590.8
987,0,person,0.1898,1098.3,387.5,1112.3,426.8
987,0,person,0.1341,897.3,805.9,919.1,873.1
988,1,car,0.7617,563.2,477.7,659.2,531.1
988,1,car,0.6503,1036.8,520.4,1124.2,590.8
988,0,person,0.4612,217.4,568.1,238.3,610.8
988,0,person,0.2459,1098.2,387.3,1112.6,427.0
988,2,large_vehicle,0.2355,1036.8,520.4,1124.2,590.8
988,0,person,0.2335,1197.4,519.4,1215.6,563.3
988,0,person,0.1641,897.4,806.0,919.4,873.2
989,1,car,0.7890,562.5,477.7,659.3,531.0
989,1,car,0.5622,1026.6,521.4,1117.1,593.3
989,0,person,0.4693,215.7,569.1,235.9,611.2
989,0,person,0.4146,1097.5,387.0,1112.5,427.1
989,2,large_vehicle,0.2867,1026.6,521.4,1117.1,593.3
989,0,person,0.2191,1197.2,517.3,1215.7,563.4
989,2,large_vehicle,0.1109,954.5,405.4,1026.2,450.7
990,1,car,0.7804,561.9,477.8,659.4,531.1
990,1,car,0.5594,1026.5,521.4,1117.1,593.3
990,0,person,0.4833,215.7,569.1,235.8,611.3
990,0,person,0.3949,1097.4,387.0,1112.4,427.1
990,2,large_vehicle,0.2859,1026.5,521.4,1117.1,593.3
990,0,person,0.2547,1197.3,518.4,1215.7,563.4
991,1,car,0.7826,561.4,477.8,659.6,531.1
991,1,car,0.6114,1026.5,521.4,1117.8,593.3
991,0,person,0.4563,215.8,569.1,236.0,611.2
991,0,person,0.4179,1097.4,386.9,1112.5,427.2
991,2,large_vehicle,0.2442,1026.5,521.4,1117.8,593.3
991,0,person,0.2102,1197.2,517.4,1215.5,562.9
991,2,large_vehicle,0.1251,954.9,405.2,1026.2,450.7
992,1,car,0.7714,562.8,477.8,658.3,531.1
992,1,car,0.6051,1017.3,524.3,1112.6,597.1
992,0,person,0.3981,214.5,568.7,234.3,609.6
992,0,person,0.3149,1097.4,386.9,1112.1,427.1
992,0,person,0.2401,1197.2,519.4,1215.4,563.0
992,2,large_vehicle,0.2249,1017.3,524.3,1112.6,597.1
993,1,car,0.7562,563.1,477.4,658.2,531.1
993,1,car,0.6017,1017.4,524.3,1112.5,597.1
993,0,person,0.4055,214.5,568.7,234.3,609.6
993,0,person,0.3130,1097.4,386.9,1112.0,427.1
993,2,large_vehicle,0.2266,1017.4,524.3,1112.5,597.1
993,0,person,0.2113,1197.3,519.4,1215.5,562.8
994,1,car,0.7317,564.5,478.0,657.6,531.0
994,1,car,0.6948,1008.0,526.0,1104.3,601.1
994,0,person,0.5330,212.4,570.2,231.3,609.5
994,0,person,0.2589,1096.9,386.8,1111.4,426.9
994,0,person,0.2381,1197.3,517.5,1215.9,563.1
994,2,large_vehicle,0.1400,1008.0,526.0,1104.3,601.1
995,1,car,0.7294,564.5,477.9,657.6,531.0
995,1,car,0.6930,1008.0,526.0,1104.2,601.1
995,0,person,0.5269,212.4,570.2,231.3,609.4
995,0,person,0.2563,1096.9,386.8,1111.4,426.9
995,0,person,0.2385,1197.3,517.7,1215.9,563.1
995,2,large_vehicle,0.1397,1008.0,526.0,1104.2,601.1
996,1,car,0.7215,563.9,477.8,657.5,531.0
996,1,car,0.6892,1008.0,526.1,1104.2,601.1
996,0,person,0.5247,212.4,570.3,231.4,609.5
996,0,person,0.2380,1197.3,517.5,1216.0,562.9
996,0,person,0.2291,1096.9,386.8,1111.4,426.9
996,2,large_vehicle,0.1450,1008.0,526.1,1104.2,601.1
997,1,car,0.7955,997.5,528.9,1094.0,604.3
997,1,car,0.6740,559.7,476.9,655.9,531.0
997,0,person,0.4544,885.0,810.9,913.9,875.8
997,0,person,0.3829,210.3,570.8,228.8,607.4
997,0,person,0.3312,1197.2,517.6,1215.7,562.9
997,0,person,0.1333,1096.4,387.1,1111.3,426.7
998,1,car,0.7840,997.5,528.9,1094.1,604.4
998,1,car,0.6764,559.8,476.9,655.9,531.0
998,0,person,0.4355,885.0,810.9,913.8,876.0
998,0,person,0.3530,1197.2,517.6,1215.8,562.8
998,0,person,0.3439,210.3,570.9,228.7,607.8
998,2,large_vehicle,0.1011,997.5,528.9,1094.1,604.4
999,1,car,0.7345,560.1,478.1,655.7,531.0
999,1,car,0.7068,987.4,532.3,1083.6,607.0
999,0,person,0.6042,208.2,570.6,226.4,606.5
999,0,person,0.4423,881.9,811.4,910.8,873.9
999,0,person,0.3685,1197.3,518.7,1215.9,562.9
999,0,person,0.2032,1095.6,388.2,1110.6,426.8
999,2,large_vehicle,0.1619,987.4,532.3,1083.6,607.0
999,2,large_vehicle,0.1295,954.9,405.5,1025.9,450.4
999,1,car,0.1002,954.9,405.5,1025.9,450.4
1000,1,car,0.7028,559.7,478.0,654.9,530.9
1000,1,car,0.6417,987.6,532.3,1084.1,606.8
1000,0,person,0.5955,208.8,571.2,226.6,607.1
1000,0,person,0.4226,882.0,811.2,910.8,872.6
1000,0,person,0.3522,1095.7,389.5,1110.9,427.3
1000,0,person,0.2841,1197.4,517.6,1216.4,563.1
1000,2,large_vehicle,0.2246,987.6,532.3,1084.1,606.8
1000,2,large_vehicle,0.1167,955.0,405.2,1025.8,450.7
1000,2,large_vehicle,0.1074,559.7,478.0,654.9,530.9
1001,1,car,0.6557,559.4,477.6,654.4,530.9
1001,1,car,0.6550,987.6,532.2,1084.1,606.8
1001,0,person,0.6162,208.6,571.1,226.6,607.2
1001,0,person,0.4446,882.1,811.3,910.9,872.7
1001,0,person,0.3553,1197.5,518.9,1216.4,563.0
1001,0,person,0.3545,1095.7,389.3,1110.9,427.2
1001,2,large_vehicle,0.2082,987.6,532.2,1084.1,606.8
1001,2,large_vehicle,0.1475,559.4,477.6,654.4,530.9
1001,2,large_vehicle,0.1230,955.1,404.9,1026.1,450.7
1002,1,car,0.6205,561.4,477.0,657.2,530.8
1002,1,car,0.6132,977.0,534.1,1075.7,610.8
1002,0,person,0.5535,879.3,813.5,910.3,874.8
1002,0,person,0.4147,1095.1,389.3,1111.0,427.2
1002,0,person,0.3682,1197.4,519.8,1216.4,563.1
1002,0,person,0.3614,207.2,573.6,224.3,609.6
1002,2,large_vehicle,0.2910,977.0,534.1,1075.7,610.8
1002,2,large_vehicle,0.1591,561.4,477.0,657.2,530.8
1002,2,large_vehicle,0.1328,953.9,404.7,1026.7,450.5
1003,1,car,0.6159,561.2,476.8,656.9,530.7
1003,1,car,0.5972,977.0,534.1,1075.7,610.8
1003,0,person,0.5623,879.4,813.5,909.9,874.3
1003,0,person,0.4086,1095.2,389.2,1111.0,427.2
1003,0,person,0.3574,207.2,573.6,224.3,609.4
1003,0,person,0.3555,1197.5,520.3,1216.5,563.1
1003,2,large_vehicle,0.3082,977.0,534.1,1075.7,610.8
1003,2,large_vehicle,0.1612,561.2,476.8,656.9,530.7
1003,2,large_vehicle,0.1332,953.9,404.7,1026.9,450.5
1003,1,car,0.1053,953.9,404.7,1026.9,450.5
1004,1,car,0.7458,965.1,537.3,1067.6,614.8
1004,0,person,0.6666,877.5,814.5,908.0,874.8
1004,0,person,0.5240,205.1,572.5,224.0,613.9
1004,1,car,0.5161,562.5,477.6,652.5,530.8
1004,0,person,0.4782,1094.5,388.6,1110.3,427.5
1004,0,person,0.3502,1197.3,516.9,1216.3,563.2
1004,2,large_vehicle,0.2906,562.5,477.6,652.5,530.8
1004,2,large_vehicle,0.1807,965.1,537.3,1067.6,614.8
1004,2,large_vehicle,0.1666,954.9,405.1,1027.7,450.5
1004,1,car,0.1312,954.9,405.1,1027.7,450.5
1005,1,car,0.7481,965.0,537.3,1067.6,614.8
1005,0,person,0.6637,877.5,814.5,908.0,874.9
1005,1,car,0.5244,562.4,477.6,652.6,530.8
1005,0,person,0.5235,205.1,572.5,224.0,613.8
1005,0,person,0.4835,1094.5,388.6,1110.7,427.6
1005,0,person,0.3414,1197.3,516.7,1216.3,563.1
1005,2,large_vehicle,0.2816,562.4,477.6,652.6,530.8
1005,2,large_vehicle,0.1811,954.9,405.1,1027.8,450.5
1005,2,large_vehicle,0.1779,965.0,537.3,1067.6,614.8
1005,1,car,0.1439,954.9,405.1,1027.8,450.5
1006,1,car,0.7372,965.2,537.3,1067.6,614.8
1006,0,person,0.6626,877.5,814.5,907.9,874.5
1006,1,car,0.5217,562.6,477.5,652.5,530.7
1006,0,person,0.5204,205.1,572.5,224.0,613.8
1006,0,person,0.4762,1094.5,388.6,1110.3,427.6
1006,0,person,0.3182,1197.2,516.4,1216.3,563.2
1006,2,large_vehicle,0.2855,562.6,477.5,652.5,530.7
1006,2,large_vehicle,0.1913,965.2,537.3,1067.6,614.8
1006,2,large_vehicle,0.1649,954.8,405.2,1027.9,450.5
1006,1,car,0.1367,954.8,405.2,1027.9,450.5
1007,1,car,0.6061,558.9,477.4,653.0,530.7
1007,0,person,0.5914,874.9,815.2,903.1,875.1
1007,1,car,0.5612,954.8,540.1,1055.9,618.6
1007,2,large_vehicle,0.3395,954.8,540.1,1055.9,618.6
1007,0,person,0.3248,1197.6,518.4,1216.3,563.0
1007,0,person,0.2981,1094.4,389.4,1109.7,428.2
1007,0,person,0.2560,205.8,576.6,222.7,617.7
1007,2,large_vehicle,0.1757,955.3,405.3,1027.2,450.5
1007,0,person,0.1728,205.9,575.7,223.1,616.5
1007,0,person,0.1700,634.2,498.7,651.3,532.5
1007,0,person,0.1436,200.8,574.7,222.1,616.0
1007,2,large_vehicle,0.1414,558.9,477.4,653.0,530.7
1007,1,car,0.1204,955.3,405.3,1027.2,450.5
1008,0,person,0.6807,872.6,814.8,902.2,876.9
1008,1,car,0.4905,943.6,542.5,1049.1,621.6
1008,0,person,0.4856,1093.5,389.3,1110.6,428.6
1008,2,large_vehicle,0.4745,943.6,542.5,1049.1,621.6
1008,1,car,0.4659,560.2,476.6,657.7,530.6
1008,0,person,0.3332,199.6,573.5,219.8,614.4
1008,0,person,0.2753,1197.0,513.0,1217.1,563.1
1008,2,large_vehicle,0.2576,560.2,476.6,657.7,530.6
1008,2,large_vehicle,0.2160,61.3,682.0,183.1,796.5
1008,2,large_vehicle,0.1833,955.0,404.9,1027.2,450.3
1008,1,car,0.1552,955.0,404.9,1027.2,450.3
1008,0,person,0.1076,203.9,573.7,222.4,614.6
1008,0,person,0.1030,204.7,576.3,221.5,616.2
1009,0,person,0.6811,872.6,814.8,902.2,876.9
1009,1,car,0.5003,560.7,476.8,657.1,530.7
1009,1,car,0.4977,943.6,542.5,1049.0,621.5
1009,0,person,0.4869,1093.5,389.2,1110.6,428.6
1009,2,large_vehicle,0.4697,943.6,542.5,1049.0,621.5
1009,0,person,0.3552,1197.1,515.5,1217.0,563.3
1009,0,person,0.3338,199.5,573.5,219.9,614.5
1009,2,large_vehicle,0.2216,560.7,476.8,657.1,530.7
1009,2,large_vehicle,0.2001,61.3,682.0,183.1,796.5
1009,2,large_vehicle,0.1695,954.9,404.8,1027.2,450.3
1009,1,car,0.1497,954.9,404.8,1027.2,450.3
1009,0,person,0.1109,204.6,576.2,221.7,616.4
1009,0,person,0.1104,203.9,573.7,222.5,614.8
1010,0,person,0.6752,872.4,814.8,902.2,876.7
1010,1,car,0.5554,561.1,476.6,659.4,530.6
1010,1,car,0.5287,943.5,542.5,1049.1,621.6
1010,0,person,0.5094,1093.4,389.3,1110.8,428.7
1010,2,large_vehicle,0.4342,943.5,542.5,1049.1,621.6
1010,0,person,0.3405,199.4,573.5,219.9,614.4
1010,0,person,0.3385,1197.2,516.9,1216.8,562.9
1010,2,large_vehicle,0.2496,61.3,682.0,183.4,796.5
1010,2,large_vehicle,0.2228,955.1,404.6,1027.9,450.3
1010,1,car,0.1853,955.1,404.6,1027.9,450.3
1010,2,large_vehicle,0.1700,561.1,476.6,659.4,530.6
1010,0,person,0.1291,204.6,576.3,221.9,616.1
1010,0,person,0.1047,203.7,573.6,222.6,614.7
1011,1,car,0.5229,562.7,477.1,650.4,530.3
1011,2,large_vehicle,0.5202,934.1,545.4,1036.3,623.7
1011,0,person,0.4603,872.5,814.6,900.2,877.6
1011,0,person,0.4587,1093.1,389.1,1111.1,428.8
1011,1,car,0.4240,934.1,545.4,1036.3,623.7
1011,2,large_vehicle,0.2823,562.7,477.1,650.4,530.3
1011,0,person,0.2804,1197.2,517.6,1216.8,562.4
1011,0,person,0.2408,198.8,575.3,218.7,614.7
1011,1,car,0.1589,954.4,404.8,1028.0,450.1
1011,2,large_vehicle,0.1311,954.4,404.8,1028.0,450.1
1011,0,person,0.1094,1198.4,517.8,1218.8,562.8
1012,1,car,0.5297,562.8,477.0,650.5,530.3
1012,2,large_vehicle,0.5149,934.2,545.4,1036.4,623.7
1012,0,person,0.4723,872.6,814.5,900.2,877.5
1012,0,person,0.4591,1093.1,389.0,1111.1,428.8
1012,1,car,0.4292,934.2,545.4,1036.4,623.7
1012,2,large_vehicle,0.2696,562.8,477.0,650.5,530.3
1012,0,person,0.2509,1197.1,517.7,1216.7,562.4
1012,0,person,0.2410,198.8,575.3,218.7,614.6
1012,1,car,0.1704,954.4,404.9,1027.9,450.1
1012,2,large_vehicle,0.1199,954.4,404.9,1027.9,450.1
1013,1,car,0.7513,922.0,547.7,1028.1,627.5
1013,0,person,0.4387,1092.9,389.2,1109.5,428.2
1013,2,large_vehicle,0.3641,562.9,476.7,651.0,530.5
1013,1,car,0.3467,562.9,476.7,651.0,530.5
1013,0,person,0.2680,199.3,578.7,217.4,616.9
1013,0,person,0.2358,871.6,816.2,898.7,880.4
1013,0,person,0.1932,1196.8,503.2,1217.6,562.0
1013,0,person,0.1625,872.0,815.6,898.5,878.4
1013,2,large_vehicle,0.1619,922.0,547.7,1028.1,627.5
1013,0,person,0.1426,1197.0,510.4,1216.9,562.4
1013,0,person,0.1237,634.4,498.0,652.5,532.7
1014,1,car,0.7514,922.1,547.7,1028.1,627.5
1014,0,person,0.4501,1092.9,389.2,1109.5,428.2
1014,2,large_vehicle,0.3745,562.6,476.7,651.0,530.6
1014,1,car,0.3477,562.6,476.7,651.0,530.6
1014,0,person,0.3214,871.9,815.6,898.7,878.2
1014,0,person,0.2684,199.4,578.8,217.5,616.9
1014,0,person,0.1956,1197.1,510.5,1216.8,562.4
1014,2,large_vehicle,0.1618,922.1,547.7,1028.1,627.5
1014,0,person,0.1497,1196.8,503.0,1217.6,562.0
1014,0,person,0.1212,634.4,498.0,652.5,532.7
1014,0,person,0.1006,871.5,816.2,898.9,880.2
1015,1,car,0.7506,922.1,547.7,1028.0,627.5
1015,0,person,0.4363,1092.9,389.2,1109.5,428.2
1015,0,person,0.3674,871.6,816.2,898.7,880.8
1015,1,car,0.3552,563.1,476.8,651.0,530.6
1015,2,large_vehicle,0.3536,563.1,476.8,651.0,530.6
1015,0,person,0.2910,1196.7,502.7,1217.8,562.0
1015,0,person,0.2773,199.3,578.7,217.5,617.0
1015,2,large_vehicle,0.1610,922.1,547.7,1028.0,627.5
1015,0,person,0.1169,634.5,498.0,652.5,532.7
1015,1,car,0.1136,954.5,404.4,1027.7,450.1
1016,1,car,0.6136,909.5,550.6,1019.5,630.0
1016,0,person,0.4039,196.1,574.7,218.4,617.1
1016,2,large_vehicle,0.3610,559.8,475.9,651.7,530.6
1016,0,person,0.3236,1197.1,512.3,1217.1,562.9
1016,1,car,0.3219,559.8,475.9,651.7,530.6
1016,2,large_vehicle,0.2669,909.5,550.6,1019.5,630.0
1016,0,person,0.2153,870.9,816.7,898.2,882.4
1016,0,person,0.1691,871.3,816.3,898.0,879.1
1016,1,car,0.1241,955.4,404.6,1026.7,449.9
1016,0,person,0.1225,1093.0,389.5,1109.5,428.5
1017,1,car,0.6380,909.2,550.6,1020.6,630.1
1017,0,person,0.4554,196.1,574.8,218.4,617.3
1017,0,person,0.3679,1197.0,510.0,1217.1,562.9
1017,2,large_vehicle,0.3295,560.0,475.9,652.4,530.6
1017,1,car,0.3104,560.0,475.9,652.4,530.6
1017,0,person,0.3041,870.8,816.1,897.8,878.7
1017,2,large_vehicle,0.2416,909.2,550.6,1020.6,630.1
1017,0,person,0.2097,1092.6,389.3,1109.4,428.3
1017,1,car,0.1568,955.3,404.4,1027.0,449.9
1017,2,large_vehicle,0.1154,955.3,404.4,1027.0,449.9
1017,0,person,0.1039,870.4,816.5,898.0,882.0
1018,1,car,0.7943,896.9,553.7,1008.3,634.4
1018,1,car,0.5629,559.7,476.6,651.8,530.9
1018,0,person,0.4432,196.9,579.2,214.7,616.8
1018,0,person,0.3157,1197.1,514.7,1216.9,562.5
1018,0,person,0.2693,1092.4,389.6,1108.7,428.2
1018,0,person,0.2102,872.3,818.0,897.0,881.8
1018,2,large_vehicle,0.1730,559.7,476.6,651.8,530.9
1018,1,car,0.1680,955.3,404.7,1027.2,449.9
1018,2,large_vehicle,0.1387,955.3,404.7,1027.2,449.9
1018,2,large_vehicle,0.1208,896.9,553.7,1008.3,634.4
1018,0,person,0.1081,1198.2,515.4,1218.8,562.8
1019,1,car,0.7959,896.9,553.6,1008.2,634.4
1019,1,car,0.5862,560.5,476.6,651.5,530.8
1019,0,person,0.4320,197.0,579.3,214.6,616.9
1019,0,person,0.3008,1197.1,515.4,1216.8,562.0
1019,0,person,0.2657,1092.1,389.9,1108.0,428.3
1019,1,car,0.1986,955.1,404.9,1026.8,449.9
1019,0,person,0.1801,872.0,817.9,897.6,881.4
1019,2,large_vehicle,0.1582,560.5,476.6,651.5,530.8
1019,2,large_vehicle,0.1517,955.1,404.9,1026.8,449.9
1019,0,person,0.1200,1198.3,516.0,1218.7,562.4
1019,2,large_vehicle,0.1163,896.9,553.6,1008.2,634.4
1020,1,car,0.7927,896.9,553.6,1008.2,634.4
1020,1,car,0.5919,560.4,476.6,651.7,530.8
1020,0,person,0.4318,197.0,579.3,214.5,616.9
1020,0,person,0.3193,1197.1,514.5,1216.8,562.0
1020,0,person,0.2824,1092.3,389.7,1108.5,428.4
1020,0,person,0.1728,872.1,818.0,897.6,881.4
1020,1,car,0.1569,955.3,404.9,1026.5,449.9
1020,2,large_vehicle,0.1506,560.4,476.6,651.7,530.8
1020,2,large_vehicle,0.1275,955.3,404.9,1026.5,449.9
1020,2,large_vehicle,0.1201,896.9,553.6,1008.2,634.4
1021,1,car,0.7418,885.6,556.3,993.9,638.4
1021,1,car,0.5769,564.0,476.1,659.1,530.6
1021,0,person,0.2349,1091.7,390.4,1107.4,428.6
1021,0,person,0.2136,194.9,578.5,214.0,618.4
1021,0,person,0.2022,193.7,575.0,213.6,616.9
1021,0,person,0.1791,1196.9,513.9,1217.0,562.1
1021,1,car,0.1770,954.0,404.5,1026.9,449.7
1021,2,large_vehicle,0.1607,885.6,556.3,993.9,638.4
1021,0,person,0.1417,1198.0,514.4,1219.3,562.4
1021,2,large_vehicle,0.1040,954.0,404.5,1026.9,449.7
1022,1,car,0.7401,885.6,556.3,993.8,638.5
1022,1,car,0.5539,564.6,476.3,657.5,530.6
1022,0,person,0.2371,193.8,575.1,213.5,616.7
1022,0,person,0.2190,194.9,578.2,213.9,618.4
1022,0,person,0.2050,1092.1,390.1,1108.1,428.6
1022,1,car,0.1735,954.2,404.5,1027.1,449.8
1022,0,person,0.1627,1196.6,502.3,1217.7,561.8
1022,2,large_vehicle,0.1604,885.6,556.3,993.8,638.5
1022,2,large_vehicle,0.1178,954.2,404.5,1027.1,449.8
1022,2,large_vehicle,0.1125,564.6,476.3,657.5,530.6
1023,1,car,0.6904,872.6,559.8,985.6,642.1
1023,1,car,0.5271,565.8,476.8,652.5,530.3
1023,2,large_vehicle,0.3561,36.3,685.5,143.0,795.9
1023,0,person,0.3190,188.6,577.2,210.2,617.6
1023,0,person,0.2732,191.5,576.7,212.8,618.0
1023,2,large_vehicle,0.2474,872.6,559.8,985.6,642.1
1023,1,car,0.1896,954.8,404.8,1026.2,449.7
1023,0,person,0.1740,1197.1,511.9,1216.8,562.0
1023,2,large_vehicle,0.1721,565.8,476.8,652.5,530.3
1023,2,large_vehicle,0.1459,954.8,404.8,1026.2,449.7
1024,1,car,0.6798,872.7,559.7,985.5,642.1
1024,1,car,0.5195,565.8,476.8,652.2,530.2
1024,2,large_vehicle,0.3969,36.2,685.5,143.0,795.8
1024,0,person,0.3262,188.6,577.2,210.2,617.6
1024,0,person,0.2683,191.6,576.7,212.8,618.0
1024,2,large_vehicle,0.2584,872.7,559.7,985.5,642.1
1024,1,car,0.1978,954.7,404.8,1026.3,449.7
1024,0,person,0.1955,1197.1,511.5,1216.9,562.2
1024,2,large_vehicle,0.1754,565.8,476.8,652.2,530.2
1024,2,large_vehicle,0.1384,954.7,404.8,1026.3,449.7
1025,1,car,0.6898,872.6,559.7,985.6,642.1
1025,1,car,0.5432,565.5,477.1,650.4,530.3
1025,2,large_vehicle,0.3573,36.3,685.5,142.9,795.6
1025,0,person,0.3067,188.6,577.2,210.3,617.6
1025,0,person,0.2813,191.6,576.6,212.8,618.0
1025,2,large_vehicle,0.2470,872.6,559.7,985.6,642.1
1025,0,person,0.1950,1196.6,502.5,1217.6,561.7
1025,2,large_vehicle,0.1862,565.5,477.1,650.4,530.3
1025,1,car,0.1795,954.5,404.5,1026.4,449.7
1025,2,large_vehicle,0.1630,954.5,404.5,1026.4,449.7
1026,1,car,0.7801,859.5,563.2,972.2,647.2
1026,1,car,0.5440,564.0,477.0,649.4,530.5
1026,0,person,0.2341,1196.9,511.3,1217.1,562.4
1026,1,car,0.2150,954.4,404.5,1027.0,449.7
1026,2,large_vehicle,0.2100,564.0,477.0,649.4,530.5
1026,2,large_vehicle,0.1959,954.4,404.5,1027.0,449.7
1026,2,large_vehicle,0.1939,32.6,686.1,139.0,795.1
1026,0,person,0.1404,1091.3,389.5,1106.3,427.7
1026,0,person,0.1324,1197.9,510.9,1219.2,562.8
1026,0,person,0.1318,188.6,577.2,208.2,618.9
1026,2,large_vehicle,0.1134,859.5,563.2,972.2,647.2
1026,0,person,0.1088,867.3,820.1,889.8,880.7
1026,2,large_vehicle,0.1031,32.8,686.3,138.0,795.8
1027,1,car,0.7750,859.5,563.1,972.2,647.2
1027,1,car,0.5242,563.7,477.0,649.5,530.5
1027,2,large_vehicle,0.3058,32.8,686.3,137.8,795.8
1027,0,person,0.3033,1196.4,501.6,1217.8,562.0
1027,1,car,0.2521,954.3,404.7,1027.0,449.6
1027,2,large_vehicle,0.2072,563.7,477.0,649.5,530.5
1027,2,large_vehicle,0.1798,954.3,404.7,1027.0,449.6
1027,2,large_vehicle,0.1192,859.5,563.1,972.2,647.2
1027,0,person,0.1177,1091.3,389.4,1106.2,427.7
1027,0,person,0.1135,188.6,577.4,208.2,618.9
1027,0,person,0.1123,867.4,820.1,889.7,880.4
1028,1,car,0.6849,845.8,566.2,962.5,651.6
1028,1,car,0.5650,562.3,477.0,652.8,530.7
1028,0,person,0.4522,187.2,578.2,206.3,619.2
1028,0,person,0.3195,1196.4,501.7,1217.9,562.2
1028,2,large_vehicle,0.2480,845.8,566.2,962.5,651.6
1028,1,car,0.2011,955.0,404.7,1027.3,449.6
1028,2,large_vehicle,0.1453,955.0,404.7,1027.3,449.6
1028,0,person,0.1219,865.2,820.7,888.6,882.9
1029,1,car,0.6804,845.8,566.2,962.5,651.6
1029,1,car,0.5664,562.2,477.0,652.8,530.7
1029,0,person,0.4496,187.2,578.3,206.3,619.2
1029,0,person,0.3105,1196.4,501.7,1217.9,562.2
1029,2,large_vehicle,0.2534,845.8,566.2,962.5,651.6
1029,1,car,0.1972,955.1,404.7,1027.3,449.6
1029,2,large_vehicle,0.1473,955.1,404.7,1027.3,449.6
1029,0,person,0.1253,865.2,820.8,888.6,883.0
1030,1,car,0.6833,845.8,566.2,962.5,651.6
1030,1,car,0.5811,561.2,476.8,652.9,530.7
1030,0,person,0.4600,187.1,578.3,206.5,619.4
1030,0,person,0.3334,1196.4,501.4,1217.9,562.2
1030,2,large_vehicle,0.2494,845.8,566.2,962.5,651.6
1030,1,car,0.2170,954.8,404.8,1027.2,449.7
1030,2,large_vehicle,0.1418,954.8,404.8,1027.2,449.7
1030,0,person,0.1030,865.1,820.7,888.7,882.8
1031,1,car,0.6695,832.5,570.0,951.3,656.9
1031,1,car,0.6410,562.8,477.0,652.3,530.3
1031,0,person,0.3250,185.2,578.1,204.7,618.8
1031,0,person,0.2542,1198.0,512.7,1219.4,563.1
1031,2,large_vehicle,0.2439,955.2,404.6,1027.2,449.6
1031,2,large_vehicle,0.2365,832.5,570.0,951.3,656.9
1031,1,car,0.2356,955.2,404.6,1027.2,449.6
1032,1,car,0.7857,820.3,572.1,936.7,660.7
1032,0,person,0.5656,183.4,575.9,203.8,620.4
1032,1,car,0.5538,563.0,477.2,649.7,530.4
1032,2,large_vehicle,0.1980,954.6,405.0,1026.8,449.7
1032,2,large_vehicle,0.1790,563.0,477.2,649.7,530.4
1032,1,car,0.1638,954.6,405.0,1026.8,449.7
1032,0,person,0.1623,1196.6,502.2,1217.8,562.3
1032,2,large_vehicle,0.1271,820.3,572.1,936.7,660.7
1033,1,car,0.7907,820.3,572.1,936.7,660.7
1033,0,person,0.5630,183.4,576.0,203.8,620.4
1033,1,car,0.5282,563.7,477.3,649.7,530.4
1033,2,large_vehicle,0.2073,563.7,477.3,649.7,530.4
1033,2,large_vehicle,0.2060,954.6,405.0,1026.9,449.7
1033,0,person,0.1973,1196.7,501.9,1217.8,562.2
1033,1,car,0.1618,954.6,405.0,1026.9,449.7
1033,2,large_vehicle,0.1201,820.3,572.1,936.7,660.7
1034,1,car,0.7901,820.3,572.1,936.8,660.7
1034,0,person,0.5684,183.4,576.0,203.7,620.3
1034,1,car,0.4994,562.6,476.9,649.6,530.4
1034,2,large_vehicle,0.2154,562.6,476.9,649.6,530.4
1034,0,person,0.1991,1196.7,501.7,1217.8,561.9
1034,2,large_vehicle,0.1850,954.7,405.2,1027.0,449.7
1034,1,car,0.1735,954.7,405.2,1027.0,449.7
1034,2,large_vehicle,0.1215,820.3,572.1,936.8,660.7
1035,1,car,0.8542,808.0,575.6,922.1,664.8
1035,1,car,0.5101,561.4,476.6,650.4,530.6
1035,0,person,0.4443,182.8,578.3,202.1,619.8
1035,0,person,0.1449,1196.7,501.7,1217.8,561.7
1035,1,car,0.1380,955.1,405.4,1027.0,449.7
1035,2,large_vehicle,0.1350,561.4,476.6,650.4,530.6
1035,2,large_vehicle,0.1134,955.1,405.4,1027.0,449.7
1036,1,car,0.8518,808.0,575.6,922.1,664.7
1036,1,car,0.5026,561.4,476.4,650.2,530.7
1036,0,person,0.4520,182.9,578.2,202.1,619.8
1036,1,car,0.1554,955.3,405.8,1026.9,449.7
1036,2,large_vehicle,0.1478,561.4,476.4,650.2,530.7
1036,0,person,0.1272,1196.7,501.7,1217.8,561.5
1036,2,large_vehicle,0.1040,955.3,405.8,1026.9,449.7
1037,1,car,0.7298,793.8,579.2,914.1,669.4
1037,1,car,0.5295,560.6,477.0,649.7,530.5
1037,0,person,0.5121,181.0,577.7,201.8,620.3
1037,0,person,0.2268,1196.6,501.5,1217.9,561.1
1037,1,car,0.1943,955.2,405.7,1026.9,449.7
1037,2,large_vehicle,0.1747,955.2,405.7,1026.9,449.7
1037,2,large_vehicle,0.1607,560.6,477.0,649.7,530.5
1037,2,large_vehicle,0.1514,793.8,579.2,914.1,669.4
1038,1,car,0.7285,793.8,579.2,914.0,669.4
1038,1,car,0.5335,560.5,477.0,649.7,530.5
1038,0,person,0.5129,181.0,577.7,201.8,620.2
1038,0,person,0.1913,1196.6,501.7,1217.9,561.2
1038,1,car,0.1851,955.3,405.7,1026.7,449.7
1038,2,large_vehicle,0.1729,955.3,405.7,1026.7,449.7
1038,2,large_vehicle,0.1621,560.5,477.0,649.7,530.5
1038,2,large_vehicle,0.1531,793.8,579.2,914.0,669.4
1039,1,car,0.7356,793.8,579.3,914.2,669.4
1039,1,car,0.5844,559.0,477.0,649.7,530.5
1039,0,person,0.5180,181.0,577.7,201.9,620.3
1039,0,person,0.2661,1196.6,501.6,1217.9,561.2
1039,2,large_vehicle,0.1980,955.2,405.6,1027.1,449.7
1039,1,car,0.1700,955.2,405.6,1027.1,449.7
1039,2,large_vehicle,0.1466,793.8,579.3,914.2,669.4
1039,2,large_vehicle,0.1298,559.0,477.0,649.7,530.5
1040,1,car,0.7294,562.6,477.8,652.7,530.3
1040,1,car,0.6554,778.9,583.6,899.7,673.6
1040,2,large_vehicle,0.2760,778.9,583.6,899.7,673.6
1040,0,person,0.1927,1196.6,501.4,1217.9,561.0
1040,1,car,0.1595,954.2,405.9,1026.3,449.5
1040,2,large_vehicle,0.1545,954.2,405.9,1026.3,449.5
1040,0,person,0.1207,178.7,581.3,199.4,620.5
1040,0,person,0.1073,181.1,581.6,201.5,621.0
1041,1,car,0.7300,562.5,477.8,652.4,530.3
1041,1,car,0.6529,778.9,583.6,899.6,673.7
1041,2,large_vehicle,0.2764,778.9,583.6,899.6,673.7
1041,0,person,0.1872,1196.6,501.4,1217.9,561.0
1041,1,car,0.1696,954.0,405.9,1026.1,449.5
1041,2,large_vehicle,0.1584,954.0,405.9,1026.1,449.5
1041,0,person,0.1357,178.7,581.4,199.4,620.5
1041,0,person,0.1148,181.0,581.6,201.5,621.1
1042,1,car,0.7972,765.3,587.8,884.3,677.1
1042,1,car,0.6649,563.2,478.1,651.1,530.3
1042,1,car,0.2059,953.9,405.7,1026.3,449.6
1042,0,person,0.2023,1196.7,501.5,1217.8,561.0
1042,2,large_vehicle,0.1940,953.9,405.7,1026.3,449.6
1042,0,person,0.1055,177.6,580.2,196.7,616.8
1042,2,large_vehicle,0.1025,765.3,587.8,884.3,677.1
1043,1,car,0.7983,765.2,587.8,884.3,677.1
1043,1,car,0.6574,562.5,478.0,651.0,530.3
1043,1,car,0.2029,954.1,405.7,1026.3,449.5
1043,2,large_vehicle,0.1792,954.1,405.7,1026.3,449.5
1043,0,person,0.1620,1196.6,501.7,1217.8,561.3
1043,0,person,0.1258,177.8,580.4,196.5,617.1
1043,2,large_vehicle,0.1016,765.2,587.8,884.3,677.1
1044,1,car,0.7985,765.2,587.7,884.3,677.1
1044,1,car,0.6769,563.0,478.2,651.1,530.4
1044,1,car,0.2041,954.1,405.7,1026.3,449.5
1044,2,large_vehicle,0.1760,954.1,405.7,1026.3,449.5
1044,0,person,0.1703,1196.6,501.7,1217.8,561.3
1044,0,person,0.1367,177.8,580.2,196.6,617.0
1044,2,large_vehicle,0.1016,765.2,587.7,884.3,677.1
1045,1,car,0.8092,748.9,591.1,873.6,681.0
1045,1,car,0.5504,562.0,478.1,650.8,530.4
1045,2,large_vehicle,0.1330,562.0,478.1,650.8,530.4
1045,1,car,0.1200,955.2,405.9,1026.2,449.4
1046,1,car,0.8067,748.9,591.2,873.7,681.0
1046,1,car,0.5517,562.6,478.1,650.8,530.5
1046,2,large_vehicle,0.1143,562.6,478.1,650.8,530.5
1046,1,car,0.1126,955.2,405.9,1026.4,449.4
1047,1,car,0.8363,733.4,594.1,858.1,684.8
1047,1,car,0.6204,559.7,478.6,651.1,530.5
1047,0,person,0.2746,176.6,583.8,193.4,617.7
1047,0,person,0.1756,629.8,500.2,649.4,533.1
1047,0,person,0.1513,1197.2,512.5,1216.7,561.5
1047,1,car,0.1506,955.4,405.9,1026.2,449.5
1047,2,large_vehicle,0.1379,955.4,405.9,1026.2,449.5
1048,1,car,0.8305,733.5,594.1,858.2,684.8
1048,1,car,0.6434,558.9,478.4,651.3,530.4
1048,0,person,0.2898,176.5,583.7,193.4,617.8
1048,0,person,0.1915,1197.1,513.3,1216.7,561.6
1048,0,person,0.1738,629.8,500.1,649.4,533.2
1048,1,car,0.1441,955.3,405.6,1026.3,449.5
1048,2,large_vehicle,0.1432,955.3,405.6,1026.3,449.5
1049,1,car,0.8392,733.5,594.1,858.2,684.8
1049,1,car,0.6140,559.7,478.5,651.5,530.4
1049,0,person,0.2724,176.5,583.8,193.5,617.9
1049,0,person,0.2702,1197.1,514.1,1216.8,561.6
1049,2,large_vehicle,0.1801,955.0,405.4,1026.4,449.5
1049,1,car,0.1793,955.0,405.4,1026.4,449.5
1049,0,person,0.1692,630.0,500.0,649.3,533.5
1050,1,car,0.8702,721.4,597.7,844.6,688.1
1050,1,car,0.7482,564.3,478.7,652.2,530.5
1050,1,car,0.2518,955.0,405.4,1026.1,449.5
1050,0,person,0.2456,1197.1,512.7,1216.9,561.6
1050,2,large_vehicle,0.1605,955.0,405.4,1026.1,449.5
1050,0,person,0.1429,173.2,582.2,190.6,617.0
1051,1,car,0.8666,721.4,597.7,844.6,688.1
1051,1,car,0.7551,563.5,478.5,652.2,530.4
1051,1,car,0.3052,954.6,405.6,1026.5,449.5
1051,0,person,0.1759,1198.0,515.7,1218.6,561.7
1051,2,large_vehicle,0.1558,954.6,405.6,1026.5,449.5
1051,0,person,0.1456,173.1,582.1,190.6,617.0
1051,0,person,0.1439,1197.1,514.7,1217.0,561.6
1052,1,car,0.8520,706.5,601.2,830.6,693.3
1052,1,car,0.5981,563.9,477.3,652.1,530.2
1052,1,car,0.2594,953.9,405.4,1025.8,449.4
1052,0,person,0.2218,629.4,497.9,648.8,532.4
1052,2,large_vehicle,0.1794,953.9,405.4,1025.8,449.4
1052,0,person,0.1464,1197.3,515.4,1216.8,561.4
1052,0,person,0.1423,171.8,582.1,189.8,619.5
1052,0,person,0.1330,628.2,498.5,645.0,532.5
1052,0,person,0.1290,1198.3,516.2,1218.5,561.6
1053,1,car,0.8528,706.5,601.2,830.6,693.3
1053,1,car,0.5820,563.5,477.1,652.1,530.2
1053,1,car,0.2599,953.9,405.4,1025.9,449.4
1053,0,person,0.2169,629.4,498.0,648.8,532.4
1053,2,large_vehicle,0.1746,953.9,405.4,1025.9,449.4
1053,0,person,0.1486,1197.2,514.8,1216.8,561.5
1053,0,person,0.1396,171.8,582.2,189.9,619.6
1053,0,person,0.1295,628.2,498.5,645.0,532.6
1053,0,person,0.1266,1198.3,515.7,1218.6,561.6
1054,1,car,0.8479,706.5,601.2,830.6,693.3
1054,1,car,0.5967,564.2,477.3,652.0,530.2
1054,1,car,0.2527,953.8,405.4,1025.9,449.4
1054,0,person,0.2271,629.4,497.9,648.8,532.4
1054,2,large_vehicle,0.1881,953.8,405.4,1025.9,449.4
1054,0,person,0.1800,171.8,582.0,190.0,619.5
1054,0,person,0.1631,1198.2,515.8,1218.7,561.6
1054,0,person,0.1365,628.2,498.5,645.0,532.5
1054,0,person,0.1031,1197.2,515.1,1216.8,561.4
1055,1,car,0.8488,690.1,605.2,816.1,696.7
1055,1,car,0.5994,561.7,478.1,651.6,530.3
1055,0,person,0.3017,169.5,580.4,189.6,621.2
1055,0,person,0.2570,168.2,580.1,187.4,620.4
1055,1,car,0.2235,954.7,405.4,1026.2,449.3
1055,0,person,0.1614,629.9,499.5,648.7,534.1
1055,2,large_vehicle,0.1561,954.7,405.4,1026.2,449.3
1055,0,person,0.1477,1198.3,514.8,1218.5,561.4
1055,0,person,0.1152,1197.3,514.6,1216.6,561.2
1056,1,car,0.8272,676.6,607.5,802.6,700.8
1056,1,car,0.6765,561.6,478.3,652.0,530.4
1056,2,large_vehicle,0.2405,955.3,405.5,1026.3,449.5
1056,1,car,0.2241,955.3,405.5,1026.3,449.5
1056,0,person,0.1655,1197.2,512.9,1216.7,561.4
1056,0,person,0.1303,168.5,582.4,185.5,618.3
1056,0,person,0.1270,1198.1,512.7,1218.6,561.6
1057,1,car,0.8099,676.7,607.4,802.5,700.8
1057,1,car,0.6624,560.9,478.2,651.9,530.3
1057,0,person,0.2653,1197.4,514.8,1216.5,561.1
1057,2,large_vehicle,0.2431,955.5,405.2,1026.1,449.5
1057,1,car,0.2319,955.5,405.2,1026.1,449.5
1057,0,person,0.1341,168.5,582.3,185.5,618.3
1058,1,car,0.8247,676.7,607.4,802.6,700.8
1058,1,car,0.6672,561.1,478.3,652.1,530.3
1058,2,large_vehicle,0.2440,955.7,405.1,1026.4,449.6
1058,0,person,0.2197,1197.4,514.8,1216.5,561.3
1058,1,car,0.2037,955.7,405.1,1026.4,449.6
1058,0,person,0.1609,168.5,582.3,185.6,618.5
1058,0,person,0.1010,1198.4,515.2,1218.3,561.5
1059,1,car,0.8610,660.4,610.9,788.4,704.7
1059,1,car,0.6526,563.5,477.9,654.2,530.3
1059,0,person,0.3971,166.5,580.7,184.2,618.2
1059,1,car,0.1977,955.2,405.5,1026.0,449.4
1059,0,person,0.1865,1197.5,516.6,1216.3,561.1
1059,2,large_vehicle,0.1744,955.2,405.5,1026.0,449.4
1060,1,car,0.8608,660.3,610.9,788.4,704.7
1060,1,car,0.6547,562.8,477.9,653.4,530.3
1060,0,person,0.3862,166.5,580.5,184.1,617.9
1060,1,car,0.2078,955.0,405.6,1026.0,449.4
1060,2,large_vehicle,0.1661,955.0,405.6,1026.0,449.4
1060,0,person,0.1245,1197.5,516.6,1216.2,561.1
1060,0,person,0.1156,1198.6,516.5,1218.3,561.3
1061,1,car,0.8702,645.6,614.8,773.0,708.6
1061,1,car,0.7128,564.4,478.0,651.6,530.0
1061,2,large_vehicle,0.2112,955.4,405.2,1025.6,449.4
1061,1,car,0.1762,955.4,405.2,1025.6,449.4
1061,0,person,0.1490,165.7,583.5,182.1,618.4
1061,0,person,0.1040,1197.4,512.3,1216.4,561.0
1062,1,car,0.8702,645.6,614.8,773.0,708.6
1062,1,car,0.7117,564.4,478.0,651.6,530.1
1062,2,large_vehicle,0.2160,955.4,405.2,1025.6,449.5
1062,1,car,0.1780,955.4,405.2,1025.6,449.5
1062,0,person,0.1707,1197.5,513.5,1216.4,561.0
1062,0,person,0.1448,165.7,583.5,182.1,618.3
1063,1,car,0.8688,645.5,614.8,772.9,708.6
1063,1,car,0.6990,565.8,478.3,651.5,530.1
1063,2,large_vehicle,0.2185,955.3,404.7,1025.8,449.5
1063,0,person,0.1643,165.7,583.6,182.0,618.3
1063,1,car,0.1504,955.3,404.7,1025.8,449.5
1064,1,car,0.8662,632.4,617.6,757.9,712.4
1064,1,car,0.6955,563.2,478.0,651.6,530.1
1064,0,person,0.3609,163.2,582.4,181.0,619.2
1064,2,large_vehicle,0.1834,955.8,404.8,1026.0,449.4
1064,0,person,0.1355,1197.2,502.6,1216.8,560.5
1064,1,car,0.1314,955.8,404.8,1026.0,449.4
1064,0,person,0.1257,1197.6,513.3,1216.1,560.9
1065,1,car,0.8644,632.5,617.5,757.8,712.4
1065,1,car,0.6896,563.1,477.8,651.4,530.0
1065,0,person,0.3779,163.2,582.4,181.0,619.3
1065,2,large_vehicle,0.1804,955.9,404.6,1025.8,449.5
1065,0,person,0.1784,1197.6,513.6,1216.0,560.9
1065,1,car,0.1325,955.9,404.6,1025.8,449.5
1065,0,person,0.1021,1197.2,502.9,1216.7,560.5
1066,1,car,0.7741,616.6,621.0,742.8,716.2
1066,1,car,0.6804,563.5,478.4,652.0,530.3
1066,0,person,0.2980,1197.2,502.0,1216.7,560.6
1066,2,large_vehicle,0.2283,956.0,404.7,1026.2,449.5
1066,0,person,0.1604,163.2,585.8,179.3,619.9
1066,1,car,0.1564,956.0,404.7,1026.2,449.5
1066,2,large_vehicle,0.1544,616.6,621.0,742.8,716.2
1067,1,car,0.7833,616.6,620.9,742.8,716.2
1067,1,car,0.6423,563.0,477.7,651.9,530.3
1067,0,person,0.2528,1197.2,502.7,1216.6,560.5
1067,2,large_vehicle,0.2430,956.1,404.8,1026.4,449.5
1067,1,car,0.1750,956.1,404.8,1026.4,449.5
1067,0,person,0.1664,163.1,585.5,179.5,619.9
1067,2,large_vehicle,0.1412,616.6,620.9,742.8,716.2
1068,1,car,0.7846,616.6,620.9,742.8,716.1
1068,1,car,0.6662,563.6,477.9,651.8,530.3
1068,0,person,0.2470,1197.2,502.7,1216.6,560.5
1068,2,large_vehicle,0.2458,956.2,404.8,1026.3,449.5
1068,1,car,0.1777,956.2,404.8,1026.3,449.5
1068,0,person,0.1710,163.0,585.2,179.3,619.7
1068,2,large_vehicle,0.1396,616.6,620.9,742.8,716.1
1069,1,car,0.7679,601.3,624.4,727.7,720.2
1069,1,car,0.6891,563.5,477.7,652.1,530.5
1069,0,person,0.4689,162.0,586.8,179.7,621.5
1069,2,large_vehicle,0.2064,955.4,405.1,1026.5,449.4
1069,0,person,0.1862,1197.0,502.0,1216.8,560.8
1069,1,car,0.1547,955.4,405.1,1026.5,449.4
1069,2,large_vehicle,0.1131,601.3,624.4,727.7,720.2
1070,1,car,0.7658,601.3,624.4,727.7,720.1
1070,1,car,0.7071,565.4,478.2,652.0,530.5
1070,0,person,0.4676,162.0,586.8,179.8,621.5
1070,2,large_vehicle,0.2163,955.3,405.0,1026.3,449.4
1070,0,person,0.2023,1197.0,501.7,1216.9,560.4
1070,1,car,0.1735,955.3,405.0,1026.3,449.4
1070,2,large_vehicle,0.1135,601.3,624.4,727.7,720.1
1071,1,car,0.7446,586.8,627.4,713.9,723.5
1071,1,car,0.4485,565.5,476.0,651.6,530.4
1071,2,large_vehicle,0.2527,954.3,405.0,1026.4,449.4
1071,1,car,0.1963,954.3,405.0,1026.4,449.4
1071,2,large_vehicle,0.1893,565.5,476.0,651.6,530.4
1071,0,person,0.1481,1196.9,501.7,1217.3,560.7
1071,2,large_vehicle,0.1235,586.8,627.4,713.9,723.5
1072,1,car,0.7461,586.8,627.4,713.9,723.5
1072,1,car,0.4697,566.0,476.8,651.7,530.3
1072,2,large_vehicle,0.2424,954.1,405.3,1026.2,449.4
1072,1,car,0.2157,954.1,405.3,1026.2,449.4
1072,0,person,0.1832,1196.9,501.5,1217.4,560.8
1072,2,large_vehicle,0.1680,566.0,476.8,651.7,530.3
1072,2,large_vehicle,0.1248,586.8,627.4,713.9,723.5
1073,1,car,0.7473,586.8,627.4,713.8,723.5
1073,1,car,0.4989,565.2,477.6,651.5,530.3
1073,2,large_vehicle,0.2286,954.2,405.3,1025.9,449.3
1073,1,car,0.2086,954.2,405.3,1025.9,449.3
1073,0,person,0.1525,1197.0,501.7,1217.3,560.7
1073,2,large_vehicle,0.1290,565.2,477.6,651.5,530.3
1073,2,large_vehicle,0.1229,586.8,627.4,713.8,723.5
1074,1,car,0.8488,571.2,631.4,699.1,726.8
1074,1,car,0.5173,565.9,478.7,652.0,530.4
1074,2,large_vehicle,0.1812,956.2,404.6,1025.9,449.5
1074,1,car,0.1550,956.2,404.6,1025.9,449.5
1074,0,person,0.1384,1197.0,501.7,1217.3,560.7
1075,1,car,0.8483,571.2,631.4,699.0,726.8
1075,1,car,0.5121,566.3,479.5,652.1,530.5
1075,2,large_vehicle,0.1860,955.8,404.6,1025.8,449.4
1075,1,car,0.1841,955.8,404.6,1025.8,449.4
1075,0,person,0.1381,1197.0,501.8,1217.4,560.7
1076,1,car,0.8808,555.1,635.4,685.0,728.9
1076,1,car,0.6779,564.2,478.2,652.1,530.5
1076,0,person,0.2940,1197.4,514.7,1216.1,560.7
1076,2,large_vehicle,0.2129,955.9,404.6,1026.5,449.5
1076,1,car,0.1392,955.9,404.6,1026.5,449.5
1076,0,person,0.1197,813.5,839.0,843.8,885.8
1077,1,car,0.8806,555.1,635.4,684.9,728.9
1077,1,car,0.6776,564.1,478.2,652.1,530.5
1077,0,person,0.2498,1197.4,513.3,1216.2,560.9
1077,2,large_vehicle,0.2136,955.9,404.6,1026.5,449.5
1077,1,car,0.1358,955.9,404.6,1026.5,449.5
1077,0,person,0.1204,813.5,839.0,843.8,885.8
1078,1,car,0.8808,555.0,635.4,684.9,728.9
1078,1,car,0.6872,564.1,478.1,652.1,530.6
1078,0,person,0.3095,1197.4,515.8,1216.2,561.1
1078,2,large_vehicle,0.1714,955.7,405.0,1026.4,449.5
1078,1,car,0.1331,955.7,405.0,1026.4,449.5
1078,0,person,0.1272,813.5,839.1,843.6,885.3
1079,1,car,0.9011,541.7,638.7,668.0,732.0
1079,1,car,0.6759,563.5,477.9,653.4,530.3
1079,0,person,0.2391,1197.5,514.5,1216.0,560.7
1079,2,large_vehicle,0.1976,955.6,404.5,1026.5,449.4
1079,1,car,0.1568,955.6,404.5,1026.5,449.4
1079,0,person,0.1354,1081.7,390.4,1095.9,429.3
1080,1,car,0.8678,526.3,641.7,653.5,736.4
1080,1,car,0.6786,562.9,477.8,651.4,530.1
1080,2,large_vehicle,0.1859,954.7,404.4,1026.4,449.4
1080,0,person,0.1795,1197.4,512.2,1216.2,560.9
1080,1,car,0.1572,954.7,404.4,1026.4,449.4
1081,1,car,0.8710,526.4,641.7,653.1,736.4
1081,1,car,0.6653,563.7,477.8,651.4,530.1
1081,2,large_vehicle,0.2217,954.9,404.5,1026.9,449.4
1081,1,car,0.1530,954.9,404.5,1026.9,449.4
1081,0,person,0.1339,1197.4,513.3,1216.3,561.0
1082,1,car,0.8666,526.3,641.7,653.8,736.4
1082,1,car,0.6545,563.9,477.4,651.5,530.2
1082,2,large_vehicle,0.1938,955.0,404.6,1026.0,449.3
1082,1,car,0.1687,955.0,404.6,1026.0,449.3
1082,0,person,0.1615,1197.3,513.3,1216.3,561.3
1083,1,car,0.8625,510.0,644.4,639.1,739.4
1083,1,car,0.6294,565.3,477.0,651.9,530.3
1083,0,person,0.1600,1197.2,512.5,1216.5,561.3
1083,1,car,0.1580,955.1,404.4,1026.5,449.3
1083,2,large_vehicle,0.1475,955.1,404.4,1026.5,449.3
1084,1,car,0.8607,510.0,644.4,639.0,739.4
1084,1,car,0.6054,564.5,476.9,652.2,530.3
1084,1,car,0.1579,955.2,404.4,1026.3,449.2
1084,2,large_vehicle,0.1307,955.2,404.4,1026.3,449.2
1084,0,person,0.1237,1197.1,511.3,1216.5,561.4
1085,1,car,0.8836,496.8,649.7,621.4,742.3
1085,1,car,0.6520,560.0,476.5,651.0,530.4
1085,0,person,0.2268,1197.1,513.8,1216.3,561.3
1085,2,large_vehicle,0.1893,955.8,404.5,1026.4,449.3
1085,4,other_vehicle,0.1300,47.2,769.5,137.6,844.9
1085,1,car,0.1283,955.8,404.5,1026.4,449.3
1086,1,car,0.8837,496.8,649.7,621.4,742.3
1086,1,car,0.6472,559.9,476.5,651.0,530.4
1086,0,person,0.2167,1197.1,513.5,1216.2,561.3
1086,2,large_vehicle,0.1866,955.8,404.6,1026.4,449.3
1086,4,other_vehicle,0.1302,47.2,769.5,137.6,844.9
1086,1,car,0.1263,955.8,404.6,1026.4,449.3
1087,1,car,0.8825,496.8,649.6,621.5,742.3
1087,1,car,0.6605,560.0,476.7,651.1,530.4
1087,0,person,0.2344,1197.1,513.7,1216.3,561.1
1087,2,large_vehicle,0.1486,955.7,404.8,1026.2,449.4
1087,1,car,0.1378,955.7,404.8,1026.2,449.4
1087,4,other_vehicle,0.1191,47.2,769.4,137.6,844.9
1088,1,car,0.8342,481.1,652.9,604.5,745.2
1088,1,car,0.6800,563.3,476.7,651.5,529.8
1088,1,car,0.1605,53.2,769.1,144.2,847.0
1088,1,car,0.1385,954.2,404.6,1026.2,449.2
1088,2,large_vehicle,0.1245,954.2,404.6,1026.2,449.2
1088,0,person,0.1205,1196.5,501.4,1217.6,560.7
1089,1,car,0.8350,481.1,652.8,604.6,745.2
1089,1,car,0.6920,563.4,477.0,651.5,529.7
1089,1,car,0.1474,53.1,769.0,144.2,846.9
1089,1,car,0.1404,954.1,404.6,1026.3,449.2
1089,2,large_vehicle,0.1287,954.1,404.6,1026.3,449.2
1089,0,person,0.1217,1196.5,501.5,1217.6,560.7
1090,1,car,0.8691,466.7,654.7,590.6,748.6
1090,1,car,0.6212,563.4,475.7,651.5,529.8
1090,2,large_vehicle,0.2316,58.2,768.2,151.3,846.4
1090,1,car,0.1637,954.2,405.4,1026.5,449.3
1090,2,large_vehicle,0.1562,954.2,405.4,1026.5,449.3
1091,1,car,0.8698,466.7,654.7,590.6,748.7
1091,1,car,0.5964,562.4,475.9,651.4,530.0
1091,2,large_vehicle,0.2043,58.2,768.2,151.3,846.8
1091,2,large_vehicle,0.1682,954.4,405.2,1025.4,449.3
1091,1,car,0.1627,954.4,405.2,1025.4,449.3
1092,1,car,0.8707,466.7,654.7,590.7,748.7
1092,1,car,0.6051,562.4,476.1,651.6,530.0
1092,2,large_vehicle,0.2023,58.3,768.2,151.3,846.8
1092,2,large_vehicle,0.1620,954.4,405.2,1025.5,449.3
1092,1,car,0.1613,954.4,405.2,1025.5,449.3
1093,1,car,0.8700,451.9,657.7,576.0,750.9
1093,1,car,0.5615,565.6,477.0,651.2,530.1
1093,1,car,0.2584,63.9,768.5,159.3,848.7
1093,2,large_vehicle,0.2408,63.9,768.5,159.3,848.7
1093,1,car,0.1701,954.8,405.3,1026.3,449.3
1093,2,large_vehicle,0.1410,954.8,405.3,1026.3,449.3
1093,0,person,0.1059,1079.9,391.2,1094.8,429.0
1094,1,car,0.8695,451.9,657.7,576.1,750.9
1094,1,car,0.5363,563.6,476.4,651.1,530.1
1094,1,car,0.2554,63.9,768.5,159.4,848.6
1094,2,large_vehicle,0.2493,63.9,768.5,159.4,848.6
1094,1,car,0.1478,954.9,405.1,1026.3,449.3
1094,2,large_vehicle,0.1405,954.9,405.1,1026.3,449.3
1094,0,person,0.1046,1080.0,391.2,1094.9,428.9
1095,1,car,0.8515,438.3,661.7,560.2,752.5
1095,1,car,0.6738,562.8,477.4,651.4,530.0
1095,1,car,0.2520,70.0,767.7,166.7,849.2
1095,2,large_vehicle,0.2503,70.0,767.7,166.7,849.2
1095,2,large_vehicle,0.2428,955.5,405.1,1026.6,449.3
1095,1,car,0.1748,955.5,405.1,1026.6,449.3
1095,0,person,0.1632,1196.6,502.2,1217.3,561.1
1095,0,person,0.1411,1079.8,391.3,1094.8,428.3
1096,1,car,0.8507,438.2,661.6,560.2,752.5
1096,1,car,0.6668,562.9,477.4,651.2,530.1
1096,1,car,0.2488,70.0,767.7,166.7,849.1
1096,2,large_vehicle,0.2456,70.0,767.7,166.7,849.1
1096,2,large_vehicle,0.2295,955.4,405.2,1026.3,449.4
1096,1,car,0.1588,955.4,405.2,1026.3,449.4
1096,0,person,0.1377,1079.8,391.4,1094.8,428.3
1096,0,person,0.1121,1196.7,502.7,1217.1,561.1
1097,1,car,0.8502,438.2,661.7,560.2,752.6
1097,1,car,0.6528,563.1,477.1,651.1,530.1
1097,2,large_vehicle,0.2552,70.0,767.7,166.6,849.1
1097,1,car,0.2549,70.0,767.7,166.6,849.1
1097,2,large_vehicle,0.2233,955.5,405.3,1026.5,449.4
1097,0,person,0.1411,1079.7,391.4,1094.6,428.6
1097,1,car,0.1393,955.5,405.3,1026.5,449.4
1097,0,person,0.1154,1198.0,512.5,1218.6,561.6
1097,0,person,0.1075,1197.0,512.9,1216.5,561.2
1098,1,car,0.7381,424.7,664.2,545.6,755.4
1098,1,car,0.6769,563.3,477.4,651.4,530.0
1098,2,large_vehicle,0.3042,76.2,768.5,174.7,847.0
1098,2,large_vehicle,0.2109,955.2,405.3,1026.9,449.4
1098,1,car,0.1673,76.2,768.5,174.7,847.0
1098,1,car,0.1463,955.2,405.3,1026.9,449.4
1098,0,person,0.1456,1198.3,517.8,1218.5,561.7
1098,0,person,0.1353,1197.0,517.3,1216.4,561.3
1098,2,large_vehicle,0.1124,424.7,664.2,545.6,755.4
1099,1,car,0.7362,424.7,664.2,545.6,755.4
1099,1,car,0.6591,563.2,477.2,651.4,530.0
1099,2,large_vehicle,0.3028,76.2,768.4,174.7,846.7
1099,0,person,0.1888,1198.3,518.3,1218.8,561.5
1099,1,car,0.1706,76.2,768.4,174.7,846.7
1099,2,large_vehicle,0.1703,955.2,404.9,1027.1,449.3
1099,2,large_vehicle,0.1136,424.7,664.2,545.6,755.4
1099,1,car,0.1075,955.2,404.9,1027.1,449.3
1099,2,large_vehicle,0.1037,563.2,477.2,651.4,530.0
1100,1,car,0.8005,410.1,666.1,531.2,759.0
1100,1,car,0.4987,564.0,476.2,651.4,530.0
1100,2,large_vehicle,0.4932,83.0,768.3,183.5,848.9
1100,2,large_vehicle,0.1896,954.3,404.7,1027.4,449.4
1100,2,large_vehicle,0.1286,564.0,476.2,651.4,530.0
1100,1,car,0.1079,83.0,768.3,183.5,848.9
1100,1,car,0.1059,954.3,404.7,1027.4,449.4
1101,1,car,0.8010,410.1,666.1,531.3,759.1
1101,2,large_vehicle,0.4958,83.0,768.3,183.5,848.9
1101,1,car,0.4867,563.9,476.1,651.5,530.0
1101,2,large_vehicle,0.1960,954.3,404.7,1027.4,449.4
1101,2,large_vehicle,0.1327,563.9,476.1,651.5,530.0
1101,1,car,0.1095,954.3,404.7,1027.4,449.4
1101,1,car,0.1079,83.0,768.3,183.5,848.9
1101,0,person,0.1029,1197.2,514.4,1216.6,561.4
1102,1,car,0.8015,410.1,666.1,531.3,759.0
1102,2,large_vehicle,0.5059,83.1,768.3,183.5,848.8
1102,1,car,0.4937,564.9,476.1,651.4,530.0
1102,2,large_vehicle,0.1945,954.5,404.9,1027.2,449.4
1102,2,large_vehicle,0.1440,564.9,476.1,651.4,530.0
1102,1,car,0.1083,954.5,404.9,1027.2,449.4
1102,1,car,0.1082,83.1,768.3,183.5,848.8
1103,1,car,0.8263,396.1,669.4,514.8,762.3
1103,1,car,0.3660,564.1,476.1,651.3,530.2
1103,2,large_vehicle,0.3604,88.8,767.2,192.5,850.6
1103,2,large_vehicle,0.1607,955.2,404.8,1027.2,449.4
1103,1,car,0.1253,88.8,767.2,192.5,850.6
1104,1,car,0.6982,383.5,673.2,500.7,764.8
1104,1,car,0.3914,562.0,476.3,651.5,530.2
1104,2,large_vehicle,0.3222,95.3,768.1,201.2,850.6
1104,2,large_vehicle,0.2116,955.3,404.6,1027.6,449.4
1104,0,person,0.1739,137.5,586.9,157.0,627.2
1104,0,person,0.1518,1196.4,501.6,1217.8,561.0
1105,1,car,0.6847,383.4,673.2,500.7,764.8
1105,1,car,0.4010,562.7,476.4,651.7,530.2
1105,2,large_vehicle,0.3247,95.2,768.1,201.2,850.5
1105,0,person,0.2048,1196.5,501.2,1217.8,561.1
1105,0,person,0.1626,137.4,587.2,156.9,627.2
1105,2,large_vehicle,0.1476,955.5,404.7,1027.6,449.4
1106,1,car,0.7011,383.5,673.1,500.7,764.8
1106,1,car,0.3809,561.8,475.8,651.6,530.2
1106,2,large_vehicle,0.3120,95.1,768.1,201.2,850.7
1106,0,person,0.2193,1196.4,500.8,1217.8,560.9
1106,2,large_vehicle,0.1907,955.3,404.6,1027.6,449.5
1106,0,person,0.1650,137.1,587.1,156.9,627.3
1107,1,car,0.7767,369.6,672.9,486.4,766.7
1107,1,car,0.4823,566.4,476.1,651.4,530.5
1107,2,large_vehicle,0.2515,103.3,766.7,211.3,847.8
1107,1,car,0.1728,103.3,766.7,211.3,847.8
1107,0,person,0.1428,1196.5,501.1,1217.5,560.7
1107,0,person,0.1278,136.6,588.0,155.6,627.4
1107,2,large_vehicle,0.1147,954.5,404.5,1027.3,449.3
1108,1,car,0.7778,369.6,673.0,486.4,766.7
1108,1,car,0.4845,563.5,476.0,651.4,530.5
1108,2,large_vehicle,0.2523,103.3,766.7,211.3,847.6
1108,1,car,0.1733,103.3,766.7,211.3,847.6
1108,0,person,0.1367,136.5,588.0,155.6,627.5
1108,2,large_vehicle,0.1176,954.4,404.8,1027.2,449.4
1108,0,person,0.1002,1197.2,514.3,1216.5,560.6
1109,1,car,0.7533,358.5,676.9,474.0,768.6
1109,0,person,0.5274,128.8,586.0,153.1,627.0
1109,1,car,0.3364,566.5,475.9,651.7,530.5
1109,1,car,0.3194,110.5,764.4,221.2,850.4
1109,2,large_vehicle,0.2414,110.5,764.4,221.2,850.4
1109,2,large_vehicle,0.1416,954.4,404.7,1027.2,449.5
1109,1,car,0.1267,954.4,404.7,1027.2,449.5
1110,1,car,0.7571,358.5,676.8,474.0,768.6
1110,0,person,0.5255,128.8,586.0,153.1,627.0
1110,1,car,0.3257,566.6,475.9,651.6,530.5
1110,1,car,0.3225,110.5,764.3,221.2,850.4
1110,2,large_vehicle,0.2360,110.5,764.3,221.2,850.4
1110,2,large_vehicle,0.1418,954.4,404.7,1027.2,449.5
1110,1,car,0.1267,954.4,404.7,1027.2,449.5
1111,1,car,0.7565,358.5,676.9,474.1,768.5
1111,0,person,0.5233,128.7,586.0,153.1,627.0
1111,1,car,0.3411,568.0,476.1,651.8,530.5
1111,1,car,0.3193,110.5,764.3,221.2,850.6
1111,2,large_vehicle,0.2358,110.5,764.3,221.2,850.6
1111,2,large_vehicle,0.1389,954.2,404.8,1027.0,449.4
1111,1,car,0.1334,954.2,404.8,1027.0,449.4
1112,1,car,0.8035,344.3,679.3,458.0,771.7
1112,0,person,0.5579,127.1,585.8,152.1,627.1
1112,2,large_vehicle,0.3002,117.6,763.8,230.5,862.4
1112,1,car,0.2531,117.6,763.8,230.5,862.4
1112,2,large_vehicle,0.1129,955.7,404.4,1026.9,449.6
1113,1,car,0.7998,344.4,679.5,457.9,771.7
1113,0,person,0.5855,127.2,585.7,151.9,627.2
1113,2,large_vehicle,0.3258,117.6,763.8,230.5,860.4
1113,1,car,0.2620,117.6,763.8,230.5,860.4
1113,2,large_vehicle,0.1116,955.7,404.4,1026.9,449.6
1114,1,car,0.7972,331.8,681.1,445.2,772.8
1114,0,person,0.4874,126.6,585.8,150.7,627.3
1114,1,car,0.3892,565.1,476.5,650.9,530.6
1114,1,car,0.3337,126.0,761.1,241.0,868.7
1114,2,large_vehicle,0.3171,126.0,761.1,241.0,868.7
1114,2,large_vehicle,0.1595,955.4,404.8,1026.7,449.6
1114,1,car,0.1213,955.4,404.8,1026.7,449.6
1114,0,person,0.1076,1197.2,512.6,1216.2,560.5
1115,1,car,0.8035,331.8,681.0,445.2,772.8
1115,0,person,0.4904,126.7,585.9,150.6,627.2
1115,1,car,0.3609,126.0,760.9,240.9,868.7
1115,1,car,0.3358,565.1,476.0,651.1,530.7
1115,2,large_vehicle,0.2733,126.0,760.9,240.9,868.7
1115,0,person,0.1231,1197.3,515.3,1216.1,560.5
1115,2,large_vehicle,0.1149,955.2,404.6,1026.5,449.5
1116,1,car,0.8031,331.8,681.0,445.1,772.8
1116,0,person,0.4969,126.7,585.9,150.6,627.2
1116,1,car,0.3537,126.0,760.9,240.9,868.8
1116,1,car,0.3443,565.0,476.1,651.2,530.7
1116,2,large_vehicle,0.2846,126.0,760.9,240.9,868.8
1116,0,person,0.1247,1197.3,515.4,1216.1,560.5
1116,2,large_vehicle,0.1160,955.2,404.7,1026.5,449.5
1117,0,person,0.5359,126.0,586.4,149.6,629.2
1117,1,car,0.4833,318.9,684.5,430.3,773.8
1117,1,car,0.4756,563.7,475.8,651.6,530.5
1117,2,large_vehicle,0.4517,132.8,761.9,250.6,844.8
1117,2,large_vehicle,0.2142,318.9,684.5,430.3,773.8
1117,4,other_vehicle,0.1877,132.8,761.9,250.6,844.8
1117,2,large_vehicle,0.1479,954.9,404.4,1027.2,449.3
1117,1,car,0.1383,132.8,761.9,250.6,844.8
1117,1,car,0.1315,954.9,404.4,1027.2,449.3
1118,0,person,0.5658,125.9,586.5,149.3,628.7
1118,1,car,0.4872,319.0,684.6,430.4,773.8
1118,2,large_vehicle,0.4422,132.8,762.0,250.6,844.8
1118,1,car,0.3690,563.3,475.9,651.5,530.4
1118,2,large_vehicle,0.2112,319.0,684.6,430.4,773.8
1118,4,other_vehicle,0.2108,132.8,762.0,250.6,844.8
1118,2,large_vehicle,0.1843,955.0,404.3,1026.9,449.4
1118,1,car,0.1414,955.0,404.3,1026.9,449.4
1118,1,car,0.1322,132.8,762.0,250.6,844.8
1118,0,person,0.1197,1197.3,516.5,1216.3,560.7
1118,2,large_vehicle,0.1133,563.3,475.9,651.5,530.4
1119,0,person,0.6815,126.0,586.5,148.5,629.0
1119,1,car,0.5121,307.7,687.4,417.6,776.1
1119,2,large_vehicle,0.3344,138.5,762.2,261.0,849.9
1119,2,large_vehicle,0.1676,954.2,404.2,1026.5,449.4
1119,1,car,0.1576,954.2,404.2,1026.5,449.4
1119,1,car,0.1521,565.8,476.4,651.3,530.5
1119,2,large_vehicle,0.1484,307.7,687.4,417.6,776.1
1119,4,other_vehicle,0.1276,307.7,687.4,417.6,776.1
1119,2,large_vehicle,0.1131,69.2,763.0,260.7,871.4
1120,0,person,0.6768,125.8,586.5,148.4,629.0
1120,1,car,0.5394,307.7,687.4,417.6,776.2
1120,2,large_vehicle,0.3311,138.6,762.1,261.1,851.1
1120,2,large_vehicle,0.1553,954.3,404.4,1026.7,449.4
1120,1,car,0.1538,567.2,476.1,651.2,530.4
1120,1,car,0.1520,954.3,404.4,1026.7,449.4
1120,2,large_vehicle,0.1437,307.7,687.4,417.6,776.2
1120,2,large_vehicle,0.1183,69.6,763.0,260.8,871.7
1120,4,other_vehicle,0.1087,307.7,687.4,417.6,776.2
1121,0,person,0.6889,125.8,586.4,148.4,629.0
1121,1,car,0.5300,307.7,687.2,417.7,776.1
1121,2,large_vehicle,0.3578,138.3,762.0,261.0,850.0
1121,1,car,0.1472,566.6,476.5,651.4,530.8
1121,2,large_vehicle,0.1438,954.6,404.5,1026.3,449.3
1121,2,large_vehicle,0.1393,307.7,687.2,417.7,776.1
1121,1,car,0.1344,954.6,404.5,1026.3,449.3
1121,4,other_vehicle,0.1178,307.7,687.2,417.7,776.1
1122,0,person,0.5868,125.4,586.3,147.0,629.7
1122,1,car,0.4141,295.0,690.2,404.0,777.2
1122,4,other_vehicle,0.3701,295.0,690.2,404.0,777.2
1122,2,large_vehicle,0.1793,102.9,760.6,271.8,867.7
1122,2,large_vehicle,0.1304,78.7,761.0,271.4,870.2
1122,1,car,0.1149,565.6,476.3,651.3,530.4
1122,2,large_vehicle,0.1029,295.0,690.2,404.0,777.2
1122,2,large_vehicle,0.1023,955.6,404.5,1026.2,449.3
1123,0,person,0.5928,125.4,586.3,147.0,629.7
1123,1,car,0.4029,295.1,690.3,404.0,777.2
1123,4,other_vehicle,0.3856,295.1,690.3,404.0,777.2
1123,2,large_vehicle,0.1523,77.5,761.0,271.5,870.1
1123,2,large_vehicle,0.1324,99.0,760.6,272.0,868.0
1123,1,car,0.1041,565.6,476.2,651.3,530.4
1123,2,large_vehicle,0.1021,295.1,690.3,404.0,777.2
1124,1,car,0.6342,284.8,691.5,389.2,778.1
1124,0,person,0.4755,125.0,586.9,145.4,629.4
1124,1,car,0.3991,564.3,476.1,650.9,530.6
1124,2,large_vehicle,0.2994,75.9,761.7,281.2,870.6
1124,2,large_vehicle,0.1394,956.0,404.7,1025.5,449.4
1125,1,car,0.6343,284.8,691.5,389.2,778.1
1125,0,person,0.4858,125.1,587.3,145.4,629.4
1125,1,car,0.3995,564.5,476.1,651.0,530.6
1125,2,large_vehicle,0.2955,76.5,761.7,281.2,870.7
1125,2,large_vehicle,0.1337,956.0,404.7,1025.4,449.4
1126,1,car,0.6150,284.8,691.5,389.3,778.1
1126,0,person,0.4892,125.0,587.2,145.4,629.5
1126,1,car,0.4236,563.0,476.3,651.0,530.6
1126,2,large_vehicle,0.2767,74.5,761.6,281.1,870.6
1126,2,large_vehicle,0.1288,955.8,404.9,1025.8,449.4
1126,0,person,0.1064,1197.0,512.3,1216.5,560.8
1127,1,car,0.5134,273.6,695.6,377.0,779.4
1127,0,person,0.4279,124.7,586.7,145.7,630.6
1127,1,car,0.3697,568.6,476.1,651.4,529.9
1127,2,large_vehicle,0.3029,70.1,763.2,293.1,870.5
1127,2,large_vehicle,0.1770,157.1,764.1,293.0,867.6
1127,2,large_vehicle,0.1547,955.3,404.3,1026.4,449.3
1127,4,other_vehicle,0.1326,273.6,695.6,377.0,779.4
1127,0,person,0.1226,1075.5,392.7,1089.5,427.9
1127,1,car,0.1059,955.3,404.3,1026.4,449.3
1128,2,large_vehicle,0.4653,63.2,762.2,304.8,871.6
1128,1,car,0.4186,263.3,696.3,365.6,780.3
1128,0,person,0.4100,124.0,586.8,145.8,631.8
1128,0,person,0.2702,123.1,586.9,142.6,631.5
1128,1,car,0.2432,567.3,476.7,651.7,529.7
1128,2,large_vehicle,0.1095,955.0,404.6,1026.5,449.4
1129,0,person,0.4697,123.3,587.0,142.6,631.5
1129,2,large_vehicle,0.4650,63.9,762.3,304.7,871.8
1129,1,car,0.4046,263.3,696.3,365.6,780.4
1129,1,car,0.3058,568.5,476.8,651.5,529.7
1129,0,person,0.2779,124.2,586.9,145.8,631.8
1129,2,large_vehicle,0.1326,954.3,404.6,1026.6,449.3
1129,1,car,0.1221,954.3,404.6,1026.6,449.3
1130,2,large_vehicle,0.4559,63.5,762.2,304.6,871.6
1130,0,person,0.4480,123.9,586.8,145.7,631.9
1130,1,car,0.4240,263.3,696.3,365.7,780.3
1130,1,car,0.3175,568.6,476.8,651.5,529.9
1130,0,person,0.1951,123.1,586.9,142.6,631.7
1130,2,large_vehicle,0.1474,955.0,404.0,1027.1,449.4
1130,1,car,0.1139,955.0,404.0,1027.1,449.4
1131,0,person,0.5306,122.5,586.7,141.9,631.7
1131,2,large_vehicle,0.4463,77.8,763.1,317.7,871.4
1131,1,car,0.2093,198.5,697.0,352.4,782.5
1131,2,large_vehicle,0.1446,955.2,404.3,1027.1,449.3
1131,1,car,0.1292,955.2,404.3,1027.1,449.3
1131,1,car,0.1161,567.6,475.6,651.6,530.8
1132,0,person,0.5272,122.4,586.6,142.0,631.8
1132,2,large_vehicle,0.4420,75.9,763.2,317.7,871.4
1132,1,car,0.2026,198.6,697.0,352.5,782.5
1132,1,car,0.1399,955.4,404.3,1027.0,449.3
1132,2,large_vehicle,0.1158,955.4,404.3,1027.0,449.3
1133,1,car,0.5215,564.5,476.1,650.6,530.6
1133,0,person,0.5030,121.2,587.4,141.3,632.5
1133,2,large_vehicle,0.4373,68.5,760.2,329.5,871.7
1133,0,person,0.2352,1075.1,392.0,1090.3,431.6
1133,2,large_vehicle,0.2030,955.8,404.2,1027.3,449.4
1133,2,large_vehicle,0.1831,181.0,763.0,329.3,866.9
1133,1,car,0.1704,236.4,699.8,341.5,779.1
1133,1,car,0.1484,955.8,404.2,1027.3,449.4
1133,0,person,0.1372,1196.6,501.4,1217.5,560.1
1133,1,car,0.1139,191.3,698.7,343.5,781.4
1134,1,car,0.5215,564.5,476.1,650.6,530.6
1134,0,person,0.5051,121.2,587.4,141.3,632.4
1134,2,large_vehicle,0.4406,67.8,760.2,329.5,871.8
1134,0,person,0.2368,1075.2,392.0,1090.3,431.6
1134,2,large_vehicle,0.2011,955.8,404.3,1027.3,449.4
1134,2,large_vehicle,0.1774,180.4,763.0,329.3,866.9
1134,1,car,0.1706,236.5,699.8,341.5,779.1
1134,1,car,0.1446,955.8,404.3,1027.3,449.4
1134,0,person,0.1402,1196.6,501.3,1217.6,560.1
1134,1,car,0.1222,191.1,698.7,343.5,781.4
1135,1,car,0.5260,564.4,476.0,650.5,530.7
1135,0,person,0.4843,121.1,587.4,141.3,632.5
1135,2,large_vehicle,0.4066,68.0,760.2,329.6,871.6
1135,0,person,0.2137,1075.2,392.2,1090.2,431.5
1135,1,car,0.2017,237.4,699.8,341.4,779.0
1135,2,large_vehicle,0.1919,183.5,763.0,329.3,866.9
1135,2,large_vehicle,0.1676,955.7,404.5,1026.8,449.4
1135,1,car,0.1259,955.7,404.5,1026.8,449.4
1135,0,person,0.1160,1196.6,501.4,1217.4,560.4
1135,1,car,0.1034,192.3,698.7,343.5,781.5
1136,1,car,0.5223,228.7,700.8,329.6,780.3
1136,1,car,0.5130,567.3,476.0,650.9,530.5
1136,0,person,0.3316,119.7,589.6,139.5,632.4
1136,0,person,0.1669,1196.6,501.0,1217.5,559.8
1136,2,large_vehicle,0.1530,955.3,404.7,1026.4,449.4
1136,1,car,0.1492,955.3,404.7,1026.4,449.4
1137,1,car,0.5336,228.9,700.7,329.6,780.0
1137,1,car,0.5147,567.5,476.0,651.0,530.4
1137,0,person,0.2444,119.5,590.4,139.7,632.6
1137,1,car,0.1544,955.3,404.7,1026.4,449.4
1137,2,large_vehicle,0.1535,955.3,404.7,1026.4,449.4
1137,0,person,0.1483,1196.6,501.0,1217.5,559.8
1138,1,car,0.7141,222.0,704.2,317.8,776.9
1138,0,person,0.5343,117.7,589.8,137.2,630.6
1138,1,car,0.4119,569.9,475.5,650.9,530.4
1138,1,car,0.1939,954.1,404.9,1025.4,449.2
1138,2,large_vehicle,0.1713,954.1,404.9,1025.4,449.2
1138,2,large_vehicle,0.1163,569.9,475.5,650.9,530.4
1138,0,person,0.1054,125.7,586.2,148.0,614.9
1139,1,car,0.7097,222.0,704.2,317.9,777.0
1139,0,person,0.5238,117.8,589.7,137.4,630.8
1139,1,car,0.4601,569.6,475.9,650.6,530.4
1139,2,large_vehicle,0.1586,953.7,404.2,1026.2,449.2
1139,1,car,0.1540,953.7,404.2,1026.2,449.2
1139,0,person,0.1496,1074.4,392.2,1088.6,431.1
1140,1,car,0.7088,222.0,704.2,317.9,777.0
1140,0,person,0.5223,117.8,589.7,137.4,630.5
1140,1,car,0.4318,569.5,475.8,651.0,530.4
1140,2,large_vehicle,0.1474,953.7,404.2,1026.1,449.2
1140,1,car,0.1456,953.7,404.2,1026.1,449.2
1141,1,car,0.4946,213.0,703.9,306.8,784.8
1141,0,person,0.4109,116.9,590.6,136.7,631.2
1141,1,car,0.3497,568.5,476.0,650.8,530.9
1141,2,large_vehicle,0.2718,224.6,762.3,366.1,865.4
1141,0,person,0.2534,1073.6,393.0,1088.3,431.4
1141,1,car,0.1785,224.6,762.3,366.1,865.4
1141,2,large_vehicle,0.1683,955.5,404.1,1026.7,449.3
1141,1,car,0.1646,955.5,404.1,1026.7,449.3
1141,0,person,0.1090,1196.5,500.6,1217.7,560.4
1142,1,car,0.5110,569.7,476.1,650.8,530.9
1142,1,car,0.4784,212.7,703.9,306.8,785.0
1142,0,person,0.4736,116.4,590.9,136.8,631.7
1142,2,large_vehicle,0.2869,224.4,762.4,366.3,865.3
1142,1,car,0.1755,224.4,762.4,366.3,865.3
1142,0,person,0.1726,1073.7,393.2,1088.3,431.8
1142,0,person,0.1512,1196.4,500.5,1217.7,560.6
1142,2,large_vehicle,0.1424,955.4,404.2,1026.4,449.2
1142,1,car,0.1257,955.4,404.2,1026.4,449.2
1143,0,person,0.5264,115.5,591.6,135.4,631.8
1143,1,car,0.4971,566.4,476.5,650.3,530.2
1143,1,car,0.4300,204.2,706.8,293.3,786.8
1143,1,car,0.2830,236.6,758.4,379.2,865.5
1143,2,large_vehicle,0.1952,236.6,758.9,379.6,865.5
1143,2,large_vehicle,0.1916,956.1,404.3,1026.2,449.2
1143,1,car,0.1816,236.6,758.9,379.6,865.5
1143,2,large_vehicle,0.1654,236.6,758.4,379.2,865.5
1143,2,large_vehicle,0.1642,566.4,476.5,650.3,530.2
1143,0,person,0.1211,1073.5,393.7,1088.2,432.2
1144,0,person,0.5301,115.5,591.7,135.4,631.9
1144,1,car,0.5036,566.5,476.5,650.3,530.3
1144,1,car,0.4465,203.5,706.7,293.3,786.8
1144,1,car,0.3531,236.8,758.4,379.2,865.6
1144,2,large_vehicle,0.1828,236.8,758.4,379.2,865.6
1144,2,large_vehicle,0.1461,566.5,476.5,650.3,530.3
1144,0,person,0.1416,1073.5,393.8,1088.2,432.2
1144,2,large_vehicle,0.1260,956.1,404.4,1025.7,449.3
1144,0,person,0.1238,1196.5,500.9,1217.5,560.8
1145,1,car,0.4961,566.6,476.3,650.5,530.5
1145,0,person,0.4943,115.5,591.6,135.3,631.8
1145,1,car,0.4338,203.5,706.7,293.4,786.8
1145,1,car,0.3564,236.6,758.3,379.2,865.5
1145,2,large_vehicle,0.1945,236.6,758.3,379.2,865.5
1145,2,large_vehicle,0.1512,955.5,404.5,1025.6,449.2
1145,2,large_vehicle,0.1312,566.6,476.3,650.5,530.5
1146,1,car,0.5036,192.2,707.3,285.5,788.4
1146,0,person,0.4227,114.6,591.7,134.0,631.6
1146,2,large_vehicle,0.4035,247.5,745.8,393.4,865.6
1146,1,car,0.3101,566.4,475.4,650.7,530.2
1146,2,large_vehicle,0.1529,955.1,404.4,1026.0,449.1
1146,1,car,0.1282,247.5,745.8,393.4,865.6
1147,1,car,0.5033,192.0,707.3,285.5,788.4
1147,0,person,0.4269,114.6,591.7,134.0,631.7
1147,2,large_vehicle,0.4056,247.5,746.1,393.3,865.6
1147,1,car,0.3794,566.1,475.5,650.7,530.1
1147,2,large_vehicle,0.1797,955.1,404.7,1025.9,449.2
1147,1,car,0.1294,247.5,746.1,393.3,865.6
1147,2,large_vehicle,0.1015,566.1,475.5,650.7,530.1
1147,1,car,0.1012,955.1,404.7,1025.9,449.2
1148,0,person,0.5321,112.6,590.3,132.2,631.7
1148,1,car,0.4545,154.9,708.5,274.3,789.8
1148,1,car,0.4264,567.0,476.9,650.5,530.0
1148,0,person,0.4229,1072.9,393.1,1087.6,432.4
1148,2,large_vehicle,0.3447,258.0,747.8,406.5,864.4
1148,2,large_vehicle,0.2527,954.6,404.5,1026.6,449.3
1148,1,car,0.2480,258.0,747.8,406.5,864.4
1148,2,large_vehicle,0.2160,154.9,708.5,274.3,789.8
1148,2,large_vehicle,0.1887,567.0,476.9,650.5,530.0
1148,1,car,0.1369,954.6,404.5,1026.6,449.3
1148,0,person,0.1194,1196.6,501.3,1217.5,560.9
1149,0,person,0.5368,112.6,590.3,132.2,631.7
1149,1,car,0.4584,155.0,708.5,274.3,789.8
1149,0,person,0.4219,1072.9,393.1,1087.6,432.4
1149,1,car,0.4165,567.1,476.9,650.5,530.0
1149,2,large_vehicle,0.3439,258.0,747.7,406.5,864.4
1149,2,large_vehicle,0.2581,954.6,404.3,1026.5,449.3
1149,1,car,0.2488,258.0,747.7,406.5,864.4
1149,2,large_vehicle,0.2210,155.0,708.5,274.3,789.8
1149,2,large_vehicle,0.1840,567.1,476.9,650.5,530.0
1149,0,person,0.1218,1196.6,501.2,1217.5,560.9
1149,1,car,0.1208,954.6,404.3,1026.5,449.3
1150,0,person,0.5266,112.6,590.2,132.1,631.5
1150,1,car,0.4632,154.8,708.6,274.3,789.8
1150,1,car,0.4306,568.0,476.7,650.6,530.0
1150,0,person,0.4146,1072.9,393.1,1087.6,432.4
1150,2,large_vehicle,0.3219,258.0,747.5,406.4,864.4
1150,2,large_vehicle,0.2710,954.7,404.5,1026.8,449.3
1150,1,car,0.2480,258.0,747.5,406.4,864.4
1150,2,large_vehicle,0.2098,154.8,708.6,274.3,789.8
1150,2,large_vehicle,0.2085,568.0,476.7,650.6,530.0
1150,1,car,0.1526,954.7,404.5,1026.8,449.3
1151,1,car,0.6726,177.8,710.2,264.5,787.7
1151,2,large_vehicle,0.3827,270.7,748.3,420.0,863.4
1151,1,car,0.3504,566.9,476.2,650.5,529.6
1151,0,person,0.3390,1072.7,394.0,1087.6,433.1
1151,0,person,0.3012,111.8,592.2,129.5,632.2
1151,1,car,0.3004,270.7,748.3,420.0,863.4
1151,2,large_vehicle,0.2460,566.9,476.2,650.5,529.6
1151,2,large_vehicle,0.2427,955.6,404.9,1026.6,449.3
1151,1,car,0.1312,955.6,404.9,1026.6,449.3
1151,0,person,0.1154,1196.8,500.9,1217.2,560.4
1152,0,person,0.4781,111.0,592.7,128.7,632.0
1152,1,car,0.4182,168.7,710.3,253.9,789.7
1152,2,large_vehicle,0.4144,280.3,746.8,433.0,863.9
1152,1,car,0.3813,567.5,476.2,650.5,529.4
1152,4,other_vehicle,0.2747,168.7,710.3,253.9,789.7
1152,1,car,0.2277,280.3,746.8,433.0,863.9
1152,2,large_vehicle,0.1797,955.8,404.6,1026.6,449.4
1152,2,large_vehicle,0.1727,567.5,476.2,650.5,529.4
1153,0,person,0.4693,110.9,592.7,128.7,631.9
1153,2,large_vehicle,0.4179,280.3,746.8,433.0,863.9
1153,1,car,0.4122,168.7,710.4,253.9,789.7
1153,1,car,0.3444,567.2,476.1,650.3,529.4
1153,4,other_vehicle,0.2769,168.7,710.4,253.9,789.7
1153,1,car,0.2241,280.3,746.8,433.0,863.9
1153,2,large_vehicle,0.1588,955.8,404.4,1026.4,449.4
1153,2,large_vehicle,0.1558,567.2,476.1,650.3,529.4
1153,0,person,0.1063,1072.4,394.5,1087.3,433.2
1154,0,person,0.4606,111.1,592.9,128.9,632.1
1154,2,large_vehicle,0.4155,280.4,746.7,433.1,863.9
1154,1,car,0.4053,168.6,710.2,254.0,789.8
1154,1,car,0.3844,565.9,476.0,650.3,529.3
1154,4,other_vehicle,0.2871,168.6,710.2,254.0,789.8
1154,1,car,0.2288,280.4,746.7,433.1,863.9
1154,2,large_vehicle,0.1369,956.3,404.8,1026.2,449.4
1154,2,large_vehicle,0.1335,565.9,476.0,650.3,529.3
1155,1,car,0.5382,161.5,711.5,245.5,790.8
1155,1,car,0.5049,566.1,476.3,650.8,529.7
1155,0,person,0.4266,109.9,594.0,128.1,633.2
1155,0,person,0.2749,1071.4,394.8,1087.4,433.1
1155,1,car,0.2621,289.1,743.7,447.0,863.6
1155,2,large_vehicle,0.2320,289.1,743.7,447.0,863.6
1155,2,large_vehicle,0.1513,956.0,405.2,1026.4,449.3
1155,1,car,0.1244,956.0,405.2,1026.4,449.3
1155,2,large_vehicle,0.1041,566.1,476.3,650.8,529.7
1156,1,car,0.5416,161.5,711.5,245.9,790.9
1156,1,car,0.5203,566.3,476.2,650.7,529.6
1156,0,person,0.4327,109.9,594.1,128.0,633.2
1156,1,car,0.2597,289.1,743.5,446.7,863.7
1156,0,person,0.2449,1071.5,395.0,1087.3,433.1
1156,2,large_vehicle,0.2339,289.1,743.5,446.7,863.7
1156,2,large_vehicle,0.1355,955.6,405.2,1026.2,449.2
1156,1,car,0.1267,955.6,405.2,1026.2,449.2
1156,2,large_vehicle,0.1167,566.3,476.2,650.7,529.6
1156,0,person,0.1038,1197.5,513.2,1216.2,560.9
1157,1,car,0.5209,153.4,713.0,234.6,792.0
1157,1,car,0.5038,567.5,475.9,650.9,529.9
1157,0,person,0.4836,108.5,594.8,126.8,633.5
1157,2,large_vehicle,0.3471,306.8,738.3,457.1,862.5
1157,1,car,0.2189,306.8,738.3,457.1,862.5
1157,0,person,0.1930,1071.1,394.6,1086.3,432.8
1157,2,large_vehicle,0.1839,955.3,405.1,1026.2,449.2
1157,0,person,0.1347,1070.9,395.2,1086.8,432.9
1157,1,car,0.1192,955.3,405.1,1026.2,449.2
1157,0,person,0.1152,1196.5,500.4,1217.7,560.7
1157,2,large_vehicle,0.1036,567.5,475.9,650.9,529.9
1158,1,car,0.5239,153.4,713.0,234.6,792.0
1158,1,car,0.5090,567.3,476.0,650.9,529.9
1158,0,person,0.4848,108.5,594.8,126.8,633.4
1158,2,large_vehicle,0.3457,306.8,738.3,457.1,862.4
1158,1,car,0.2208,306.8,738.3,457.1,862.4
1158,2,large_vehicle,0.1858,955.3,405.1,1026.1,449.2
1158,0,person,0.1821,1071.1,394.7,1086.3,432.8
1158,0,person,0.1482,1070.9,395.2,1086.8,432.9
1158,1,car,0.1188,955.3,405.1,1026.1,449.2
1158,0,person,0.1084,1196.5,500.5,1217.7,560.6
1158,2,large_vehicle,0.1065,567.3,476.0,650.9,529.9
1159,1,car,0.5144,153.5,713.1,234.6,792.0
1159,1,car,0.5077,567.3,475.7,650.8,529.9
1159,0,person,0.4858,108.4,594.8,126.8,633.5
1159,2,large_vehicle,0.3353,306.8,738.2,457.1,862.4
1159,1,car,0.2286,306.8,738.2,457.1,862.4
1159,0,person,0.1997,1071.1,394.8,1086.2,432.7
1159,2,large_vehicle,0.1987,955.4,405.2,1025.8,449.2
1159,1,car,0.1234,955.4,405.2,1025.8,449.2
1159,2,large_vehicle,0.1186,567.3,475.7,650.8,529.9
1159,0,person,0.1166,1196.6,500.3,1217.7,560.7
1159,0,person,0.1075,1070.9,395.3,1086.8,432.9
1160,1,car,0.6591,145.1,713.6,226.2,792.2
1160,1,car,0.3603,320.4,740.1,477.1,862.4
1160,1,car,0.3468,564.6,475.5,650.6,530.1
1160,2,large_vehicle,0.2100,320.4,740.1,477.1,862.4
1160,0,person,0.1812,106.7,597.7,126.9,634.3
1161,1,car,0.6609,145.1,713.7,226.2,792.1
1161,1,car,0.3846,564.9,475.5,650.7,530.3
1161,1,car,0.2875,320.5,740.1,476.9,862.3
1161,2,large_vehicle,0.2716,320.5,740.1,476.9,862.3
1161,0,person,0.1530,106.8,597.6,126.9,634.2
1162,1,car,0.7495,137.0,713.2,217.4,793.8
1162,1,car,0.5218,565.5,476.1,650.5,529.6
1162,1,car,0.3978,334.1,735.8,484.1,861.3
1162,0,person,0.3022,106.1,597.5,124.2,633.1
1162,2,large_vehicle,0.1444,955.9,404.9,1026.1,449.3
1162,1,car,0.1093,955.9,404.9,1026.1,449.3
1162,0,person,0.1011,1071.1,395.1,1085.6,432.1
1163,1,car,0.7509,137.0,712.9,217.1,793.9
1163,1,car,0.4929,563.1,475.8,650.6,529.7
1163,1,car,0.3956,334.1,735.9,484.3,861.2
1163,0,person,0.3078,106.4,597.3,124.1,633.0
1163,0,person,0.2281,1070.9,396.1,1086.4,432.6
1163,2,large_vehicle,0.1916,956.3,404.6,1026.2,449.4
1163,1,car,0.1050,956.3,404.6,1026.2,449.4
1163,2,large_vehicle,0.1029,334.1,735.9,484.3,861.2
1164,1,car,0.7511,137.0,713.0,217.2,793.9
1164,1,car,0.4929,563.0,475.8,650.6,529.7
1164,1,car,0.3962,334.1,735.9,484.3,861.2
1164,0,person,0.3203,106.1,597.4,124.0,633.0
1164,0,person,0.1985,1070.8,396.1,1086.5,432.6
1164,2,large_vehicle,0.1822,956.3,404.7,1026.0,449.4
1164,1,car,0.1020,956.3,404.7,1026.0,449.4
1164,2,large_vehicle,0.1017,334.1,735.9,484.3,861.2
1165,1,car,0.7341,129.6,718.3,208.5,790.9
1165,1,car,0.5000,565.6,476.2,650.7,529.4
1165,2,large_vehicle,0.4167,347.7,736.5,502.1,859.2
1165,0,person,0.1997,105.9,597.3,122.7,632.6
1165,2,large_vehicle,0.1966,956.0,404.6,1026.2,449.2
1165,2,large_vehicle,0.1752,565.6,476.2,650.7,529.4
1165,1,car,0.1740,347.7,736.5,502.1,859.2
1165,0,person,0.1660,1070.8,399.5,1084.6,432.0
1165,0,person,0.1573,1070.9,395.9,1084.3,429.0
1165,1,car,0.1390,956.0,404.6,1026.2,449.2
1165,0,person,0.1105,1196.8,501.5,1217.3,560.5
1166,1,car,0.7318,129.6,718.3,208.5,790.9
1166,1,car,0.5008,567.4,476.4,650.9,529.3
1166,2,large_vehicle,0.4187,347.7,736.6,501.8,859.1
1166,0,person,0.2278,1070.7,399.5,1084.6,432.1
1166,2,large_vehicle,0.2071,567.4,476.4,650.9,529.3
1166,0,person,0.1753,105.9,597.4,122.8,632.6
1166,2,large_vehicle,0.1722,955.9,404.2,1025.9,449.2
1166,1,car,0.1681,347.7,736.6,501.8,859.1
1167,1,car,0.6254,123.1,719.1,198.2,791.8
1167,1,car,0.4541,361.5,732.0,517.4,857.5
1167,1,car,0.4352,564.9,475.8,650.7,529.6
1167,0,person,0.2259,1070.0,398.0,1084.2,432.7
1167,0,person,0.2008,104.5,597.3,121.9,632.6
1167,0,person,0.1835,103.1,597.5,119.2,631.5
1167,2,large_vehicle,0.1813,361.5,732.0,517.4,857.5
1167,2,large_vehicle,0.1649,955.4,404.4,1026.0,449.2
1167,2,large_vehicle,0.1392,564.9,475.8,650.7,529.6
1167,1,car,0.1145,955.4,404.4,1026.0,449.2
1168,1,car,0.6240,123.2,719.2,198.5,791.7
1168,1,car,0.4438,361.4,732.1,517.4,857.4
1168,1,car,0.4252,566.0,475.9,650.7,529.5
1168,0,person,0.2142,1070.0,398.1,1084.1,432.7
1168,0,person,0.1984,104.5,597.3,121.9,632.6
1168,0,person,0.1914,103.1,597.4,119.2,631.5
1168,2,large_vehicle,0.1886,955.4,404.2,1026.2,449.3
1168,2,large_vehicle,0.1831,361.4,732.1,517.4,857.4
1168,2,large_vehicle,0.1483,566.0,475.9,650.7,529.5
1168,1,car,0.1317,955.4,404.2,1026.2,449.3
1169,1,car,0.6174,123.2,719.2,198.1,791.7
1169,1,car,0.4636,361.4,732.0,517.4,857.4
1169,1,car,0.4094,565.9,476.1,650.8,529.5
1169,0,person,0.2818,1069.9,397.8,1084.5,432.8
1169,0,person,0.2219,102.9,597.4,119.3,631.6
1169,2,large_vehicle,0.1926,955.2,404.1,1026.0,449.3
1169,0,person,0.1807,104.3,597.2,122.0,632.6
1169,2,large_vehicle,0.1802,361.4,732.0,517.4,857.4
1169,2,large_vehicle,0.1421,565.9,476.1,650.8,529.5
1169,1,car,0.1245,955.2,404.1,1026.0,449.3
1170,1,car,0.5966,117.4,720.3,189.2,791.7
1170,1,car,0.4016,567.8,476.1,650.3,530.2
1170,1,car,0.3070,375.2,730.1,532.3,856.6
1170,2,large_vehicle,0.2222,375.2,730.1,532.3,856.6
1170,0,person,0.2095,1069.3,398.4,1083.4,432.6
1170,2,large_vehicle,0.1552,956.0,404.6,1026.1,449.3
1170,2,large_vehicle,0.1504,567.8,476.1,650.3,530.2
1170,1,car,0.1136,956.0,404.6,1026.1,449.3
1171,1,car,0.5984,117.4,720.3,189.0,791.5
1171,1,car,0.3920,567.5,476.1,650.3,530.3
1171,1,car,0.3021,375.2,730.1,532.0,856.5
1171,2,large_vehicle,0.2217,375.2,730.1,532.0,856.5
1171,0,person,0.2006,1069.4,398.6,1083.3,432.7
1171,2,large_vehicle,0.1517,567.5,476.1,650.3,530.3
1171,2,large_vehicle,0.1418,955.9,404.6,1025.8,449.2
1171,1,car,0.1073,955.9,404.6,1025.8,449.2
1172,1,car,0.6778,106.5,718.4,181.2,794.3
1172,1,car,0.5121,567.5,476.4,650.5,530.5
1172,1,car,0.4482,388.6,726.9,549.4,854.6
1172,0,person,0.4163,1069.3,398.6,1083.2,432.8
1172,0,person,0.3511,101.6,597.3,118.3,633.1
1172,2,large_vehicle,0.2014,956.2,404.3,1026.9,449.3
1172,0,person,0.1480,1196.7,500.8,1217.7,560.9
1172,2,large_vehicle,0.1472,388.6,726.9,549.4,854.6
1172,2,large_vehicle,0.1359,567.5,476.4,650.5,530.5
1172,1,car,0.1178,956.2,404.3,1026.9,449.3
1173,1,car,0.6766,106.5,718.4,181.2,794.3
1173,1,car,0.5143,567.6,476.4,650.5,530.5
1173,1,car,0.4488,388.6,726.9,549.4,854.6
1173,0,person,0.4161,1069.3,398.6,1083.2,432.8
1173,0,person,0.3508,101.6,597.3,118.3,633.2
1173,2,large_vehicle,0.1985,956.2,404.3,1026.9,449.3
1173,0,person,0.1513,1196.7,500.8,1217.7,560.9
1173,2,large_vehicle,0.1493,388.6,726.9,549.4,854.6
1173,2,large_vehicle,0.1380,567.6,476.4,650.5,530.5
1173,1,car,0.1171,956.2,404.3,1026.9,449.3
1174,1,car,0.6830,106.6,718.5,181.1,793.9
1174,1,car,0.5295,566.9,476.4,650.6,530.4
1174,1,car,0.4438,388.6,726.9,549.3,854.7
1174,0,person,0.4141,1069.3,398.7,1083.2,432.8
1174,0,person,0.3525,101.6,597.3,118.3,633.1
1174,2,large_vehicle,0.1951,956.1,404.4,1027.0,449.4
1174,2,large_vehicle,0.1463,388.6,726.9,549.3,854.7
1174,0,person,0.1356,1196.7,500.8,1217.7,561.0
1174,2,large_vehicle,0.1207,566.9,476.4,650.6,530.4
1174,1,car,0.1184,956.1,404.4,1027.0,449.4
1175,1,car,0.6937,100.7,719.7,175.0,791.6
1175,1,car,0.5520,566.0,476.4,651.0,530.4
1175,1,car,0.4559,399.0,724.7,564.5,851.6
1175,0,person,0.2620,1069.6,399.5,1082.9,433.3
1175,2,large_vehicle,0.1677,956.1,404.5,1027.0,449.4
1175,0,person,0.1355,100.3,597.9,117.8,634.4
1175,1,car,0.1243,956.1,404.5,1027.0,449.4
1175,2,large_vehicle,0.1208,566.0,476.4,651.0,530.4
1175,0,person,0.1083,1196.7,501.2,1217.8,561.4
1175,1,car,0.1037,1.9,778.2,66.7,825.2
1176,1,car,0.6254,94.8,720.5,166.7,792.6
1176,1,car,0.4816,567.9,476.1,651.0,530.7
1176,0,person,0.4377,1068.8,397.9,1082.6,433.1
1176,2,large_vehicle,0.4301,415.7,724.5,579.9,850.6
1176,1,car,0.3685,415.7,724.5,579.9,850.6
1176,2,large_vehicle,0.1992,955.3,404.0,1026.6,449.4
1176,2,large_vehicle,0.1570,567.9,476.1,651.0,530.7
1176,0,person,0.1323,98.5,598.4,116.2,634.6
1176,0,person,0.1091,1196.6,500.4,1218.1,561.3
1176,1,car,0.1047,955.3,404.0,1026.6,449.4
1177,1,car,0.6063,94.8,720.6,166.6,792.4
1177,1,car,0.4968,567.5,476.3,651.0,530.5
1177,2,large_vehicle,0.4389,415.8,724.5,579.9,850.5
1177,0,person,0.4288,1068.8,397.8,1082.5,433.0
1177,1,car,0.3608,415.8,724.5,579.9,850.5
1177,2,large_vehicle,0.1837,955.2,404.3,1026.7,449.4
1177,2,large_vehicle,0.1608,567.5,476.3,651.0,530.5
1177,0,person,0.1310,1196.5,500.4,1218.2,561.3
1177,0,person,0.1241,98.5,598.2,116.2,634.6
1177,1,car,0.1124,955.2,404.3,1026.7,449.4
1178,1,car,0.6216,94.8,720.5,166.7,792.5
1178,0,person,0.4255,1068.7,398.0,1082.5,433.1
1178,2,large_vehicle,0.4131,415.2,724.5,579.9,850.6
1178,1,car,0.4045,567.6,475.9,650.7,530.6
1178,1,car,0.3823,415.2,724.5,579.9,850.6
1178,2,large_vehicle,0.2257,567.6,475.9,650.7,530.6
1178,2,large_vehicle,0.1518,955.3,404.3,1026.6,449.4
1178,0,person,0.1398,98.1,598.0,114.9,632.5
1178,1,car,0.1092,3.8,779.0,77.8,827.3
1178,0,person,0.1070,1196.6,500.7,1218.1,561.3
1179,1,car,0.6566,87.6,721.5,162.1,793.2
1179,1,car,0.5134,432.8,720.4,596.9,847.6
1179,1,car,0.4558,569.1,475.8,650.5,531.3
1179,0,person,0.4232,1068.4,397.7,1082.2,432.7
1179,2,large_vehicle,0.3539,432.8,720.4,596.9,847.6
1179,1,car,0.1775,7.0,779.4,78.5,827.9
1179,2,large_vehicle,0.1679,569.1,475.8,650.5,531.3
1179,2,large_vehicle,0.1529,955.7,404.0,1026.5,449.4
1179,0,person,0.1303,97.1,598.6,113.6,632.9
1179,0,person,0.1259,1066.4,398.1,1079.9,432.5
1180,1,car,0.6574,87.6,721.6,162.2,793.1
1180,1,car,0.5169,432.7,720.5,596.9,847.6
1180,1,car,0.4247,567.7,475.4,650.4,531.5
1180,0,person,0.4165,1068.4,397.7,1082.3,432.8
1180,2,large_vehicle,0.3512,432.7,720.5,596.9,847.6
1180,2,large_vehicle,0.1902,567.7,475.4,650.4,531.5
1180,1,car,0.1865,7.0,779.4,78.2,827.9
1180,0,person,0.1510,97.1,598.6,113.6,632.8
1180,2,large_vehicle,0.1494,955.3,404.2,1026.7,449.3
1180,1,car,0.1392,955.3,404.2,1026.7,449.3
1180,0,person,0.1302,1066.4,398.0,1079.9,432.6
1180,0,person,0.1290,1196.4,500.0,1218.4,561.3
1181,1,car,0.6881,81.4,720.8,151.9,794.8
1181,1,car,0.4999,567.2,475.8,650.1,530.6
1181,1,car,0.4494,448.1,717.0,612.7,846.1
1181,0,person,0.4283,1068.3,398.4,1082.6,433.9
1181,1,car,0.3154,12.4,777.3,84.8,830.7
1181,2,large_vehicle,0.2832,448.1,717.0,612.7,846.1
1181,0,person,0.2692,1196.6,500.4,1218.0,560.8
1181,2,large_vehicle,0.2086,955.8,403.5,1026.9,449.5
1181,0,person,0.1541,1066.5,398.8,1079.9,433.7
1181,1,car,0.1419,955.8,403.5,1026.9,449.5
1181,2,large_vehicle,0.1238,567.2,475.8,650.1,530.6
1181,0,person,0.1126,95.7,598.8,114.1,636.8
1182,1,car,0.6897,81.4,720.8,151.8,794.8
1182,1,car,0.4981,567.3,475.8,650.1,530.6
1182,1,car,0.4481,448.1,717.0,612.7,846.0
1182,0,person,0.4255,1068.3,398.2,1082.6,433.9
1182,1,car,0.3199,12.4,777.2,84.7,830.7
1182,2,large_vehicle,0.2826,448.1,717.0,612.7,846.0
1182,0,person,0.2686,1196.6,500.3,1218.0,560.8
1182,2,large_vehicle,0.2159,955.9,403.5,1026.9,449.5
1182,0,person,0.1504,1066.5,398.6,1079.9,433.7
1182,1,car,0.1431,955.9,403.5,1026.9,449.5
1182,2,large_vehicle,0.1243,567.3,475.8,650.1,530.6
1182,0,person,0.1111,95.7,598.8,114.1,636.8
1183,1,car,0.6921,81.4,720.7,152.0,794.9
1183,1,car,0.4875,565.1,475.8,650.1,530.6
1183,1,car,0.4519,448.1,717.1,612.8,846.0
1183,0,person,0.4324,1068.3,398.3,1082.5,433.9
1183,1,car,0.3306,12.4,777.2,84.7,830.7
1183,2,large_vehicle,0.2842,448.1,717.1,612.8,846.0
1183,0,person,0.2406,1196.6,500.4,1218.0,560.6
1183,2,large_vehicle,0.1757,955.4,403.6,1027.3,449.5
1183,0,person,0.1592,1066.5,398.7,1079.8,433.7
1183,1,car,0.1304,955.4,403.6,1027.3,449.5
1183,0,person,0.1191,95.7,598.8,114.1,636.7
1183,2,large_vehicle,0.1082,565.1,475.8,650.1,530.6
1184,1,car,0.5563,565.4,475.9,650.5,529.8
1184,1,car,0.5207,462.1,716.5,628.5,843.3
1184,1,car,0.3869,77.0,723.5,145.8,793.5
1184,0,person,0.3470,1068.3,397.6,1082.0,434.8
1184,2,large_vehicle,0.3264,462.1,716.5,628.5,843.3
1184,0,person,0.2298,94.4,599.3,112.7,637.1
1184,0,person,0.2273,1066.5,397.7,1079.9,434.8
1184,1,car,0.1971,17.3,780.0,88.1,833.4
1184,2,large_vehicle,0.1830,954.8,404.2,1027.2,449.3
1184,0,person,0.1407,1196.5,500.7,1218.3,561.3
1184,2,large_vehicle,0.1254,565.4,475.9,650.5,529.8
1184,1,car,0.1242,954.8,404.2,1027.2,449.3
1184,4,other_vehicle,0.1238,77.0,723.5,145.8,793.5
1185,1,car,0.5562,565.3,475.9,650.5,529.8
1185,1,car,0.5153,462.6,716.5,628.6,843.1
1185,1,car,0.3756,76.9,723.5,145.7,793.5
1185,2,large_vehicle,0.3519,462.6,716.5,628.6,843.1
1185,0,person,0.3247,1068.3,397.6,1082.0,434.9
1185,0,person,0.2424,94.4,599.2,112.9,637.1
1185,0,person,0.2392,1066.5,397.8,1080.0,434.8
1185,1,car,0.1854,17.2,779.9,88.2,833.6
1185,2,large_vehicle,0.1762,954.7,404.1,1027.2,449.3
1185,0,person,0.1492,1196.5,500.5,1218.3,561.3
1185,2,large_vehicle,0.1270,565.3,475.9,650.5,529.8
1185,4,other_vehicle,0.1227,76.9,723.5,145.7,793.5
1185,1,car,0.1221,954.7,404.1,1027.2,449.3
1186,1,car,0.4311,479.3,711.9,643.2,840.3
1186,1,car,0.3985,564.3,475.3,650.7,531.1
1186,0,person,0.3477,1066.2,397.3,1080.2,435.9
1186,2,large_vehicle,0.3435,479.3,711.9,643.2,840.3
1186,0,person,0.2951,1068.2,397.4,1082.1,435.9
1186,2,large_vehicle,0.2075,954.7,404.3,1027.2,449.3
1186,0,person,0.1898,1196.4,500.4,1218.3,560.7
1186,2,large_vehicle,0.1608,564.3,475.3,650.7,531.1
1186,1,car,0.1605,954.7,404.3,1027.2,449.3
1186,0,person,0.1532,94.1,600.6,112.2,637.8
1186,1,car,0.1282,21.4,781.1,92.2,837.3
1186,4,other_vehicle,0.1001,21.4,781.1,92.2,837.3
1187,1,car,0.4353,479.2,712.1,643.1,840.2
1187,1,car,0.4303,564.7,475.4,650.6,531.4
1187,2,large_vehicle,0.3426,479.2,712.1,643.1,840.2
1187,0,person,0.3328,1066.2,397.1,1080.2,436.2
1187,0,person,0.2605,1068.2,397.2,1082.2,436.1
1187,2,large_vehicle,0.2226,954.6,404.2,1027.2,449.3
1187,0,person,0.2196,1196.4,500.2,1218.2,561.2
1187,2,large_vehicle,0.1862,564.7,475.4,650.6,531.4
1187,0,person,0.1597,94.3,600.7,112.1,637.5
1187,1,car,0.1539,954.6,404.2,1027.2,449.3
1187,1,car,0.1314,21.3,781.3,92.2,837.3
1187,4,other_vehicle,0.1086,21.3,781.3,92.2,837.3
1188,1,car,0.4394,479.2,712.2,643.1,840.2
1188,1,car,0.4077,564.1,475.3,650.7,531.3
1188,0,person,0.3593,1066.2,397.1,1080.2,435.9
1188,2,large_vehicle,0.3438,479.2,712.2,643.1,840.2
1188,0,person,0.2802,1068.1,397.2,1082.1,435.9
1188,2,large_vehicle,0.2244,954.6,404.3,1027.2,449.3
1188,0,person,0.2217,1196.4,500.2,1218.2,561.2
1188,1,car,0.1597,954.6,404.3,1027.2,449.3
1188,2,large_vehicle,0.1466,564.1,475.3,650.7,531.3
1188,1,car,0.1299,21.4,781.2,92.2,837.3
1188,0,person,0.1206,94.3,600.6,112.2,637.8
1188,4,other_vehicle,0.1084,21.4,781.2,92.2,837.3
1189,1,car,0.5107,495.3,709.9,673.9,837.7
1189,1,car,0.4652,569.0,475.7,650.4,532.4
1189,0,person,0.2938,1066.3,398.9,1079.9,436.5
1189,1,car,0.2883,25.3,781.8,101.0,841.5
1189,2,large_vehicle,0.2510,495.3,709.9,673.9,837.7
1189,2,large_vehicle,0.1955,954.7,404.2,1027.4,449.3
1189,1,car,0.1775,954.7,404.2,1027.4,449.3
1189,0,person,0.1761,93.0,599.0,111.1,637.1
1189,0,person,0.1732,1196.3,500.0,1218.3,561.4
1189,2,large_vehicle,0.1293,569.0,475.7,650.4,532.4
1189,0,person,0.1150,1068.3,399.1,1081.7,436.4
1189,1,car,0.1074,66.5,723.8,132.8,790.6
1190,1,car,0.5161,495.3,709.8,673.6,837.7
1190,1,car,0.4663,569.1,475.7,650.0,532.1
1190,1,car,0.2950,25.3,781.7,100.9,841.5
1190,0,person,0.2743,1066.4,399.1,1079.8,436.3
1190,2,large_vehicle,0.2529,495.3,709.8,673.6,837.7
1190,2,large_vehicle,0.1891,955.4,404.1,1027.1,449.3
1190,1,car,0.1867,66.5,723.9,131.8,790.7
1190,4,other_vehicle,0.1647,66.5,723.9,131.8,790.7
1190,0,person,0.1480,93.1,599.2,111.0,637.0
1190,2,large_vehicle,0.1422,569.1,475.7,650.0,532.1
1190,0,person,0.1314,1068.3,399.3,1081.7,436.2
1190,1,car,0.1235,955.4,404.1,1027.1,449.3
1190,0,person,0.1224,1196.4,500.5,1218.2,561.4
1191,1,car,0.5879,511.9,706.1,674.8,835.7
1191,1,car,0.5514,560.3,475.2,650.3,532.1
1191,0,person,0.2973,1066.3,399.2,1079.8,437.0
1191,0,person,0.2159,1196.2,499.8,1218.3,561.2
1191,2,large_vehicle,0.1745,955.4,403.9,1027.2,449.4
1191,2,large_vehicle,0.1629,511.9,706.1,674.8,835.7
1191,1,car,0.1330,955.4,403.9,1027.2,449.4
1191,0,person,0.1326,1068.2,399.4,1082.0,436.9
1192,1,car,0.6015,511.9,706.1,675.0,835.7
1192,1,car,0.5412,560.4,475.3,650.2,532.0
1192,0,person,0.3121,1066.3,399.1,1079.8,437.0
1192,0,person,0.2489,1196.2,500.0,1218.3,561.4
1192,2,large_vehicle,0.1730,955.4,404.1,1027.3,449.5
1192,2,large_vehicle,0.1563,511.9,706.1,675.0,835.7
1192,1,car,0.1437,955.4,404.1,1027.3,449.5
1192,0,person,0.1397,1068.2,399.4,1082.0,437.0
1193,1,car,0.5975,511.8,706.2,675.0,835.6
1193,1,car,0.5511,563.1,475.3,650.4,532.7
1193,0,person,0.3497,1066.3,399.3,1079.8,436.9
1193,0,person,0.3176,1196.2,499.5,1218.4,561.1
1193,2,large_vehicle,0.1896,955.5,404.0,1026.9,449.4
1193,2,large_vehicle,0.1651,511.8,706.2,675.0,835.6
1193,0,person,0.1579,1068.2,399.5,1082.0,436.8
1193,1,car,0.1376,955.5,404.0,1026.9,449.4
1194,1,car,0.5367,567.6,475.7,650.4,532.4
1194,0,person,0.4273,1066.3,399.7,1079.6,437.0
1194,1,car,0.3772,525.6,699.2,729.3,831.1
1194,4,other_vehicle,0.3260,34.9,783.2,109.4,840.6
1194,2,large_vehicle,0.2767,955.4,404.3,1026.4,449.2
1194,0,person,0.2398,1196.5,500.2,1218.1,560.7
1194,1,car,0.2099,955.4,404.3,1026.4,449.2
1194,2,large_vehicle,0.1974,525.6,699.2,729.3,831.1
1194,2,large_vehicle,0.1570,567.6,475.7,650.4,532.4
1194,0,person,0.1447,1068.3,400.0,1082.0,436.9
1194,0,person,0.1439,90.4,600.1,108.2,636.5
1194,4,other_vehicle,0.1172,34.0,783.6,109.8,841.1
1195,1,car,0.5167,566.8,475.6,650.5,532.5
1195,0,person,0.4198,1066.3,399.6,1079.6,437.0
1195,1,car,0.3755,525.6,699.1,729.1,831.2
1195,4,other_vehicle,0.3136,34.8,783.2,109.5,840.6
1195,0,person,0.2924,1196.5,500.2,1218.1,560.8
1195,2,large_vehicle,0.2451,955.2,404.5,1026.4,449.2
1195,1,car,0.2332,955.2,404.5,1026.4,449.2
1195,2,large_vehicle,0.2061,525.6,699.1,729.1,831.2
1195,2,large_vehicle,0.1509,566.8,475.6,650.5,532.5
1195,4,other_vehicle,0.1356,33.9,783.6,109.9,841.0
1195,0,person,0.1305,90.4,600.3,108.2,636.6
1195,0,person,0.1236,1068.3,399.9,1081.9,437.0
1196,0,person,0.4885,1065.9,399.9,1079.7,437.4
1196,1,car,0.4337,569.7,475.4,650.6,532.3
1196,1,car,0.3044,39.0,780.9,117.0,843.0
1196,1,car,0.2086,39.5,780.0,116.0,842.4
1196,1,car,0.1939,954.4,404.9,1026.4,449.2
1196,2,large_vehicle,0.1646,954.4,404.9,1026.4,449.2
1196,0,person,0.1336,1196.4,500.3,1218.2,560.9
1197,0,person,0.4918,1065.9,399.9,1079.7,437.4
1197,1,car,0.4309,569.7,475.5,650.6,532.4
1197,1,car,0.2936,39.0,780.8,117.0,843.0
1197,1,car,0.2151,39.5,779.9,116.0,842.4
1197,1,car,0.1929,954.5,404.8,1026.2,449.2
1197,0,person,0.1651,1196.4,500.5,1218.1,561.0
1197,2,large_vehicle,0.1561,954.5,404.8,1026.2,449.2
1198,0,person,0.5032,1065.9,400.0,1079.7,437.3
1198,1,car,0.4501,569.5,475.5,650.5,532.2
1198,1,car,0.3038,39.0,781.0,117.0,842.9
1198,1,car,0.2186,954.6,405.1,1026.3,449.3
1198,1,car,0.1974,39.6,780.1,116.0,842.3
1198,2,large_vehicle,0.1825,954.6,405.1,1026.3,449.3
1198,2,large_vehicle,0.1120,569.5,475.5,650.5,532.2
1198,0,person,0.1111,1196.4,500.6,1218.2,561.1
1199,0,person,0.5019,1065.6,399.4,1079.7,437.2
1199,1,car,0.4477,564.6,475.5,650.1,531.0
1199,0,person,0.2948,1197.8,500.5,1220.3,561.5
1199,2,large_vehicle,0.2241,557.1,693.8,729.2,825.4
1199,1,car,0.2098,43.3,781.9,122.2,844.4
1199,2,large_vehicle,0.1921,955.2,404.4,1025.7,449.3
1199,1,car,0.1776,955.2,404.4,1025.7,449.3
1199,0,person,0.1610,1196.4,500.3,1218.2,561.1
1200,0,person,0.5993,1065.3,399.9,1079.6,437.5
1200,1,car,0.5321,562.8,475.7,650.2,531.4
1200,2,large_vehicle,0.5119,572.6,689.3,740.1,822.0
1200,0,person,0.3080,1196.2,499.7,1218.1,561.5
1200,2,large_vehicle,0.2063,955.3,404.2,1025.7,449.2
1200,1,car,0.1937,955.3,404.2,1025.7,449.2
1200,1,car,0.1337,572.6,689.3,740.1,822.0
1201,0,person,0.6012,1065.2,399.4,1079.6,437.5
1201,1,car,0.5275,562.2,475.7,649.9,531.4
1201,2,large_vehicle,0.5089,572.5,689.2,740.1,822.0
1201,0,person,0.3707,1196.2,499.3,1218.1,561.9
1201,1,car,0.1824,955.0,404.2,1025.9,449.2
1201,2,large_vehicle,0.1669,955.0,404.2,1025.9,449.2
1201,1,car,0.1371,572.5,689.2,740.1,822.0
1202,0,person,0.6055,1065.1,399.2,1079.6,437.3
1202,1,car,0.5670,563.1,476.0,649.9,531.0
1202,2,large_vehicle,0.4988,572.6,689.1,740.1,821.9
1202,0,person,0.3664,1196.2,499.5,1218.1,561.9
1202,2,large_vehicle,0.1979,955.4,404.1,1025.7,449.2
1202,1,car,0.1910,955.4,404.1,1025.7,449.2
1202,1,car,0.1329,572.6,689.1,740.1,821.9
1202,0,person,0.1184,86.9,601.7,104.9,637.3
1203,1,car,0.6430,565.3,476.1,650.4,529.9
1203,0,person,0.5377,1065.4,400.5,1079.5,437.2
1203,2,large_vehicle,0.4562,589.3,686.7,756.9,818.0
1203,2,large_vehicle,0.3532,34.9,722.3,200.8,792.1
1203,0,person,0.2587,86.5,601.9,103.0,636.5
1203,0,person,0.2300,1197.9,509.6,1219.4,561.6
1203,2,large_vehicle,0.1784,955.0,404.4,1025.4,449.1
1203,1,car,0.1726,955.0,404.4,1025.4,449.1
1203,1,car,0.1464,589.3,686.7,756.9,818.0
1204,1,car,0.6491,564.2,476.0,650.6,529.9
1204,0,person,0.5513,1065.4,400.5,1079.5,437.2
1204,2,large_vehicle,0.4682,589.2,687.0,757.0,818.0
1204,2,large_vehicle,0.3611,34.9,722.4,202.5,792.2
1204,0,person,0.2588,86.4,601.8,103.1,636.6
1204,0,person,0.2531,1197.7,509.2,1219.5,561.7
1204,2,large_vehicle,0.1899,955.2,404.4,1025.7,449.1
1204,1,car,0.1820,955.2,404.4,1025.7,449.1
1204,1,car,0.1572,589.2,687.0,757.0,818.0
1205,1,car,0.5343,568.6,476.3,650.2,529.8
1205,0,person,0.4702,1064.9,400.5,1078.7,437.4
1205,4,other_vehicle,0.2536,31.9,726.8,88.6,789.1
1205,2,large_vehicle,0.2001,954.7,404.9,1025.2,449.2
1205,1,car,0.1967,954.7,404.9,1025.2,449.2
1205,1,car,0.1192,58.4,781.8,142.2,847.2
1205,2,large_vehicle,0.1156,58.4,781.8,142.2,847.2
1205,2,large_vehicle,0.1097,568.6,476.3,650.2,529.8
1206,1,car,0.5270,568.7,476.3,650.2,529.8
1206,0,person,0.4668,1064.9,400.5,1078.7,437.4
1206,4,other_vehicle,0.2538,31.9,726.8,88.6,789.1
1206,2,large_vehicle,0.1991,954.7,404.9,1025.2,449.2
1206,1,car,0.1959,954.7,404.9,1025.2,449.2
1206,1,car,0.1181,58.4,781.7,142.2,847.3
1206,2,large_vehicle,0.1122,58.4,781.7,142.2,847.3
1206,2,large_vehicle,0.1081,568.7,476.3,650.2,529.8
1207,1,car,0.5358,568.9,476.3,650.3,529.9
1207,0,person,0.4822,1064.9,400.5,1078.7,437.4
1207,4,other_vehicle,0.2653,31.9,726.9,88.5,789.1
1207,1,car,0.2454,954.4,405.0,1025.2,449.1
1207,2,large_vehicle,0.2224,954.4,405.0,1025.2,449.1
1207,1,car,0.1180,58.4,781.9,142.1,847.2
1207,2,large_vehicle,0.1145,58.4,781.9,142.1,847.2
1207,2,large_vehicle,0.1037,568.9,476.3,650.3,529.9
1208,2,large_vehicle,0.5845,622.4,678.5,788.3,811.1
1208,1,car,0.5802,63.2,780.8,148.6,850.0
1208,0,person,0.5772,1063.8,398.6,1078.3,437.6
1208,4,other_vehicle,0.5010,27.0,726.6,83.4,789.3
1208,1,car,0.4984,559.5,475.3,649.9,530.0
1208,0,person,0.4897,1195.4,506.3,1216.7,561.7
1208,2,large_vehicle,0.2502,955.0,404.7,1025.7,449.2
1208,0,person,0.2193,86.0,603.2,101.1,636.8
1208,1,car,0.2091,955.0,404.7,1025.7,449.2
1208,1,car,0.1914,622.4,678.5,788.3,811.1
1208,2,large_vehicle,0.1794,27.0,726.6,83.4,789.3
1209,2,large_vehicle,0.5977,622.5,678.4,788.3,811.0
1209,0,person,0.5805,1064.0,399.2,1078.3,437.4
1209,1,car,0.5708,63.2,780.8,148.6,849.9
1209,0,person,0.5033,1195.4,506.4,1216.7,561.7
1209,1,car,0.4985,559.8,475.4,649.9,530.0
1209,4,other_vehicle,0.4876,27.0,726.7,83.4,789.2
1209,2,large_vehicle,0.2535,955.0,404.6,1025.7,449.2
1209,0,person,0.2486,85.9,602.7,101.0,636.7
1209,1,car,0.2127,955.0,404.6,1025.7,449.2
1209,2,large_vehicle,0.1864,27.0,726.7,83.4,789.2
1209,1,car,0.1759,622.5,678.4,788.3,811.0
1210,4,other_vehicle,0.6288,22.5,726.8,78.9,788.9
1210,1,car,0.5729,69.9,782.5,155.7,849.7
1210,1,car,0.5463,567.0,476.7,650.0,531.0
1210,2,large_vehicle,0.5333,636.6,677.9,802.6,805.8
1210,0,person,0.5061,1063.6,400.0,1077.7,438.3
1210,0,person,0.3397,1197.0,519.3,1216.6,561.6
1210,1,car,0.2932,636.6,677.9,802.6,805.8
1210,0,person,0.1939,84.7,602.4,100.0,637.0
1210,2,large_vehicle,0.1889,955.4,404.9,1025.0,449.4
1210,1,car,0.1796,955.4,404.9,1025.0,449.4
1210,1,car,0.1595,1223.0,546.4,1342.0,618.4
1211,4,other_vehicle,0.6326,22.5,726.8,78.6,788.9
1211,1,car,0.5787,69.9,782.4,155.6,849.8
1211,0,person,0.5538,1063.5,400.1,1077.4,438.1
1211,2,large_vehicle,0.5509,636.6,677.8,802.6,805.8
1211,1,car,0.4900,567.0,476.3,650.0,531.0
1211,0,person,0.3702,1197.1,519.4,1216.6,561.6
1211,1,car,0.2828,636.6,677.8,802.6,805.8
1211,2,large_vehicle,0.2045,955.9,404.7,1025.2,449.4
1211,1,car,0.1786,955.9,404.7,1025.2,449.4
1211,0,person,0.1765,84.7,602.7,100.0,637.2
1211,1,car,0.1688,1223.1,546.4,1342.0,618.4
1212,4,other_vehicle,0.6312,22.5,726.8,78.6,788.9
1212,1,car,0.5853,70.0,782.5,155.6,849.7
1212,2,large_vehicle,0.5513,636.6,677.8,802.6,805.8
1212,0,person,0.5477,1063.4,400.1,1077.4,438.3
1212,1,car,0.5077,566.6,476.3,650.0,531.0
1212,0,person,0.3690,1197.1,519.4,1216.6,561.6
1212,1,car,0.2828,636.6,677.8,802.6,805.8
1212,2,large_vehicle,0.2068,955.9,404.7,1025.2,449.4
1212,0,person,0.1791,84.7,602.9,100.1,637.2
1212,1,car,0.1776,955.9,404.7,1025.2,449.4
1212,1,car,0.1645,1223.1,546.4,1342.0,618.4
1213,1,car,0.6317,76.1,782.2,165.1,850.8
1213,1,car,0.5106,565.3,475.4,650.5,529.7
1213,2,large_vehicle,0.5016,652.3,674.4,817.7,802.3
1213,4,other_vehicle,0.4506,18.2,726.3,74.2,789.4
1213,0,person,0.4098,1062.6,399.0,1076.7,438.6
1213,1,car,0.3541,652.3,674.4,817.7,802.3
1213,0,person,0.2895,1194.4,509.9,1215.0,560.5
1213,1,car,0.1564,18.2,726.3,74.2,789.4
1213,2,large_vehicle,0.1405,18.2,726.3,74.2,789.4
1213,2,large_vehicle,0.1345,954.8,404.9,1025.2,449.2
1213,1,car,0.1217,954.8,404.9,1025.2,449.2
1213,0,person,0.1067,84.0,603.9,99.3,637.6
1214,1,car,0.6356,76.1,782.2,165.2,850.8
1214,1,car,0.5501,566.9,475.6,650.7,529.7
1214,2,large_vehicle,0.5013,652.3,674.4,817.7,802.3
1214,0,person,0.4581,1062.5,398.7,1076.4,438.4
1214,4,other_vehicle,0.4401,18.2,726.2,74.3,789.4
1214,1,car,0.3580,652.3,674.4,817.7,802.3
1214,0,person,0.2597,1193.8,509.2,1215.0,560.3
1214,1,car,0.1652,18.2,726.2,74.3,789.4
1214,2,large_vehicle,0.1643,954.6,404.8,1025.6,449.2
1214,2,large_vehicle,0.1437,18.2,726.2,74.3,789.4
1214,1,car,0.1403,954.6,404.8,1025.6,449.2
1215,2,large_vehicle,0.8364,666.9,669.3,831.4,797.6
1215,0,person,0.6104,1061.7,397.5,1076.0,437.8
1215,1,car,0.5443,81.0,782.2,171.4,851.3
1215,1,car,0.3354,557.2,475.0,650.5,528.7
1215,4,other_vehicle,0.3056,13.9,726.8,69.1,789.1
1215,2,large_vehicle,0.2563,954.1,404.9,1025.7,449.2
1215,2,large_vehicle,0.2522,13.9,726.8,69.1,789.1
1215,1,car,0.2412,954.1,404.9,1025.7,449.2
1215,1,car,0.1534,13.9,726.8,69.1,789.1
1216,2,large_vehicle,0.8341,666.9,669.4,831.3,797.6
1216,0,person,0.6165,1061.7,397.5,1076.0,437.8
1216,1,car,0.5555,81.1,782.3,171.3,851.0
1216,1,car,0.3429,559.4,475.1,650.6,528.8
1216,4,other_vehicle,0.3037,13.9,726.8,69.1,789.0
1216,2,large_vehicle,0.2663,13.9,726.8,69.1,789.0
1216,2,large_vehicle,0.2517,953.8,404.9,1025.8,449.2
1216,1,car,0.2324,953.8,404.9,1025.8,449.2
1216,1,car,0.1448,13.9,726.8,69.1,789.0
1217,2,large_vehicle,0.8349,666.8,669.4,831.3,797.6
1217,0,person,0.6083,1061.6,397.6,1075.6,437.6
1217,1,car,0.5552,80.7,782.2,171.4,851.4
1217,1,car,0.3425,558.9,475.3,650.6,528.8
1217,4,other_vehicle,0.2836,13.9,726.8,68.6,789.0
1217,2,large_vehicle,0.2612,953.8,404.8,1025.9,449.2
1217,2,large_vehicle,0.2316,13.9,726.8,68.6,789.0
1217,1,car,0.2208,953.8,404.8,1025.9,449.2
1217,1,car,0.1984,13.9,726.8,68.6,789.0
1218,2,large_vehicle,0.7240,683.9,667.8,846.3,793.3
1218,1,car,0.5613,85.9,782.3,179.0,849.8
1218,0,person,0.5141,1061.7,399.9,1075.2,437.0
1218,1,car,0.4727,1171.8,483.9,1246.0,535.6
1218,4,other_vehicle,0.4444,9.8,728.5,62.9,788.0
1218,1,car,0.4211,1171.8,478.3,1253.9,535.3
1218,2,large_vehicle,0.3314,9.8,728.5,62.9,788.0
1218,2,large_vehicle,0.2393,955.8,404.7,1025.0,449.2
1218,1,car,0.1595,955.8,404.7,1025.0,449.2
1218,1,car,0.1245,683.9,667.8,846.3,793.3
1218,1,car,0.1055,568.4,475.6,650.5,530.3
1219,2,large_vehicle,0.7224,684.0,667.9,846.1,793.3
1219,1,car,0.5568,86.1,782.3,178.9,849.8
1219,0,person,0.5330,1061.7,399.4,1075.2,437.0
1219,1,car,0.4818,1171.7,483.8,1246.0,535.6
1219,4,other_vehicle,0.4444,9.8,728.4,63.1,788.0
1219,1,car,0.4222,1171.7,478.2,1253.5,535.2
1219,2,large_vehicle,0.3262,9.8,728.4,63.1,788.0
1219,2,large_vehicle,0.2638,956.0,404.8,1025.0,449.2
1219,1,car,0.1968,956.0,404.8,1025.0,449.2
1219,1,car,0.1320,684.0,667.9,846.1,793.3
1219,1,car,0.1013,570.6,475.4,650.6,530.4
1220,2,large_vehicle,0.6312,698.7,663.0,860.8,788.2
1220,4,other_vehicle,0.6277,5.1,727.6,58.7,788.3
1220,1,car,0.6136,89.2,782.1,187.7,853.9
1220,1,car,0.5563,1166.8,470.9,1255.8,537.5
1220,0,person,0.5044,1061.4,399.0,1075.4,436.4
1220,0,person,0.2751,1197.0,513.1,1215.0,560.5
1220,2,large_vehicle,0.2658,955.8,404.2,1025.2,449.3
1220,1,car,0.2181,698.7,663.0,860.8,788.2
1220,0,person,0.1671,78.7,601.6,94.4,636.0
1220,1,car,0.1548,955.8,404.2,1025.2,449.3
1220,2,large_vehicle,0.1154,5.1,727.6,58.7,788.3
1220,1,car,0.1044,5.1,727.6,58.7,788.3
1221,2,large_vehicle,0.6305,698.7,663.0,860.8,788.2
1221,4,other_vehicle,0.6255,5.1,727.6,58.7,788.3
1221,1,car,0.6157,89.2,782.1,187.7,853.9
1221,1,car,0.5563,1166.8,470.9,1255.9,537.5
1221,0,person,0.5090,1061.4,399.0,1075.4,436.4
1221,0,person,0.2810,1197.1,513.0,1215.0,560.5
1221,2,large_vehicle,0.2637,955.7,404.2,1025.4,449.3
1221,1,car,0.2182,698.7,663.0,860.8,788.2
1221,0,person,0.1656,78.8,601.7,94.5,636.0
1221,1,car,0.1602,955.7,404.2,1025.4,449.3
1221,2,large_vehicle,0.1168,5.1,727.6,58.7,788.3
1221,1,car,0.1049,5.1,727.6,58.7,788.3
1222,4,other_vehicle,0.6334,5.1,727.6,58.7,788.3
1222,2,large_vehicle,0.6193,698.7,663.0,860.7,788.1
1222,1,car,0.6156,89.2,782.0,187.8,854.0
1222,1,car,0.5615,1166.8,471.1,1255.6,537.5
1222,0,person,0.5204,1061.3,398.5,1075.4,436.4
1222,2,large_vehicle,0.2725,955.7,404.4,1025.6,449.3
1222,0,person,0.2447,1197.1,513.3,1215.1,560.6
1222,1,car,0.2300,698.7,663.0,860.7,788.1
1222,1,car,0.1949,955.7,404.4,1025.6,449.3
1222,0,person,0.1666,78.7,601.6,94.4,635.9
1222,2,large_vehicle,0.1087,5.1,727.6,58.7,788.3
1222,1,car,0.1021,5.1,727.6,58.7,788.3
1223,4,other_vehicle,0.6986,0.8,727.5,53.9,787.6
1223,2,large_vehicle,0.6299,714.3,658.1,874.6,783.6
1223,1,car,0.6142,1159.2,480.2,1246.1,542.2
1223,0,person,0.4683,1060.2,397.4,1075.0,436.8
1223,1,car,0.4666,93.2,780.7,196.7,858.4
1223,1,car,0.4303,563.6,475.6,650.9,529.5
1223,2,large_vehicle,0.3350,954.8,403.8,1026.0,449.2
1223,1,car,0.2028,954.8,403.8,1026.0,449.2
1223,1,car,0.1685,714.3,658.1,874.6,783.6
1223,1,car,0.1214,1223.2,537.8,1342.0,618.1
1224,2,large_vehicle,0.6978,728.8,653.6,887.6,778.6
1224,1,car,0.6346,1153.2,482.2,1241.9,543.2
1224,0,person,0.4702,1059.5,398.3,1075.0,436.7
1224,1,car,0.4453,105.2,780.2,205.8,854.2
1224,4,other_vehicle,0.3809,0.3,726.4,52.1,787.8
1224,2,large_vehicle,0.2938,954.3,403.9,1025.8,449.1
1224,1,car,0.2746,550.0,474.2,650.4,528.9
1224,1,car,0.2200,954.3,403.9,1025.8,449.1
1224,2,large_vehicle,0.2122,0.3,726.4,52.1,787.8
1224,1,car,0.2059,0.3,726.4,52.1,787.8
1224,0,person,0.1516,75.7,601.4,92.6,638.0
1224,2,large_vehicle,0.1025,1153.2,482.2,1241.9,543.2
1225,2,large_vehicle,0.6963,728.8,653.5,887.4,778.7
1225,1,car,0.6392,1153.3,482.3,1241.7,543.1
1225,0,person,0.4840,1059.5,398.3,1075.0,436.8
1225,1,car,0.4495,105.4,780.2,205.8,854.1
1225,4,other_vehicle,0.3698,0.3,726.4,52.2,787.9
1225,2,large_vehicle,0.3194,954.1,404.1,1025.8,449.1
1225,1,car,0.2552,954.1,404.1,1025.8,449.1
1225,1,car,0.2307,552.0,474.1,650.6,528.6
1225,1,car,0.2154,0.3,726.4,52.2,787.9
1225,2,large_vehicle,0.2141,0.3,726.4,52.2,787.9
1225,0,person,0.1480,75.6,601.4,92.8,638.5
1225,1,car,0.1005,728.8,653.5,887.4,778.7
1225,2,large_vehicle,0.1001,1153.3,482.3,1241.7,543.1
1226,2,large_vehicle,0.6991,728.8,653.6,887.6,778.7
1226,1,car,0.6504,1153.3,482.2,1241.5,543.2
1226,0,person,0.4745,1059.5,398.4,1074.9,436.7
1226,1,car,0.4458,105.2,780.1,205.8,854.4
1226,4,other_vehicle,0.3746,0.3,726.4,52.0,787.8
1226,2,large_vehicle,0.3028,955.0,404.0,1025.5,449.1
1226,1,car,0.2186,955.0,404.0,1025.5,449.1
1226,2,large_vehicle,0.2179,0.3,726.4,52.0,787.8
1226,1,car,0.2039,0.3,726.4,52.0,787.8
1226,1,car,0.1445,555.1,474.3,650.6,529.2
1226,1,car,0.1123,1223.2,537.7,1342.0,618.0
1227,2,large_vehicle,0.6715,744.8,649.5,905.0,774.8
1227,1,car,0.5579,1148.7,483.1,1241.0,546.6
1227,0,person,0.4254,1058.5,399.0,1074.6,437.5
1227,2,large_vehicle,0.3766,0.1,727.2,50.7,787.7
1227,1,car,0.3056,111.7,779.7,214.8,861.4
1227,2,large_vehicle,0.2831,955.6,403.6,1025.5,449.1
1227,4,other_vehicle,0.2698,0.1,727.2,50.7,787.7
1227,1,car,0.2191,955.6,403.6,1025.5,449.1
1227,1,car,0.1506,1223.3,536.8,1342.0,618.3
1227,1,car,0.1427,0.1,727.2,50.7,787.7
1227,2,large_vehicle,0.1272,111.7,779.7,214.8,861.4
1227,2,large_vehicle,0.1207,1148.7,483.1,1241.0,546.6
1227,1,car,0.1016,744.8,649.5,905.0,774.8
1228,2,large_vehicle,0.6788,744.8,649.6,905.0,774.8
1228,1,car,0.5624,1148.7,483.1,1241.2,546.6
1228,0,person,0.4259,1058.6,399.1,1074.6,437.5
1228,2,large_vehicle,0.3993,0.1,727.3,50.6,787.6
1228,1,car,0.3067,111.9,779.8,214.7,861.4
1228,2,large_vehicle,0.2668,955.7,403.9,1025.6,449.1
1228,4,other_vehicle,0.2641,0.1,727.3,50.6,787.6
1228,1,car,0.2353,955.7,403.9,1025.6,449.1
1228,1,car,0.1672,1223.4,536.4,1342.0,618.2
1228,2,large_vehicle,0.1333,111.9,779.8,214.7,861.4
1228,1,car,0.1304,0.1,727.3,50.6,787.6
1228,2,large_vehicle,0.1241,1148.7,483.1,1241.2,546.6
1228,1,car,0.1044,744.8,649.6,905.0,774.8
1229,2,large_vehicle,0.7314,758.3,647.1,916.9,769.4
1229,1,car,0.3332,1141.1,487.1,1225.2,549.3
1229,2,large_vehicle,0.3205,0.1,727.3,41.0,787.6
1229,1,car,0.2885,0.1,727.3,41.0,787.6
1229,2,large_vehicle,0.2783,956.1,403.8,1026.0,449.2
1229,1,car,0.2239,1141.0,486.6,1226.9,549.5
1229,1,car,0.1867,116.7,779.3,222.5,854.7
1229,4,other_vehicle,0.1456,0.1,727.3,41.0,787.6
1229,1,car,0.1412,1223.0,544.3,1341.5,618.0
1229,0,person,0.1296,1058.4,400.2,1074.1,437.7
1229,2,large_vehicle,0.1290,1141.1,487.1,1225.2,549.3
1229,1,car,0.1212,568.1,475.9,650.2,531.0
1229,1,car,0.1198,956.1,403.8,1026.0,449.2
1229,0,person,0.1054,73.2,601.6,90.6,639.6
1229,2,large_vehicle,0.1052,116.7,779.3,222.5,854.7
1230,2,large_vehicle,0.7277,758.3,647.1,916.9,769.4
1230,2,large_vehicle,0.3228,0.1,727.3,40.9,787.6
1230,1,car,0.3086,1141.0,486.6,1227.0,549.5
1230,1,car,0.2857,0.1,727.3,40.9,787.6
1230,2,large_vehicle,0.2777,956.1,403.8,1025.9,449.2
1230,1,car,0.2428,1141.1,487.1,1225.2,549.4
1230,1,car,0.1829,116.3,779.3,222.5,854.3
1230,4,other_vehicle,0.1464,0.1,727.3,40.9,787.6
1230,1,car,0.1407,1223.0,544.4,1341.5,618.0
1230,0,person,0.1277,1058.4,400.2,1074.1,437.7
1230,1,car,0.1172,956.1,403.8,1025.9,449.2
1230,1,car,0.1169,568.5,475.9,650.2,531.1
1230,2,large_vehicle,0.1056,116.3,779.3,222.5,854.3
1230,0,person,0.1052,73.3,601.6,90.6,639.6
1231,2,large_vehicle,0.7384,758.3,647.1,917.0,769.5
1231,1,car,0.5157,1141.0,486.6,1227.6,549.5
1231,2,large_vehicle,0.3145,0.1,727.3,40.9,787.6
1231,1,car,0.2906,0.1,727.3,40.9,787.6
1231,2,large_vehicle,0.2512,956.0,404.0,1025.9,449.2
1231,1,car,0.1853,117.2,779.3,222.5,854.5
1231,2,large_vehicle,0.1620,1141.0,486.6,1227.6,549.5
1231,4,other_vehicle,0.1498,0.1,727.3,40.9,787.6
1231,1,car,0.1372,1223.1,545.0,1341.4,618.0
1231,0,person,0.1313,1058.4,400.1,1074.2,437.7
1231,1,car,0.1250,567.6,475.8,650.1,530.9
1231,1,car,0.1235,956.0,404.0,1025.9,449.2
1231,0,person,0.1099,73.2,601.5,90.6,639.6
1231,2,large_vehicle,0.1059,567.6,475.8,650.1,530.9
1231,2,large_vehicle,0.1027,117.2,779.3,222.5,854.5
1231,0,person,0.1003,1197.8,514.8,1215.4,561.1
1232,2,large_vehicle,0.4872,774.0,642.9,945.6,764.3
1232,1,car,0.4116,1131.7,490.0,1217.9,552.0
1232,1,car,0.4057,564.9,475.6,650.7,530.6
1232,2,large_vehicle,0.3123,1131.7,490.0,1217.9,552.0
1232,1,car,0.2499,88.5,777.8,232.6,866.5
1232,1,car,0.2465,0.0,726.6,36.3,787.2
1232,2,large_vehicle,0.2460,954.4,404.0,1026.1,449.1
1232,2,large_vehicle,0.2435,0.0,726.6,36.3,787.2
1232,4,other_vehicle,0.2428,0.0,726.6,36.3,787.2
1232,2,large_vehicle,0.1975,564.9,475.6,650.7,530.6
1232,0,person,0.1831,1058.2,401.9,1073.5,437.5
1232,1,car,0.1736,954.4,404.0,1026.1,449.1
1232,0,person,0.1224,70.4,603.0,89.6,640.7
1232,1,car,0.1097,1223.3,544.4,1341.1,617.8
1233,2,large_vehicle,0.5314,773.9,642.9,946.4,764.3
1233,1,car,0.3988,1131.7,489.7,1218.1,552.0
1233,1,car,0.3974,564.0,475.5,650.8,530.4
1233,2,large_vehicle,0.3207,1131.7,489.7,1218.1,552.0
1233,1,car,0.2614,88.0,777.7,232.6,866.7
1233,4,other_vehicle,0.2571,0.0,726.5,36.4,787.2
1233,1,car,0.2435,0.0,726.5,36.4,787.2
1233,2,large_vehicle,0.2424,954.3,403.9,1026.0,449.1
1233,2,large_vehicle,0.2293,0.0,726.5,36.4,787.2
1233,0,person,0.2002,1058.1,401.8,1073.5,437.5
1233,1,car,0.1748,954.3,403.9,1026.0,449.1
1233,2,large_vehicle,0.1638,564.0,475.5,650.8,530.4
1233,0,person,0.1404,70.2,602.9,89.6,640.6
1233,2,large_vehicle,0.1127,88.0,777.7,232.6,866.7
1233,1,car,0.1095,1223.2,544.3,1341.1,617.8
1234,2,large_vehicle,0.5888,1127.5,492.7,1207.2,554.6
1234,1,car,0.4747,569.4,475.9,650.8,531.0
1234,1,car,0.3803,82.5,776.9,241.9,868.3
1234,4,other_vehicle,0.3426,0.1,726.1,33.8,787.5
1234,2,large_vehicle,0.2708,953.8,404.4,1026.1,449.0
1234,2,large_vehicle,0.2550,788.2,640.2,957.2,759.0
1234,1,car,0.2400,0.1,726.1,33.8,787.5
1234,1,car,0.2312,1127.5,492.7,1207.2,554.6
1234,1,car,0.1930,953.8,404.4,1026.1,449.0
1234,2,large_vehicle,0.1738,569.4,475.9,650.8,531.0
1234,2,large_vehicle,0.1341,0.1,726.1,33.8,787.5
1235,2,large_vehicle,0.5784,1127.4,492.7,1207.5,554.6
1235,1,car,0.4079,569.4,475.8,650.8,529.7
1235,1,car,0.3575,82.9,777.0,241.9,868.2
1235,4,other_vehicle,0.3461,0.1,726.2,33.8,787.5
1235,2,large_vehicle,0.2702,788.1,640.2,957.1,759.0
1235,2,large_vehicle,0.2526,953.7,404.1,1025.9,449.0
1235,1,car,0.2367,1127.4,492.7,1207.5,554.6
1235,1,car,0.2322,0.1,726.2,33.8,787.5
1235,2,large_vehicle,0.1949,569.4,475.8,650.8,529.7
1235,1,car,0.1719,953.7,404.1,1025.9,449.0
1235,2,large_vehicle,0.1310,0.1,726.2,33.8,787.5
1235,1,car,0.1151,74.1,776.7,242.3,868.6
1235,1,car,0.1006,1223.3,545.1,1340.8,617.9
1236,2,large_vehicle,0.5842,1127.4,492.7,1207.4,554.6
1236,1,car,0.4362,569.4,475.9,650.8,530.7
1236,4,other_vehicle,0.3495,0.1,726.2,33.8,787.5
1236,1,car,0.3452,83.0,777.0,241.9,868.2
1236,2,large_vehicle,0.2677,788.2,640.2,957.3,759.0
1236,2,large_vehicle,0.2615,953.6,404.2,1025.9,448.9
1236,1,car,0.2320,1127.4,492.7,1207.4,554.6
1236,1,car,0.2295,0.1,726.2,33.8,787.5
1236,2,large_vehicle,0.1984,569.4,475.9,650.8,530.7
1236,1,car,0.1870,73.8,776.7,242.3,868.6
1236,1,car,0.1857,953.6,404.2,1025.9,448.9
1236,2,large_vehicle,0.1297,0.1,726.2,33.8,787.5
1237,2,large_vehicle,0.5945,801.7,634.6,955.7,756.6
1237,2,large_vehicle,0.5153,1119.3,493.3,1202.6,558.5
1237,2,large_vehicle,0.2832,569.7,475.3,650.6,532.4
1237,1,car,0.2815,1119.3,493.3,1202.6,558.5
1237,1,car,0.2752,68.6,772.3,250.6,868.4
1237,2,large_vehicle,0.2309,955.0,403.5,1026.5,449.0
1237,1,car,0.2102,569.7,475.3,650.6,532.4
1237,1,car,0.1898,0.0,725.7,31.3,787.9
1237,1,car,0.1735,955.0,403.5,1026.5,449.0
1237,2,large_vehicle,0.1698,0.0,725.7,31.3,787.9
1237,1,car,0.1328,1223.2,544.2,1341.1,618.3
1238,2,large_vehicle,0.5847,801.7,634.4,955.8,756.7
1238,2,large_vehicle,0.4963,1119.3,493.4,1202.2,558.7
1238,1,car,0.2893,68.6,771.9,250.5,868.7
1238,2,large_vehicle,0.2657,568.4,475.3,650.7,532.4
1238,1,car,0.2651,1119.3,493.4,1202.2,558.7
1238,2,large_vehicle,0.2087,955.1,403.3,1025.9,449.0
1238,1,car,0.1987,0.0,725.4,31.3,787.9
1238,1,car,0.1725,568.4,475.3,650.7,532.4
1238,2,large_vehicle,0.1651,0.0,725.4,31.3,787.9
1238,1,car,0.1491,1223.2,544.0,1341.2,618.2
1238,1,car,0.1425,955.1,403.3,1025.9,449.0
1239,2,large_vehicle,0.6729,1112.9,496.9,1191.8,560.6
1239,2,large_vehicle,0.4443,816.9,631.6,977.2,750.9
1239,2,large_vehicle,0.3069,955.2,403.3,1025.3,449.0
1239,1,car,0.2868,566.7,475.5,650.8,529.1
1239,2,large_vehicle,0.2245,566.7,475.5,650.8,529.1
1239,1,car,0.1722,1112.9,496.9,1191.8,560.6
1239,1,car,0.1466,955.2,403.3,1025.3,449.0
1239,1,car,0.1371,69.9,774.8,261.6,864.0
1239,1,car,0.1244,1223.1,544.5,1341.2,618.0
1240,2,large_vehicle,0.6736,1112.9,496.9,1191.8,560.6
1240,2,large_vehicle,0.4353,816.9,631.6,978.2,750.9
1240,1,car,0.2722,564.3,475.3,650.2,529.5
1240,2,large_vehicle,0.2526,955.0,403.2,1025.6,449.0
1240,2,large_vehicle,0.2207,564.3,475.3,650.2,529.5
1240,1,car,0.1720,1112.9,496.9,1191.8,560.6
1240,1,car,0.1461,955.0,403.2,1025.6,449.0
1240,1,car,0.1166,1223.1,544.3,1341.2,618.0
1240,1,car,0.1111,70.2,775.1,261.5,863.8
1241,2,large_vehicle,0.6726,1112.9,496.8,1191.8,560.6
1241,2,large_vehicle,0.4477,816.8,631.5,977.8,751.0
1241,1,car,0.3010,562.3,475.1,650.2,528.8
1241,2,large_vehicle,0.2523,955.1,402.7,1026.0,449.1
1241,1,car,0.1703,1112.9,496.8,1191.8,560.6
1241,2,large_vehicle,0.1694,562.3,475.1,650.2,528.8
1241,1,car,0.1410,70.8,774.9,261.6,864.5
1241,1,car,0.1153,955.1,402.7,1026.0,449.1
1242,2,large_vehicle,0.6241,1105.3,497.4,1186.5,564.0
1242,2,large_vehicle,0.5620,830.2,628.3,993.5,745.5
1242,1,car,0.3076,569.5,475.4,650.4,529.3
1242,2,large_vehicle,0.2820,955.5,402.9,1026.5,449.0
1242,2,large_vehicle,0.2479,569.5,475.4,650.4,529.3
1242,1,car,0.2104,1105.3,497.4,1186.5,564.0
1242,0,person,0.1990,1054.5,399.1,1069.4,436.7
1242,1,car,0.1287,955.5,402.9,1026.5,449.0
1243,2,large_vehicle,0.6220,1105.2,497.5,1186.5,564.0
1243,2,large_vehicle,0.5646,830.2,628.3,993.9,745.5
1243,1,car,0.3200,569.5,475.4,650.3,529.5
1243,2,large_vehicle,0.2546,954.8,403.0,1026.5,449.0
1243,2,large_vehicle,0.2455,569.5,475.4,650.3,529.5
1243,1,car,0.2100,1105.2,497.5,1186.5,564.0
1243,0,person,0.1916,1054.6,399.2,1069.4,436.7
1243,1,car,0.1362,954.8,403.0,1026.5,449.0
1244,2,large_vehicle,0.7442,1097.8,500.1,1181.8,566.9
1244,2,large_vehicle,0.5869,843.4,622.9,1001.1,741.1
1244,2,large_vehicle,0.3552,568.3,476.0,650.0,528.7
1244,2,large_vehicle,0.2931,954.3,403.0,1024.7,449.0
1244,1,car,0.2796,568.3,476.0,650.0,528.7
1244,0,person,0.2672,1054.0,398.7,1069.5,437.4
1244,1,car,0.1706,167.3,778.3,281.9,864.0
1244,0,person,0.1673,1055.5,398.6,1073.6,437.5
1244,1,car,0.1306,954.3,403.0,1024.7,449.0
1244,1,car,0.1038,1097.8,500.1,1181.8,566.9
1245,2,large_vehicle,0.7447,1097.8,500.1,1181.8,566.9
1245,2,large_vehicle,0.5803,843.4,622.9,1001.2,741.1
1245,2,large_vehicle,0.3465,568.6,476.0,650.1,528.7
1245,2,large_vehicle,0.2870,954.3,403.0,1024.7,449.0
1245,1,car,0.2782,568.6,476.0,650.1,528.7
1245,0,person,0.2630,1054.0,398.7,1069.5,437.4
1245,1,car,0.1678,167.3,778.3,281.9,863.9
1245,0,person,0.1649,1055.5,398.6,1073.6,437.5
1245,1,car,0.1209,954.3,403.0,1024.7,449.0
1245,1,car,0.1035,1097.8,500.1,1181.8,566.9
1246,2,large_vehicle,0.7487,1097.9,500.2,1181.8,566.9
1246,2,large_vehicle,0.5745,843.5,623.0,1001.3,741.1
1246,2,large_vehicle,0.3851,568.6,476.0,650.3,528.6
1246,2,large_vehicle,0.2888,954.2,403.0,1024.7,449.0
1246,1,car,0.2878,568.6,476.0,650.3,528.6
1246,0,person,0.2409,1054.0,398.7,1069.5,437.4
1246,1,car,0.1756,167.3,778.4,281.8,863.9
1246,1,car,0.1349,954.2,403.0,1024.7,449.0
1246,0,person,0.1297,1055.5,398.6,1073.7,437.5
1246,1,car,0.1012,1097.9,500.2,1181.8,566.9
1246,1,car,0.1011,1222.7,544.1,1341.6,618.3
1247,2,large_vehicle,0.7505,1089.1,502.5,1174.9,569.6
1247,2,large_vehicle,0.7227,857.4,619.5,1017.7,737.3
1247,2,large_vehicle,0.2511,954.5,402.9,1024.9,449.2
1247,2,large_vehicle,0.2090,567.8,475.4,651.0,529.2
1247,1,car,0.1165,954.5,402.9,1024.9,449.2
1247,1,car,0.1062,567.8,475.4,651.0,529.2
1247,1,car,0.1044,1089.1,502.5,1174.9,569.6
1248,2,large_vehicle,0.7008,1081.1,506.1,1168.9,572.7
1248,2,large_vehicle,0.4057,870.3,616.4,1023.1,731.7
1248,1,car,0.2881,870.3,616.4,1023.1,731.7
1248,1,car,0.2699,564.2,475.3,650.1,529.2
1248,2,large_vehicle,0.2327,955.0,403.0,1025.1,449.2
1248,2,large_vehicle,0.2210,564.2,475.3,650.1,529.2
1248,1,car,0.1533,1081.1,506.1,1168.9,572.7
1248,1,car,0.1292,1222.7,542.8,1342.0,618.2
1248,0,person,0.1228,1053.5,398.4,1068.8,438.4
1249,2,large_vehicle,0.7036,1081.0,506.1,1168.9,572.7
1249,2,large_vehicle,0.4102,870.3,616.5,1022.6,731.7
1249,1,car,0.2878,870.3,616.5,1022.6,731.7
1249,1,car,0.2431,563.9,475.5,650.4,529.5
1249,2,large_vehicle,0.2332,954.8,403.0,1025.6,449.2
1249,2,large_vehicle,0.2104,563.9,475.5,650.4,529.5
1249,1,car,0.1512,1081.0,506.1,1168.9,572.7
1249,1,car,0.1411,1222.6,542.6,1342.0,618.2
1249,1,car,0.1138,954.8,403.0,1025.6,449.2
1250,2,large_vehicle,0.6536,1081.0,506.4,1169.5,572.8
1250,2,large_vehicle,0.3810,870.4,616.3,1023.2,731.7
1250,1,car,0.3299,870.4,616.3,1023.2,731.7
1250,1,car,0.3095,563.7,475.6,649.7,530.4
1250,2,large_vehicle,0.2448,954.6,403.3,1026.6,449.2
1250,2,large_vehicle,0.2208,563.7,475.6,649.7,530.4
1250,1,car,0.1976,1081.0,506.4,1169.5,572.8
1250,0,person,0.1779,1053.7,398.4,1068.8,438.6
1250,1,car,0.1509,954.6,403.3,1026.6,449.2
1251,2,large_vehicle,0.7950,1073.8,507.1,1163.6,575.8
1251,2,large_vehicle,0.4485,883.7,612.2,1043.4,726.3
1251,1,car,0.3792,564.2,475.3,650.0,529.1
1251,2,large_vehicle,0.2845,564.2,475.3,650.0,529.1
1251,2,large_vehicle,0.2767,954.8,403.3,1027.0,449.0
1251,1,car,0.1331,883.7,612.2,1043.4,726.3
1251,2,large_vehicle,0.1287,193.4,774.3,316.1,865.1
1251,1,car,0.1094,954.8,403.3,1027.0,449.0
1252,2,large_vehicle,0.8024,1073.8,507.1,1163.6,575.7
1252,2,large_vehicle,0.4992,883.8,612.1,1041.1,725.9
1252,1,car,0.4483,564.1,475.4,649.9,529.1
1252,2,large_vehicle,0.2632,954.9,403.5,1026.5,449.0
1252,2,large_vehicle,0.2621,564.1,475.4,649.9,529.1
1252,2,large_vehicle,0.1131,193.5,774.2,316.0,865.0
1252,1,car,0.1117,883.8,612.1,1041.1,725.9
1253,2,large_vehicle,0.7379,1063.4,509.2,1157.8,578.1
1253,2,large_vehicle,0.5952,896.3,608.4,1058.9,722.3
1253,1,car,0.4217,570.6,476.4,650.2,528.9
1253,2,large_vehicle,0.3427,953.7,403.5,1027.5,449.0
1253,2,large_vehicle,0.2671,570.6,476.4,650.2,528.9
1253,0,person,0.1545,1053.4,399.6,1067.9,438.4
1253,1,car,0.1418,1063.4,509.2,1157.8,578.1
1253,1,car,0.1391,953.7,403.5,1027.5,449.0
1254,2,large_vehicle,0.7371,1063.5,509.1,1157.4,578.1
1254,2,large_vehicle,0.5824,896.3,608.5,1060.0,722.4
1254,2,large_vehicle,0.3800,953.6,403.4,1027.6,449.0
1254,1,car,0.2775,569.6,475.9,650.1,529.2
1254,0,person,0.2670,1053.3,399.5,1068.0,438.3
1254,2,large_vehicle,0.2327,569.6,475.9,650.1,529.2
1254,1,car,0.1528,953.6,403.4,1027.6,449.0
1254,1,car,0.1417,1063.5,509.1,1157.4,578.1
1255,2,large_vehicle,0.7364,1063.5,509.1,1157.5,578.1
1255,2,large_vehicle,0.5845,896.3,608.4,1058.1,722.3
1255,2,large_vehicle,0.3620,953.6,403.4,1027.4,449.0
1255,1,car,0.3045,570.2,476.1,650.1,529.2
1255,2,large_vehicle,0.2631,570.2,476.1,650.1,529.2
1255,0,person,0.1863,1053.5,399.6,1067.9,438.4
1255,1,car,0.1425,1063.5,509.1,1157.5,578.1
1255,1,car,0.1418,953.6,403.4,1027.4,449.0
1256,2,large_vehicle,0.6439,1055.1,510.9,1149.9,580.8
1256,2,large_vehicle,0.5140,908.8,604.8,1061.0,718.0
1256,0,person,0.5069,1052.7,398.5,1067.9,438.1
1256,2,large_vehicle,0.3578,954.4,403.5,1027.6,449.0
1256,1,car,0.2461,1055.1,510.9,1149.9,580.8
1256,1,car,0.2228,954.4,403.5,1027.6,449.0
1256,1,car,0.2217,211.2,771.8,339.3,861.6
1256,1,car,0.2152,563.8,475.0,650.1,529.2
1256,2,large_vehicle,0.1414,563.8,475.0,650.1,529.2
1256,0,person,0.1059,1197.3,501.1,1217.6,559.8
1257,2,large_vehicle,0.6452,1055.0,510.8,1150.0,580.8
1257,2,large_vehicle,0.5137,908.8,604.7,1061.2,718.0
1257,0,person,0.4831,1053.0,398.7,1068.0,438.0
1257,2,large_vehicle,0.3719,954.7,403.7,1027.4,449.0
1257,1,car,0.2429,1055.0,510.8,1150.0,580.8
1257,1,car,0.2211,211.1,771.9,339.3,861.3
1257,1,car,0.2169,954.7,403.7,1027.4,449.0
1257,1,car,0.2042,561.0,475.1,650.1,529.4
1257,2,large_vehicle,0.1399,561.0,475.1,650.1,529.4
1258,2,large_vehicle,0.6105,1045.8,513.0,1144.3,583.9
1258,2,large_vehicle,0.5464,914.7,600.8,1063.5,711.0
1258,1,car,0.3176,1045.8,513.0,1144.3,583.9
1258,2,large_vehicle,0.2926,955.0,404.0,1027.2,449.0
1258,1,car,0.2528,560.2,475.7,649.4,528.0
1258,0,person,0.1892,1052.4,399.8,1066.9,437.5
1258,1,car,0.1872,222.2,771.5,350.0,861.6
1258,2,large_vehicle,0.1862,560.2,475.7,649.4,528.0
1258,1,car,0.1697,955.0,404.0,1027.2,449.0
1258,2,large_vehicle,0.1610,222.2,771.5,350.0,861.6
1258,0,person,0.1578,1197.2,501.2,1217.3,560.4
1259,2,large_vehicle,0.6405,1045.8,513.0,1143.9,583.8
1259,2,large_vehicle,0.5447,914.9,600.8,1063.5,711.1
1259,1,car,0.2830,1045.8,513.0,1143.9,583.8
1259,2,large_vehicle,0.2770,955.0,404.0,1027.0,449.0
1259,1,car,0.1962,558.5,475.7,649.5,528.2
1259,1,car,0.1858,222.2,771.5,350.0,861.7
1259,2,large_vehicle,0.1583,558.5,475.7,649.5,528.2
1259,2,large_vehicle,0.1534,222.2,771.5,350.0,861.7
1259,1,car,0.1514,955.0,404.0,1027.0,449.0
1259,0,person,0.1375,1052.4,399.8,1066.8,437.4
1259,0,person,0.1298,1197.2,501.3,1217.2,560.5
1260,2,large_vehicle,0.6063,1045.8,513.0,1144.4,583.9
1260,2,large_vehicle,0.5398,915.0,600.8,1063.5,710.8
1260,2,large_vehicle,0.3241,955.4,403.8,1027.1,449.1
1260,1,car,0.3226,1045.8,513.0,1144.4,583.9
1260,1,car,0.2492,561.0,475.6,649.5,528.7
1260,0,person,0.1859,1197.6,512.5,1216.3,560.7
1260,1,car,0.1831,222.2,771.5,350.0,861.6
1260,1,car,0.1742,955.4,403.8,1027.1,449.1
1260,2,large_vehicle,0.1726,561.0,475.6,649.5,528.7
1260,0,person,0.1672,1052.5,400.1,1066.8,437.4
1260,2,large_vehicle,0.1616,222.2,771.5,350.0,861.6
1261,2,large_vehicle,0.7635,1037.4,515.9,1133.5,588.1
1261,1,car,0.4966,568.2,475.6,650.0,529.5
1261,2,large_vehicle,0.4714,932.7,599.3,1072.3,708.4
1261,2,large_vehicle,0.3516,954.2,403.7,1027.2,449.0
1261,2,large_vehicle,0.2470,568.2,475.6,650.0,529.5
1261,0,person,0.2096,1197.3,501.7,1217.1,560.5
1261,1,car,0.2043,954.2,403.7,1027.2,449.0
1261,1,car,0.1944,233.0,770.2,361.4,860.2
1261,1,car,0.1923,932.7,599.3,1072.3,708.4
1261,0,person,0.1483,1051.8,399.5,1066.4,437.7
1261,1,car,0.1300,1037.4,515.9,1133.5,588.1
1262,2,large_vehicle,0.7598,1037.3,516.0,1133.5,588.1
1262,1,car,0.5175,568.3,475.8,650.0,529.5
1262,2,large_vehicle,0.4772,932.7,599.3,1072.4,708.4
1262,2,large_vehicle,0.3297,954.3,404.0,1027.0,449.0
1262,2,large_vehicle,0.2401,568.3,475.8,650.0,529.5
1262,1,car,0.2282,954.3,404.0,1027.0,449.0
1262,0,person,0.2217,1197.6,512.9,1216.3,560.7
1262,1,car,0.1938,232.9,770.2,361.5,860.2
1262,1,car,0.1892,932.7,599.3,1072.4,708.4
1262,0,person,0.1390,1051.8,399.5,1066.3,437.7
1262,1,car,0.1340,1037.3,516.0,1133.5,588.1
1263,1,car,0.4787,1028.7,518.4,1126.6,590.0
1263,2,large_vehicle,0.4518,1028.7,518.4,1126.6,590.0
1263,2,large_vehicle,0.4440,945.5,597.2,1082.0,701.5
1263,1,car,0.4320,570.1,475.7,650.2,530.0
1263,0,person,0.3999,1050.7,399.0,1065.8,437.7
1263,0,person,0.3967,1197.3,500.8,1217.5,559.8
1263,2,large_vehicle,0.3344,953.3,403.5,1027.4,449.0
1263,2,large_vehicle,0.3001,570.1,475.7,650.2,530.0
1263,2,large_vehicle,0.2453,64.8,758.8,374.0,882.6
1263,1,car,0.2280,953.3,403.5,1027.4,449.0
1263,1,car,0.1503,945.5,597.2,1082.0,701.5
1264,1,car,0.4740,1028.7,518.4,1126.5,590.0
1264,2,large_vehicle,0.4566,1028.7,518.4,1126.5,590.0
1264,1,car,0.4513,570.1,475.9,650.2,530.0
1264,2,large_vehicle,0.4473,945.5,597.2,1082.0,701.6
1264,0,person,0.3904,1050.7,399.0,1065.8,437.7
1264,2,large_vehicle,0.3315,953.4,403.5,1027.3,449.0
1264,0,person,0.3254,1197.3,501.2,1217.4,559.8
1264,2,large_vehicle,0.2863,570.1,475.9,650.2,530.0
1264,2,large_vehicle,0.2446,64.7,758.8,374.0,882.6
1264,1,car,0.2263,953.4,403.5,1027.3,449.0
1264,1,car,0.1499,945.5,597.2,1082.0,701.6
1265,1,car,0.4768,1028.7,518.4,1126.6,590.0
1265,2,large_vehicle,0.4600,945.5,597.2,1081.7,701.5
1265,2,large_vehicle,0.4541,1028.7,518.4,1126.6,590.0
1265,1,car,0.4247,568.9,475.4,650.3,530.0
1265,0,person,0.3907,1050.6,399.0,1065.7,437.7
1265,0,person,0.3506,1197.3,500.9,1217.4,560.1
1265,2,large_vehicle,0.3477,952.9,403.5,1027.3,448.9
1265,2,large_vehicle,0.3018,568.9,475.4,650.3,530.0
1265,2,large_vehicle,0.2558,65.3,758.9,374.0,882.9
1265,1,car,0.2329,952.9,403.5,1027.3,448.9
1265,1,car,0.1431,945.5,597.2,1081.7,701.5
1266,2,large_vehicle,0.7570,957.2,593.6,1086.5,698.5
1266,2,large_vehicle,0.6027,1018.7,518.5,1119.7,593.3
1266,1,car,0.3606,553.4,474.1,650.2,530.4
1266,0,person,0.3382,1197.2,500.7,1217.5,560.4
1266,1,car,0.3313,1018.7,518.5,1119.7,593.3
1266,2,large_vehicle,0.2979,955.0,403.7,1026.8,448.9
1266,2,large_vehicle,0.2819,553.4,474.1,650.2,530.4
1266,0,person,0.2075,1050.6,400.8,1064.7,438.0
1266,1,car,0.1271,955.0,403.7,1026.8,448.9
1267,2,large_vehicle,0.7756,957.1,593.5,1087.1,698.4
1267,2,large_vehicle,0.5520,1018.8,518.6,1120.3,593.3
1267,1,car,0.3863,1018.8,518.6,1120.3,593.3
1267,1,car,0.3699,553.3,474.2,650.2,530.3
1267,0,person,0.3335,1197.2,500.6,1217.5,560.2
1267,2,large_vehicle,0.2979,954.9,403.7,1026.8,448.9
1267,2,large_vehicle,0.2838,553.3,474.2,650.2,530.3
1267,0,person,0.2491,1050.6,400.8,1064.6,437.9
1267,1,car,0.1275,954.9,403.7,1026.8,448.9
1268,2,large_vehicle,0.8662,969.1,593.9,1097.9,692.1
1268,1,car,0.7383,1009.3,522.5,1110.4,596.2
1268,1,car,0.4084,264.4,767.1,399.0,858.3
1268,2,large_vehicle,0.3778,955.1,404.7,1027.0,449.1
1268,1,car,0.3010,549.6,474.0,649.6,531.7
1268,0,person,0.2973,575.7,492.9,594.5,538.5
1268,2,large_vehicle,0.2855,549.6,474.0,649.6,531.7
1268,0,person,0.2742,1050.1,399.4,1064.7,438.6
1268,0,person,0.2319,1197.5,512.0,1216.5,561.0
1268,1,car,0.1518,955.1,404.7,1027.0,449.1
1268,2,large_vehicle,0.1461,1009.3,522.5,1110.4,596.2
1269,2,large_vehicle,0.8665,969.0,593.9,1097.9,692.1
1269,1,car,0.7505,1009.3,522.5,1110.5,596.2
1269,1,car,0.4072,264.4,767.1,399.0,858.2
1269,2,large_vehicle,0.4056,955.0,404.7,1027.0,449.1
1269,0,person,0.3569,1049.8,399.0,1064.8,438.7
1269,0,person,0.3321,575.7,494.0,593.9,538.6
1269,1,car,0.3312,549.3,474.2,649.5,531.4
1269,2,large_vehicle,0.2886,549.3,474.2,649.5,531.4
1269,0,person,0.1913,1197.6,512.1,1216.5,560.8
1269,1,car,0.1483,955.0,404.7,1027.0,449.1
1269,2,large_vehicle,0.1329,1009.3,522.5,1110.5,596.2
1270,2,large_vehicle,0.8670,969.0,593.9,1097.9,692.1
1270,1,car,0.7465,1009.3,522.5,1110.4,596.2
1270,1,car,0.4107,264.4,767.1,399.0,858.2
1270,2,large_vehicle,0.4019,955.1,404.6,1027.0,449.1
1270,1,car,0.3371,548.6,474.1,649.5,531.4
1270,0,person,0.3211,1049.9,399.2,1064.9,438.6
1270,0,person,0.3002,575.9,494.0,594.1,538.6
1270,2,large_vehicle,0.2904,548.6,474.1,649.5,531.4
1270,0,person,0.1761,1197.5,512.1,1216.5,560.8
1270,1,car,0.1430,955.1,404.6,1027.0,449.1
1270,2,large_vehicle,0.1374,1009.3,522.5,1110.4,596.2
1271,2,large_vehicle,0.7837,978.6,590.8,1110.3,689.5
1271,1,car,0.6552,998.3,523.5,1106.3,598.6
1271,1,car,0.5744,550.8,474.8,650.4,531.0
1271,0,person,0.4555,1049.1,397.9,1064.0,438.8
1271,0,person,0.3569,1196.9,500.6,1217.8,560.6
1271,1,car,0.3244,275.3,764.7,412.9,857.9
1271,2,large_vehicle,0.2795,954.2,404.5,1027.3,448.9
1271,0,person,0.2646,575.7,491.8,594.1,538.9
1271,1,car,0.2552,954.2,404.5,1027.3,448.9
1271,2,large_vehicle,0.1568,998.3,523.5,1106.3,598.6
1271,0,person,0.1144,573.0,493.5,589.2,538.7
1271,0,person,0.1075,1198.5,501.0,1219.9,560.8
1272,2,large_vehicle,0.7697,990.0,591.5,1112.6,684.6
1272,1,car,0.6547,285.4,763.7,425.9,854.8
1272,1,car,0.6495,989.8,525.6,1098.5,597.2
1272,1,car,0.5041,560.4,475.5,650.4,531.2
1272,0,person,0.2557,1197.7,499.6,1220.5,560.9
1272,2,large_vehicle,0.2120,953.6,404.3,1026.7,448.8
1272,1,car,0.2025,953.6,404.3,1026.7,448.8
1272,0,person,0.1940,1196.6,500.0,1218.4,560.6
1272,2,large_vehicle,0.1310,560.4,475.5,650.4,531.2
1273,2,large_vehicle,0.7691,990.0,591.5,1112.6,684.6
1273,1,car,0.6542,285.4,763.7,425.9,854.7
1273,1,car,0.6489,989.8,525.5,1098.5,597.2
1273,1,car,0.5027,559.9,475.4,650.4,531.3
1273,0,person,0.2527,1197.7,499.6,1220.5,560.9
1273,2,large_vehicle,0.2266,953.5,404.1,1026.7,448.8
1273,0,person,0.2063,1196.6,500.0,1218.4,560.6
1273,1,car,0.1977,953.5,404.1,1026.7,448.8
1273,2,large_vehicle,0.1295,559.9,475.4,650.4,531.3
1274,2,large_vehicle,0.7693,990.0,591.5,1113.0,684.6
1274,1,car,0.6556,285.3,763.7,425.9,854.7
1274,1,car,0.6481,989.8,525.6,1098.6,597.2
1274,1,car,0.4964,560.7,475.4,650.3,531.3
1274,0,person,0.3522,1197.6,499.4,1220.5,560.9
1274,2,large_vehicle,0.2289,953.5,404.3,1026.6,448.8
1274,1,car,0.2127,953.5,404.3,1026.6,448.8
1274,2,large_vehicle,0.1393,560.7,475.4,650.3,531.3
1274,0,person,0.1313,1196.6,499.8,1218.5,560.6
1275,2,large_vehicle,0.7322,999.8,582.0,1125.1,681.0
1275,1,car,0.6217,290.6,761.2,436.7,853.3
1275,1,car,0.6115,980.6,528.6,1086.8,604.5
1275,1,car,0.5088,551.9,474.8,650.2,531.3
1275,2,large_vehicle,0.3832,954.9,404.0,1027.2,449.0
1275,0,person,0.3426,1197.7,499.3,1220.2,561.0
1275,2,large_vehicle,0.2187,980.6,528.6,1086.8,604.5
1275,1,car,0.1942,954.9,404.0,1027.2,449.0
1275,0,person,0.1884,1196.7,499.8,1218.3,560.9
1275,0,person,0.1515,1047.4,398.4,1062.9,440.0
1275,2,large_vehicle,0.1318,551.9,474.8,650.2,531.3
1276,2,large_vehicle,0.7446,999.8,582.0,1125.1,681.1
1276,1,car,0.6432,290.5,761.1,436.7,853.3
1276,1,car,0.6182,980.6,528.6,1086.7,604.2
1276,1,car,0.4892,552.1,474.7,650.1,531.3
1276,2,large_vehicle,0.3820,954.9,403.9,1027.1,449.0
1276,0,person,0.3279,1197.7,499.4,1220.2,561.0
1276,2,large_vehicle,0.2156,980.6,528.6,1086.7,604.2
1276,0,person,0.1967,1196.7,499.9,1218.3,560.8
1276,1,car,0.1927,954.9,403.9,1027.1,449.0
1276,2,large_vehicle,0.1409,552.1,474.7,650.1,531.3
1276,0,person,0.1207,1047.4,398.5,1062.8,439.9
1277,2,large_vehicle,0.8228,1010.6,574.1,1132.2,676.4
1277,1,car,0.6826,967.3,531.4,1074.0,610.6
1277,1,car,0.5528,309.5,761.6,453.1,855.2
1277,1,car,0.4389,549.4,474.0,649.7,531.9
1277,2,large_vehicle,0.3832,955.0,403.4,1027.8,449.1
1277,0,person,0.2684,1196.6,500.8,1217.9,561.4
1277,0,person,0.2648,1046.8,397.7,1062.5,439.4
1277,2,large_vehicle,0.2109,967.3,531.4,1074.0,610.6
1277,1,car,0.1790,955.0,403.4,1027.8,449.1
1277,2,large_vehicle,0.1638,549.4,474.0,649.7,531.9
1277,1,car,0.1250,1222.9,541.2,1342.0,618.3
1277,0,person,0.1180,577.3,497.3,594.8,539.6
1278,2,large_vehicle,0.8198,1010.5,574.1,1132.2,676.4
1278,1,car,0.6817,967.2,531.4,1074.0,610.7
1278,1,car,0.5569,309.4,761.6,453.2,855.2
1278,1,car,0.4750,550.9,474.4,649.7,532.5
1278,2,large_vehicle,0.4081,955.5,403.4,1027.3,449.1
1278,0,person,0.2837,1196.7,500.9,1217.8,561.1
1278,0,person,0.2621,1046.8,397.9,1062.3,439.0
1278,2,large_vehicle,0.2114,967.2,531.4,1074.0,610.7
1278,1,car,0.1574,955.5,403.4,1027.3,449.1
1278,2,large_vehicle,0.1423,550.9,474.4,649.7,532.5
1278,1,car,0.1191,1223.0,541.2,1342.0,618.2
1278,0,person,0.1183,1198.0,509.9,1219.0,561.8
1278,0,person,0.1044,577.8,497.9,594.9,539.8
1279,2,large_vehicle,0.8194,1010.5,574.1,1132.2,676.4
1279,1,car,0.6798,967.2,531.4,1074.0,610.7
1279,1,car,0.5615,309.5,761.6,453.2,855.2
1279,1,car,0.4599,551.1,474.4,649.7,532.4
1279,2,large_vehicle,0.4135,955.3,403.3,1027.4,449.0
1279,0,person,0.3093,1196.7,500.8,1217.9,561.0
1279,0,person,0.2789,1046.7,397.9,1062.4,439.3
1279,2,large_vehicle,0.2138,967.2,531.4,1074.0,610.7
1279,1,car,0.1546,955.3,403.3,1027.4,449.0
1279,2,large_vehicle,0.1510,551.1,474.4,649.7,532.4
1279,0,person,0.1108,577.7,497.7,594.9,539.8
1279,0,person,0.1082,1198.7,501.7,1220.2,561.0
1279,1,car,0.1052,1223.0,541.4,1342.0,618.2
1280,2,large_vehicle,0.8212,1020.9,578.1,1136.7,672.5
1280,1,car,0.6426,321.9,758.8,465.2,851.0
1280,1,car,0.5613,957.5,534.0,1063.9,615.6
1280,1,car,0.5255,561.4,475.2,650.7,531.9
1280,2,large_vehicle,0.3343,957.5,534.0,1063.9,615.6
1280,2,large_vehicle,0.3226,954.2,402.8,1026.8,448.8
1280,0,person,0.2011,1198.2,513.3,1218.8,561.0
1280,1,car,0.1917,954.2,402.8,1026.8,448.8
1280,0,person,0.1807,1197.2,513.2,1216.4,560.5
1280,0,person,0.1492,1046.7,400.7,1060.9,437.6
1280,0,person,0.1165,577.3,497.3,594.1,539.7
1280,1,car,0.1064,1222.9,542.7,1342.0,618.5
1281,2,large_vehicle,0.8232,1020.9,578.4,1136.6,672.5
1281,1,car,0.6484,321.9,758.8,465.2,851.2
1281,1,car,0.5394,957.4,534.0,1064.0,615.6
1281,1,car,0.5200,561.3,475.0,650.7,532.1
1281,2,large_vehicle,0.3579,957.4,534.0,1064.0,615.6
1281,2,large_vehicle,0.3299,954.7,402.8,1027.0,448.8
1281,0,person,0.2190,1198.2,513.4,1218.9,561.2
1281,1,car,0.1932,954.7,402.8,1027.0,448.8
1281,0,person,0.1625,1197.1,513.1,1216.5,560.7
1281,1,car,0.1325,1222.9,542.1,1342.0,618.5
1282,2,large_vehicle,0.8468,1030.4,570.4,1148.6,668.3
1282,1,car,0.7354,334.7,757.1,479.9,848.1
1282,1,car,0.5333,570.3,476.4,650.6,532.9
1282,1,car,0.4625,947.1,537.2,1054.5,618.7
1282,2,large_vehicle,0.4595,947.1,537.2,1054.5,618.7
1282,2,large_vehicle,0.4515,954.4,403.3,1027.3,448.9
1282,0,person,0.3103,1196.9,500.6,1217.9,560.6
1282,2,large_vehicle,0.2634,570.3,476.4,650.6,532.9
1282,1,car,0.1674,954.4,403.3,1027.3,448.9
1282,0,person,0.1540,1046.5,400.7,1060.7,437.5
1282,1,car,0.1067,1223.1,543.1,1342.0,617.8
1283,2,large_vehicle,0.8469,1030.4,570.4,1148.5,668.3
1283,1,car,0.7378,334.7,757.1,479.8,848.1
1283,1,car,0.5175,570.3,476.2,650.6,532.8
1283,2,large_vehicle,0.4638,947.2,537.3,1054.4,618.7
1283,1,car,0.4580,947.2,537.3,1054.4,618.7
1283,2,large_vehicle,0.4264,954.4,403.3,1027.6,448.9
1283,2,large_vehicle,0.2769,570.3,476.2,650.6,532.8
1283,0,person,0.2631,1196.9,500.6,1217.9,560.7
1283,1,car,0.1652,954.4,403.3,1027.6,448.9
1283,0,person,0.1482,1046.5,400.9,1060.7,437.5
1283,1,car,0.1132,1223.0,543.4,1342.0,617.8
1284,2,large_vehicle,0.8476,1030.4,570.6,1148.6,668.2
1284,1,car,0.7369,334.7,757.0,479.9,848.0
1284,1,car,0.5495,569.8,476.1,650.6,532.4
1284,1,car,0.4843,947.1,537.1,1054.8,618.7
1284,2,large_vehicle,0.4603,954.8,403.5,1027.6,448.9
1284,2,large_vehicle,0.4379,947.1,537.1,1054.8,618.7
1284,0,person,0.2923,1196.9,500.3,1217.9,560.3
1284,2,large_vehicle,0.2271,569.8,476.1,650.6,532.4
1284,1,car,0.1694,954.8,403.5,1027.6,448.9
1284,0,person,0.1589,1046.4,400.5,1060.6,437.3
1284,1,car,0.1328,1223.2,542.8,1342.0,617.8
1284,0,person,0.1026,1198.6,500.4,1220.1,560.5
1285,1,car,0.7227,346.4,752.8,493.8,847.4
1285,2,large_vehicle,0.6528,1039.3,566.0,1155.5,664.0
1285,2,large_vehicle,0.5434,935.6,540.6,1045.7,622.0
1285,0,person,0.4422,1045.6,400.2,1060.8,438.2
1285,2,large_vehicle,0.4068,955.0,403.1,1027.5,448.7
1285,1,car,0.3847,555.3,474.0,650.7,532.2
1285,1,car,0.3673,935.6,540.6,1045.7,622.0
1285,0,person,0.2294,1196.9,499.8,1218.2,560.2
1285,2,large_vehicle,0.1935,555.3,474.0,650.7,532.2
1285,1,car,0.1820,955.0,403.1,1027.5,448.7
1285,0,person,0.1238,1198.3,499.8,1220.2,560.4
1286,1,car,0.7212,346.3,752.9,493.6,847.4
1286,2,large_vehicle,0.6666,1039.3,566.1,1155.5,664.0
1286,2,large_vehicle,0.5268,935.7,540.6,1045.7,622.0
1286,0,person,0.4543,1045.5,400.3,1060.9,438.2
1286,2,large_vehicle,0.4024,955.2,403.3,1027.6,448.7
1286,1,car,0.3849,935.7,540.6,1045.7,622.0
1286,1,car,0.3845,555.3,473.9,650.7,532.3
1286,1,car,0.1991,955.2,403.3,1027.6,448.7
1286,2,large_vehicle,0.1944,555.3,473.9,650.7,532.3
1286,0,person,0.1628,1196.8,500.1,1218.1,560.5
1287,2,large_vehicle,0.7730,1050.0,563.5,1161.5,660.8
1287,1,car,0.7380,358.9,751.5,508.0,846.2
1287,2,large_vehicle,0.6316,925.8,542.0,1038.3,625.3
1287,1,car,0.5142,563.5,475.6,650.4,533.3
1287,0,person,0.4288,1045.1,400.7,1060.6,439.4
1287,2,large_vehicle,0.3582,956.0,403.2,1027.3,448.6
1287,0,person,0.2830,1196.9,500.7,1217.7,560.5
1287,1,car,0.2715,925.8,542.0,1038.3,625.3
1287,1,car,0.1462,956.0,403.2,1027.3,448.6
1287,2,large_vehicle,0.1350,563.5,475.6,650.4,533.3
1287,0,person,0.1140,1042.8,401.1,1058.5,439.5
1287,0,person,0.1007,1198.8,501.8,1220.0,560.7
1288,2,large_vehicle,0.7738,1050.0,563.5,1161.5,660.8
1288,1,car,0.7412,358.9,751.5,508.0,846.1
1288,2,large_vehicle,0.6308,925.8,542.0,1038.3,625.3
1288,1,car,0.5222,563.2,475.6,650.5,533.1
1288,0,person,0.4309,1045.1,400.7,1060.6,439.4
1288,2,large_vehicle,0.3707,956.0,403.3,1027.5,448.6
1288,1,car,0.2722,925.8,542.0,1038.3,625.3
1288,0,person,0.2500,1196.9,500.7,1217.7,560.6
1288,1,car,0.1531,956.0,403.3,1027.5,448.6
1288,2,large_vehicle,0.1390,563.2,475.6,650.5,533.1
1288,0,person,0.1141,1042.8,401.1,1058.5,439.5
1288,0,person,0.1065,1198.7,502.0,1220.1,560.8
1289,2,large_vehicle,0.7747,1050.0,563.6,1161.6,660.6
1289,1,car,0.7430,358.9,751.4,508.0,846.0
1289,2,large_vehicle,0.6203,925.8,542.0,1038.3,625.3
1289,1,car,0.5362,565.3,475.7,650.4,533.4
1289,0,person,0.4348,1045.0,400.7,1060.6,439.4
1289,2,large_vehicle,0.3690,956.0,403.4,1027.1,448.6
1289,0,person,0.3295,1196.9,500.4,1217.8,560.6
1289,1,car,0.2843,925.8,542.0,1038.3,625.3
1289,1,car,0.1567,956.0,403.4,1027.1,448.6
1289,2,large_vehicle,0.1441,565.3,475.7,650.4,533.4
1289,0,person,0.1249,1042.7,401.0,1058.6,439.6
1289,0,person,0.1034,1198.7,501.4,1220.0,560.9
1290,2,large_vehicle,0.7644,1059.2,560.7,1165.9,655.3
1290,1,car,0.6296,373.7,748.8,523.1,843.6
1290,1,car,0.5389,567.5,476.4,650.9,533.6
1290,2,large_vehicle,0.5151,910.7,544.0,1031.5,628.6
1290,0,person,0.4197,1044.8,400.3,1060.5,439.0
1290,2,large_vehicle,0.4193,955.3,403.4,1027.6,448.5
1290,1,car,0.3776,910.7,544.0,1031.5,628.6
1290,0,person,0.3412,1196.9,500.6,1217.9,560.0
1290,0,person,0.3291,1042.9,400.7,1058.7,439.1
1290,1,car,0.2307,955.3,403.4,1027.6,448.5
1290,2,large_vehicle,0.1743,567.5,476.4,650.9,533.6
1290,0,person,0.1229,1198.7,501.6,1219.9,560.0
1291,2,large_vehicle,0.7768,1059.1,560.6,1166.2,655.3
1291,1,car,0.6250,373.5,748.8,523.0,843.3
1291,1,car,0.5613,568.2,476.5,650.9,533.0
1291,2,large_vehicle,0.5035,910.4,544.0,1029.7,628.6
1291,2,large_vehicle,0.4409,955.2,403.3,1027.7,448.5
1291,1,car,0.3897,910.4,544.0,1029.7,628.6
1291,0,person,0.3878,1044.9,400.4,1060.4,439.1
1291,0,person,0.3857,1196.9,499.7,1217.9,560.0
1291,0,person,0.3572,1043.0,400.8,1058.7,439.2
1291,1,car,0.2192,955.2,403.3,1027.7,448.5
1291,2,large_vehicle,0.1689,568.2,476.5,650.9,533.0
1291,0,person,0.1342,1198.3,499.8,1220.0,560.1
1292,2,large_vehicle,0.8129,1068.2,558.7,1174.5,651.6
1292,1,car,0.6931,386.0,745.9,538.6,842.5
1292,1,car,0.5964,898.3,546.4,1020.8,631.9
1292,1,car,0.5115,565.0,476.2,650.8,532.6
1292,2,large_vehicle,0.4128,954.8,403.7,1027.4,448.1
1292,0,person,0.3202,1044.8,399.6,1060.4,439.4
1292,2,large_vehicle,0.3098,898.3,546.4,1020.8,631.9
1292,0,person,0.3072,1197.0,499.5,1218.2,559.0
1292,0,person,0.2977,1043.0,399.9,1058.5,439.5
1292,1,car,0.2138,954.8,403.7,1027.4,448.1
1292,2,large_vehicle,0.1170,565.0,476.2,650.8,532.6
1293,2,large_vehicle,0.8182,1068.1,558.7,1174.8,651.6
1293,1,car,0.7005,386.1,745.9,538.7,842.5
1293,1,car,0.5741,898.0,546.4,1020.9,632.0
1293,1,car,0.5264,563.5,476.3,651.0,532.3
1293,2,large_vehicle,0.4481,955.6,403.7,1027.5,448.1
1293,0,person,0.3462,1197.0,499.9,1218.2,559.4
1293,2,large_vehicle,0.3354,898.0,546.4,1020.9,632.0
1293,0,person,0.3279,1043.0,399.6,1058.5,439.6
1293,0,person,0.3260,1044.9,399.5,1060.4,439.6
1293,1,car,0.2216,955.6,403.7,1027.5,448.1
1293,2,large_vehicle,0.1156,563.5,476.3,651.0,532.3
1293,0,person,0.1109,1197.9,499.4,1219.9,559.5
1294,2,large_vehicle,0.8172,1068.1,558.7,1174.8,651.6
1294,1,car,0.6977,386.0,745.9,538.7,842.6
1294,1,car,0.5747,898.0,546.4,1020.8,632.0
1294,1,car,0.5078,564.4,476.1,651.0,532.7
1294,2,large_vehicle,0.4332,955.6,403.8,1027.5,448.1
1294,2,large_vehicle,0.3346,898.0,546.4,1020.8,632.0
1294,0,person,0.3164,1043.0,399.6,1058.5,439.4
1294,0,person,0.3130,1044.9,399.5,1060.4,439.3
1294,0,person,0.2433,1197.0,500.1,1218.2,559.1
1294,1,car,0.2324,955.6,403.8,1027.5,448.1
1294,0,person,0.2223,1197.8,499.6,1220.0,559.2
1294,2,large_vehicle,0.1147,564.4,476.1,651.0,532.7
1295,2,large_vehicle,0.7787,1077.0,556.2,1180.4,647.1
1295,1,car,0.7688,397.6,742.3,554.6,844.4
1295,2,large_vehicle,0.6815,887.3,549.9,1008.9,635.4
1295,1,car,0.5155,557.9,474.9,651.4,529.6
1295,0,person,0.4698,1042.7,400.6,1058.4,439.6
1295,2,large_vehicle,0.3906,955.9,403.6,1027.6,447.9
1295,0,person,0.2582,1197.8,499.8,1220.2,559.6
1295,1,car,0.1951,955.9,403.6,1027.6,447.9
1295,1,car,0.1899,887.3,549.9,1008.9,635.4
1295,0,person,0.1732,1044.7,400.4,1060.6,439.4
1295,2,large_vehicle,0.1286,557.9,474.9,651.4,529.6
1295,0,person,0.1079,1196.9,500.0,1218.3,559.5
1296,1,car,0.6155,564.7,476.4,651.0,529.8
1296,2,large_vehicle,0.6021,875.2,554.0,992.1,638.3
1296,1,car,0.5686,411.7,740.0,568.2,837.8
1296,0,person,0.3861,1042.3,401.0,1057.4,438.0
1296,2,large_vehicle,0.3619,1085.5,553.3,1186.5,643.5
1296,1,car,0.3278,875.2,554.0,992.1,638.3
1296,0,person,0.2742,1198.2,502.0,1220.0,559.6
1296,2,large_vehicle,0.2662,955.7,403.4,1026.2,447.6
1296,2,large_vehicle,0.1267,564.7,476.4,651.0,529.8
1297,1,car,0.6154,564.6,476.3,651.0,529.8
1297,2,large_vehicle,0.6028,875.2,554.0,992.1,638.3
1297,1,car,0.5660,411.7,740.0,568.2,837.8
1297,0,person,0.3884,1042.3,401.0,1057.4,438.0
1297,2,large_vehicle,0.3575,1085.5,553.3,1186.5,643.5
1297,1,car,0.3272,875.2,554.0,992.1,638.3
1297,2,large_vehicle,0.3138,956.0,403.3,1026.1,447.5
1297,0,person,0.2866,1198.0,500.9,1220.1,559.4
1297,2,large_vehicle,0.1243,564.6,476.3,651.0,529.8
1298,2,large_vehicle,0.6143,875.3,554.0,992.1,638.4
1298,1,car,0.6092,564.6,476.3,651.0,529.9
1298,1,car,0.5721,411.6,739.9,568.2,838.3
1298,2,large_vehicle,0.4100,1085.5,553.4,1186.7,643.5
1298,0,person,0.3870,1042.3,401.0,1057.4,438.0
1298,1,car,0.3150,875.3,554.0,992.1,638.4
1298,0,person,0.2763,1198.1,501.5,1220.1,560.0
1298,2,large_vehicle,0.2717,955.7,403.4,1026.2,447.6
1298,2,large_vehicle,0.1282,564.6,476.3,651.0,529.9
1299,1,car,0.7913,863.4,557.6,982.5,643.7
1299,1,car,0.6980,427.3,737.2,583.1,833.1
1299,1,car,0.6533,561.8,475.4,651.5,529.5
1299,2,large_vehicle,0.4855,1094.2,550.8,1192.4,639.7
1299,2,large_vehicle,0.3388,956.0,403.5,1027.7,447.7
1299,0,person,0.2891,1042.4,400.7,1056.1,436.7
1299,0,person,0.1681,1198.1,500.0,1220.0,559.3
1299,1,car,0.1277,956.0,403.5,1027.7,447.7
1299,2,large_vehicle,0.1182,863.4,557.6,982.5,643.7
1300,1,car,0.7934,863.4,557.7,982.4,643.7
1300,1,car,0.6859,427.2,737.2,582.9,833.7
1300,1,car,0.6329,559.4,474.8,651.7,529.7
1300,2,large_vehicle,0.4240,1094.3,550.9,1192.5,639.7
1300,2,large_vehicle,0.3639,956.0,403.5,1027.5,447.7
1300,0,person,0.3229,1042.3,401.0,1056.0,436.8
1300,0,person,0.2319,1198.0,500.2,1220.1,559.5
1300,1,car,0.1537,956.0,403.5,1027.5,447.7
1300,2,large_vehicle,0.1162,863.4,557.7,982.4,643.7
1301,2,large_vehicle,0.7013,1102.1,547.4,1199.5,636.4
1301,1,car,0.6800,443.7,732.5,598.6,835.3
1301,1,car,0.5999,559.7,475.0,651.6,527.8
1301,1,car,0.5250,850.5,557.1,970.9,648.3
1301,2,large_vehicle,0.3661,955.1,403.5,1028.3,447.7
1301,2,large_vehicle,0.3459,850.5,557.1,970.9,648.3
1301,0,person,0.3030,1041.2,399.7,1055.4,438.1
1301,1,car,0.1683,955.1,403.5,1028.3,447.7
1301,0,person,0.1602,1198.2,499.7,1220.2,559.8
1302,2,large_vehicle,0.7104,1102.1,547.3,1199.5,636.4
1302,1,car,0.6733,443.5,732.6,598.5,835.4
1302,1,car,0.6085,555.1,474.7,651.7,527.6
1302,1,car,0.5145,850.7,556.9,971.1,648.3
1302,2,large_vehicle,0.3586,955.6,403.4,1028.5,447.7
1302,2,large_vehicle,0.3520,850.7,556.9,971.1,648.3
1302,0,person,0.3438,1041.1,399.4,1055.6,438.7
1302,1,car,0.1521,955.6,403.4,1028.5,447.7
1302,0,person,0.1446,1198.2,499.9,1220.3,559.8
1303,2,large_vehicle,0.7095,1102.1,547.3,1199.5,636.4
1303,1,car,0.6746,443.6,732.6,598.5,835.4
1303,1,car,0.6011,556.2,474.6,651.8,527.7
1303,1,car,0.5177,850.6,556.9,971.2,648.3
1303,2,large_vehicle,0.3488,850.6,556.9,971.2,648.3
1303,2,large_vehicle,0.3470,955.6,403.4,1028.6,447.6
1303,0,person,0.2469,1041.2,399.4,1055.4,438.0
1303,1,car,0.1471,955.6,403.4,1028.6,447.6
1303,0,person,0.1347,1198.2,499.8,1220.3,559.8
1304,1,car,0.7183,455.1,729.4,613.4,834.6
1304,1,car,0.5696,835.4,563.7,957.4,653.1
1304,0,person,0.5586,1040.4,399.1,1055.4,439.1
1304,1,car,0.3774,567.5,475.5,652.2,526.9
1304,1,car,0.3138,835.6,563.6,957.5,653.1
1304,2,large_vehicle,0.2790,956.1,403.4,1028.2,447.6
1304,2,large_vehicle,0.2425,1110.5,545.0,1203.8,632.2
1304,1,car,0.1999,956.1,403.4,1028.2,447.6
1304,2,large_vehicle,0.1156,835.4,563.7,957.4,653.1
1305,1,car,0.7279,835.4,563.6,957.4,653.1
1305,1,car,0.7164,455.2,729.3,613.4,834.2
1305,0,person,0.5858,1040.3,399.2,1055.2,439.3
1305,2,large_vehicle,0.2973,956.4,403.3,1028.3,447.5
1305,2,large_vehicle,0.2330,1110.6,545.0,1203.9,632.2
1305,1,car,0.2274,566.7,475.2,651.3,526.7
1305,1,car,0.1961,956.4,403.3,1028.3,447.5
1305,2,large_vehicle,0.1765,835.4,563.6,957.4,653.1
1306,1,car,0.7150,471.9,727.1,629.6,828.5
1306,1,car,0.6628,822.6,567.4,946.0,657.5
1306,0,person,0.4270,1039.6,401.1,1054.4,438.7
1306,1,car,0.3639,566.7,475.5,650.3,527.1
1306,2,large_vehicle,0.3587,1117.9,542.1,1210.0,629.1
1306,2,large_vehicle,0.2291,822.6,567.4,946.0,657.5
1306,2,large_vehicle,0.1862,955.9,403.5,1026.8,447.3
1307,1,car,0.7168,472.0,727.1,629.5,828.3
1307,1,car,0.6555,822.6,567.4,946.0,657.5
1307,0,person,0.4281,1039.7,401.1,1054.4,438.7
1307,1,car,0.3604,566.9,475.5,650.4,527.0
1307,2,large_vehicle,0.3435,1117.9,542.1,1210.0,629.1
1307,2,large_vehicle,0.2381,822.6,567.4,946.0,657.5
1307,2,large_vehicle,0.1762,955.8,403.6,1026.9,447.3
1308,1,car,0.7149,471.9,727.1,629.6,828.4
1308,1,car,0.6612,822.6,567.5,946.0,657.5
1308,0,person,0.4439,1039.6,401.1,1054.7,439.2
1308,1,car,0.4151,567.4,475.9,650.6,527.0
1308,2,large_vehicle,0.3763,1117.9,542.1,1210.0,629.1
1308,2,large_vehicle,0.2316,822.6,567.5,946.0,657.5
1308,2,large_vehicle,0.2222,955.9,403.3,1027.2,447.4
1309,1,car,0.7614,487.6,725.3,643.8,823.4
1309,1,car,0.4779,808.7,570.0,933.8,661.0
1309,2,large_vehicle,0.4612,808.7,570.0,933.8,661.0
1309,0,person,0.3761,1038.9,400.6,1053.8,439.6
1309,1,car,0.3024,569.6,476.9,652.3,527.6
1309,2,large_vehicle,0.2827,956.0,403.4,1027.9,447.4
1309,1,car,0.1825,569.2,476.8,652.3,527.1
1310,1,car,0.7656,487.6,725.3,643.8,823.8
1310,1,car,0.4912,808.7,570.0,933.8,661.0
1310,2,large_vehicle,0.4466,808.7,570.0,933.8,661.0
1310,0,person,0.3711,1039.0,400.7,1053.7,439.5
1310,1,car,0.3226,569.2,476.8,652.3,527.1
1310,2,large_vehicle,0.2842,955.8,403.6,1027.9,447.4
1310,1,car,0.2304,569.6,476.9,652.3,527.6
1311,1,car,0.7431,500.1,719.9,662.0,823.9
1311,1,car,0.6864,569.6,476.6,650.6,525.9
1311,2,large_vehicle,0.6263,795.2,573.4,922.4,665.6
1311,0,person,0.6011,1038.4,400.5,1054.2,440.5
1311,2,large_vehicle,0.3385,955.6,403.1,1028.0,447.6
1311,1,car,0.3037,795.2,573.4,922.4,665.6
1311,2,large_vehicle,0.3036,1132.4,536.2,1225.4,622.0
1311,2,large_vehicle,0.2830,1131.5,527.3,1299.2,622.5
1311,1,car,0.1487,955.6,403.1,1028.0,447.6
1311,2,large_vehicle,0.1280,569.6,476.6,650.6,525.9
1312,1,car,0.7433,500.2,719.9,662.1,823.9
1312,1,car,0.6864,569.5,476.4,650.4,525.9
1312,2,large_vehicle,0.6291,795.2,573.4,922.4,665.6
1312,0,person,0.6012,1038.4,400.5,1054.2,440.5
1312,2,large_vehicle,0.3433,955.6,403.1,1027.9,447.6
1312,2,large_vehicle,0.3025,1132.4,536.2,1225.4,622.0
1312,1,car,0.3008,795.2,573.4,922.4,665.6
1312,2,large_vehicle,0.2816,1131.4,527.2,1299.3,622.5
1312,1,car,0.1476,955.6,403.1,1027.9,447.6
1312,2,large_vehicle,0.1283,569.5,476.4,650.4,525.9
1313,1,car,0.7362,500.2,719.8,662.5,823.7
1313,1,car,0.6945,569.7,476.5,650.5,525.9
1313,2,large_vehicle,0.6088,795.2,573.4,922.5,665.6
1313,0,person,0.6044,1038.4,400.6,1054.2,440.5
1313,2,large_vehicle,0.3753,955.2,403.3,1028.0,447.6
1313,1,car,0.3224,795.2,573.4,922.5,665.6
1313,2,large_vehicle,0.3208,1132.3,536.2,1225.4,622.0
1313,2,large_vehicle,0.2943,1131.4,527.4,1297.0,622.5
1313,1,car,0.1744,955.2,403.3,1028.0,447.6
1313,2,large_vehicle,0.1314,569.7,476.5,650.5,525.9
1314,2,large_vehicle,0.6895,1139.6,530.5,1276.5,619.8
1314,1,car,0.6636,516.8,717.5,680.1,823.0
1314,0,person,0.6213,1037.4,400.4,1055.0,441.0
1314,1,car,0.5424,780.7,575.3,915.6,670.2
1314,1,car,0.4112,565.9,475.4,650.5,527.4
1314,2,large_vehicle,0.3640,780.7,575.3,915.6,670.2
1314,2,large_vehicle,0.3419,955.6,403.0,1027.7,447.5
1314,1,car,0.1683,955.6,403.0,1027.7,447.5
1315,0,person,0.6243,1037.4,400.5,1055.0,440.9
1315,2,large_vehicle,0.6039,1139.6,530.2,1283.7,620.1
1315,1,car,0.5479,780.7,575.5,915.3,670.2
1315,1,car,0.3866,565.8,475.3,650.6,527.4
1315,2,large_vehicle,0.3573,780.7,575.5,915.3,670.2
1315,2,large_vehicle,0.3472,955.6,403.1,1027.9,447.5
1315,1,car,0.3111,516.8,717.5,682.5,822.6
1315,1,car,0.2755,516.3,717.5,683.0,822.4
1315,1,car,0.1871,955.6,403.1,1027.9,447.5
1316,1,car,0.5754,767.3,580.5,895.8,674.3
1316,1,car,0.5439,531.1,713.6,720.2,818.6
1316,0,person,0.4639,1037.0,401.8,1053.4,441.3
1316,2,large_vehicle,0.4520,1145.4,516.6,1328.5,617.6
1316,2,large_vehicle,0.4106,1146.9,525.5,1301.3,616.7
1316,2,large_vehicle,0.3213,767.3,580.5,895.8,674.3
1316,2,large_vehicle,0.2734,955.4,403.5,1027.4,447.5
1316,1,car,0.2652,567.3,475.3,650.0,527.1
1316,1,car,0.1485,568.4,476.1,651.0,527.3
1316,1,car,0.1256,955.4,403.5,1027.4,447.5
1317,1,car,0.5693,767.4,580.5,895.8,674.3
1317,1,car,0.5415,531.1,713.6,720.2,818.8
1317,0,person,0.4939,1037.0,401.8,1053.4,441.2
1317,2,large_vehicle,0.4772,1145.4,515.9,1328.6,617.6
1317,2,large_vehicle,0.3587,955.8,403.2,1026.9,447.5
1317,2,large_vehicle,0.3263,767.4,580.5,895.8,674.3
1317,1,car,0.2282,567.3,475.7,650.1,527.0
1317,1,car,0.1573,568.5,476.4,651.0,527.2
1317,1,car,0.1046,955.8,403.2,1026.9,447.5
1318,1,car,0.5762,767.4,580.5,895.8,674.3
1318,1,car,0.5335,531.1,713.6,720.2,818.7
1318,0,person,0.4864,1036.9,401.9,1053.4,441.2
1318,2,large_vehicle,0.4740,1145.4,515.9,1328.3,617.6
1318,2,large_vehicle,0.3235,955.7,403.1,1027.0,447.4
1318,2,large_vehicle,0.3174,767.4,580.5,895.8,674.3
1318,1,car,0.3041,567.3,475.8,650.1,527.0
1318,1,car,0.1071,955.7,403.1,1027.0,447.4
1319,1,car,0.6141,752.0,584.0,882.0,678.0
1319,0,person,0.5059,1037.2,401.1,1053.0,439.8
1319,2,large_vehicle,0.4345,955.8,403.0,1026.5,447.4
1319,2,large_vehicle,0.3840,1153.1,514.6,1307.5,613.2
1319,2,large_vehicle,0.3384,1152.5,512.8,1322.2,613.4
1319,2,large_vehicle,0.2976,752.0,584.0,882.0,678.0
1319,1,car,0.2342,548.9,712.6,705.9,812.0
1319,1,car,0.2165,566.7,476.4,649.9,527.1
1319,1,car,0.1232,955.8,403.0,1026.5,447.4
1320,1,car,0.7508,737.7,587.6,869.7,681.9
1320,2,large_vehicle,0.4152,1159.8,515.2,1327.0,610.0
1320,2,large_vehicle,0.3856,954.7,403.5,1027.2,447.3
1320,0,person,0.2572,1036.5,401.6,1051.0,439.2
1320,1,car,0.2335,563.2,707.6,725.1,809.8
1320,1,car,0.2139,570.5,476.7,650.8,527.6
1320,2,large_vehicle,0.1606,737.7,587.6,869.7,681.9
1320,1,car,0.1524,954.7,403.5,1027.2,447.3
1320,2,large_vehicle,0.1308,1229.8,525.7,1341.8,615.6
1321,1,car,0.7524,737.7,587.6,869.7,681.9
1321,2,large_vehicle,0.4187,1159.8,515.2,1327.0,610.0
1321,2,large_vehicle,0.3849,954.7,403.4,1027.1,447.3
1321,0,person,0.2472,1036.5,401.6,1051.0,439.2
1321,1,car,0.2429,570.5,476.8,650.8,527.6
1321,1,car,0.2372,563.2,707.6,725.0,809.7
1321,2,large_vehicle,0.1592,737.7,587.6,869.7,681.9
1321,1,car,0.1462,954.7,403.4,1027.1,447.3
1321,2,large_vehicle,0.1288,1229.8,525.7,1341.8,615.6
1322,1,car,0.7526,737.7,587.6,869.7,681.9
1322,2,large_vehicle,0.4587,1159.8,514.6,1327.3,610.0
1322,2,large_vehicle,0.3827,955.2,403.5,1027.2,447.3
1322,0,person,0.2716,1036.6,401.6,1051.0,439.2
1322,1,car,0.2561,570.5,476.9,651.0,527.6
1322,1,car,0.2132,563.2,707.6,724.5,809.8
1322,2,large_vehicle,0.1585,737.7,587.6,869.7,681.9
1322,1,car,0.1456,955.2,403.5,1027.2,447.3
1322,2,large_vehicle,0.1374,1229.9,525.4,1341.8,615.6
1323,1,car,0.8341,722.8,590.1,859.0,685.5
1323,1,car,0.7301,577.0,705.2,737.0,804.4
1323,2,large_vehicle,0.4209,1166.4,524.0,1277.5,605.8
1323,1,car,0.4099,571.6,477.3,651.0,528.1
1323,2,large_vehicle,0.3654,956.6,403.6,1025.3,447.3
1323,0,person,0.2338,1036.3,401.3,1050.3,439.2
1323,1,car,0.1333,956.6,403.6,1025.3,447.3
1323,2,large_vehicle,0.1175,571.6,477.3,651.0,528.1
1324,1,car,0.8268,722.8,590.1,858.7,685.5
1324,1,car,0.7212,577.0,705.3,736.8,807.7
1324,2,large_vehicle,0.4082,1166.4,523.9,1281.0,605.9
1324,1,car,0.4078,571.6,477.4,651.0,528.1
1324,2,large_vehicle,0.3563,956.6,403.6,1025.3,447.3
1324,0,person,0.2414,1036.3,401.2,1050.4,439.1
1324,1,car,0.1373,956.6,403.6,1025.3,447.3
1324,2,large_vehicle,0.1205,571.6,477.4,651.0,528.1
1325,1,car,0.7743,707.2,595.2,842.6,689.1
1325,1,car,0.7445,591.5,701.4,774.2,802.4
1325,1,car,0.6969,566.6,476.2,651.1,528.2
1325,2,large_vehicle,0.5949,1172.3,516.6,1337.2,603.0
1325,0,person,0.4073,1035.5,401.3,1050.5,439.6
1325,2,large_vehicle,0.2880,955.4,403.4,1025.5,447.3
1325,1,car,0.1207,955.4,403.4,1025.5,447.3
1326,1,car,0.7735,707.2,595.3,842.7,689.0
1326,1,car,0.7484,591.7,701.4,775.1,802.4
1326,1,car,0.7000,566.2,476.4,650.4,528.0
1326,2,large_vehicle,0.5868,1172.3,516.6,1337.0,602.9
1326,0,person,0.4525,1035.6,401.2,1050.6,439.7
1326,2,large_vehicle,0.3621,955.6,403.5,1025.9,447.3
1326,1,car,0.1195,955.6,403.5,1025.9,447.3
1327,1,car,0.7729,707.2,595.3,842.7,689.0
1327,1,car,0.7486,591.6,701.4,775.1,802.4
1327,1,car,0.7033,565.8,476.3,650.4,528.2
1327,2,large_vehicle,0.5840,1172.3,516.5,1337.0,603.0
1327,0,person,0.4203,1035.5,401.2,1050.5,439.5
1327,2,large_vehicle,0.3686,955.6,403.5,1025.7,447.4
1327,1,car,0.1156,955.6,403.5,1025.7,447.4
1328,1,car,0.8190,691.8,598.8,829.4,692.0
1328,1,car,0.7756,563.5,476.4,651.3,528.4
1328,2,large_vehicle,0.4933,1178.8,524.7,1265.9,597.3
1328,1,car,0.4822,608.4,700.0,783.2,803.0
1328,0,person,0.4312,1035.1,400.6,1049.7,439.9
1328,2,large_vehicle,0.3556,955.6,404.2,1026.2,447.3
1328,1,car,0.1844,542.7,472.0,612.9,512.7
1328,1,car,0.1827,955.6,404.2,1026.2,447.3
1328,2,large_vehicle,0.1672,1177.9,517.8,1327.1,598.1
1328,1,car,0.1150,1178.8,524.7,1265.9,597.3
1329,1,car,0.8233,691.2,598.8,829.3,691.9
1329,1,car,0.7572,563.5,476.1,651.3,528.3
1329,2,large_vehicle,0.5095,1178.8,524.7,1264.3,597.4
1329,1,car,0.4642,608.7,700.0,781.4,802.9
1329,0,person,0.4137,1035.1,400.6,1049.7,439.9
1329,2,large_vehicle,0.3844,955.7,404.1,1026.1,447.4
1329,1,car,0.1706,955.7,404.1,1026.1,447.4
1329,2,large_vehicle,0.1596,1177.9,517.6,1326.8,598.2
1329,1,car,0.1409,542.8,471.8,612.0,512.7
1329,1,car,0.1112,1178.8,524.7,1264.3,597.4
1330,1,car,0.7410,566.2,476.7,651.1,528.2
1330,1,car,0.7346,678.2,601.3,813.6,696.1
1330,1,car,0.6263,623.2,697.2,815.8,799.9
1330,2,large_vehicle,0.5246,1184.4,513.6,1337.3,595.7
1330,0,person,0.3865,1034.2,400.9,1049.2,440.9
1330,2,large_vehicle,0.3139,954.0,404.0,1025.5,447.4
1330,1,car,0.2102,954.0,404.0,1025.5,447.4
1330,0,person,0.1604,1031.1,401.2,1047.7,441.7
1331,1,car,0.7319,678.2,601.2,813.5,696.0
1331,1,car,0.7277,566.8,476.7,651.2,528.2
1331,1,car,0.6392,623.2,697.2,815.8,799.9
1331,2,large_vehicle,0.5318,1184.5,513.2,1337.5,595.6
1331,0,person,0.3855,1034.2,400.8,1049.2,440.9
1331,2,large_vehicle,0.3147,954.1,404.0,1025.0,447.4
1331,1,car,0.1933,954.1,404.0,1025.0,447.4
1331,0,person,0.1551,1031.1,401.1,1047.7,441.7
1332,1,car,0.7509,565.9,476.7,651.2,528.4
1332,1,car,0.7354,678.2,601.3,813.5,696.0
1332,1,car,0.6305,623.3,697.1,815.7,799.8
1332,2,large_vehicle,0.4987,1184.4,514.0,1336.2,595.7
1332,0,person,0.3707,1034.0,400.6,1049.3,440.8
1332,2,large_vehicle,0.3498,954.8,403.5,1025.3,447.4
1332,1,car,0.1741,954.8,403.5,1025.3,447.4
1332,0,person,0.1641,1031.0,401.1,1047.7,441.6
1333,1,car,0.7403,563.9,475.7,651.2,528.0
1333,1,car,0.7271,661.4,605.3,798.6,696.9
1333,1,car,0.6932,638.8,693.8,799.2,795.8
1333,2,large_vehicle,0.5672,1190.7,517.9,1267.8,588.5
1333,2,large_vehicle,0.3984,955.5,403.6,1026.4,447.4
1333,2,large_vehicle,0.3266,1190.8,512.9,1322.1,589.6
1333,0,person,0.2842,1030.4,401.0,1047.8,442.1
1333,0,person,0.2638,1033.3,400.5,1049.5,441.4
1333,1,car,0.1681,955.5,403.6,1026.4,447.4
1333,2,large_vehicle,0.1680,638.8,693.8,799.2,795.8
1333,2,large_vehicle,0.1272,1191.0,506.7,1342.0,590.7
1334,1,car,0.7357,563.8,475.7,651.1,528.0
1334,1,car,0.7218,661.7,605.3,798.5,696.9
1334,1,car,0.6982,638.8,693.8,799.3,795.9
1334,2,large_vehicle,0.5715,1190.7,518.0,1267.9,588.5
1334,2,large_vehicle,0.3748,955.9,403.6,1026.7,447.4
1334,2,large_vehicle,0.3095,1190.9,513.1,1320.0,589.7
1334,0,person,0.3023,1030.4,401.0,1047.7,442.3
1334,0,person,0.2576,1033.3,400.5,1049.4,441.5
1334,1,car,0.1887,955.9,403.6,1026.7,447.4
1334,2,large_vehicle,0.1596,638.8,693.8,799.3,795.9
1334,2,large_vehicle,0.1237,1191.1,506.8,1342.0,590.8
1335,1,car,0.7638,653.5,687.8,811.9,790.9
1335,1,car,0.7399,565.5,475.8,651.0,528.4
1335,1,car,0.7149,647.7,608.1,784.5,703.4
1335,2,large_vehicle,0.5580,1196.3,481.0,1336.5,588.5
1335,2,large_vehicle,0.3193,955.6,403.8,1026.5,447.4
1335,0,person,0.2930,1030.1,401.8,1047.4,442.0
1335,2,large_vehicle,0.1588,653.5,687.8,811.9,790.9
1335,0,person,0.1340,1033.1,401.8,1049.6,441.3
1335,1,car,0.1226,955.6,403.8,1026.5,447.4
1336,1,car,0.7660,653.5,687.8,811.9,791.0
1336,1,car,0.7414,565.5,475.8,651.0,528.4
1336,1,car,0.7165,647.7,608.1,784.5,703.4
1336,2,large_vehicle,0.5593,1196.3,481.1,1336.5,588.5
1336,2,large_vehicle,0.3200,955.6,403.8,1026.5,447.4
1336,0,person,0.2940,1030.1,401.9,1047.4,442.0
1336,2,large_vehicle,0.1559,653.5,687.8,811.9,791.0
1336,0,person,0.1358,1033.1,401.9,1049.6,441.3
1336,1,car,0.1228,955.6,403.8,1026.5,447.4
1337,1,car,0.7680,653.5,687.7,811.9,791.0
1337,1,car,0.7507,565.9,475.9,651.0,528.4
1337,1,car,0.7168,647.8,608.0,784.5,703.3
1337,2,large_vehicle,0.5075,1196.3,481.9,1336.4,588.2
1337,0,person,0.2769,1030.1,401.9,1047.3,442.0
1337,2,large_vehicle,0.2733,955.6,403.7,1026.5,447.3
1337,2,large_vehicle,0.1540,653.5,687.7,811.9,791.0
1337,0,person,0.1315,1033.1,402.0,1049.6,441.3
1337,1,car,0.1199,955.6,403.7,1026.5,447.3
1337,1,car,0.1119,542.3,472.3,609.3,511.3
1338,1,car,0.7847,667.5,685.4,825.4,785.4
1338,1,car,0.7611,632.0,611.3,769.2,707.7
1338,1,car,0.7579,562.0,475.9,651.5,528.5
1338,2,large_vehicle,0.4187,955.9,404.0,1027.1,447.4
1338,0,person,0.4077,1030.6,402.0,1046.4,441.2
1338,2,large_vehicle,0.3213,1201.1,514.9,1277.3,583.0
1338,1,car,0.2055,955.9,404.0,1027.1,447.4
1338,2,large_vehicle,0.1902,1199.0,484.6,1340.3,583.1
1338,2,large_vehicle,0.1385,667.5,685.4,825.4,785.4
1338,0,person,0.1306,1034.0,402.1,1048.6,440.4
1338,2,large_vehicle,0.1140,1200.8,503.9,1340.5,584.3
1338,2,large_vehicle,0.1053,632.0,611.3,769.2,707.7
1339,1,car,0.7985,667.3,685.0,825.4,785.9
1339,1,car,0.7630,562.3,476.1,651.3,528.5
1339,1,car,0.7542,631.7,611.2,769.2,707.8
1339,2,large_vehicle,0.4220,956.0,404.0,1027.1,447.4
1339,0,person,0.3968,1030.6,402.0,1046.6,441.4
1339,2,large_vehicle,0.3019,1201.1,514.9,1278.1,583.4
1339,2,large_vehicle,0.2771,1199.3,485.3,1340.5,583.6
1339,1,car,0.1970,956.0,404.0,1027.1,447.4
1339,0,person,0.1510,1033.9,402.0,1048.7,440.6
1339,2,large_vehicle,0.1177,667.3,685.0,825.4,785.9
1339,2,large_vehicle,0.1072,631.7,611.2,769.2,707.8
1340,1,car,0.7165,616.2,614.9,752.8,711.8
1340,1,car,0.7031,561.2,475.2,651.0,528.6
1340,1,car,0.5563,685.4,681.0,840.1,782.6
1340,2,large_vehicle,0.4506,955.3,403.4,1026.8,447.5
1340,0,person,0.3974,1029.2,401.1,1046.5,441.1
1340,2,large_vehicle,0.3897,685.4,681.0,840.1,782.6
1340,2,large_vehicle,0.3473,1202.5,507.7,1290.4,582.5
1340,1,car,0.1803,955.3,403.4,1026.8,447.5
1340,2,large_vehicle,0.1676,616.2,614.9,752.8,711.8
1341,1,car,0.7267,560.1,475.0,651.2,528.4
1341,1,car,0.7142,616.1,614.9,752.9,711.8
1341,1,car,0.5752,685.4,680.9,840.4,782.6
1341,2,large_vehicle,0.4102,955.3,403.2,1026.8,447.4
1341,0,person,0.3817,1029.4,401.3,1046.3,440.8
1341,2,large_vehicle,0.3667,685.4,680.9,840.4,782.6
1341,2,large_vehicle,0.3463,1202.1,507.4,1289.8,582.5
1341,1,car,0.1849,955.3,403.2,1026.8,447.4
1341,2,large_vehicle,0.1671,616.1,614.9,752.9,711.8
1341,2,large_vehicle,0.1005,1201.8,501.2,1331.4,583.6
1342,1,car,0.7216,560.8,475.1,651.2,528.4
1342,1,car,0.7185,616.2,614.9,752.7,711.8
1342,1,car,0.5816,685.4,680.9,840.3,782.6
1342,2,large_vehicle,0.4108,955.3,403.3,1026.8,447.4
1342,0,person,0.3677,1029.3,401.3,1046.3,441.0
1342,2,large_vehicle,0.3598,685.4,680.9,840.3,782.6
1342,2,large_vehicle,0.3452,1202.1,507.3,1290.2,582.5
1342,1,car,0.1812,955.3,403.3,1026.8,447.4
1342,2,large_vehicle,0.1625,616.2,614.9,752.7,711.8
1343,1,car,0.7914,600.2,616.7,738.9,717.0
1343,2,large_vehicle,0.6679,1208.9,479.4,1342.0,581.7
1343,1,car,0.6614,557.1,474.5,651.3,528.8
1343,1,car,0.5912,697.9,677.6,865.0,779.3
1343,0,person,0.4365,1029.6,401.6,1045.7,440.5
1343,2,large_vehicle,0.4218,955.7,403.1,1025.3,447.6
1343,2,large_vehicle,0.3135,697.9,677.6,865.0,779.3
1343,1,car,0.1425,955.7,403.1,1025.3,447.6
1343,2,large_vehicle,0.1142,600.2,616.7,738.9,717.0
1344,1,car,0.7600,585.2,620.3,723.3,720.7
1344,1,car,0.6690,713.5,671.7,888.9,773.7
1344,1,car,0.5401,558.5,475.3,650.9,528.9
1344,0,person,0.5378,1029.4,402.0,1046.0,441.8
1344,2,large_vehicle,0.4537,956.0,403.0,1024.7,447.5
1344,2,large_vehicle,0.2561,713.5,671.7,888.9,773.7
1344,0,person,0.1622,1197.0,500.4,1218.5,561.5
1344,1,car,0.1419,956.0,403.0,1024.7,447.5
1344,2,large_vehicle,0.1329,585.2,620.3,723.3,720.7
1344,0,person,0.1066,1198.1,500.1,1220.6,563.2
1344,2,large_vehicle,0.1052,1213.5,477.8,1338.2,579.3
1345,1,car,0.7590,585.2,620.3,723.3,720.7
1345,1,car,0.6687,713.5,671.7,888.9,773.7
1345,0,person,0.5393,1029.4,402.0,1046.0,441.8
1345,1,car,0.5389,558.6,475.3,650.9,528.9
1345,2,large_vehicle,0.4522,956.0,403.0,1024.7,447.5
1345,2,large_vehicle,0.2565,713.5,671.7,888.9,773.7
1345,0,person,0.1593,1197.0,500.4,1218.5,561.5
1345,1,car,0.1420,956.0,403.0,1024.7,447.5
1345,2,large_vehicle,0.1342,585.2,620.3,723.3,720.7
1345,0,person,0.1075,1198.1,500.1,1220.6,563.2
1345,2,large_vehicle,0.1068,1213.5,477.8,1338.3,579.3
1346,1,car,0.7614,585.1,620.4,723.2,720.7
1346,1,car,0.6428,713.5,671.7,888.8,773.8
1346,1,car,0.5851,560.8,475.6,651.0,529.0
1346,0,person,0.5293,1029.4,402.0,1045.9,441.7
1346,2,large_vehicle,0.3591,955.1,403.0,1024.6,447.5
1346,2,large_vehicle,0.2853,713.5,671.7,888.8,773.8
1346,1,car,0.1470,955.1,403.0,1024.6,447.5
1346,0,person,0.1454,1197.1,500.4,1218.5,561.3
1346,2,large_vehicle,0.1333,585.1,620.4,723.2,720.7
1346,2,large_vehicle,0.1058,1213.4,477.9,1338.6,579.3
1347,1,car,0.7962,568.4,624.3,712.3,723.9
1347,1,car,0.7454,728.8,667.5,886.3,768.3
1347,1,car,0.6936,564.2,476.6,651.2,528.1
1347,0,person,0.5778,1028.9,401.9,1045.0,442.3
1347,2,large_vehicle,0.5312,954.4,403.1,1025.0,447.4
1347,0,person,0.2747,1197.2,498.1,1218.1,560.1
1347,2,large_vehicle,0.2651,1221.6,484.2,1340.2,577.2
1347,2,large_vehicle,0.1509,728.8,667.5,886.3,768.3
1348,1,car,0.7950,568.4,624.2,712.0,723.9
1348,1,car,0.7522,728.9,667.6,886.6,768.2
1348,1,car,0.7126,564.8,476.7,651.2,528.3
1348,0,person,0.5765,1028.9,401.9,1044.9,442.3
1348,2,large_vehicle,0.5050,954.3,403.1,1025.2,447.4
1348,0,person,0.2599,1197.2,498.2,1218.1,560.1
1348,2,large_vehicle,0.2467,1221.6,481.4,1339.3,577.0
1348,2,large_vehicle,0.1443,728.9,667.6,886.6,768.2
1349,1,car,0.7566,554.9,628.4,693.1,727.3
1349,1,car,0.7052,743.9,664.2,901.8,765.6
1349,1,car,0.6931,562.6,476.1,650.9,527.5
1349,0,person,0.6136,1028.0,402.8,1043.5,441.9
1349,2,large_vehicle,0.4416,954.5,403.4,1026.1,447.5
1349,0,person,0.4263,1197.7,499.0,1219.9,560.7
1349,1,car,0.2113,954.5,403.4,1026.1,447.5
1349,2,large_vehicle,0.1593,743.9,664.2,901.8,765.6
1350,1,car,0.7587,554.9,628.4,692.9,727.3
1350,1,car,0.7161,563.2,476.2,650.9,527.9
1350,1,car,0.6986,743.9,664.2,902.5,765.6
1350,0,person,0.5840,1027.9,403.0,1043.5,442.0
1350,0,person,0.4598,1197.6,498.7,1219.9,560.7
1350,2,large_vehicle,0.4368,954.6,403.4,1026.2,447.4
1350,1,car,0.2175,954.6,403.4,1026.2,447.4
1350,2,large_vehicle,0.1682,743.9,664.2,902.5,765.6
1351,1,car,0.7524,554.9,628.4,693.2,727.3
1351,1,car,0.7096,562.1,476.2,650.8,527.6
1351,1,car,0.7030,743.9,664.2,902.2,765.7
1351,0,person,0.5952,1027.9,403.0,1043.3,441.8
1351,2,large_vehicle,0.4550,954.6,403.4,1026.0,447.4
1351,0,person,0.4507,1197.6,498.8,1219.8,560.7
1351,1,car,0.2051,954.6,403.4,1026.0,447.4
1351,2,large_vehicle,0.1602,743.9,664.2,902.2,765.7
1352,1,car,0.7744,539.5,631.5,678.1,729.2
1352,1,car,0.7082,757.1,659.1,916.9,759.7
1352,1,car,0.6945,561.3,475.4,651.1,528.3
1352,0,person,0.5934,1028.1,402.9,1043.1,442.1
1352,2,large_vehicle,0.4159,955.2,403.2,1027.7,447.5
1352,0,person,0.3485,1197.6,500.9,1220.2,560.6
1352,1,car,0.2097,955.2,403.2,1027.7,447.5
1352,1,car,0.1103,1230.3,508.8,1290.4,566.1
1352,1,car,0.1046,1229.7,493.3,1329.0,567.2
1353,1,car,0.7696,539.5,631.6,678.1,729.2
1353,1,car,0.7100,757.1,659.1,918.2,759.8
1353,1,car,0.6892,561.8,475.3,651.0,528.3
1353,0,person,0.5902,1027.9,402.8,1042.7,441.9
1353,2,large_vehicle,0.3938,955.4,402.9,1028.2,447.5
1353,0,person,0.2747,1198.0,500.8,1220.2,560.6
1353,1,car,0.1941,955.4,402.9,1028.2,447.5
1353,1,car,0.1059,1230.6,508.8,1290.2,566.2
1354,1,car,0.7569,563.4,476.0,651.0,528.6
1354,1,car,0.7022,523.5,634.6,661.3,732.5
1354,1,car,0.6895,773.6,655.8,941.7,755.2
1354,0,person,0.5899,1026.9,404.0,1042.1,443.1
1354,2,large_vehicle,0.3908,955.8,402.9,1027.5,447.3
1354,0,person,0.2808,1197.8,501.7,1219.8,560.3
1355,1,car,0.7484,563.1,476.0,650.9,528.6
1355,1,car,0.7357,523.4,634.6,661.4,732.5
1355,1,car,0.6918,773.6,655.9,941.7,755.2
1355,0,person,0.5920,1027.1,404.1,1042.1,443.0
1355,2,large_vehicle,0.2743,955.3,402.9,1027.9,447.3
1355,0,person,0.2388,1197.9,502.3,1219.8,560.4
1355,2,large_vehicle,0.1014,773.6,655.9,941.7,755.2
1356,1,car,0.7453,563.5,476.1,650.9,528.6
1356,1,car,0.6988,773.5,655.9,941.8,755.2
1356,1,car,0.6662,523.4,634.5,661.4,732.5
1356,0,person,0.6375,1027.1,403.9,1042.2,443.0
1356,2,large_vehicle,0.3810,955.1,403.1,1027.4,447.3
1356,0,person,0.3115,1197.8,501.4,1219.8,560.5
1356,1,car,0.1189,955.1,403.1,1027.4,447.3
1356,1,car,0.1038,523.2,634.7,661.5,732.4
1356,2,large_vehicle,0.1008,773.5,655.9,941.8,755.2
1357,1,car,0.8249,507.8,638.8,646.1,735.9
1357,1,car,0.7267,562.0,475.5,651.2,528.3
1357,0,person,0.6719,1026.2,404.3,1041.2,443.6
1357,0,person,0.5133,1197.3,500.3,1220.0,560.6
1357,1,car,0.4497,787.8,653.0,952.2,750.6
1357,2,large_vehicle,0.3069,955.4,402.8,1029.5,447.4
1357,2,large_vehicle,0.2590,787.8,653.0,952.2,750.6
1358,1,car,0.8247,507.8,638.8,646.1,735.9
1358,1,car,0.7147,561.8,475.3,651.2,528.3
1358,0,person,0.6713,1026.2,404.2,1041.2,443.5
1358,0,person,0.5136,1197.3,500.6,1220.1,560.6
1358,1,car,0.4636,787.8,653.0,952.2,750.5
1358,2,large_vehicle,0.3447,954.9,403.0,1029.5,447.5
1358,2,large_vehicle,0.2513,787.8,653.0,952.2,750.5
1358,1,car,0.1050,954.9,403.0,1029.5,447.5
1359,1,car,0.8028,493.8,641.8,632.6,740.5
1359,1,car,0.6549,561.1,475.7,651.0,527.9
1359,1,car,0.5489,801.5,648.4,950.7,746.7
1359,0,person,0.4637,1025.7,404.2,1040.7,442.0
1359,0,person,0.4594,1197.8,499.9,1219.8,560.8
1359,2,large_vehicle,0.4226,954.8,403.2,1027.7,447.3
1359,1,car,0.1764,954.8,403.2,1027.7,447.3
1359,2,large_vehicle,0.1746,801.5,648.4,950.7,746.7
1359,0,person,0.1157,1196.7,500.1,1218.1,560.8
1360,1,car,0.8029,493.8,641.8,632.6,740.5
1360,1,car,0.6528,561.3,475.7,651.0,527.9
1360,1,car,0.5494,801.5,648.4,950.7,746.7
1360,0,person,0.4580,1025.7,404.3,1040.7,442.0
1360,0,person,0.4559,1197.8,500.1,1219.9,560.8
1360,2,large_vehicle,0.4253,954.8,403.3,1027.7,447.3
1360,1,car,0.1754,954.8,403.3,1027.7,447.3
1360,2,large_vehicle,0.1744,801.5,648.4,950.7,746.7
1360,0,person,0.1104,1196.7,500.2,1218.1,560.8
1361,1,car,0.8032,493.8,641.8,632.6,740.5
1361,1,car,0.6729,563.0,476.0,651.1,527.9
1361,1,car,0.5554,801.6,648.4,950.7,746.7
1361,0,person,0.4621,1197.7,499.9,1219.8,560.7
1361,0,person,0.4512,1025.7,404.2,1040.7,442.0
1361,2,large_vehicle,0.4180,954.8,403.6,1027.5,447.4
1361,1,car,0.1976,954.8,403.6,1027.5,447.4
1361,2,large_vehicle,0.1702,801.6,648.4,950.7,746.7
1361,0,person,0.1414,1196.8,500.1,1218.2,560.7
1362,1,car,0.7146,567.0,476.4,651.1,528.1
1362,1,car,0.7016,478.2,645.0,615.2,743.4
1362,1,car,0.6353,814.5,644.9,968.1,742.5
1362,0,person,0.4697,1197.4,500.0,1220.0,560.6
1362,0,person,0.4419,1025.3,403.7,1039.7,442.5
1362,2,large_vehicle,0.4391,956.0,403.2,1027.9,447.1
1362,1,car,0.1735,956.0,403.2,1027.9,447.1
1362,2,large_vehicle,0.1214,814.5,644.9,968.1,742.5
1362,2,large_vehicle,0.1193,478.2,645.0,615.2,743.4
1363,1,car,0.7006,567.0,476.4,651.1,528.0
1363,1,car,0.7001,478.4,645.1,615.2,743.5
1363,1,car,0.6424,814.6,644.7,968.0,742.0
1363,0,person,0.4366,1197.5,500.1,1220.0,560.6
1363,2,large_vehicle,0.4270,956.0,403.2,1028.4,447.1
1363,0,person,0.4165,1025.2,403.5,1039.6,442.2
1363,1,car,0.1936,956.0,403.2,1028.4,447.1
1363,2,large_vehicle,0.1241,478.4,645.1,615.2,743.5
1363,2,large_vehicle,0.1142,814.6,644.7,968.0,742.0
1364,1,car,0.7539,563.0,475.8,650.8,528.5
1364,1,car,0.7492,464.1,649.5,599.3,745.6
1364,1,car,0.6791,828.9,640.8,980.4,735.6
1364,0,person,0.6040,1197.1,499.4,1220.1,560.6
1364,0,person,0.4939,1024.6,403.4,1040.3,443.6
1364,2,large_vehicle,0.2565,955.2,403.1,1028.5,447.4
1364,1,car,0.1308,955.2,403.1,1028.5,447.4
1364,2,large_vehicle,0.1071,464.1,649.5,599.3,745.6
1365,1,car,0.7602,563.3,476.2,650.8,528.3
1365,1,car,0.7513,464.1,649.5,599.2,745.6
1365,1,car,0.6895,828.9,640.8,980.7,735.6
1365,0,person,0.5909,1197.0,499.4,1220.1,560.7
1365,0,person,0.4832,1024.6,403.0,1040.3,443.8
1365,2,large_vehicle,0.2659,954.8,403.2,1028.7,447.3
1365,1,car,0.1096,954.8,403.2,1028.7,447.3
1365,2,large_vehicle,0.1032,464.1,649.5,599.2,745.6
1366,1,car,0.7606,563.2,476.1,650.9,528.5
1366,1,car,0.7530,464.1,649.5,599.2,745.6
1366,1,car,0.6920,828.9,640.8,980.7,735.6
1366,0,person,0.6030,1197.1,499.3,1220.1,560.6
1366,0,person,0.5388,1024.7,403.1,1040.5,443.6
1366,2,large_vehicle,0.2602,954.8,403.2,1028.4,447.4
1366,1,car,0.1150,954.8,403.2,1028.4,447.4
1366,2,large_vehicle,0.1025,464.1,649.5,599.2,745.6
1367,1,car,0.7253,561.9,476.0,651.2,528.6
1367,1,car,0.6828,448.8,652.2,587.5,749.1
1367,0,person,0.6191,1197.0,500.8,1220.8,561.0
1367,1,car,0.5417,841.7,635.3,987.2,734.6
1367,0,person,0.4011,1024.0,403.9,1038.8,444.6
1367,2,large_vehicle,0.2799,955.1,403.2,1029.1,447.3
1367,2,large_vehicle,0.1406,448.8,652.2,587.5,749.1
1367,1,car,0.1029,955.1,403.2,1029.1,447.3
1368,1,car,0.7674,433.5,655.6,570.7,751.4
1368,1,car,0.6993,564.0,475.7,651.3,527.6
1368,1,car,0.3192,856.2,631.6,998.6,729.1
1368,2,large_vehicle,0.2831,954.6,403.5,1029.6,447.3
1368,0,person,0.2684,1024.1,404.3,1039.2,446.8
1368,0,person,0.2517,1197.7,502.0,1220.2,560.5
1368,1,car,0.1953,954.6,403.5,1029.6,447.3
1368,2,large_vehicle,0.1398,433.5,655.6,570.7,751.4
1368,2,large_vehicle,0.1132,856.2,631.6,998.6,729.1
1369,1,car,0.7673,433.5,655.6,570.7,751.4
1369,1,car,0.6981,564.1,475.7,651.3,527.6
1369,1,car,0.3164,856.2,631.6,998.7,729.0
1369,2,large_vehicle,0.2967,954.6,403.6,1029.3,447.3
1369,0,person,0.2699,1024.2,404.3,1039.2,446.8
1369,0,person,0.2489,1197.7,501.8,1220.2,560.5
1369,1,car,0.2080,954.6,403.6,1029.3,447.3
1369,2,large_vehicle,0.1397,433.5,655.6,570.7,751.4
1369,2,large_vehicle,0.1128,856.2,631.6,998.7,729.0
1370,1,car,0.7696,433.4,655.6,570.8,751.4
1370,1,car,0.6894,564.8,475.9,651.3,527.6
1370,0,person,0.3310,1197.4,500.2,1220.3,560.4
1370,1,car,0.2848,856.2,631.7,998.4,729.0
1370,0,person,0.2783,1024.1,404.4,1039.2,446.8
1370,2,large_vehicle,0.2746,954.5,403.6,1030.1,447.4
1370,1,car,0.2156,954.5,403.6,1030.1,447.4
1370,2,large_vehicle,0.1360,433.4,655.6,570.8,751.4
1371,1,car,0.8194,419.1,658.2,554.3,753.1
1371,1,car,0.6614,565.4,476.1,650.7,528.1
1371,1,car,0.4747,868.3,628.7,1013.9,725.6
1371,0,person,0.4190,1023.3,403.7,1041.0,446.9
1371,2,large_vehicle,0.2739,956.3,403.4,1027.8,447.4
1371,1,car,0.1332,956.3,403.4,1027.8,447.4
1372,1,car,0.8098,419.1,658.1,554.3,753.1
1372,1,car,0.6652,565.4,476.1,650.7,528.1
1372,1,car,0.4438,868.3,628.7,1014.0,725.6
1372,0,person,0.4091,1023.0,402.4,1038.7,446.8
1372,2,large_vehicle,0.2995,956.4,403.4,1027.0,447.4
1372,1,car,0.1406,956.4,403.4,1027.0,447.4
1373,1,car,0.6600,553.4,475.3,650.6,528.2
1373,1,car,0.5506,405.6,661.5,537.1,756.4
1373,0,person,0.4572,1021.8,403.0,1038.8,447.4
1373,2,large_vehicle,0.3464,955.3,403.7,1026.4,447.5
1373,1,car,0.3337,882.0,624.3,1027.5,721.2
1373,1,car,0.1467,955.3,403.7,1026.4,447.5
1374,1,car,0.6705,552.7,475.4,650.6,528.3
1374,1,car,0.5496,405.6,661.5,537.2,756.4
1374,0,person,0.5267,1021.7,403.2,1039.3,447.4
1374,2,large_vehicle,0.3869,955.7,403.5,1026.1,447.5
1374,1,car,0.3152,882.1,624.3,1027.6,721.2
1374,1,car,0.1428,955.7,403.5,1026.1,447.5
1375,1,car,0.6621,553.3,475.5,650.6,528.3
1375,1,car,0.5396,405.6,661.5,537.1,756.4
1375,0,person,0.5316,1021.6,403.1,1039.5,447.5
1375,2,large_vehicle,0.3973,955.7,403.6,1026.0,447.5
1375,1,car,0.3032,882.0,624.3,1027.6,721.3
1375,1,car,0.1430,955.7,403.6,1026.0,447.5
1376,1,car,0.6964,565.0,476.9,651.2,528.5
1376,1,car,0.6238,391.2,664.4,522.3,757.4
1376,1,car,0.6113,894.2,620.3,1037.4,714.4
1376,0,person,0.4388,1196.8,499.5,1220.8,560.5
1376,2,large_vehicle,0.3086,955.4,403.5,1029.5,447.4
1376,0,person,0.2387,1019.5,404.9,1036.2,445.6
1376,2,large_vehicle,0.2097,894.2,620.3,1037.4,714.4
1376,1,car,0.1953,955.4,403.5,1029.5,447.4
1376,0,person,0.1490,1022.3,404.2,1038.2,445.9
1376,2,large_vehicle,0.1461,391.2,664.4,522.3,757.4
1377,1,car,0.7049,564.2,476.8,651.4,528.3
1377,1,car,0.6191,391.1,664.3,522.6,757.4
1377,1,car,0.6150,894.1,620.4,1037.6,714.4
1377,0,person,0.4049,1196.8,500.0,1220.7,560.6
1377,2,large_vehicle,0.3510,955.9,403.6,1030.3,447.4
1377,0,person,0.2572,1022.3,404.4,1037.2,445.6
1377,1,car,0.2404,955.9,403.6,1030.3,447.4
1377,2,large_vehicle,0.2189,894.1,620.4,1037.6,714.4
1377,0,person,0.1627,1020.3,404.4,1035.1,444.7
1377,2,large_vehicle,0.1484,391.1,664.3,522.6,757.4
1377,0,person,0.1213,1019.6,404.9,1036.3,445.3
1378,1,car,0.7640,377.8,667.2,508.2,759.2
1378,1,car,0.7060,561.4,476.7,651.3,527.3
1378,1,car,0.5447,906.5,617.1,1042.7,708.2
1378,2,large_vehicle,0.3546,955.0,403.7,1030.0,447.4
1378,2,large_vehicle,0.2973,906.5,617.1,1042.7,708.2
1378,1,car,0.1977,955.0,403.7,1030.0,447.4
1378,0,person,0.1625,1022.6,405.6,1037.4,444.7
1378,0,person,0.1491,1020.4,405.3,1034.6,443.7
1379,1,car,0.7645,377.7,667.3,508.2,759.1
1379,1,car,0.7077,561.7,476.4,651.2,527.4
1379,1,car,0.5361,906.5,617.1,1042.7,708.2
1379,2,large_vehicle,0.3480,954.9,403.8,1029.9,447.4
1379,2,large_vehicle,0.3083,906.5,617.1,1042.7,708.2
1379,1,car,0.2243,954.9,403.8,1029.9,447.4
1379,0,person,0.1768,1022.5,405.5,1037.5,445.1
1379,0,person,0.1734,1020.4,405.2,1034.7,444.0
1380,1,car,0.7659,377.8,667.2,508.2,759.2
1380,1,car,0.6924,562.8,476.5,651.2,527.5
1380,1,car,0.5394,906.5,617.0,1042.7,708.2
1380,2,large_vehicle,0.3141,955.1,403.6,1030.2,447.4
1380,2,large_vehicle,0.3012,906.5,617.0,1042.7,708.2
1380,0,person,0.2300,1022.4,405.7,1037.8,445.6
1380,1,car,0.2052,955.1,403.6,1030.2,447.4
1380,0,person,0.1582,1020.6,405.2,1034.7,444.0
1381,1,car,0.7542,363.8,671.1,492.0,764.0
1381,1,car,0.6471,567.0,476.9,651.3,527.7
1381,1,car,0.6357,918.1,614.0,1055.8,704.7
1381,2,large_vehicle,0.3720,955.6,403.3,1030.0,447.4
1381,0,person,0.2549,1196.4,512.3,1216.3,559.9
1381,2,large_vehicle,0.2499,918.1,614.0,1055.8,704.7
1381,1,car,0.2161,955.6,403.3,1030.0,447.4
1382,1,car,0.7563,363.8,671.1,492.1,764.0
1382,1,car,0.6738,566.5,476.8,651.1,527.8
1382,1,car,0.6344,918.1,613.9,1055.9,704.7
1382,2,large_vehicle,0.3520,955.6,403.2,1030.3,447.4
1382,2,large_vehicle,0.2495,918.1,613.9,1055.9,704.7
1382,0,person,0.2432,1196.4,512.1,1216.5,559.8
1382,1,car,0.1996,955.6,403.2,1030.3,447.4
1383,1,car,0.7383,925.9,610.9,1062.0,700.8
1383,1,car,0.7365,562.0,476.4,650.8,527.8
1383,1,car,0.6987,349.7,674.2,477.5,766.7
1383,0,person,0.3453,1196.8,514.0,1215.3,560.0
1383,2,large_vehicle,0.2266,955.6,403.7,1031.7,447.2
1383,1,car,0.2041,955.6,403.7,1031.7,447.2
1383,1,car,0.1310,1183.5,476.3,1278.1,530.9
1383,2,large_vehicle,0.1047,925.9,610.9,1062.0,700.8
1384,1,car,0.7375,925.9,610.8,1062.0,700.8
1384,1,car,0.7362,561.8,476.3,650.8,527.9
1384,1,car,0.6996,349.7,674.2,477.5,766.7
1384,0,person,0.3509,1196.8,513.9,1215.4,560.0
1384,2,large_vehicle,0.2212,955.5,403.7,1031.7,447.2
1384,1,car,0.2033,955.5,403.7,1031.7,447.2
1384,1,car,0.1121,1183.5,476.1,1278.6,530.9
1384,2,large_vehicle,0.1046,925.9,610.8,1062.0,700.8
1385,1,car,0.7316,562.1,476.3,650.8,527.9
1385,1,car,0.7262,926.5,610.9,1061.8,700.9
1385,1,car,0.6905,349.7,674.2,477.5,766.7
1385,0,person,0.3265,1196.8,513.8,1215.3,560.0
1385,1,car,0.1919,955.0,403.9,1031.5,447.2
1385,2,large_vehicle,0.1834,955.0,403.9,1031.5,447.2
1385,2,large_vehicle,0.1200,926.5,610.9,1061.8,700.9
1386,1,car,0.7508,564.6,476.7,652.2,527.7
1386,1,car,0.5468,943.6,605.7,1074.3,698.2
1386,1,car,0.5113,337.9,676.0,463.7,768.0
1386,1,car,0.4707,1178.9,471.8,1276.9,533.1
1386,2,large_vehicle,0.3441,955.4,403.9,1031.0,447.4
1386,2,large_vehicle,0.3374,337.9,676.0,463.7,768.0
1386,2,large_vehicle,0.2750,943.6,605.7,1074.3,698.2
1386,0,person,0.2671,1197.6,515.3,1215.6,560.0
1386,1,car,0.2458,955.4,403.9,1031.0,447.4
1386,0,person,0.1180,1019.0,402.2,1033.4,443.0
1386,2,large_vehicle,0.1176,1178.9,471.8,1276.9,533.1
1387,1,car,0.7485,564.3,476.6,652.2,527.7
1387,1,car,0.5748,943.7,605.7,1074.5,698.4
1387,1,car,0.5170,338.3,676.0,463.8,767.9
1387,1,car,0.4777,1178.8,470.9,1279.3,533.3
1387,2,large_vehicle,0.3065,955.4,403.8,1031.1,447.3
1387,2,large_vehicle,0.2916,338.3,676.0,463.8,767.9
1387,1,car,0.2478,955.4,403.8,1031.1,447.3
1387,2,large_vehicle,0.2238,943.7,605.7,1074.5,698.4
1387,0,person,0.1194,1019.1,402.5,1033.4,443.3
1387,0,person,0.1020,1197.3,514.2,1215.2,559.7
1388,1,car,0.7032,566.5,476.9,651.4,527.6
1388,1,car,0.6132,323.8,677.9,448.8,768.8
1388,1,car,0.5448,954.6,602.5,1082.4,693.9
1388,1,car,0.4449,1172.5,468.3,1265.1,534.7
1388,2,large_vehicle,0.3744,954.8,404.2,1030.3,447.4
1388,1,car,0.2924,954.8,404.2,1030.3,447.4
1388,2,large_vehicle,0.2227,323.8,677.9,448.8,768.8
1388,2,large_vehicle,0.1845,954.6,602.5,1082.4,693.9
1388,2,large_vehicle,0.1044,1172.5,468.3,1265.1,534.7
1389,1,car,0.7282,565.6,477.0,651.4,527.6
1389,1,car,0.6194,323.8,677.9,448.8,768.8
1389,1,car,0.5588,954.6,602.6,1082.9,693.9
1389,1,car,0.4719,1172.5,468.9,1264.6,534.7
1389,2,large_vehicle,0.3921,955.1,404.1,1029.9,447.4
1389,1,car,0.2597,955.1,404.1,1029.9,447.4
1389,2,large_vehicle,0.2128,323.8,677.9,448.8,768.8
1389,2,large_vehicle,0.1829,954.6,602.6,1082.9,693.9
1389,0,person,0.1339,1018.5,402.2,1032.8,442.0
1390,1,car,0.7132,566.3,477.1,651.4,527.6
1390,1,car,0.6159,323.8,677.9,448.8,768.9
1390,1,car,0.5526,954.6,602.6,1082.9,693.9
1390,1,car,0.4713,1172.5,468.9,1264.7,534.7
1390,2,large_vehicle,0.3901,955.0,404.2,1030.4,447.4
1390,1,car,0.2638,955.0,404.2,1030.4,447.4
1390,2,large_vehicle,0.2154,323.8,677.9,448.8,768.9
1390,2,large_vehicle,0.1858,954.6,602.6,1082.9,693.9
1391,1,car,0.6267,1167.2,476.0,1253.6,537.5
1391,1,car,0.6221,966.6,599.7,1089.3,688.4
1391,1,car,0.5013,314.0,682.7,433.2,773.5
1391,1,car,0.4469,569.9,476.9,651.7,527.7
1391,2,large_vehicle,0.3244,955.7,403.7,1030.8,447.4
1391,1,car,0.2314,955.7,403.7,1030.8,447.4
1391,2,large_vehicle,0.1829,966.6,599.7,1089.3,688.4
1391,2,large_vehicle,0.1819,314.0,682.7,433.2,773.5
1391,1,car,0.1347,569.7,476.8,650.9,527.8
1391,0,person,0.1112,1018.2,404.0,1032.4,443.4
1392,1,car,0.7428,1161.9,482.2,1245.6,539.0
1392,1,car,0.7179,564.8,476.6,651.2,527.8
1392,1,car,0.6403,298.8,684.2,419.6,773.4
1392,1,car,0.4535,976.8,596.9,1100.5,683.3
1392,2,large_vehicle,0.4287,955.9,404.1,1030.4,447.1
1392,2,large_vehicle,0.3085,976.8,596.9,1100.5,683.3
1392,1,car,0.2220,955.9,404.1,1030.4,447.1
1392,2,large_vehicle,0.1946,298.8,684.2,419.6,773.4
1393,1,car,0.7405,1161.9,482.1,1245.7,539.0
1393,1,car,0.7192,564.7,476.6,651.2,527.8
1393,1,car,0.6432,298.8,684.2,419.6,773.4
1393,1,car,0.4545,976.8,596.9,1100.5,683.3
1393,2,large_vehicle,0.4275,955.9,404.1,1030.4,447.1
1393,2,large_vehicle,0.3079,976.8,596.9,1100.5,683.3
1393,1,car,0.2244,955.9,404.1,1030.4,447.1
1393,2,large_vehicle,0.1916,298.8,684.2,419.6,773.4
1394,1,car,0.7422,1161.9,482.0,1245.4,539.0
1394,1,car,0.7078,565.1,476.5,650.9,527.8
1394,1,car,0.6462,298.7,684.2,419.6,773.2
1394,1,car,0.4435,976.9,597.0,1100.6,683.3
1394,2,large_vehicle,0.3826,955.4,404.1,1030.4,447.1
1394,2,large_vehicle,0.3123,976.9,597.0,1100.6,683.3
1394,1,car,0.2264,955.4,404.1,1030.4,447.1
1394,2,large_vehicle,0.1888,298.7,684.2,419.6,773.2
1395,1,car,0.7550,1155.6,482.6,1241.9,542.2
1395,1,car,0.6757,567.7,477.5,652.0,527.9
1395,1,car,0.6043,288.3,687.4,406.5,775.4
1395,1,car,0.4966,987.9,593.5,1108.0,679.1
1395,2,large_vehicle,0.4763,955.6,404.3,1029.5,447.4
1395,2,large_vehicle,0.3796,987.9,593.5,1108.0,679.1
1395,2,large_vehicle,0.2847,288.3,687.4,406.5,775.4
1395,1,car,0.2831,955.6,404.3,1029.5,447.4
1395,1,car,0.1931,568.9,477.3,652.0,528.1
1395,1,car,0.1017,541.5,469.6,600.1,508.6
1396,1,car,0.7609,1155.6,482.8,1241.5,542.2
1396,1,car,0.6290,568.0,477.4,652.0,527.8
1396,1,car,0.6033,288.3,687.3,406.6,775.5
1396,1,car,0.4962,987.9,593.5,1108.2,679.2
1396,2,large_vehicle,0.4767,955.6,404.3,1029.5,447.4
1396,2,large_vehicle,0.3817,987.9,593.5,1108.2,679.2
1396,2,large_vehicle,0.2846,288.3,687.3,406.6,775.5
1396,1,car,0.2828,955.6,404.3,1029.5,447.4
1396,1,car,0.2297,569.2,477.1,652.0,528.0
1397,1,car,0.6814,1149.5,484.3,1236.1,544.2
1397,1,car,0.6565,999.1,590.4,1116.4,673.8
1397,1,car,0.6537,569.0,477.0,651.2,527.7
1397,2,large_vehicle,0.3900,954.4,404.3,1029.6,447.1
1397,1,car,0.3786,276.7,689.3,391.1,776.1
1397,1,car,0.3607,954.4,404.3,1029.6,447.1
1397,2,large_vehicle,0.2688,276.7,689.3,391.1,776.1
1397,1,car,0.2133,569.2,477.2,650.9,527.8
1397,2,large_vehicle,0.1546,999.1,590.4,1116.4,673.8
1397,2,large_vehicle,0.1078,1149.5,484.3,1236.1,544.2
1398,1,car,0.6903,1149.5,484.2,1236.5,544.2
1398,1,car,0.6769,568.8,476.9,651.2,527.7
1398,1,car,0.6482,999.1,590.4,1116.3,673.8
1398,2,large_vehicle,0.4005,954.4,404.3,1029.8,447.1
1398,1,car,0.3883,276.6,689.2,391.2,776.1
1398,1,car,0.3553,954.4,404.3,1029.8,447.1
1398,2,large_vehicle,0.2822,276.6,689.2,391.2,776.1
1398,1,car,0.1924,569.3,477.2,651.0,527.8
1398,2,large_vehicle,0.1608,999.1,590.4,1116.3,673.8
1398,2,large_vehicle,0.1011,1149.5,484.2,1236.5,544.2
1399,1,car,0.6921,1149.5,484.2,1236.4,544.2
1399,1,car,0.6506,999.1,590.3,1116.3,673.8
1399,1,car,0.6190,568.9,477.0,651.1,527.5
1399,2,large_vehicle,0.4030,954.4,404.3,1029.7,447.1
1399,1,car,0.3893,276.6,689.2,391.2,776.1
1399,1,car,0.3495,954.4,404.3,1029.7,447.1
1399,2,large_vehicle,0.2797,276.6,689.2,391.2,776.1
1399,2,large_vehicle,0.1580,999.1,590.3,1116.3,673.8
1399,1,car,0.1464,569.6,477.5,651.0,527.8
1400,1,car,0.7237,1009.1,586.9,1123.6,671.2
1400,1,car,0.6745,568.3,477.0,651.3,527.7
1400,1,car,0.6185,265.0,692.2,378.5,777.3
1400,1,car,0.6105,1143.6,485.8,1231.4,547.1
1400,2,large_vehicle,0.3613,955.8,403.7,1029.1,447.1
1400,1,car,0.3514,955.8,403.7,1029.1,447.1
1400,1,car,0.2042,569.5,477.7,651.6,527.9
1400,2,large_vehicle,0.1626,1143.6,485.8,1231.4,547.1
1400,2,large_vehicle,0.1269,1009.1,586.9,1123.6,671.2
1401,1,car,0.7394,1009.1,586.8,1123.7,671.2
1401,1,car,0.6135,265.0,692.2,378.6,777.3
1401,1,car,0.6125,1143.6,485.7,1231.9,547.1
1401,1,car,0.5961,568.7,476.9,651.3,527.8
1401,2,large_vehicle,0.3628,956.0,403.7,1029.1,447.1
1401,1,car,0.3388,956.0,403.7,1029.1,447.1
1401,1,car,0.2566,570.0,477.3,651.6,527.9
1401,2,large_vehicle,0.1638,1143.6,485.7,1231.9,547.1
1401,2,large_vehicle,0.1206,1009.1,586.8,1123.7,671.2
1402,1,car,0.7901,1019.0,582.8,1133.5,667.9
1402,1,car,0.7618,1137.4,488.8,1219.9,549.6
1402,1,car,0.7434,566.2,476.9,650.6,527.8
1402,1,car,0.3942,253.4,694.6,365.0,779.1
1402,2,large_vehicle,0.3821,955.5,403.6,1028.7,447.2
1402,0,person,0.3151,1198.3,513.3,1215.6,560.2
1402,1,car,0.3103,955.5,403.6,1028.7,447.2
1403,1,car,0.7868,1019.1,582.9,1133.5,667.9
1403,1,car,0.7611,1137.4,488.8,1219.9,549.6
1403,1,car,0.7350,565.9,476.8,650.6,527.9
1403,1,car,0.3851,253.3,694.5,365.0,779.2
1403,2,large_vehicle,0.3500,955.3,403.6,1028.6,447.2
1403,1,car,0.3162,955.3,403.6,1028.6,447.2
1403,0,person,0.2732,1198.3,513.3,1215.6,560.1
1404,1,car,0.7961,1019.0,582.8,1133.6,667.9
1404,1,car,0.7624,1137.4,488.8,1219.8,549.6
1404,1,car,0.7461,565.9,476.9,650.6,527.9
1404,1,car,0.3886,253.3,694.7,365.1,779.1
1404,2,large_vehicle,0.3740,955.4,403.2,1028.9,447.3
1404,0,person,0.2896,1198.3,513.3,1215.6,560.1
1404,1,car,0.2365,955.4,403.2,1028.9,447.3
1405,1,car,0.7509,565.9,476.8,651.6,527.9
1405,1,car,0.6570,1029.6,581.0,1139.6,663.0
1405,1,car,0.6134,1131.5,490.9,1214.6,551.5
1405,0,person,0.4220,1198.8,521.1,1215.4,560.5
1405,2,large_vehicle,0.2577,1029.6,581.0,1139.6,663.0
1405,2,large_vehicle,0.2301,955.1,402.3,1029.1,447.4
1405,2,large_vehicle,0.2210,1131.5,490.9,1214.6,551.5
1405,0,person,0.2159,1200.3,520.7,1217.1,560.6
1405,2,large_vehicle,0.1973,955.6,402.8,1029.3,447.2
1405,1,car,0.1523,243.5,696.5,352.7,778.4
1406,1,car,0.7389,565.7,476.7,651.4,528.0
1406,1,car,0.6573,1029.7,581.0,1139.6,663.0
1406,1,car,0.6109,1131.5,490.9,1214.6,551.5
1406,0,person,0.4385,1198.8,521.1,1215.3,560.4
1406,2,large_vehicle,0.3613,955.1,402.3,1029.1,447.4
1406,2,large_vehicle,0.2575,1029.7,581.0,1139.6,663.0
1406,2,large_vehicle,0.2222,1131.5,490.9,1214.6,551.5
1406,0,person,0.2130,1200.4,520.7,1217.1,560.5
1406,1,car,0.1588,243.6,696.5,352.7,778.3
1407,1,car,0.7052,563.4,476.1,651.1,528.1
1407,2,large_vehicle,0.6632,1125.2,493.7,1208.8,555.8
1407,1,car,0.4988,1038.1,577.4,1147.6,660.3
1407,2,large_vehicle,0.4211,1038.1,577.4,1147.6,660.3
1407,1,car,0.2791,232.6,697.8,341.7,780.3
1407,2,large_vehicle,0.2534,954.4,402.9,1028.8,447.1
1407,1,car,0.1955,1125.2,493.7,1208.8,555.8
1407,1,car,0.1544,954.4,402.9,1028.8,447.1
1407,4,other_vehicle,0.1215,232.6,697.8,341.7,780.3
1408,1,car,0.7057,563.6,476.2,651.1,528.1
1408,2,large_vehicle,0.6638,1125.2,493.7,1209.1,555.8
1408,1,car,0.5026,1038.1,577.3,1147.6,660.3
1408,2,large_vehicle,0.4174,1038.1,577.3,1147.6,660.3
1408,1,car,0.2795,232.6,697.8,341.7,780.3
1408,2,large_vehicle,0.2522,954.5,402.9,1028.8,447.1
1408,1,car,0.1944,1125.2,493.7,1209.1,555.8
1408,1,car,0.1547,954.5,402.9,1028.8,447.1
1408,4,other_vehicle,0.1218,232.6,697.8,341.7,780.3
1409,1,car,0.6942,564.6,476.1,651.1,528.1
1409,2,large_vehicle,0.6768,1125.2,493.6,1208.7,555.8
1409,1,car,0.4842,1038.1,577.4,1147.4,660.3
1409,2,large_vehicle,0.4359,1038.1,577.4,1147.4,660.3
1409,1,car,0.2918,232.6,697.8,341.7,780.4
1409,1,car,0.1814,1125.2,493.6,1208.7,555.8
1409,2,large_vehicle,0.1330,954.8,402.7,1028.5,447.3
1409,2,large_vehicle,0.1194,954.4,403.0,1028.9,447.2
1409,4,other_vehicle,0.1162,232.6,697.8,341.7,780.4
1409,2,large_vehicle,0.1078,232.6,697.8,341.7,780.4
1410,1,car,0.6889,564.2,475.8,651.1,528.0
1410,1,car,0.6380,1119.0,494.9,1201.3,556.9
1410,1,car,0.5865,1048.7,575.5,1154.4,655.2
1410,2,large_vehicle,0.2684,1048.7,575.5,1154.4,655.2
1410,1,car,0.2440,221.4,701.6,328.0,781.2
1410,2,large_vehicle,0.1979,1119.0,494.9,1201.3,556.9
1410,2,large_vehicle,0.1874,956.6,402.8,1030.4,447.5
1410,0,person,0.1803,1012.2,406.6,1028.3,445.8
1410,1,car,0.1216,956.6,402.8,1030.4,447.5
1410,2,large_vehicle,0.1110,955.9,402.9,1029.6,447.3
1411,1,car,0.6985,565.7,476.1,651.1,528.1
1411,1,car,0.6612,1119.1,494.9,1201.4,556.9
1411,1,car,0.5877,1048.8,575.3,1154.7,655.2
1411,1,car,0.3050,221.6,701.5,328.0,781.0
1411,2,large_vehicle,0.2557,1048.8,575.3,1154.7,655.2
1411,2,large_vehicle,0.1947,956.8,402.8,1030.6,447.4
1411,0,person,0.1762,1012.2,406.7,1028.3,445.9
1411,2,large_vehicle,0.1618,1119.1,494.9,1201.4,556.9
1411,1,car,0.1276,956.8,402.8,1030.6,447.4
1411,2,large_vehicle,0.1080,955.9,403.0,1029.7,447.2
1412,1,car,0.6555,561.2,475.3,650.8,528.2
1412,1,car,0.5427,1057.4,572.8,1162.1,652.7
1412,1,car,0.4766,1111.3,497.8,1192.9,561.0
1412,2,large_vehicle,0.4069,1111.3,497.8,1192.9,561.0
1412,2,large_vehicle,0.3859,1057.4,572.8,1162.1,652.7
1412,2,large_vehicle,0.1509,955.1,403.0,1026.1,447.2
1412,1,car,0.1301,211.4,701.7,315.3,782.8
1413,1,car,0.6598,560.9,475.3,650.8,528.1
1413,1,car,0.5398,1057.5,572.8,1161.9,652.6
1413,1,car,0.4584,1111.3,497.8,1192.9,561.0
1413,2,large_vehicle,0.4240,1111.3,497.8,1192.9,561.0
1413,2,large_vehicle,0.3847,1057.5,572.8,1161.9,652.6
1413,2,large_vehicle,0.1695,956.0,403.0,1026.2,447.2
1413,1,car,0.1554,211.2,701.8,315.3,782.8
1414,1,car,0.6553,559.9,475.2,650.8,528.1
1414,1,car,0.5300,1057.5,572.8,1161.9,652.7
1414,1,car,0.4558,1111.3,497.8,1192.9,561.0
1414,2,large_vehicle,0.4274,1111.3,497.8,1192.9,561.0
1414,2,large_vehicle,0.3956,1057.5,572.8,1161.9,652.7
1414,2,large_vehicle,0.1681,956.0,403.0,1026.2,447.2
1414,1,car,0.1625,211.2,701.8,315.3,782.8
1415,1,car,0.7147,564.5,476.1,651.2,528.0
1415,1,car,0.7111,1104.7,498.5,1187.4,562.0
1415,2,large_vehicle,0.5713,1066.7,570.4,1169.5,648.0
1415,1,car,0.3410,1066.7,570.4,1169.5,648.0
1415,2,large_vehicle,0.3257,955.2,404.0,1025.1,447.1
1415,1,car,0.1964,955.2,404.0,1025.1,447.1
1415,1,car,0.1819,202.9,704.8,303.2,783.4
1415,2,large_vehicle,0.1606,1104.7,498.5,1187.4,562.0
1416,1,car,0.7778,1097.2,500.8,1182.8,565.4
1416,1,car,0.7177,562.1,475.4,651.4,528.0
1416,1,car,0.5034,192.9,705.4,292.2,784.0
1416,1,car,0.4953,1074.8,568.3,1174.4,643.8
1416,2,large_vehicle,0.3920,1074.8,568.3,1174.4,643.8
1416,2,large_vehicle,0.2568,955.4,404.0,1026.7,447.2
1416,1,car,0.2367,955.4,404.0,1026.7,447.2
1417,1,car,0.7733,1097.2,500.7,1182.8,565.3
1417,1,car,0.7115,562.0,475.4,651.3,528.0
1417,1,car,0.5031,192.9,705.4,292.2,784.0
1417,1,car,0.4927,1074.8,568.3,1174.4,643.8
1417,2,large_vehicle,0.3950,1074.8,568.3,1174.4,643.8
1417,2,large_vehicle,0.2493,955.4,404.0,1026.7,447.2
1417,1,car,0.2350,955.4,404.0,1026.7,447.2
1418,1,car,0.7790,1097.2,500.8,1182.8,565.4
1418,1,car,0.7060,561.8,475.4,651.3,528.0
1418,1,car,0.5092,192.9,705.4,292.2,784.0
1418,1,car,0.4841,1074.8,568.3,1174.4,643.8
1418,2,large_vehicle,0.4055,1074.8,568.3,1174.4,643.8
1418,1,car,0.3191,953.9,404.0,1026.7,447.2
1418,2,large_vehicle,0.2326,953.9,404.0,1026.7,447.2
1419,1,car,0.7357,1090.4,504.0,1178.5,566.7
1419,1,car,0.6584,562.8,475.8,651.7,527.8
1419,2,large_vehicle,0.6548,1084.0,567.6,1180.4,639.9
1419,1,car,0.3196,182.9,708.8,280.5,784.8
1419,1,car,0.2209,1084.0,567.6,1180.4,639.9
1419,2,large_vehicle,0.2043,955.4,403.7,1024.8,447.1
1419,1,car,0.1199,955.4,403.7,1024.8,447.1
1419,2,large_vehicle,0.1125,1090.4,504.0,1178.5,566.7
1420,1,car,0.7302,1090.4,504.4,1178.5,566.7
1420,1,car,0.6719,563.2,475.9,651.7,527.8
1420,2,large_vehicle,0.6493,1084.0,567.6,1180.3,640.1
1420,1,car,0.3656,182.9,708.6,280.5,784.9
1420,1,car,0.2287,1084.0,567.6,1180.3,640.1
1420,2,large_vehicle,0.1627,955.6,403.7,1025.2,447.1
1420,2,large_vehicle,0.1199,1090.4,504.4,1178.5,566.7
1420,1,car,0.1041,955.6,403.7,1025.2,447.1
1421,1,car,0.7948,1083.5,505.5,1171.5,568.9
1421,2,large_vehicle,0.6899,1092.3,565.3,1186.6,636.7
1421,1,car,0.6275,549.9,473.9,651.1,528.6
1421,1,car,0.2281,174.7,709.9,269.3,785.7
1421,1,car,0.1946,1092.3,565.3,1186.6,636.7
1422,1,car,0.7892,1083.5,505.4,1171.8,568.9
1422,2,large_vehicle,0.6898,1092.4,565.2,1186.5,636.6
1422,1,car,0.6092,549.7,473.6,651.2,528.4
1422,1,car,0.2441,174.7,709.9,269.5,785.6
1422,1,car,0.1934,1092.4,565.2,1186.5,636.6
1422,2,large_vehicle,0.1084,956.2,403.4,1028.1,447.4
1423,1,car,0.7891,1083.5,505.4,1171.8,568.9
1423,2,large_vehicle,0.6909,1092.4,565.2,1186.5,636.6
1423,1,car,0.6111,548.4,473.4,651.2,528.5
1423,1,car,0.2444,174.7,709.9,269.5,785.6
1423,1,car,0.1929,1092.4,565.2,1186.5,636.6
1423,2,large_vehicle,0.1051,956.2,403.5,1028.1,447.4
1423,2,large_vehicle,0.1027,548.4,473.4,651.2,528.5
1424,1,car,0.7236,563.5,476.0,651.3,528.3
1424,1,car,0.6669,1075.5,506.4,1166.6,573.3
1424,2,large_vehicle,0.6103,1101.1,562.9,1192.7,632.4
1424,1,car,0.2414,1101.1,562.9,1192.7,632.4
1424,2,large_vehicle,0.2163,1075.5,506.4,1166.6,573.3
1424,2,large_vehicle,0.1975,955.4,404.2,1028.3,447.3
1424,0,person,0.1341,1198.7,517.5,1218.7,559.5
1424,0,person,0.1062,1197.4,518.2,1216.1,559.3
1425,1,car,0.7274,565.2,476.7,651.7,528.1
1425,1,car,0.6738,1075.5,506.5,1166.7,573.4
1425,2,large_vehicle,0.6160,1101.1,562.9,1192.8,632.4
1425,2,large_vehicle,0.2420,955.7,404.1,1028.3,447.3
1425,1,car,0.2362,1101.1,562.9,1192.8,632.4
1425,2,large_vehicle,0.2091,1075.5,506.5,1166.7,573.4
1425,1,car,0.1137,955.7,404.1,1028.3,447.3
1426,1,car,0.7683,564.6,476.3,651.6,527.7
1426,1,car,0.7211,1067.0,509.1,1159.0,576.3
1426,2,large_vehicle,0.4898,1108.7,559.7,1199.0,628.4
1426,1,car,0.3891,1108.7,559.7,1199.0,628.4
1426,2,large_vehicle,0.3139,954.4,404.6,1025.8,447.2
1426,1,car,0.2491,156.9,712.1,249.6,787.3
1426,1,car,0.2252,954.4,404.6,1025.8,447.2
1426,2,large_vehicle,0.1307,1067.0,509.1,1159.0,576.3
1427,1,car,0.7691,564.8,476.3,651.6,527.8
1427,1,car,0.7291,1067.1,509.1,1159.0,576.3
1427,2,large_vehicle,0.4754,1108.8,559.7,1199.0,628.4
1427,1,car,0.4048,1108.8,559.7,1199.0,628.4
1427,2,large_vehicle,0.2939,953.9,404.7,1026.0,447.2
1427,1,car,0.2575,953.9,404.7,1026.0,447.2
1427,1,car,0.2437,157.0,712.0,249.6,787.1
1427,2,large_vehicle,0.1223,1067.1,509.1,1159.0,576.3
1428,1,car,0.7524,562.5,476.0,651.6,527.9
1428,1,car,0.7181,1067.0,509.1,1159.2,576.3
1428,2,large_vehicle,0.4902,1108.7,559.7,1199.0,628.4
1428,1,car,0.3895,1108.7,559.7,1199.0,628.4
1428,2,large_vehicle,0.2869,954.9,404.9,1026.3,447.3
1428,1,car,0.2403,157.0,712.1,249.5,787.2
1428,1,car,0.2305,954.9,404.9,1026.3,447.3
1428,2,large_vehicle,0.1345,1067.0,509.1,1159.2,576.3
1429,1,car,0.7103,1059.9,510.6,1152.5,578.6
1429,1,car,0.6987,563.3,475.6,651.6,527.9
1429,1,car,0.4818,1116.3,556.4,1205.1,625.9
1429,2,large_vehicle,0.4144,1116.3,556.4,1205.1,625.9
1429,1,car,0.3721,148.2,712.8,238.4,787.2
1429,2,large_vehicle,0.2513,955.2,404.7,1026.8,447.4
1429,1,car,0.2312,955.2,404.7,1026.8,447.4
1429,2,large_vehicle,0.1588,1059.9,510.6,1152.5,578.6
1430,1,car,0.7166,1060.0,510.6,1152.5,578.6
1430,1,car,0.6955,563.3,475.7,651.5,527.9
1430,1,car,0.4950,1116.3,556.4,1205.1,625.9
1430,2,large_vehicle,0.3999,1116.3,556.4,1205.1,625.9
1430,1,car,0.3672,148.2,712.8,238.3,787.3
1430,1,car,0.2486,955.7,405.3,1026.7,447.4
1430,2,large_vehicle,0.2427,955.7,405.3,1026.7,447.4
1430,2,large_vehicle,0.1517,1060.0,510.6,1152.5,578.6
1431,1,car,0.6680,556.1,475.4,651.4,528.3
1431,1,car,0.6158,1051.9,512.6,1146.8,581.0
1431,2,large_vehicle,0.5617,1123.8,551.4,1210.9,621.7
1431,1,car,0.3863,140.2,714.9,227.9,788.7
1431,1,car,0.3081,1123.8,551.4,1210.9,621.7
1431,2,large_vehicle,0.2964,1051.9,512.6,1146.8,581.0
1431,2,large_vehicle,0.1535,955.8,405.0,1027.2,447.5
1431,2,large_vehicle,0.1243,140.2,714.9,227.9,788.7
1432,1,car,0.6675,555.3,475.3,651.4,528.3
1432,1,car,0.6168,1051.9,512.6,1146.8,581.0
1432,2,large_vehicle,0.5582,1123.8,551.4,1210.9,621.7
1432,1,car,0.3818,140.2,714.9,227.9,788.7
1432,1,car,0.3122,1123.8,551.4,1210.9,621.7
1432,2,large_vehicle,0.2958,1051.9,512.6,1146.8,581.0
1432,2,large_vehicle,0.1629,955.8,405.0,1027.2,447.5
1432,2,large_vehicle,0.1227,140.2,714.9,227.9,788.7
1433,1,car,0.6604,555.2,475.2,651.2,528.3
1433,1,car,0.6052,1051.9,512.6,1146.7,580.9
1433,2,large_vehicle,0.5697,1123.8,551.3,1210.9,621.7
1433,1,car,0.3827,140.2,714.9,227.9,788.6
1433,2,large_vehicle,0.3084,1051.9,512.6,1146.7,580.9
1433,1,car,0.2993,1123.8,551.3,1210.9,621.7
1433,2,large_vehicle,0.1275,955.6,405.0,1027.2,447.5
1433,2,large_vehicle,0.1206,140.2,714.9,227.9,788.6
1434,1,car,0.7347,564.6,476.5,651.8,527.9
1434,2,large_vehicle,0.5125,1043.5,514.6,1141.3,584.9
1434,2,large_vehicle,0.4793,1131.6,549.9,1215.5,618.9
1434,1,car,0.4087,1043.5,514.6,1141.3,584.9
1434,1,car,0.3858,1131.6,549.9,1215.5,618.9
1434,2,large_vehicle,0.2388,955.7,404.8,1025.1,447.5
1434,1,car,0.2355,133.2,715.9,218.6,788.0
1435,1,car,0.7298,564.2,476.4,651.8,528.0
1435,2,large_vehicle,0.4943,1043.5,514.6,1141.3,584.9
1435,2,large_vehicle,0.4772,1131.6,549.9,1215.5,618.9
1435,1,car,0.4305,1043.5,514.6,1141.3,584.9
1435,1,car,0.3885,1131.6,549.9,1215.5,618.9
1435,1,car,0.2274,133.1,715.7,218.6,788.2
1435,2,large_vehicle,0.1786,955.7,405.4,1025.7,447.5
1436,1,car,0.7527,564.3,476.5,651.5,527.9
1436,1,car,0.5755,1034.0,516.7,1135.7,589.0
1436,1,car,0.4621,1138.5,547.1,1220.9,615.7
1436,2,large_vehicle,0.3780,1138.5,547.1,1220.9,615.7
1436,2,large_vehicle,0.3530,1034.0,516.7,1135.7,589.0
1436,1,car,0.2342,125.0,718.4,208.7,788.0
1436,2,large_vehicle,0.1394,954.7,405.8,1027.0,447.7
1436,1,car,0.1149,954.7,405.8,1027.0,447.7
1437,1,car,0.7507,563.9,476.6,651.4,527.9
1437,1,car,0.5812,1034.0,516.7,1136.0,589.0
1437,1,car,0.4541,1138.5,547.2,1220.9,615.7
1437,2,large_vehicle,0.3892,1138.5,547.2,1220.9,615.7
1437,2,large_vehicle,0.3492,1034.0,516.7,1136.0,589.0
1437,1,car,0.2377,125.0,718.4,208.6,788.0
1437,2,large_vehicle,0.1174,954.9,406.1,1027.3,447.7
1437,1,car,0.1044,954.9,406.1,1027.3,447.7
1438,1,car,0.6623,1145.8,543.5,1225.9,611.8
1438,1,car,0.6602,557.5,475.5,651.5,528.1
1438,1,car,0.5417,1025.1,518.2,1128.1,591.4
1438,2,large_vehicle,0.3823,1025.1,518.2,1128.1,591.4
1438,1,car,0.2981,118.0,718.9,198.3,789.6
1438,2,large_vehicle,0.1433,1145.8,543.5,1225.9,611.8
1438,2,large_vehicle,0.1413,956.4,403.4,1030.1,447.6
1438,2,large_vehicle,0.1037,118.0,718.9,198.3,789.6
1439,1,car,0.6653,1145.8,543.4,1225.9,611.8
1439,1,car,0.6590,554.5,475.3,651.6,528.2
1439,1,car,0.5588,1025.0,518.1,1128.1,591.4
1439,2,large_vehicle,0.3623,1025.0,518.1,1128.1,591.4
1439,1,car,0.3088,118.0,718.9,198.3,789.6
1439,2,large_vehicle,0.1423,1145.8,543.4,1225.9,611.8
1439,2,large_vehicle,0.1241,956.4,403.2,1029.7,447.6
1440,1,car,0.6611,555.6,475.4,650.9,528.2
1440,1,car,0.5074,1016.1,522.1,1122.3,593.6
1440,1,car,0.4780,1152.1,539.3,1231.1,609.0
1440,2,large_vehicle,0.4412,1016.1,522.1,1122.3,593.6
1440,2,large_vehicle,0.1310,1152.1,539.3,1231.1,609.0
1440,1,car,0.1191,110.9,720.2,189.4,788.8
1441,1,car,0.6581,554.9,475.2,650.9,528.2
1441,1,car,0.5456,1016.2,522.3,1122.1,593.7
1441,1,car,0.4818,1152.1,539.4,1231.1,609.1
1441,2,large_vehicle,0.4022,1016.2,522.3,1122.1,593.7
1441,2,large_vehicle,0.1360,1152.1,539.4,1231.1,609.1
1441,1,car,0.1004,111.0,720.2,189.4,788.8
1442,1,car,0.7145,560.7,475.6,651.2,528.1
1442,1,car,0.4931,1007.1,522.1,1112.5,598.0
1442,4,other_vehicle,0.4430,103.0,720.7,180.8,789.0
1442,2,large_vehicle,0.4285,1007.1,522.1,1112.5,598.0
1442,1,car,0.4119,1159.5,535.3,1263.5,606.1
1442,2,large_vehicle,0.1732,1159.5,535.3,1263.5,606.1
1442,2,large_vehicle,0.1248,955.6,404.2,1030.1,447.6
1442,1,car,0.1039,103.0,720.7,180.8,789.0
1443,1,car,0.6785,558.4,475.3,651.2,528.0
1443,1,car,0.5032,1007.1,522.0,1113.2,598.1
1443,4,other_vehicle,0.4658,103.0,720.7,180.8,789.0
1443,1,car,0.4248,1159.5,535.6,1263.1,606.2
1443,2,large_vehicle,0.4148,1007.1,522.0,1113.2,598.1
1443,2,large_vehicle,0.1640,1159.5,535.6,1263.1,606.2
1443,2,large_vehicle,0.1230,956.2,404.0,1029.8,447.5
1444,1,car,0.6827,558.7,475.3,651.2,528.1
1444,1,car,0.4886,1007.1,522.0,1112.5,598.1
1444,4,other_vehicle,0.4654,103.0,720.7,180.8,789.0
1444,2,large_vehicle,0.4311,1007.1,522.0,1112.5,598.1
1444,1,car,0.4213,1159.5,535.5,1263.1,606.2
1444,2,large_vehicle,0.1665,1159.5,535.5,1263.1,606.2
1445,1,car,0.7367,564.4,476.4,651.4,527.9
1445,2,large_vehicle,0.5085,997.9,526.0,1107.4,602.2
1445,1,car,0.4696,1165.7,534.0,1272.0,602.6
1445,1,car,0.4317,997.9,526.0,1107.4,602.2
1445,1,car,0.2961,95.6,720.7,173.3,789.0
1445,4,other_vehicle,0.2763,95.6,720.7,173.3,789.0
1445,2,large_vehicle,0.1002,1165.7,534.0,1272.0,602.6
1446,1,car,0.7501,563.6,476.6,651.4,527.9
1446,2,large_vehicle,0.5195,997.8,526.0,1107.3,602.2
1446,1,car,0.4654,1165.8,534.0,1273.2,602.6
1446,1,car,0.4204,997.8,526.0,1107.3,602.2
1446,1,car,0.3218,95.5,720.7,174.0,789.1
1446,4,other_vehicle,0.2355,95.5,720.7,174.0,789.1
1447,1,car,0.7069,561.6,476.5,651.1,528.2
1447,1,car,0.6035,1171.5,528.7,1273.8,598.2
1447,4,other_vehicle,0.5756,88.9,721.6,163.6,790.0
1447,1,car,0.4658,988.2,528.5,1099.7,605.1
1447,2,large_vehicle,0.4644,988.2,528.5,1099.7,605.1
1447,2,large_vehicle,0.1453,956.8,404.9,1030.3,447.9
1447,2,large_vehicle,0.1055,1171.5,528.7,1273.8,598.2
1448,1,car,0.7076,561.2,476.3,651.0,528.3
1448,1,car,0.5972,1171.5,529.0,1273.3,598.2
1448,4,other_vehicle,0.5842,88.9,721.6,163.6,790.0
1448,2,large_vehicle,0.4895,988.2,528.4,1099.6,605.2
1448,1,car,0.4617,988.2,528.4,1099.6,605.2
1448,2,large_vehicle,0.1088,1171.5,529.0,1273.3,598.2
1448,2,large_vehicle,0.1034,956.6,404.9,1030.6,447.8
1449,1,car,0.6896,559.8,475.7,651.0,528.2
1449,1,car,0.6052,1171.5,528.6,1274.0,598.2
1449,4,other_vehicle,0.5749,88.9,721.6,163.6,790.1
1449,1,car,0.2976,988.2,528.3,1100.7,605.2
1449,2,large_vehicle,0.2883,988.2,528.3,1100.7,605.2
1449,2,large_vehicle,0.2104,988.0,528.3,1101.2,605.2
1449,1,car,0.2079,988.0,528.3,1101.2,605.2
1449,2,large_vehicle,0.1120,1171.5,528.6,1274.0,598.2
1449,2,large_vehicle,0.1036,956.9,405.0,1031.0,447.8
1450,1,car,0.7144,545.0,474.4,651.4,528.7
1450,1,car,0.5924,1177.8,526.6,1281.8,595.8
1450,1,car,0.5723,979.4,530.4,1091.5,607.9
1450,3,motorcycle,0.3878,82.1,723.6,155.3,788.5
1450,2,large_vehicle,0.3706,979.4,530.4,1091.5,607.9
1450,4,other_vehicle,0.2358,82.1,723.6,155.3,788.5
1450,2,large_vehicle,0.1715,956.4,405.5,1031.5,447.7
1450,0,person,0.1313,1003.6,410.9,1020.8,448.8
1450,0,person,0.1186,91.7,741.9,116.8,778.9
1450,3,motorcycle,0.1053,81.8,749.7,152.9,789.0
1451,1,car,0.7157,544.1,473.8,651.1,528.8
1451,1,car,0.5706,979.3,530.4,1091.0,607.9
1451,1,car,0.5615,1177.8,526.5,1282.6,595.8
1451,3,motorcycle,0.3853,82.1,723.7,155.3,788.6
1451,2,large_vehicle,0.3727,979.3,530.4,1091.0,607.9
1451,4,other_vehicle,0.2327,82.1,723.7,155.3,788.6
1451,2,large_vehicle,0.1595,956.1,405.4,1031.6,447.8
1451,0,person,0.1341,1003.5,410.8,1020.5,448.7
1451,0,person,0.1269,91.8,742.2,116.8,779.0
1451,3,motorcycle,0.1085,81.8,749.7,152.9,788.9
1452,1,car,0.7156,969.4,534.1,1085.0,612.1
1452,1,car,0.7146,560.8,475.5,651.9,528.1
1452,3,motorcycle,0.5012,75.4,723.5,148.0,790.2
1452,1,car,0.4028,1183.4,526.6,1309.5,593.6
1452,0,person,0.2373,1002.9,414.0,1018.7,449.2
1452,2,large_vehicle,0.2135,969.4,534.1,1085.0,612.1
1452,0,person,0.1382,83.2,726.5,110.1,773.8
1452,0,person,0.1011,81.2,729.1,111.8,785.3
1453,1,car,0.7134,969.4,534.1,1084.9,612.1
1453,1,car,0.7118,560.3,475.4,651.9,528.1
1453,3,motorcycle,0.5048,75.4,723.6,148.0,790.2
1453,1,car,0.4038,1183.4,526.6,1309.4,593.6
1453,0,person,0.2391,1002.9,414.1,1018.6,449.2
1453,2,large_vehicle,0.2162,969.4,534.1,1084.9,612.1
1453,0,person,0.1388,83.2,726.4,110.1,773.9
1453,0,person,0.1011,81.2,729.1,111.9,785.3
1454,1,car,0.6937,969.4,534.0,1084.9,612.1
1454,1,car,0.6783,558.3,474.8,651.5,528.2
1454,3,motorcycle,0.4960,75.4,723.5,147.9,790.2
1454,1,car,0.4051,1183.3,526.6,1310.2,593.6
1454,2,large_vehicle,0.2406,969.4,534.0,1084.9,612.1
1454,0,person,0.2120,1002.8,414.0,1018.6,449.2
1454,0,person,0.1408,83.2,726.6,110.0,773.8
1454,0,person,0.1090,81.3,729.2,111.8,785.3
1455,1,car,0.6781,560.7,474.9,651.5,528.0
1455,3,motorcycle,0.5569,69.2,725.8,141.5,789.2
1455,2,large_vehicle,0.5083,959.5,536.1,1074.9,615.9
1455,1,car,0.4149,959.5,536.1,1074.9,615.9
1455,1,car,0.1990,1190.6,527.8,1258.0,588.3
1455,3,motorcycle,0.1613,69.1,748.3,143.4,789.6
1455,0,person,0.1489,83.0,730.0,111.4,783.8
1455,1,car,0.1344,1190.0,512.7,1338.4,590.8
1455,1,car,0.1192,956.4,410.4,1029.2,447.6
1455,2,large_vehicle,0.1165,560.7,474.9,651.5,528.0
1455,0,person,0.1060,95.4,721.7,138.4,787.8
1456,1,car,0.6780,560.3,474.8,651.5,528.0
1456,3,motorcycle,0.5522,69.2,725.8,141.4,789.1
1456,2,large_vehicle,0.4737,959.6,536.4,1074.8,615.8
1456,1,car,0.4521,959.6,536.4,1074.8,615.8
1456,1,car,0.2080,1190.7,527.9,1258.1,588.3
1456,3,motorcycle,0.1636,69.1,748.5,143.3,789.5
1456,0,person,0.1426,83.0,730.2,111.3,783.7
1456,1,car,0.1333,1190.1,512.9,1338.2,591.0
1456,1,car,0.1304,956.0,411.0,1029.0,447.6
1456,2,large_vehicle,0.1168,560.3,474.8,651.5,528.0
1457,1,car,0.6487,555.3,475.4,651.4,528.3
1457,2,large_vehicle,0.6391,948.8,537.8,1063.4,619.2
1457,3,motorcycle,0.6146,63.6,747.8,134.9,788.9
1457,1,car,0.5622,1195.8,526.7,1263.3,584.7
1457,0,person,0.3036,76.9,727.7,107.5,780.2
1457,1,car,0.2818,948.8,537.8,1063.4,619.2
1457,0,person,0.2417,74.8,728.4,101.0,776.7
1457,1,car,0.2202,1195.6,522.6,1277.7,584.8
1457,0,person,0.1757,96.9,721.4,132.5,785.4
1457,1,car,0.1308,1195.0,518.7,1304.7,585.0
1458,2,large_vehicle,0.6442,948.8,537.8,1063.3,619.2
1458,1,car,0.6413,554.0,475.0,651.4,528.4
1458,3,motorcycle,0.5989,63.6,748.0,134.5,788.8
1458,1,car,0.5486,1195.8,526.7,1263.2,584.8
1458,0,person,0.3002,76.9,727.9,107.3,780.1
1458,1,car,0.2762,948.8,537.8,1063.3,619.2
1458,0,person,0.2495,74.8,728.5,100.9,776.7
1458,1,car,0.2203,1195.6,522.8,1277.4,584.9
1458,0,person,0.1602,96.6,721.3,132.5,785.4
1458,1,car,0.1291,1195.0,519.3,1304.8,585.2
1459,2,large_vehicle,0.6446,948.8,537.8,1063.3,619.2
1459,1,car,0.6347,554.6,475.1,651.4,528.4
1459,3,motorcycle,0.6033,63.6,748.0,134.7,788.8
1459,1,car,0.5627,1195.8,526.8,1263.3,584.8
1459,0,person,0.2986,76.9,727.9,107.4,780.2
1459,1,car,0.2759,948.8,537.8,1063.3,619.2
1459,0,person,0.2477,74.8,728.5,101.0,776.8
1459,1,car,0.2213,1195.6,522.8,1277.1,584.9
1459,0,person,0.1592,96.4,721.3,132.6,785.6
1459,1,car,0.1248,1195.0,519.1,1304.6,585.1
1460,1,car,0.6313,546.5,473.1,651.1,528.8
1460,1,car,0.4825,937.8,540.2,1057.1,621.2
1460,2,large_vehicle,0.4706,937.8,540.2,1057.1,621.2
1460,0,person,0.3563,69.9,728.8,98.4,772.8
1460,1,car,0.3323,1200.8,519.2,1285.2,582.9
1460,0,person,0.3169,68.8,728.7,100.2,781.8
1460,1,car,0.2582,1201.2,525.1,1270.8,582.4
1460,3,motorcycle,0.1874,57.9,748.6,108.6,788.8
1460,3,motorcycle,0.1633,58.2,741.1,127.3,789.3
1460,2,large_vehicle,0.1450,546.5,473.1,651.1,528.8
1461,1,car,0.6393,547.7,473.6,651.0,528.8
1461,1,car,0.4975,937.8,540.2,1057.5,621.2
1461,2,large_vehicle,0.4552,937.8,540.2,1057.5,621.2
1461,0,person,0.3488,68.8,728.6,100.4,781.9
1461,0,person,0.3246,69.9,728.8,98.5,773.3
1461,1,car,0.3216,1200.7,519.3,1285.6,582.9
1461,1,car,0.2581,1201.2,525.1,1270.8,582.5
1461,3,motorcycle,0.1895,57.8,748.7,108.5,788.7
1461,3,motorcycle,0.1699,58.1,740.8,127.4,789.2
1461,2,large_vehicle,0.1168,547.7,473.6,651.0,528.8
1462,1,car,0.7680,926.9,543.9,1051.6,625.6
1462,1,car,0.6870,553.6,474.6,651.7,528.6
1462,1,car,0.3594,1201.2,513.6,1282.0,580.6
1462,0,person,0.1405,66.0,728.5,95.4,768.1
1462,2,large_vehicle,0.1319,926.9,543.9,1051.6,625.6
1462,0,person,0.1226,64.0,729.3,97.6,781.2
1462,0,person,0.1217,63.5,728.1,89.2,768.1
1462,1,car,0.1024,1201.7,516.5,1274.5,580.2
1463,1,car,0.7604,926.9,543.9,1051.0,625.6
1463,1,car,0.6847,554.6,474.8,651.6,528.6
1463,1,car,0.3711,1201.4,513.8,1282.5,580.7
1463,2,large_vehicle,0.1399,926.9,543.9,1051.0,625.6
1463,0,person,0.1345,66.0,728.6,95.5,767.9
1463,0,person,0.1177,63.6,728.1,89.2,768.0
1463,0,person,0.1142,64.0,729.4,97.7,781.1
1463,2,large_vehicle,0.1052,956.0,410.4,1030.0,447.7
1464,1,car,0.6286,916.0,547.3,1040.5,628.7
1464,1,car,0.5964,550.3,474.2,651.2,528.8
1464,3,motorcycle,0.4008,47.0,729.6,113.3,789.0
1464,0,person,0.3541,58.3,726.4,89.9,784.9
1464,1,car,0.3056,1208.9,514.6,1279.3,574.7
1464,2,large_vehicle,0.2649,916.0,547.3,1040.5,628.7
1464,2,large_vehicle,0.1527,550.3,474.2,651.2,528.8
1465,1,car,0.6099,916.0,547.3,1040.2,628.8
1465,1,car,0.6060,550.9,474.4,651.2,528.8
1465,3,motorcycle,0.4184,47.0,731.3,113.8,789.0
1465,0,person,0.4138,58.2,726.2,90.1,785.0
1465,1,car,0.2920,1208.9,514.5,1279.4,574.6
1465,2,large_vehicle,0.2841,916.0,547.3,1040.2,628.8
1465,2,large_vehicle,0.1364,550.9,474.4,651.2,528.8
1466,1,car,0.6244,551.2,474.5,651.4,528.6
1466,1,car,0.5030,904.6,549.1,1026.6,632.3
1466,2,large_vehicle,0.4387,904.6,549.1,1026.6,632.3
1466,3,motorcycle,0.3437,41.4,727.7,108.0,789.5
1466,0,person,0.2221,53.7,728.4,86.0,784.8
1466,0,person,0.1837,51.0,727.9,81.1,777.2
1466,0,person,0.1654,49.3,727.9,82.6,783.5
1466,3,motorcycle,0.1647,41.6,748.4,98.7,789.2
1466,0,person,0.1612,53.9,728.3,84.9,776.8
1466,2,large_vehicle,0.1442,1215.0,472.6,1333.1,575.0
1466,4,other_vehicle,0.1404,41.4,727.7,108.0,789.5
1466,2,large_vehicle,0.1207,551.2,474.5,651.4,528.6
1467,1,car,0.6268,552.0,474.5,651.3,528.7
1467,1,car,0.4891,904.6,549.2,1027.1,632.2
1467,2,large_vehicle,0.4483,904.6,549.2,1027.1,632.2
1467,3,motorcycle,0.3550,41.4,728.4,108.1,789.5
1467,0,person,0.2325,50.6,727.4,81.5,777.9
1467,0,person,0.2023,53.5,728.1,86.1,784.8
1467,0,person,0.1922,53.6,727.9,85.1,777.6
1467,3,motorcycle,0.1608,41.6,748.2,99.7,789.1
1467,2,large_vehicle,0.1588,1215.3,471.8,1333.7,574.7
1467,0,person,0.1303,48.9,727.5,82.8,783.5
1467,4,other_vehicle,0.1296,41.4,728.4,108.1,789.5
1467,2,large_vehicle,0.1272,552.0,474.5,651.3,528.7
1468,1,car,0.6277,550.2,474.3,651.3,528.7
1468,1,car,0.4909,904.6,549.2,1027.0,632.3
1468,2,large_vehicle,0.4471,904.6,549.2,1027.0,632.3
1468,3,motorcycle,0.3605,41.4,728.7,108.1,789.5
1468,0,person,0.2392,50.6,727.3,81.6,778.1
1468,0,person,0.2014,53.5,727.8,85.1,777.8
1468,0,person,0.1985,53.5,728.0,86.1,784.8
1468,3,motorcycle,0.1639,41.6,748.2,99.7,789.1
1468,2,large_vehicle,0.1455,1215.2,472.3,1333.9,574.9
1468,2,large_vehicle,0.1307,550.2,474.3,651.3,528.7
1468,4,other_vehicle,0.1248,41.4,728.7,108.1,789.5
1468,0,person,0.1203,48.9,727.5,82.8,783.5
1469,1,car,0.7595,893.3,552.6,1015.0,634.1
1469,1,car,0.6821,555.0,474.8,651.0,528.4
1469,0,person,0.3777,48.2,721.8,77.8,778.4
1469,3,motorcycle,0.2623,37.1,734.8,100.1,789.0
1469,0,person,0.1895,47.2,723.5,79.3,784.1
1469,0,person,0.1823,1198.1,512.4,1221.7,562.4
1469,2,large_vehicle,0.1585,893.3,552.6,1015.0,634.1
1469,4,other_vehicle,0.1494,37.1,734.8,100.1,789.0
1469,0,person,0.1238,49.8,721.4,75.3,765.6
1470,1,car,0.7563,893.2,552.5,1015.0,634.1
1470,1,car,0.6872,553.4,474.6,651.0,528.4
1470,0,person,0.3730,48.2,721.8,77.9,778.5
1470,3,motorcycle,0.2666,37.1,734.5,99.9,789.0
1470,0,person,0.2646,1198.1,512.1,1221.5,562.2
1470,0,person,0.2108,47.2,723.4,79.4,784.2
1470,2,large_vehicle,0.1612,893.2,552.5,1015.0,634.1
1470,4,other_vehicle,0.1431,37.1,734.5,99.9,789.0
1470,0,person,0.1235,49.8,721.4,75.4,765.6
1471,1,car,0.8495,880.8,555.0,1007.1,640.1
1471,4,other_vehicle,0.7151,32.2,725.1,94.3,787.9
1471,1,car,0.6849,555.6,474.9,651.3,528.6
1471,0,person,0.4450,1198.2,511.2,1220.1,561.8
1471,1,car,0.2337,1226.5,507.2,1337.0,569.8
1472,1,car,0.8527,880.7,555.0,1006.9,640.0
1472,4,other_vehicle,0.7145,32.2,725.1,94.2,787.9
1472,1,car,0.6872,555.8,475.0,651.5,528.6
1472,0,person,0.4552,1198.2,511.9,1220.2,561.7
1472,1,car,0.2528,1226.4,507.3,1336.8,569.8
1473,1,car,0.8450,880.6,555.0,1007.1,640.0
1473,1,car,0.7126,559.0,475.4,651.8,528.3
1473,4,other_vehicle,0.7068,32.2,725.2,94.2,787.9
1473,0,person,0.3162,1198.0,509.8,1219.9,561.4
1473,1,car,0.2277,1226.4,506.7,1336.7,569.9
1474,1,car,0.8159,869.1,559.0,997.1,643.0
1474,1,car,0.6972,559.6,475.2,651.5,528.1
1474,4,other_vehicle,0.5471,27.8,729.1,86.7,786.8
1474,0,person,0.2400,1198.4,502.5,1220.3,560.0
1474,1,car,0.1243,1228.7,508.5,1289.7,564.8
1474,0,person,0.1242,58.9,725.8,84.6,767.5
1474,0,person,0.1173,41.3,720.5,63.9,762.6
1475,1,car,0.8032,869.2,559.0,997.0,642.9
1475,1,car,0.6985,561.4,475.4,651.6,528.2
1475,4,other_vehicle,0.5401,27.8,729.3,86.7,786.8
1475,0,person,0.2338,1198.6,502.1,1220.3,559.9
1475,1,car,0.1524,1228.5,508.3,1289.1,564.8
1475,0,person,0.1316,59.1,725.8,84.6,767.7
1475,0,person,0.1123,41.3,720.5,63.9,762.7
1476,1,car,0.8373,856.5,557.4,985.3,648.1
1476,1,car,0.6803,553.5,474.2,651.7,528.5
1476,0,person,0.5250,1197.4,501.6,1221.5,560.5
1476,3,motorcycle,0.3799,22.4,731.5,81.2,786.6
1476,0,person,0.3429,35.6,721.3,63.5,777.4
1476,4,other_vehicle,0.1978,22.4,731.5,81.2,786.6
1476,2,large_vehicle,0.1008,553.5,474.2,651.7,528.5
1477,1,car,0.8369,856.5,557.4,985.3,648.1
1477,1,car,0.6820,553.5,474.2,651.7,528.5
1477,0,person,0.5451,1197.4,501.3,1221.3,560.4
1477,3,motorcycle,0.3768,22.4,731.4,81.2,786.6
1477,0,person,0.3410,35.6,721.3,63.5,777.3
1477,4,other_vehicle,0.2029,22.4,731.4,81.2,786.6
1478,1,car,0.8340,856.6,557.4,985.2,648.2
1478,1,car,0.6968,553.6,474.4,651.7,528.5
1478,0,person,0.4970,1197.4,501.7,1221.4,560.2
1478,3,motorcycle,0.3840,22.4,731.5,81.2,786.6
1478,0,person,0.3556,35.5,721.4,63.6,777.4
1478,4,other_vehicle,0.1874,22.4,731.5,81.2,786.6
1479,1,car,0.6877,556.6,474.8,651.4,528.3
1479,1,car,0.6579,841.1,558.4,974.9,652.3
1479,0,person,0.6144,1197.6,502.0,1220.7,560.5
1479,4,other_vehicle,0.5225,17.7,730.0,74.9,787.1
1479,2,large_vehicle,0.2115,841.1,558.4,974.9,652.3
1479,0,person,0.1393,36.6,719.0,59.5,763.8
1479,2,large_vehicle,0.1133,556.6,474.8,651.4,528.3
1479,0,person,0.1052,29.7,724.8,55.8,770.7
1480,1,car,0.6878,556.4,474.8,651.4,528.4
1480,1,car,0.6281,841.1,558.9,974.8,652.4
1480,0,person,0.5399,1197.9,503.0,1220.7,560.6
1480,4,other_vehicle,0.5173,17.7,729.8,74.8,787.1
1480,2,large_vehicle,0.2188,841.1,558.9,974.8,652.4
1480,0,person,0.1404,36.5,719.0,59.5,763.8
1480,2,large_vehicle,0.1131,556.4,474.8,651.4,528.4
1480,0,person,0.1053,29.7,724.8,55.8,770.8
1481,1,car,0.7244,560.3,475.0,651.4,528.5
1481,1,car,0.6804,828.9,567.3,963.1,657.3
1481,0,person,0.5143,1198.0,502.3,1220.4,560.2
1481,4,other_vehicle,0.3981,13.1,727.6,69.4,785.8
1481,4,other_vehicle,0.3186,12.9,733.1,68.9,786.3
1481,2,large_vehicle,0.2554,828.9,567.3,963.1,657.3
1481,4,other_vehicle,0.1675,13.3,727.3,68.7,785.5
1482,1,car,0.7233,561.1,475.5,651.4,528.3
1482,1,car,0.6904,829.5,567.2,963.1,657.3
1482,0,person,0.5591,1197.9,502.3,1220.6,560.1
1482,4,other_vehicle,0.3949,13.1,727.7,69.5,785.8
1482,4,other_vehicle,0.3081,12.9,733.5,69.0,786.3
1482,2,large_vehicle,0.2432,829.5,567.2,963.1,657.3
1482,4,other_vehicle,0.1650,13.3,727.3,68.8,785.5
1483,1,car,0.7236,561.2,475.6,651.4,528.3
1483,1,car,0.6877,829.5,567.2,963.1,657.2
1483,0,person,0.5719,1197.9,502.1,1220.6,560.2
1483,4,other_vehicle,0.4140,13.1,727.7,69.5,785.7
1483,4,other_vehicle,0.3136,12.9,733.4,69.0,786.3
1483,2,large_vehicle,0.2475,829.5,567.2,963.1,657.2
1483,4,other_vehicle,0.1486,13.3,727.3,68.8,785.5
1484,1,car,0.8491,817.9,571.2,951.1,661.3
1484,1,car,0.6788,559.8,474.9,651.5,528.0
1484,4,other_vehicle,0.6199,10.0,731.5,64.4,785.2
1484,0,person,0.4515,1197.1,499.8,1220.8,559.7
1484,2,large_vehicle,0.1316,559.8,474.9,651.5,528.0
1485,1,car,0.8483,817.9,571.2,951.1,661.2
1485,1,car,0.6613,559.1,474.5,651.5,527.9
1485,4,other_vehicle,0.5861,9.8,731.5,64.4,785.3
1485,0,person,0.4069,1197.2,499.9,1220.8,560.0
1485,2,large_vehicle,0.1440,559.1,474.5,651.5,527.9
1485,4,other_vehicle,0.1003,9.6,729.3,64.3,785.3
1486,1,car,0.8959,805.7,573.9,940.8,665.2
1486,1,car,0.6687,557.7,474.6,651.3,528.1
1486,4,other_vehicle,0.4215,5.2,731.7,58.7,784.6
1486,0,person,0.3897,1197.4,502.1,1220.7,560.0
1486,2,large_vehicle,0.1053,557.7,474.6,651.3,528.1
1486,4,other_vehicle,0.1035,5.4,729.4,59.9,784.8
1487,1,car,0.8953,805.7,574.0,940.8,665.2
1487,1,car,0.6542,557.3,474.3,651.3,528.2
1487,0,person,0.4225,1197.4,502.3,1220.7,560.3
1487,4,other_vehicle,0.4108,5.2,731.8,58.8,784.5
1487,2,large_vehicle,0.1161,557.3,474.3,651.3,528.2
1487,4,other_vehicle,0.1150,5.4,729.4,60.0,784.8
1488,1,car,0.7423,792.8,574.4,927.3,670.1
1488,1,car,0.6878,556.3,474.9,651.0,528.3
1488,0,person,0.4799,1197.2,502.8,1220.7,560.3
1488,4,other_vehicle,0.2434,1.8,731.9,53.3,784.5
1488,4,other_vehicle,0.2250,1.6,728.4,53.9,784.8
1488,1,car,0.1971,957.2,403.2,1028.5,446.9
1488,2,large_vehicle,0.1601,792.8,574.4,927.3,670.1
1488,2,large_vehicle,0.1098,556.3,474.9,651.0,528.3
1489,1,car,0.7294,792.9,574.2,927.5,670.2
1489,1,car,0.6886,556.7,475.0,651.0,528.3
1489,0,person,0.4659,1197.3,502.9,1220.7,560.2
1489,4,other_vehicle,0.2053,1.8,731.8,53.5,784.4
1489,4,other_vehicle,0.1913,1.6,728.1,54.2,784.7
1489,2,large_vehicle,0.1696,792.9,574.2,927.5,670.2
1489,2,large_vehicle,0.1097,556.7,475.0,651.0,528.3
1490,1,car,0.7119,557.7,475.1,651.2,528.5
1490,1,car,0.5969,779.4,578.9,921.4,674.1
1490,0,person,0.5590,1197.3,501.4,1220.4,560.3
1490,2,large_vehicle,0.3098,779.4,578.9,921.4,674.1
1490,4,other_vehicle,0.1717,0.1,730.8,52.9,783.8
1490,2,large_vehicle,0.1006,557.7,475.1,651.2,528.5
1491,1,car,0.6835,558.9,475.1,651.5,528.3
1491,1,car,0.5918,779.5,579.2,921.8,674.1
1491,0,person,0.5166,1197.2,500.9,1220.6,560.2
1491,2,large_vehicle,0.3094,779.5,579.2,921.8,674.1
1491,4,other_vehicle,0.1573,0.1,730.8,52.7,783.8
1491,2,large_vehicle,0.1259,558.9,475.1,651.5,528.3
1492,1,car,0.6942,558.9,475.2,651.5,528.4
1492,1,car,0.5950,779.5,579.0,921.8,674.1
1492,0,person,0.5160,1197.2,500.9,1220.6,560.2
1492,2,large_vehicle,0.3059,779.5,579.0,921.8,674.1
1492,4,other_vehicle,0.1580,0.1,730.7,52.8,783.8
1492,2,large_vehicle,0.1167,558.9,475.2,651.5,528.4
1493,1,car,0.7819,766.2,584.0,905.9,678.3
1493,1,car,0.6295,556.3,474.6,651.3,528.2
1493,0,person,0.3118,1197.1,501.3,1220.6,559.6
1493,1,car,0.2447,956.3,403.0,1028.6,447.5
1493,1,car,0.1645,955.5,403.3,1027.8,446.2
1493,2,large_vehicle,0.1526,556.3,474.6,651.3,528.2
1493,2,large_vehicle,0.1269,956.3,403.0,1028.6,447.5
1494,1,car,0.7795,766.2,583.9,905.9,678.4
1494,1,car,0.6362,555.0,474.6,651.2,528.2
1494,0,person,0.2881,1197.2,501.6,1220.6,559.8
1494,1,car,0.1454,957.3,402.3,1028.9,447.3
1494,2,large_vehicle,0.1410,555.0,474.6,651.2,528.2
1494,1,car,0.1133,956.9,402.7,1028.4,446.3
1495,1,car,0.8448,750.6,588.5,892.9,683.1
1495,1,car,0.6679,557.8,474.9,651.1,528.3
1495,0,person,0.4502,1197.4,503.1,1220.7,560.1
1495,2,large_vehicle,0.1130,557.8,474.9,651.1,528.3
1496,1,car,0.8472,750.7,588.5,892.9,683.2
1496,1,car,0.6560,556.5,474.6,651.1,528.3
1496,0,person,0.4960,1197.7,504.5,1220.7,560.0
1496,2,large_vehicle,0.1203,556.5,474.6,651.1,528.3
1497,1,car,0.8486,750.7,588.2,893.0,683.1
1497,1,car,0.6912,558.6,475.2,651.0,528.3
1497,0,person,0.5243,1197.4,502.6,1220.4,559.9
1498,1,car,0.8411,737.3,591.3,879.7,686.2
1498,1,car,0.6784,557.7,475.2,651.1,528.3
1498,0,person,0.4546,1197.4,502.8,1220.4,559.9
1498,1,car,0.1519,958.9,402.8,1027.3,446.9
1498,2,large_vehicle,0.1251,557.7,475.2,651.1,528.3
1499,1,car,0.8428,737.2,591.3,879.6,686.2
1499,1,car,0.6758,558.8,475.1,651.0,528.4
1499,0,person,0.3261,1197.2,502.8,1220.3,559.8
1499,1,car,0.1841,958.1,402.8,1027.9,447.1
1499,2,large_vehicle,0.1294,558.8,475.1,651.0,528.4
1500,1,car,0.8762,722.3,595.2,869.0,689.8
1500,1,car,0.7053,559.1,474.9,651.3,528.3
1500,0,person,0.2414,1198.4,504.6,1219.9,560.1
1500,4,other_vehicle,0.1041,0.0,725.7,51.4,782.7
1501,1,car,0.8754,722.3,595.2,869.0,689.8
1501,1,car,0.6620,558.4,474.6,651.3,528.3
1501,0,person,0.3232,1197.5,501.8,1220.1,560.1
1501,2,large_vehicle,0.1290,558.4,474.6,651.3,528.3
1502,1,car,0.8753,722.3,595.1,869.0,689.8
1502,1,car,0.6642,558.5,474.5,651.2,528.3
1502,0,person,0.3956,1197.6,501.9,1220.1,560.2
1502,2,large_vehicle,0.1355,558.5,474.5,651.2,528.3
1502,1,car,0.1079,958.2,403.3,1025.9,447.3
1503,1,car,0.8871,708.2,599.2,854.5,694.2
1503,1,car,0.6472,561.0,475.2,651.0,528.2
1503,0,person,0.2800,1197.7,501.9,1219.9,559.8
1503,2,large_vehicle,0.1731,561.0,475.2,651.0,528.2
1504,1,car,0.8875,708.2,599.2,854.5,694.3
1504,1,car,0.6313,561.5,475.7,650.9,528.2
1504,0,person,0.2634,1197.6,501.5,1220.0,560.0
1504,2,large_vehicle,0.1601,561.5,475.7,650.9,528.2
1505,1,car,0.8856,694.8,602.8,842.6,697.7
1505,1,car,0.6095,564.7,476.3,650.6,528.1
1505,0,person,0.3008,1197.7,501.8,1219.9,560.3
1505,2,large_vehicle,0.1603,564.7,476.3,650.6,528.1
1505,4,other_vehicle,0.1270,0.1,733.3,16.2,782.4
1506,1,car,0.8858,694.9,602.8,842.6,697.7
1506,1,car,0.6291,564.5,476.3,650.5,528.1
1506,0,person,0.3165,1197.6,501.9,1220.0,560.3
1506,2,large_vehicle,0.1368,564.5,476.3,650.5,528.1
1506,4,other_vehicle,0.1224,0.1,733.3,16.1,782.3
1507,1,car,0.8872,694.8,602.8,842.5,697.7
1507,1,car,0.6351,564.6,476.1,650.6,528.1
1507,0,person,0.2579,1197.6,502.5,1220.1,559.7
1507,2,large_vehicle,0.1450,564.6,476.1,650.6,528.1
1507,4,other_vehicle,0.1226,0.1,733.2,16.2,782.4
1508,1,car,0.8595,679.8,604.3,829.7,701.9
1508,1,car,0.6310,560.4,475.5,650.6,528.2
1508,0,person,0.2111,1197.5,502.8,1220.0,560.0
1508,2,large_vehicle,0.1769,560.4,475.5,650.6,528.2
1509,1,car,0.8817,679.7,604.2,829.2,702.0
1509,1,car,0.6318,559.6,475.3,650.6,528.2
1509,0,person,0.2166,1197.6,504.1,1220.1,560.1
1509,2,large_vehicle,0.1781,559.6,475.3,650.6,528.2
1510,1,car,0.8614,665.2,608.4,814.7,705.2
1510,1,car,0.5249,558.1,474.5,650.8,528.2
1510,0,person,0.3562,1197.6,502.3,1220.0,560.2
1510,2,large_vehicle,0.2723,558.1,474.5,650.8,528.2
1511,1,car,0.8558,665.2,608.4,814.9,705.2
1511,1,car,0.5170,558.1,474.5,650.8,528.2
1511,0,person,0.3411,1197.6,502.1,1219.9,560.2
1511,2,large_vehicle,0.2785,558.1,474.5,650.8,528.2
1512,1,car,0.8910,650.4,610.9,800.5,709.2
1512,1,car,0.6225,559.7,474.9,651.0,528.1
1512,0,person,0.3929,1198.0,502.5,1220.0,560.4
1512,2,large_vehicle,0.1940,559.7,474.9,651.0,528.1
1513,1,car,0.8897,650.4,610.8,800.5,709.3
1513,1,car,0.5674,555.4,474.1,650.9,528.1
1513,0,person,0.4836,1197.8,502.8,1220.1,560.5
1513,2,large_vehicle,0.2237,555.4,474.1,650.9,528.1
1513,0,person,0.1201,983.2,411.8,996.4,448.0
1514,1,car,0.8787,635.9,616.7,786.4,712.1
1514,1,car,0.5752,561.8,475.6,650.9,528.0
1514,0,person,0.4415,1197.5,502.1,1220.2,560.4
1514,2,large_vehicle,0.2330,561.8,475.6,650.9,528.0
1515,1,car,0.8802,635.9,616.7,786.4,712.1
1515,1,car,0.5975,560.3,475.5,651.0,528.0
1515,0,person,0.4326,1197.7,502.9,1220.2,560.5
1515,2,large_vehicle,0.2000,560.3,475.5,651.0,528.0
1516,1,car,0.8812,635.9,616.7,786.5,712.1
1516,1,car,0.5788,560.9,475.3,651.0,528.1
1516,0,person,0.4062,1197.7,502.7,1220.2,560.5
1516,2,large_vehicle,0.2340,560.9,475.3,651.0,528.1
1517,1,car,0.8580,621.3,617.9,770.2,716.0
1517,1,car,0.6075,559.7,475.4,650.6,528.0
1517,0,person,0.3489,1197.9,503.0,1220.1,560.6
1517,2,large_vehicle,0.2342,559.7,475.4,650.6,528.0
1518,1,car,0.8567,621.3,617.9,770.1,716.0
1518,1,car,0.5969,559.3,475.2,650.5,528.1
1518,0,person,0.3316,1197.8,502.9,1220.2,560.6
1518,2,large_vehicle,0.2403,559.3,475.2,650.5,528.1
1519,1,car,0.8680,606.8,621.7,757.4,720.4
1519,1,car,0.7043,560.5,475.9,650.9,528.4
1519,0,person,0.5408,1197.8,502.8,1220.1,560.7
1519,2,large_vehicle,0.1835,957.8,403.8,1025.7,446.6
1519,2,large_vehicle,0.1533,957.2,403.5,1026.7,447.1
1519,2,large_vehicle,0.1165,560.5,475.9,650.9,528.4
1520,1,car,0.8682,606.8,621.7,757.4,720.4
1520,1,car,0.7006,560.5,475.9,650.9,528.4
1520,0,person,0.5164,1197.8,502.4,1220.0,560.6
1520,2,large_vehicle,0.1954,957.2,403.6,1026.8,447.1
1520,2,large_vehicle,0.1508,957.8,403.9,1025.9,446.6
1520,2,large_vehicle,0.1196,560.5,475.9,650.9,528.4
1521,1,car,0.8680,606.9,621.5,757.4,720.4
1521,1,car,0.6880,560.5,475.9,650.8,528.4
1521,0,person,0.5682,1197.9,503.2,1220.1,560.7
1521,2,large_vehicle,0.1957,956.8,403.6,1026.8,447.1
1521,2,large_vehicle,0.1653,957.6,403.8,1025.8,446.5
1521,2,large_vehicle,0.1375,560.5,475.9,650.8,528.4
1522,1,car,0.8699,591.7,627.0,743.5,723.6
1522,1,car,0.6229,559.3,475.2,650.8,528.1
1522,2,large_vehicle,0.1973,559.3,475.2,650.8,528.1
1522,0,person,0.1717,1198.2,504.7,1219.9,560.1
1523,1,car,0.8652,591.7,627.1,743.4,723.7
1523,1,car,0.6226,559.3,475.2,650.8,528.0
1523,0,person,0.2518,1198.0,503.9,1220.0,560.2
1523,2,large_vehicle,0.1965,559.3,475.2,650.8,528.0
1524,1,car,0.7985,577.0,627.9,726.2,729.5
1524,1,car,0.6398,561.9,475.9,650.8,528.1
1524,0,person,0.3930,1197.5,500.9,1220.2,560.2
1524,2,large_vehicle,0.1571,561.9,475.9,650.8,528.1
1525,1,car,0.8091,577.0,627.9,726.3,729.5
1525,1,car,0.5968,562.0,475.6,650.8,528.1
1525,0,person,0.3920,1197.5,500.8,1220.1,560.0
1525,2,large_vehicle,0.2052,562.0,475.6,650.8,528.1
1526,1,car,0.8077,577.0,627.9,726.3,729.5
1526,1,car,0.5832,561.8,475.6,650.8,528.1
1526,0,person,0.3844,1197.5,500.8,1220.1,560.0
1526,2,large_vehicle,0.2121,561.8,475.6,650.8,528.1
1527,1,car,0.8302,561.7,631.3,713.3,732.2
1527,1,car,0.6088,562.4,475.7,650.6,528.1
1527,2,large_vehicle,0.2358,562.4,475.7,650.6,528.1
1527,0,person,0.2249,1197.4,500.5,1220.1,559.9
1528,1,car,0.8275,561.6,631.2,713.2,732.2
1528,1,car,0.6662,562.8,475.6,650.5,528.1
1528,0,person,0.3643,1197.8,502.2,1220.1,560.3
1528,2,large_vehicle,0.1884,562.8,475.6,650.5,528.1
1529,1,car,0.7903,546.3,635.5,697.7,734.2
1529,1,car,0.6102,560.1,475.3,650.5,528.3
1529,0,person,0.2676,1198.3,504.2,1219.8,560.3
1529,2,large_vehicle,0.2380,560.1,475.3,650.5,528.3
1530,1,car,0.7879,546.3,635.5,697.7,734.2
1530,1,car,0.6109,559.9,474.9,650.8,528.3
1530,0,person,0.2713,1198.3,504.3,1219.8,560.1
1530,2,large_vehicle,0.2354,559.9,474.9,650.8,528.3
1531,1,car,0.7887,546.3,635.5,697.8,734.2
1531,1,car,0.5714,560.4,474.9,650.7,528.3
1531,2,large_vehicle,0.2667,560.4,474.9,650.7,528.3
1531,0,person,0.2307,1198.2,504.6,1219.8,560.1
1532,1,car,0.7894,532.1,639.4,682.2,737.2
1532,1,car,0.4459,556.5,474.2,650.8,528.2
1532,2,large_vehicle,0.3574,556.5,474.2,650.8,528.2
1532,0,person,0.3151,1197.4,501.5,1220.1,560.1
1533,1,car,0.7928,532.2,639.3,682.0,737.1
1533,1,car,0.5231,562.3,475.4,650.7,528.1
1533,2,large_vehicle,0.3125,562.3,475.4,650.7,528.1
1533,0,person,0.2695,1197.6,501.5,1220.2,559.9
1534,1,car,0.7005,517.8,642.2,665.9,740.5
1534,1,car,0.5636,564.8,475.6,650.4,528.2
1534,2,large_vehicle,0.2088,564.8,475.6,650.4,528.2
1534,0,person,0.1831,1198.1,504.0,1220.0,559.9
1535,1,car,0.7159,517.8,642.3,665.9,740.4
1535,1,car,0.5623,564.6,475.6,650.4,528.2
1535,2,large_vehicle,0.2057,564.6,475.6,650.4,528.2
1535,0,person,0.1033,1198.4,504.9,1219.8,559.8
1536,1,car,0.8040,502.5,644.7,653.2,742.1
1536,1,car,0.6047,563.9,475.9,650.4,528.0
1536,2,large_vehicle,0.2251,563.9,475.9,650.4,528.0
1536,0,person,0.1860,1198.2,503.9,1220.0,559.9
1537,1,car,0.8037,502.6,644.7,653.2,742.1
1537,1,car,0.6160,564.3,476.3,650.3,528.0
1537,0,person,0.2278,1198.5,514.1,1218.3,559.8
1537,2,large_vehicle,0.2076,564.3,476.3,650.3,528.0
1537,0,person,0.1030,1197.6,515.1,1216.1,559.5
1538,1,car,0.6542,564.1,476.3,650.5,527.9
1538,1,car,0.6393,488.9,646.4,636.0,746.8
1538,2,large_vehicle,0.1700,564.1,476.3,650.5,527.9
1538,0,person,0.1055,1197.8,514.4,1216.1,559.4
1539,1,car,0.6922,563.9,476.7,650.5,528.0
1539,1,car,0.6423,488.9,646.4,636.0,746.8
1539,0,person,0.2282,1198.6,513.3,1218.2,559.7
1539,2,large_vehicle,0.1146,563.9,476.7,650.5,528.0
1540,1,car,0.6814,563.4,476.5,650.5,527.9
1540,1,car,0.6492,488.9,646.4,635.9,746.8
1540,2,large_vehicle,0.1339,563.4,476.5,650.5,527.9
1540,0,person,0.1048,1198.5,512.4,1218.2,559.8
1541,1,car,0.5761,474.2,653.0,621.3,750.3
1541,1,car,0.5690,562.5,475.9,650.6,527.9
1541,2,large_vehicle,0.2422,562.5,475.9,650.6,527.9
1541,0,person,0.2372,1198.2,503.4,1219.8,559.9
1542,1,car,0.5962,562.7,475.8,650.9,527.9
1542,1,car,0.5660,474.2,653.0,621.3,750.3
1542,2,large_vehicle,0.2332,562.7,475.8,650.9,527.9
1542,0,person,0.2021,1198.1,502.7,1219.9,559.6
1543,1,car,0.6056,565.2,476.2,650.3,527.8
1543,1,car,0.3175,459.7,657.9,607.7,753.0
1543,2,large_vehicle,0.1975,565.2,476.2,650.3,527.8
1543,0,person,0.1699,1197.8,500.5,1219.9,559.9
1544,1,car,0.6082,565.0,476.2,650.2,527.8
1544,1,car,0.3121,459.7,657.9,607.7,753.1
1544,0,person,0.2165,1197.8,500.8,1219.9,560.0
1544,2,large_vehicle,0.1935,565.0,476.2,650.2,527.8
1545,1,car,0.5775,562.2,475.8,650.3,527.7
1545,1,car,0.3116,459.7,657.8,607.7,753.1
1545,0,person,0.1967,1197.7,500.2,1220.0,559.9
1545,2,large_vehicle,0.1793,562.2,475.8,650.3,527.7
1546,1,car,0.5813,561.3,475.5,650.5,528.1
1546,0,person,0.3480,1197.9,502.3,1220.0,560.6
1546,2,large_vehicle,0.2334,561.3,475.5,650.5,528.1
1546,1,car,0.1239,445.7,658.9,591.1,756.0
1547,1,car,0.5806,561.6,475.5,650.5,528.1
1547,0,person,0.3129,1198.0,502.9,1220.0,560.6
1547,2,large_vehicle,0.2347,561.6,475.5,650.5,528.1
1547,1,car,0.1198,445.7,658.7,590.9,756.0
1548,1,car,0.6735,562.9,476.2,650.5,528.1
1548,1,car,0.2018,432.3,663.5,576.0,757.4
1548,0,person,0.1541,1198.5,514.8,1218.2,559.8
1548,2,large_vehicle,0.1350,562.9,476.2,650.5,528.1
1548,0,person,0.1342,1197.7,516.0,1215.9,559.6
1549,1,car,0.6143,562.8,475.9,650.5,528.1
1549,1,car,0.2416,432.4,663.5,576.1,757.5
1549,0,person,0.2048,1198.3,503.9,1219.7,559.7
1549,2,large_vehicle,0.1905,562.8,475.9,650.5,528.1
1550,1,car,0.6114,562.9,476.0,650.5,528.1
1550,1,car,0.2389,432.4,663.5,576.1,757.6
1550,0,person,0.2179,1198.2,503.7,1219.8,559.8
1550,2,large_vehicle,0.1950,562.9,476.0,650.5,528.1
1551,1,car,0.6406,417.9,664.4,563.3,758.8
1551,1,car,0.6394,564.1,476.2,650.9,527.8
1551,0,person,0.2124,1198.3,512.8,1218.6,559.8
1551,2,large_vehicle,0.1941,564.1,476.2,650.9,527.8
1551,2,large_vehicle,0.1400,956.4,403.4,1025.0,445.2
1552,1,car,0.6445,417.8,664.2,563.2,758.7
1552,1,car,0.6283,563.8,476.1,650.9,527.8
1552,2,large_vehicle,0.2047,563.8,476.1,650.9,527.8
1552,0,person,0.2028,1198.5,504.6,1219.8,560.0
1552,2,large_vehicle,0.1679,956.4,403.4,1025.5,445.4
1553,1,car,0.5992,564.9,476.1,650.6,528.0
1553,1,car,0.1962,405.1,667.2,548.3,762.6
1553,2,large_vehicle,0.1840,564.9,476.1,650.6,528.0
1553,0,person,0.1287,1197.9,505.3,1220.0,560.4
1554,1,car,0.5842,564.2,476.1,650.7,528.0
1554,1,car,0.1961,405.1,667.2,548.3,762.7
1554,2,large_vehicle,0.1879,564.2,476.1,650.7,528.0
1555,1,car,0.6034,565.0,476.2,650.7,528.0
1555,1,car,0.2184,405.1,667.1,548.4,762.7
1555,2,large_vehicle,0.1885,565.0,476.2,650.7,528.0
1555,0,person,0.1201,1198.2,511.8,1218.8,559.9
1556,1,car,0.5847,563.0,475.9,650.6,528.0
1556,1,car,0.3452,390.7,672.1,536.1,762.8
1556,2,large_vehicle,0.2211,563.0,475.9,650.6,528.0
1557,1,car,0.6159,563.0,475.9,650.4,527.9
1557,1,car,0.3176,390.7,672.0,536.1,762.9
1557,2,large_vehicle,0.1923,563.0,475.9,650.4,527.9
1558,1,car,0.6539,563.0,475.8,650.9,527.9
1558,2,large_vehicle,0.1630,563.0,475.8,650.9,527.9
1559,1,car,0.6500,562.9,475.8,650.9,527.9
1559,2,large_vehicle,0.1670,562.9,475.8,650.9,527.9
1560,1,car,0.6727,563.1,476.0,651.2,527.8
1560,2,large_vehicle,0.1474,563.1,476.0,651.2,527.8
1560,0,person,0.1442,1197.7,512.5,1216.0,559.3
1561,1,car,0.6731,563.5,476.2,651.2,527.7
1561,2,large_vehicle,0.1379,563.5,476.2,651.2,527.7
1561,0,person,0.1323,1197.7,512.3,1216.0,559.2
1561,0,person,0.1111,1198.6,511.5,1217.8,559.5
1562,1,car,0.6477,566.1,476.2,651.0,527.8
1562,0,person,0.2867,1196.8,516.8,1214.4,559.3
1562,2,large_vehicle,0.1557,566.1,476.2,651.0,527.8
1562,1,car,0.1006,349.9,679.3,487.9,771.3
1563,1,car,0.6207,565.0,476.3,650.9,527.8
1563,0,person,0.2642,1196.8,516.5,1214.4,559.2
1563,2,large_vehicle,0.1609,565.0,476.3,650.9,527.8
1563,1,car,0.1029,349.9,679.4,487.9,771.4
1564,1,car,0.6141,564.9,476.1,650.8,527.8
1564,0,person,0.2964,1196.9,516.6,1214.4,559.3
1564,2,large_vehicle,0.1746,564.9,476.1,650.8,527.8
1565,1,car,0.6130,561.5,475.7,650.5,528.1
1565,0,person,0.2931,1197.6,517.5,1214.4,559.2
1565,2,large_vehicle,0.2139,561.5,475.7,650.5,528.1
1565,1,car,0.2114,338.2,682.6,473.9,775.5
1566,1,car,0.6474,561.7,475.9,650.5,528.1
1566,0,person,0.3175,1197.9,518.7,1214.5,559.5
1566,1,car,0.2043,338.3,682.6,473.9,775.4
1566,2,large_vehicle,0.1874,561.7,475.9,650.5,528.1
1567,1,car,0.7006,564.2,476.7,650.9,527.9
1567,0,person,0.3944,1196.9,511.8,1214.7,558.6
1567,1,car,0.3246,326.3,685.5,458.6,774.2
1567,2,large_vehicle,0.1287,564.2,476.7,650.9,527.9
1568,1,car,0.7014,563.9,476.7,650.9,528.0
1568,0,person,0.3909,1196.9,512.0,1214.7,558.7
1568,1,car,0.3272,326.3,685.5,458.6,774.2
1568,2,large_vehicle,0.1305,563.9,476.7,650.9,528.0
1569,1,car,0.6944,564.1,476.6,650.8,528.0
1569,0,person,0.3934,1197.0,512.0,1214.8,558.7
1569,1,car,0.3346,326.3,685.6,458.6,774.2
1569,2,large_vehicle,0.1351,564.1,476.6,650.8,528.0
1570,1,car,0.7615,313.5,686.4,448.1,776.0
1570,1,car,0.6845,564.5,476.4,650.8,527.8
1570,1,car,0.1995,1176.5,471.2,1261.6,532.5
1570,0,person,0.1546,972.0,430.5,985.0,456.4
1570,2,large_vehicle,0.1488,564.5,476.4,650.8,527.8
1571,1,car,0.7295,313.6,686.2,448.7,776.3
1571,1,car,0.6875,564.7,476.5,650.9,527.9
1571,1,car,0.1923,1176.4,471.9,1262.0,532.6
1571,2,large_vehicle,0.1434,564.7,476.5,650.9,527.9
1571,0,person,0.1352,971.9,430.5,984.8,456.3
1572,1,car,0.6255,564.6,476.1,650.6,527.9
1572,1,car,0.5275,301.3,689.4,431.4,772.7
1572,1,car,0.3479,1171.9,471.2,1263.0,533.5
1572,2,large_vehicle,0.1788,564.6,476.1,650.6,527.9
1573,1,car,0.5983,564.6,475.9,650.5,528.0
1573,1,car,0.5335,301.3,689.3,431.5,772.7
1573,1,car,0.3544,1172.0,470.8,1263.0,533.4
1573,2,large_vehicle,0.2057,564.6,475.9,650.5,528.0
1574,1,car,0.5997,564.8,475.9,650.5,528.0
1574,1,car,0.5379,301.3,689.3,431.5,772.7
1574,1,car,0.3539,1171.9,470.5,1263.1,533.4
1574,2,large_vehicle,0.2049,564.8,475.9,650.5,528.0
1575,1,car,0.6450,562.5,475.5,650.3,527.9
1575,1,car,0.4299,1166.1,477.0,1253.1,536.7
1575,1,car,0.3285,288.7,692.8,418.0,776.6
1575,2,large_vehicle,0.2082,562.5,475.5,650.3,527.9
1575,0,person,0.1369,510.6,502.3,526.0,544.1
1575,0,person,0.1366,1198.2,521.1,1214.5,559.9
1576,1,car,0.6477,562.8,475.6,650.4,528.0
1576,1,car,0.4157,1166.1,477.1,1253.8,536.8
1576,1,car,0.3184,288.8,692.8,417.9,776.2
1576,2,large_vehicle,0.2030,562.8,475.6,650.4,528.0
1576,0,person,0.1230,510.8,503.4,526.0,544.1
1576,0,person,0.1130,1198.1,519.9,1214.7,559.7
1577,1,car,0.6402,563.9,475.5,650.4,528.0
1577,1,car,0.4451,1158.4,482.1,1239.6,539.6
1577,1,car,0.3663,277.8,695.2,406.6,776.1
1577,2,large_vehicle,0.1744,563.9,475.5,650.4,528.0
1577,1,car,0.1101,1158.7,483.2,1226.0,538.8
1577,2,large_vehicle,0.1046,1158.4,482.1,1239.6,539.6
1578,1,car,0.6448,563.4,475.4,650.5,528.0
1578,1,car,0.4500,1158.4,482.1,1239.1,539.6
1578,1,car,0.3358,277.9,695.3,406.6,775.5
1578,2,large_vehicle,0.1667,563.4,475.4,650.5,528.0
1578,1,car,0.1368,1158.7,483.2,1225.7,538.8
1579,1,car,0.6527,564.2,475.8,650.3,527.7
1579,1,car,0.4608,1158.3,482.2,1239.2,539.6
1579,1,car,0.3668,277.8,695.2,406.6,776.2
1579,2,large_vehicle,0.1664,564.2,475.8,650.3,527.7
1579,1,car,0.1308,1158.6,483.2,1225.9,538.8
1580,1,car,0.6900,564.8,476.1,651.0,527.7
1580,1,car,0.4860,268.3,698.2,390.5,780.1
1580,1,car,0.1474,1153.2,483.1,1231.0,541.5
1580,2,large_vehicle,0.1305,1153.2,483.1,1231.0,541.5
1580,2,large_vehicle,0.1261,564.8,476.1,651.0,527.7
1581,1,car,0.6735,565.0,476.0,651.4,527.6
1581,1,car,0.4672,268.3,698.3,390.5,780.1
1581,2,large_vehicle,0.1681,565.0,476.0,651.4,527.6
1581,1,car,0.1515,1153.2,483.2,1230.3,541.5
1581,2,large_vehicle,0.1313,1153.2,483.2,1230.3,541.5
1582,1,car,0.6573,567.0,476.5,650.8,528.0
1582,1,car,0.4025,253.0,697.4,378.8,783.8
1582,2,large_vehicle,0.3247,1147.0,484.4,1222.6,544.3
1582,2,large_vehicle,0.1505,567.0,476.5,650.8,528.0
1582,1,car,0.1349,1147.0,484.4,1222.6,544.3
1583,1,car,0.6636,567.1,476.7,650.7,528.0
1583,1,car,0.4193,252.7,697.6,379.0,783.5
1583,2,large_vehicle,0.3312,1147.3,485.0,1222.3,544.3
1583,2,large_vehicle,0.1459,567.1,476.7,650.7,528.0
1583,1,car,0.1380,1147.3,485.0,1222.3,544.3
1584,1,car,0.6963,562.4,475.9,650.3,528.0
1584,2,large_vehicle,0.2566,1142.1,487.1,1212.9,547.0
1584,1,car,0.2380,217.7,701.5,365.2,781.9
1584,1,car,0.2368,1142.1,487.1,1212.9,547.0
1584,2,large_vehicle,0.1142,562.4,475.9,650.3,528.0
1585,1,car,0.6905,561.7,475.7,650.1,528.0
1585,2,large_vehicle,0.2612,1142.0,487.1,1212.5,546.9
1585,1,car,0.2305,1142.0,487.1,1212.5,546.9
1585,1,car,0.2109,217.8,701.5,365.1,781.8
1585,2,large_vehicle,0.1171,561.7,475.7,650.1,528.0
1586,1,car,0.7379,564.4,476.2,650.3,527.8
1586,1,car,0.2875,228.0,702.9,353.5,779.4
1586,2,large_vehicle,0.2550,1131.9,490.4,1203.0,549.4
1586,1,car,0.1711,1131.9,490.4,1203.0,549.4
1586,0,person,0.1288,309.6,748.8,327.0,784.9
1587,1,car,0.7231,564.3,476.3,650.3,527.9
1587,1,car,0.2837,228.0,702.9,353.5,779.7
1587,2,large_vehicle,0.2314,1131.9,490.4,1202.9,549.5
1587,1,car,0.1709,1131.9,490.4,1202.9,549.5
1587,0,person,0.1328,309.6,748.8,327.0,784.8
1588,1,car,0.7385,565.1,476.4,650.5,527.9
1588,1,car,0.2840,228.0,702.9,353.5,779.3
1588,2,large_vehicle,0.2345,1131.9,490.4,1203.2,549.5
1588,1,car,0.1693,1131.9,490.4,1203.2,549.5
1588,0,person,0.1320,309.6,748.8,327.0,784.8
1589,1,car,0.7596,566.4,476.6,650.8,528.0
1589,1,car,0.1028,1126.6,492.3,1195.9,551.7
1589,1,car,0.1001,1126.4,492.4,1194.7,551.5
1590,1,car,0.7488,565.1,476.5,650.8,528.0
1590,1,car,0.1594,1126.4,492.5,1194.7,551.5
1590,2,large_vehicle,0.1220,1126.4,492.5,1194.7,551.5
1591,1,car,0.6677,567.4,476.3,650.3,527.9
1591,2,large_vehicle,0.2337,1120.5,495.0,1190.6,555.2
1591,2,large_vehicle,0.1329,567.4,476.3,650.3,527.9
1592,1,car,0.6685,567.3,476.3,650.3,527.9
1592,2,large_vehicle,0.2286,1120.5,495.0,1190.7,555.2
1592,2,large_vehicle,0.1328,567.3,476.3,650.3,527.9
1593,1,car,0.6865,566.3,476.3,650.3,527.9
1593,2,large_vehicle,0.2294,1120.6,495.1,1190.6,555.1
1593,2,large_vehicle,0.1041,566.3,476.3,650.3,527.9
1594,1,car,0.6671,563.1,475.5,650.2,528.0
1594,2,large_vehicle,0.1649,1113.0,495.4,1183.8,557.1
1594,2,large_vehicle,0.1341,563.1,475.5,650.2,528.0
1595,1,car,0.6668,563.1,475.5,650.2,528.0
1595,2,large_vehicle,0.1686,1113.4,495.4,1183.8,557.0
1595,2,large_vehicle,0.1337,563.1,475.5,650.2,528.0
1596,1,car,0.7133,563.4,475.9,650.8,528.1
1596,1,car,0.3265,1106.1,498.5,1180.5,559.2
1596,2,large_vehicle,0.3242,1106.1,498.5,1180.5,559.2
1596,0,person,0.1178,1198.0,520.7,1215.7,559.8
1596,0,person,0.1088,972.9,430.4,985.3,456.5
1597,1,car,0.7258,563.6,476.0,650.8,527.8
1597,2,large_vehicle,0.3202,1106.1,498.4,1180.6,559.2
1597,1,car,0.3178,1106.1,498.4,1180.6,559.2
1597,0,person,0.1688,973.2,430.3,985.6,456.9
1597,0,person,0.1432,1197.9,520.1,1215.8,559.8
1598,1,car,0.7208,563.5,475.9,650.8,527.8
1598,1,car,0.3216,1106.1,498.3,1180.6,559.2
1598,2,large_vehicle,0.3162,1106.1,498.3,1180.6,559.2
1598,0,person,0.1683,973.2,430.3,985.6,456.9
1598,0,person,0.1305,1197.9,520.2,1215.7,559.8
1599,1,car,0.6969,563.8,475.9,651.1,528.0
1599,2,large_vehicle,0.6735,1099.4,500.9,1174.1,565.8
1599,0,person,0.3084,1198.2,520.1,1215.8,559.3
1599,2,large_vehicle,0.1284,563.8,475.9,651.1,528.0
1599,1,car,0.1095,1099.4,500.9,1174.1,565.8
1600,1,car,0.6776,562.7,475.5,651.1,528.1
1600,2,large_vehicle,0.6745,1099.4,500.9,1173.9,565.9
1600,0,person,0.2795,1198.2,520.1,1215.9,559.4
1600,2,large_vehicle,0.1354,562.7,475.5,651.1,528.1
1600,0,person,0.1296,1199.3,519.5,1217.8,559.6
1600,1,car,0.1056,1099.4,500.9,1173.9,565.9
1601,1,car,0.6636,567.1,476.3,650.6,528.0
1601,2,large_vehicle,0.5366,1091.0,502.7,1168.4,566.8
1601,0,person,0.2280,1198.2,519.3,1215.9,559.6
1601,0,person,0.2038,1199.4,519.1,1218.1,559.9
1601,1,car,0.2011,1091.0,502.7,1168.4,566.8
1601,2,large_vehicle,0.1327,567.1,476.3,650.6,528.0
1601,1,car,0.1010,180.9,713.1,283.1,789.0
1602,1,car,0.6637,567.7,476.4,650.7,528.0
1602,2,large_vehicle,0.5397,1091.3,502.7,1168.4,567.0
1602,0,person,0.2315,1198.2,519.3,1215.9,559.6
1602,1,car,0.1996,1091.3,502.7,1168.4,567.0
1602,0,person,0.1814,1199.4,519.1,1218.1,559.9
1602,2,large_vehicle,0.1274,567.7,476.4,650.7,528.0
1603,1,car,0.6371,567.3,476.1,650.5,528.0
1603,2,large_vehicle,0.5586,1091.2,502.4,1168.9,566.7
1603,0,person,0.2435,1198.0,519.1,1215.9,559.7
1603,0,person,0.2286,1199.3,518.9,1218.1,559.9
1603,1,car,0.1977,1091.2,502.4,1168.9,566.7
1603,2,large_vehicle,0.1448,567.3,476.1,650.5,528.0
1603,1,car,0.1083,180.8,713.0,283.3,788.8
1604,2,large_vehicle,0.7511,1083.7,504.9,1162.6,568.7
1604,1,car,0.6935,563.0,475.9,650.3,527.9
1604,0,person,0.2041,1198.2,518.9,1215.7,559.6
1604,2,large_vehicle,0.1114,563.0,475.9,650.3,527.9
1604,0,person,0.1000,959.3,427.4,973.4,457.2
1605,2,large_vehicle,0.7570,1083.8,504.9,1162.6,568.7
1605,1,car,0.6848,562.8,475.6,650.4,527.8
1605,0,person,0.1224,1198.3,519.3,1215.7,559.4
1605,2,large_vehicle,0.1106,562.8,475.6,650.4,527.8
1605,0,person,0.1004,959.3,427.4,973.5,457.1
1606,2,large_vehicle,0.7960,1075.5,506.1,1156.6,573.6
1606,1,car,0.6702,565.2,476.2,651.4,527.9
1606,0,person,0.1920,1198.0,517.1,1215.9,559.3
1607,2,large_vehicle,0.7965,1075.7,506.2,1156.6,573.4
1607,1,car,0.6690,565.4,476.3,651.3,527.9
1607,0,person,0.1725,1198.0,517.0,1215.9,559.3
1608,1,car,0.7097,565.5,476.6,651.7,528.0
1608,2,large_vehicle,0.6142,1069.2,508.7,1148.3,575.0
1608,0,person,0.1816,1198.2,518.1,1215.9,559.6
1608,0,person,0.1286,1199.4,518.1,1217.8,559.8
1608,2,large_vehicle,0.1170,565.5,476.6,651.7,528.0
1609,1,car,0.7011,565.5,476.7,651.7,528.0
1609,2,large_vehicle,0.6180,1069.3,508.7,1148.6,575.0
1609,0,person,0.1587,1198.2,517.9,1215.9,559.6
1609,2,large_vehicle,0.1107,565.5,476.7,651.7,528.0
1610,2,large_vehicle,0.7950,1059.1,508.6,1143.9,577.0
1610,1,car,0.7307,566.3,476.5,651.4,527.7
1610,0,person,0.1967,1199.0,516.3,1218.4,560.5
1610,2,large_vehicle,0.1898,957.1,402.7,1026.4,445.1
1610,1,car,0.1157,957.1,402.7,1026.4,445.1
1611,2,large_vehicle,0.7975,1059.1,508.7,1143.8,577.0
1611,1,car,0.7263,566.1,476.5,651.4,527.7
1611,0,person,0.1829,1199.0,516.3,1218.3,560.6
1611,2,large_vehicle,0.1784,956.9,402.6,1026.5,445.1
1611,1,car,0.1194,956.9,402.6,1026.5,445.1
1612,2,large_vehicle,0.7984,1059.0,508.6,1143.8,577.0
1612,1,car,0.7169,564.8,476.3,651.3,527.8
1612,2,large_vehicle,0.1706,956.8,402.8,1026.2,444.9
1612,0,person,0.1541,1199.1,516.5,1218.4,560.3
1612,2,large_vehicle,0.1115,564.8,476.3,651.3,527.8
1612,1,car,0.1109,956.8,402.8,1026.2,444.9
1613,1,car,0.7224,561.0,475.4,650.8,527.6
1613,2,large_vehicle,0.5497,1051.5,512.0,1134.8,579.0
1613,1,car,0.1802,1051.5,512.0,1134.8,579.0
1613,2,large_vehicle,0.1161,561.0,475.4,650.8,527.6
1613,0,person,0.1029,1199.2,516.8,1218.1,560.1
1614,1,car,0.7159,561.1,475.5,650.8,527.5
1614,2,large_vehicle,0.5482,1051.7,512.0,1134.8,579.0
1614,1,car,0.1746,1051.7,512.0,1134.8,579.0
1614,2,large_vehicle,0.1259,561.1,475.5,650.8,527.5
1615,1,car,0.7852,562.2,475.4,651.5,527.2
1615,2,large_vehicle,0.4699,1042.4,512.6,1127.7,582.1
1615,0,person,0.2949,1199.0,515.9,1218.6,559.5
1615,1,car,0.2674,1042.4,512.6,1127.7,582.1
1615,1,car,0.1372,132.4,719.3,223.9,792.4
1616,1,car,0.7837,562.2,475.4,651.5,527.2
1616,2,large_vehicle,0.4712,1042.3,512.6,1127.8,582.1
1616,0,person,0.2949,1199.0,515.7,1218.6,559.6
1616,1,car,0.2686,1042.3,512.6,1127.8,582.1
1616,1,car,0.1359,132.4,719.3,223.9,792.4
1617,1,car,0.7849,562.2,475.4,651.5,527.2
1617,2,large_vehicle,0.4726,1042.4,512.7,1127.7,582.1
1617,0,person,0.2694,1199.0,515.8,1218.5,559.5
1617,1,car,0.2663,1042.4,512.7,1127.7,582.1
1617,1,car,0.1542,132.3,719.3,224.0,792.5
1618,1,car,0.7401,564.9,475.1,651.6,527.2
1618,2,large_vehicle,0.7016,1032.2,516.3,1122.0,585.3
1618,0,person,0.2084,1199.0,514.5,1218.6,559.7
1618,1,car,0.1207,1032.2,516.3,1122.0,585.3
1619,1,car,0.7338,565.1,475.4,651.5,527.2
1619,2,large_vehicle,0.6741,1032.1,516.3,1121.5,585.4
1619,0,person,0.2859,1199.1,515.5,1218.4,559.6
1619,1,car,0.1526,1032.1,516.3,1121.5,585.4
1619,2,large_vehicle,0.1045,565.1,475.4,651.5,527.2
1620,1,car,0.7303,567.1,475.4,651.5,527.0
1620,2,large_vehicle,0.6663,1025.5,518.5,1112.8,589.0
1620,1,car,0.1701,117.7,720.9,205.9,791.2
1620,1,car,0.1591,1025.5,518.5,1112.8,589.0
1620,0,person,0.1306,1199.2,516.2,1218.4,559.4
1621,1,car,0.7136,566.9,475.3,651.2,527.0
1621,2,large_vehicle,0.6570,1025.5,518.5,1112.8,589.0
1621,0,person,0.1748,1199.2,516.3,1218.7,559.3
1621,1,car,0.1656,1025.5,518.5,1112.8,589.0
1621,1,car,0.1503,117.8,720.8,205.8,791.1
1622,1,car,0.7130,566.2,475.4,651.4,527.1
1622,2,large_vehicle,0.6572,1025.4,518.5,1112.8,589.0
1622,0,person,0.2019,1199.2,516.2,1218.7,559.3
1622,1,car,0.1619,1025.4,518.5,1112.8,589.0
1622,1,car,0.1497,117.8,720.8,205.8,791.1
1623,1,car,0.7457,563.0,474.8,651.1,527.1
1623,2,large_vehicle,0.7192,1015.8,522.7,1104.7,592.3
1623,1,car,0.2627,110.5,720.9,195.6,792.4
1623,0,person,0.2340,1199.0,516.1,1219.0,559.2
1623,1,car,0.1135,1015.8,522.7,1104.7,592.3
1624,1,car,0.7522,562.4,475.0,651.1,527.0
1624,2,large_vehicle,0.7118,1015.9,522.7,1104.9,592.3
1624,1,car,0.2396,110.5,720.9,195.6,792.6
1624,0,person,0.2079,1199.1,516.3,1218.8,559.1
1624,1,car,0.1168,1015.9,522.7,1104.9,592.3
1625,1,car,0.7888,562.5,475.1,651.3,527.0
1625,2,large_vehicle,0.7025,1005.6,524.5,1097.7,595.6
1625,0,person,0.2735,1199.1,516.4,1218.8,559.1
1625,1,car,0.1528,1005.6,524.5,1097.7,595.6
1625,1,car,0.1280,103.3,722.3,187.2,791.5
1625,0,person,0.1231,950.2,425.0,963.0,457.6
1626,1,car,0.7886,562.8,475.3,651.4,526.9
1626,2,large_vehicle,0.6975,1005.6,524.5,1097.7,595.6
1626,0,person,0.1757,1199.1,516.5,1218.5,558.9
1626,1,car,0.1575,1005.6,524.5,1097.7,595.6
1626,1,car,0.1306,103.3,722.2,187.2,791.4
1626,0,person,0.1149,950.3,425.3,963.0,457.7
1627,1,car,0.7875,564.2,475.3,651.7,526.9
1627,2,large_vehicle,0.7027,1005.6,524.5,1098.0,595.6
1627,0,person,0.1786,1199.1,516.3,1218.5,559.1
1627,1,car,0.1505,1005.6,524.5,1098.0,595.6
1627,0,person,0.1245,950.4,425.1,963.1,457.7
1627,1,car,0.1217,103.3,722.2,187.2,791.3
1628,2,large_vehicle,0.7635,996.6,525.5,1087.2,599.0
1628,1,car,0.7512,563.5,474.8,651.8,527.0
1628,1,car,0.4615,96.7,723.3,179.8,790.0
1628,0,person,0.4187,1199.0,516.3,1218.7,559.1
1628,0,person,0.1056,949.6,424.8,962.3,458.2
1629,2,large_vehicle,0.7704,996.5,525.5,1087.2,599.0
1629,1,car,0.7485,563.4,474.6,651.9,527.0
1629,1,car,0.4458,96.7,723.3,179.8,790.5
1629,0,person,0.4434,1199.0,516.1,1218.8,559.3
1629,0,person,0.1106,949.6,424.8,962.4,458.2
1630,2,large_vehicle,0.8312,986.7,527.8,1081.9,603.2
1630,1,car,0.7179,563.6,474.6,651.6,526.9
1630,0,person,0.3020,1198.8,514.7,1219.0,559.6
1631,2,large_vehicle,0.8390,986.7,527.9,1081.5,603.1
1631,1,car,0.7197,563.7,474.6,651.6,526.9
1631,0,person,0.2868,1198.9,514.4,1219.0,559.6
1632,1,car,0.7377,563.3,474.7,651.3,527.0
1632,2,large_vehicle,0.7240,976.7,529.9,1074.3,607.4
1632,1,car,0.4192,82.6,725.2,163.3,795.8
1632,0,person,0.2081,1198.8,514.6,1219.3,559.7
1632,1,car,0.1059,976.7,529.9,1074.3,607.4
1633,1,car,0.7198,563.5,474.7,651.4,527.0
1633,2,large_vehicle,0.7191,976.7,529.9,1074.2,607.5
1633,1,car,0.4024,82.6,725.2,163.3,795.9
1633,0,person,0.1430,1198.6,514.1,1219.2,559.3
1633,1,car,0.1085,976.7,529.9,1074.2,607.5
1634,1,car,0.7929,561.6,474.9,651.5,526.8
1634,2,large_vehicle,0.5293,965.2,533.1,1065.3,609.4
1634,0,person,0.3336,1198.7,516.2,1219.1,559.1
1634,1,car,0.3012,965.2,533.1,1065.3,609.4
1634,3,motorcycle,0.2678,76.4,725.6,157.3,794.3
1634,4,other_vehicle,0.1418,76.4,725.6,157.3,794.3
1634,0,person,0.1085,84.4,741.2,110.3,780.5
1635,1,car,0.7962,561.8,475.1,651.3,526.8
1635,2,large_vehicle,0.5174,965.3,533.1,1065.3,609.4
1635,0,person,0.4394,1198.8,517.2,1219.1,558.8
1635,1,car,0.3110,965.3,533.1,1065.3,609.4
1635,3,motorcycle,0.2766,76.3,725.8,157.1,794.2
1635,4,other_vehicle,0.1534,76.3,725.8,157.1,794.2
1635,0,person,0.1155,84.5,741.2,110.2,780.7
1636,1,car,0.7812,562.5,474.9,651.4,526.8
1636,2,large_vehicle,0.5316,965.3,532.8,1065.1,609.3
1636,0,person,0.4402,1198.8,517.0,1219.2,558.7
1636,1,car,0.2966,965.3,532.8,1065.1,609.3
1636,3,motorcycle,0.2705,76.4,725.5,157.3,794.3
1636,4,other_vehicle,0.1393,76.4,725.5,157.3,794.3
1636,0,person,0.1058,84.4,741.1,110.2,780.4
1637,2,large_vehicle,0.7246,955.1,535.8,1056.1,613.5
1637,1,car,0.7183,563.6,474.7,651.7,526.9
1637,0,person,0.5021,83.7,730.1,109.4,775.5
1637,0,person,0.3835,1198.6,515.3,1219.0,558.5
1637,3,motorcycle,0.2915,69.3,726.4,149.1,793.6
1637,4,other_vehicle,0.2238,69.3,726.4,149.1,793.6
1637,1,car,0.2106,945.9,402.2,1026.1,445.4
1637,1,car,0.1357,955.1,535.8,1056.1,613.5
1638,2,large_vehicle,0.7190,955.1,535.8,1055.8,613.6
1638,1,car,0.7115,563.3,474.5,651.8,526.9
1638,0,person,0.5006,83.6,730.1,109.5,775.4
1638,0,person,0.3905,1198.5,515.1,1219.0,558.7
1638,3,motorcycle,0.2931,69.3,726.2,149.1,793.6
1638,1,car,0.2230,946.6,402.2,1026.1,445.4
1638,4,other_vehicle,0.2124,69.3,726.2,149.1,793.6
1638,1,car,0.1448,955.1,535.8,1055.8,613.6
1638,2,large_vehicle,0.1044,946.6,402.2,1026.1,445.4
1638,3,motorcycle,0.1034,68.4,748.1,144.1,793.8
1638,2,large_vehicle,0.1033,563.3,474.5,651.8,526.9
1639,2,large_vehicle,0.7810,944.9,539.0,1045.4,616.1
1639,1,car,0.7034,567.9,474.9,651.9,526.8
1639,3,motorcycle,0.4845,64.2,730.5,141.7,793.6
1639,0,person,0.3141,79.6,730.7,107.3,773.5
1639,1,car,0.3079,948.6,402.0,1027.0,445.6
1639,3,motorcycle,0.2317,64.3,748.4,138.1,793.5
1639,0,person,0.2141,1198.6,514.1,1219.2,558.9
1639,2,large_vehicle,0.1299,948.6,402.0,1027.0,445.6
1639,0,person,0.1160,76.8,729.5,101.7,772.9
1639,0,person,0.1083,945.0,423.4,960.4,461.1
1640,2,large_vehicle,0.7790,944.9,539.0,1045.4,616.1
1640,1,car,0.7018,568.0,474.9,651.9,526.8
1640,3,motorcycle,0.4878,64.3,730.3,141.7,793.6
1640,0,person,0.3133,79.6,730.7,107.3,773.4
1640,1,car,0.3053,948.5,402.2,1027.0,445.6
1640,3,motorcycle,0.2291,64.3,748.5,138.1,793.5
1640,0,person,0.2257,1198.7,514.3,1219.2,558.9
1640,2,large_vehicle,0.1260,948.5,402.2,1027.0,445.6
1640,0,person,0.1137,76.9,729.7,101.7,772.6
1640,0,person,0.1081,945.0,423.3,960.5,461.1
1641,2,large_vehicle,0.7790,944.9,539.0,1045.2,616.1
1641,1,car,0.6933,567.9,474.8,651.9,526.8
1641,3,motorcycle,0.4881,64.2,730.6,141.6,793.6
1641,0,person,0.3504,1198.8,514.9,1219.3,559.3
1641,1,car,0.3230,948.7,402.1,1027.2,445.6
1641,0,person,0.3144,79.6,730.4,107.4,773.6
1641,3,motorcycle,0.2250,64.2,748.3,138.2,793.5
1641,2,large_vehicle,0.1268,948.7,402.1,1027.2,445.6
1641,0,person,0.1131,76.9,729.2,101.8,772.9
1641,0,person,0.1046,945.0,423.3,960.4,461.3
1642,2,large_vehicle,0.7998,935.4,540.9,1031.2,619.0
1642,1,car,0.7362,560.7,474.1,651.5,527.0
1642,0,person,0.4379,1198.9,515.5,1219.4,559.1
1642,3,motorcycle,0.3752,59.4,727.6,134.1,793.2
1642,0,person,0.3302,72.7,732.1,99.1,770.4
1642,0,person,0.1695,71.8,732.6,100.3,777.8
1642,3,motorcycle,0.1236,58.1,749.9,131.2,793.2
1642,1,car,0.1236,953.0,402.1,1026.8,445.1
1642,2,large_vehicle,0.1019,560.7,474.1,651.5,527.0
1643,2,large_vehicle,0.8095,935.4,541.0,1030.8,619.0
1643,1,car,0.7399,560.8,474.1,651.5,527.0
1643,0,person,0.4384,1198.9,515.1,1219.4,559.2
1643,3,motorcycle,0.3782,59.4,727.8,134.1,793.2
1643,0,person,0.3461,72.7,732.0,99.2,770.6
1643,0,person,0.1580,71.8,732.5,100.3,777.8
1643,1,car,0.1531,952.4,402.1,1026.9,445.2
1643,3,motorcycle,0.1266,58.1,749.9,131.2,793.2
1644,1,car,0.7858,561.4,474.6,651.6,526.9
1644,2,large_vehicle,0.7550,921.7,544.2,1026.5,623.1
1644,0,person,0.4238,1198.8,514.8,1219.4,559.1
1644,0,person,0.3510,69.0,733.5,93.1,772.3
1644,3,motorcycle,0.3410,54.0,750.5,120.0,793.2
1644,0,person,0.2227,65.8,733.7,89.3,774.4
1644,3,motorcycle,0.2190,53.5,737.5,127.7,793.5
1645,1,car,0.7931,561.6,474.6,651.7,526.9
1645,2,large_vehicle,0.7496,921.6,544.1,1026.7,623.1
1645,0,person,0.4283,1198.8,514.8,1219.4,559.1
1645,0,person,0.3333,69.0,733.5,92.9,772.0
1645,3,motorcycle,0.3295,54.0,750.5,119.6,793.3
1645,0,person,0.2421,65.6,733.8,89.1,774.1
1645,3,motorcycle,0.2181,53.5,735.4,127.7,793.5
1645,1,car,0.1093,947.2,402.0,1026.1,445.5
1646,1,car,0.7935,561.6,474.6,651.7,526.9
1646,2,large_vehicle,0.7493,921.6,544.1,1026.9,623.1
1646,0,person,0.4270,1198.8,514.7,1219.4,559.1
1646,0,person,0.3338,69.0,733.5,92.9,772.0
1646,3,motorcycle,0.3301,54.0,750.5,119.8,793.3
1646,0,person,0.2403,65.7,733.8,89.1,774.1
1646,3,motorcycle,0.2205,53.5,735.7,127.7,793.5
1647,1,car,0.7441,562.1,474.1,652.5,526.9
1647,2,large_vehicle,0.5603,909.1,546.6,1010.3,626.0
1647,0,person,0.2601,61.4,731.6,86.1,770.4
1647,3,motorcycle,0.2457,48.8,729.0,120.4,792.1
1647,0,person,0.1980,1198.8,506.0,1220.1,558.5
1647,1,car,0.1953,949.6,401.7,1027.2,445.5
1647,0,person,0.1871,59.7,732.6,88.2,778.4
1647,1,car,0.1424,909.1,546.6,1010.3,626.0
1648,1,car,0.7300,563.9,474.5,653.2,526.8
1648,2,large_vehicle,0.5350,909.1,546.6,1010.5,625.8
1648,0,person,0.2636,61.4,731.7,86.1,770.2
1648,3,motorcycle,0.2548,48.8,729.0,120.3,791.9
1648,0,person,0.2373,1198.8,503.5,1219.9,558.8
1648,0,person,0.1854,59.7,732.8,88.1,778.3
1648,1,car,0.1812,950.6,401.8,1027.1,445.5
1648,1,car,0.1436,909.1,546.6,1010.5,625.8
1649,1,car,0.7212,568.4,474.8,652.6,526.7
1649,2,large_vehicle,0.6222,898.4,549.8,998.5,629.5
1649,0,person,0.3268,1198.2,498.7,1220.1,559.0
1649,1,car,0.2384,898.4,549.8,998.5,629.5
1649,3,motorcycle,0.2123,43.8,728.9,113.7,792.0
1649,0,person,0.1819,58.5,730.1,83.6,769.2
1649,4,other_vehicle,0.1737,43.8,728.9,113.7,792.0
1649,1,car,0.1444,953.2,401.5,1027.1,445.3
1649,0,person,0.1192,56.2,731.0,86.7,779.1
1649,0,person,0.1076,55.7,730.3,78.1,769.2
1650,1,car,0.7224,568.4,474.8,652.9,526.7
1650,2,large_vehicle,0.6265,898.5,549.8,998.7,629.5
1650,0,person,0.2537,1198.3,499.1,1220.0,559.1
1650,1,car,0.2370,898.5,549.8,998.7,629.5
1650,3,motorcycle,0.1936,43.9,728.9,113.7,792.0
1650,4,other_vehicle,0.1771,43.9,728.9,113.7,792.0
1650,0,person,0.1755,58.5,730.1,83.6,769.0
1650,1,car,0.1621,953.5,401.5,1027.2,445.2
1650,0,person,0.1159,56.3,730.9,86.7,778.9
1650,0,person,0.1045,55.8,730.4,78.1,768.9
1651,1,car,0.7183,567.4,474.6,652.9,526.8
1651,2,large_vehicle,0.6229,898.6,549.7,998.4,629.5
1651,1,car,0.2366,898.6,549.7,998.4,629.5
1651,3,motorcycle,0.1963,43.8,728.6,113.7,792.0
1651,0,person,0.1633,58.5,730.2,83.6,768.9
1651,4,other_vehicle,0.1563,43.8,728.6,113.7,792.0
1651,0,person,0.1374,1198.2,498.6,1219.9,559.0
1651,1,car,0.1313,953.7,401.6,1027.2,445.2
1651,0,person,0.1177,56.4,730.7,86.7,779.7
1652,1,car,0.7632,562.4,474.7,652.1,526.8
1652,2,large_vehicle,0.6337,886.1,552.5,986.6,632.2
1652,4,other_vehicle,0.3269,39.5,726.2,108.3,791.5
1652,0,person,0.3145,1197.9,495.9,1220.2,559.3
1652,1,car,0.2198,886.1,552.5,986.6,632.2
1652,3,motorcycle,0.1829,39.5,726.2,108.3,791.5
1652,1,car,0.1597,951.2,401.9,1027.2,445.6
1652,0,person,0.1546,51.5,730.9,76.2,769.1
1652,0,person,0.1507,48.8,731.2,78.3,779.2
1652,0,person,0.1417,939.4,428.5,954.7,459.5
1653,1,car,0.7516,561.7,474.5,652.0,526.8
1653,2,large_vehicle,0.6372,886.1,552.4,986.6,632.2
1653,0,person,0.3437,1197.9,495.4,1220.1,559.1
1653,4,other_vehicle,0.3397,39.5,726.3,108.3,791.5
1653,1,car,0.2152,886.1,552.4,986.6,632.2
1653,1,car,0.1887,951.4,401.9,1027.3,445.5
1653,3,motorcycle,0.1738,39.5,726.3,108.3,791.5
1653,0,person,0.1581,49.0,731.4,78.3,779.2
1653,0,person,0.1572,51.5,731.1,76.2,769.1
1653,0,person,0.1532,939.4,428.3,954.7,459.5
1654,1,car,0.7797,562.6,474.9,652.2,526.7
1654,2,large_vehicle,0.7571,874.3,556.4,976.6,636.3
1654,4,other_vehicle,0.3922,35.0,726.8,100.9,792.0
1654,0,person,0.3721,1198.2,498.6,1220.1,559.1
1654,0,person,0.1959,47.8,731.6,72.4,767.8
1654,0,person,0.1465,939.1,429.3,952.5,460.1
1654,1,car,0.1245,956.2,402.0,1026.9,445.2
1654,1,car,0.1185,874.3,556.4,976.6,636.3
1654,0,person,0.1022,45.4,730.2,75.0,778.2
1655,1,car,0.7802,562.7,474.9,652.2,526.6
1655,2,large_vehicle,0.7537,874.2,556.4,976.8,636.4
1655,4,other_vehicle,0.3927,35.0,726.8,101.0,792.0
1655,0,person,0.3609,1198.2,498.9,1220.1,559.1
1655,0,person,0.1921,47.8,731.5,72.4,767.8
1655,0,person,0.1888,939.0,429.2,952.5,460.3
1655,1,car,0.1359,956.1,401.9,1026.9,445.2
1655,1,car,0.1217,874.2,556.4,976.8,636.4
1655,0,person,0.1031,45.4,730.2,74.9,778.2
1656,1,car,0.7634,563.6,474.4,652.8,526.7
1656,2,large_vehicle,0.5024,861.1,559.9,964.6,641.8
1656,1,car,0.4254,861.1,559.9,964.6,641.8
1656,4,other_vehicle,0.3313,33.0,729.9,95.2,790.9
1656,0,person,0.2096,1198.7,502.6,1220.1,558.9
1656,1,car,0.2000,954.6,402.2,1027.2,445.0
1657,1,car,0.7777,563.0,474.4,652.8,526.6
1657,2,large_vehicle,0.4939,861.1,559.8,964.6,642.0
1657,1,car,0.4330,861.1,559.8,964.6,642.0
1657,4,other_vehicle,0.3286,33.0,729.8,95.2,790.9
1657,1,car,0.1740,954.5,402.0,1026.5,445.0
1657,0,person,0.1595,1198.7,503.2,1220.1,558.7
1658,1,car,0.7129,566.0,474.6,652.4,526.6
1658,2,large_vehicle,0.6296,850.4,562.1,952.4,644.8
1658,4,other_vehicle,0.3588,30.2,728.4,90.0,790.4
1658,0,person,0.2336,1198.0,496.6,1220.1,558.8
1658,1,car,0.1852,850.4,562.1,952.4,644.8
1658,0,person,0.1378,938.5,430.7,951.9,459.2
1658,1,car,0.1374,956.7,402.1,1026.1,445.1
1658,2,large_vehicle,0.1130,956.7,402.1,1026.1,445.1
1658,4,other_vehicle,0.1068,30.6,729.0,89.8,790.4
1659,1,car,0.7068,566.3,474.5,652.5,526.6
1659,2,large_vehicle,0.6452,850.3,562.1,952.5,644.8
1659,4,other_vehicle,0.3024,30.2,728.4,89.9,790.4
1659,0,person,0.2040,1197.9,496.3,1220.2,559.0
1659,1,car,0.1704,850.3,562.1,952.5,644.8
1659,4,other_vehicle,0.1611,30.7,729.1,89.7,790.4
1659,1,car,0.1431,956.5,402.0,1026.4,445.1
1659,0,person,0.1319,938.5,430.7,951.9,459.2
1659,2,large_vehicle,0.1086,956.5,402.0,1026.4,445.1
1660,1,car,0.7044,567.0,474.6,652.3,526.6
1660,2,large_vehicle,0.6073,850.3,562.1,952.4,644.7
1660,4,other_vehicle,0.3087,30.2,728.3,90.0,790.4
1660,0,person,0.2699,1197.8,495.7,1220.4,559.2
1660,1,car,0.2026,850.3,562.1,952.4,644.7
1660,4,other_vehicle,0.1851,30.9,728.7,89.4,790.1
1660,1,car,0.1472,957.0,402.1,1026.6,445.0
1660,0,person,0.1185,938.6,430.3,952.1,459.1
1660,2,large_vehicle,0.1075,957.0,402.1,1026.6,445.0
1661,1,car,0.7465,563.6,474.7,651.9,526.8
1661,1,car,0.5676,834.9,565.6,941.2,651.6
1661,4,other_vehicle,0.4849,25.4,729.7,84.0,790.9
1661,2,large_vehicle,0.3028,834.9,565.6,941.2,651.6
1661,0,person,0.2301,492.5,505.3,508.7,548.1
1661,0,person,0.1976,937.5,426.0,951.1,458.0
1661,0,person,0.1731,1198.1,497.8,1220.1,559.3
1662,1,car,0.7496,563.2,474.6,651.9,526.8
1662,1,car,0.5666,834.9,565.6,941.3,651.7
1662,4,other_vehicle,0.4883,25.4,729.7,84.0,790.9
1662,2,large_vehicle,0.3041,834.9,565.6,941.3,651.7
1662,0,person,0.2204,492.4,505.3,508.7,548.2
1662,0,person,0.1943,937.5,426.1,951.1,458.0
1662,0,person,0.1113,1198.3,498.9,1220.1,559.7
1663,1,car,0.7844,564.0,474.8,651.9,526.8
1663,2,large_vehicle,0.5441,823.2,569.4,927.7,655.4
1663,0,person,0.3219,937.0,426.7,950.1,458.5
1663,1,car,0.3127,823.2,569.4,927.7,655.4
1663,1,car,0.2543,22.1,729.9,79.9,790.1
1663,4,other_vehicle,0.2517,20.1,729.5,80.2,789.8
1663,0,person,0.2038,491.8,505.3,508.4,548.1
1663,4,other_vehicle,0.1663,22.1,729.9,79.9,790.1
1663,1,car,0.1298,957.6,402.7,1026.0,445.0
1664,1,car,0.7855,564.0,474.8,651.9,526.8
1664,2,large_vehicle,0.5429,823.2,569.4,927.7,655.3
1664,1,car,0.3151,823.2,569.4,927.7,655.3
1664,0,person,0.3126,937.0,426.8,950.2,458.5
1664,1,car,0.2555,22.1,729.9,79.9,790.1
1664,4,other_vehicle,0.2486,20.1,729.5,80.2,789.8
1664,0,person,0.1991,491.8,505.3,508.4,548.1
1664,4,other_vehicle,0.1681,22.1,729.9,79.9,790.1
1664,1,car,0.1361,957.1,402.5,1025.9,445.1
1665,1,car,0.7983,561.8,474.8,651.9,526.8
1665,2,large_vehicle,0.5399,823.3,569.4,927.7,655.4
1665,0,person,0.3192,937.0,426.7,950.1,458.5
1665,1,car,0.3137,823.3,569.4,927.7,655.4
1665,0,person,0.2636,1199.0,514.8,1219.6,558.8
1665,1,car,0.2565,22.1,729.9,79.9,790.1
1665,4,other_vehicle,0.2456,20.1,729.5,80.2,789.8
1665,0,person,0.1954,491.8,505.2,508.4,548.1
1665,4,other_vehicle,0.1597,22.1,729.9,79.9,790.1
1665,1,car,0.1388,957.6,403.0,1026.0,445.0
1666,1,car,0.7929,562.9,474.3,652.3,526.7
1666,2,large_vehicle,0.5841,810.4,573.4,917.5,658.0
1666,0,person,0.3808,490.8,504.9,507.6,548.1
1666,1,car,0.3023,957.1,402.7,1026.6,445.1
1666,1,car,0.2535,810.4,573.4,917.5,658.0
1666,1,car,0.2479,17.5,730.4,73.7,788.9
1666,4,other_vehicle,0.2312,17.5,730.4,73.7,788.9
1666,2,large_vehicle,0.1672,957.1,402.7,1026.6,445.1
1667,1,car,0.7960,562.6,474.3,652.3,526.8
1667,2,large_vehicle,0.6002,810.4,573.4,917.3,658.0
1667,0,person,0.3878,490.8,504.9,507.7,548.1
1667,1,car,0.3251,956.9,402.9,1026.6,445.1
1667,4,other_vehicle,0.2574,17.5,730.4,73.7,788.8
1667,1,car,0.2476,17.5,730.4,73.7,788.8
1667,1,car,0.2399,810.4,573.4,917.3,658.0
1667,2,large_vehicle,0.1510,956.9,402.9,1026.6,445.1
1668,1,car,0.7395,565.1,474.3,652.2,526.7
1668,1,car,0.4585,796.4,576.8,913.4,662.3
1668,2,large_vehicle,0.4048,796.4,576.8,913.4,662.3
1668,1,car,0.3090,954.7,402.5,1026.6,445.4
1668,0,person,0.2276,489.7,504.9,506.2,547.8
1668,2,large_vehicle,0.2184,954.7,402.5,1026.6,445.4
1668,4,other_vehicle,0.1461,11.6,730.0,68.5,789.9
1668,4,other_vehicle,0.1140,14.2,729.7,66.7,788.5
1669,1,car,0.7364,565.6,474.5,652.0,526.7
1669,1,car,0.4673,796.4,576.9,913.2,662.3
1669,2,large_vehicle,0.3888,796.4,576.9,913.2,662.3
1669,1,car,0.2912,954.0,402.1,1026.7,445.4
1669,2,large_vehicle,0.2256,954.0,402.1,1026.7,445.4
1669,0,person,0.2197,489.8,505.1,506.3,547.8
1669,4,other_vehicle,0.1335,11.4,729.8,68.7,789.6
1669,4,other_vehicle,0.1284,14.0,729.5,67.4,787.2
1670,1,car,0.7395,565.5,474.5,652.2,526.7
1670,1,car,0.4698,796.4,576.9,913.1,662.3
1670,2,large_vehicle,0.3860,796.4,576.9,913.1,662.3
1670,1,car,0.2906,954.0,402.1,1026.7,445.4
1670,0,person,0.2524,489.8,504.9,506.3,547.8
1670,2,large_vehicle,0.2305,954.0,402.1,1026.7,445.4
1670,4,other_vehicle,0.1380,11.4,729.8,68.7,789.6
1670,4,other_vehicle,0.1274,14.0,729.5,67.4,787.3
1671,1,car,0.7507,561.0,474.6,651.8,526.8
1671,2,large_vehicle,0.5474,784.0,581.0,894.3,666.0
1671,0,person,0.3107,489.8,504.5,505.9,547.5
1671,1,car,0.2946,784.0,581.0,894.3,666.0
1671,0,person,0.2783,935.0,426.7,947.8,461.6
1671,2,large_vehicle,0.2600,956.9,402.2,1026.3,445.4
1671,1,car,0.2386,956.9,402.2,1026.3,445.4
1672,1,car,0.7431,561.3,474.5,651.7,526.8
1672,2,large_vehicle,0.5448,783.9,580.9,894.4,665.9
1672,1,car,0.2999,783.9,580.9,894.4,665.9
1672,1,car,0.2452,956.4,402.2,1026.3,445.4
1672,0,person,0.2424,489.9,504.5,505.9,547.4
1672,2,large_vehicle,0.2139,956.4,402.2,1026.3,445.4
1672,0,person,0.1963,935.0,426.4,947.9,461.7
1673,1,car,0.8070,562.2,474.8,651.7,526.9
1673,1,car,0.4640,769.2,581.8,880.9,670.0
1673,2,large_vehicle,0.4433,769.2,581.8,880.9,670.0
1673,0,person,0.4198,489.2,505.2,505.1,547.7
1673,4,other_vehicle,0.2751,6.4,729.1,57.5,789.1
1673,4,other_vehicle,0.1212,3.9,728.6,57.7,789.4
1673,1,car,0.1144,956.3,402.3,1026.1,445.3
1673,0,person,0.1070,1198.7,512.4,1219.4,559.0
1673,2,large_vehicle,0.1027,956.3,402.3,1026.1,445.3
1674,1,car,0.8004,561.9,474.9,651.5,526.9
1674,1,car,0.4624,769.2,581.8,880.8,670.0
1674,2,large_vehicle,0.4446,769.2,581.8,880.8,670.0
1674,0,person,0.4204,489.2,505.2,505.1,547.7
1674,4,other_vehicle,0.2667,6.4,729.2,57.5,789.1
1674,0,person,0.2512,1198.7,513.6,1219.4,558.9
1674,4,other_vehicle,0.1183,3.9,728.7,57.7,789.4
1674,1,car,0.1078,956.6,402.6,1025.9,445.2
1675,1,car,0.7989,562.3,474.9,651.6,526.9
1675,1,car,0.4867,769.2,581.7,880.9,670.0
1675,2,large_vehicle,0.4175,769.2,581.7,880.9,670.0
1675,0,person,0.3453,489.4,505.2,505.2,547.7
1675,4,other_vehicle,0.3040,6.3,729.2,57.6,789.2
1675,0,person,0.1867,1198.3,501.6,1220.1,558.9
1675,2,large_vehicle,0.1482,957.0,402.2,1025.7,445.2
1675,1,car,0.1379,957.0,402.2,1025.7,445.2
1676,1,car,0.7583,563.1,474.6,652.3,526.8
1676,2,large_vehicle,0.5444,754.3,584.6,866.1,674.3
1676,1,car,0.3205,754.3,584.6,866.1,674.3
1676,1,car,0.1671,956.7,402.7,1025.7,445.2
1676,2,large_vehicle,0.1476,956.7,402.7,1025.7,445.2
1676,0,person,0.1028,1198.5,502.2,1219.8,558.6
1677,1,car,0.7537,561.7,474.1,652.4,526.9
1677,2,large_vehicle,0.5398,754.3,584.6,866.0,674.3
1677,1,car,0.3248,754.3,584.6,866.0,674.3
1677,1,car,0.1951,956.3,402.4,1026.1,445.3
1677,2,large_vehicle,0.1811,956.3,402.4,1026.1,445.3
1677,0,person,0.1276,1198.7,505.3,1220.0,558.3
1677,4,other_vehicle,0.1030,0.8,731.3,53.1,788.5
1678,1,car,0.7379,567.0,474.7,651.9,526.8
1678,1,car,0.5757,740.0,588.3,856.4,678.7
1678,2,large_vehicle,0.2496,740.0,588.3,856.4,678.7
1678,0,person,0.1444,1198.9,514.4,1219.2,558.7
1678,2,large_vehicle,0.1424,957.8,401.8,1026.5,445.3
1678,1,car,0.1246,957.8,401.8,1026.5,445.3
1679,1,car,0.7407,567.1,474.7,651.9,526.8
1679,1,car,0.5921,740.1,588.3,856.6,678.7
1679,2,large_vehicle,0.2370,740.1,588.3,856.6,678.7
1679,2,large_vehicle,0.1549,958.0,401.8,1026.4,445.3
1679,1,car,0.1306,958.0,401.8,1026.4,445.3
1679,0,person,0.1283,1198.8,514.2,1219.2,558.8
1680,1,car,0.7507,560.9,474.4,651.9,526.7
1680,1,car,0.6017,726.0,592.5,843.9,682.1
1680,2,large_vehicle,0.2479,726.0,592.5,843.9,682.1
1680,2,large_vehicle,0.1625,957.9,401.7,1027.2,445.2
1680,0,person,0.1569,1198.8,514.6,1219.2,559.1
1680,1,car,0.1443,0.0,725.2,42.5,789.3
1680,1,car,0.1425,957.9,401.7,1027.2,445.2
1681,1,car,0.7472,561.5,474.3,651.9,526.8
1681,1,car,0.6006,726.0,592.6,844.1,682.1
1681,2,large_vehicle,0.2468,726.0,592.6,844.1,682.1
1681,2,large_vehicle,0.1555,957.3,402.0,1027.1,445.3
1681,1,car,0.1485,957.3,402.0,1027.1,445.3
1681,1,car,0.1473,0.0,725.1,42.7,789.3
1681,2,large_vehicle,0.1018,0.0,725.1,42.7,789.3
1682,1,car,0.7740,561.9,474.8,651.5,526.9
1682,1,car,0.6347,710.7,596.1,826.1,686.8
1682,0,person,0.3538,1198.9,516.3,1219.3,558.7
1682,2,large_vehicle,0.2143,710.7,596.1,826.1,686.8
1682,2,large_vehicle,0.1782,957.8,402.0,1027.1,445.3
1682,1,car,0.1002,957.8,402.0,1027.1,445.3
1683,1,car,0.7760,561.4,474.5,651.4,526.9
1683,1,car,0.6478,710.7,596.1,826.3,686.7
1683,0,person,0.2881,1198.8,515.1,1219.2,558.8
1683,2,large_vehicle,0.2029,710.7,596.1,826.3,686.7
1683,2,large_vehicle,0.1650,957.8,402.0,1027.1,445.3
1683,1,car,0.1205,957.8,402.0,1027.1,445.3
1684,1,car,0.7662,561.7,474.6,651.4,526.9
1684,1,car,0.6301,710.7,596.1,826.1,686.8
1684,0,person,0.2884,1198.8,515.6,1219.3,558.7
1684,2,large_vehicle,0.2203,710.7,596.1,826.1,686.8
1684,2,large_vehicle,0.1585,957.4,401.9,1027.2,445.4
1684,0,person,0.1242,930.8,439.2,944.8,464.6
1684,1,car,0.1028,957.4,401.9,1027.2,445.4
1685,1,car,0.7290,562.1,474.0,651.8,526.9
1685,1,car,0.6334,697.2,599.7,811.9,690.7
1685,0,person,0.3546,1198.9,515.1,1219.5,558.7
1685,2,large_vehicle,0.2512,697.2,599.7,811.9,690.7
1685,4,other_vehicle,0.2037,0.4,728.8,34.0,785.8
1685,2,large_vehicle,0.1044,562.1,474.0,651.8,526.9
1685,1,car,0.1012,956.9,402.4,1025.5,445.1
1686,1,car,0.7167,562.4,473.8,652.4,526.9
1686,1,car,0.6192,697.1,599.7,811.9,690.7
1686,0,person,0.3410,1198.8,514.9,1219.5,558.6
1686,2,large_vehicle,0.2677,697.1,599.7,811.9,690.7
1686,4,other_vehicle,0.2123,0.4,728.7,34.4,785.9
1686,2,large_vehicle,0.1126,956.8,402.7,1025.5,445.2
1686,1,car,0.1078,956.8,402.7,1025.5,445.2
1687,1,car,0.7157,567.5,474.7,651.8,526.6
1687,1,car,0.4511,682.9,602.1,797.4,693.8
1687,2,large_vehicle,0.3919,682.9,602.1,797.4,693.8
1687,4,other_vehicle,0.2647,0.4,726.0,32.3,785.7
1687,1,car,0.2401,955.9,402.5,1027.1,445.4
1687,0,person,0.2199,929.9,429.7,942.9,461.2
1687,2,large_vehicle,0.1973,955.9,402.5,1027.1,445.4
1687,2,large_vehicle,0.1150,0.0,718.7,33.2,785.6
1688,1,car,0.7141,567.6,474.8,651.8,526.6
1688,1,car,0.4532,682.9,602.1,797.4,693.7
1688,2,large_vehicle,0.3903,682.9,602.1,797.4,693.7
1688,4,other_vehicle,0.2600,0.4,726.0,32.3,785.8
1688,1,car,0.2260,955.9,402.5,1026.8,445.4
1688,0,person,0.2178,929.9,429.8,942.9,461.2
1688,2,large_vehicle,0.1883,955.9,402.5,1026.8,445.4
1688,0,person,0.1401,1198.8,514.2,1219.0,558.8
1688,2,large_vehicle,0.1143,0.0,718.8,33.2,785.6
1689,1,car,0.7192,567.8,474.8,651.8,526.6
1689,1,car,0.4302,683.0,602.1,797.4,693.7
1689,2,large_vehicle,0.4145,683.0,602.1,797.4,693.7
1689,4,other_vehicle,0.2627,0.4,726.6,32.3,785.8
1689,1,car,0.2575,956.5,402.6,1027.4,445.5
1689,2,large_vehicle,0.2129,956.5,402.6,1027.4,445.5
1689,0,person,0.2050,929.9,429.9,942.8,461.2
1689,0,person,0.1171,1198.8,514.8,1218.9,558.7
1689,2,large_vehicle,0.1035,0.0,719.4,33.3,785.5
1690,1,car,0.7287,561.9,474.6,651.6,526.7
1690,1,car,0.5146,667.6,607.4,782.8,698.6
1690,2,large_vehicle,0.3490,667.6,607.4,782.8,698.6
1690,1,car,0.1819,955.7,402.3,1027.3,445.4
1690,2,large_vehicle,0.1615,955.7,402.3,1027.3,445.4
1690,0,person,0.1390,486.4,504.9,502.4,547.7
1690,0,person,0.1137,1198.8,513.9,1218.9,558.7
1691,1,car,0.7256,561.8,474.5,651.6,526.7
1691,1,car,0.5058,667.6,607.4,782.8,698.6
1691,2,large_vehicle,0.3560,667.6,607.4,782.8,698.6
1691,1,car,0.1827,955.9,402.3,1027.1,445.4
1691,2,large_vehicle,0.1644,955.9,402.3,1027.1,445.4
1691,0,person,0.1372,486.4,504.9,502.4,547.6
1691,0,person,0.1096,1198.8,514.4,1218.9,558.6
1692,1,car,0.8011,561.3,474.8,651.1,526.8
1692,1,car,0.5832,652.9,610.2,769.1,702.2
1692,0,person,0.2289,928.6,437.0,941.0,463.4
1692,2,large_vehicle,0.2019,652.9,610.2,769.1,702.2
1692,0,person,0.1410,1198.9,515.7,1218.9,558.8
1692,2,large_vehicle,0.1317,957.7,402.9,1026.6,445.3
1692,1,car,0.1218,957.7,402.9,1026.6,445.3
1692,0,person,0.1071,486.4,506.0,502.1,548.3
1693,1,car,0.7911,561.4,474.6,651.5,526.8
1693,1,car,0.5849,652.8,610.2,769.1,702.2
1693,0,person,0.3102,1198.8,515.4,1219.1,558.7
1693,0,person,0.2056,928.6,436.7,941.0,463.4
1693,2,large_vehicle,0.1990,652.8,610.2,769.1,702.2
1693,2,large_vehicle,0.1521,957.8,402.8,1026.9,445.2
1693,1,car,0.1382,957.8,402.8,1026.9,445.2
1694,1,car,0.7933,561.4,474.6,651.5,526.8
1694,1,car,0.5877,652.8,610.2,769.1,702.2
1694,0,person,0.3125,1198.8,515.3,1219.2,558.8
1694,0,person,0.2056,928.6,436.7,941.0,463.4
1694,2,large_vehicle,0.1955,652.8,610.2,769.1,702.2
1694,2,large_vehicle,0.1520,957.8,402.8,1026.8,445.2
1694,1,car,0.1381,957.8,402.8,1026.8,445.2
1694,0,person,0.1002,486.3,506.0,502.2,548.1
1695,1,car,0.7545,562.3,474.1,652.4,526.7
1695,1,car,0.6868,637.5,612.4,753.7,705.7
1695,0,person,0.5565,484.5,504.6,503.3,548.5
1695,0,person,0.4077,1198.8,514.8,1219.2,558.6
1695,1,car,0.1625,956.6,403.2,1026.9,445.1
1695,2,large_vehicle,0.1424,956.6,403.2,1026.9,445.1
1695,2,large_vehicle,0.1330,637.5,612.4,753.7,705.7
1695,0,person,0.1227,927.7,434.6,940.0,462.7
1696,1,car,0.7483,561.8,474.4,652.2,526.7
1696,1,car,0.6860,637.4,612.4,753.6,705.6
1696,0,person,0.5726,484.6,504.6,503.3,548.5
1696,0,person,0.4114,1199.0,515.2,1219.3,558.6
1696,1,car,0.1740,957.0,403.1,1027.1,445.1
1696,2,large_vehicle,0.1615,957.0,403.1,1027.1,445.1
1696,2,large_vehicle,0.1321,637.4,612.4,753.6,705.6
1696,0,person,0.1112,927.7,434.6,940.0,462.7
1697,1,car,0.7034,565.7,474.7,651.5,526.6
1697,2,large_vehicle,0.4512,623.2,616.9,739.3,709.6
1697,1,car,0.4430,623.2,616.9,739.3,709.6
1697,1,car,0.2721,955.6,403.1,1027.6,445.4
1697,2,large_vehicle,0.2033,955.6,403.1,1027.6,445.4
1697,2,large_vehicle,0.1135,565.7,474.7,651.5,526.6
1698,1,car,0.7144,564.3,474.6,651.5,526.6
1698,2,large_vehicle,0.4496,623.3,616.9,739.2,709.6
1698,1,car,0.4457,623.3,616.9,739.2,709.6
1698,1,car,0.2791,955.9,403.0,1027.6,445.4
1698,2,large_vehicle,0.1919,955.9,403.0,1027.6,445.4
1698,2,large_vehicle,0.1099,564.3,474.6,651.5,526.6
1699,1,car,0.6833,565.3,474.7,651.2,526.6
1699,2,large_vehicle,0.4488,623.3,616.8,739.2,709.6
1699,1,car,0.4460,623.3,616.8,739.2,709.6
1699,1,car,0.2608,956.6,403.2,1027.4,445.2
1699,2,large_vehicle,0.1650,956.6,403.2,1027.4,445.2
1699,2,large_vehicle,0.1285,565.3,474.7,651.2,526.6
1700,1,car,0.7136,560.7,474.1,651.1,526.8
1700,1,car,0.4417,608.0,619.9,724.2,711.9
1700,2,large_vehicle,0.4191,608.0,619.9,724.2,711.9
1700,0,person,0.1655,484.0,505.2,502.1,548.4
1700,1,car,0.1488,956.6,402.6,1026.6,445.3
1700,2,large_vehicle,0.1363,560.7,474.1,651.1,526.8
1700,2,large_vehicle,0.1240,956.6,402.6,1026.6,445.3
1700,0,person,0.1162,924.5,426.8,939.1,459.9
1701,1,car,0.6871,560.5,474.0,651.2,526.9
1701,1,car,0.4335,608.0,619.9,724.1,711.9
1701,2,large_vehicle,0.4300,608.0,619.9,724.1,711.9
1701,0,person,0.2040,1198.7,513.6,1219.1,559.3
1701,0,person,0.1827,483.9,505.1,502.1,548.4
1701,1,car,0.1767,956.2,402.6,1026.9,445.3
1701,2,large_vehicle,0.1601,560.5,474.0,651.2,526.9
1701,2,large_vehicle,0.1374,956.2,402.6,1026.9,445.3
1701,0,person,0.1337,924.4,426.9,939.0,459.9
1702,1,car,0.7788,562.0,475.2,651.4,526.8
1702,1,car,0.4687,592.6,622.6,707.8,715.8
1702,2,large_vehicle,0.2600,592.6,622.6,707.8,715.8
1702,2,large_vehicle,0.1973,957.5,402.9,1026.5,445.3
1702,1,car,0.1965,957.5,402.9,1026.5,445.3
1702,0,person,0.1426,924.1,429.9,938.7,458.8
1702,3,motorcycle,0.1273,920.5,439.1,946.3,461.2
1702,0,person,0.1095,1198.5,505.3,1219.8,559.0
1703,1,car,0.7805,561.9,475.1,651.5,526.8
1703,1,car,0.4327,592.5,622.6,707.8,715.8
1703,2,large_vehicle,0.2583,592.5,622.6,707.8,715.8
1703,2,large_vehicle,0.2014,957.5,402.7,1026.9,445.3
1703,1,car,0.1993,957.5,402.7,1026.9,445.3
1703,0,person,0.1286,1198.5,505.0,1219.8,559.1
1703,0,person,0.1252,923.9,430.0,938.4,458.8
1703,3,motorcycle,0.1162,920.0,439.2,946.4,461.3
1704,1,car,0.6975,564.3,474.7,651.6,526.7
1704,1,car,0.4992,584.6,624.5,701.7,717.1
1704,1,car,0.3187,956.7,402.8,1026.4,445.3
1704,2,large_vehicle,0.2467,956.7,402.8,1026.4,445.3
1704,2,large_vehicle,0.1963,584.6,624.5,701.7,717.1
1704,0,person,0.1570,1198.5,504.5,1219.9,559.5
1704,2,large_vehicle,0.1160,564.3,474.7,651.6,526.7
1705,1,car,0.7177,563.4,474.6,651.6,526.7
1705,1,car,0.5227,584.7,624.5,701.0,717.1
1705,0,person,0.3334,1198.5,512.0,1219.3,559.6
1705,1,car,0.3183,956.9,402.5,1027.1,445.4
1705,2,large_vehicle,0.2700,956.9,402.5,1027.1,445.4
1705,2,large_vehicle,0.1973,584.7,624.5,701.0,717.1
1705,2,large_vehicle,0.1122,563.4,474.6,651.6,526.7
1706,1,car,0.7344,561.2,474.7,651.3,526.9
1706,1,car,0.5584,569.1,628.9,688.6,720.9
1706,2,large_vehicle,0.2213,569.1,628.9,688.6,720.9
1706,2,large_vehicle,0.2133,956.4,402.4,1026.6,445.3
1706,1,car,0.2102,956.4,402.4,1026.6,445.3
1706,0,person,0.1880,482.3,504.8,499.1,547.9
1706,0,person,0.1215,1198.7,512.7,1219.1,559.2
1706,2,large_vehicle,0.1116,561.2,474.7,651.3,526.9
1707,1,car,0.7310,561.4,474.8,651.3,526.9
1707,1,car,0.5666,569.1,628.9,688.6,720.9
1707,2,large_vehicle,0.2244,569.1,628.9,688.6,720.9
1707,2,large_vehicle,0.1986,956.2,402.5,1026.7,445.3
1707,1,car,0.1918,956.2,402.5,1026.7,445.3
1707,0,person,0.1813,482.3,504.9,499.1,548.0
1707,0,person,0.1330,1198.5,502.9,1219.7,558.8
1707,2,large_vehicle,0.1162,561.4,474.8,651.3,526.9
1708,1,car,0.7294,560.9,474.7,651.4,526.8
1708,1,car,0.5601,569.1,628.9,688.3,720.8
1708,2,large_vehicle,0.2374,956.2,402.7,1026.5,445.3
1708,1,car,0.2350,956.2,402.7,1026.5,445.3
1708,2,large_vehicle,0.2261,569.1,628.9,688.3,720.8
1708,0,person,0.2096,482.2,504.8,499.3,548.1
1708,2,large_vehicle,0.1164,560.9,474.7,651.4,526.8
1708,0,person,0.1157,1198.6,503.4,1219.5,558.8
1709,1,car,0.8110,561.0,474.9,651.8,526.7
1709,1,car,0.6820,554.6,633.0,671.9,724.1
1709,0,person,0.3847,481.9,504.6,498.9,547.8
1709,0,person,0.2547,1198.7,513.3,1218.8,559.1
1709,1,car,0.2369,956.9,403.0,1026.3,445.2
1709,2,large_vehicle,0.2271,956.9,403.0,1026.3,445.2
1709,0,person,0.1381,922.9,431.0,937.5,461.9
1709,0,person,0.1227,919.4,430.4,935.3,461.8
1710,1,car,0.8069,561.0,474.9,651.7,526.7
1710,1,car,0.6769,554.6,633.0,672.0,724.1
1710,0,person,0.3995,481.8,504.6,498.9,547.8
1710,1,car,0.2530,957.1,403.2,1026.5,445.2
1710,0,person,0.2256,1198.7,513.6,1218.6,558.7
1710,2,large_vehicle,0.2248,957.1,403.2,1026.5,445.2
1710,0,person,0.1380,922.8,430.8,937.5,461.9
1710,0,person,0.1234,919.3,430.2,935.4,461.9
1711,1,car,0.7590,561.6,474.8,651.5,526.7
1711,1,car,0.6969,538.6,636.6,657.1,726.8
1711,0,person,0.2773,481.4,504.9,498.4,548.0
1711,2,large_vehicle,0.2680,955.6,402.6,1026.4,445.2
1711,0,person,0.2661,919.5,431.9,934.6,461.4
1711,1,car,0.1909,955.6,402.6,1026.4,445.2
1711,0,person,0.1241,1198.4,499.9,1219.4,558.8
1712,1,car,0.7645,561.6,474.8,651.5,526.7
1712,1,car,0.7011,538.6,636.5,656.9,726.8
1712,0,person,0.2656,919.5,431.8,934.6,461.4
1712,2,large_vehicle,0.2621,955.5,402.6,1026.3,445.2
1712,0,person,0.2555,481.4,504.9,498.4,548.0
1712,1,car,0.1943,955.5,402.6,1026.3,445.2
1712,0,person,0.1253,1198.3,499.9,1219.5,558.8
1713,1,car,0.7013,561.5,474.6,651.5,526.6
1713,1,car,0.6935,538.5,636.6,657.4,726.8
1713,2,large_vehicle,0.3095,955.6,402.3,1026.5,445.2
1713,0,person,0.3032,481.4,504.9,498.5,548.0
1713,0,person,0.2636,919.6,431.9,934.6,461.4
1713,1,car,0.1543,955.6,402.3,1026.5,445.2
1713,2,large_vehicle,0.1488,561.5,474.6,651.5,526.6
1713,0,person,0.1025,922.5,432.1,936.3,461.3
1714,1,car,0.6647,564.1,474.5,651.4,526.6
1714,1,car,0.5660,523.7,639.6,642.0,730.9
1714,0,person,0.3048,481.3,503.2,497.1,547.5
1714,2,large_vehicle,0.2887,955.9,401.8,1026.6,445.3
1714,2,large_vehicle,0.2387,523.7,639.6,642.0,730.9
1714,0,person,0.2004,1198.5,501.5,1219.8,558.7
1714,2,large_vehicle,0.1681,564.1,474.5,651.4,526.6
1714,1,car,0.1409,955.9,401.8,1026.6,445.3
1714,0,person,0.1355,919.4,429.5,933.4,460.6
1714,3,motorcycle,0.1011,916.3,439.2,949.6,463.0
1715,1,car,0.6748,564.1,474.6,651.4,526.6
1715,1,car,0.5533,523.7,639.4,641.7,730.9
1715,0,person,0.3098,481.3,502.9,497.2,547.5
1715,2,large_vehicle,0.2626,955.6,401.7,1026.2,445.3
1715,2,large_vehicle,0.2415,523.7,639.4,641.7,730.9
1715,0,person,0.2191,1198.4,501.0,1219.8,558.8
1715,2,large_vehicle,0.1617,564.1,474.6,651.4,526.6
1715,1,car,0.1401,955.6,401.7,1026.2,445.3
1715,0,person,0.1320,919.3,429.6,933.4,460.7
1716,1,car,0.7094,560.0,474.5,651.6,526.7
1716,1,car,0.5124,509.2,642.2,625.9,734.1
1716,2,large_vehicle,0.2222,509.2,642.2,625.9,734.1
1716,0,person,0.1820,481.2,504.2,496.5,548.2
1716,2,large_vehicle,0.1757,956.7,402.0,1026.0,445.3
1716,2,large_vehicle,0.1411,560.0,474.5,651.6,526.7
1716,0,person,0.1368,1198.4,502.3,1219.9,558.6
1717,1,car,0.7316,559.9,474.5,651.5,526.7
1717,1,car,0.5320,509.2,642.1,625.9,734.1
1717,2,large_vehicle,0.2035,509.2,642.1,625.9,734.1
1717,2,large_vehicle,0.2017,956.7,401.8,1026.3,445.3
1717,0,person,0.1241,481.1,503.9,496.3,548.2
1717,0,person,0.1214,1198.5,504.2,1219.9,558.5
1717,2,large_vehicle,0.1177,559.9,474.5,651.5,526.7
1718,1,car,0.7282,559.9,474.5,651.5,526.7
1718,1,car,0.5248,509.2,642.2,626.0,734.1
1718,2,large_vehicle,0.2126,509.2,642.2,626.0,734.1
1718,2,large_vehicle,0.2067,956.8,401.8,1026.3,445.3
1718,0,person,0.1602,481.2,504.2,496.5,548.2
1718,0,person,0.1284,1198.5,503.8,1219.9,558.6
1718,2,large_vehicle,0.1213,559.9,474.5,651.5,526.7
1719,1,car,0.8085,560.0,474.6,651.2,526.7
1719,1,car,0.5396,495.1,645.5,610.9,738.6
1719,0,person,0.5081,479.9,503.9,496.9,548.2
1719,2,large_vehicle,0.2967,957.4,402.4,1027.0,445.4
1719,2,large_vehicle,0.1981,495.1,645.5,610.9,738.6
1719,1,car,0.1501,957.4,402.4,1027.0,445.4
1719,0,person,0.1345,1198.8,506.6,1219.8,558.3
1720,1,car,0.7996,560.1,474.5,651.4,526.7
1720,1,car,0.5304,495.1,645.5,610.9,738.5
1720,0,person,0.4908,480.0,503.8,496.8,548.1
1720,0,person,0.2715,1198.8,513.6,1218.9,558.6
1720,2,large_vehicle,0.2633,956.4,402.4,1027.0,445.3
1720,2,large_vehicle,0.2075,495.1,645.5,610.9,738.5
1720,1,car,0.1689,956.4,402.4,1027.0,445.3
1721,1,car,0.7165,561.4,474.3,651.3,526.6
1721,1,car,0.4221,479.0,648.8,593.6,741.3
1721,2,large_vehicle,0.3069,955.7,402.6,1027.1,445.2
1721,0,person,0.1923,1198.7,514.1,1218.7,558.6
1721,1,car,0.1810,955.7,402.6,1027.1,445.2
1721,0,person,0.1447,479.7,503.3,495.4,548.1
1721,2,large_vehicle,0.1274,561.4,474.3,651.3,526.6
1722,1,car,0.6959,561.3,474.0,651.2,526.6
1722,1,car,0.4130,479.0,648.8,593.6,741.3
1722,2,large_vehicle,0.2820,954.5,402.6,1027.2,445.2
1722,1,car,0.1995,954.5,402.6,1027.2,445.2
1722,2,large_vehicle,0.1462,561.3,474.0,651.2,526.6
1722,0,person,0.1366,479.7,503.2,495.1,548.1
1723,1,car,0.7198,561.7,474.2,651.3,526.6
1723,1,car,0.4413,479.0,648.6,593.7,741.4
1723,2,large_vehicle,0.2735,954.2,402.6,1027.3,445.3
1723,1,car,0.2123,954.2,402.6,1027.3,445.3
1723,0,person,0.1409,479.7,503.3,495.3,548.1
1723,0,person,0.1272,1198.6,503.9,1219.5,559.1
1723,2,large_vehicle,0.1268,561.7,474.2,651.3,526.6
1724,1,car,0.7253,563.3,474.8,651.3,526.6
1724,1,car,0.3340,466.6,651.2,580.8,742.8
1724,2,large_vehicle,0.2847,956.9,402.4,1027.3,445.3
1724,1,car,0.2496,956.9,402.4,1027.3,445.3
1724,0,person,0.1550,915.9,433.3,929.2,461.4
1724,0,person,0.1198,1198.5,502.0,1219.5,559.2
1724,2,large_vehicle,0.1173,466.6,651.2,580.8,742.8
1724,2,large_vehicle,0.1130,563.3,474.8,651.3,526.6
1725,1,car,0.7021,564.7,474.7,651.3,526.6
1725,1,car,0.3551,466.5,651.2,580.5,742.9
1725,2,large_vehicle,0.2604,956.9,402.4,1026.9,445.2
1725,1,car,0.2357,956.9,402.4,1026.9,445.2
1725,0,person,0.1518,915.9,433.2,929.3,461.4
1725,2,large_vehicle,0.1202,564.7,474.7,651.3,526.6
1725,2,large_vehicle,0.1158,466.5,651.2,580.5,742.9
1726,1,car,0.7342,560.4,475.0,651.3,526.5
1726,1,car,0.3368,451.8,653.4,565.5,746.8
1726,0,person,0.2463,478.7,503.7,494.0,547.7
1726,2,large_vehicle,0.2190,958.0,403.0,1026.8,445.3
1726,0,person,0.2092,1198.3,499.5,1219.5,558.5
1726,1,car,0.1986,958.0,403.0,1026.8,445.3
1726,2,large_vehicle,0.1228,560.4,475.0,651.3,526.5
1727,1,car,0.7283,560.3,474.8,651.3,526.5
1727,1,car,0.4033,451.8,653.3,564.7,746.7
1727,0,person,0.2630,478.7,503.8,494.0,547.8
1727,0,person,0.1979,1198.3,499.8,1219.5,558.5
1727,2,large_vehicle,0.1907,958.0,403.4,1026.0,445.3
1727,1,car,0.1892,958.0,403.4,1026.0,445.3
1727,2,large_vehicle,0.1323,560.3,474.8,651.3,526.5
1728,1,car,0.8180,559.7,474.5,651.7,526.6
1728,2,large_vehicle,0.2301,957.7,403.2,1026.3,445.3
1728,0,person,0.2142,1198.5,501.4,1219.5,558.7
1728,1,car,0.1797,957.7,403.2,1026.3,445.3
1728,1,car,0.1364,438.1,657.3,550.7,749.1
1729,1,car,0.8252,559.9,474.7,651.9,526.5
1729,0,person,0.2021,1198.7,503.3,1219.6,558.7
1729,2,large_vehicle,0.1938,957.6,403.5,1026.1,445.3
1729,1,car,0.1840,957.6,403.5,1026.1,445.3
1729,0,person,0.1826,478.1,503.3,494.6,547.4
1729,1,car,0.1389,438.1,657.3,550.7,749.3
1730,1,car,0.7774,560.3,474.6,651.5,526.6
1730,1,car,0.4653,423.5,660.8,535.2,750.3
1730,2,large_vehicle,0.2954,423.5,660.8,535.2,750.3
1730,0,person,0.2818,1198.7,513.2,1219.0,558.7
1730,1,car,0.2246,955.5,403.3,1025.9,445.3
1730,2,large_vehicle,0.1642,955.5,403.3,1025.9,445.3
1731,1,car,0.7579,560.3,474.5,651.6,526.6
1731,1,car,0.4757,423.5,660.8,535.2,750.3
1731,2,large_vehicle,0.2897,423.5,660.8,535.2,750.3
1731,0,person,0.2397,1198.7,512.8,1219.1,558.6
1731,1,car,0.2034,955.8,403.4,1025.9,445.3
1731,2,large_vehicle,0.1474,955.8,403.4,1025.9,445.3
1732,1,car,0.7526,560.4,474.4,651.6,526.6
1732,1,car,0.4686,423.6,660.8,535.2,750.3
1732,2,large_vehicle,0.2948,423.6,660.8,535.2,750.3
1732,1,car,0.2090,955.0,403.1,1026.0,445.3
1732,2,large_vehicle,0.1489,955.0,403.1,1026.0,445.3
1732,0,person,0.1211,1198.8,504.7,1219.8,558.8
1733,1,car,0.7275,565.1,474.9,651.5,526.4
1733,0,person,0.5580,477.2,505.9,493.9,548.2
1733,1,car,0.4792,410.9,663.6,521.3,753.2
1733,1,car,0.2427,957.3,403.4,1026.8,445.3
1733,0,person,0.2038,1198.4,500.2,1219.8,559.1
1733,2,large_vehicle,0.1515,957.3,403.4,1026.8,445.3
1733,2,large_vehicle,0.1048,410.9,663.6,521.3,753.2
1734,1,car,0.7280,565.3,474.8,651.5,526.4
1734,0,person,0.5190,477.2,505.9,493.8,548.2
1734,1,car,0.4708,410.9,663.5,521.3,753.2
1734,1,car,0.2099,957.6,403.2,1026.7,445.3
1734,0,person,0.1940,1198.3,498.9,1219.8,559.2
1734,2,large_vehicle,0.1486,957.6,403.2,1026.7,445.3
1735,1,car,0.7127,560.8,474.7,651.3,526.5
1735,1,car,0.3178,398.7,666.5,506.6,754.4
1735,1,car,0.1479,958.0,403.0,1026.1,445.2
1735,2,large_vehicle,0.1287,958.0,403.0,1026.1,445.2
1735,2,large_vehicle,0.1248,560.8,474.7,651.3,526.5
1735,2,large_vehicle,0.1172,398.7,666.5,506.6,754.4
1735,0,person,0.1172,1198.5,500.2,1219.5,558.8
1736,1,car,0.7156,561.0,474.7,651.3,526.5
1736,1,car,0.3126,398.7,666.5,506.6,754.4
1736,1,car,0.1526,957.8,403.0,1026.3,445.2
1736,2,large_vehicle,0.1286,957.8,403.0,1026.3,445.2
1736,0,person,0.1220,1198.5,500.0,1219.5,558.8
1736,2,large_vehicle,0.1219,561.0,474.7,651.3,526.5
1736,2,large_vehicle,0.1150,398.7,666.5,506.6,754.4
1737,1,car,0.7235,561.1,474.7,651.3,526.5
1737,1,car,0.3007,398.8,666.6,506.5,754.4
1737,1,car,0.1207,958.0,402.5,1026.6,445.2
1737,2,large_vehicle,0.1183,561.1,474.7,651.3,526.5
1737,2,large_vehicle,0.1172,398.8,666.6,506.5,754.4
1737,2,large_vehicle,0.1166,958.0,402.5,1026.6,445.2
1738,1,car,0.8082,560.5,474.8,651.6,526.5
1738,1,car,0.3314,384.5,668.7,491.0,754.1
1738,2,large_vehicle,0.2241,384.5,668.7,491.0,754.1
1738,1,car,0.1501,957.9,403.0,1026.5,445.2
1738,0,person,0.1311,1198.5,501.1,1219.5,558.5
1738,2,large_vehicle,0.1227,957.9,403.0,1026.5,445.2
1739,1,car,0.8080,560.5,474.8,651.6,526.5
1739,1,car,0.3748,384.7,668.7,491.1,754.1
1739,2,large_vehicle,0.2311,384.7,668.7,491.1,754.1
1739,1,car,0.1531,957.9,403.3,1026.4,445.2
1739,0,person,0.1264,1198.6,501.9,1219.6,558.4
1739,2,large_vehicle,0.1200,957.9,403.3,1026.4,445.2
1740,1,car,0.7304,561.0,474.3,651.5,526.4
1740,1,car,0.3544,370.7,671.7,477.4,754.8
1740,1,car,0.2014,957.1,403.5,1026.4,445.2
1740,0,person,0.1693,1198.4,498.7,1219.5,558.6
1740,2,large_vehicle,0.1518,957.1,403.5,1026.4,445.2
1740,2,large_vehicle,0.1027,561.0,474.3,651.5,526.4
1741,1,car,0.7339,561.2,474.4,651.5,526.5
1741,1,car,0.3809,370.6,671.7,477.5,755.1
1741,1,car,0.1899,956.3,403.2,1026.3,445.2
1741,0,person,0.1668,1198.4,499.2,1219.5,558.8
1741,2,large_vehicle,0.1419,956.3,403.2,1026.3,445.2
1741,2,large_vehicle,0.1039,561.2,474.4,651.5,526.5
1742,1,car,0.7362,561.2,474.5,651.5,526.5
1742,1,car,0.3762,370.6,671.7,477.5,755.0
1742,0,person,0.1932,1198.3,498.5,1219.5,558.7
1742,1,car,0.1872,956.3,403.3,1026.3,445.2
1742,2,large_vehicle,0.1287,956.3,403.3,1026.3,445.2
1742,2,large_vehicle,0.1021,561.2,474.5,651.5,526.5
1743,1,car,0.6881,564.8,474.8,651.3,526.4
1743,1,car,0.3407,357.8,675.7,464.5,762.8
1743,2,large_vehicle,0.2704,357.8,675.7,464.5,762.8
1743,0,person,0.2463,1198.3,499.8,1219.7,558.9
1743,1,car,0.2179,957.1,402.9,1026.0,445.3
1743,2,large_vehicle,0.1675,957.1,402.9,1026.0,445.3
1743,2,large_vehicle,0.1166,564.8,474.8,651.3,526.4
1744,1,car,0.6844,564.3,474.7,651.3,526.4
1744,1,car,0.3686,357.7,675.6,464.8,762.8
1744,2,large_vehicle,0.2945,357.7,675.6,464.8,762.8
1744,1,car,0.1900,957.5,402.4,1026.3,445.3
1744,2,large_vehicle,0.1774,957.5,402.4,1026.3,445.3
1744,0,person,0.1700,1198.4,499.2,1219.5,558.7
1744,2,large_vehicle,0.1248,564.3,474.7,651.3,526.4
1745,1,car,0.7124,560.9,474.8,651.2,526.5
1745,1,car,0.3450,343.3,678.3,454.0,764.5
1745,0,person,0.1231,1198.4,500.8,1219.6,558.7
1745,2,large_vehicle,0.1191,560.9,474.8,651.2,526.5
1745,2,large_vehicle,0.1081,343.3,678.3,454.0,764.5
1745,2,large_vehicle,0.1037,957.6,402.4,1026.0,445.2
1746,1,car,0.6957,560.3,474.5,651.2,526.6
1746,1,car,0.3579,343.2,678.3,454.0,764.5
1746,2,large_vehicle,0.1400,560.3,474.5,651.2,526.6
1746,2,large_vehicle,0.1226,343.2,678.3,454.0,764.5
1746,0,person,0.1005,1198.4,501.0,1219.6,558.7
1747,1,car,0.7132,560.2,474.6,651.0,526.6
1747,1,car,0.3658,343.2,678.4,454.1,764.4
1747,0,person,0.1583,1198.4,500.7,1219.5,558.6
1747,2,large_vehicle,0.1309,560.2,474.6,651.0,526.6
1747,2,large_vehicle,0.1232,957.6,402.1,1025.9,445.2
1747,2,large_vehicle,0.1189,343.2,678.4,454.1,764.4
1748,1,car,0.7918,560.4,474.7,651.3,526.4
1748,0,person,0.3769,475.0,507.6,492.7,548.6
1748,2,large_vehicle,0.1635,957.9,402.5,1026.2,445.2
1748,1,car,0.1220,957.9,402.5,1026.2,445.2
1748,0,person,0.1105,1198.7,501.6,1219.4,558.5
1748,0,person,0.1083,907.5,436.4,921.5,462.5
1749,1,car,0.7947,560.3,474.6,651.4,526.5
1749,0,person,0.3292,475.0,507.5,492.6,548.6
1749,2,large_vehicle,0.1362,958.3,402.4,1026.4,445.1
1749,0,person,0.1166,1198.6,502.4,1219.3,558.6
1749,1,car,0.1051,334.6,680.4,434.8,766.0
1749,0,person,0.1049,907.5,436.3,921.5,462.5
1749,1,car,0.1018,958.3,402.4,1026.4,445.1
1750,1,car,0.6982,558.1,473.7,651.6,526.2
1750,1,car,0.3738,320.7,682.7,421.8,765.9
1750,2,large_vehicle,0.2387,956.3,402.0,1026.0,445.2
1750,1,car,0.1748,956.3,402.0,1026.0,445.2
1750,2,large_vehicle,0.1015,558.1,473.7,651.6,526.2
1751,1,car,0.6910,557.8,473.8,651.5,526.2
1751,1,car,0.3800,320.7,682.8,421.7,766.1
1751,2,large_vehicle,0.2485,957.1,401.6,1026.5,445.3
1751,1,car,0.1709,957.1,401.6,1026.5,445.3
1751,2,large_vehicle,0.1075,557.8,473.8,651.5,526.2
1752,1,car,0.7065,563.6,474.4,651.5,526.1
1752,1,car,0.4007,308.2,685.7,409.6,768.4
1752,2,large_vehicle,0.2754,957.3,401.7,1026.9,445.2
1752,1,car,0.2219,957.3,401.7,1026.9,445.2
1752,0,person,0.1032,1198.7,501.4,1219.3,559.2
1753,1,car,0.6974,564.2,474.5,651.5,526.1
1753,1,car,0.3941,308.2,685.8,409.6,768.4
1753,2,large_vehicle,0.2173,957.3,401.8,1026.3,445.2
1753,1,car,0.1895,957.3,401.8,1026.3,445.2
1753,0,person,0.1671,1198.9,513.3,1218.7,559.0
1754,1,car,0.7150,562.7,474.7,651.4,526.3
1754,1,car,0.3985,295.7,688.1,398.8,771.9
1754,2,large_vehicle,0.2345,957.6,401.8,1026.0,445.1
1754,1,car,0.1568,957.6,401.8,1026.0,445.1
1754,2,large_vehicle,0.1133,562.7,474.7,651.4,526.3
1755,1,car,0.7151,562.8,474.7,651.4,526.3
1755,1,car,0.3982,295.7,688.1,398.8,772.0
1755,2,large_vehicle,0.2423,957.6,401.8,1026.2,445.1
1755,1,car,0.1645,957.6,401.8,1026.2,445.1
1755,2,large_vehicle,0.1124,562.8,474.7,651.4,526.3
1756,1,car,0.7155,561.0,474.6,651.2,526.4
1756,1,car,0.4002,295.8,688.0,398.7,771.9
1756,2,large_vehicle,0.1618,958.1,402.3,1026.2,444.8
1756,1,car,0.1400,958.1,402.3,1026.2,444.8
1756,2,large_vehicle,0.1117,561.0,474.6,651.2,526.4
1757,1,car,0.8162,560.1,474.6,651.6,526.4
1757,1,car,0.3396,284.8,691.1,384.3,773.9
1757,2,large_vehicle,0.1801,958.5,402.5,1026.3,444.8
1757,0,person,0.1607,1198.4,501.8,1219.4,559.1
1757,1,car,0.1560,958.5,402.5,1026.3,444.8
1757,2,large_vehicle,0.1493,284.8,691.1,384.3,773.9
1758,1,car,0.8145,560.1,474.5,651.7,526.4
1758,1,car,0.3659,284.9,691.1,384.6,774.0
1758,2,large_vehicle,0.1849,958.4,402.5,1026.0,444.8
1758,1,car,0.1623,958.4,402.5,1026.0,444.8
1758,0,person,0.1573,1198.5,501.9,1219.4,559.1
1758,2,large_vehicle,0.1359,284.9,691.1,384.6,774.0
1758,0,person,0.1089,906.8,436.8,920.2,467.2
1759,1,car,0.7248,561.0,474.1,651.7,526.2
1759,2,large_vehicle,0.2465,957.2,402.3,1026.2,445.2
1759,1,car,0.1896,276.3,692.5,370.1,773.5
1759,1,car,0.1582,957.2,402.3,1026.2,445.2
1759,2,large_vehicle,0.1446,276.3,692.5,370.1,773.5
1759,0,person,0.1223,906.0,437.4,919.8,467.2
1760,1,car,0.7170,564.1,474.7,651.6,526.2
1760,2,large_vehicle,0.2478,956.9,402.2,1026.3,445.2
1760,1,car,0.1798,276.4,692.5,370.1,773.4
1760,1,car,0.1557,956.9,402.2,1026.3,445.2
1760,0,person,0.1342,906.0,437.3,919.7,467.1
1760,2,large_vehicle,0.1294,276.4,692.5,370.1,773.4
1761,1,car,0.7086,564.6,474.7,651.7,526.1
1761,2,large_vehicle,0.2399,957.0,402.3,1026.2,445.2
1761,1,car,0.1800,276.4,692.6,370.1,773.5
1761,1,car,0.1644,957.0,402.3,1026.2,445.2
1761,0,person,0.1359,905.9,437.2,919.7,467.1
1761,2,large_vehicle,0.1273,276.4,692.6,370.1,773.5
1762,1,car,0.7315,564.7,474.5,651.7,526.1
1762,2,large_vehicle,0.3016,957.4,401.8,1026.5,445.2
1762,1,car,0.2827,957.4,401.8,1026.5,445.2
1762,0,person,0.2362,904.6,438.8,919.4,465.6
1762,0,person,0.1538,1198.4,497.8,1219.4,559.3
1762,0,person,0.1533,905.6,435.3,919.1,463.6
1762,1,car,0.1255,264.5,695.0,359.6,773.4
1763,1,car,0.7323,565.6,474.6,651.6,526.2
1763,2,large_vehicle,0.3102,958.0,401.5,1026.9,445.2
1763,1,car,0.2539,958.0,401.5,1026.9,445.2
1763,0,person,0.2479,904.5,438.6,919.4,465.5
1763,0,person,0.1505,905.6,435.3,918.9,463.5
1763,0,person,0.1418,1198.6,499.2,1219.3,559.3
1763,1,car,0.1193,264.6,695.0,359.7,773.4
1764,1,car,0.7566,561.1,474.4,651.6,526.3
1764,0,person,0.3912,904.6,433.9,918.6,463.9
1764,2,large_vehicle,0.3137,957.5,401.4,1026.2,445.2
1764,1,car,0.2065,957.5,401.4,1026.2,445.2
1764,4,other_vehicle,0.1125,899.8,447.4,921.8,467.2
1765,1,car,0.7498,560.9,474.5,651.6,526.3
1765,0,person,0.3570,904.6,433.8,918.6,464.0
1765,2,large_vehicle,0.3144,957.6,401.2,1026.4,445.2
1765,1,car,0.2060,957.6,401.2,1026.4,445.2
1765,0,person,0.1376,1199.0,512.6,1218.7,559.0
1766,1,car,0.7456,560.8,474.6,651.6,526.3
1766,0,person,0.4108,904.7,433.8,918.7,463.9
1766,2,large_vehicle,0.3305,957.6,401.5,1026.5,445.2
1766,0,person,0.3146,1199.1,514.2,1218.8,558.9
1766,1,car,0.1930,957.6,401.5,1026.5,445.2
1766,4,other_vehicle,0.1038,899.3,447.3,921.9,467.2
1767,1,car,0.8172,559.8,474.5,651.4,526.5
1767,0,person,0.3203,903.6,434.1,918.2,463.3
1767,0,person,0.3053,1199.0,514.2,1218.8,558.9
1767,2,large_vehicle,0.2823,958.4,401.9,1026.7,445.2
1767,1,car,0.1683,958.4,401.9,1026.7,445.2
1767,1,car,0.1415,244.8,698.6,334.5,775.0
1768,1,car,0.8159,559.5,474.5,651.3,526.4
1768,0,person,0.2997,903.5,434.0,918.2,463.4
1768,2,large_vehicle,0.2723,958.5,402.3,1026.8,445.2
1768,0,person,0.2497,1199.1,514.6,1218.8,558.6
1768,1,car,0.1507,958.5,402.3,1026.8,445.2
1768,1,car,0.1442,244.9,698.5,334.5,774.8
1769,1,car,0.7721,562.5,474.5,651.8,526.2
1769,2,large_vehicle,0.2828,957.2,402.5,1026.4,445.1
1769,1,car,0.1960,957.2,402.5,1026.4,445.1
1769,0,person,0.1948,1199.3,515.0,1218.4,558.6
1769,0,person,0.1694,900.5,440.1,916.9,465.9
1769,0,person,0.1472,902.6,434.6,917.3,463.7
1770,1,car,0.7745,562.5,474.5,651.7,526.2
1770,2,large_vehicle,0.2745,957.1,402.6,1026.1,445.1
1770,1,car,0.1990,957.1,402.6,1026.1,445.1
1770,0,person,0.1917,1199.3,515.0,1218.4,558.5
1770,0,person,0.1671,900.5,440.1,916.9,465.9
1770,0,person,0.1439,902.6,434.5,917.3,463.7
1771,1,car,0.7530,562.3,474.1,652.0,526.2
1771,2,large_vehicle,0.2904,956.5,402.4,1026.4,445.2
1771,1,car,0.2043,956.5,402.4,1026.4,445.2
1771,0,person,0.1853,902.6,434.6,917.3,463.6
1771,0,person,0.1648,1199.2,514.8,1218.3,558.7
1771,0,person,0.1589,900.5,440.3,917.0,465.8
1772,1,car,0.7370,561.6,473.9,651.4,526.2
1772,2,large_vehicle,0.3053,957.3,402.0,1026.5,445.1
1772,1,car,0.2762,957.3,402.0,1026.5,445.1
1772,0,person,0.1713,1199.1,512.9,1218.5,558.9
1772,0,person,0.1670,468.5,507.8,484.7,552.3
1773,1,car,0.7327,561.3,473.8,651.3,526.2
1773,2,large_vehicle,0.2933,957.4,402.0,1026.7,445.1
1773,1,car,0.2724,957.4,402.0,1026.7,445.1
1773,0,person,0.1741,468.6,507.9,484.9,552.2
1773,0,person,0.1570,1199.1,512.9,1218.5,558.9
1774,1,car,0.7310,561.1,474.2,651.3,526.1
1774,2,large_vehicle,0.2561,958.5,401.9,1026.6,445.1
1774,0,person,0.2164,1199.1,513.8,1218.6,559.0
1774,1,car,0.1662,958.5,401.9,1026.6,445.1
1774,0,person,0.1581,468.2,508.1,484.3,552.1
1775,1,car,0.7359,561.4,474.3,651.4,526.1
1775,2,large_vehicle,0.2877,958.6,401.8,1026.8,445.0
1775,1,car,0.1607,958.6,401.8,1026.8,445.0
1775,0,person,0.1345,468.2,508.2,484.2,552.1
1775,0,person,0.1035,1199.2,513.8,1218.4,558.6
1776,1,car,0.8199,561.2,474.3,651.6,526.2
1776,2,large_vehicle,0.2298,959.0,402.2,1026.4,444.6
1776,0,person,0.2128,1199.2,516.3,1218.4,558.8
1776,1,car,0.1496,959.0,402.2,1026.4,444.6
1777,1,car,0.8212,560.1,474.2,651.6,526.3
1777,2,large_vehicle,0.1873,959.1,402.5,1026.0,444.3
1777,0,person,0.1655,1199.2,516.2,1218.3,558.7
1777,1,car,0.1252,959.1,402.5,1026.0,444.3
1778,1,car,0.7447,562.0,473.9,651.7,526.2
1778,2,large_vehicle,0.2192,956.5,402.5,1025.6,445.0
1778,0,person,0.2078,1199.1,515.9,1218.4,558.4
1778,0,person,0.1952,466.9,508.2,482.6,552.0
1778,0,person,0.1446,897.0,442.7,911.9,466.9
1778,1,car,0.1390,956.5,402.5,1025.6,445.0
1779,1,car,0.7472,562.1,474.0,651.7,526.2
1779,2,large_vehicle,0.2030,956.5,402.3,1025.9,445.0
1779,0,person,0.2019,1199.1,515.8,1218.4,558.4
1779,0,person,0.1917,466.9,508.2,482.6,552.0
1779,0,person,0.1425,897.0,442.7,911.9,466.9
1779,1,car,0.1298,956.5,402.3,1025.9,445.0
1780,1,car,0.7235,561.7,473.8,651.8,526.2
1780,0,person,0.2526,1199.0,514.9,1218.6,558.4
1780,2,large_vehicle,0.2181,956.5,402.4,1025.7,445.0
1780,0,person,0.1887,466.8,508.0,482.6,552.0
1780,0,person,0.1455,897.0,442.7,911.9,466.9
1780,1,car,0.1430,956.5,402.4,1025.7,445.0
1781,1,car,0.7286,561.6,473.8,651.7,526.2
1781,2,large_vehicle,0.3555,957.3,401.8,1026.4,445.2
1781,1,car,0.1914,957.3,401.8,1026.4,445.2
1782,1,car,0.7295,561.2,473.7,651.8,526.2
1782,2,large_vehicle,0.3581,957.2,401.7,1026.4,445.2
1782,1,car,0.1962,957.2,401.7,1026.4,445.2
1783,1,car,0.7535,561.3,474.1,651.6,526.4
1783,2,large_vehicle,0.2377,958.2,402.2,1025.5,444.9
1783,1,car,0.1387,958.2,402.2,1025.5,444.9
1784,1,car,0.7500,561.4,474.3,651.8,526.3
1784,2,large_vehicle,0.2582,958.0,402.5,1025.4,444.9
1784,1,car,0.1737,958.0,402.5,1025.4,444.9
1785,1,car,0.7496,561.3,474.2,651.8,526.4
1785,2,large_vehicle,0.2543,958.1,402.6,1025.4,444.9
1785,1,car,0.1773,958.1,402.6,1025.4,444.9
1786,1,car,0.8205,559.7,474.1,651.3,526.3
1786,2,large_vehicle,0.2691,957.9,402.5,1025.1,445.1
1786,1,car,0.1959,957.9,402.5,1025.1,445.1
1786,0,person,0.1027,1198.7,506.8,1219.5,557.5
1787,1,car,0.8135,559.8,474.0,651.4,526.3
1787,2,large_vehicle,0.2862,958.1,402.5,1025.5,445.1
1787,1,car,0.1945,958.1,402.5,1025.5,445.1
1787,0,person,0.1123,1198.8,505.0,1219.3,557.4
1788,1,car,0.7251,559.9,473.7,651.4,526.3
1788,0,person,0.3099,1199.1,514.7,1218.5,558.5
1788,2,large_vehicle,0.2688,956.4,402.4,1025.2,444.9
1788,1,car,0.1983,956.4,402.4,1025.2,444.9
1789,1,car,0.6980,558.9,473.3,651.6,526.3
1789,0,person,0.2788,1199.2,514.7,1218.4,558.3
1789,2,large_vehicle,0.2490,956.5,402.3,1025.4,444.9
1789,1,car,0.1804,956.5,402.3,1025.4,444.9
1789,2,large_vehicle,0.1134,558.9,473.3,651.6,526.3
1790,1,car,0.6981,560.2,473.3,651.5,526.3
1790,2,large_vehicle,0.3248,956.5,402.1,1026.2,445.1
1790,0,person,0.2175,1199.1,513.4,1218.4,558.6
1790,1,car,0.1992,956.5,402.1,1026.2,445.1
1790,2,large_vehicle,0.1246,560.2,473.3,651.5,526.3
1791,1,car,0.7322,562.8,473.8,651.4,526.3
1791,2,large_vehicle,0.3056,957.8,402.2,1025.4,445.0
1791,1,car,0.2169,957.8,402.2,1025.4,445.0
1792,1,car,0.7160,562.5,473.8,651.2,526.3
1792,2,large_vehicle,0.2860,956.9,402.0,1025.8,445.1
1792,1,car,0.2405,956.9,402.0,1025.8,445.1
1792,0,person,0.1354,1198.6,501.1,1219.3,558.9
1793,1,car,0.6975,561.9,474.2,651.5,526.3
1793,2,large_vehicle,0.2941,958.3,402.7,1025.5,445.0
1793,1,car,0.1641,958.3,402.7,1025.5,445.0
1794,1,car,0.6983,562.7,474.4,651.5,526.3
1794,2,large_vehicle,0.3336,958.2,402.4,1025.8,445.1
1794,1,car,0.1616,958.2,402.4,1025.8,445.1
1795,1,car,0.7122,561.6,474.1,651.5,526.3
1795,2,large_vehicle,0.2538,958.1,402.5,1025.4,445.0
1795,1,car,0.1357,958.1,402.5,1025.4,445.0
1796,1,car,0.7814,562.2,474.0,651.7,526.2
1796,2,large_vehicle,0.3306,957.6,402.0,1026.2,445.3
1796,0,person,0.2784,1199.3,515.4,1218.5,558.5
1796,1,car,0.1827,957.6,402.0,1026.2,445.3
1797,1,car,0.7861,561.7,474.1,651.7,526.3
1797,2,large_vehicle,0.3326,957.9,402.0,1026.2,445.3
1797,0,person,0.2935,1199.3,515.6,1218.5,558.5
1797,1,car,0.1790,957.9,402.0,1026.2,445.3
1798,1,car,0.7404,561.6,473.9,652.3,526.2
1798,2,large_vehicle,0.3254,956.0,402.0,1025.8,445.1
1798,0,person,0.2398,1199.3,514.9,1218.5,558.1
1798,1,car,0.1996,956.0,402.0,1025.8,445.1
1798,0,person,0.1600,891.7,434.9,906.6,466.9
1798,0,person,0.1490,892.5,441.4,906.1,468.0
1799,1,car,0.7526,562.1,474.2,652.2,526.3
1799,2,large_vehicle,0.3132,956.6,402.1,1026.2,445.2
1799,1,car,0.2396,956.6,402.1,1026.2,445.2
1799,0,person,0.2159,891.4,434.8,906.3,466.6
1799,0,person,0.1730,1199.3,514.4,1218.4,558.2
1800,1,car,0.7544,564.4,474.8,651.7,526.3
1800,2,large_vehicle,0.2985,957.2,401.8,1025.9,445.0
1800,1,car,0.2425,957.2,401.8,1025.9,445.0
1801,1,car,0.7457,565.1,474.7,651.6,526.2
1801,2,large_vehicle,0.2890,957.3,401.9,1026.2,445.1
1801,1,car,0.2472,957.3,401.9,1026.2,445.1
1802,1,car,0.7245,562.6,474.4,652.5,526.2
1802,0,person,0.3861,891.5,435.4,905.6,466.0
1802,2,large_vehicle,0.3071,958.1,402.2,1025.8,445.2
1802,3,motorcycle,0.1792,888.4,447.5,912.8,468.7
1802,1,car,0.1742,958.1,402.2,1025.8,445.2
1802,4,other_vehicle,0.1013,888.4,447.5,912.8,468.7
1803,1,car,0.7194,562.9,474.5,652.3,526.3
1803,0,person,0.3848,891.5,435.5,905.6,466.0
1803,2,large_vehicle,0.3077,958.1,402.2,1025.8,445.2
1803,3,motorcycle,0.1796,888.4,447.5,912.8,468.8
1803,1,car,0.1715,958.1,402.2,1025.8,445.2
1803,4,other_vehicle,0.1012,888.4,447.5,912.8,468.8
1804,1,car,0.7049,562.4,474.1,653.1,526.2
1804,0,person,0.3836,891.5,435.5,905.5,466.1
1804,2,large_vehicle,0.2864,958.2,402.1,1025.6,445.2
1804,3,motorcycle,0.1739,888.4,447.5,912.6,468.8
1804,1,car,0.1431,958.2,402.1,1025.6,445.2
1804,0,person,0.1228,1199.3,514.4,1218.1,558.4
1805,1,car,0.7808,561.8,474.2,652.5,526.2
1805,2,large_vehicle,0.3241,958.1,402.4,1026.2,445.2
1805,0,person,0.2250,1199.3,513.8,1218.3,558.4
1805,1,car,0.1513,958.1,402.4,1026.2,445.2
1806,1,car,0.7813,561.8,474.3,652.7,526.2
1806,2,large_vehicle,0.3193,958.1,402.4,1026.2,445.2
1806,0,person,0.2521,1199.3,514.4,1218.3,558.4
1806,1,car,0.1538,958.1,402.4,1026.2,445.2
1807,1,car,0.6972,562.4,473.5,652.7,526.1
1807,2,large_vehicle,0.3841,957.1,401.9,1026.5,445.1
1807,0,person,0.2875,1199.3,514.2,1218.3,558.5
1807,1,car,0.1565,957.1,401.9,1026.5,445.1
1807,0,person,0.1094,889.9,433.9,903.9,467.5
1808,1,car,0.6947,562.5,473.7,652.6,526.1
1808,2,large_vehicle,0.3514,957.0,401.7,1026.3,445.1
1808,0,person,0.2524,1199.3,513.7,1218.2,558.6
1808,1,car,0.1227,957.0,401.7,1026.3,445.1
1809,1,car,0.6972,562.5,473.7,652.6,526.1
1809,2,large_vehicle,0.3494,957.0,401.8,1026.3,445.1
1809,0,person,0.2410,1199.3,513.5,1218.2,558.6
1809,1,car,0.1282,957.0,401.8,1026.3,445.1
1810,1,car,0.6897,563.9,474.0,651.9,526.0
1810,2,large_vehicle,0.2995,957.0,400.8,1026.8,445.0
1810,0,person,0.2424,459.7,508.3,475.8,551.9
1810,1,car,0.1326,957.0,400.8,1026.8,445.0
1810,0,person,0.1101,1198.9,503.5,1219.0,559.0
1811,1,car,0.7024,563.2,473.8,651.9,526.1
1811,2,large_vehicle,0.2938,956.9,400.3,1026.7,445.0
1811,0,person,0.2655,459.6,508.2,475.8,551.9
1811,0,person,0.1693,1198.7,500.2,1219.1,559.2
1811,1,car,0.1231,956.9,400.3,1026.7,445.0
1812,1,car,0.7124,561.8,474.1,652.5,526.2
1812,2,large_vehicle,0.2809,957.3,401.0,1026.5,445.1
1812,4,other_vehicle,0.1661,92.2,722.1,155.8,787.8
1812,1,car,0.1173,957.3,401.0,1026.5,445.1
1813,1,car,0.7118,561.2,473.7,653.0,526.1
1813,2,large_vehicle,0.2130,957.7,401.3,1026.1,445.0
1813,4,other_vehicle,0.1923,92.2,722.1,155.8,787.7
1813,1,car,0.1128,957.7,401.3,1026.1,445.0
1814,1,car,0.7069,561.0,473.9,652.4,526.1
1814,2,large_vehicle,0.2188,957.9,401.4,1026.2,444.9
1814,4,other_vehicle,0.1812,92.2,722.1,155.8,787.7
1814,0,person,0.1425,1199.2,512.6,1218.3,559.1
1814,1,car,0.1333,957.9,401.4,1026.2,444.9
1815,1,car,0.7793,560.0,473.8,651.9,526.2
1815,2,large_vehicle,0.2856,957.3,401.1,1026.1,445.0
1815,0,person,0.2553,1199.1,512.2,1218.4,559.1
1815,1,car,0.1091,957.3,401.1,1026.1,445.0
1816,1,car,0.7757,559.8,473.8,651.8,526.2
1816,0,person,0.3228,1199.1,513.5,1218.4,559.0
1816,2,large_vehicle,0.2669,957.2,401.1,1026.2,445.0
1816,1,car,0.1004,957.2,401.1,1026.2,445.0
1817,1,car,0.6928,561.0,473.6,652.1,526.2
1817,0,person,0.3500,1199.3,514.8,1218.4,559.0
1817,2,large_vehicle,0.2210,955.5,401.4,1025.7,444.9
1817,1,car,0.1204,955.5,401.4,1025.7,444.9
1817,2,large_vehicle,0.1112,561.0,473.6,652.1,526.2
1818,1,car,0.6814,561.0,473.6,652.0,526.2
1818,0,person,0.3484,1199.3,514.9,1218.4,559.0
1818,2,large_vehicle,0.2006,956.4,401.5,1025.9,444.9
1818,2,large_vehicle,0.1224,561.0,473.6,652.0,526.2
1818,1,car,0.1120,956.4,401.5,1025.9,444.9
1819,1,car,0.6555,560.1,473.1,652.4,526.2
1819,0,person,0.2539,1199.2,513.0,1218.3,559.0
1819,2,large_vehicle,0.2075,955.7,401.8,1025.7,445.0
1819,2,large_vehicle,0.1427,560.1,473.1,652.4,526.2
1819,1,car,0.1233,955.7,401.8,1025.7,445.0
1820,1,car,0.6499,562.5,473.4,651.9,526.0
1820,0,person,0.2754,1199.2,512.2,1218.6,559.0
1820,2,large_vehicle,0.2414,957.1,400.6,1026.1,445.0
1820,1,car,0.1486,957.1,400.6,1026.1,445.0
1820,2,large_vehicle,0.1079,562.5,473.4,651.9,526.0
1821,1,car,0.6738,562.4,473.7,651.9,526.0
1821,2,large_vehicle,0.2305,957.0,400.7,1026.0,444.9
1821,0,person,0.2110,1198.8,500.2,1219.2,559.3
1821,1,car,0.1461,957.0,400.7,1026.0,444.9
1822,1,car,0.6530,561.5,473.5,651.6,525.9
1822,0,person,0.2450,1199.4,513.5,1218.4,558.9
1822,2,large_vehicle,0.2199,958.0,400.7,1025.9,444.8
1822,1,car,0.1576,958.0,400.7,1025.9,444.8
1822,2,large_vehicle,0.1459,561.5,473.5,651.6,525.9
1823,1,car,0.6585,561.4,473.6,651.6,526.0
1823,0,person,0.3530,1199.4,514.9,1218.5,558.7
1823,2,large_vehicle,0.1564,958.6,401.0,1025.9,444.4
1823,2,large_vehicle,0.1437,561.4,473.6,651.6,526.0
1823,1,car,0.1218,958.6,401.0,1025.9,444.4
1824,1,car,0.7757,561.1,473.6,651.6,526.0
1824,0,person,0.3362,1199.3,513.8,1218.5,558.8
1824,2,large_vehicle,0.1580,958.5,401.1,1026.2,444.7
1825,1,car,0.7682,560.8,473.7,651.5,526.1
1825,0,person,0.3924,1199.3,514.3,1218.6,558.9
1825,2,large_vehicle,0.1295,958.5,401.1,1026.0,444.6
1826,1,car,0.7100,563.8,473.7,652.0,525.9
1826,0,person,0.4070,1199.3,514.9,1218.4,558.9
1826,2,large_vehicle,0.1295,957.6,400.9,1026.4,444.7
1826,2,large_vehicle,0.1029,563.8,473.7,652.0,525.9
1827,1,car,0.7061,563.9,473.7,652.0,525.9
1827,0,person,0.3987,1199.2,513.9,1218.5,558.9
1827,2,large_vehicle,0.1474,957.3,400.8,1026.3,444.8
1827,2,large_vehicle,0.1075,563.9,473.7,652.0,525.9
1828,1,car,0.7133,563.1,473.7,651.9,526.0
1828,0,person,0.4285,1199.1,513.4,1218.6,558.9
1828,2,large_vehicle,0.1414,957.5,400.7,1026.5,444.8
1828,2,large_vehicle,0.1078,563.1,473.7,651.9,526.0
1829,1,car,0.7161,563.1,473.5,652.0,526.0
1829,0,person,0.4293,1199.3,513.8,1218.6,559.0
1829,2,large_vehicle,0.1632,957.5,400.2,1026.7,444.7
1829,1,car,0.1104,957.5,400.2,1026.7,444.7
1829,2,large_vehicle,0.1052,563.1,473.5,652.0,526.0
1830,1,car,0.6997,562.3,473.3,652.1,525.8
1830,0,person,0.3513,1199.3,512.7,1218.5,558.8
1830,2,large_vehicle,0.1769,957.4,400.2,1026.7,444.7
1830,1,car,0.1307,957.4,400.2,1026.7,444.7
1830,2,large_vehicle,0.1270,562.3,473.3,652.1,525.8
1831,1,car,0.6667,560.3,473.4,651.5,525.8
1831,0,person,0.3346,1199.5,514.4,1218.5,558.7
1831,2,large_vehicle,0.1755,958.2,400.2,1027.0,444.6
1831,2,large_vehicle,0.1751,560.3,473.4,651.5,525.8
1832,1,car,0.6609,559.6,473.5,651.6,525.8
1832,0,person,0.2659,1199.4,513.6,1218.4,558.5
1832,2,large_vehicle,0.2017,958.0,400.2,1027.2,444.6
1832,2,large_vehicle,0.1766,559.6,473.5,651.6,525.8
1832,1,car,0.1123,958.0,400.2,1027.2,444.6
1833,1,car,0.6733,559.6,473.5,651.8,525.8
1833,0,person,0.2677,1199.4,513.8,1218.5,558.5
1833,2,large_vehicle,0.2013,958.0,400.1,1027.1,444.7
1833,2,large_vehicle,0.1649,559.6,473.5,651.8,525.8
1833,1,car,0.1145,958.0,400.1,1027.1,444.7
1834,1,car,0.7317,560.8,473.4,651.6,525.7
1834,2,large_vehicle,0.2284,958.0,400.0,1027.3,444.8
1834,0,person,0.1615,1199.2,503.7,1219.0,558.1
1835,1,car,0.7136,561.2,473.3,651.7,525.7
1835,0,person,0.2646,1199.3,503.7,1219.0,557.9
1835,2,large_vehicle,0.2032,957.8,400.1,1027.1,444.7
1835,2,large_vehicle,0.1142,561.2,473.3,651.7,525.7
1836,1,car,0.6882,562.5,473.6,652.0,525.6
1836,2,large_vehicle,0.2081,957.2,400.2,1026.5,444.6
1836,0,person,0.1748,1199.6,507.0,1218.9,557.2
1836,2,large_vehicle,0.1244,562.5,473.6,652.0,525.6
1836,1,car,0.1117,957.2,400.2,1026.5,444.6
1837,1,car,0.6460,562.7,473.3,651.8,525.7
1837,0,person,0.2651,1199.4,504.2,1219.1,557.4
1837,2,large_vehicle,0.2137,956.9,400.3,1026.4,444.6
1837,2,large_vehicle,0.1726,562.7,473.3,651.8,525.7
1837,1,car,0.1094,956.9,400.3,1026.4,444.6
1838,1,car,0.6272,566.1,473.5,651.7,525.5
1838,0,person,0.3679,1199.1,501.7,1219.2,557.6
1838,2,large_vehicle,0.3067,956.5,399.9,1027.0,444.7
1838,2,large_vehicle,0.1695,566.1,473.5,651.7,525.5
1838,1,car,0.1419,956.5,399.9,1027.0,444.7
1839,1,car,0.6777,562.7,473.1,651.5,525.6
1839,2,large_vehicle,0.4532,954.2,399.2,1028.3,444.7
1839,0,person,0.4141,1198.6,498.4,1219.2,557.9
1839,1,car,0.1912,954.2,399.2,1028.3,444.7
1839,2,large_vehicle,0.1182,562.7,473.1,651.5,525.6
1840,1,car,0.6860,562.9,473.1,651.5,525.7
1840,2,large_vehicle,0.4545,954.2,399.3,1028.6,444.7
1840,0,person,0.4242,1198.6,498.3,1219.2,557.9
1840,1,car,0.1971,954.2,399.3,1028.6,444.7
1840,2,large_vehicle,0.1131,562.9,473.1,651.5,525.7
1841,1,car,0.6421,560.7,473.1,651.5,525.5
1841,0,person,0.4138,1198.7,499.4,1219.3,557.7
1841,2,large_vehicle,0.2406,957.2,400.1,1027.4,444.6
1841,2,large_vehicle,0.1858,560.7,473.1,651.5,525.5
1841,1,car,0.1649,957.2,400.1,1027.4,444.6
1842,1,car,0.6490,560.7,473.1,651.5,525.5
1842,0,person,0.3999,1198.7,499.4,1219.3,557.7
1842,2,large_vehicle,0.2537,957.2,400.1,1027.5,444.6
1842,2,large_vehicle,0.1778,560.7,473.1,651.5,525.5
1842,1,car,0.1686,957.2,400.1,1027.5,444.6
1843,1,car,0.6319,560.6,473.1,651.5,525.6
1843,0,person,0.3534,1198.8,499.9,1219.3,558.2
1843,2,large_vehicle,0.2407,957.3,400.1,1027.7,444.5
1843,2,large_vehicle,0.2058,560.6,473.1,651.5,525.6
1843,1,car,0.1676,957.3,400.1,1027.7,444.5
1844,1,car,0.6568,563.0,473.6,651.4,525.6
1844,0,person,0.5333,1198.8,499.4,1219.3,558.5
1844,2,large_vehicle,0.2760,957.0,400.1,1027.4,444.5
1844,0,person,0.2384,451.3,506.8,468.6,552.9
1844,2,large_vehicle,0.1632,563.0,473.6,651.4,525.6
1844,4,other_vehicle,0.1466,26.2,730.6,77.7,784.3
1844,1,car,0.1365,957.0,400.1,1027.4,444.5
1845,1,car,0.6466,563.2,473.6,651.3,525.6
1845,0,person,0.5210,1198.8,499.6,1219.4,558.5
1845,2,large_vehicle,0.2495,957.0,400.2,1027.7,444.6
1845,0,person,0.2204,451.4,507.0,468.5,553.0
1845,2,large_vehicle,0.1759,563.2,473.6,651.3,525.6
1845,1,car,0.1491,957.0,400.2,1027.7,444.6
1845,4,other_vehicle,0.1473,26.2,730.6,77.7,784.2
1846,1,car,0.5306,566.0,473.2,651.4,525.4
1846,0,person,0.5269,1198.5,499.1,1219.4,557.7
1846,4,other_vehicle,0.3403,22.0,731.6,73.1,784.7
1846,2,large_vehicle,0.2967,955.9,400.5,1026.9,444.5
1846,2,large_vehicle,0.2457,566.0,473.2,651.4,525.4
1846,1,car,0.1992,955.9,400.5,1026.9,444.5
1846,0,person,0.1719,449.8,508.0,465.5,553.9
1846,0,person,0.1128,451.6,508.0,468.0,554.0
1847,0,person,0.4772,1198.5,499.1,1219.5,557.8
1847,4,other_vehicle,0.3433,22.0,731.6,73.1,784.6
1847,2,large_vehicle,0.3073,955.9,400.2,1026.9,444.4
1847,1,car,0.1953,955.9,400.2,1026.9,444.4
1847,0,person,0.1350,450.0,508.8,465.4,553.9
1848,1,car,0.5827,566.2,473.4,651.2,525.2
1848,0,person,0.4159,1198.5,499.4,1219.5,557.9
1848,2,large_vehicle,0.3085,955.3,399.7,1026.7,444.4
1848,2,large_vehicle,0.2062,566.2,473.4,651.2,525.2
1848,1,car,0.1942,955.3,399.7,1026.7,444.4
1848,4,other_vehicle,0.1876,17.6,729.2,68.3,782.7
1849,1,car,0.6133,566.0,473.4,651.4,525.3
1849,0,person,0.3668,1198.5,499.2,1219.4,558.1
1849,2,large_vehicle,0.3083,955.6,399.7,1026.9,444.4
1849,1,car,0.1868,955.6,399.7,1026.9,444.4
1849,4,other_vehicle,0.1815,17.6,729.2,68.2,782.6
1849,2,large_vehicle,0.1810,566.0,473.4,651.4,525.3
1850,1,car,0.5980,563.2,473.2,651.2,525.5
1850,0,person,0.5890,448.7,507.3,466.5,554.4
1850,0,person,0.3944,1198.6,499.4,1219.3,557.8
1850,2,large_vehicle,0.2203,957.2,400.3,1026.8,444.5
1850,2,large_vehicle,0.2096,563.2,473.2,651.2,525.5
1850,1,car,0.1613,957.2,400.3,1026.8,444.5
1851,1,car,0.6043,563.4,473.2,651.3,525.4
1851,0,person,0.5965,448.7,507.2,466.6,554.4
1851,0,person,0.3989,1198.6,499.3,1219.3,557.8
1851,2,large_vehicle,0.2116,957.3,400.2,1026.9,444.5
1851,2,large_vehicle,0.2024,563.4,473.2,651.3,525.4
1851,1,car,0.1518,957.3,400.2,1026.9,444.5
1852,1,car,0.5851,562.8,473.2,651.2,525.5
1852,0,person,0.5466,448.7,507.3,466.5,554.5
1852,0,person,0.3456,1198.5,498.7,1219.1,557.7
1852,2,large_vehicle,0.2175,562.8,473.2,651.2,525.5
1852,2,large_vehicle,0.2161,957.3,400.2,1027.1,444.5
1852,1,car,0.1638,957.3,400.2,1027.1,444.5
