frame,class_id,class,conf,x1,y1,x2,y2
0,1,car,0.3624,552.8,505.8,647.2,556.3
0,1,car,0.3594,948.2,440.7,1022.3,484.6
0,2,large_vehicle,0.2161,948.2,440.7,1022.3,484.6
0,1,car,0.1743,554.3,506.3,647.6,556.4
0,2,large_vehicle,0.1341,552.8,505.8,647.2,556.3
0,2,large_vehicle,0.1036,1186.4,512.9,1290.3,571.2
1,1,car,0.3543,948.1,440.6,1022.0,484.5
1,1,car,0.2997,556.3,506.6,647.0,556.5
1,2,large_vehicle,0.2013,948.1,440.6,1022.0,484.5
1,1,car,0.1686,562.4,506.8,647.7,556.5
1,1,car,0.1382,1279.3,634.5,1342.0,710.6
1,2,large_vehicle,0.1235,1186.5,511.5,1288.9,571.0
1,2,large_vehicle,0.1147,556.3,506.6,647.0,556.5
1,2,large_vehicle,0.1066,562.4,506.8,647.7,556.5
2,1,car,0.3421,948.1,440.8,1021.9,484.5
2,1,car,0.2306,562.7,507.0,647.8,556.4
2,2,large_vehicle,0.2032,948.1,440.8,1021.9,484.5
2,1,car,0.1654,556.5,506.7,647.2,556.4
2,1,car,0.1466,1279.3,634.5,1342.0,710.8
2,2,large_vehicle,0.1230,562.7,507.0,647.8,556.4
2,2,large_vehicle,0.1221,1186.5,511.3,1289.8,571.0
3,1,car,0.6774,554.0,506.7,647.3,556.1
3,1,car,0.3432,947.2,440.7,1022.4,484.5
3,1,car,0.1743,1182.4,509.9,1266.4,570.7
3,2,large_vehicle,0.1450,947.2,440.7,1022.4,484.5
3,2,large_vehicle,0.1147,554.0,506.7,647.3,556.1
3,1,car,0.1141,1279.4,633.0,1342.0,711.4
4,1,car,0.7273,554.1,506.8,648.7,556.4
4,1,car,0.2893,948.8,440.7,1022.4,484.3
4,1,car,0.1823,1182.3,510.9,1265.3,570.7
4,2,large_vehicle,0.1548,948.8,440.7,1022.4,484.3
4,1,car,0.1184,1279.4,633.3,1342.0,711.1
5,1,car,0.7709,555.0,506.9,647.5,556.4
5,2,large_vehicle,0.3403,1177.0,507.4,1267.0,572.4
5,1,car,0.3379,948.7,440.6,1022.8,484.3
5,1,car,0.2389,1177.0,507.4,1267.0,572.4
5,1,car,0.1707,1279.5,632.1,1342.0,709.9
5,2,large_vehicle,0.1419,948.7,440.6,1022.8,484.3
6,1,car,0.7671,555.1,506.8,647.4,556.4
6,1,car,0.3694,949.6,440.8,1022.8,484.3
6,2,large_vehicle,0.3466,1177.0,507.6,1267.0,572.5
6,1,car,0.2259,1177.0,507.6,1267.0,572.5
6,1,car,0.1893,1279.5,632.2,1342.0,710.1
6,2,large_vehicle,0.1357,949.6,440.8,1022.8,484.3
7,1,car,0.6040,1171.8,507.6,1264.2,574.6
7,1,car,0.4290,562.5,507.1,647.9,556.4
7,1,car,0.2361,1279.6,633.2,1342.0,709.1
7,2,large_vehicle,0.1557,562.5,507.1,647.9,556.4
7,1,car,0.1371,949.4,441.1,1023.4,484.5
7,1,car,0.1181,949.1,441.0,1022.6,484.4
8,1,car,0.5967,1171.9,508.4,1263.8,574.6
8,1,car,0.4396,563.0,507.2,647.7,556.4
8,1,car,0.4152,949.0,441.0,1022.4,484.4
8,1,car,0.2196,1279.6,633.4,1342.0,709.3
8,2,large_vehicle,0.2026,949.0,441.0,1022.4,484.4
8,2,large_vehicle,0.1629,563.0,507.2,647.7,556.4
9,1,car,0.3572,557.4,507.0,647.5,556.3
9,1,car,0.3278,1167.1,509.1,1254.5,576.9
9,2,large_vehicle,0.3196,1167.1,509.1,1254.5,576.9
9,1,car,0.2988,1279.6,632.9,1342.0,708.4
9,1,car,0.2885,563.0,507.3,648.2,556.3
9,1,car,0.2872,947.3,440.4,1023.6,484.5
9,1,car,0.1232,947.3,440.4,1022.5,484.5
9,2,large_vehicle,0.1051,947.3,440.4,1023.6,484.5
10,1,car,0.5240,948.0,440.2,1022.6,484.5
10,1,car,0.3685,558.0,506.9,648.8,556.3
10,1,car,0.3572,1279.6,633.5,1342.0,708.2
10,1,car,0.3463,1167.1,509.1,1254.1,576.9
10,2,large_vehicle,0.2848,1167.1,509.1,1254.1,576.9
10,1,car,0.2774,563.5,507.2,649.2,556.3
10,2,large_vehicle,0.1762,948.0,440.2,1022.6,484.5
11,1,car,0.5218,947.9,440.3,1022.6,484.5
11,1,car,0.3527,1279.6,633.0,1342.0,708.1
11,1,car,0.3389,1167.1,509.2,1254.2,576.9
11,1,car,0.3186,558.3,506.9,648.8,556.3
11,2,large_vehicle,0.2913,1167.1,509.2,1254.2,576.9
11,1,car,0.2909,563.7,507.2,649.2,556.3
11,2,large_vehicle,0.1810,947.9,440.3,1022.6,484.5
12,1,car,0.6732,554.5,506.7,652.5,556.1
12,2,large_vehicle,0.4638,1161.5,516.1,1246.3,580.3
12,1,car,0.4620,948.3,439.7,1022.6,484.5
12,1,car,0.2656,1161.5,516.1,1246.3,580.3
12,1,car,0.2634,1279.6,633.0,1342.0,708.0
12,2,large_vehicle,0.1694,948.3,439.7,1022.6,484.5
13,1,car,0.7223,554.0,506.7,651.0,556.1
13,1,car,0.4608,949.0,439.9,1022.7,484.4
13,2,large_vehicle,0.4464,1161.5,516.6,1245.2,580.2
13,1,car,0.2844,1161.5,516.6,1245.2,580.2
13,1,car,0.2146,1279.6,633.2,1342.0,708.2
13,2,large_vehicle,0.1599,949.0,439.9,1022.7,484.4
14,1,car,0.7886,555.2,506.7,649.2,556.3
14,2,large_vehicle,0.4368,1155.4,517.2,1244.9,581.1
14,1,car,0.4158,948.8,439.6,1022.7,484.4
14,1,car,0.3262,1155.4,517.2,1244.9,581.1
14,1,car,0.1721,1279.5,633.1,1342.0,709.5
14,2,large_vehicle,0.1526,948.8,439.6,1022.7,484.4
15,1,car,0.7868,555.2,506.7,648.5,556.4
15,2,large_vehicle,0.4405,1155.4,517.2,1245.0,581.0
15,1,car,0.4026,949.0,439.8,1022.7,484.4
15,1,car,0.3239,1155.4,517.2,1245.0,581.0
15,1,car,0.1801,1279.5,633.1,1342.0,709.7
15,2,large_vehicle,0.1366,949.0,439.8,1022.7,484.4
16,1,car,0.7722,555.4,506.8,649.0,556.4
16,2,large_vehicle,0.4641,1155.4,516.7,1245.0,581.1
16,1,car,0.2934,1155.4,516.7,1245.0,581.1
16,1,car,0.2896,949.3,439.8,1022.6,484.4
16,1,car,0.1799,1279.5,633.2,1342.0,709.6
16,2,large_vehicle,0.1132,949.3,439.8,1022.6,484.4
17,1,car,0.5048,1150.7,522.6,1237.9,582.9
17,1,car,0.4414,566.0,507.2,650.3,556.5
17,1,car,0.3099,949.1,440.1,1023.3,484.7
17,2,large_vehicle,0.3030,1150.7,522.6,1237.9,582.9
17,2,large_vehicle,0.1639,949.1,440.1,1023.3,484.7
17,1,car,0.1425,1279.6,634.5,1342.0,709.1
17,2,large_vehicle,0.1095,566.0,507.2,650.3,556.5
18,1,car,0.4940,1150.7,522.5,1237.8,582.9
18,1,car,0.4911,566.2,507.4,649.6,556.5
18,1,car,0.3272,949.0,440.2,1023.1,484.7
18,2,large_vehicle,0.3084,1150.7,522.5,1237.8,582.9
18,2,large_vehicle,0.1605,949.0,440.2,1023.1,484.7
18,1,car,0.1466,1279.6,634.5,1342.0,709.2
18,2,large_vehicle,0.1292,566.2,507.4,649.6,556.5
19,1,car,0.5370,1144.8,524.7,1215.8,585.4
19,1,car,0.3366,948.3,439.9,1023.4,484.9
19,1,car,0.2797,560.6,506.3,648.9,556.6
19,1,car,0.2626,565.0,506.6,649.4,556.5
19,2,large_vehicle,0.1577,948.3,439.9,1023.4,484.9
19,2,large_vehicle,0.1045,1188.2,392.9,1238.9,422.8
20,1,car,0.5326,1144.8,524.7,1215.8,585.4
20,1,car,0.3426,560.2,506.3,649.3,556.5
20,1,car,0.3296,948.3,439.9,1023.3,484.9
20,1,car,0.2352,564.9,506.7,649.7,556.5
20,2,large_vehicle,0.1571,948.3,439.9,1023.3,484.9
21,1,car,0.5309,1144.8,524.8,1215.8,585.4
21,1,car,0.4021,558.5,506.2,647.0,556.5
21,1,car,0.3508,948.0,440.0,1023.3,484.9
21,1,car,0.1698,563.5,506.4,647.6,556.5
21,2,large_vehicle,0.1467,948.0,440.0,1023.3,484.9
22,1,car,0.6634,556.6,506.5,650.0,556.3
22,1,car,0.4879,1138.1,526.9,1213.7,588.1
22,1,car,0.4510,948.7,439.7,1022.5,484.6
22,1,car,0.3133,1138.7,526.8,1214.8,587.6
22,2,large_vehicle,0.1520,948.7,439.7,1022.5,484.6
22,1,car,0.1255,1279.5,634.8,1342.0,709.5
23,1,car,0.6595,556.5,506.6,648.9,556.3
23,1,car,0.5662,1138.1,526.8,1213.9,588.1
23,1,car,0.4573,948.7,439.8,1022.0,484.6
23,1,car,0.2792,1138.6,526.8,1214.9,587.6
23,2,large_vehicle,0.1575,948.7,439.8,1022.0,484.6
23,1,car,0.1306,1279.5,634.7,1342.0,709.4
24,1,car,0.7997,556.7,506.6,647.6,556.4
24,1,car,0.5513,1132.9,528.1,1209.7,589.1
24,2,large_vehicle,0.1859,1132.9,528.1,1209.7,589.1
24,1,car,0.1656,1133.1,527.9,1210.1,589.2
24,1,car,0.1359,1279.5,634.8,1342.0,709.7
24,1,car,0.1261,948.9,440.1,1022.7,484.4
25,1,car,0.8175,556.4,506.5,647.2,556.3
25,1,car,0.5487,1132.9,528.0,1209.7,589.1
25,1,car,0.2453,949.2,440.4,1022.6,484.4
25,1,car,0.1901,1133.1,527.8,1210.1,589.2
25,2,large_vehicle,0.1750,1132.9,528.0,1209.7,589.1
25,1,car,0.1496,1279.5,634.4,1342.0,709.5
26,1,car,0.8155,556.4,506.5,647.2,556.3
26,1,car,0.5478,1132.9,528.1,1209.7,589.1
26,2,large_vehicle,0.1839,1132.9,528.1,1209.7,589.1
26,1,car,0.1729,1133.1,527.9,1210.2,589.2
26,1,car,0.1461,1279.5,634.4,1342.0,709.4
26,1,car,0.1298,949.2,440.2,1022.7,484.4
27,1,car,0.6767,1126.2,529.6,1206.1,592.6
27,1,car,0.4760,565.6,506.9,648.1,556.3
27,0,person,0.4201,1192.7,560.3,1209.7,598.2
27,1,car,0.2601,949.5,440.5,1022.5,484.6
27,1,car,0.1397,1279.5,633.6,1342.0,709.5
27,2,large_vehicle,0.1381,949.5,440.5,1022.5,484.6
28,1,car,0.6534,1126.3,529.4,1206.0,592.5
28,1,car,0.3231,564.9,506.8,648.2,556.5
28,0,person,0.2621,1192.4,559.3,1209.1,597.7
28,1,car,0.2490,949.3,440.4,1022.8,484.6
28,1,car,0.1793,561.7,506.5,647.0,556.5
28,2,large_vehicle,0.1466,949.3,440.4,1022.8,484.6
28,1,car,0.1388,1279.6,633.8,1342.0,709.3
29,1,car,0.8218,1120.2,531.9,1200.3,593.9
29,1,car,0.5727,557.5,506.1,647.1,556.5
29,1,car,0.1971,563.7,506.4,647.8,556.5
29,1,car,0.1624,948.7,440.4,1022.1,484.3
29,1,car,0.1159,949.0,440.6,1023.0,484.4
30,1,car,0.8184,1120.1,532.0,1200.2,593.9
30,1,car,0.6120,556.0,506.0,647.8,556.5
30,1,car,0.3961,948.4,440.7,1023.2,484.5
30,2,large_vehicle,0.1353,948.4,440.7,1023.2,484.5
31,1,car,0.6836,555.0,506.0,649.4,556.4
31,1,car,0.5907,1115.1,533.8,1195.7,596.6
31,1,car,0.3857,947.7,439.8,1023.7,484.4
31,2,large_vehicle,0.1858,947.7,439.8,1023.7,484.4
31,2,large_vehicle,0.1247,1115.1,533.8,1195.7,596.6
32,1,car,0.6945,555.1,506.2,648.4,556.5
32,1,car,0.6109,1115.1,533.7,1196.2,596.6
32,1,car,0.3833,947.8,439.8,1023.8,484.4
32,2,large_vehicle,0.1977,947.8,439.8,1023.8,484.4
32,2,large_vehicle,0.1109,1115.1,533.7,1196.2,596.6
33,1,car,0.8390,1106.6,534.3,1191.5,598.5
33,1,car,0.7670,556.1,505.9,648.4,556.4
33,1,car,0.4814,949.2,439.9,1022.7,484.2
33,2,large_vehicle,0.1470,949.2,439.9,1022.7,484.2
33,1,car,0.1259,1279.6,633.2,1342.0,710.3
34,1,car,0.8409,1106.5,534.3,1191.5,598.5
34,1,car,0.7804,556.6,506.2,648.1,556.4
34,1,car,0.4834,949.2,439.8,1022.5,484.3
34,2,large_vehicle,0.1506,949.2,439.8,1022.5,484.3
34,1,car,0.1108,1279.5,633.7,1342.0,710.2
35,1,car,0.8409,1106.5,534.3,1191.5,598.5
35,1,car,0.7773,556.5,506.1,648.0,556.4
35,1,car,0.4681,949.2,439.9,1022.6,484.3
35,2,large_vehicle,0.1520,949.2,439.9,1022.6,484.3
35,1,car,0.1073,1279.5,633.6,1342.0,710.2
36,1,car,0.8167,1101.1,537.4,1184.9,600.4
36,1,car,0.4772,949.4,439.9,1022.7,484.3
36,1,car,0.3677,564.7,506.4,649.5,556.5
36,1,car,0.2032,560.5,506.3,648.3,556.5
36,2,large_vehicle,0.1878,949.4,439.9,1022.7,484.3
37,1,car,0.8182,1101.2,537.5,1185.0,600.4
37,1,car,0.3995,559.9,506.2,648.6,556.5
37,1,car,0.3167,564.3,506.3,649.4,556.5
37,1,car,0.1714,949.6,440.1,1023.6,484.5
37,1,car,0.1233,949.2,440.1,1022.6,484.3
37,2,large_vehicle,0.1045,949.6,440.1,1023.6,484.5
37,1,car,0.1009,1279.5,634.0,1342.0,709.2
38,1,car,0.6525,1094.4,538.1,1179.2,603.9
38,1,car,0.6307,556.7,505.8,650.8,556.6
38,1,car,0.3961,949.0,440.1,1023.4,484.5
38,2,large_vehicle,0.2165,1094.4,538.1,1179.2,603.9
38,2,large_vehicle,0.1883,949.0,440.1,1023.4,484.5
38,1,car,0.1455,563.0,505.9,650.2,556.6
39,1,car,0.6424,1094.7,538.1,1179.1,603.9
39,1,car,0.5998,556.1,505.5,653.7,556.5
39,1,car,0.3731,949.0,440.0,1023.6,484.5
39,2,large_vehicle,0.2313,1094.7,538.1,1179.1,603.9
39,2,large_vehicle,0.1836,949.0,440.0,1023.6,484.5
40,1,car,0.6569,1094.5,538.1,1179.4,603.9
40,1,car,0.6079,555.8,505.2,658.0,556.4
40,1,car,0.3897,948.7,440.1,1023.4,484.4
40,2,large_vehicle,0.2086,1094.5,538.1,1179.4,603.9
40,2,large_vehicle,0.1851,948.7,440.1,1023.4,484.4
41,1,car,0.8266,1088.0,539.5,1174.2,605.4
41,1,car,0.6759,555.0,505.0,656.0,556.4
41,1,car,0.4421,947.6,439.6,1023.1,484.5
41,2,large_vehicle,0.2177,947.6,439.6,1023.1,484.5
42,1,car,0.8306,1088.0,539.5,1174.2,605.4
42,1,car,0.6500,554.3,504.7,657.3,556.3
42,1,car,0.4579,947.3,439.6,1023.0,484.4
42,2,large_vehicle,0.1986,947.3,439.6,1023.0,484.4
42,1,car,0.1062,1279.7,634.8,1342.0,709.3
43,1,car,0.7909,1080.7,541.8,1168.6,608.3
43,1,car,0.7391,555.0,505.1,656.7,556.2
43,1,car,0.4244,948.5,440.0,1022.4,484.1
43,2,large_vehicle,0.1400,948.5,440.0,1022.4,484.1
43,1,car,0.1344,1279.4,633.7,1342.0,708.6
44,1,car,0.7904,1080.7,541.8,1168.5,608.3
44,1,car,0.7455,555.2,505.2,656.7,556.2
44,1,car,0.4309,948.4,439.9,1022.4,484.1
44,2,large_vehicle,0.1461,948.4,439.9,1022.4,484.1
44,1,car,0.1241,1279.4,633.7,1342.0,708.8
45,1,car,0.7862,1080.7,541.8,1168.4,608.3
45,1,car,0.7348,555.1,504.9,652.1,556.3
45,1,car,0.4354,949.2,440.2,1022.6,484.1
45,2,large_vehicle,0.1331,949.2,440.2,1022.6,484.1
45,1,car,0.1256,1279.4,633.7,1342.0,708.8
46,1,car,0.8720,1075.1,542.7,1163.5,609.4
46,1,car,0.6915,558.0,504.6,662.1,556.3
46,1,car,0.4389,949.8,439.8,1022.5,484.0
46,2,large_vehicle,0.1680,949.8,439.8,1022.5,484.0
47,1,car,0.8672,1075.3,542.8,1163.5,609.6
47,1,car,0.6937,558.3,504.8,661.0,556.3
47,1,car,0.4390,949.7,439.9,1022.4,484.0
47,2,large_vehicle,0.1677,949.7,439.9,1022.4,484.0
47,1,car,0.1002,1279.4,633.1,1342.0,708.6
48,1,car,0.8374,1066.6,545.5,1157.3,613.0
48,1,car,0.6749,556.2,504.9,657.0,556.2
48,1,car,0.1934,949.2,439.8,1023.7,484.3
49,1,car,0.8407,1066.6,545.5,1157.1,613.0
49,1,car,0.6863,557.4,504.9,659.9,556.2
49,1,car,0.4270,948.6,439.7,1023.4,484.3
49,2,large_vehicle,0.1985,948.6,439.7,1023.4,484.3
49,1,car,0.1193,1279.4,633.9,1342.0,708.7
50,1,car,0.8425,1066.6,545.5,1157.1,613.0
50,1,car,0.6866,557.2,504.8,658.9,556.2
50,1,car,0.4144,948.6,439.5,1023.6,484.3
50,2,large_vehicle,0.1939,948.6,439.5,1023.6,484.3
50,1,car,0.1215,1279.4,634.0,1342.0,708.7
51,1,car,0.8552,1060.1,546.9,1153.7,614.4
51,1,car,0.7381,555.5,504.8,662.5,556.1
51,1,car,0.3983,947.3,439.4,1023.4,484.2
51,2,large_vehicle,0.1856,947.3,439.4,1023.4,484.2
51,1,car,0.1190,1279.4,634.1,1342.0,708.5
52,1,car,0.8543,1060.0,546.9,1153.6,614.4
52,1,car,0.7418,554.4,505.0,659.9,556.1
52,1,car,0.3903,948.0,439.7,1022.4,484.2
52,2,large_vehicle,0.1904,948.0,439.7,1022.4,484.2
52,1,car,0.1190,1279.4,634.4,1342.0,708.7
53,1,car,0.8060,1052.6,549.0,1147.9,616.7
53,1,car,0.7924,555.1,505.2,653.9,556.1
53,1,car,0.3486,948.9,439.3,1022.5,484.2
53,2,large_vehicle,0.2061,948.9,439.3,1022.5,484.2
53,1,car,0.1166,1279.4,634.0,1342.0,709.4
54,1,car,0.8043,1052.6,549.0,1148.1,616.7
54,1,car,0.7866,555.7,505.4,652.2,556.2
54,1,car,0.3475,948.9,439.4,1022.6,484.2
54,2,large_vehicle,0.2065,948.9,439.4,1022.6,484.2
54,1,car,0.1209,1279.4,634.3,1342.0,709.5
55,1,car,0.8534,1043.5,550.6,1141.1,620.0
55,1,car,0.6400,564.5,505.7,659.6,556.1
55,1,car,0.3424,949.2,439.1,1022.2,484.3
55,1,car,0.2306,566.2,506.3,652.9,556.3
55,2,large_vehicle,0.1991,949.2,439.1,1022.2,484.3
56,1,car,0.8544,1043.6,550.6,1140.9,620.0
56,1,car,0.3895,564.7,506.0,656.1,556.1
56,1,car,0.3566,566.2,506.5,652.1,556.3
56,1,car,0.3342,949.2,439.1,1022.2,484.3
56,2,large_vehicle,0.2017,949.2,439.1,1022.2,484.3
57,1,car,0.8337,1035.6,552.8,1137.3,621.9
57,1,car,0.6474,559.3,505.0,656.1,556.1
57,1,car,0.3594,949.0,439.2,1021.4,484.3
57,2,large_vehicle,0.1757,949.0,439.2,1021.4,484.3
58,1,car,0.8340,1035.6,552.9,1137.3,621.9
58,1,car,0.6701,558.2,504.9,657.3,556.1
58,1,car,0.3870,948.6,439.0,1022.1,484.3
58,2,large_vehicle,0.2059,948.6,439.0,1022.1,484.3
59,1,car,0.8336,1035.6,552.8,1137.3,621.9
59,1,car,0.6647,558.0,504.7,657.3,556.1
59,1,car,0.3879,948.5,439.0,1022.1,484.3
59,2,large_vehicle,0.2075,948.5,439.0,1022.1,484.3
60,1,car,0.8437,1029.1,554.5,1127.6,624.8
60,1,car,0.7451,552.9,503.9,664.1,556.2
60,1,car,0.3399,947.0,438.1,1022.0,484.4
60,2,large_vehicle,0.2173,947.0,438.1,1022.0,484.4
61,1,car,0.8448,1029.1,554.5,1127.7,624.8
61,1,car,0.7394,553.8,504.0,663.8,556.2
61,1,car,0.2825,947.9,438.3,1021.6,484.3
61,2,large_vehicle,0.1928,947.9,438.3,1021.6,484.3
62,1,car,0.8642,1020.5,555.8,1124.6,628.0
62,1,car,0.7700,555.4,505.4,651.2,556.1
62,1,car,0.2341,948.5,438.5,1022.0,484.3
62,2,large_vehicle,0.1369,948.5,438.5,1022.0,484.3
63,1,car,0.8644,1020.5,555.8,1124.6,628.0
63,1,car,0.7602,555.7,505.3,651.4,556.1
63,1,car,0.2162,948.7,438.7,1022.2,484.3
63,2,large_vehicle,0.1258,948.7,438.7,1022.2,484.3
64,1,car,0.8645,1020.4,555.8,1124.6,628.0
64,1,car,0.5833,558.2,505.6,649.9,556.2
64,1,car,0.1851,560.3,505.6,649.6,556.3
64,1,car,0.1706,948.8,438.5,1022.4,484.3
64,2,large_vehicle,0.1064,948.8,438.5,1022.4,484.3
65,1,car,0.8808,1013.1,558.5,1114.7,630.7
65,1,car,0.2457,562.0,505.7,650.1,556.2
65,1,car,0.2406,564.2,505.7,650.3,556.3
65,1,car,0.1288,949.6,438.9,1021.2,484.0
66,1,car,0.8793,1013.2,558.5,1114.6,630.7
66,1,car,0.2976,564.4,505.7,650.3,556.3
66,1,car,0.2009,949.9,438.5,1021.5,484.1
66,1,car,0.1444,562.6,505.7,650.2,556.2
67,1,car,0.8905,1002.8,559.6,1111.1,634.5
67,1,car,0.6648,556.5,504.9,649.4,556.4
67,1,car,0.2427,948.1,438.7,1022.7,484.3
67,2,large_vehicle,0.2134,948.1,438.7,1022.7,484.3
68,1,car,0.8902,1002.8,559.6,1111.1,634.5
68,1,car,0.6574,556.3,505.0,649.3,556.5
68,1,car,0.2436,948.1,438.7,1022.6,484.4
68,2,large_vehicle,0.2082,948.1,438.7,1022.6,484.4
69,1,car,0.8915,1002.7,559.6,1111.1,634.5
69,1,car,0.6912,555.3,504.8,649.4,556.4
69,1,car,0.2321,948.3,438.8,1023.0,484.4
69,2,large_vehicle,0.2006,948.3,438.8,1023.0,484.4
70,1,car,0.9001,995.1,562.5,1104.5,636.3
70,1,car,0.7347,555.6,505.2,654.6,556.0
70,1,car,0.2897,947.8,438.5,1022.0,483.9
70,2,large_vehicle,0.1521,947.8,438.5,1022.0,483.9
71,1,car,0.9015,995.0,562.6,1104.7,636.1
71,1,car,0.7340,555.2,505.0,655.6,556.0
71,1,car,0.2531,949.1,438.8,1021.7,483.9
71,2,large_vehicle,0.1307,949.1,438.8,1021.7,483.9
72,1,car,0.8886,986.5,563.3,1090.3,639.4
72,1,car,0.5969,558.4,505.4,651.1,556.0
72,1,car,0.2361,949.4,438.7,1021.7,483.9
72,1,car,0.1509,560.4,505.5,650.3,556.2
72,2,large_vehicle,0.1145,949.4,438.7,1021.7,483.9
73,1,car,0.8866,986.5,563.2,1090.3,639.4
73,1,car,0.3371,559.2,505.7,649.6,556.1
73,1,car,0.2448,560.8,505.7,649.6,556.2
73,1,car,0.2155,949.4,438.8,1021.6,483.9
73,2,large_vehicle,0.1009,949.4,438.8,1021.6,483.9
74,1,car,0.8862,986.5,563.2,1090.3,639.4
74,1,car,0.2903,560.8,505.7,649.4,556.2
74,1,car,0.2401,559.2,505.6,649.2,556.1
74,1,car,0.2128,949.4,438.8,1021.7,483.9
74,2,large_vehicle,0.1013,949.4,438.8,1021.7,483.9
75,1,car,0.8788,977.3,566.0,1086.4,642.9
75,1,car,0.3169,563.6,505.7,649.9,556.2
75,1,car,0.2087,949.7,439.0,1021.5,483.9
75,0,person,0.1568,1191.0,545.8,1210.2,596.6
76,1,car,0.8798,977.4,566.0,1086.9,642.8
76,1,car,0.4135,563.8,505.8,649.5,556.3
76,0,person,0.1689,1191.0,545.4,1210.3,596.6
76,1,car,0.1404,949.3,438.9,1021.8,484.2
76,2,large_vehicle,0.1244,949.3,438.9,1021.8,484.2
77,1,car,0.9015,968.2,568.4,1075.9,644.5
77,1,car,0.6704,555.4,504.8,651.2,556.3
77,1,car,0.1346,949.6,439.1,1020.7,483.9
77,0,person,0.1023,1191.1,545.8,1209.6,596.2
78,1,car,0.9014,968.2,568.4,1075.9,644.5
78,1,car,0.6904,553.8,504.5,650.3,556.3
78,1,car,0.1274,949.0,438.8,1021.4,484.2
78,0,person,0.1033,1191.1,545.9,1209.6,596.2
78,2,large_vehicle,0.1010,949.0,438.8,1021.4,484.2
79,1,car,0.8950,959.0,570.9,1068.1,647.7
79,1,car,0.7005,557.3,505.0,653.2,555.9
79,2,large_vehicle,0.1496,947.6,438.3,1022.1,484.1
79,1,car,0.1339,947.6,438.3,1022.1,484.1
80,1,car,0.8953,958.7,570.9,1068.1,647.6
80,1,car,0.6987,557.4,505.1,653.4,555.9
80,2,large_vehicle,0.1820,947.6,438.4,1021.6,484.1
80,1,car,0.1607,947.6,438.4,1021.6,484.1
81,1,car,0.8895,948.7,572.7,1060.2,650.9
81,1,car,0.7672,553.9,504.8,649.9,556.0
82,1,car,0.8900,948.8,572.7,1060.2,650.9
82,1,car,0.7071,555.7,505.2,648.1,556.0
82,1,car,0.1824,949.8,439.0,1021.2,483.7
83,1,car,0.8898,948.8,572.7,1060.2,650.9
83,1,car,0.7011,555.7,505.2,648.1,556.0
83,1,car,0.1890,949.8,439.0,1021.2,483.7
84,1,car,0.9008,937.9,575.7,1053.4,653.6
84,1,car,0.4451,563.1,505.8,648.6,555.9
84,1,car,0.2099,950.0,438.6,1021.6,483.8
84,0,person,0.1236,1190.4,549.4,1209.6,596.8
84,2,large_vehicle,0.1191,950.0,438.6,1021.6,483.8
85,1,car,0.9002,938.0,575.7,1053.6,653.6
85,1,car,0.4850,564.4,506.0,648.9,556.0
85,1,car,0.1992,949.4,438.7,1021.3,483.9
85,2,large_vehicle,0.1190,949.4,438.7,1021.3,483.9
85,0,person,0.1003,1190.3,548.7,1209.6,596.6
86,1,car,0.9085,928.6,577.1,1043.3,656.1
86,1,car,0.6881,555.8,505.1,648.4,556.1
86,1,car,0.2601,949.5,438.9,1021.3,483.8
86,2,large_vehicle,0.1210,949.5,438.9,1021.3,483.8
86,1,car,0.1093,561.9,505.5,648.9,556.0
87,1,car,0.9083,928.4,577.1,1043.3,656.1
87,1,car,0.6797,555.8,505.0,648.3,556.1
87,1,car,0.3397,948.9,439.0,1022.2,483.9
87,1,car,0.1439,562.1,505.3,648.9,556.0
87,2,large_vehicle,0.1196,948.9,439.0,1022.2,483.9
88,1,car,0.9080,928.4,577.1,1043.3,656.2
88,1,car,0.6421,555.8,505.0,648.6,556.1
88,1,car,0.3393,948.5,438.7,1022.2,483.9
88,1,car,0.1907,562.8,505.5,649.1,555.9
88,2,large_vehicle,0.1613,948.5,438.7,1022.2,483.9
89,1,car,0.9139,918.2,580.6,1033.9,659.9
89,1,car,0.7406,554.8,505.3,650.9,555.8
89,1,car,0.3965,947.1,438.2,1022.8,483.8
89,2,large_vehicle,0.2053,947.1,438.2,1022.8,483.8
89,1,car,0.1683,1179.8,510.8,1269.2,567.9
90,1,car,0.9139,918.1,580.6,1033.9,659.9
90,1,car,0.7090,554.3,505.2,650.5,555.8
90,1,car,0.3962,947.1,438.1,1022.7,483.8
90,2,large_vehicle,0.1872,947.1,438.1,1022.7,483.8
90,1,car,0.1578,1179.8,511.2,1269.2,568.0
91,1,car,0.9184,909.0,581.9,1026.4,662.9
91,1,car,0.7459,555.3,505.5,648.1,555.9
91,1,car,0.3009,1176.0,516.0,1264.4,569.4
91,1,car,0.2627,948.2,438.3,1022.2,483.7
91,2,large_vehicle,0.1506,948.2,438.3,1022.2,483.7
91,1,car,0.1432,1175.8,520.1,1253.5,569.2
92,1,car,0.9185,909.0,581.9,1026.4,662.9
92,1,car,0.7499,555.2,505.5,648.1,555.9
92,1,car,0.3009,1176.0,515.9,1264.5,569.4
92,1,car,0.2596,948.1,438.2,1022.3,483.7
92,2,large_vehicle,0.1460,948.1,438.2,1022.3,483.7
92,1,car,0.1386,1175.8,520.0,1253.6,569.2
93,1,car,0.9189,909.0,581.9,1026.4,662.9
93,1,car,0.7322,555.5,505.4,647.7,555.9
93,1,car,0.2861,1176.1,516.0,1263.9,569.4
93,1,car,0.2453,949.2,438.7,1022.2,483.7
93,1,car,0.1495,1175.8,520.0,1253.1,569.2
93,2,large_vehicle,0.1398,949.2,438.7,1022.2,483.7
94,1,car,0.9215,897.7,584.9,1016.3,666.0
94,1,car,0.5707,1172.7,512.2,1264.1,570.5
94,1,car,0.4567,558.4,505.7,648.8,555.9
94,0,person,0.3784,898.1,640.6,918.7,703.3
94,1,car,0.3041,950.1,439.2,1022.0,483.6
94,1,car,0.2883,562.2,505.8,649.2,556.0
94,2,large_vehicle,0.1477,950.1,439.2,1022.0,483.6
95,1,car,0.9218,897.6,584.9,1016.2,665.8
95,1,car,0.5642,1172.7,512.3,1263.9,570.5
95,0,person,0.3696,898.2,640.6,918.8,703.3
95,1,car,0.3486,563.0,505.8,648.6,556.0
95,1,car,0.3193,559.3,505.7,647.8,555.9
95,1,car,0.3072,950.0,439.1,1022.2,483.6
95,2,large_vehicle,0.1517,950.0,439.1,1022.2,483.6
96,1,car,0.9050,885.7,588.5,1007.8,667.3
96,1,car,0.7696,549.3,503.6,647.3,555.8
96,1,car,0.5361,1166.6,513.7,1251.9,572.2
96,1,car,0.2628,949.0,439.7,1022.8,483.9
96,2,large_vehicle,0.2612,949.0,439.7,1022.8,483.9
96,2,large_vehicle,0.1032,1187.6,392.1,1239.4,420.9
97,1,car,0.9040,885.7,588.5,1007.8,667.3
97,1,car,0.7740,548.9,503.7,647.8,555.8
97,1,car,0.5349,1166.5,514.7,1251.1,572.2
97,2,large_vehicle,0.1173,949.2,439.6,1022.7,483.9
97,1,car,0.1087,949.0,439.7,1021.5,483.7
98,1,car,0.9039,885.7,588.5,1007.8,667.3
98,1,car,0.7703,549.4,503.8,648.0,555.8
98,1,car,0.5231,1166.5,514.5,1251.1,572.3
98,2,large_vehicle,0.1615,949.2,439.6,1022.7,483.9
98,1,car,0.1280,949.2,439.6,1022.7,483.9
99,1,car,0.9063,874.6,589.5,999.7,671.7
99,1,car,0.7804,550.8,504.1,656.0,555.9
99,1,car,0.7068,1161.2,519.7,1240.8,576.4
99,2,large_vehicle,0.3302,948.0,439.3,1022.7,483.8
99,1,car,0.2046,948.0,439.3,1022.7,483.8
100,1,car,0.9057,874.6,589.5,999.7,671.7
100,1,car,0.7830,551.8,504.4,653.8,555.8
100,1,car,0.7040,1161.2,520.0,1240.7,576.4
100,2,large_vehicle,0.2537,949.5,439.4,1021.3,483.5
100,1,car,0.2523,949.5,439.4,1021.3,483.5
101,1,car,0.9123,864.0,592.4,989.6,674.7
101,1,car,0.7758,1157.2,520.7,1240.4,577.2
101,1,car,0.7449,554.8,505.4,647.6,555.8
101,1,car,0.2753,949.5,439.9,1021.5,483.5
101,2,large_vehicle,0.2060,949.5,439.9,1021.5,483.5
101,1,car,0.1555,554.7,505.4,647.2,555.6
102,1,car,0.9122,864.0,592.4,989.6,674.7
102,1,car,0.7754,1157.2,520.6,1240.2,577.1
102,1,car,0.7337,555.7,505.3,647.4,555.8
102,1,car,0.2617,950.5,440.0,1021.7,483.4
102,2,large_vehicle,0.1761,950.5,440.0,1021.7,483.4
103,1,car,0.9099,852.5,594.2,979.8,679.4
103,1,car,0.7585,1152.4,519.6,1239.7,578.3
103,1,car,0.5623,556.6,505.2,648.5,556.0
103,1,car,0.3121,950.0,439.6,1021.5,483.5
103,1,car,0.2109,560.9,505.5,648.8,555.9
103,2,large_vehicle,0.1935,950.0,439.6,1021.5,483.5
103,2,large_vehicle,0.1202,1187.4,391.8,1239.5,420.7
104,1,car,0.9093,852.6,594.3,979.7,679.2
104,1,car,0.7610,1152.6,519.6,1239.5,578.3
104,1,car,0.5765,556.6,505.2,648.5,555.9
104,1,car,0.2949,950.0,439.6,1021.5,483.5
104,1,car,0.2079,561.0,505.4,648.8,555.9
104,2,large_vehicle,0.1882,950.0,439.6,1021.5,483.5
104,2,large_vehicle,0.1179,1187.4,391.8,1239.7,420.7
105,1,car,0.9086,840.8,597.5,969.7,682.8
105,1,car,0.7654,1147.8,523.2,1234.5,581.1
105,1,car,0.7465,550.9,503.7,647.6,556.0
105,1,car,0.2111,949.2,439.8,1022.0,483.7
105,2,large_vehicle,0.1977,949.2,439.8,1022.0,483.7
105,2,large_vehicle,0.1135,1187.0,391.7,1239.6,420.6
106,1,car,0.9089,840.8,597.5,969.7,682.8
106,1,car,0.7736,551.0,503.8,646.9,555.9
106,1,car,0.7601,1147.8,523.2,1234.8,581.2
106,1,car,0.2222,948.9,439.8,1022.3,483.6
106,2,large_vehicle,0.2052,948.9,439.8,1022.3,483.6
106,2,large_vehicle,0.1130,1187.2,391.7,1239.7,420.6
107,1,car,0.9087,840.8,597.5,969.7,682.9
107,1,car,0.7606,1147.8,523.2,1234.7,581.1
107,1,car,0.7567,551.1,503.8,647.6,555.9
107,1,car,0.2043,949.2,439.9,1022.2,483.6
107,2,large_vehicle,0.1915,949.2,439.9,1022.2,483.6
107,2,large_vehicle,0.1126,1187.2,391.7,1239.7,420.6
108,1,car,0.9169,826.0,601.2,960.9,686.9
108,1,car,0.7307,1142.4,524.8,1233.9,584.4
108,1,car,0.6870,553.4,504.5,651.0,556.0
108,2,large_vehicle,0.3018,947.7,439.5,1022.9,483.8
108,1,car,0.2833,552.9,504.3,649.4,555.8
108,1,car,0.2063,947.7,439.5,1022.9,483.8
108,2,large_vehicle,0.1049,1187.7,391.8,1240.0,420.7
109,1,car,0.9174,826.0,601.2,961.2,686.9
109,1,car,0.7542,554.4,504.7,649.5,556.0
109,1,car,0.7337,1142.3,525.4,1234.4,584.4
109,2,large_vehicle,0.3277,947.6,439.6,1023.0,483.7
109,1,car,0.2252,947.6,439.6,1023.0,483.7
109,2,large_vehicle,0.1009,1187.8,391.6,1240.4,420.7
110,1,car,0.9207,816.4,602.5,948.6,690.4
110,1,car,0.6707,1137.0,526.6,1222.4,586.4
110,1,car,0.6456,555.8,504.7,647.4,555.9
110,1,car,0.2475,949.5,439.6,1021.8,483.3
110,2,large_vehicle,0.1704,949.5,439.6,1021.8,483.3
110,2,large_vehicle,0.1166,1187.6,391.6,1239.2,420.9
111,1,car,0.9204,816.5,602.5,948.6,690.5
111,1,car,0.6694,1136.9,526.6,1222.6,586.4
111,1,car,0.6332,556.1,504.5,647.3,555.9
111,1,car,0.2151,950.3,439.7,1021.9,483.2
111,2,large_vehicle,0.1399,950.3,439.7,1021.9,483.2
111,2,large_vehicle,0.1134,1187.6,391.6,1239.5,420.9
112,1,car,0.9203,816.5,602.5,948.6,690.5
112,1,car,0.6726,1136.9,526.6,1224.0,586.4
112,1,car,0.4831,557.2,504.9,647.7,556.0
112,1,car,0.2032,950.1,438.9,1022.2,483.2
112,2,large_vehicle,0.1290,950.1,438.9,1022.2,483.2
112,1,car,0.1175,559.5,505.1,648.0,555.9
113,1,car,0.9189,803.4,605.1,938.0,694.0
113,1,car,0.8135,1131.3,529.9,1213.6,588.4
113,1,car,0.5915,557.4,504.9,647.8,556.1
113,1,car,0.1180,950.1,439.0,1022.1,483.2
114,1,car,0.9188,803.7,605.1,938.1,694.0
114,1,car,0.8076,1131.3,529.9,1213.6,588.4
114,1,car,0.5456,557.0,504.9,647.5,556.1
115,1,car,0.9016,792.9,608.8,925.8,697.4
115,1,car,0.7234,551.4,503.8,649.0,556.4
115,1,car,0.4098,1126.6,530.6,1213.1,591.5
115,2,large_vehicle,0.3331,1126.6,530.6,1213.1,591.5
115,1,car,0.1536,949.6,438.9,1021.7,483.3
115,1,car,0.1323,1216.4,581.5,1341.2,653.8
115,2,large_vehicle,0.1041,949.6,438.9,1021.7,483.3
115,2,large_vehicle,0.1041,1187.6,391.8,1238.8,420.5
116,1,car,0.9015,792.9,608.8,925.8,697.4
116,1,car,0.7231,551.0,503.6,649.3,556.4
116,1,car,0.4079,1126.6,530.6,1213.1,591.5
116,2,large_vehicle,0.3353,1126.6,530.6,1213.1,591.5
116,1,car,0.1435,949.5,438.9,1021.4,483.3
116,1,car,0.1386,1216.4,581.5,1341.2,653.8
116,2,large_vehicle,0.1049,1187.6,391.8,1238.8,420.6
116,2,large_vehicle,0.1034,949.5,438.9,1021.4,483.3
117,1,car,0.9014,792.9,608.9,925.8,697.4
117,1,car,0.7122,550.5,503.5,649.3,556.3
117,1,car,0.4022,1126.6,530.5,1213.2,591.6
117,2,large_vehicle,0.3293,1126.6,530.5,1213.2,591.6
117,1,car,0.1355,1216.4,581.3,1341.2,653.8
118,1,car,0.9121,778.6,611.9,914.5,699.9
118,1,car,0.7540,555.2,504.6,652.2,556.1
118,1,car,0.4743,1120.6,534.4,1198.2,593.9
118,2,large_vehicle,0.3522,1120.6,534.4,1198.2,593.9
118,2,large_vehicle,0.1663,948.1,439.1,1022.7,483.6
118,1,car,0.1481,948.1,439.1,1022.7,483.6
119,1,car,0.9131,778.6,611.9,914.4,700.0
119,1,car,0.7586,555.3,504.6,651.9,556.1
119,1,car,0.4751,1120.6,534.4,1198.2,593.9
119,2,large_vehicle,0.3528,1120.6,534.4,1198.2,593.9
119,2,large_vehicle,0.1898,948.0,438.9,1022.7,483.6
119,1,car,0.1375,948.0,438.9,1022.7,483.6
120,1,car,0.9127,766.0,612.0,908.4,703.5
120,1,car,0.6628,556.4,504.9,648.7,556.0
120,1,car,0.6265,1114.8,535.4,1194.8,595.8
120,2,large_vehicle,0.2311,949.5,438.9,1021.7,483.4
120,2,large_vehicle,0.2121,1114.8,535.4,1194.8,595.8
120,1,car,0.1895,949.5,438.9,1021.7,483.4
121,1,car,0.9127,766.0,612.0,908.6,703.5
121,1,car,0.7044,555.5,505.0,648.8,556.1
121,1,car,0.6263,1114.8,535.4,1195.1,595.8
121,2,large_vehicle,0.2138,949.6,438.9,1021.8,483.3
121,2,large_vehicle,0.2116,1114.8,535.4,1195.1,595.8
121,1,car,0.1834,949.6,438.9,1021.8,483.3
122,1,car,0.9131,766.0,612.0,908.4,703.5
122,1,car,0.6317,1114.8,535.4,1194.9,595.8
122,1,car,0.5374,557.3,505.2,648.9,556.0
122,2,large_vehicle,0.2109,949.6,438.9,1021.8,483.3
122,2,large_vehicle,0.2072,1114.8,535.4,1194.9,595.8
122,1,car,0.1820,949.6,438.9,1021.8,483.3
122,1,car,0.1636,559.5,505.3,649.0,556.0
123,1,car,0.9138,752.6,617.3,893.1,706.7
123,1,car,0.7721,1109.1,538.1,1189.3,598.4
123,1,car,0.3745,558.6,505.4,648.9,556.0
123,1,car,0.3100,561.9,505.5,649.2,555.9
123,1,car,0.1593,1216.1,581.8,1341.3,653.8
123,2,large_vehicle,0.1373,950.6,439.2,1021.8,483.2
123,1,car,0.1304,950.6,439.2,1021.8,483.2
123,2,large_vehicle,0.1014,1187.0,391.4,1239.0,420.6
124,1,car,0.9141,752.6,617.3,893.3,706.8
124,1,car,0.7621,1109.0,538.0,1190.8,598.4
124,1,car,0.6700,557.0,504.9,649.1,556.0
124,1,car,0.1530,950.4,439.3,1021.7,483.3
124,2,large_vehicle,0.1526,950.4,439.3,1021.7,483.3
124,1,car,0.1369,1216.3,581.3,1341.4,653.8
125,1,car,0.9258,738.6,619.3,879.2,710.3
125,1,car,0.7498,1103.1,539.2,1183.8,599.7
125,1,car,0.6487,550.6,503.5,650.1,556.1
125,1,car,0.2229,549.9,502.9,649.0,556.0
125,1,car,0.1841,949.7,439.1,1021.5,483.4
125,2,large_vehicle,0.1751,949.7,439.1,1021.5,483.4
125,2,large_vehicle,0.1082,1103.1,539.2,1183.8,599.7
126,1,car,0.9259,738.8,619.2,879.2,710.2
126,1,car,0.7412,1103.1,539.2,1183.8,599.7
126,1,car,0.7102,549.3,502.9,653.0,556.1
126,1,car,0.2168,949.6,439.4,1021.5,483.4
126,2,large_vehicle,0.1797,949.6,439.4,1021.5,483.4
126,2,large_vehicle,0.1146,1103.1,539.2,1183.8,599.7
127,1,car,0.9233,726.9,623.1,868.1,713.1
127,1,car,0.7264,1097.0,542.0,1179.6,602.0
127,1,car,0.6938,552.2,504.2,651.6,556.1
127,2,large_vehicle,0.2754,947.7,438.5,1022.6,483.5
127,2,large_vehicle,0.1516,1097.0,542.0,1179.6,602.0
127,1,car,0.1449,947.7,438.5,1022.6,483.5
127,1,car,0.1210,551.6,503.7,649.7,555.8
128,1,car,0.9236,727.0,623.2,868.1,713.1
128,1,car,0.6952,1097.0,541.7,1179.7,602.0
128,1,car,0.6601,552.8,504.3,651.2,556.0
128,2,large_vehicle,0.2432,948.5,438.7,1021.7,483.4
128,1,car,0.1916,948.5,438.7,1021.7,483.4
128,2,large_vehicle,0.1726,1097.0,541.7,1179.7,602.0
128,1,car,0.1703,552.2,503.8,649.4,555.8
129,1,car,0.9271,713.4,626.0,858.3,716.7
129,1,car,0.7987,552.5,503.6,651.9,555.9
129,1,car,0.7074,1090.5,543.1,1175.0,605.8
129,2,large_vehicle,0.1986,949.2,438.4,1022.0,483.2
129,1,car,0.1608,949.2,438.4,1022.0,483.2
130,1,car,0.9271,713.4,626.0,858.1,716.7
130,1,car,0.7897,551.0,503.6,652.0,555.9
130,1,car,0.7053,1090.5,543.1,1175.2,605.7
130,2,large_vehicle,0.1832,949.0,438.4,1021.9,483.1
130,1,car,0.1476,949.0,438.4,1021.9,483.1
131,1,car,0.9270,713.4,626.0,858.1,716.7
131,1,car,0.7954,550.5,503.5,652.3,555.9
131,1,car,0.6955,1090.4,543.0,1175.1,605.8
131,2,large_vehicle,0.1963,949.0,438.4,1022.0,483.2
131,1,car,0.1617,949.0,438.4,1022.0,483.2
132,1,car,0.9178,700.1,628.8,841.9,719.9
132,1,car,0.7832,1083.6,545.9,1170.8,607.7
132,1,car,0.6542,556.3,504.2,652.0,555.8
132,1,car,0.1087,950.1,439.2,1021.7,483.1
132,2,large_vehicle,0.1052,950.1,439.2,1021.7,483.1
133,1,car,0.9179,700.1,628.8,841.9,719.9
133,1,car,0.7800,1083.6,545.9,1170.8,607.7
133,1,car,0.7082,557.0,504.2,652.3,555.9
133,2,large_vehicle,0.1328,949.9,438.9,1021.9,483.1
133,1,car,0.1250,949.9,438.9,1021.9,483.1
134,1,car,0.9177,687.1,632.5,831.1,723.7
134,1,car,0.7506,551.4,503.3,658.0,555.8
134,1,car,0.6713,1077.0,546.0,1165.7,609.2
134,2,large_vehicle,0.2345,949.5,439.0,1021.9,483.3
134,2,large_vehicle,0.2145,1077.0,546.0,1165.7,609.2
134,1,car,0.2000,949.5,439.0,1021.9,483.3
135,1,car,0.9169,687.2,632.5,831.1,723.7
135,1,car,0.7619,549.1,503.0,659.7,555.8
135,1,car,0.6682,1077.0,546.1,1165.7,609.3
135,2,large_vehicle,0.2243,949.3,438.5,1022.0,483.3
135,2,large_vehicle,0.2141,1077.0,546.1,1165.7,609.3
135,1,car,0.1903,949.3,438.5,1022.0,483.3
136,1,car,0.9177,687.1,632.5,831.1,723.7
136,1,car,0.7681,548.5,503.1,660.0,555.9
136,1,car,0.6684,1077.0,546.0,1166.5,609.2
136,2,large_vehicle,0.2733,949.3,438.8,1021.9,483.3
136,1,car,0.2489,949.3,438.8,1021.9,483.3
136,2,large_vehicle,0.2246,1077.0,546.0,1166.5,609.2
137,1,car,0.9231,673.0,635.4,819.2,726.4
137,1,car,0.7733,548.7,502.8,649.8,556.0
137,1,car,0.7452,1070.7,548.2,1160.0,610.9
137,2,large_vehicle,0.2903,948.5,438.5,1021.8,483.4
137,1,car,0.2414,948.5,438.5,1021.8,483.4
137,2,large_vehicle,0.1482,1070.7,548.2,1160.0,610.9
138,1,car,0.9231,673.1,635.4,819.2,726.4
138,1,car,0.7390,548.0,502.5,651.8,555.9
138,1,car,0.7388,1070.7,548.1,1160.1,611.0
138,2,large_vehicle,0.3224,948.1,438.5,1021.9,483.4
138,1,car,0.2639,948.1,438.5,1021.9,483.4
138,2,large_vehicle,0.1577,1070.7,548.1,1160.1,611.0
138,1,car,0.1071,548.0,503.0,654.4,556.2
139,1,car,0.9223,658.9,637.1,805.1,729.3
139,1,car,0.7770,553.1,503.4,657.7,555.9
139,1,car,0.6076,1063.0,548.6,1153.9,614.2
139,2,large_vehicle,0.2939,1063.0,548.6,1153.9,614.2
139,2,large_vehicle,0.2415,949.4,438.1,1022.0,483.1
139,1,car,0.1579,949.4,438.1,1022.0,483.1
140,1,car,0.9223,658.9,637.1,805.1,729.3
140,1,car,0.7800,552.8,503.5,658.2,555.9
140,1,car,0.6094,1063.0,548.6,1153.9,614.2
140,2,large_vehicle,0.2919,1063.0,548.6,1153.9,614.2
140,2,large_vehicle,0.2575,949.3,438.0,1022.0,483.1
140,1,car,0.1613,949.3,438.0,1022.0,483.1
141,1,car,0.9221,658.8,637.1,805.1,729.3
141,1,car,0.7684,553.8,503.5,656.0,555.9
141,1,car,0.5993,1063.1,548.5,1153.9,614.2
141,2,large_vehicle,0.3036,1063.1,548.5,1153.9,614.2
141,2,large_vehicle,0.2176,949.6,438.2,1021.9,483.1
141,1,car,0.1524,949.6,438.2,1021.9,483.1
142,1,car,0.9260,644.4,639.8,791.9,733.2
142,1,car,0.7164,559.1,503.8,658.3,555.8
142,1,car,0.6252,1056.4,550.6,1150.4,616.7
142,2,large_vehicle,0.2969,949.6,437.9,1022.0,483.1
142,2,large_vehicle,0.2907,1056.4,550.6,1150.4,616.7
142,1,car,0.1840,949.6,437.9,1022.0,483.1
143,1,car,0.9257,644.4,639.8,791.8,733.2
143,1,car,0.6082,1056.3,550.5,1150.5,616.7
143,1,car,0.5663,559.6,503.5,661.2,555.8
143,2,large_vehicle,0.3079,1056.3,550.5,1150.5,616.7
143,1,car,0.2918,559.0,503.7,662.2,555.9
143,2,large_vehicle,0.2167,950.2,437.7,1022.0,482.9
143,1,car,0.1375,950.2,437.7,1022.0,482.9
144,1,car,0.9267,630.7,642.6,778.6,736.9
144,1,car,0.7131,549.3,502.3,663.8,556.2
144,1,car,0.5389,1048.8,552.8,1143.1,619.3
144,2,large_vehicle,0.3860,1048.8,552.8,1143.1,619.3
144,2,large_vehicle,0.2436,949.9,438.3,1021.7,483.0
144,1,car,0.1425,949.9,438.3,1021.7,483.0
145,1,car,0.9266,630.8,642.5,778.5,736.8
145,1,car,0.7051,549.7,502.1,664.3,556.2
145,1,car,0.5112,1048.8,552.8,1143.1,619.4
145,2,large_vehicle,0.4134,1048.8,552.8,1143.1,619.4
145,2,large_vehicle,0.2545,949.2,438.2,1021.7,483.1
145,1,car,0.1470,949.2,438.2,1021.7,483.1
146,1,car,0.9265,630.8,642.5,778.5,736.8
146,1,car,0.7081,549.4,502.1,664.6,556.2
146,1,car,0.5175,1048.8,552.8,1143.1,619.4
146,2,large_vehicle,0.4071,1048.8,552.8,1143.1,619.4
146,2,large_vehicle,0.2521,949.2,438.3,1021.5,483.1
146,1,car,0.1400,949.2,438.3,1021.5,483.1
147,1,car,0.9212,617.7,644.8,764.9,739.0
147,1,car,0.7877,551.0,502.5,665.7,556.2
147,1,car,0.5530,1041.6,555.3,1139.2,622.6
147,2,large_vehicle,0.3620,1041.6,555.3,1139.2,622.6
147,2,large_vehicle,0.3089,948.2,437.8,1021.6,483.1
147,1,car,0.1423,948.2,437.8,1021.6,483.1
148,1,car,0.9210,617.7,644.8,764.9,738.9
148,1,car,0.7828,551.9,502.5,665.3,556.2
148,1,car,0.5575,1041.6,555.3,1139.3,622.7
148,2,large_vehicle,0.3598,1041.6,555.3,1139.3,622.7
148,2,large_vehicle,0.2850,949.2,437.9,1021.7,483.1
148,1,car,0.1281,949.2,437.9,1021.7,483.1
149,1,car,0.9204,604.3,648.1,752.7,741.6
149,1,car,0.7634,554.8,503.4,659.5,556.0
149,1,car,0.6232,1033.6,555.2,1133.1,624.1
149,2,large_vehicle,0.2830,948.7,437.7,1021.8,482.9
149,2,large_vehicle,0.2650,1033.6,555.2,1133.1,624.1
149,1,car,0.1051,948.7,437.7,1021.8,482.9
150,1,car,0.9203,604.3,648.1,752.7,741.6
150,1,car,0.7653,554.5,503.0,660.1,556.0
150,1,car,0.6339,1033.6,555.2,1133.1,624.1
150,2,large_vehicle,0.2551,1033.6,555.2,1133.1,624.1
150,2,large_vehicle,0.2472,949.5,437.8,1021.8,482.8
150,1,car,0.1065,949.5,437.8,1021.8,482.8
151,1,car,0.9149,589.3,650.7,737.9,745.3
151,1,car,0.4765,552.8,502.6,665.0,556.0
151,1,car,0.4704,1025.7,557.5,1127.4,628.1
151,2,large_vehicle,0.4526,1025.7,557.5,1127.4,628.1
151,1,car,0.4110,552.8,502.5,664.6,556.0
151,2,large_vehicle,0.1403,950.9,437.2,1022.2,482.4
152,1,car,0.9155,589.2,650.7,737.9,745.4
152,1,car,0.5017,553.6,502.7,665.0,555.9
152,1,car,0.4810,1025.8,557.9,1127.5,628.1
152,2,large_vehicle,0.4435,1025.8,557.9,1127.5,628.1
152,1,car,0.3479,553.6,502.6,664.5,555.9
152,2,large_vehicle,0.1426,951.1,437.2,1021.9,482.5
153,1,car,0.9200,574.9,652.6,723.7,747.4
153,1,car,0.6202,1017.2,559.5,1121.9,631.5
153,1,car,0.6077,547.3,500.9,666.7,555.9
153,2,large_vehicle,0.3089,1017.2,559.5,1121.9,631.5
153,2,large_vehicle,0.2142,950.3,437.3,1021.9,482.6
153,0,person,0.1157,1191.1,536.8,1211.7,595.4
153,1,car,0.1129,546.9,501.0,666.3,556.0
154,1,car,0.9203,574.9,652.6,723.7,747.4
154,1,car,0.6219,1017.2,559.5,1121.9,631.5
154,1,car,0.5995,547.4,501.2,666.4,555.8
154,2,large_vehicle,0.3069,1017.2,559.5,1121.9,631.5
154,2,large_vehicle,0.2768,949.7,437.7,1022.0,482.8
154,1,car,0.1842,547.0,501.3,665.9,556.0
154,1,car,0.1369,949.7,437.7,1022.0,482.8
154,0,person,0.1069,1191.0,536.7,1211.8,595.3
155,1,car,0.9201,574.9,652.6,723.7,747.4
155,1,car,0.6205,1017.3,559.5,1121.9,631.5
155,1,car,0.5143,547.5,501.2,666.4,555.9
155,1,car,0.3963,547.2,501.3,666.0,556.0
155,2,large_vehicle,0.3085,1017.3,559.5,1121.9,631.5
155,2,large_vehicle,0.2844,949.7,437.6,1022.0,482.8
155,1,car,0.1379,949.7,437.6,1022.0,482.8
155,0,person,0.1089,1191.0,536.7,1211.7,595.3
156,1,car,0.9105,561.3,656.1,710.0,750.2
156,1,car,0.7534,548.8,501.9,665.9,556.0
156,1,car,0.5751,1009.5,562.7,1114.3,634.4
156,2,large_vehicle,0.2958,1009.5,562.7,1114.3,634.4
156,2,large_vehicle,0.2596,948.9,438.2,1021.6,482.7
156,1,car,0.1769,549.0,501.8,666.3,555.9
156,1,car,0.1441,948.9,438.2,1021.6,482.7
157,1,car,0.9112,561.3,656.1,710.0,750.2
157,1,car,0.7692,548.2,502.4,664.2,556.0
157,1,car,0.5623,1009.5,562.7,1114.6,634.5
157,2,large_vehicle,0.3119,1009.5,562.7,1114.6,634.5
157,2,large_vehicle,0.2896,948.8,437.9,1021.8,482.7
157,1,car,0.1226,948.8,437.9,1021.8,482.7
158,1,car,0.9163,547.1,658.5,695.6,752.9
158,1,car,0.7949,1001.0,564.5,1108.3,637.2
158,1,car,0.7788,551.2,502.5,664.1,555.8
158,2,large_vehicle,0.2710,948.9,437.8,1021.8,482.6
158,2,large_vehicle,0.1197,1001.0,564.5,1108.3,637.2
158,1,car,0.1067,948.9,437.8,1021.8,482.6
159,1,car,0.9163,547.2,658.5,695.6,753.0
159,1,car,0.7900,1001.0,564.5,1108.2,637.2
159,1,car,0.7775,551.7,502.5,664.4,555.8
159,2,large_vehicle,0.2870,948.6,437.7,1021.8,482.6
159,2,large_vehicle,0.1207,1001.0,564.5,1108.2,637.2
160,1,car,0.9160,547.1,658.5,695.6,753.0
160,1,car,0.7950,1001.0,564.5,1108.3,637.2
160,1,car,0.7561,552.4,502.7,664.4,555.8
160,2,large_vehicle,0.2472,949.1,437.7,1021.9,482.5
160,0,person,0.1346,1191.1,536.2,1212.5,595.2
160,2,large_vehicle,0.1243,1001.0,564.5,1108.3,637.2
161,1,car,0.9218,533.5,660.9,682.0,754.5
161,1,car,0.7627,992.0,567.1,1101.2,640.9
161,1,car,0.6791,553.5,502.9,661.6,555.7
161,0,person,0.1765,1191.1,536.2,1212.3,595.3
161,2,large_vehicle,0.1751,950.0,437.7,1022.0,482.3
161,1,car,0.1429,553.5,502.9,662.5,555.7
161,2,large_vehicle,0.1368,992.0,567.1,1101.2,640.9
162,1,car,0.9213,533.6,660.9,682.0,754.5
162,1,car,0.7579,992.0,567.0,1101.3,640.9
162,1,car,0.5975,553.3,502.7,660.6,555.6
162,0,person,0.2555,1191.2,536.5,1212.6,595.0
162,1,car,0.2292,553.3,502.8,661.5,555.7
162,2,large_vehicle,0.1470,950.1,437.7,1022.2,482.2
162,2,large_vehicle,0.1422,992.0,567.0,1101.3,640.9
163,1,car,0.9249,519.5,663.7,667.6,757.8
163,1,car,0.7614,983.6,569.7,1093.9,643.8
163,1,car,0.6246,551.3,501.6,665.8,555.9
163,0,person,0.2346,1191.2,537.3,1212.5,595.3
163,2,large_vehicle,0.1362,983.6,569.7,1093.9,643.8
163,2,large_vehicle,0.1036,950.8,438.2,1021.7,482.2
164,1,car,0.9248,519.4,663.7,667.6,757.8
164,1,car,0.7644,983.6,569.7,1094.1,643.8
164,1,car,0.6180,551.3,501.6,665.7,555.9
164,0,person,0.2551,1191.3,537.5,1212.6,595.3
164,2,large_vehicle,0.1335,983.6,569.7,1094.1,643.8
164,2,large_vehicle,0.1069,950.8,438.1,1021.8,482.1
165,1,car,0.9256,519.9,663.7,667.6,757.8
165,1,car,0.7705,983.5,569.7,1094.0,643.8
165,1,car,0.6029,551.1,501.4,665.8,555.8
165,0,person,0.2795,1191.3,537.5,1212.5,595.3
165,2,large_vehicle,0.1255,983.5,569.7,1094.0,643.8
165,2,large_vehicle,0.1044,950.6,438.1,1021.6,482.2
166,1,car,0.9185,506.2,666.7,653.4,760.5
166,1,car,0.8287,974.4,571.2,1087.1,646.2
166,1,car,0.3986,551.5,502.0,663.2,555.8
166,1,car,0.3805,551.5,502.0,663.7,555.8
166,2,large_vehicle,0.1916,949.4,438.3,1021.4,482.2
166,0,person,0.1538,1191.3,536.8,1212.3,594.8
167,1,car,0.9187,506.1,666.7,653.3,760.4
167,1,car,0.8196,974.3,571.3,1086.9,646.3
167,1,car,0.4711,551.4,502.0,662.4,555.8
167,1,car,0.3121,551.4,501.9,663.0,555.9
167,2,large_vehicle,0.1678,949.2,438.4,1021.5,482.2
167,0,person,0.1479,1191.3,536.6,1212.3,594.9
168,1,car,0.9196,491.7,669.7,639.9,761.9
168,1,car,0.7736,965.1,573.6,1078.2,649.0
168,1,car,0.6757,550.6,501.2,664.9,555.6
168,2,large_vehicle,0.2295,949.3,438.2,1021.8,482.2
168,1,car,0.1494,949.3,438.2,1021.8,482.2
168,0,person,0.1418,1191.2,535.8,1212.8,594.8
168,2,large_vehicle,0.1251,965.1,573.6,1078.2,649.0
169,1,car,0.9202,491.7,669.6,640.3,761.9
169,1,car,0.7848,965.1,573.6,1078.7,649.0
169,1,car,0.6534,551.6,501.5,664.8,555.6
169,2,large_vehicle,0.2340,949.8,437.8,1021.8,482.1
169,0,person,0.2034,1191.2,535.5,1212.7,594.9
169,2,large_vehicle,0.1224,965.1,573.6,1078.7,649.0
169,1,car,0.1139,949.8,437.8,1021.8,482.1
170,1,car,0.9201,491.7,669.6,640.3,761.9
170,1,car,0.7839,965.1,573.6,1078.6,649.0
170,1,car,0.6676,551.7,501.6,664.6,555.5
170,2,large_vehicle,0.2335,949.7,437.7,1021.8,482.1
170,0,person,0.1996,1191.2,535.5,1212.7,594.9
170,2,large_vehicle,0.1244,965.1,573.6,1078.6,649.0
170,1,car,0.1219,949.7,437.7,1021.8,482.1
171,1,car,0.9173,478.6,671.7,625.6,766.1
171,1,car,0.7994,955.4,576.5,1071.4,652.2
171,1,car,0.7000,555.4,502.0,661.0,555.4
171,2,large_vehicle,0.2748,950.0,437.6,1022.0,482.1
171,0,person,0.2499,1191.3,536.0,1212.4,594.8
171,1,car,0.2010,950.0,437.6,1022.0,482.1
171,2,large_vehicle,0.1128,955.4,576.5,1071.4,652.2
172,1,car,0.9173,478.6,671.8,625.6,766.1
172,1,car,0.7953,955.4,576.6,1071.0,652.2
172,1,car,0.6921,554.9,502.0,662.0,555.4
172,2,large_vehicle,0.2448,949.9,437.5,1022.1,482.0
172,0,person,0.2108,1191.3,536.4,1212.3,594.8
172,1,car,0.1663,949.9,437.5,1022.1,482.0
172,2,large_vehicle,0.1168,955.4,576.6,1071.0,652.2
173,1,car,0.9116,464.7,674.4,610.6,766.4
173,1,car,0.8415,945.6,577.7,1063.7,655.6
173,1,car,0.6722,549.3,501.3,665.9,555.3
173,0,person,0.3486,1191.1,535.4,1212.5,595.0
173,2,large_vehicle,0.2635,950.2,437.6,1022.4,482.1
173,1,car,0.1616,950.2,437.6,1022.4,482.1
174,1,car,0.9113,464.7,674.4,610.6,766.4
174,1,car,0.8388,945.7,577.7,1063.7,655.6
174,1,car,0.6555,548.7,500.9,665.8,555.3
174,0,person,0.3094,1191.1,535.8,1212.4,595.2
174,2,large_vehicle,0.2351,950.0,437.6,1022.5,482.1
174,1,car,0.1753,950.0,437.6,1022.5,482.1
175,1,car,0.9067,452.8,676.5,597.1,769.2
175,1,car,0.8397,935.9,580.9,1053.4,657.9
175,1,car,0.6403,550.8,501.9,662.6,555.3
175,2,large_vehicle,0.2978,949.5,437.2,1022.3,482.2
175,0,person,0.2596,1191.1,535.3,1212.5,595.0
175,1,car,0.2317,949.5,437.2,1022.3,482.2
176,1,car,0.9062,452.8,676.5,597.2,769.2
176,1,car,0.8298,935.9,580.9,1053.1,657.9
176,1,car,0.6394,550.7,501.8,662.9,555.3
176,2,large_vehicle,0.2974,949.4,437.2,1022.3,482.2
176,0,person,0.2559,1191.1,535.4,1212.5,595.1
176,1,car,0.2376,949.4,437.2,1022.3,482.2
177,1,car,0.9064,437.4,678.9,583.5,771.0
177,1,car,0.8511,924.9,584.0,1042.8,661.5
177,1,car,0.6705,551.6,501.4,664.6,555.3
177,2,large_vehicle,0.2953,948.7,437.3,1022.3,482.1
177,0,person,0.2412,1191.0,535.0,1212.7,595.0
177,1,car,0.2035,948.7,437.3,1022.3,482.1
178,1,car,0.9071,437.4,678.9,583.4,771.0
178,1,car,0.8469,924.9,584.0,1042.7,661.6
178,1,car,0.6277,553.1,501.8,664.3,555.4
178,0,person,0.3314,1191.0,535.1,1212.8,595.2
178,2,large_vehicle,0.3308,949.5,437.3,1022.5,482.0
178,1,car,0.1816,949.5,437.3,1022.5,482.0
179,1,car,0.9069,437.4,678.9,583.5,771.0
179,1,car,0.8468,924.9,584.0,1042.6,661.6
179,1,car,0.6461,552.9,501.7,665.2,555.4
179,0,person,0.3586,1190.9,534.7,1212.8,595.1
179,2,large_vehicle,0.3242,949.5,437.2,1022.5,482.0
179,1,car,0.1776,949.5,437.2,1022.5,482.0
180,1,car,0.9042,426.0,682.6,567.5,773.2
180,1,car,0.8657,914.7,586.0,1036.8,664.8
180,1,car,0.6540,556.1,502.0,657.8,555.2
180,2,large_vehicle,0.3447,950.1,437.4,1022.7,482.0
180,0,person,0.3446,1191.0,535.0,1212.9,594.8
180,1,car,0.1863,950.1,437.4,1022.7,482.0
181,1,car,0.9050,426.0,682.6,567.4,773.2
181,1,car,0.8663,914.7,586.0,1037.0,664.8
181,1,car,0.6592,557.4,501.9,662.2,555.3
181,0,person,0.3141,1190.9,534.9,1212.4,594.8
181,2,large_vehicle,0.3082,949.9,437.0,1022.9,481.9
181,1,car,0.1861,949.9,437.0,1022.9,481.9
182,1,car,0.9091,410.8,683.1,555.4,774.6
182,1,car,0.8474,903.4,589.2,1031.8,667.4
182,1,car,0.5521,552.9,501.6,665.4,555.3
182,2,large_vehicle,0.2581,950.3,437.3,1022.6,481.8
182,0,person,0.2480,1190.8,534.8,1212.3,594.6
182,2,large_vehicle,0.1122,552.9,501.6,665.4,555.3
182,1,car,0.1090,950.3,437.3,1022.6,481.8
183,1,car,0.9085,410.9,683.1,555.4,774.6
183,1,car,0.8486,903.4,589.3,1031.6,667.4
183,1,car,0.5408,553.2,501.4,665.4,555.2
183,2,large_vehicle,0.2754,950.3,437.5,1022.7,481.8
183,0,person,0.2606,1190.8,534.9,1212.2,594.5
183,1,car,0.1329,950.3,437.5,1022.7,481.8
183,2,large_vehicle,0.1107,553.2,501.4,665.4,555.2
184,1,car,0.9092,410.8,683.1,555.4,774.6
184,1,car,0.8516,903.4,589.2,1032.5,667.4
184,1,car,0.5680,551.9,501.5,665.4,555.4
184,2,large_vehicle,0.2588,950.3,437.4,1022.2,481.8
184,0,person,0.2534,1190.8,534.8,1212.2,594.5
185,1,car,0.8975,398.3,686.4,540.2,776.9
185,1,car,0.8855,891.6,592.3,1015.0,670.1
185,1,car,0.6806,551.7,501.0,665.4,555.4
185,4,other_vehicle,0.3692,14.6,782.4,87.9,849.8
185,2,large_vehicle,0.3102,950.1,437.5,1022.4,482.0
185,1,car,0.2278,950.1,437.5,1022.4,482.0
185,0,person,0.1995,1190.8,534.4,1212.1,594.3
186,1,car,0.8970,398.3,686.4,540.2,776.9
186,1,car,0.8859,891.6,592.4,1015.0,670.2
186,1,car,0.6766,552.6,501.1,665.5,555.3
186,4,other_vehicle,0.3484,14.5,782.4,87.9,849.8
186,2,large_vehicle,0.3233,949.1,437.3,1022.6,482.0
186,1,car,0.2885,949.1,437.3,1022.6,482.0
186,0,person,0.1929,1190.8,533.8,1212.4,594.2
187,1,car,0.9014,386.6,687.6,526.1,777.8
187,1,car,0.8420,881.1,594.4,1011.0,673.6
187,1,car,0.6697,559.1,502.2,665.4,555.3
187,2,large_vehicle,0.2952,949.6,437.9,1022.3,482.0
187,0,person,0.2143,1190.7,534.0,1212.5,594.4
187,1,car,0.1721,17.4,783.3,94.4,850.1
187,1,car,0.1609,949.6,437.9,1022.3,482.0
188,1,car,0.9014,386.6,687.6,526.2,777.9
188,1,car,0.8430,881.1,594.4,1011.0,673.6
188,1,car,0.6799,558.6,502.1,665.7,555.3
188,2,large_vehicle,0.3219,949.6,437.7,1022.2,482.0
188,0,person,0.1953,1190.7,534.1,1212.4,594.4
188,1,car,0.1730,17.4,783.3,94.4,850.1
188,1,car,0.1420,949.6,437.7,1022.2,482.0
189,1,car,0.9021,386.6,687.6,526.3,777.8
189,1,car,0.8434,881.0,594.4,1011.1,673.6
189,1,car,0.6566,557.0,501.7,664.3,555.3
189,2,large_vehicle,0.2997,949.3,438.1,1022.2,482.0
189,1,car,0.1830,949.3,438.1,1022.2,482.0
189,0,person,0.1811,1190.6,534.3,1212.2,594.4
189,1,car,0.1414,17.4,783.3,94.7,850.2
190,1,car,0.9105,373.7,691.3,512.0,780.2
190,1,car,0.8125,869.6,596.7,995.4,675.7
190,1,car,0.6134,561.9,502.6,658.2,555.0
190,2,large_vehicle,0.2781,949.7,437.4,1022.3,481.7
190,0,person,0.2646,1190.6,533.9,1212.4,594.5
190,2,large_vehicle,0.1305,561.9,502.6,658.2,555.0
191,1,car,0.9108,373.7,691.3,512.1,780.1
191,1,car,0.8002,869.7,596.9,995.3,675.7
191,1,car,0.6141,561.8,502.5,658.7,555.0
191,0,person,0.2820,1190.7,533.9,1212.5,594.5
191,2,large_vehicle,0.2775,949.7,437.3,1022.3,481.7
191,2,large_vehicle,0.1290,561.8,502.5,658.7,555.0
192,1,car,0.8964,361.8,692.0,499.0,780.7
192,1,car,0.8008,858.0,599.1,991.9,680.1
192,1,car,0.5653,555.8,501.2,664.7,555.2
192,0,person,0.3116,1190.4,533.2,1212.9,594.7
192,2,large_vehicle,0.2870,950.1,437.1,1022.2,481.9
192,1,car,0.1957,26.1,784.7,104.3,854.3
192,2,large_vehicle,0.1081,555.8,501.2,664.7,555.2
193,1,car,0.8962,361.8,692.0,498.9,780.7
193,1,car,0.7925,858.0,599.0,992.6,680.2
193,1,car,0.5967,556.0,501.4,665.4,555.2
193,0,person,0.3871,1190.5,533.1,1213.4,594.8
193,2,large_vehicle,0.3013,950.1,437.0,1022.2,481.9
193,1,car,0.1929,26.1,784.6,104.6,854.5
193,2,large_vehicle,0.1044,556.0,501.4,665.4,555.2
194,1,car,0.8964,361.8,692.0,499.0,780.7
194,1,car,0.7922,858.0,599.0,992.5,680.1
194,1,car,0.6040,556.4,501.5,665.4,555.2
194,0,person,0.3888,1190.5,533.0,1213.4,594.8
194,2,large_vehicle,0.3086,950.1,437.0,1022.2,481.9
194,1,car,0.1859,26.2,784.7,104.5,854.4
194,2,large_vehicle,0.1001,556.4,501.5,665.4,555.2
195,1,car,0.8986,350.4,694.8,485.6,784.1
195,1,car,0.7906,846.3,601.4,983.9,685.8
195,1,car,0.6990,552.1,501.5,664.6,555.3
195,2,large_vehicle,0.3439,948.7,436.8,1022.5,482.0
195,0,person,0.2587,1190.7,532.7,1213.4,594.7
195,1,car,0.1502,948.7,436.8,1022.5,482.0
195,1,car,0.1033,31.7,784.6,109.5,854.8
196,1,car,0.8988,350.4,694.8,485.6,784.1
196,1,car,0.7893,846.3,601.3,983.1,685.8
196,1,car,0.6351,553.1,501.7,662.6,555.5
196,2,large_vehicle,0.3510,949.8,436.8,1022.6,481.9
196,0,person,0.2805,1190.6,532.7,1213.5,594.7
196,1,car,0.1461,949.8,436.8,1022.6,481.9
197,1,car,0.8796,339.1,695.2,471.7,786.2
197,1,car,0.8492,833.4,604.9,969.6,691.4
197,1,car,0.6748,553.7,501.5,665.2,555.5
197,0,person,0.3420,1190.4,532.2,1213.5,594.9
197,2,large_vehicle,0.3356,949.5,436.6,1022.6,481.9
197,1,car,0.2480,35.4,784.2,116.7,857.3
197,1,car,0.1401,949.5,436.6,1022.6,481.9
198,1,car,0.8801,339.2,695.2,471.7,786.2
198,1,car,0.8502,833.5,605.0,969.6,691.4
198,1,car,0.6587,553.8,501.0,664.8,555.5
198,0,person,0.3567,1190.4,532.1,1213.7,594.7
198,2,large_vehicle,0.3221,949.8,436.7,1022.6,481.9
198,1,car,0.2595,35.4,784.3,116.6,856.9
198,1,car,0.1529,949.8,436.7,1022.6,481.9
199,1,car,0.8543,822.9,605.7,953.6,695.8
199,1,car,0.8381,325.8,697.8,457.9,786.6
199,1,car,0.5942,557.1,501.6,658.4,555.5
199,2,large_vehicle,0.3695,949.8,436.5,1022.6,481.6
199,1,car,0.3579,39.1,784.6,123.3,860.4
199,0,person,0.3226,1190.4,532.9,1213.0,594.8
199,1,car,0.1145,949.8,436.5,1022.6,481.6
199,2,large_vehicle,0.1131,557.1,501.6,658.4,555.5
200,1,car,0.8530,822.9,605.6,953.4,695.8
200,1,car,0.8072,326.3,697.5,457.9,786.7
200,1,car,0.5659,557.2,501.7,654.0,555.4
200,2,large_vehicle,0.3817,949.8,436.5,1022.6,481.7
200,1,car,0.3447,39.1,784.6,123.2,860.3
200,0,person,0.3162,1190.4,532.7,1213.0,594.8
200,1,car,0.1654,325.8,697.8,457.9,786.6
200,2,large_vehicle,0.1384,557.2,501.7,654.0,555.4
200,1,car,0.1123,949.8,436.5,1022.6,481.7
201,1,car,0.8691,808.7,609.1,942.3,700.2
201,1,car,0.8636,315.3,699.8,446.9,787.6
201,1,car,0.5558,548.4,499.8,661.5,555.5
201,0,person,0.4785,1190.5,532.5,1212.9,594.8
201,1,car,0.3556,42.5,785.2,128.7,862.1
201,2,large_vehicle,0.3080,949.8,436.1,1022.9,481.8
201,2,large_vehicle,0.1099,548.4,499.8,661.5,555.5
201,1,car,0.1052,949.8,436.1,1022.9,481.8
202,1,car,0.8673,808.7,609.0,942.4,700.2
202,1,car,0.8659,315.3,699.8,446.8,787.6
202,1,car,0.5539,549.4,500.3,662.4,555.6
202,0,person,0.4947,1190.5,532.6,1212.8,594.7
202,1,car,0.3658,42.6,785.2,128.7,861.7
202,2,large_vehicle,0.2739,949.4,436.2,1022.9,481.8
202,1,car,0.1352,949.4,436.2,1022.9,481.8
203,1,car,0.8682,808.7,609.1,942.2,700.2
203,1,car,0.8656,315.3,699.8,446.8,787.6
203,1,car,0.5603,549.6,500.3,661.7,555.6
203,0,person,0.4900,1190.5,532.7,1212.8,594.8
203,1,car,0.3581,42.5,785.3,128.7,861.7
203,2,large_vehicle,0.2776,949.4,436.2,1022.9,481.8
203,1,car,0.1363,949.4,436.2,1022.9,481.8
203,2,large_vehicle,0.1027,549.6,500.3,661.7,555.6
204,1,car,0.8683,304.7,702.1,434.3,788.6
204,1,car,0.7644,796.7,611.9,930.0,703.8
204,1,car,0.6008,558.8,501.3,664.2,555.1
204,0,person,0.4903,1190.4,532.1,1212.5,594.6
204,1,car,0.3623,47.2,785.4,136.1,863.5
204,2,large_vehicle,0.3177,949.3,436.9,1022.0,481.9
204,1,car,0.1756,949.3,436.9,1022.0,481.9
205,1,car,0.8693,304.7,702.1,434.3,788.7
205,1,car,0.7640,796.7,611.8,930.1,703.8
205,1,car,0.5977,558.2,501.3,662.4,555.2
205,0,person,0.5050,1190.3,532.0,1212.6,594.7
205,1,car,0.3572,47.1,785.4,136.4,863.4
205,2,large_vehicle,0.3001,949.7,436.8,1022.0,482.0
205,1,car,0.1644,949.7,436.8,1022.0,482.0
206,1,car,0.8508,292.0,703.2,421.0,790.7
206,1,car,0.7467,783.6,617.4,934.3,707.0
206,1,car,0.6380,553.4,501.2,662.0,555.3
206,0,person,0.5196,1190.3,532.1,1212.9,594.6
206,2,large_vehicle,0.3385,949.5,436.6,1022.2,481.9
206,1,car,0.3031,55.5,785.3,142.1,863.8
206,1,car,0.1610,949.5,436.6,1022.2,481.9
206,2,large_vehicle,0.1102,783.6,617.4,934.3,707.0
207,1,car,0.8529,292.0,703.2,420.9,790.7
207,1,car,0.7522,783.5,617.4,934.4,707.0
207,1,car,0.6502,552.9,500.9,662.7,555.4
207,0,person,0.4775,1190.3,532.1,1213.0,594.7
207,2,large_vehicle,0.3115,949.4,436.4,1022.4,482.0
207,1,car,0.2892,55.3,785.3,142.1,863.7
207,1,car,0.1746,949.4,436.4,1022.4,482.0
207,2,large_vehicle,0.1056,783.5,617.4,934.4,707.0
208,1,car,0.8530,292.0,703.2,420.9,790.7
208,1,car,0.7588,783.6,617.5,934.5,707.0
208,1,car,0.6138,549.3,500.3,659.5,555.4
208,0,person,0.4641,1190.3,532.3,1213.0,594.6
208,2,large_vehicle,0.3461,949.8,436.2,1022.5,481.8
208,1,car,0.2965,55.6,785.3,142.1,863.9
208,1,car,0.1396,949.8,436.2,1022.5,481.8
209,1,car,0.8536,281.7,703.9,406.9,790.7
209,1,car,0.8320,769.5,620.9,916.8,710.3
209,1,car,0.5990,557.4,501.7,654.4,555.2
209,0,person,0.4478,1190.4,533.2,1212.6,594.6
209,2,large_vehicle,0.3605,950.1,436.0,1022.6,481.8
209,1,car,0.3561,58.8,786.2,149.4,865.3
210,1,car,0.8534,281.8,703.9,407.0,790.7
210,1,car,0.8338,769.5,620.8,916.4,710.3
210,1,car,0.5945,556.5,501.5,655.0,555.3
210,0,person,0.3878,1190.5,533.6,1212.7,594.5
210,1,car,0.3625,58.9,786.1,149.4,865.5
210,2,large_vehicle,0.3229,950.1,436.1,1022.6,481.8
211,1,car,0.8459,756.1,623.5,904.5,714.9
211,1,car,0.8400,272.1,706.4,396.6,792.7
211,1,car,0.5346,552.9,500.8,662.2,555.1
211,0,person,0.4293,1190.3,532.0,1212.1,594.7
211,1,car,0.4138,61.8,786.3,156.5,864.3
211,2,large_vehicle,0.2223,949.4,436.4,1022.0,481.6
211,2,large_vehicle,0.1092,552.9,500.8,662.2,555.1
212,1,car,0.8461,756.1,623.5,904.5,714.9
212,1,car,0.8402,272.1,706.4,396.6,792.7
212,1,car,0.5342,552.9,500.9,661.6,555.1
212,0,person,0.4409,1190.3,532.0,1212.0,594.6
212,1,car,0.4224,61.8,786.3,156.5,864.3
212,2,large_vehicle,0.2353,949.5,436.5,1022.1,481.6
212,2,large_vehicle,0.1064,552.9,500.9,661.6,555.1
213,1,car,0.8465,756.3,623.6,904.5,714.9
213,1,car,0.8398,272.1,706.4,396.6,792.7
213,1,car,0.5351,553.1,501.1,660.7,555.0
213,0,person,0.4767,1190.4,531.7,1212.2,594.8
213,1,car,0.3961,61.7,786.3,156.5,864.3
213,2,large_vehicle,0.2638,949.7,436.5,1022.2,481.6
213,2,large_vehicle,0.1074,553.1,501.1,660.7,555.0
214,1,car,0.8620,744.4,626.8,882.1,717.0
214,1,car,0.8080,261.2,706.5,385.7,792.8
214,1,car,0.7117,554.1,501.7,657.8,554.9
214,1,car,0.4106,66.7,786.4,163.5,868.5
214,2,large_vehicle,0.3339,949.4,436.7,1022.3,481.6
214,1,car,0.2253,949.4,436.7,1022.3,481.6
215,1,car,0.8668,744.5,626.9,882.2,717.0
215,1,car,0.8013,261.5,706.7,385.7,792.7
215,1,car,0.7138,554.1,501.7,658.3,554.9
215,1,car,0.3993,65.8,786.7,163.3,868.1
215,2,large_vehicle,0.3420,949.4,436.7,1022.3,481.6
215,1,car,0.2156,949.4,436.7,1022.3,481.6
216,1,car,0.8896,730.0,630.3,871.7,719.8
216,1,car,0.7467,251.7,708.6,371.4,793.4
216,1,car,0.6591,552.8,501.3,659.1,555.0
216,1,car,0.4555,70.3,787.8,170.1,866.3
216,2,large_vehicle,0.3452,949.9,437.0,1022.4,481.5
216,0,person,0.2347,1190.6,532.2,1212.0,594.8
216,1,car,0.2219,949.9,437.0,1022.4,481.5
217,1,car,0.8890,730.0,630.2,871.6,719.8
217,1,car,0.7469,251.7,708.6,371.1,793.4
217,1,car,0.6661,553.5,501.6,653.5,554.9
217,1,car,0.4330,70.3,787.8,170.1,866.8
217,2,large_vehicle,0.3579,950.4,437.1,1022.3,481.5
217,0,person,0.2515,1190.7,531.9,1212.0,594.7
217,1,car,0.1673,950.4,437.1,1022.3,481.5
218,1,car,0.8889,730.0,630.2,871.7,719.8
218,1,car,0.7451,251.7,708.6,371.4,793.4
218,1,car,0.6600,553.6,501.6,654.5,554.9
218,1,car,0.4319,70.4,787.8,170.1,866.8
218,2,large_vehicle,0.3421,949.9,437.0,1022.2,481.5
218,0,person,0.2559,1190.7,531.9,1212.0,594.8
218,1,car,0.1729,949.9,437.0,1022.2,481.5
219,1,car,0.9052,715.5,634.1,858.6,723.5
219,1,car,0.7832,241.1,710.6,358.8,792.4
219,1,car,0.6879,559.0,502.2,649.8,554.6
219,1,car,0.4806,72.8,787.7,177.1,871.5
219,2,large_vehicle,0.3258,949.8,436.8,1022.0,481.4
219,1,car,0.1235,949.8,436.8,1022.0,481.4
220,1,car,0.9051,715.5,634.1,858.6,723.5
220,1,car,0.7779,241.0,710.6,358.8,792.4
220,1,car,0.6788,559.4,502.1,652.6,554.6
220,1,car,0.4413,72.9,787.8,177.1,872.0
220,2,large_vehicle,0.3508,949.8,436.6,1022.4,481.4
220,1,car,0.1302,949.8,436.6,1022.4,481.4
221,1,car,0.8925,701.3,636.9,845.3,727.4
221,1,car,0.8224,229.6,710.5,348.2,793.5
221,1,car,0.6799,77.3,785.1,185.2,872.3
221,1,car,0.5725,556.2,501.1,659.4,554.8
221,2,large_vehicle,0.2661,949.9,436.7,1022.0,481.3
221,1,car,0.1080,949.9,436.7,1022.0,481.3
222,1,car,0.8933,701.3,636.8,845.2,727.4
222,1,car,0.8186,229.6,710.5,348.2,793.5
222,1,car,0.6686,77.2,785.3,185.2,872.4
222,1,car,0.5488,557.4,501.2,660.9,554.7
222,2,large_vehicle,0.2397,949.8,436.6,1021.8,481.3
222,2,large_vehicle,0.1012,557.4,501.2,660.9,554.7
223,1,car,0.8890,688.2,640.0,831.0,730.3
223,1,car,0.7439,222.0,711.4,335.8,793.6
223,1,car,0.5964,559.1,501.5,650.5,554.7
223,1,car,0.4728,82.6,786.9,190.4,866.9
223,2,large_vehicle,0.3791,950.2,436.5,1022.2,481.4
223,1,car,0.1496,950.2,436.5,1022.2,481.4
223,2,large_vehicle,0.1440,559.1,501.5,650.5,554.7
224,1,car,0.8897,688.2,640.0,831.0,730.3
224,1,car,0.7348,222.1,711.5,336.0,793.5
224,1,car,0.6065,560.8,501.6,652.7,554.7
224,1,car,0.4368,82.9,787.6,190.4,867.6
224,2,large_vehicle,0.3796,950.1,436.5,1022.2,481.4
224,1,car,0.1740,950.1,436.5,1022.2,481.4
224,2,large_vehicle,0.1215,560.8,501.6,652.7,554.7
225,1,car,0.8832,674.2,641.1,817.8,734.1
225,1,car,0.7960,211.0,713.6,325.3,793.3
225,1,car,0.6253,554.4,501.5,653.4,554.6
225,1,car,0.3811,91.3,788.9,198.8,867.2
225,2,large_vehicle,0.3713,950.4,437.0,1021.9,481.1
225,1,car,0.2000,950.4,437.0,1021.9,481.1
225,0,person,0.1263,280.0,763.1,298.6,803.7
225,2,large_vehicle,0.1113,554.4,501.5,653.4,554.6
226,1,car,0.8845,674.2,641.1,817.9,734.1
226,1,car,0.7993,211.3,713.6,325.4,793.6
226,1,car,0.6425,554.1,501.6,653.4,554.6
226,1,car,0.4076,90.9,788.7,198.8,867.1
226,2,large_vehicle,0.4075,950.5,437.0,1022.2,481.1
226,1,car,0.1930,950.5,437.0,1022.2,481.1
226,0,person,0.1079,280.0,762.9,298.5,803.6
226,2,large_vehicle,0.1016,554.1,501.6,653.4,554.6
227,1,car,0.8853,674.2,641.1,817.9,734.1
227,1,car,0.7991,211.2,713.6,325.4,793.6
227,1,car,0.6526,554.3,501.7,651.3,554.6
227,1,car,0.4206,91.0,788.8,198.8,867.0
227,2,large_vehicle,0.4074,950.5,437.1,1022.2,481.2
227,1,car,0.1860,950.5,437.1,1022.2,481.2
227,2,large_vehicle,0.1092,554.3,501.7,651.3,554.6
227,0,person,0.1067,279.9,762.9,298.5,803.6
228,1,car,0.8878,659.8,644.1,803.6,737.3
228,1,car,0.8215,205.5,715.4,315.9,794.4
228,1,car,0.6959,558.5,502.2,647.9,554.4
228,1,car,0.3514,97.1,787.9,206.7,869.5
228,2,large_vehicle,0.3271,950.7,437.1,1022.8,481.0
228,1,car,0.2619,950.7,437.1,1022.8,481.0
228,1,car,0.1139,1182.7,491.5,1265.5,559.1
228,2,large_vehicle,0.1065,558.5,502.2,647.9,554.4
229,1,car,0.8860,659.8,644.1,803.6,737.3
229,1,car,0.8172,205.3,715.4,315.9,794.4
229,1,car,0.6864,560.0,502.3,647.9,554.2
229,1,car,0.3662,97.2,787.9,206.7,869.9
229,2,large_vehicle,0.3283,950.6,437.1,1022.5,481.0
229,1,car,0.2381,950.6,437.1,1022.5,481.0
229,1,car,0.1420,1182.7,491.5,1265.0,559.1
230,1,car,0.8801,645.9,647.8,790.0,741.1
230,1,car,0.7260,194.5,715.9,305.6,795.0
230,1,car,0.6015,556.7,501.5,661.5,554.1
230,0,person,0.3826,1190.4,550.2,1207.8,594.6
230,2,large_vehicle,0.3113,950.5,437.0,1022.8,481.0
230,1,car,0.2379,950.5,437.0,1022.8,481.0
230,1,car,0.1936,103.9,788.6,214.9,871.8
230,2,large_vehicle,0.1061,556.7,501.5,661.5,554.1
231,1,car,0.8792,646.0,647.8,790.0,741.0
231,1,car,0.7334,194.9,715.9,305.6,795.0
231,1,car,0.5895,556.8,501.5,661.6,554.1
231,0,person,0.3364,1190.4,550.2,1207.8,594.5
231,2,large_vehicle,0.3207,950.4,436.9,1022.8,481.0
231,1,car,0.2072,950.4,436.9,1022.8,481.0
231,1,car,0.1937,103.7,788.5,214.9,871.8
231,2,large_vehicle,0.1107,556.8,501.5,661.6,554.1
232,1,car,0.8786,646.0,647.7,790.0,741.0
232,1,car,0.7270,194.8,715.9,305.7,795.0
232,1,car,0.6249,555.9,501.5,664.1,554.1
232,0,person,0.3442,1190.5,550.3,1207.8,594.5
232,2,large_vehicle,0.3158,950.6,436.7,1022.8,481.0
232,1,car,0.2062,950.6,436.7,1022.8,481.0
232,1,car,0.1953,103.9,788.7,214.8,871.8
233,1,car,0.8631,630.9,650.5,776.5,745.2
233,1,car,0.7481,151.5,716.7,293.3,796.1
233,1,car,0.6168,556.5,501.3,660.6,554.1
233,1,car,0.3871,29.2,786.0,220.9,877.5
233,2,large_vehicle,0.3409,950.5,437.0,1022.8,481.0
233,1,car,0.3290,950.5,437.0,1022.8,481.0
233,1,car,0.1923,1177.9,495.6,1259.3,561.7
233,0,person,0.1573,1191.3,550.1,1209.2,593.8
233,2,large_vehicle,0.1452,1177.9,495.6,1259.3,561.7
234,1,car,0.8633,630.8,650.5,776.5,745.2
234,1,car,0.7525,151.1,716.8,293.4,796.1
234,1,car,0.6140,556.9,501.3,660.8,554.1
234,1,car,0.3732,28.6,786.0,221.0,877.5
234,1,car,0.3319,950.5,436.9,1022.7,481.0
234,2,large_vehicle,0.3179,950.5,436.9,1022.7,481.0
234,1,car,0.1974,1177.9,495.8,1260.3,561.7
234,0,person,0.1609,1191.3,550.1,1209.3,593.7
234,2,large_vehicle,0.1442,1177.9,495.8,1260.3,561.7
234,2,large_vehicle,0.1030,556.9,501.3,660.8,554.1
235,1,car,0.8474,615.9,652.3,761.6,749.7
235,1,car,0.6601,177.8,717.0,282.7,795.6
235,1,car,0.6243,552.4,500.3,658.8,554.5
235,1,car,0.3219,950.5,436.9,1022.9,481.1
235,2,large_vehicle,0.2965,950.5,436.9,1022.9,481.1
235,1,car,0.2911,1173.7,496.8,1264.1,563.9
235,1,car,0.2453,117.2,790.1,229.8,875.5
235,2,large_vehicle,0.1114,117.2,790.1,229.8,875.5
236,1,car,0.8476,615.8,652.3,761.6,749.7
236,1,car,0.6606,177.8,717.0,282.7,795.6
236,1,car,0.6160,552.7,500.3,658.3,554.3
236,1,car,0.3324,950.4,436.9,1022.9,481.1
236,1,car,0.2902,1173.7,496.6,1264.1,563.9
236,2,large_vehicle,0.2825,950.4,436.9,1022.9,481.1
236,1,car,0.2431,117.2,790.1,229.8,875.5
236,2,large_vehicle,0.1072,117.2,790.1,229.8,875.5
237,1,car,0.8485,615.8,652.3,761.6,749.7
237,1,car,0.6548,177.7,717.0,282.7,795.6
237,1,car,0.6173,553.0,500.4,660.0,554.4
237,1,car,0.3387,950.4,436.9,1022.9,481.1
237,1,car,0.2790,1173.7,497.1,1264.1,563.7
237,2,large_vehicle,0.2752,950.4,436.9,1022.9,481.1
237,1,car,0.2322,117.2,790.2,229.6,875.5
237,2,large_vehicle,0.1143,117.2,790.2,229.6,875.5
238,1,car,0.8591,601.4,658.7,747.6,752.2
238,1,car,0.7147,557.4,501.7,658.5,554.0
238,1,car,0.6596,156.7,717.8,272.2,795.2
238,1,car,0.4441,1169.9,500.6,1259.1,566.1
238,1,car,0.3780,950.9,436.5,1023.0,480.7
238,1,car,0.2623,122.1,792.3,240.1,875.9
238,1,car,0.2556,1170.1,498.5,1260.2,565.9
238,2,large_vehicle,0.2414,950.9,436.5,1023.0,480.7
238,2,large_vehicle,0.1587,30.6,787.0,240.4,879.2
239,1,car,0.8597,601.4,658.6,747.6,752.2
239,1,car,0.6937,556.6,501.3,659.3,553.9
239,1,car,0.6494,155.4,717.9,272.2,795.2
239,1,car,0.4280,1170.1,498.4,1260.1,565.9
239,1,car,0.3276,950.9,436.4,1023.0,480.8
239,2,large_vehicle,0.2289,950.9,436.4,1023.0,480.8
239,1,car,0.2278,119.7,792.5,239.9,875.7
239,2,large_vehicle,0.1961,31.2,787.3,240.3,878.9
239,1,car,0.1519,1169.9,500.5,1259.0,566.1
240,1,car,0.7926,586.5,659.7,732.4,755.7
240,1,car,0.7344,157.3,719.1,262.4,794.1
240,1,car,0.6179,557.0,501.1,662.0,553.7
240,1,car,0.4053,130.0,794.0,246.1,876.4
240,1,car,0.3711,1167.0,502.0,1259.9,567.0
240,1,car,0.3401,951.4,436.6,1023.2,480.5
240,2,large_vehicle,0.2054,951.4,436.6,1023.2,480.5
240,2,large_vehicle,0.1312,1167.0,502.0,1259.9,567.0
241,1,car,0.7865,586.6,659.7,732.5,755.8
241,1,car,0.7383,157.2,719.1,262.4,794.0
241,1,car,0.6172,556.9,501.2,660.1,553.5
241,1,car,0.4073,130.1,793.9,245.9,876.2
241,1,car,0.3945,1167.0,502.8,1259.3,567.0
241,1,car,0.2285,951.6,436.6,1023.1,480.4
241,2,large_vehicle,0.1753,951.6,436.6,1023.1,480.4
241,2,large_vehicle,0.1170,1167.0,502.8,1259.3,567.0
241,0,person,0.1039,1183.7,466.6,1197.3,505.1
242,1,car,0.7910,586.6,659.7,732.4,755.8
242,1,car,0.7385,157.2,719.1,262.4,794.0
242,1,car,0.6095,557.2,501.2,658.2,553.7
242,1,car,0.4046,130.0,794.0,245.9,876.3
242,1,car,0.3962,1167.0,502.7,1258.8,567.0
242,1,car,0.2426,951.6,436.6,1023.1,480.5
242,2,large_vehicle,0.1898,951.6,436.6,1023.1,480.5
242,2,large_vehicle,0.1182,1167.0,502.7,1258.8,567.0
243,1,car,0.8211,572.1,664.0,716.5,757.5
243,1,car,0.6536,557.4,500.9,660.5,553.4
243,1,car,0.6307,155.5,720.1,253.1,794.7
243,2,large_vehicle,0.3732,950.9,436.8,1023.1,480.9
243,1,car,0.3621,1162.7,504.3,1250.2,568.0
243,1,car,0.3303,950.9,436.8,1023.1,480.9
243,1,car,0.2686,135.9,794.3,254.2,876.8
243,0,person,0.2686,1183.5,466.4,1197.1,504.9
243,2,large_vehicle,0.1882,1162.7,504.3,1250.2,568.0
244,1,car,0.8202,572.1,664.0,716.5,757.5
244,1,car,0.6577,557.2,501.0,660.1,553.6
244,1,car,0.6307,155.6,720.1,253.1,794.6
244,1,car,0.4312,1163.1,505.9,1244.5,568.2
244,2,large_vehicle,0.4066,951.1,436.8,1022.5,480.8
244,0,person,0.3209,1183.4,466.3,1197.0,505.0
244,1,car,0.2773,135.6,794.3,254.2,876.7
244,1,car,0.2731,951.1,436.8,1022.5,480.8
244,2,large_vehicle,0.1966,1163.1,505.9,1244.5,568.2
245,1,car,0.8676,557.2,665.3,702.4,760.9
245,1,car,0.6568,551.9,500.1,659.9,553.9
245,1,car,0.5566,1159.8,505.4,1245.6,570.0
245,1,car,0.3641,950.9,436.7,1022.8,480.7
245,2,large_vehicle,0.3238,950.9,436.7,1022.8,480.7
245,0,person,0.3158,1183.3,465.9,1196.9,504.9
245,1,car,0.2450,143.9,792.7,264.7,876.2
245,1,car,0.2395,144.2,720.7,243.3,796.6
245,2,large_vehicle,0.1560,144.2,720.7,243.3,796.6
245,2,large_vehicle,0.1439,1159.8,505.4,1245.6,570.0
245,1,car,0.1071,145.0,720.9,243.7,797.1
246,1,car,0.8668,557.2,665.4,702.5,760.9
246,1,car,0.6491,551.7,500.1,659.9,553.9
246,1,car,0.5546,1159.8,505.4,1245.9,570.1
246,1,car,0.3535,950.9,436.7,1022.6,480.7
246,2,large_vehicle,0.3195,950.9,436.7,1022.6,480.7
246,0,person,0.3096,1183.3,465.9,1196.9,504.9
246,1,car,0.2354,143.9,792.8,264.6,876.2
246,1,car,0.2348,144.4,720.8,243.3,796.7
246,2,large_vehicle,0.1588,144.4,720.8,243.3,796.7
246,2,large_vehicle,0.1496,1159.8,505.4,1245.9,570.1
247,1,car,0.8227,542.2,669.9,687.2,762.9
247,1,car,0.6899,556.1,501.2,651.1,553.7
247,1,car,0.6236,1156.4,506.0,1240.1,571.2
247,1,car,0.4840,139.5,720.7,233.3,794.6
247,1,car,0.4006,150.6,789.2,271.7,876.2
247,1,car,0.3482,951.4,436.8,1022.9,480.6
247,2,large_vehicle,0.2983,951.4,436.8,1022.9,480.6
247,0,person,0.2666,1183.2,465.6,1196.7,504.5
248,1,car,0.8181,542.3,669.3,687.0,762.8
248,1,car,0.7107,555.9,501.3,649.4,553.7
248,1,car,0.6275,1156.4,505.7,1240.0,571.2
248,1,car,0.4898,139.4,720.6,233.3,794.5
248,1,car,0.3811,150.5,788.6,272.0,876.3
248,1,car,0.3366,951.3,436.8,1022.9,480.6
248,2,large_vehicle,0.2892,951.3,436.8,1022.9,480.6
248,0,person,0.2781,1183.2,465.6,1196.7,504.4
249,1,car,0.7689,527.7,673.4,672.9,765.7
249,1,car,0.6461,1152.7,507.0,1239.7,571.4
249,1,car,0.5796,555.9,501.1,656.5,553.7
249,1,car,0.4749,157.5,792.0,281.4,872.5
249,0,person,0.4075,1183.0,465.4,1196.6,504.5
249,1,car,0.4043,131.6,722.7,226.0,795.7
249,2,large_vehicle,0.2653,951.3,436.7,1022.8,480.5
249,1,car,0.2294,951.3,436.7,1022.8,480.5
249,2,large_vehicle,0.1580,131.6,722.7,226.0,795.7
249,2,large_vehicle,0.1272,555.9,501.1,656.5,553.7
250,1,car,0.7525,527.5,673.2,674.5,765.8
250,1,car,0.6137,1152.5,506.4,1241.7,571.3
250,1,car,0.5625,555.0,500.9,661.6,553.7
250,1,car,0.4770,157.7,791.7,281.5,872.1
250,0,person,0.4461,1182.8,465.1,1196.7,504.8
250,1,car,0.4346,131.4,722.6,225.7,795.5
250,2,large_vehicle,0.3007,951.7,436.6,1022.4,480.6
250,1,car,0.2268,951.7,436.6,1022.4,480.6
250,2,large_vehicle,0.1888,131.4,722.6,225.7,795.5
250,2,large_vehicle,0.1003,555.0,500.9,661.6,553.7
251,1,car,0.7459,527.5,673.2,674.5,765.8
251,1,car,0.6126,1152.5,506.5,1241.5,571.3
251,1,car,0.4965,555.2,500.7,660.4,553.7
251,1,car,0.4746,157.7,791.7,281.2,871.9
251,0,person,0.4494,1182.8,465.1,1196.6,504.8
251,1,car,0.4386,131.4,722.6,225.6,795.6
251,2,large_vehicle,0.3358,951.7,436.4,1022.3,480.7
251,1,car,0.2050,951.7,436.4,1022.3,480.7
251,2,large_vehicle,0.1796,131.4,722.6,225.6,795.6
251,2,large_vehicle,0.1093,555.2,500.7,660.4,553.7
252,1,car,0.7747,513.2,676.1,662.2,768.9
252,1,car,0.6201,1148.2,508.0,1238.5,573.3
252,1,car,0.5662,558.0,500.9,663.0,553.6
252,1,car,0.4878,164.0,789.0,290.2,874.7
252,1,car,0.4863,124.0,723.2,216.4,795.6
252,0,person,0.4453,1182.7,465.2,1196.6,505.0
252,2,large_vehicle,0.3440,951.7,436.3,1022.2,480.6
252,1,car,0.2668,951.7,436.3,1022.2,480.6
253,1,car,0.7699,513.2,676.1,662.7,768.9
253,1,car,0.6179,1148.2,508.0,1239.2,573.3
253,1,car,0.5180,558.3,500.8,662.6,553.5
253,1,car,0.4905,164.0,789.1,290.2,874.7
253,1,car,0.4804,124.0,723.1,216.3,795.6
253,0,person,0.4237,1182.7,465.1,1196.7,504.9
253,2,large_vehicle,0.3710,951.7,436.2,1022.3,480.7
253,1,car,0.2506,951.7,436.2,1022.3,480.7
254,1,car,0.7011,497.8,677.4,642.9,771.1
254,1,car,0.6687,1144.2,511.2,1234.7,574.5
254,1,car,0.5391,117.7,724.8,206.2,795.7
254,1,car,0.5347,555.4,501.2,652.0,553.7
254,0,person,0.4337,1182.8,465.1,1196.5,504.8
254,1,car,0.4224,171.5,788.4,298.6,873.5
254,2,large_vehicle,0.3748,951.3,436.4,1021.8,480.7
254,1,car,0.2753,951.3,436.4,1021.8,480.7
254,2,large_vehicle,0.1283,555.4,501.2,652.0,553.7
255,1,car,0.7013,497.8,677.4,642.9,771.1
255,1,car,0.6724,1144.2,511.1,1234.9,574.5
255,1,car,0.5405,117.7,724.8,206.2,795.7
255,1,car,0.5279,555.5,501.2,652.2,553.6
255,0,person,0.4290,1182.8,465.1,1196.5,504.8
255,1,car,0.4238,171.5,788.4,298.6,873.5
255,2,large_vehicle,0.3575,951.3,436.7,1021.6,480.7
255,1,car,0.2828,951.3,436.7,1021.6,480.7
255,2,large_vehicle,0.1276,555.5,501.2,652.2,553.6
256,1,car,0.6980,497.8,677.5,642.9,771.1
256,1,car,0.6694,1144.3,511.2,1234.3,574.4
256,1,car,0.5353,117.7,724.8,206.3,795.7
256,1,car,0.5214,555.6,501.2,651.7,553.6
256,1,car,0.4223,171.5,788.4,298.6,873.4
256,0,person,0.4192,1182.8,465.2,1196.5,504.8
256,2,large_vehicle,0.3647,951.1,436.4,1021.8,480.8
256,1,car,0.2810,951.1,436.4,1021.8,480.8
256,2,large_vehicle,0.1466,555.6,501.2,651.7,553.6
257,1,car,0.8510,482.6,680.9,627.9,773.7
257,1,car,0.6003,178.5,788.5,308.6,877.5
257,1,car,0.5975,558.3,502.0,654.1,553.5
257,1,car,0.5287,112.7,724.5,197.8,796.1
257,1,car,0.4681,1139.7,510.9,1233.0,576.5
257,2,large_vehicle,0.3546,951.2,436.0,1022.4,480.7
257,0,person,0.3528,1182.8,464.8,1196.4,504.8
257,1,car,0.2295,951.2,436.0,1022.4,480.7
257,2,large_vehicle,0.2135,1139.7,510.9,1233.0,576.5
257,2,large_vehicle,0.1329,112.7,724.5,197.8,796.1
257,2,large_vehicle,0.1219,558.3,502.0,654.1,553.5
258,1,car,0.8493,482.6,680.8,627.7,773.7
258,1,car,0.6109,557.9,501.8,652.9,553.5
258,1,car,0.6101,178.4,788.6,308.8,877.1
258,1,car,0.5380,112.8,724.5,197.9,796.1
258,1,car,0.4672,1139.7,511.0,1232.9,576.5
258,2,large_vehicle,0.3685,951.2,435.9,1022.5,480.7
258,0,person,0.3623,1182.8,464.8,1196.4,504.8
258,1,car,0.2395,951.2,435.9,1022.5,480.7
258,2,large_vehicle,0.2147,1139.7,511.0,1232.9,576.5
258,2,large_vehicle,0.1236,112.8,724.5,197.9,796.1
258,2,large_vehicle,0.1175,557.9,501.8,652.9,553.5
259,1,car,0.8513,468.1,684.0,613.6,774.4
259,1,car,0.6569,185.8,786.4,318.8,876.3
259,1,car,0.5558,103.1,724.4,190.5,796.5
259,1,car,0.5531,1136.6,512.6,1233.7,578.6
259,1,car,0.5308,556.2,501.2,659.0,553.4
259,2,large_vehicle,0.2957,951.9,435.5,1022.5,480.4
259,0,person,0.2512,1182.8,465.0,1196.4,504.8
259,1,car,0.2088,951.9,435.5,1022.5,480.4
259,2,large_vehicle,0.1137,1136.6,512.6,1233.7,578.6
259,2,large_vehicle,0.1120,103.1,724.4,190.5,796.5
259,2,large_vehicle,0.1116,556.2,501.2,659.0,553.4
259,0,person,0.1055,1213.0,559.5,1231.2,602.9
260,1,car,0.8515,468.1,684.0,613.5,774.3
260,1,car,0.6510,185.9,786.0,318.7,875.8
260,1,car,0.5652,103.0,724.4,190.6,796.5
260,1,car,0.5149,1136.3,512.8,1231.3,578.7
260,1,car,0.5077,556.2,501.0,658.3,553.3
260,2,large_vehicle,0.2832,951.7,436.3,1022.5,480.7
260,0,person,0.2437,1182.9,464.9,1196.3,504.8
260,1,car,0.2323,951.7,436.3,1022.5,480.7
260,2,large_vehicle,0.1407,1136.3,512.8,1231.3,578.7
260,2,large_vehicle,0.1173,556.2,501.0,658.3,553.3
260,0,person,0.1142,1212.9,559.1,1231.2,603.2
260,2,large_vehicle,0.1081,103.0,724.4,190.6,796.5
261,1,car,0.8516,468.1,684.0,613.5,774.3
261,1,car,0.6496,185.9,786.0,318.7,876.1
261,1,car,0.5612,103.1,724.4,190.6,796.5
261,1,car,0.5146,556.2,501.1,657.9,553.3
261,1,car,0.5145,1136.3,513.0,1231.5,578.7
261,2,large_vehicle,0.2814,951.7,436.3,1022.4,480.7
261,1,car,0.2356,951.7,436.3,1022.4,480.7
261,0,person,0.2146,1182.9,464.9,1196.4,504.8
261,2,large_vehicle,0.1294,1136.3,513.0,1231.5,578.7
261,2,large_vehicle,0.1147,556.2,501.1,657.9,553.3
261,2,large_vehicle,0.1092,103.1,724.4,190.6,796.5
261,0,person,0.1062,1212.9,559.4,1231.2,603.0
262,1,car,0.8010,454.9,686.4,598.8,777.3
262,1,car,0.7334,96.5,724.7,182.1,796.8
262,1,car,0.6315,193.8,785.6,327.3,876.3
262,1,car,0.5920,1132.1,515.9,1215.5,580.9
262,1,car,0.4384,559.1,500.9,652.1,553.2
262,2,large_vehicle,0.3061,951.5,436.5,1022.6,480.6
262,1,car,0.2912,951.5,436.5,1022.6,480.6
262,0,person,0.2521,1183.0,464.7,1196.2,504.6
262,2,large_vehicle,0.1651,559.1,500.9,652.1,553.2
262,2,large_vehicle,0.1419,1132.1,515.9,1215.5,580.9
263,1,car,0.7418,96.5,724.5,182.0,796.9
263,1,car,0.6713,454.3,686.3,599.3,777.2
263,1,car,0.6309,193.8,785.6,327.1,876.2
263,1,car,0.5766,1132.1,515.5,1215.4,580.9
263,1,car,0.4619,558.7,500.9,651.2,553.3
263,1,car,0.3643,454.9,686.5,599.1,777.4
263,1,car,0.3081,951.3,436.4,1022.6,480.7
263,2,large_vehicle,0.2977,951.3,436.4,1022.6,480.7
263,0,person,0.2348,1183.0,464.7,1196.2,504.5
263,2,large_vehicle,0.1705,558.7,500.9,651.2,553.3
263,2,large_vehicle,0.1508,1132.1,515.5,1215.4,580.9
264,1,car,0.7552,440.0,685.2,585.0,780.1
264,1,car,0.6792,90.4,723.8,173.6,797.4
264,1,car,0.6225,200.7,784.0,336.5,878.3
264,1,car,0.5243,555.5,500.8,652.2,553.5
264,1,car,0.4523,1126.6,516.2,1210.7,582.1
264,1,car,0.3259,951.2,436.4,1022.4,480.8
264,2,large_vehicle,0.3113,951.2,436.4,1022.4,480.8
264,0,person,0.2761,1182.9,464.6,1196.2,504.5
264,2,large_vehicle,0.2066,1126.6,516.2,1210.7,582.1
265,1,car,0.7557,440.0,685.3,584.9,780.2
265,1,car,0.6862,90.4,723.6,173.6,797.4
265,1,car,0.6213,200.7,783.8,336.3,878.5
265,1,car,0.5342,555.6,500.7,650.4,553.5
265,1,car,0.4614,1126.7,516.1,1210.9,582.2
265,1,car,0.3076,951.1,436.3,1022.4,480.9
265,2,large_vehicle,0.2819,951.1,436.3,1022.4,480.9
265,0,person,0.2715,1182.8,464.6,1196.3,504.5
265,2,large_vehicle,0.2078,1126.7,516.1,1210.9,582.2
265,2,large_vehicle,0.1014,555.6,500.7,650.4,553.5
266,1,car,0.7546,439.9,685.1,585.2,780.2
266,1,car,0.6878,90.4,723.6,173.6,797.4
266,1,car,0.6239,200.7,783.9,336.5,878.4
266,1,car,0.5242,556.1,500.9,651.3,553.5
266,1,car,0.4311,1126.6,516.1,1210.1,582.2
266,2,large_vehicle,0.3183,951.3,436.2,1022.3,480.7
266,1,car,0.2985,951.3,436.2,1022.3,480.7
266,0,person,0.2409,1182.9,464.7,1196.2,504.5
266,2,large_vehicle,0.2195,1126.6,516.1,1210.1,582.2
267,1,car,0.6981,427.2,690.3,572.0,781.2
267,1,car,0.6585,208.9,783.3,347.9,876.5
267,1,car,0.6406,557.6,501.5,652.3,553.3
267,1,car,0.4745,82.9,723.9,166.3,798.5
267,2,large_vehicle,0.4075,1123.8,517.8,1205.4,584.7
267,1,car,0.3231,1123.8,517.8,1205.4,584.7
267,2,large_vehicle,0.3060,951.0,436.3,1022.2,480.7
267,0,person,0.3051,1182.7,464.5,1196.2,504.5
267,1,car,0.2621,951.0,436.3,1022.2,480.7
267,4,other_vehicle,0.2176,82.9,723.9,166.3,798.5
268,1,car,0.6971,427.2,690.3,571.9,781.2
268,1,car,0.6565,209.0,783.2,347.6,876.4
268,1,car,0.6504,557.6,501.5,651.7,553.4
268,1,car,0.4571,82.9,723.9,166.3,798.6
268,2,large_vehicle,0.4191,1123.8,517.8,1205.3,584.7
268,1,car,0.3153,1123.8,517.8,1205.3,584.7
268,0,person,0.2896,1182.7,464.6,1196.2,504.5
268,2,large_vehicle,0.2708,950.5,436.0,1021.4,480.4
268,1,car,0.2482,950.5,436.0,1021.4,480.4
268,4,other_vehicle,0.2338,82.9,723.9,166.3,798.6
268,2,large_vehicle,0.1060,557.6,501.5,651.7,553.4
269,1,car,0.6694,78.0,725.9,158.7,797.2
269,1,car,0.6414,216.8,783.3,356.6,876.5
269,1,car,0.5327,556.5,501.6,654.1,553.2
269,1,car,0.5116,411.9,693.1,559.2,780.5
269,2,large_vehicle,0.4957,1119.6,518.8,1199.7,586.9
269,1,car,0.4700,412.5,692.9,559.3,780.5
269,0,person,0.2609,1182.8,464.6,1196.2,504.6
269,0,person,0.2407,1201.7,555.5,1224.7,604.5
269,2,large_vehicle,0.2391,951.3,435.6,1022.0,480.4
269,1,car,0.1983,1119.6,518.8,1199.7,586.9
269,1,car,0.1923,951.3,435.6,1022.0,480.4
269,2,large_vehicle,0.1237,556.5,501.6,654.1,553.2
270,1,car,0.7930,412.0,693.5,559.3,780.7
270,1,car,0.6362,78.0,725.9,158.9,797.2
270,1,car,0.6232,216.7,783.4,356.7,876.6
270,1,car,0.5354,556.3,501.6,652.2,553.2
270,2,large_vehicle,0.5188,1119.6,518.8,1199.7,586.9
270,0,person,0.2658,1202.1,555.5,1224.7,604.9
270,0,person,0.2539,1182.8,464.7,1196.2,504.6
270,2,large_vehicle,0.2373,951.2,435.6,1022.1,480.4
270,1,car,0.1866,1119.6,518.8,1199.7,586.9
270,1,car,0.1843,951.2,435.6,1022.1,480.4
270,2,large_vehicle,0.1352,556.3,501.6,652.2,553.2
270,4,other_vehicle,0.1166,1191.3,576.0,1225.8,607.6
271,2,large_vehicle,0.7143,1114.9,520.1,1193.9,588.5
271,1,car,0.6501,225.8,782.0,365.0,873.8
271,1,car,0.5412,398.8,697.1,539.5,785.4
271,1,car,0.5394,72.3,725.0,151.5,797.3
271,1,car,0.4120,558.5,501.0,653.6,553.1
271,2,large_vehicle,0.3318,951.6,435.8,1022.2,480.4
271,0,person,0.2930,1182.7,465.0,1196.0,504.4
271,1,car,0.2770,951.6,435.8,1022.2,480.4
271,2,large_vehicle,0.1904,558.5,501.0,653.6,553.1
271,0,person,0.1829,1203.2,557.6,1222.1,602.7
271,4,other_vehicle,0.1196,72.3,725.0,151.5,797.3
272,2,large_vehicle,0.7042,1114.8,520.0,1194.1,588.5
272,1,car,0.6508,225.6,782.0,365.1,873.9
272,1,car,0.5800,72.2,725.0,151.5,797.4
272,1,car,0.5711,398.7,696.9,540.4,785.4
272,1,car,0.4274,559.6,501.3,650.0,553.2
272,2,large_vehicle,0.3230,951.6,435.8,1021.8,480.4
272,0,person,0.3211,1182.7,464.8,1196.0,504.3
272,1,car,0.2623,951.6,435.8,1021.8,480.4
272,2,large_vehicle,0.2152,559.6,501.3,650.0,553.2
272,0,person,0.1798,1203.3,557.8,1222.1,602.6
273,1,car,0.7078,385.1,698.8,524.7,787.3
273,2,large_vehicle,0.6939,1110.3,521.6,1190.9,590.6
273,1,car,0.6672,233.0,781.2,376.3,877.3
273,1,car,0.4991,554.3,501.1,648.1,553.3
273,2,large_vehicle,0.3743,950.5,435.6,1022.1,480.5
273,1,car,0.3668,66.7,726.4,143.0,795.8
273,0,person,0.3189,1182.7,464.6,1196.1,504.3
273,1,car,0.2219,950.5,435.6,1022.1,480.5
273,0,person,0.2033,1202.5,557.3,1220.8,604.7
273,4,other_vehicle,0.1954,66.7,726.4,143.0,795.8
273,2,large_vehicle,0.1339,554.3,501.1,648.1,553.3
273,0,person,0.1329,1194.0,557.3,1220.9,604.6
273,2,large_vehicle,0.1219,66.7,726.4,143.0,795.8
273,4,other_vehicle,0.1093,1189.0,576.3,1221.9,607.7
274,1,car,0.7095,385.2,699.0,524.8,787.4
274,2,large_vehicle,0.6918,1110.3,521.6,1190.9,590.6
274,1,car,0.6509,233.0,781.3,376.4,877.2
274,1,car,0.5389,554.5,501.1,647.5,553.3
274,2,large_vehicle,0.3587,950.5,435.6,1022.2,480.5
274,1,car,0.3434,66.8,726.4,143.0,795.8
274,0,person,0.3177,1182.6,464.6,1196.1,504.3
274,1,car,0.2540,950.5,435.6,1022.2,480.5
274,0,person,0.2077,1202.5,557.4,1220.8,604.7
274,4,other_vehicle,0.2020,66.8,726.4,143.0,795.8
274,2,large_vehicle,0.1627,554.5,501.1,647.5,553.3
274,0,person,0.1391,1194.1,557.4,1220.9,604.6
274,2,large_vehicle,0.1338,66.8,726.4,143.0,795.8
274,4,other_vehicle,0.1120,1189.1,576.5,1221.9,607.8
275,1,car,0.7121,385.1,698.8,524.8,787.4
275,2,large_vehicle,0.6863,1110.3,521.6,1191.0,590.6
275,1,car,0.6650,233.0,781.2,376.3,877.2
275,1,car,0.5189,555.1,501.3,647.5,553.1
275,1,car,0.3567,66.8,726.3,143.0,795.9
275,2,large_vehicle,0.3332,950.4,435.6,1021.8,480.5
275,0,person,0.2664,1182.6,464.4,1196.1,504.4
275,1,car,0.2439,950.4,435.6,1021.8,480.5
275,0,person,0.2203,1202.2,557.3,1220.9,604.7
275,4,other_vehicle,0.1910,66.8,726.3,143.0,795.9
275,2,large_vehicle,0.1769,555.1,501.3,647.5,553.1
275,0,person,0.1474,1194.2,557.4,1220.9,604.7
275,2,large_vehicle,0.1275,66.8,726.3,143.0,795.9
275,4,other_vehicle,0.1184,1189.2,576.4,1222.9,607.9
276,1,car,0.7805,370.8,700.7,509.7,784.6
276,2,large_vehicle,0.7755,1105.3,522.8,1187.0,593.5
276,1,car,0.7119,242.1,782.7,386.2,878.3
276,1,car,0.6117,556.0,501.4,651.6,553.3
276,1,car,0.4081,60.7,727.3,137.1,795.1
276,2,large_vehicle,0.3428,950.8,435.6,1021.8,480.5
276,0,person,0.2928,1182.4,463.9,1196.2,504.3
276,4,other_vehicle,0.2857,60.7,727.3,137.1,795.1
276,1,car,0.2117,950.8,435.6,1021.8,480.5
276,2,large_vehicle,0.1246,556.0,501.4,651.6,553.3
277,1,car,0.7799,370.8,700.6,509.7,784.6
277,2,large_vehicle,0.7761,1105.3,522.8,1187.2,593.5
277,1,car,0.7141,242.1,782.8,386.1,878.3
277,1,car,0.6032,556.7,501.6,653.1,553.3
277,1,car,0.3817,60.7,727.3,137.3,795.1
277,2,large_vehicle,0.3390,950.9,435.6,1022.0,480.4
277,4,other_vehicle,0.3116,60.7,727.3,137.3,795.1
277,0,person,0.2775,1182.4,463.9,1196.2,504.1
277,1,car,0.2088,950.9,435.6,1022.0,480.4
277,2,large_vehicle,0.1173,556.7,501.6,653.1,553.3
278,2,large_vehicle,0.7369,1100.5,523.2,1182.6,594.0
278,1,car,0.6963,250.1,784.1,396.4,877.3
278,1,car,0.5031,359.4,704.1,494.6,786.2
278,1,car,0.4174,55.9,728.1,130.0,794.3
278,1,car,0.4083,557.0,501.4,648.9,553.4
278,2,large_vehicle,0.3419,951.4,435.4,1022.1,480.6
278,0,person,0.3321,1182.3,463.8,1196.1,503.9
278,2,large_vehicle,0.2608,557.0,501.4,648.9,553.4
278,0,person,0.2505,1195.9,553.4,1217.6,604.7
278,4,other_vehicle,0.2242,1186.7,577.3,1225.3,608.9
278,1,car,0.1760,951.4,435.4,1022.1,480.6
278,4,other_vehicle,0.1597,55.9,728.1,130.0,794.3
278,0,person,0.1218,1199.5,552.9,1218.9,604.7
279,2,large_vehicle,0.7378,1100.5,523.2,1182.6,594.0
279,1,car,0.6965,250.1,784.0,396.4,877.3
279,1,car,0.5029,359.4,704.1,494.6,786.2
279,1,car,0.4109,557.0,501.4,648.9,553.4
279,1,car,0.4022,55.9,728.0,130.0,794.3
279,2,large_vehicle,0.3436,951.6,435.4,1022.2,480.6
279,0,person,0.3298,1182.3,463.8,1196.1,503.9
279,2,large_vehicle,0.2596,557.0,501.4,648.9,553.4
279,0,person,0.2536,1196.0,553.4,1217.6,604.7
279,4,other_vehicle,0.2223,1186.7,577.4,1225.4,608.9
279,1,car,0.1712,951.6,435.4,1022.2,480.6
279,4,other_vehicle,0.1656,55.9,728.0,130.0,794.3
279,0,person,0.1238,1199.5,552.8,1218.9,604.6
280,2,large_vehicle,0.7386,1100.5,523.2,1182.6,594.0
280,1,car,0.6960,250.0,784.0,396.4,877.3
280,1,car,0.5086,359.4,704.0,494.7,786.2
280,1,car,0.4218,557.4,501.5,649.0,553.4
280,1,car,0.3837,55.9,728.1,130.0,794.3
280,2,large_vehicle,0.3365,951.2,435.5,1022.1,480.6
280,0,person,0.3365,1182.3,463.7,1196.1,503.9
280,0,person,0.2503,1195.8,553.4,1217.5,605.0
280,2,large_vehicle,0.2449,557.4,501.5,649.0,553.4
280,4,other_vehicle,0.1953,1186.5,577.6,1224.3,608.8
280,4,other_vehicle,0.1829,55.9,728.1,130.0,794.3
280,1,car,0.1664,951.2,435.5,1022.1,480.6
280,0,person,0.1061,1199.4,552.9,1218.9,604.9
281,1,car,0.7095,346.0,705.4,479.5,786.0
281,1,car,0.6603,260.4,785.8,408.0,876.0
281,2,large_vehicle,0.6576,1095.9,525.5,1179.9,597.7
281,1,car,0.4020,561.1,501.5,647.4,553.5
281,1,car,0.3531,50.0,727.9,123.1,793.9
281,2,large_vehicle,0.2962,561.1,501.5,647.4,553.5
281,2,large_vehicle,0.2947,951.3,435.6,1022.3,480.9
281,0,person,0.2629,1182.3,463.7,1196.0,504.0
281,2,large_vehicle,0.2572,951.5,435.7,1021.7,480.6
281,0,person,0.2107,434.9,750.1,462.7,808.2
281,4,other_vehicle,0.1903,50.0,727.9,123.1,793.9
281,0,person,0.1845,1194.6,550.5,1216.0,604.3
281,4,other_vehicle,0.1716,1183.4,575.9,1221.7,608.0
281,1,car,0.1107,951.5,435.7,1021.7,480.6
281,1,car,0.1030,951.3,435.6,1022.3,480.9
282,1,car,0.7446,346.0,705.4,479.5,786.6
282,2,large_vehicle,0.7106,1095.9,525.6,1180.0,597.7
282,1,car,0.6683,260.3,786.0,408.8,875.8
282,1,car,0.4083,560.2,501.4,647.1,553.5
282,2,large_vehicle,0.3728,951.5,435.6,1021.9,480.6
282,0,person,0.3518,434.8,750.4,463.3,808.1
282,1,car,0.3364,50.0,727.9,123.1,793.9
282,2,large_vehicle,0.3120,560.2,501.4,647.1,553.5
282,0,person,0.2800,1182.3,463.7,1196.1,504.0
282,0,person,0.1981,1194.5,550.6,1216.0,604.1
282,4,other_vehicle,0.1878,50.0,727.9,123.1,793.9
282,4,other_vehicle,0.1720,1183.4,575.9,1222.0,608.0
282,1,car,0.1688,951.5,435.6,1021.9,480.6
283,1,car,0.7491,333.0,707.2,469.8,781.6
283,2,large_vehicle,0.7378,1090.8,527.4,1174.9,599.2
283,1,car,0.5424,270.0,785.0,417.6,876.6
283,1,car,0.4845,554.4,500.6,647.3,553.6
283,4,other_vehicle,0.4634,1181.3,575.4,1222.9,608.6
283,0,person,0.4546,1192.4,553.5,1214.5,604.2
283,1,car,0.3633,45.5,727.1,117.0,793.4
283,2,large_vehicle,0.2611,951.1,436.0,1022.3,480.8
283,0,person,0.2211,1182.3,463.8,1196.1,504.0
283,2,large_vehicle,0.1925,554.4,500.6,647.3,553.6
283,1,car,0.1706,951.1,436.0,1022.3,480.8
283,2,large_vehicle,0.1602,951.1,436.0,1021.7,480.5
283,1,car,0.1280,951.1,436.0,1021.7,480.5
283,4,other_vehicle,0.1239,45.5,727.1,117.0,793.4
284,1,car,0.7520,332.9,706.9,469.8,782.3
284,2,large_vehicle,0.7303,1090.7,527.2,1175.0,599.2
284,1,car,0.5504,269.9,784.8,417.6,876.6
284,1,car,0.4972,554.0,500.5,647.6,553.6
284,4,other_vehicle,0.4741,1181.6,575.3,1222.9,608.6
284,0,person,0.4591,1192.3,553.4,1214.4,604.1
284,1,car,0.3591,45.5,726.8,117.1,793.6
284,2,large_vehicle,0.2244,951.0,435.8,1022.2,480.8
284,2,large_vehicle,0.1946,951.0,435.9,1021.6,480.5
284,2,large_vehicle,0.1892,554.0,500.5,647.6,553.6
284,0,person,0.1829,1182.2,463.7,1196.0,504.1
284,1,car,0.1518,951.0,435.9,1021.6,480.5
284,1,car,0.1303,951.0,435.8,1022.2,480.8
284,4,other_vehicle,0.1289,45.5,726.8,117.1,793.6
285,1,car,0.7514,332.9,707.0,469.8,782.3
285,2,large_vehicle,0.7352,1090.7,527.3,1174.9,599.2
285,1,car,0.5459,269.9,784.8,417.6,876.5
285,1,car,0.4977,554.0,500.5,647.6,553.5
285,4,other_vehicle,0.4634,1181.0,575.3,1223.6,608.6
285,0,person,0.4437,1192.3,553.3,1214.5,604.1
285,1,car,0.3484,45.5,726.9,117.0,793.6
285,2,large_vehicle,0.2666,951.0,435.9,1021.7,480.5
285,1,car,0.2088,951.0,435.9,1021.7,480.5
285,0,person,0.1997,1182.3,463.7,1196.1,504.0
285,2,large_vehicle,0.1982,554.0,500.5,647.6,553.5
285,2,large_vehicle,0.1357,951.0,435.8,1022.3,480.8
285,4,other_vehicle,0.1320,45.5,726.9,117.0,793.6
286,2,large_vehicle,0.7657,1085.7,529.0,1171.7,600.9
286,1,car,0.7635,320.5,709.8,453.5,787.1
286,1,car,0.7474,278.4,782.1,429.3,875.9
286,1,car,0.5875,555.2,501.1,649.9,553.2
286,4,other_vehicle,0.4652,1179.7,574.6,1223.0,608.8
286,0,person,0.4518,1190.8,552.6,1212.4,603.2
286,2,large_vehicle,0.3607,951.3,436.2,1022.3,480.7
286,1,car,0.2933,951.3,436.2,1022.3,480.7
286,0,person,0.2295,1182.2,463.8,1195.9,503.9
286,2,large_vehicle,0.1950,555.2,501.1,649.9,553.2
286,4,other_vehicle,0.1787,40.4,729.0,112.1,793.3
286,1,car,0.1445,40.4,729.0,112.1,793.3
287,1,car,0.7657,320.6,709.9,453.5,786.7
287,2,large_vehicle,0.7630,1085.7,528.9,1171.6,600.9
287,1,car,0.7533,278.3,782.1,429.3,875.8
287,1,car,0.6167,556.1,501.4,649.4,553.2
287,4,other_vehicle,0.4941,1179.7,574.7,1223.7,608.8
287,0,person,0.4495,1190.8,552.6,1212.5,603.2
287,2,large_vehicle,0.3620,951.2,436.0,1022.3,480.6
287,1,car,0.3090,951.2,436.0,1022.3,480.6
287,0,person,0.3062,1182.1,464.0,1195.8,503.7
287,2,large_vehicle,0.1900,556.1,501.4,649.4,553.2
287,4,other_vehicle,0.1719,40.4,729.0,112.0,793.3
287,1,car,0.1474,40.4,729.0,112.0,793.3
288,1,car,0.7737,308.7,712.6,441.8,787.4
288,1,car,0.7697,285.9,785.5,440.3,876.7
288,2,large_vehicle,0.7012,1080.6,529.7,1168.3,603.0
288,4,other_vehicle,0.6438,1178.8,574.1,1221.1,608.4
288,0,person,0.5323,1189.8,552.1,1211.1,604.2
288,1,car,0.4832,556.5,501.1,649.1,553.5
288,0,person,0.3067,1182.0,463.7,1196.0,503.8
288,2,large_vehicle,0.2664,951.6,435.7,1021.9,480.4
288,1,car,0.2579,951.6,435.7,1021.9,480.4
288,2,large_vehicle,0.2535,556.5,501.1,649.1,553.5
288,4,other_vehicle,0.2451,36.5,728.9,104.6,793.1
288,0,person,0.2361,308.4,758.0,333.1,803.4
288,1,car,0.1531,1080.6,529.7,1168.3,603.0
288,1,car,0.1472,36.5,728.9,104.6,793.1
288,1,car,0.1383,0.0,771.3,40.0,839.5
288,0,person,0.1313,1185.4,552.2,1209.5,604.9
288,2,large_vehicle,0.1088,36.5,728.9,104.6,793.1
288,2,large_vehicle,0.1019,0.0,764.0,40.4,846.1
289,1,car,0.7757,308.7,712.6,441.6,787.3
289,1,car,0.7627,285.8,785.5,440.2,876.6
289,2,large_vehicle,0.7009,1080.6,529.7,1168.4,603.0
289,4,other_vehicle,0.6502,1179.1,574.1,1221.0,608.4
289,0,person,0.5423,1189.8,552.1,1211.0,604.1
289,1,car,0.4716,556.5,501.1,649.4,553.4
289,0,person,0.3309,1182.0,463.8,1195.9,503.8
289,1,car,0.2923,951.3,435.7,1022.0,480.4
289,2,large_vehicle,0.2787,951.3,435.7,1022.0,480.4
289,2,large_vehicle,0.2629,556.5,501.1,649.4,553.4
289,4,other_vehicle,0.2520,36.5,728.9,104.6,793.1
289,0,person,0.2324,308.4,758.1,333.1,803.3
289,1,car,0.1570,1080.6,529.7,1168.4,603.0
289,1,car,0.1388,36.5,728.9,104.6,793.1
289,0,person,0.1311,1185.5,552.2,1209.4,604.8
289,1,car,0.1298,0.0,771.2,40.1,839.3
289,2,large_vehicle,0.1062,36.5,728.9,104.6,793.1
290,1,car,0.7711,308.7,712.5,441.3,787.2
290,1,car,0.7677,285.9,785.5,440.3,876.6
290,2,large_vehicle,0.6968,1080.5,529.5,1168.6,603.0
290,4,other_vehicle,0.6473,1179.0,574.0,1220.4,608.5
290,0,person,0.5338,1189.7,552.2,1211.0,604.2
290,1,car,0.4425,557.2,501.1,648.8,553.3
290,2,large_vehicle,0.3399,951.6,435.4,1022.0,480.4
290,2,large_vehicle,0.2766,557.2,501.1,648.8,553.3
290,0,person,0.2748,1182.0,463.6,1196.0,503.9
290,1,car,0.2616,951.6,435.4,1022.0,480.4
290,4,other_vehicle,0.2430,36.6,728.8,104.6,793.1
290,0,person,0.2407,308.4,758.0,333.1,803.4
290,1,car,0.1574,1080.5,529.5,1168.6,603.0
290,0,person,0.1549,1185.4,552.2,1209.6,605.0
290,1,car,0.1393,36.6,728.8,104.6,793.1
290,1,car,0.1384,0.0,771.0,39.2,835.6
290,2,large_vehicle,0.1074,0.0,758.6,39.9,839.1
290,2,large_vehicle,0.1029,36.6,728.8,104.6,793.1
291,1,car,0.8045,297.2,784.5,447.4,874.2
291,2,large_vehicle,0.7774,1075.1,530.0,1163.5,604.4
291,1,car,0.6985,295.4,713.6,423.3,788.4
291,4,other_vehicle,0.5011,1176.7,573.9,1218.6,608.5
291,2,large_vehicle,0.4270,951.5,435.7,1021.8,480.4
291,0,person,0.3833,1188.8,551.7,1210.1,603.6
291,1,car,0.3774,560.2,501.3,648.3,553.1
291,2,large_vehicle,0.3546,560.2,501.3,648.3,553.1
291,0,person,0.2815,1182.0,463.5,1195.9,503.7
291,1,car,0.2771,951.5,435.7,1021.8,480.4
291,0,person,0.2758,1183.8,552.0,1209.1,604.4
291,2,large_vehicle,0.1962,0.0,767.8,47.2,847.1
291,1,car,0.1442,0.0,767.8,47.2,847.1
291,1,car,0.1359,0.0,773.1,46.1,840.9
292,1,car,0.7989,297.1,784.5,447.4,874.2
292,2,large_vehicle,0.7722,1075.1,530.1,1163.9,604.4
292,1,car,0.6945,295.5,713.6,423.3,788.7
292,4,other_vehicle,0.4796,1176.7,573.9,1218.4,608.4
292,2,large_vehicle,0.4245,951.7,435.6,1022.0,480.4
292,0,person,0.3841,1188.7,551.7,1210.1,603.6
292,2,large_vehicle,0.3841,561.5,501.3,647.4,552.9
292,1,car,0.3333,561.5,501.3,647.4,552.9
292,0,person,0.3330,1182.0,463.6,1196.0,503.6
292,1,car,0.2964,951.7,435.6,1022.0,480.4
292,0,person,0.2942,1183.8,552.0,1209.1,604.4
292,2,large_vehicle,0.2046,0.0,767.4,47.0,847.0
292,1,car,0.1390,0.0,767.4,47.0,847.0
292,1,car,0.1284,0.0,772.9,46.0,841.0
293,1,car,0.7742,307.0,784.2,460.0,875.8
293,1,car,0.6944,282.7,716.2,411.1,792.5
293,2,large_vehicle,0.6645,1069.7,531.8,1160.1,606.4
293,1,car,0.5323,554.0,501.0,647.3,553.4
293,2,large_vehicle,0.2957,950.9,435.9,1021.6,480.4
293,4,other_vehicle,0.2952,1176.9,574.1,1217.6,608.5
293,1,car,0.2814,950.9,435.9,1021.6,480.4
293,0,person,0.1966,1188.5,551.2,1208.6,602.4
293,4,other_vehicle,0.1704,27.6,729.1,91.1,791.1
293,1,car,0.1624,0.0,773.2,50.8,848.1
293,2,large_vehicle,0.1619,554.0,501.0,647.3,553.4
293,0,person,0.1593,1184.8,552.0,1206.7,602.8
293,1,car,0.1450,1069.7,531.8,1160.1,606.4
293,1,car,0.1211,27.6,729.1,91.1,791.1
293,2,large_vehicle,0.1174,0.0,773.2,50.8,848.1
293,0,person,0.1096,1182.3,463.5,1195.8,503.4
294,1,car,0.7696,307.0,784.7,460.4,875.9
294,1,car,0.7021,282.7,716.0,411.1,791.7
294,2,large_vehicle,0.6268,1069.8,532.2,1160.1,606.5
294,1,car,0.5228,554.1,500.9,647.3,553.4
294,2,large_vehicle,0.2982,950.9,435.9,1021.7,480.4
294,1,car,0.2876,950.9,435.9,1021.7,480.4
294,4,other_vehicle,0.2741,1176.8,574.3,1217.6,608.7
294,1,car,0.1875,1069.8,532.2,1160.1,606.5
294,1,car,0.1699,0.0,773.1,50.9,847.8
294,0,person,0.1687,1188.6,551.3,1208.5,602.3
294,4,other_vehicle,0.1637,27.6,729.1,91.1,791.2
294,2,large_vehicle,0.1611,554.1,500.9,647.3,553.4
294,0,person,0.1496,1184.7,552.0,1206.8,602.6
294,2,large_vehicle,0.1201,0.0,773.1,50.9,847.8
294,1,car,0.1137,27.6,729.1,91.1,791.2
295,1,car,0.8032,317.4,780.7,471.2,876.2
295,2,large_vehicle,0.7514,1064.0,534.2,1157.4,610.5
295,1,car,0.6121,554.8,500.9,648.6,553.3
295,1,car,0.5866,275.6,716.9,396.6,790.2
295,4,other_vehicle,0.3648,1173.2,572.8,1213.4,608.1
295,2,large_vehicle,0.3225,950.4,435.9,1022.1,480.4
295,0,person,0.2979,1183.4,551.2,1206.3,603.5
295,1,car,0.2819,22.7,728.3,85.9,790.5
295,2,large_vehicle,0.2766,0.0,774.3,60.1,850.1
295,1,car,0.2430,950.4,435.9,1022.1,480.4
295,1,car,0.2052,0.0,774.3,60.1,850.1
295,2,large_vehicle,0.1832,554.8,500.9,648.6,553.3
295,4,other_vehicle,0.1234,22.7,728.3,85.9,790.5
295,0,person,0.1012,1187.2,549.7,1208.7,603.3
296,1,car,0.8015,317.4,780.6,471.2,876.3
296,2,large_vehicle,0.7581,1064.0,534.2,1157.2,610.4
296,1,car,0.6290,554.6,501.1,648.8,553.4
296,1,car,0.5787,275.6,716.9,396.6,789.9
296,4,other_vehicle,0.4045,1173.3,572.8,1213.6,608.2
296,0,person,0.3651,1183.4,551.2,1206.3,603.6
296,2,large_vehicle,0.3546,950.8,435.9,1022.1,480.4
296,2,large_vehicle,0.2743,0.0,774.4,60.1,850.1
296,1,car,0.2599,950.8,435.9,1022.1,480.4
296,1,car,0.2592,22.5,728.3,86.1,790.6
296,1,car,0.2092,0.0,774.4,60.1,850.1
296,2,large_vehicle,0.1645,554.6,501.1,648.8,553.4
296,4,other_vehicle,0.1241,22.5,728.3,86.1,790.6
297,1,car,0.7792,327.0,779.7,481.8,875.6
297,2,large_vehicle,0.6984,1058.5,535.5,1151.1,610.9
297,1,car,0.5707,258.0,718.8,389.9,796.1
297,2,large_vehicle,0.5398,0.0,775.4,63.7,852.4
297,1,car,0.5180,556.3,501.4,648.5,553.6
297,0,person,0.4324,1182.7,552.0,1205.2,604.9
297,4,other_vehicle,0.3487,1171.3,573.1,1212.3,608.3
297,2,large_vehicle,0.2954,951.5,435.7,1022.2,480.4
297,4,other_vehicle,0.2716,18.3,727.9,78.4,790.7
297,2,large_vehicle,0.2681,556.3,501.4,648.5,553.6
297,1,car,0.2033,951.5,435.7,1022.2,480.4
297,1,car,0.1962,18.3,727.9,78.4,790.7
297,1,car,0.1293,1058.5,535.5,1151.1,610.9
298,1,car,0.7777,327.2,779.8,481.8,875.6
298,2,large_vehicle,0.6958,1058.6,535.5,1151.2,610.8
298,1,car,0.5701,258.1,718.8,389.9,796.0
298,2,large_vehicle,0.5313,0.0,775.8,63.6,852.4
298,1,car,0.5150,555.8,501.3,648.9,553.6
298,0,person,0.4956,1182.6,551.9,1205.2,605.1
298,4,other_vehicle,0.4121,1171.2,573.2,1212.5,608.4
298,4,other_vehicle,0.2795,18.4,728.0,78.6,790.6
298,2,large_vehicle,0.2748,951.5,435.7,1022.4,480.3
298,2,large_vehicle,0.2720,555.8,501.3,648.9,553.6
298,1,car,0.2123,951.5,435.7,1022.4,480.3
298,1,car,0.1863,18.4,728.0,78.6,790.6
298,1,car,0.1312,1058.6,535.5,1151.2,610.8
299,1,car,0.7774,326.9,779.8,481.8,875.6
299,2,large_vehicle,0.6947,1058.6,535.4,1151.2,610.8
299,1,car,0.5636,258.1,718.8,389.1,796.3
299,2,large_vehicle,0.5441,0.0,775.4,63.7,852.4
299,1,car,0.5121,556.1,501.3,649.3,553.6
299,0,person,0.4603,1183.1,551.7,1205.4,604.9
299,4,other_vehicle,0.3800,1171.3,573.2,1212.5,608.3
299,4,other_vehicle,0.2774,18.4,727.9,78.6,790.7
299,2,large_vehicle,0.2751,951.3,435.5,1022.5,480.3
299,2,large_vehicle,0.2710,556.1,501.3,649.3,553.6
299,1,car,0.2235,951.3,435.5,1022.5,480.3
299,1,car,0.1982,18.4,727.9,78.6,790.7
299,1,car,0.1339,1058.6,535.4,1151.2,610.8
300,2,large_vehicle,0.7703,1052.6,537.4,1147.6,613.1
300,1,car,0.7247,337.5,778.2,493.7,873.4
300,1,car,0.6427,250.5,720.4,370.4,800.8
300,2,large_vehicle,0.5632,0.0,776.3,67.5,849.0
300,1,car,0.4789,559.5,501.5,648.1,553.3
300,4,other_vehicle,0.4439,1167.4,571.8,1210.5,607.9
300,2,large_vehicle,0.3197,951.7,435.6,1022.7,480.2
300,1,car,0.3151,951.7,435.6,1022.7,480.2
300,0,person,0.3075,1179.7,551.1,1203.1,606.6
300,1,car,0.2989,13.8,729.0,73.3,788.7
300,2,large_vehicle,0.2987,559.5,501.5,648.1,553.3
300,4,other_vehicle,0.1762,13.8,729.0,73.3,788.7
300,1,car,0.1605,0.7,719.2,74.0,790.5
300,2,large_vehicle,0.1321,0.7,719.2,74.0,790.5
300,2,large_vehicle,0.1195,337.5,778.2,493.7,873.4
301,2,large_vehicle,0.7759,1052.6,537.4,1147.7,613.2
301,1,car,0.7220,337.4,778.2,493.6,873.4
301,1,car,0.6449,250.7,720.4,370.3,800.8
301,2,large_vehicle,0.5551,0.0,776.4,67.5,849.0
301,4,other_vehicle,0.4114,1167.6,571.5,1210.3,608.0
301,1,car,0.4046,559.5,501.0,647.6,553.2
301,2,large_vehicle,0.3625,559.5,501.0,647.6,553.2
301,2,large_vehicle,0.3469,951.6,435.6,1022.7,480.3
301,1,car,0.3237,951.6,435.6,1022.7,480.3
301,0,person,0.3147,1179.8,551.1,1203.1,606.6
301,1,car,0.2992,13.8,729.0,73.3,788.7
301,4,other_vehicle,0.1858,13.8,729.0,73.3,788.7
301,1,car,0.1562,0.7,719.1,74.0,790.5
301,2,large_vehicle,0.1305,0.7,719.1,74.0,790.5
301,2,large_vehicle,0.1259,337.4,778.2,493.6,873.4
302,1,car,0.8242,346.0,776.0,506.7,872.4
302,1,car,0.5608,553.9,501.0,646.9,553.5
302,2,large_vehicle,0.5580,1046.5,539.0,1142.2,614.9
302,4,other_vehicle,0.5270,1165.3,573.3,1210.2,607.6
302,0,person,0.4373,1179.9,550.1,1200.2,601.5
302,2,large_vehicle,0.4065,950.1,435.6,1022.6,480.3
302,1,car,0.3467,1046.5,539.0,1142.2,614.9
302,1,car,0.3354,241.2,723.1,357.1,799.6
302,1,car,0.3098,950.1,435.6,1022.6,480.3
302,1,car,0.2893,9.9,729.1,68.1,787.6
302,2,large_vehicle,0.2741,0.0,782.8,76.1,849.3
302,1,car,0.2243,0.0,782.8,76.1,849.3
302,2,large_vehicle,0.2220,553.9,501.0,646.9,553.5
302,4,other_vehicle,0.1193,9.9,729.1,68.1,787.6
303,1,car,0.8240,346.0,776.0,506.7,872.4
303,2,large_vehicle,0.5590,1046.5,539.0,1142.2,614.9
303,1,car,0.5466,553.8,501.0,647.0,553.4
303,4,other_vehicle,0.5449,1165.6,573.4,1210.1,607.6
303,0,person,0.4428,1180.0,550.1,1200.1,601.4
303,2,large_vehicle,0.4131,950.1,435.6,1022.4,480.3
303,1,car,0.3462,1046.5,539.0,1142.2,614.9
303,1,car,0.3333,241.2,723.1,357.1,799.6
303,1,car,0.3071,950.1,435.6,1022.4,480.3
303,1,car,0.2885,9.9,729.1,68.1,787.6
303,2,large_vehicle,0.2746,0.0,782.8,76.1,849.3
303,1,car,0.2237,0.0,782.8,76.1,849.3
303,2,large_vehicle,0.2226,553.8,501.0,647.0,553.4
303,4,other_vehicle,0.1197,9.9,729.1,68.1,787.6
304,1,car,0.8232,346.0,776.0,506.6,872.5
304,2,large_vehicle,0.5646,1046.5,539.0,1142.2,614.9
304,1,car,0.5614,554.9,501.2,646.2,553.5
304,4,other_vehicle,0.5227,1165.3,573.4,1210.3,607.6
304,0,person,0.4420,1180.0,550.1,1200.2,601.3
304,2,large_vehicle,0.4213,949.8,435.6,1022.4,480.3
304,1,car,0.3373,1046.5,539.0,1142.2,614.9
304,1,car,0.3299,241.0,723.1,357.0,799.5
304,1,car,0.2930,949.8,435.6,1022.4,480.3
304,1,car,0.2894,9.9,729.2,67.7,787.6
304,2,large_vehicle,0.2655,0.0,782.8,76.0,849.3
304,2,large_vehicle,0.2575,554.9,501.2,646.2,553.5
304,1,car,0.2369,0.0,782.8,76.0,849.3
304,4,other_vehicle,0.1185,9.9,729.2,67.7,787.6
305,1,car,0.7933,356.6,774.0,516.8,871.9
305,1,car,0.7038,557.2,501.8,647.4,553.3
305,2,large_vehicle,0.6606,1040.3,540.6,1138.0,618.1
305,4,other_vehicle,0.4657,1162.7,572.5,1209.8,607.3
305,1,car,0.3904,5.8,728.9,64.7,786.6
305,1,car,0.3685,228.9,723.7,344.9,801.7
305,0,person,0.3482,1178.2,550.8,1199.6,605.0
305,2,large_vehicle,0.3361,950.7,435.5,1022.3,480.4
305,1,car,0.3041,0.8,785.1,80.5,848.8
305,2,large_vehicle,0.2547,0.8,785.1,80.5,848.8
305,1,car,0.2190,950.7,435.5,1022.3,480.4
305,0,person,0.1680,1179.8,550.5,1198.5,600.0
305,1,car,0.1539,1040.3,540.6,1138.0,618.1
305,2,large_vehicle,0.1336,5.8,728.9,64.7,786.6
305,2,large_vehicle,0.1136,557.2,501.8,647.4,553.3
306,1,car,0.7910,356.3,774.0,516.8,872.0
306,1,car,0.7005,557.3,501.8,647.3,553.4
306,2,large_vehicle,0.6804,1040.4,540.5,1138.1,618.3
306,4,other_vehicle,0.4406,1163.2,572.7,1209.7,607.2
306,1,car,0.4101,228.9,723.6,345.0,801.8
306,1,car,0.3764,5.9,729.1,64.6,786.5
306,2,large_vehicle,0.3315,950.7,435.7,1022.1,480.4
306,1,car,0.3244,0.8,785.3,80.7,848.9
306,0,person,0.3069,1178.3,550.9,1199.6,605.0
306,2,large_vehicle,0.2188,0.8,785.3,80.7,848.9
306,1,car,0.2152,950.7,435.7,1022.1,480.4
306,0,person,0.2073,1180.0,550.5,1198.4,599.9
306,1,car,0.1286,1040.4,540.5,1138.1,618.3
306,2,large_vehicle,0.1244,5.9,729.1,64.6,786.5
306,2,large_vehicle,0.1155,557.3,501.8,647.3,553.4
307,1,car,0.7892,366.6,770.7,529.6,871.1
307,2,large_vehicle,0.6991,1033.8,542.1,1134.5,620.0
307,1,car,0.6034,556.4,501.6,648.7,553.4
307,0,person,0.4976,1178.2,549.9,1197.2,602.4
307,4,other_vehicle,0.4938,1161.7,572.2,1209.6,606.8
307,1,car,0.4729,218.8,723.8,335.8,803.4
307,1,car,0.4373,1.0,728.0,57.8,785.5
307,1,car,0.3606,2.1,784.4,86.6,851.4
307,2,large_vehicle,0.2763,951.2,435.5,1022.2,480.4
307,2,large_vehicle,0.2626,2.1,784.4,86.6,851.4
307,1,car,0.2070,951.2,435.5,1022.2,480.4
307,2,large_vehicle,0.1654,556.4,501.6,648.7,553.4
307,1,car,0.1282,1033.8,542.1,1134.5,620.0
307,0,person,0.1136,1175.3,549.8,1195.4,601.4
308,1,car,0.7875,366.6,770.8,529.5,871.0
308,2,large_vehicle,0.6847,1033.8,542.0,1134.4,620.0
308,1,car,0.5309,555.9,501.2,648.9,553.4
308,4,other_vehicle,0.5020,1161.6,572.3,1209.3,606.8
308,0,person,0.4914,1178.3,549.8,1197.0,602.3
308,1,car,0.4859,218.7,723.9,335.6,803.4
308,1,car,0.4369,1.0,727.9,58.0,785.6
308,1,car,0.3598,1.9,784.4,86.7,851.5
308,2,large_vehicle,0.3051,951.5,435.5,1022.4,480.4
308,2,large_vehicle,0.2566,1.9,784.4,86.7,851.5
308,2,large_vehicle,0.2086,555.9,501.2,648.9,553.4
308,1,car,0.2034,951.5,435.5,1022.4,480.4
308,1,car,0.1385,1033.8,542.0,1134.4,620.0
308,0,person,0.1091,1175.5,549.7,1195.5,601.5
309,1,car,0.7866,366.6,770.8,529.5,871.0
309,2,large_vehicle,0.6872,1033.8,542.1,1134.5,620.0
309,1,car,0.5301,555.9,501.2,648.9,553.4
309,4,other_vehicle,0.5078,1161.5,572.4,1209.3,606.8
309,0,person,0.5000,1178.2,549.8,1197.1,602.3
309,1,car,0.4891,218.7,723.8,335.7,803.4
309,1,car,0.4391,1.0,727.9,58.0,785.6
309,1,car,0.3606,1.9,784.4,86.8,851.5
309,2,large_vehicle,0.3052,951.5,435.4,1022.4,480.4
309,2,large_vehicle,0.2559,1.9,784.4,86.8,851.5
309,2,large_vehicle,0.2090,555.9,501.2,648.9,553.4
309,1,car,0.1974,951.5,435.4,1022.4,480.4
309,1,car,0.1356,1033.8,542.1,1134.5,620.0
309,0,person,0.1060,1175.4,549.7,1195.5,601.5
310,2,large_vehicle,0.7591,1026.9,543.0,1129.1,621.7
310,1,car,0.7519,376.8,769.6,541.1,870.4
310,1,car,0.6009,0.4,727.8,54.7,785.5
310,1,car,0.5722,206.8,726.3,321.0,803.8
310,0,person,0.4920,1173.1,550.8,1194.3,603.2
310,2,large_vehicle,0.4456,9.8,784.5,92.3,852.8
310,2,large_vehicle,0.4361,951.3,435.8,1022.2,480.3
310,1,car,0.4221,561.3,501.0,647.1,552.9
310,1,car,0.2887,9.8,784.5,92.3,852.8
310,2,large_vehicle,0.2853,561.3,501.0,647.1,552.9
310,1,car,0.2447,951.3,435.8,1022.2,480.3
310,4,other_vehicle,0.2361,1161.0,571.4,1195.7,605.8
310,0,person,0.1993,1179.8,463.0,1195.7,502.7
310,2,large_vehicle,0.1224,0.4,727.8,54.7,785.5
310,1,car,0.1025,1026.9,543.0,1129.1,621.7
311,2,large_vehicle,0.7795,1026.8,542.9,1129.2,621.7
311,1,car,0.7529,376.8,769.7,541.1,870.4
311,1,car,0.6178,0.4,727.6,54.7,785.4
311,1,car,0.5756,206.8,726.4,321.0,803.8
311,0,person,0.4519,1172.8,550.7,1194.7,603.1
311,2,large_vehicle,0.4434,9.4,784.5,92.2,852.8
311,2,large_vehicle,0.4418,951.3,435.8,1022.2,480.4
311,1,car,0.4258,560.5,501.1,647.0,553.0
311,2,large_vehicle,0.3061,560.5,501.1,647.0,553.0
311,1,car,0.2894,9.4,784.5,92.2,852.8
311,1,car,0.2363,951.3,435.8,1022.2,480.4
311,4,other_vehicle,0.2249,1161.6,571.6,1196.6,605.7
311,0,person,0.1699,1179.6,463.1,1195.7,502.8
311,2,large_vehicle,0.1122,0.4,727.6,54.7,785.4
311,1,car,0.1084,1026.8,542.9,1129.2,621.7
312,1,car,0.8296,385.9,768.0,552.6,868.6
312,2,large_vehicle,0.7289,1022.1,544.8,1124.5,623.1
312,0,person,0.6036,1173.8,549.9,1193.2,601.2
312,1,car,0.5942,555.1,501.1,646.8,553.3
312,2,large_vehicle,0.5846,16.8,784.0,97.2,853.3
312,4,other_vehicle,0.5425,1159.4,572.3,1209.5,605.8
312,1,car,0.5153,198.8,725.3,309.2,804.4
312,2,large_vehicle,0.4912,0.4,726.4,50.6,785.2
312,2,large_vehicle,0.4270,950.0,435.8,1022.2,480.3
312,1,car,0.2759,0.4,726.4,50.6,785.2
312,1,car,0.2613,950.0,435.8,1022.2,480.3
312,2,large_vehicle,0.1975,555.1,501.1,646.8,553.3
312,1,car,0.1610,16.8,784.0,97.2,853.3
312,0,person,0.1501,1179.3,462.9,1195.7,503.8
312,0,person,0.1363,1177.7,464.0,1193.8,504.0
312,1,car,0.1106,1022.1,544.8,1124.5,623.1
313,1,car,0.8296,385.9,768.0,552.5,868.7
313,2,large_vehicle,0.7349,1022.0,544.7,1124.5,623.2
313,0,person,0.5934,1173.8,549.9,1193.2,601.1
313,2,large_vehicle,0.5734,16.8,784.1,97.2,853.3
313,1,car,0.5424,554.6,500.8,647.0,553.3
313,1,car,0.5190,198.9,725.3,309.2,804.4
313,4,other_vehicle,0.5089,1159.5,572.3,1209.6,605.8
313,2,large_vehicle,0.4996,0.4,726.4,50.6,785.2
313,2,large_vehicle,0.4269,950.0,435.9,1022.1,480.3
313,1,car,0.2924,950.0,435.9,1022.1,480.3
313,1,car,0.2677,0.4,726.4,50.6,785.2
313,2,large_vehicle,0.2079,554.6,500.8,647.0,553.3
313,1,car,0.1699,16.8,784.1,97.2,853.3
313,0,person,0.1481,1179.3,463.0,1195.7,503.7
313,0,person,0.1183,1177.7,464.0,1193.8,504.0
313,1,car,0.1062,1022.0,544.7,1124.5,623.2
314,1,car,0.8289,386.0,768.0,552.6,868.7
314,2,large_vehicle,0.7265,1022.0,544.7,1124.4,623.2
314,0,person,0.6028,1173.8,550.0,1193.3,600.8
314,2,large_vehicle,0.5866,16.8,784.0,97.2,853.4
314,4,other_vehicle,0.5420,1159.1,572.3,1207.8,605.9
314,1,car,0.5251,555.2,500.7,646.8,553.3
314,2,large_vehicle,0.5156,0.4,726.3,50.6,785.2
314,1,car,0.5155,198.8,725.0,309.2,804.5
314,2,large_vehicle,0.4116,950.7,435.8,1022.1,480.3
314,1,car,0.2518,950.7,435.8,1022.1,480.3
314,1,car,0.2450,0.4,726.3,50.6,785.2
314,2,large_vehicle,0.2168,555.2,500.7,646.8,553.3
314,1,car,0.1596,16.8,784.0,97.2,853.4
314,0,person,0.1299,1177.5,464.0,1193.9,504.9
314,0,person,0.1171,1179.1,462.7,1195.9,504.6
314,1,car,0.1119,1022.0,544.7,1124.4,623.2
315,1,car,0.8305,397.2,765.9,565.0,867.6
315,2,large_vehicle,0.7255,1014.6,546.5,1117.6,628.7
315,2,large_vehicle,0.6001,21.4,785.8,103.0,853.8
315,1,car,0.5917,557.0,501.4,646.8,553.3
315,1,car,0.5719,189.8,728.7,297.5,804.6
315,4,other_vehicle,0.5371,1157.5,573.1,1207.3,605.7
315,2,large_vehicle,0.5188,0.2,723.6,46.9,785.4
315,0,person,0.4945,1173.4,550.4,1191.6,598.3
315,2,large_vehicle,0.3444,951.4,435.8,1022.2,480.4
315,1,car,0.3241,0.2,723.6,46.9,785.4
315,2,large_vehicle,0.2631,557.0,501.4,646.8,553.3
315,2,large_vehicle,0.2049,951.1,435.9,1021.7,480.2
315,1,car,0.1747,21.4,785.8,103.0,853.8
315,0,person,0.1717,1177.4,464.0,1193.8,505.1
315,1,car,0.1695,951.4,435.8,1022.2,480.4
315,1,car,0.1317,1014.6,546.5,1117.6,628.7
315,2,large_vehicle,0.1121,189.8,728.7,297.5,804.6
316,1,car,0.8291,397.2,766.0,565.0,867.6
316,2,large_vehicle,0.7284,1014.6,546.6,1117.7,628.6
316,2,large_vehicle,0.6018,21.4,785.8,103.2,853.9
316,1,car,0.5734,189.9,728.9,297.5,804.7
316,1,car,0.5659,556.0,501.2,646.6,553.2
316,2,large_vehicle,0.5242,0.2,723.6,46.8,785.4
316,4,other_vehicle,0.4878,1157.7,573.2,1205.8,605.7
316,0,person,0.4817,1173.3,550.5,1191.6,597.9
316,2,large_vehicle,0.3634,951.4,436.0,1022.1,480.5
316,1,car,0.3173,0.2,723.6,46.8,785.4
316,2,large_vehicle,0.2879,556.0,501.2,646.6,553.2
316,1,car,0.1832,951.4,436.0,1022.1,480.5
316,1,car,0.1751,21.4,785.8,103.2,853.9
316,0,person,0.1550,1177.4,463.9,1193.8,505.1
316,2,large_vehicle,0.1541,950.9,435.9,1021.7,480.2
316,1,car,0.1287,1014.6,546.6,1117.7,628.6
316,2,large_vehicle,0.1114,189.9,728.9,297.5,804.7
317,1,car,0.8251,406.8,764.9,576.1,867.5
317,2,large_vehicle,0.7415,1008.2,547.4,1114.7,628.3
317,1,car,0.6494,179.8,727.9,286.1,805.0
317,0,person,0.5576,1171.0,549.5,1189.9,600.8
317,2,large_vehicle,0.5151,25.5,785.0,109.2,856.0
317,1,car,0.4780,0.1,725.0,40.6,785.5
317,1,car,0.4271,556.1,501.0,648.1,553.2
317,4,other_vehicle,0.3771,1157.5,571.3,1206.7,605.3
317,2,large_vehicle,0.3756,0.1,725.0,40.6,785.5
317,2,large_vehicle,0.3172,951.5,435.3,1022.5,480.2
317,2,large_vehicle,0.2624,556.1,501.0,648.1,553.2
317,1,car,0.2149,951.5,435.3,1022.5,480.2
317,1,car,0.1639,25.5,785.0,109.2,856.0
317,0,person,0.1551,1177.1,463.7,1194.0,505.4
317,1,car,0.1315,1008.2,547.4,1114.7,628.3
318,1,car,0.8232,406.2,764.9,576.0,867.6
318,2,large_vehicle,0.7478,1008.2,547.3,1114.2,628.3
318,1,car,0.6427,179.8,727.9,286.1,805.0
318,0,person,0.5609,1171.1,549.4,1189.9,600.7
318,2,large_vehicle,0.5213,25.6,785.0,109.2,856.0
318,1,car,0.4764,0.1,724.9,40.2,785.5
318,1,car,0.4237,556.0,501.0,648.2,553.2
318,4,other_vehicle,0.3954,1157.5,571.2,1206.5,605.3
318,2,large_vehicle,0.3692,0.1,724.9,40.2,785.5
318,2,large_vehicle,0.3284,951.6,435.4,1022.5,480.2
318,2,large_vehicle,0.2692,556.0,501.0,648.2,553.2
318,1,car,0.2048,951.6,435.4,1022.5,480.2
318,1,car,0.1588,25.6,785.0,109.2,856.0
318,1,car,0.1295,1008.2,547.3,1114.2,628.3
318,0,person,0.1031,1177.2,463.7,1194.1,505.3
319,1,car,0.7992,419.5,763.8,588.7,866.0
319,2,large_vehicle,0.7140,1001.0,550.4,1108.2,632.4
319,1,car,0.6656,171.3,728.9,275.2,805.1
319,1,car,0.6118,0.1,723.8,36.5,785.4
319,2,large_vehicle,0.5070,29.6,785.5,115.0,856.8
319,0,person,0.4461,1169.0,550.3,1187.6,600.4
319,2,large_vehicle,0.4341,951.5,435.7,1022.1,480.2
319,1,car,0.3771,559.3,500.6,646.8,553.1
319,2,large_vehicle,0.3591,559.3,500.6,646.8,553.1
319,4,other_vehicle,0.3555,1153.9,571.3,1200.4,605.4
319,1,car,0.2638,951.5,435.7,1022.1,480.2
319,2,large_vehicle,0.2516,0.1,723.8,36.5,785.4
319,1,car,0.2203,29.6,785.5,115.0,856.8
319,0,person,0.1947,1177.3,464.2,1193.5,505.3
319,1,car,0.1617,1001.0,550.4,1108.2,632.4
320,1,car,0.8010,419.6,763.9,588.6,865.9
320,2,large_vehicle,0.7163,1001.1,550.4,1108.6,632.1
320,1,car,0.6604,171.3,729.0,275.3,805.1
320,1,car,0.6174,0.1,724.1,36.4,785.3
320,2,large_vehicle,0.5219,29.6,785.5,115.0,856.8
320,0,person,0.4855,1169.0,550.0,1187.8,601.3
320,2,large_vehicle,0.4212,558.9,500.5,646.3,553.2
320,2,large_vehicle,0.4021,951.5,435.8,1022.0,480.2
320,4,other_vehicle,0.3717,1153.8,571.1,1201.9,605.5
320,1,car,0.3523,558.9,500.5,646.3,553.2
320,1,car,0.2687,951.5,435.8,1022.0,480.2
320,0,person,0.2612,1177.3,464.2,1193.5,505.2
320,2,large_vehicle,0.2528,0.1,724.1,36.4,785.3
320,1,car,0.2094,29.6,785.5,115.0,856.8
320,1,car,0.1631,1001.1,550.4,1108.6,632.1
320,4,other_vehicle,0.1576,1155.1,569.6,1195.5,603.2
321,1,car,0.8493,430.8,761.6,599.7,864.3
321,1,car,0.5582,163.1,731.3,264.1,805.9
321,0,person,0.5576,1166.8,549.8,1185.8,601.0
321,2,large_vehicle,0.5355,993.0,551.3,1102.2,632.2
321,1,car,0.5239,551.9,500.0,646.5,553.2
321,2,large_vehicle,0.5149,34.5,785.6,122.0,859.1
321,1,car,0.4444,0.0,719.8,33.7,784.5
321,2,large_vehicle,0.3711,950.2,436.0,1022.2,480.2
321,1,car,0.3667,993.0,551.3,1102.2,632.2
321,4,other_vehicle,0.3666,1152.2,569.8,1206.4,605.2
321,2,large_vehicle,0.3554,0.0,719.8,33.7,784.5
321,1,car,0.3054,950.2,436.0,1022.2,480.2
321,0,person,0.2963,1177.3,464.5,1193.2,505.6
321,2,large_vehicle,0.2648,551.9,500.0,646.5,553.2
321,4,other_vehicle,0.2387,1153.2,569.3,1195.7,602.8
321,1,car,0.1863,34.5,785.6,122.0,859.1
321,0,person,0.1606,1164.1,549.8,1184.7,600.1
322,1,car,0.8473,431.0,761.7,599.7,864.3
322,2,large_vehicle,0.5666,993.0,551.3,1102.6,632.3
322,0,person,0.5595,1166.8,549.7,1185.8,601.0
322,1,car,0.5559,163.1,731.3,264.2,805.9
322,1,car,0.5115,552.2,499.8,646.2,553.2
322,2,large_vehicle,0.4995,34.3,785.5,121.9,859.2
322,1,car,0.4454,0.0,719.8,33.6,784.5
322,4,other_vehicle,0.3617,1152.2,569.8,1206.4,605.2
322,2,large_vehicle,0.3520,0.0,719.8,33.6,784.5
322,1,car,0.3360,993.0,551.3,1102.6,632.3
322,0,person,0.3235,1177.2,464.6,1193.2,505.6
322,2,large_vehicle,0.3193,949.9,435.9,1022.2,480.3
322,2,large_vehicle,0.3057,552.2,499.8,646.2,553.2
322,1,car,0.2412,949.9,435.9,1022.2,480.3
322,4,other_vehicle,0.2047,1153.0,569.3,1195.2,602.7
322,1,car,0.1982,34.3,785.5,121.9,859.2
322,0,person,0.1667,1164.0,549.8,1184.7,600.2
322,2,large_vehicle,0.1533,950.6,435.8,1022.6,480.5
322,2,large_vehicle,0.1048,163.1,731.3,264.2,805.9
323,1,car,0.8498,430.7,761.7,599.8,864.3
323,1,car,0.5586,163.0,731.2,264.2,805.9
323,2,large_vehicle,0.5411,993.1,551.3,1102.8,632.2
323,0,person,0.5240,1166.9,549.8,1185.7,601.0
323,1,car,0.5119,553.4,500.4,646.7,553.2
323,2,large_vehicle,0.4985,34.5,785.6,122.0,859.1
323,1,car,0.4428,0.0,719.8,33.6,784.5
323,1,car,0.3596,993.1,551.3,1102.8,632.2
323,2,large_vehicle,0.3573,0.0,719.8,33.6,784.5
323,0,person,0.3463,1177.2,464.6,1193.1,505.3
323,4,other_vehicle,0.3442,1152.4,569.6,1206.5,605.2
323,2,large_vehicle,0.3099,950.4,436.0,1022.4,480.2
323,1,car,0.2711,950.4,436.0,1022.4,480.2
323,2,large_vehicle,0.2562,553.4,500.4,646.7,553.2
323,0,person,0.2297,1163.9,549.8,1184.8,600.3
323,1,car,0.1978,34.5,785.6,122.0,859.1
323,4,other_vehicle,0.1818,1153.3,569.0,1194.3,602.6
323,2,large_vehicle,0.1238,950.8,435.8,1022.8,480.5
324,1,car,0.8244,438.7,760.8,611.8,864.0
324,2,large_vehicle,0.7321,986.9,552.5,1097.7,636.8
324,1,car,0.6682,39.9,784.6,128.1,860.5
324,1,car,0.6597,153.9,730.0,254.5,805.9
324,0,person,0.5822,1163.4,549.5,1183.5,601.7
324,1,car,0.5719,555.6,500.9,646.5,553.2
324,1,car,0.5093,0.0,716.5,28.7,783.7
324,4,other_vehicle,0.3540,1151.2,569.9,1195.5,603.3
324,2,large_vehicle,0.3350,0.0,716.5,28.7,783.7
324,2,large_vehicle,0.3198,951.1,435.8,1022.3,480.3
324,4,other_vehicle,0.2791,1149.9,570.3,1201.8,605.0
324,0,person,0.2682,1177.3,464.3,1192.8,504.9
324,1,car,0.2642,951.1,435.8,1022.3,480.3
324,2,large_vehicle,0.2550,555.6,500.9,646.5,553.2
324,0,person,0.2362,1166.1,549.2,1184.7,602.4
324,1,car,0.1440,986.9,552.5,1097.7,636.8
325,1,car,0.8241,438.8,760.8,611.8,864.0
325,2,large_vehicle,0.7367,986.9,552.6,1097.7,636.8
325,1,car,0.6618,153.9,730.1,254.4,805.9
325,1,car,0.6451,39.9,784.7,128.1,860.5
325,0,person,0.5817,1163.4,549.5,1183.5,601.7
325,1,car,0.5795,555.8,500.9,646.7,553.2
325,1,car,0.5132,0.0,716.5,28.8,783.8
325,4,other_vehicle,0.3602,1151.2,570.0,1195.6,603.4
325,2,large_vehicle,0.3331,0.0,716.5,28.8,783.8
325,0,person,0.2802,1177.3,464.3,1192.8,505.0
325,2,large_vehicle,0.2801,951.6,435.8,1022.4,480.2
325,1,car,0.2770,951.6,435.8,1022.4,480.2
325,0,person,0.2372,1166.1,549.2,1184.7,602.5
325,2,large_vehicle,0.2303,555.8,500.9,646.7,553.2
325,4,other_vehicle,0.2225,1149.9,570.5,1201.3,604.9
325,1,car,0.1407,986.9,552.6,1097.7,636.8
326,1,car,0.7640,453.2,759.1,623.0,862.3
326,2,large_vehicle,0.6660,978.8,554.1,1084.7,638.3
326,0,person,0.6495,1160.7,549.0,1182.0,600.9
326,1,car,0.5391,554.9,500.9,646.8,553.2
326,2,large_vehicle,0.4770,44.6,785.9,134.0,862.1
326,4,other_vehicle,0.4541,1150.4,570.2,1191.6,602.5
326,1,car,0.4537,146.9,731.4,243.2,805.8
326,2,large_vehicle,0.3994,0.1,718.6,23.8,784.8
326,2,large_vehicle,0.3197,952.1,435.9,1022.6,480.1
326,1,car,0.2827,44.6,785.9,134.0,862.1
326,2,large_vehicle,0.2802,554.9,500.9,646.8,553.2
326,2,large_vehicle,0.2432,146.9,731.4,243.2,805.8
326,0,person,0.2431,1177.5,465.5,1192.0,505.1
326,1,car,0.2426,952.1,435.9,1022.6,480.1
326,1,car,0.2239,978.8,554.1,1084.7,638.3
326,1,car,0.2116,0.1,718.6,23.8,784.8
327,1,car,0.7638,453.2,759.1,623.0,862.3
327,2,large_vehicle,0.6649,978.9,554.1,1084.8,638.3
327,0,person,0.6499,1160.7,549.0,1181.9,600.9
327,1,car,0.5363,555.0,500.8,646.9,553.1
327,2,large_vehicle,0.4796,44.6,785.9,134.0,862.1
327,4,other_vehicle,0.4540,1150.4,570.2,1191.6,602.6
327,1,car,0.4534,146.9,731.4,243.2,805.8
327,2,large_vehicle,0.4007,0.1,718.6,23.8,784.8
327,2,large_vehicle,0.3311,952.1,435.9,1022.6,480.1
327,1,car,0.2806,44.6,785.9,134.0,862.1
327,2,large_vehicle,0.2789,555.0,500.8,646.9,553.1
327,1,car,0.2501,952.1,435.9,1022.6,480.1
327,2,large_vehicle,0.2417,146.9,731.4,243.2,805.8
327,0,person,0.2407,1177.5,465.5,1192.0,505.0
327,1,car,0.2251,978.9,554.1,1084.8,638.3
327,1,car,0.2106,0.1,718.6,23.8,784.8
328,1,car,0.7622,453.2,759.1,623.0,862.3
328,2,large_vehicle,0.6585,978.9,554.1,1084.7,638.3
328,0,person,0.6506,1160.7,549.0,1182.0,601.0
328,1,car,0.5636,555.0,501.1,647.1,553.1
328,2,large_vehicle,0.4693,44.6,785.9,134.0,862.0
328,4,other_vehicle,0.4538,1150.4,570.2,1191.6,602.6
328,1,car,0.4289,146.6,731.4,243.2,805.8
328,2,large_vehicle,0.3966,0.1,718.5,23.8,784.5
328,2,large_vehicle,0.3587,951.8,435.8,1022.8,480.1
328,1,car,0.2881,44.6,785.9,134.0,862.0
328,1,car,0.2542,951.8,435.8,1022.8,480.1
328,0,person,0.2503,1177.5,465.5,1192.0,505.1
328,2,large_vehicle,0.2435,555.0,501.1,647.1,553.1
328,1,car,0.2314,978.9,554.1,1084.7,638.3
328,2,large_vehicle,0.2229,146.6,731.4,243.2,805.8
328,1,car,0.2189,0.1,718.5,23.8,784.5
329,1,car,0.7407,463.7,756.2,634.0,859.7
329,2,large_vehicle,0.6466,47.2,787.2,141.6,863.2
329,2,large_vehicle,0.6159,971.2,554.6,1084.6,640.0
329,0,person,0.6128,1160.1,549.1,1180.4,600.6
329,1,car,0.4435,557.3,500.6,646.1,553.2
329,2,large_vehicle,0.3947,557.3,500.6,646.1,553.2
329,2,large_vehicle,0.3829,951.2,435.8,1022.1,480.2
329,1,car,0.3428,138.6,731.6,234.2,805.6
329,4,other_vehicle,0.2952,1149.6,569.8,1190.8,603.0
329,1,car,0.2805,951.2,435.8,1022.1,480.2
329,1,car,0.2767,971.2,554.6,1084.6,640.0
329,2,large_vehicle,0.2453,138.6,731.6,234.2,805.6
329,4,other_vehicle,0.2239,1148.8,571.6,1191.1,604.3
329,1,car,0.1978,47.2,787.2,141.6,863.2
329,2,large_vehicle,0.1870,0.0,715.9,17.7,786.9
329,0,person,0.1308,1177.5,465.2,1191.6,504.9
329,1,car,0.1151,0.0,715.9,17.7,786.9
330,1,car,0.7661,463.2,756.4,633.7,859.7
330,2,large_vehicle,0.6183,46.7,787.3,141.2,863.1
330,0,person,0.6156,1160.0,549.1,1180.4,600.6
330,2,large_vehicle,0.6059,971.2,554.7,1084.5,640.0
330,1,car,0.4969,557.5,500.8,646.1,553.1
330,2,large_vehicle,0.3495,951.2,435.9,1022.3,480.1
330,2,large_vehicle,0.3472,557.5,500.8,646.1,553.1
330,1,car,0.3427,138.8,731.5,234.2,805.5
330,1,car,0.3120,951.2,435.9,1022.3,480.1
330,1,car,0.2889,971.2,554.7,1084.5,640.0
330,4,other_vehicle,0.2735,1149.2,569.7,1190.9,603.0
330,2,large_vehicle,0.2462,138.8,731.5,234.2,805.5
330,4,other_vehicle,0.2356,1148.3,571.5,1191.2,604.3
330,1,car,0.2301,46.7,787.3,141.2,863.1
330,2,large_vehicle,0.1777,0.0,716.1,17.8,787.1
330,1,car,0.1203,0.0,716.1,17.8,787.1
330,0,person,0.1001,1177.6,464.9,1191.7,504.9
331,2,large_vehicle,0.7146,964.1,557.5,1079.0,643.3
331,1,car,0.7112,474.8,752.2,647.9,859.1
331,0,person,0.5723,1157.2,548.8,1178.1,600.4
331,1,car,0.5273,553.8,500.5,646.1,553.0
331,2,large_vehicle,0.4773,950.8,435.8,1022.1,480.2
331,2,large_vehicle,0.4750,50.6,787.4,148.6,865.3
331,4,other_vehicle,0.4080,1144.2,569.2,1188.3,603.6
331,1,car,0.3193,50.6,787.4,148.6,865.3
331,1,car,0.3138,131.6,730.7,225.3,804.5
331,2,large_vehicle,0.2838,553.8,500.5,646.1,553.0
331,1,car,0.1920,950.8,435.8,1022.1,480.2
331,0,person,0.1680,1177.2,464.4,1191.6,504.6
331,1,car,0.1580,964.1,557.5,1079.0,643.3
331,2,large_vehicle,0.1403,131.6,730.7,225.3,804.5
332,2,large_vehicle,0.7131,964.1,557.4,1078.8,643.2
332,1,car,0.7028,475.0,752.2,648.5,859.0
332,0,person,0.5807,1157.1,548.9,1178.2,600.6
332,1,car,0.5075,554.8,500.9,646.5,553.0
332,2,large_vehicle,0.4646,50.5,787.4,148.6,865.4
332,2,large_vehicle,0.4557,950.8,436.0,1022.1,480.2
332,4,other_vehicle,0.3354,1144.2,568.9,1188.3,603.5
332,1,car,0.3304,50.5,787.4,148.6,865.4
332,1,car,0.3296,131.6,730.8,225.1,804.5
332,2,large_vehicle,0.2706,554.8,500.9,646.5,553.0
332,0,person,0.2023,1177.1,464.5,1191.5,504.5
332,1,car,0.1867,950.8,436.0,1022.1,480.2
332,1,car,0.1589,964.1,557.4,1078.8,643.2
332,2,large_vehicle,0.1505,131.6,730.8,225.1,804.5
333,2,large_vehicle,0.7145,964.1,557.4,1078.9,643.2
333,1,car,0.7003,475.0,752.2,648.5,859.0
333,0,person,0.5844,1157.3,548.9,1178.2,600.5
333,1,car,0.5338,555.0,501.0,646.6,553.0
333,2,large_vehicle,0.4595,50.6,787.4,148.6,865.3
333,2,large_vehicle,0.4561,950.8,436.0,1022.1,480.2
333,4,other_vehicle,0.4051,1144.3,569.3,1188.5,603.6
333,1,car,0.3351,50.6,787.4,148.6,865.3
333,1,car,0.3319,131.6,730.8,225.1,804.5
333,2,large_vehicle,0.2519,555.0,501.0,646.6,553.0
333,1,car,0.1938,950.8,436.0,1022.1,480.2
333,0,person,0.1864,1177.1,464.7,1191.5,504.5
333,1,car,0.1620,964.1,557.4,1078.9,643.2
333,2,large_vehicle,0.1470,131.6,730.8,225.1,804.5
334,1,car,0.7625,489.2,750.5,659.4,856.5
334,1,car,0.6529,555.7,501.0,646.4,552.9
334,2,large_vehicle,0.5779,955.4,559.1,1069.2,645.0
334,1,car,0.5304,55.1,787.6,155.7,866.8
334,1,car,0.5161,123.6,731.7,216.1,805.1
334,0,person,0.5082,1156.8,548.3,1176.6,599.8
334,4,other_vehicle,0.4157,1143.4,569.8,1187.1,603.1
334,2,large_vehicle,0.3216,951.4,435.8,1022.1,480.0
334,0,person,0.2980,1176.8,464.1,1191.2,504.2
334,1,car,0.2667,951.4,435.8,1022.1,480.0
334,1,car,0.2615,955.4,559.1,1069.2,645.0
334,2,large_vehicle,0.2314,555.7,501.0,646.4,552.9
334,3,motorcycle,0.2104,1143.4,569.8,1187.1,603.1
334,0,person,0.1779,1152.3,549.1,1175.7,599.0
334,2,large_vehicle,0.1515,55.1,787.6,155.7,866.8
335,1,car,0.7658,489.2,750.5,659.4,856.5
335,1,car,0.6757,555.8,501.2,646.4,552.9
335,2,large_vehicle,0.5614,955.4,559.2,1069.0,644.9
335,1,car,0.5390,55.1,787.6,155.7,866.9
335,1,car,0.5158,123.6,731.7,216.1,805.1
335,0,person,0.5109,1156.9,548.2,1176.6,599.6
335,4,other_vehicle,0.4257,1143.4,569.8,1186.9,603.1
335,2,large_vehicle,0.3623,951.4,435.5,1022.3,479.9
335,0,person,0.2911,1176.9,464.1,1191.1,503.8
335,1,car,0.2750,951.4,435.5,1022.3,479.9
335,1,car,0.2723,955.4,559.2,1069.0,644.9
335,2,large_vehicle,0.1969,555.8,501.2,646.4,552.9
335,0,person,0.1722,1152.3,549.0,1175.7,598.9
335,3,motorcycle,0.1721,1143.4,569.8,1186.9,603.1
335,2,large_vehicle,0.1509,55.1,787.6,155.7,866.9
336,1,car,0.8188,498.5,746.8,677.4,855.4
336,1,car,0.6748,557.1,501.4,646.8,553.0
336,2,large_vehicle,0.4769,947.9,561.0,1062.2,647.9
336,0,person,0.4495,1155.2,548.4,1174.8,599.1
336,2,large_vehicle,0.4154,62.8,787.7,162.7,868.6
336,1,car,0.3891,947.9,561.0,1062.2,647.9
336,4,other_vehicle,0.3715,1141.3,568.2,1186.1,602.3
336,0,person,0.3562,1151.4,548.6,1174.0,598.7
336,4,other_vehicle,0.3447,1142.6,569.0,1184.7,601.1
336,0,person,0.3320,1176.5,463.9,1190.6,503.6
336,1,car,0.3231,116.5,731.9,206.4,804.3
336,2,large_vehicle,0.3174,951.8,435.5,1022.4,479.9
336,1,car,0.3090,951.8,435.5,1022.4,479.9
336,1,car,0.3055,62.8,787.7,162.7,868.6
336,2,large_vehicle,0.1502,557.1,501.4,646.8,553.0
337,1,car,0.8213,498.2,747.0,677.4,855.5
337,1,car,0.6389,556.8,501.5,647.3,552.9
337,2,large_vehicle,0.4671,948.0,561.0,1062.1,647.9
337,4,other_vehicle,0.4473,1142.4,569.1,1184.7,601.1
337,0,person,0.4445,1155.3,548.5,1174.7,599.2
337,2,large_vehicle,0.4247,62.7,787.7,162.7,868.6
337,1,car,0.3951,948.0,561.0,1062.1,647.9
337,0,person,0.3587,1151.4,548.8,1174.0,598.8
337,0,person,0.3320,1176.5,463.9,1190.6,503.7
337,1,car,0.3248,116.5,731.9,206.4,804.4
337,2,large_vehicle,0.3144,951.8,435.4,1022.5,479.9
337,1,car,0.3075,951.8,435.4,1022.5,479.9
337,1,car,0.2979,62.7,787.7,162.7,868.6
337,2,large_vehicle,0.1705,556.8,501.5,647.3,552.9
337,4,other_vehicle,0.1337,1141.1,568.2,1186.0,602.3
338,1,car,0.8162,498.4,746.8,677.1,855.5
338,1,car,0.6390,556.8,501.3,646.9,552.9
338,2,large_vehicle,0.4672,948.0,561.0,1062.3,647.8
338,0,person,0.4635,1155.3,548.6,1174.8,599.0
338,2,large_vehicle,0.4173,62.6,787.7,162.7,868.5
338,4,other_vehicle,0.4032,1141.5,568.3,1185.8,602.3
338,1,car,0.3983,948.0,561.0,1062.3,647.8
338,0,person,0.3554,1176.5,463.9,1190.5,503.4
338,0,person,0.3323,1151.4,548.9,1174.0,598.6
338,2,large_vehicle,0.3317,951.7,435.6,1022.2,480.0
338,4,other_vehicle,0.3275,1142.7,569.1,1184.6,601.1
338,1,car,0.3175,116.5,731.8,206.4,804.3
338,1,car,0.3101,951.7,435.6,1022.2,480.0
338,1,car,0.2989,62.6,787.7,162.7,868.5
338,2,large_vehicle,0.1751,556.8,501.3,646.9,552.9
338,0,person,0.1275,1192.7,553.0,1209.5,594.0
339,1,car,0.8165,511.0,746.1,680.8,852.1
339,4,other_vehicle,0.6387,1139.7,569.5,1183.3,601.4
339,1,car,0.4996,560.0,501.7,646.3,552.8
339,1,car,0.4783,939.9,563.2,1056.1,650.4
339,0,person,0.4364,1154.9,547.1,1173.6,598.5
339,2,large_vehicle,0.4258,939.9,563.2,1056.1,650.4
339,0,person,0.4101,1151.3,547.6,1172.3,598.5
339,2,large_vehicle,0.3881,952.2,435.6,1022.2,480.0
339,2,large_vehicle,0.3588,48.7,787.4,170.3,870.4
339,2,large_vehicle,0.3130,560.0,501.7,646.3,552.8
339,1,car,0.3127,48.7,787.4,170.3,870.4
339,0,person,0.2797,1176.2,464.0,1190.2,504.1
339,1,car,0.2650,952.2,435.6,1022.2,480.0
339,0,person,0.1850,1192.3,553.4,1209.4,594.0
339,1,car,0.1417,565.6,501.7,647.1,552.4
339,1,car,0.1338,109.9,731.8,196.9,804.9
339,2,large_vehicle,0.1298,565.6,501.7,647.1,552.4
340,1,car,0.8192,511.0,746.1,680.5,852.1
340,4,other_vehicle,0.6325,1139.4,569.6,1183.0,601.4
340,1,car,0.5573,559.1,501.8,646.3,552.8
340,1,car,0.4996,939.9,563.3,1056.8,650.4
340,0,person,0.4308,1155.0,547.2,1173.6,598.7
340,0,person,0.4042,1151.3,547.6,1172.3,598.6
340,2,large_vehicle,0.4034,939.9,563.3,1056.8,650.4
340,2,large_vehicle,0.3802,952.2,435.7,1022.2,479.9
340,2,large_vehicle,0.3406,52.3,787.4,170.0,870.3
340,1,car,0.3095,52.3,787.4,170.0,870.3
340,0,person,0.2937,1176.2,464.0,1190.2,504.1
340,1,car,0.2813,952.2,435.7,1022.2,479.9
340,2,large_vehicle,0.2792,559.1,501.8,646.3,552.8
340,0,person,0.2244,1192.3,553.5,1209.4,593.9
340,1,car,0.1551,109.9,731.8,196.8,804.8
340,1,car,0.1394,565.2,501.8,647.0,552.4
340,2,large_vehicle,0.1011,565.2,501.8,647.0,552.4
341,1,car,0.8184,522.3,742.3,692.6,850.8
341,1,car,0.6922,556.4,501.2,646.3,552.7
341,0,person,0.5841,1150.2,547.4,1170.8,599.2
341,4,other_vehicle,0.5225,1139.0,569.6,1180.0,600.6
341,1,car,0.4680,931.7,563.8,1049.5,652.3
341,1,car,0.4597,47.5,787.6,178.3,871.3
341,1,car,0.4550,950.6,435.5,1022.0,480.0
341,2,large_vehicle,0.3315,931.7,563.8,1049.5,652.3
341,1,car,0.3094,101.1,731.1,186.8,802.7
341,2,large_vehicle,0.2561,950.6,435.5,1022.0,480.0
341,0,person,0.2052,1192.4,552.1,1209.9,593.6
341,2,large_vehicle,0.1904,47.5,787.6,178.3,871.3
341,0,person,0.1558,1176.3,463.4,1190.2,505.0
341,0,person,0.1539,1154.2,547.0,1173.0,599.2
341,2,large_vehicle,0.1154,556.4,501.2,646.3,552.7
342,1,car,0.8166,522.5,742.4,694.6,850.9
342,1,car,0.7084,556.6,501.3,646.7,552.8
342,0,person,0.5979,1150.0,547.4,1170.9,599.1
342,4,other_vehicle,0.5872,1138.2,569.5,1180.3,600.8
342,1,car,0.4623,950.3,435.4,1022.0,480.0
342,1,car,0.4588,54.2,787.7,178.2,871.0
342,1,car,0.4549,931.7,563.8,1049.7,652.3
342,2,large_vehicle,0.3380,931.7,563.8,1049.7,652.3
342,1,car,0.3342,101.0,731.1,186.8,802.6
342,2,large_vehicle,0.2707,950.3,435.4,1022.0,480.0
342,2,large_vehicle,0.1718,54.2,787.7,178.2,871.0
342,0,person,0.1546,1192.3,552.2,1209.9,593.6
342,0,person,0.1425,1176.4,463.4,1190.3,504.9
342,0,person,0.1424,1154.0,547.1,1173.2,599.2
343,1,car,0.8316,534.1,742.4,702.6,847.8
343,1,car,0.7393,557.1,501.3,646.5,552.8
343,0,person,0.6015,1150.0,546.9,1170.2,599.7
343,1,car,0.5108,951.0,435.6,1022.4,479.8
343,4,other_vehicle,0.4759,1136.9,568.0,1178.8,601.0
343,1,car,0.4240,69.7,787.8,185.1,871.8
343,2,large_vehicle,0.3815,922.9,566.1,1038.3,654.1
343,1,car,0.3771,922.9,566.1,1038.3,654.1
343,2,large_vehicle,0.2591,69.7,787.8,185.1,871.8
343,2,large_vehicle,0.2081,951.0,435.6,1022.4,479.8
343,1,car,0.2070,94.9,732.6,178.5,799.9
343,0,person,0.1168,1192.4,552.4,1210.1,593.3
343,1,car,0.1087,1280.3,624.3,1342.0,704.7
343,2,large_vehicle,0.1030,557.1,501.3,646.5,552.8
344,1,car,0.8288,534.1,742.6,702.6,847.8
344,1,car,0.7406,558.2,501.6,646.3,552.8
344,0,person,0.5861,1150.3,546.6,1170.1,600.0
344,1,car,0.4858,951.4,435.6,1022.5,479.7
344,2,large_vehicle,0.3880,922.9,566.1,1038.3,654.1
344,1,car,0.3821,71.5,787.8,185.2,871.9
344,1,car,0.3640,922.9,566.1,1038.3,654.1
344,2,large_vehicle,0.2635,71.5,787.8,185.2,871.9
344,1,car,0.2187,94.9,732.6,178.5,800.0
344,2,large_vehicle,0.2007,951.4,435.6,1022.5,479.7
344,4,other_vehicle,0.1669,1136.6,569.4,1179.9,602.7
344,1,car,0.1524,1280.4,623.9,1342.0,704.4
344,1,car,0.1485,562.4,501.7,646.9,552.3
344,4,other_vehicle,0.1341,1137.9,564.9,1178.1,600.6
344,1,car,0.1232,1217.4,575.7,1341.5,647.9
344,0,person,0.1171,1175.7,463.0,1189.8,504.7
344,0,person,0.1126,1192.3,552.9,1209.9,593.4
345,1,car,0.8203,546.8,738.9,714.9,846.4
345,1,car,0.6109,86.1,787.7,193.0,871.7
345,0,person,0.5714,1147.6,546.2,1168.7,600.0
345,2,large_vehicle,0.5359,914.4,567.9,1030.0,656.9
345,1,car,0.4660,562.2,503.0,647.1,552.4
345,1,car,0.4600,558.3,503.0,646.3,552.8
345,1,car,0.4464,951.7,435.4,1022.6,479.6
345,1,car,0.3516,914.4,567.9,1030.0,656.9
345,4,other_vehicle,0.2684,1135.1,565.7,1174.7,600.1
345,0,person,0.2659,1175.1,462.8,1189.2,504.7
345,2,large_vehicle,0.2273,951.7,435.4,1022.6,479.6
345,4,other_vehicle,0.1891,1134.1,569.2,1177.5,603.1
345,1,car,0.1490,88.9,732.6,170.0,798.6
345,0,person,0.1277,1192.3,552.7,1209.9,593.2
345,1,car,0.1097,1217.1,575.8,1341.4,648.1
345,2,large_vehicle,0.1084,86.1,787.7,193.0,871.7
346,1,car,0.8212,546.8,739.0,714.8,846.3
346,1,car,0.5979,86.1,787.7,193.0,871.6
346,0,person,0.5702,1147.7,546.3,1168.7,600.0
346,1,car,0.5441,558.2,502.9,646.2,552.8
346,2,large_vehicle,0.5220,914.4,568.0,1030.1,656.8
346,1,car,0.4655,951.6,435.5,1022.6,479.6
346,1,car,0.4469,562.2,502.9,647.2,552.4
346,1,car,0.3670,914.4,568.0,1030.1,656.8
346,0,person,0.2705,1175.1,462.7,1189.2,504.6
346,4,other_vehicle,0.2569,1135.3,565.7,1174.5,600.0
346,2,large_vehicle,0.2166,951.6,435.5,1022.6,479.6
346,4,other_vehicle,0.1822,1134.3,569.3,1177.5,603.0
346,1,car,0.1447,89.0,732.6,170.0,798.4
346,0,person,0.1235,1192.1,552.7,1209.9,593.2
346,2,large_vehicle,0.1230,86.1,787.7,193.0,871.6
346,1,car,0.1159,1217.2,576.2,1341.3,647.9
346,1,car,0.1080,1280.3,623.5,1342.0,704.6
347,1,car,0.8190,546.8,738.9,714.9,846.4
347,1,car,0.6108,86.3,787.7,193.0,871.9
347,0,person,0.5876,1147.5,546.2,1168.8,599.8
347,1,car,0.5697,558.7,502.7,646.4,552.8
347,2,large_vehicle,0.5175,914.4,567.9,1030.0,656.8
347,1,car,0.4345,951.8,435.4,1022.6,479.6
347,1,car,0.3965,562.6,502.7,647.3,552.4
347,1,car,0.3674,914.4,567.9,1030.0,656.8
347,0,person,0.2638,1175.1,462.7,1189.3,504.7
347,2,large_vehicle,0.2305,951.8,435.4,1022.6,479.6
347,4,other_vehicle,0.1743,1137.5,564.9,1173.0,599.5
347,0,person,0.1714,1192.2,552.6,1209.8,593.2
347,4,other_vehicle,0.1552,1136.0,568.6,1177.5,603.1
347,1,car,0.1422,88.9,732.6,170.0,798.7
347,2,large_vehicle,0.1154,86.3,787.7,193.0,871.9
347,1,car,0.1018,1280.3,623.1,1342.0,704.5
347,1,car,0.1016,1217.3,574.8,1341.7,647.9
348,1,car,0.7792,557.1,735.7,727.0,843.6
348,1,car,0.7131,92.5,788.1,200.7,874.4
348,1,car,0.6474,905.7,570.9,1022.3,656.4
348,0,person,0.5377,1147.0,545.4,1166.1,597.7
348,1,car,0.4911,560.0,502.0,646.2,552.5
348,1,car,0.3932,952.0,435.7,1022.3,479.6
348,4,other_vehicle,0.3693,1135.2,563.5,1174.4,599.9
348,0,person,0.3583,1174.8,462.6,1188.8,504.6
348,1,car,0.3353,566.0,502.1,647.3,552.2
348,1,car,0.2972,82.3,733.3,161.7,801.8
348,2,large_vehicle,0.2558,952.0,435.7,1022.3,479.6
348,2,large_vehicle,0.1610,905.7,570.9,1022.3,656.4
348,2,large_vehicle,0.1571,566.0,502.1,647.3,552.2
348,4,other_vehicle,0.1529,82.3,733.3,161.7,801.8
348,2,large_vehicle,0.1469,82.3,733.3,161.7,801.8
348,0,person,0.1460,1192.6,552.6,1209.8,592.9
348,2,large_vehicle,0.1411,560.0,502.0,646.2,552.5
348,1,car,0.1037,1217.5,574.5,1341.7,647.5
348,1,car,0.1019,1280.3,623.5,1342.0,704.2
348,0,person,0.1006,1140.9,545.4,1164.5,596.1
349,1,car,0.7779,557.1,735.8,727.2,843.6
349,1,car,0.6996,92.5,788.1,200.6,874.4
349,1,car,0.6427,905.7,571.0,1022.4,656.5
349,0,person,0.5234,1147.1,545.3,1166.2,597.6
349,1,car,0.5202,559.7,502.1,646.3,552.5
349,4,other_vehicle,0.3838,1135.2,563.5,1174.4,599.9
349,1,car,0.3748,952.0,435.7,1022.3,479.6
349,0,person,0.3580,1174.8,462.6,1188.8,504.6
349,1,car,0.3248,565.8,502.1,647.5,552.2
349,1,car,0.3016,82.3,733.3,161.6,801.9
349,2,large_vehicle,0.2629,952.0,435.7,1022.3,479.6
349,2,large_vehicle,0.1664,905.7,571.0,1022.4,656.5
349,0,person,0.1625,1192.5,552.6,1209.7,592.9
349,2,large_vehicle,0.1584,82.3,733.3,161.6,801.9
349,2,large_vehicle,0.1463,565.8,502.1,647.5,552.2
349,2,large_vehicle,0.1427,559.7,502.1,646.3,552.5
349,4,other_vehicle,0.1118,82.3,733.3,161.6,801.9
349,1,car,0.1100,1280.3,623.1,1342.0,704.3
349,0,person,0.1055,1140.9,545.2,1164.6,595.9
349,1,car,0.1016,1217.5,573.9,1341.7,647.4
350,1,car,0.7698,98.5,787.8,209.1,874.3
350,1,car,0.7649,556.0,502.7,646.3,552.8
350,1,car,0.7371,569.1,731.9,738.6,840.6
350,1,car,0.6897,896.2,572.8,1016.9,661.5
350,1,car,0.5318,76.0,734.7,157.7,799.1
350,0,person,0.4442,1145.3,545.7,1164.9,597.6
350,0,person,0.4267,1174.4,462.7,1188.8,504.7
350,1,car,0.3282,950.9,435.8,1020.1,479.8
350,4,other_vehicle,0.3094,1132.9,561.5,1174.6,599.2
350,0,person,0.2391,1139.9,545.3,1163.6,596.8
350,2,large_vehicle,0.2347,950.9,435.8,1020.1,479.8
350,1,car,0.1679,561.4,502.7,647.0,552.3
350,2,large_vehicle,0.1618,896.2,572.8,1016.9,661.5
350,0,person,0.1337,1192.5,552.1,1209.8,592.8
350,1,car,0.1292,1280.3,623.6,1342.0,704.2
350,1,car,0.1135,1217.6,573.5,1341.9,647.7
351,1,car,0.7685,98.5,787.8,209.0,874.3
351,1,car,0.7624,556.0,502.8,646.3,552.8
351,1,car,0.7379,569.1,731.9,738.7,840.6
351,1,car,0.6873,896.3,572.8,1016.8,661.5
351,1,car,0.5318,75.9,734.7,157.7,799.1
351,0,person,0.4506,1174.4,462.6,1188.8,504.7
351,0,person,0.4446,1145.3,545.7,1164.8,597.5
351,1,car,0.3255,951.0,435.8,1020.2,479.8
351,4,other_vehicle,0.3107,1132.9,561.6,1174.6,599.2
351,2,large_vehicle,0.2502,951.0,435.8,1020.2,479.8
351,0,person,0.2388,1140.0,545.4,1163.6,596.8
351,1,car,0.2100,561.5,502.8,647.0,552.4
351,2,large_vehicle,0.1648,896.3,572.8,1016.8,661.5
351,0,person,0.1444,1192.5,552.3,1209.8,592.7
351,1,car,0.1259,1280.3,623.8,1342.0,704.2
351,1,car,0.1085,1217.5,573.5,1341.9,647.7
352,1,car,0.7671,555.9,502.6,646.3,552.9
352,1,car,0.7667,98.5,787.8,209.1,874.2
352,1,car,0.7304,569.2,731.9,738.4,840.6
352,1,car,0.6946,896.1,572.8,1016.8,661.5
352,1,car,0.5330,76.0,734.8,157.7,799.1
352,0,person,0.4389,1145.3,545.7,1164.9,597.5
352,0,person,0.4226,1174.4,462.8,1188.8,504.7
352,1,car,0.3134,951.0,435.8,1020.1,479.8
352,4,other_vehicle,0.2912,1133.1,561.4,1174.4,599.3
352,2,large_vehicle,0.2470,951.0,435.8,1020.1,479.8
352,0,person,0.2365,1139.9,545.3,1163.6,596.8
352,2,large_vehicle,0.1636,896.1,572.8,1016.8,661.5
352,1,car,0.1613,561.3,502.6,647.0,552.4
352,1,car,0.1426,1280.4,623.1,1342.0,704.2
352,0,person,0.1383,1192.4,552.2,1209.7,592.8
352,1,car,0.1292,1217.4,573.9,1341.8,647.8
353,1,car,0.8430,579.8,730.6,759.3,839.0
353,1,car,0.7996,106.1,788.8,217.6,874.9
353,1,car,0.7511,557.9,502.7,646.7,552.7
353,1,car,0.7432,887.2,573.8,1009.1,662.4
353,4,other_vehicle,0.5533,1128.7,562.8,1172.3,598.1
353,0,person,0.4965,1174.2,462.2,1188.6,503.4
353,1,car,0.4926,562.6,502.7,647.3,552.3
353,0,person,0.4286,1139.0,544.6,1162.3,594.2
353,1,car,0.4095,951.4,435.8,1020.4,479.4
353,0,person,0.2286,1143.0,544.5,1163.7,594.7
353,2,large_vehicle,0.2005,951.4,435.8,1020.4,479.4
353,1,car,0.1258,1280.5,622.7,1342.0,704.2
353,2,large_vehicle,0.1109,887.2,573.8,1009.1,662.4
353,0,person,0.1087,1192.6,551.1,1210.5,592.3
354,1,car,0.8332,579.8,730.3,756.5,839.1
354,1,car,0.7987,106.2,788.6,217.6,875.0
354,1,car,0.7574,558.2,502.6,646.7,552.7
354,1,car,0.7414,887.1,574.0,1010.3,662.7
354,4,other_vehicle,0.5325,1129.5,563.0,1172.3,598.3
354,1,car,0.4624,562.6,502.7,647.3,552.3
354,0,person,0.4539,1174.1,462.2,1188.6,503.4
354,1,car,0.4378,951.0,435.9,1020.4,479.5
354,0,person,0.4246,1139.1,544.5,1162.4,594.1
354,0,person,0.2447,1143.0,544.5,1163.8,594.7
354,2,large_vehicle,0.2071,951.0,435.9,1020.4,479.5
354,1,car,0.1214,1280.5,622.6,1342.0,704.2
354,2,large_vehicle,0.1214,887.1,574.0,1010.3,662.7
355,1,car,0.8287,588.6,728.7,767.8,835.2
355,1,car,0.7994,113.0,789.1,226.8,875.8
355,1,car,0.7752,556.7,503.0,646.7,552.6
355,1,car,0.6845,878.5,576.1,998.3,660.0
355,4,other_vehicle,0.5388,63.6,735.8,140.0,799.9
355,0,person,0.4904,1139.7,544.8,1160.2,595.9
355,0,person,0.4222,1174.0,462.5,1188.2,503.3
355,4,other_vehicle,0.3866,1128.5,562.6,1170.9,598.2
355,1,car,0.3635,952.0,435.9,1021.3,479.4
355,2,large_vehicle,0.1804,952.0,435.9,1021.3,479.4
355,1,car,0.1733,560.5,502.9,647.3,552.2
355,0,person,0.1210,1142.9,544.5,1162.6,595.7
355,0,person,0.1074,1192.7,551.7,1210.1,592.0
355,2,large_vehicle,0.1008,878.5,576.1,998.3,660.0
356,1,car,0.8300,588.6,728.7,767.7,835.3
356,1,car,0.8061,113.0,789.1,226.8,875.8
356,1,car,0.7583,557.1,502.7,646.5,552.5
356,1,car,0.6807,878.5,576.1,998.3,660.1
356,4,other_vehicle,0.5273,63.4,735.9,140.0,799.8
356,0,person,0.4929,1139.6,544.5,1160.2,595.9
356,0,person,0.4381,1173.9,462.5,1188.2,503.4
356,4,other_vehicle,0.3443,1129.0,561.7,1170.6,598.2
356,1,car,0.3423,952.0,435.6,1021.6,479.4
356,2,large_vehicle,0.1728,952.0,435.6,1021.6,479.4
356,0,person,0.1344,1192.7,551.5,1210.0,592.0
356,0,person,0.1133,1142.9,544.3,1162.7,595.7
356,2,large_vehicle,0.1057,878.5,576.1,998.3,660.1
356,1,car,0.1027,560.9,502.6,647.2,552.2
357,1,car,0.8289,588.7,728.7,767.9,835.3
357,1,car,0.8051,113.0,789.1,226.8,875.8
357,1,car,0.7572,556.6,502.5,646.9,552.5
357,1,car,0.6795,878.5,576.1,998.3,660.0
357,4,other_vehicle,0.5339,63.4,735.9,140.0,799.8
357,0,person,0.5029,1139.7,544.5,1160.2,595.8
357,0,person,0.4541,1174.0,462.4,1188.2,503.1
357,4,other_vehicle,0.3438,1128.9,561.8,1170.4,598.2
357,1,car,0.3239,952.0,435.8,1021.2,479.5
357,2,large_vehicle,0.1704,952.0,435.8,1021.2,479.5
357,0,person,0.1373,1192.7,551.2,1210.0,592.0
357,2,large_vehicle,0.1065,878.5,576.1,998.3,660.0
357,0,person,0.1003,1142.9,544.3,1162.6,595.7
358,1,car,0.8776,603.6,726.7,775.2,833.1
358,1,car,0.8067,119.2,789.2,234.4,876.0
358,1,car,0.6813,557.8,501.6,646.8,552.6
358,1,car,0.6273,868.0,575.5,994.1,667.8
358,4,other_vehicle,0.5973,57.3,735.8,131.9,800.3
358,4,other_vehicle,0.5281,1126.8,564.7,1169.9,598.3
358,0,person,0.5272,1138.6,544.3,1158.9,594.7
358,0,person,0.4002,1173.6,462.8,1187.8,503.1
358,1,car,0.2937,952.1,435.6,1021.3,479.5
358,2,large_vehicle,0.2004,868.0,575.5,994.1,667.8
358,2,large_vehicle,0.1659,952.1,435.6,1021.3,479.5
358,2,large_vehicle,0.1481,557.8,501.6,646.8,552.6
358,1,car,0.1185,564.0,501.8,648.2,552.3
358,1,car,0.1121,1280.3,623.7,1342.0,703.8
358,0,person,0.1112,1192.5,549.9,1210.3,591.7
359,1,car,0.8770,603.7,726.7,775.2,833.1
359,1,car,0.8075,119.1,789.1,234.4,875.9
359,1,car,0.6314,559.2,501.6,647.0,552.7
359,1,car,0.6186,867.9,575.6,993.9,667.8
359,4,other_vehicle,0.6026,57.3,735.8,131.8,800.4
359,0,person,0.5189,1138.6,544.3,1158.9,594.6
359,4,other_vehicle,0.4835,1126.8,564.5,1169.8,598.3
359,0,person,0.3660,1173.6,462.8,1187.8,503.1
359,1,car,0.3179,952.0,435.4,1021.4,479.6
359,2,large_vehicle,0.2088,867.9,575.6,993.9,667.8
359,2,large_vehicle,0.1949,952.0,435.4,1021.4,479.6
359,2,large_vehicle,0.1783,559.2,501.6,647.0,552.7
359,1,car,0.1603,564.7,501.8,648.2,552.2
359,0,person,0.1036,61.2,752.9,85.6,789.7
360,1,car,0.8652,615.3,724.5,785.5,829.6
360,1,car,0.7477,554.9,501.6,646.7,552.8
360,1,car,0.7438,126.5,789.2,243.4,876.1
360,1,car,0.7124,858.6,581.4,986.1,670.3
360,4,other_vehicle,0.5675,1123.2,564.8,1167.4,597.6
360,0,person,0.5615,1137.5,544.4,1157.0,594.8
360,4,other_vehicle,0.5301,50.9,734.9,124.0,799.6
360,1,car,0.3325,951.3,435.5,1020.8,479.7
360,3,motorcycle,0.3267,52.1,759.1,104.9,801.1
360,0,person,0.3246,1173.3,463.5,1187.6,503.3
360,2,large_vehicle,0.2441,951.3,435.5,1020.8,479.7
360,0,person,0.1578,1192.5,551.5,1210.0,591.7
360,2,large_vehicle,0.1413,858.6,581.4,986.1,670.3
360,3,motorcycle,0.1252,50.9,734.9,124.0,799.6
360,2,large_vehicle,0.1174,126.5,789.2,243.4,876.1
360,0,person,0.1159,60.9,744.8,86.1,783.1
360,2,large_vehicle,0.1086,554.9,501.6,646.7,552.8
361,1,car,0.8657,615.3,724.5,785.7,829.6
361,1,car,0.7522,554.8,501.5,646.7,552.9
361,1,car,0.7485,126.4,789.2,243.4,876.1
361,1,car,0.7108,858.6,581.4,986.2,670.2
361,0,person,0.5589,1137.5,544.5,1156.9,594.7
361,4,other_vehicle,0.5575,1123.2,564.9,1167.4,597.6
361,4,other_vehicle,0.5218,50.8,734.9,124.0,799.6
361,1,car,0.3409,951.3,435.4,1021.0,479.7
361,0,person,0.3346,1173.3,463.4,1187.6,503.4
361,3,motorcycle,0.3252,52.0,759.2,104.9,801.1
361,2,large_vehicle,0.2400,951.3,435.4,1021.0,479.7
361,2,large_vehicle,0.1427,858.6,581.4,986.2,670.2
361,0,person,0.1393,1192.5,551.4,1210.1,591.7
361,3,motorcycle,0.1275,50.8,734.9,124.0,799.6
361,0,person,0.1136,60.9,745.0,86.1,783.0
361,2,large_vehicle,0.1113,126.4,789.2,243.4,876.1
361,1,car,0.1042,1280.3,623.6,1342.0,703.5
361,2,large_vehicle,0.1015,554.8,501.5,646.7,552.9
362,1,car,0.8650,615.3,724.5,785.5,829.6
362,1,car,0.7507,555.2,501.7,646.5,552.8
362,1,car,0.7442,126.5,789.2,243.4,876.1
362,1,car,0.7141,858.5,581.4,986.2,670.5
362,4,other_vehicle,0.5667,1123.6,564.7,1167.3,597.6
362,0,person,0.5600,1137.4,544.4,1156.9,594.7
362,4,other_vehicle,0.5344,50.9,734.9,124.0,799.6
362,1,car,0.3565,951.1,435.2,1021.0,479.7
362,0,person,0.3168,1173.2,463.3,1187.6,503.4
362,3,motorcycle,0.3146,52.1,759.2,104.9,801.1
362,2,large_vehicle,0.2179,951.1,435.2,1021.0,479.7
362,0,person,0.1524,1192.4,551.0,1210.2,592.0
362,2,large_vehicle,0.1419,858.5,581.4,986.2,670.5
362,3,motorcycle,0.1188,50.9,734.9,124.0,799.6
362,2,large_vehicle,0.1177,126.5,789.2,243.4,876.1
362,0,person,0.1084,60.9,745.2,86.0,782.8
362,2,large_vehicle,0.1029,555.2,501.7,646.5,552.8
362,1,car,0.1004,1280.2,624.0,1342.0,703.6
363,1,car,0.8418,133.1,789.0,253.1,877.4
363,1,car,0.8281,625.7,720.8,800.1,826.5
363,1,car,0.7506,556.6,501.4,647.0,552.7
363,1,car,0.6897,848.7,583.5,976.7,676.1
363,4,other_vehicle,0.5335,45.2,736.6,117.5,799.1
363,0,person,0.5193,1135.4,544.2,1155.5,594.3
363,4,other_vehicle,0.4899,1121.8,563.3,1165.9,597.6
363,3,motorcycle,0.3546,46.1,760.3,99.8,799.5
363,1,car,0.3280,951.2,435.2,1021.3,479.5
363,0,person,0.3033,1172.7,462.8,1187.3,503.5
363,2,large_vehicle,0.1941,951.2,435.2,1021.3,479.5
363,2,large_vehicle,0.1737,848.7,583.5,976.7,676.1
363,0,person,0.1501,57.0,752.9,82.1,790.9
363,0,person,0.1102,1192.4,549.5,1210.6,591.9
364,1,car,0.8448,133.2,789.0,253.1,877.4
364,1,car,0.8287,625.7,720.9,800.0,826.5
364,1,car,0.7363,556.5,501.2,647.1,552.6
364,1,car,0.7061,848.7,583.5,976.6,675.9
364,4,other_vehicle,0.5496,45.1,736.5,117.5,799.1
364,0,person,0.5175,1135.5,544.5,1155.3,594.3
364,4,other_vehicle,0.4969,1121.6,563.2,1165.9,597.7
364,3,motorcycle,0.3598,45.9,760.5,99.9,799.5
364,1,car,0.3350,951.5,435.2,1021.0,479.6
364,0,person,0.2499,1172.7,462.8,1187.3,503.6
364,2,large_vehicle,0.1931,951.5,435.2,1021.0,479.6
364,2,large_vehicle,0.1570,848.7,583.5,976.6,675.9
364,0,person,0.1482,56.9,752.7,82.3,791.2
364,2,large_vehicle,0.1155,556.5,501.2,647.1,552.6
365,1,car,0.8592,637.3,717.6,808.4,824.6
365,1,car,0.8459,140.2,788.5,261.6,876.6
365,1,car,0.8160,839.1,584.8,967.2,678.5
365,1,car,0.7361,557.8,501.8,647.5,552.8
365,4,other_vehicle,0.6415,1118.8,562.5,1163.9,597.5
365,0,person,0.4954,1134.0,543.9,1154.0,594.5
365,4,other_vehicle,0.3388,40.9,737.1,110.4,795.7
365,1,car,0.3299,951.6,435.6,1020.7,479.5
365,0,person,0.2350,1172.7,462.6,1187.3,503.6
365,2,large_vehicle,0.1555,951.6,435.6,1020.7,479.5
365,3,motorcycle,0.1275,44.8,763.1,90.5,797.1
365,0,person,0.1268,49.5,753.0,74.5,786.7
365,0,person,0.1215,1192.3,549.5,1210.5,592.0
365,0,person,0.1078,1128.7,544.5,1151.9,594.9
366,1,car,0.8527,637.2,717.3,808.3,824.6
366,1,car,0.8480,140.2,788.5,261.6,876.6
366,1,car,0.8051,839.0,584.9,966.6,678.8
366,1,car,0.7215,557.8,501.9,647.8,552.8
366,4,other_vehicle,0.6490,1118.6,562.4,1164.0,597.5
366,0,person,0.4931,1134.2,543.9,1154.0,594.5
366,1,car,0.3455,951.7,435.5,1020.9,479.4
366,4,other_vehicle,0.3367,41.0,737.1,110.4,795.8
366,2,large_vehicle,0.1618,951.7,435.5,1020.9,479.4
366,0,person,0.1608,1172.9,462.7,1187.5,503.7
366,0,person,0.1248,49.5,753.0,74.2,786.6
366,3,motorcycle,0.1133,45.2,763.1,90.9,797.1
366,0,person,0.1125,1128.8,544.6,1151.8,595.2
366,0,person,0.1023,1192.3,549.5,1210.4,592.0
367,1,car,0.8788,649.0,715.2,818.0,821.7
367,1,car,0.7731,147.8,788.6,271.5,877.7
367,1,car,0.7724,829.4,588.5,958.9,681.4
367,1,car,0.6346,558.7,501.2,647.8,552.6
367,4,other_vehicle,0.6192,1116.8,562.0,1162.7,597.4
367,0,person,0.4326,1132.5,543.5,1152.5,594.8
367,1,car,0.3879,951.1,435.7,1020.9,479.4
367,3,motorcycle,0.3756,35.4,760.1,82.3,797.1
367,0,person,0.2693,1128.1,543.9,1150.9,594.2
367,0,person,0.2097,47.8,750.9,71.9,791.2
367,2,large_vehicle,0.1727,558.7,501.2,647.8,552.6
367,0,person,0.1647,1192.2,549.1,1210.4,592.1
367,2,large_vehicle,0.1630,951.1,435.7,1020.9,479.4
367,0,person,0.1503,1172.0,462.3,1186.4,503.1
367,4,other_vehicle,0.1191,35.4,736.4,104.9,795.5
368,1,car,0.8772,649.0,715.2,818.1,821.7
368,1,car,0.7728,829.2,588.5,958.8,681.5
368,1,car,0.7688,147.8,788.7,271.5,877.7
368,4,other_vehicle,0.6662,1116.6,562.0,1162.8,597.3
368,1,car,0.6038,559.0,501.3,647.3,552.7
368,1,car,0.4331,951.1,435.6,1021.1,479.4
368,0,person,0.4316,1132.4,543.5,1152.6,594.8
368,3,motorcycle,0.3600,35.8,759.9,82.2,797.0
368,0,person,0.2581,1128.2,543.9,1150.8,594.2
368,0,person,0.2353,1171.8,462.4,1186.1,503.1
368,2,large_vehicle,0.2107,559.0,501.3,647.3,552.7
368,0,person,0.1992,47.8,750.8,71.7,790.7
368,2,large_vehicle,0.1899,951.1,435.6,1021.1,479.4
368,1,car,0.1562,564.7,501.6,648.3,552.2
368,4,other_vehicle,0.1326,35.7,736.3,105.1,795.3
369,1,car,0.8533,661.5,713.3,829.9,818.0
369,1,car,0.8147,154.7,788.6,280.0,876.9
369,1,car,0.8018,817.7,590.7,949.5,684.4
369,1,car,0.7592,555.8,501.9,646.9,552.6
369,4,other_vehicle,0.5388,1115.7,562.0,1161.0,596.6
369,0,person,0.5201,1129.1,542.1,1149.2,592.0
369,1,car,0.4466,951.0,435.8,1020.9,479.4
369,0,person,0.2083,1171.4,462.1,1185.7,503.0
369,4,other_vehicle,0.1980,31.4,736.1,97.4,794.3
369,2,large_vehicle,0.1956,951.0,435.8,1020.9,479.4
369,0,person,0.1951,1132.7,542.1,1150.5,591.6
369,0,person,0.1700,1192.2,549.6,1209.9,592.4
369,0,person,0.1230,46.9,753.4,68.4,786.9
369,0,person,0.1046,42.3,754.7,63.5,786.6
370,1,car,0.8515,661.4,713.3,830.0,818.1
370,1,car,0.8190,154.7,788.5,280.0,876.9
370,1,car,0.7643,818.1,590.6,949.0,684.2
370,1,car,0.7630,555.3,501.8,646.8,552.6
370,4,other_vehicle,0.5399,1115.7,562.0,1161.0,596.6
370,0,person,0.4996,1129.1,542.2,1149.1,592.0
370,1,car,0.4815,950.9,435.8,1021.0,479.4
370,0,person,0.2065,1171.4,462.1,1185.7,503.0
370,0,person,0.1923,1132.7,542.2,1150.5,591.4
370,2,large_vehicle,0.1875,950.9,435.8,1021.0,479.4
370,4,other_vehicle,0.1874,31.4,735.9,97.4,794.3
370,0,person,0.1560,1192.2,549.4,1210.0,592.5
370,0,person,0.1556,1128.0,542.8,1149.5,594.2
370,1,car,0.1524,817.7,590.6,949.1,684.4
370,0,person,0.1209,46.9,753.4,68.4,786.8
370,0,person,0.1026,42.2,754.7,63.5,786.6
371,1,car,0.8503,661.5,713.2,829.9,818.1
371,1,car,0.8197,154.7,788.6,280.0,876.9
371,1,car,0.7544,555.5,501.7,646.7,552.6
371,1,car,0.7018,818.1,590.6,949.0,684.2
371,4,other_vehicle,0.5477,1115.7,562.0,1161.1,596.6
371,0,person,0.5033,1129.2,542.1,1149.2,592.0
371,1,car,0.4901,951.4,435.8,1021.1,479.4
371,1,car,0.2893,817.7,590.7,949.2,684.4
371,0,person,0.2154,1132.6,542.1,1150.6,591.6
371,0,person,0.2114,1171.3,462.0,1185.6,503.0
371,4,other_vehicle,0.1979,31.4,735.7,97.4,794.2
371,2,large_vehicle,0.1889,951.4,435.8,1021.1,479.4
371,0,person,0.1769,1192.2,549.9,1210.0,592.5
371,0,person,0.1188,46.9,753.4,68.3,786.8
371,2,large_vehicle,0.1034,555.5,501.7,646.7,552.6
371,0,person,0.1011,42.2,754.6,63.5,786.6
372,1,car,0.8912,671.5,710.0,839.6,815.3
372,1,car,0.8649,807.3,594.0,938.9,686.9
372,1,car,0.8102,162.4,788.5,289.8,877.6
372,1,car,0.7863,556.6,502.0,647.4,552.4
372,0,person,0.6268,1127.8,542.0,1147.6,591.9
372,4,other_vehicle,0.5525,1114.3,561.7,1160.1,595.7
372,1,car,0.4326,951.4,435.9,1020.4,479.3
372,4,other_vehicle,0.3033,26.2,737.1,91.7,795.8
372,2,large_vehicle,0.1825,951.4,435.9,1020.4,479.3
372,0,person,0.1665,1171.1,462.4,1184.9,502.4
372,0,person,0.1400,1192.2,549.8,1210.0,592.3
373,1,car,0.8919,671.5,710.0,839.6,815.3
373,1,car,0.8660,807.3,594.0,938.9,686.7
373,1,car,0.8103,162.4,788.5,289.7,877.6
373,1,car,0.7794,556.6,501.6,647.3,552.4
373,0,person,0.6229,1127.8,541.9,1147.6,592.0
373,4,other_vehicle,0.5377,1114.4,561.8,1160.1,595.7
373,1,car,0.4071,951.6,436.0,1020.0,479.2
373,4,other_vehicle,0.3029,26.2,737.1,91.7,795.8
373,2,large_vehicle,0.1813,951.6,436.0,1020.0,479.2
373,0,person,0.1624,1171.1,462.4,1184.9,502.4
373,0,person,0.1119,1192.2,549.6,1210.1,592.3
373,1,car,0.1019,1280.8,622.7,1342.0,702.9
374,1,car,0.8712,683.9,708.5,850.0,810.7
374,1,car,0.8510,796.8,594.5,930.0,689.2
374,1,car,0.8363,169.7,787.9,299.5,877.4
374,1,car,0.7671,557.9,502.2,647.4,552.5
374,4,other_vehicle,0.6124,1113.5,561.3,1158.1,595.7
374,0,person,0.5162,1126.9,541.4,1145.9,593.2
374,0,person,0.4037,1126.5,541.5,1146.4,593.6
374,1,car,0.3611,951.5,436.0,1019.4,479.2
374,0,person,0.1994,1170.9,462.1,1185.0,501.5
374,4,other_vehicle,0.1519,21.5,736.5,86.1,794.3
374,2,large_vehicle,0.1379,951.5,436.0,1019.4,479.2
374,3,motorcycle,0.1325,21.5,736.5,86.1,794.3
374,3,motorcycle,0.1167,21.4,749.3,86.3,796.0
375,1,car,0.8711,683.9,708.5,850.0,810.8
375,1,car,0.8514,796.8,594.5,930.0,689.2
375,1,car,0.8372,169.7,787.9,299.5,877.4
375,1,car,0.7591,557.5,502.0,647.4,552.5
375,4,other_vehicle,0.6131,1113.5,561.3,1158.1,595.7
375,0,person,0.4628,1126.8,541.4,1145.9,593.3
375,0,person,0.4289,1126.5,541.4,1146.4,593.7
375,1,car,0.3635,951.5,435.9,1019.3,479.2
375,0,person,0.2042,1170.9,462.0,1185.0,501.5
375,4,other_vehicle,0.1470,21.5,736.5,86.0,794.3
375,3,motorcycle,0.1355,21.5,736.5,86.0,794.3
375,2,large_vehicle,0.1270,951.5,435.9,1019.3,479.2
375,3,motorcycle,0.1181,21.4,749.2,86.3,796.0
376,1,car,0.8711,683.9,708.5,849.8,810.8
376,1,car,0.8510,796.9,594.5,930.0,689.2
376,1,car,0.8357,169.7,787.9,299.5,877.5
376,1,car,0.7610,557.8,502.2,647.6,552.5
376,4,other_vehicle,0.6172,1113.5,561.3,1158.0,595.7
376,0,person,0.6078,1126.9,541.4,1145.9,593.2
376,1,car,0.3378,951.5,435.9,1019.4,479.1
376,0,person,0.2751,1126.5,541.4,1146.4,593.6
376,0,person,0.2391,1170.9,462.1,1185.0,501.5
376,4,other_vehicle,0.1485,21.5,736.6,86.0,794.3
376,3,motorcycle,0.1357,21.5,736.6,86.0,794.3
376,2,large_vehicle,0.1255,951.5,435.9,1019.4,479.1
376,0,person,0.1124,1192.4,535.2,1211.5,591.1
376,3,motorcycle,0.1123,21.4,749.3,86.3,796.0
377,1,car,0.8846,695.4,705.2,862.6,809.7
377,1,car,0.8421,176.9,788.0,309.7,877.3
377,1,car,0.8050,787.0,596.6,917.9,693.3
377,1,car,0.7020,558.9,502.0,647.5,552.4
377,0,person,0.6837,1124.6,540.5,1143.9,594.0
377,4,other_vehicle,0.5588,1110.1,560.4,1156.2,595.8
377,4,other_vehicle,0.4045,17.7,738.8,80.3,795.0
377,1,car,0.3946,951.7,435.8,1020.5,479.4
377,0,person,0.2940,1170.6,461.5,1184.8,499.6
377,2,large_vehicle,0.1920,951.7,435.8,1020.5,479.4
377,3,motorcycle,0.1227,1110.1,560.4,1156.2,595.8
377,0,person,0.1105,1192.4,537.4,1211.2,591.6
378,1,car,0.8833,695.4,705.1,862.4,809.8
378,1,car,0.8463,177.0,787.9,309.7,877.1
378,1,car,0.8027,787.0,596.8,917.6,693.2
378,1,car,0.6946,559.0,502.0,647.4,552.4
378,0,person,0.6802,1124.7,540.5,1143.9,594.0
378,4,other_vehicle,0.5677,1110.1,560.4,1155.7,596.0
378,4,other_vehicle,0.4002,17.7,739.0,80.3,795.0
378,1,car,0.3932,951.8,435.8,1020.5,479.4
378,0,person,0.2598,1170.7,461.4,1184.6,499.4
378,2,large_vehicle,0.1902,951.8,435.8,1020.5,479.4
378,3,motorcycle,0.1113,1110.1,560.4,1155.7,596.0
378,0,person,0.1079,1192.3,537.6,1211.2,591.5
378,2,large_vehicle,0.1031,559.0,502.0,647.4,552.4
379,1,car,0.8508,706.1,703.3,877.4,806.4
379,1,car,0.8415,185.5,787.3,318.8,877.4
379,1,car,0.7707,775.0,600.2,910.1,697.0
379,1,car,0.7596,556.9,501.9,647.2,552.5
379,0,person,0.6256,1123.2,539.5,1142.4,593.3
379,4,other_vehicle,0.6242,1108.7,560.0,1153.7,596.2
379,1,car,0.4214,951.2,435.8,1020.6,479.3
379,0,person,0.2465,1192.0,533.0,1211.7,591.9
379,4,other_vehicle,0.2085,17.3,737.0,73.9,794.2
379,0,person,0.1879,1170.1,461.6,1184.1,497.0
379,2,large_vehicle,0.1792,951.2,435.8,1020.6,479.3
379,3,motorcycle,0.1529,17.3,737.0,73.9,794.2
379,0,person,0.1101,1118.7,539.5,1141.2,591.4
380,1,car,0.8506,706.2,703.2,877.3,806.4
380,1,car,0.8450,185.6,787.4,318.8,877.3
380,1,car,0.7700,774.9,600.3,910.2,697.1
380,1,car,0.7517,557.2,501.9,647.1,552.4
380,4,other_vehicle,0.6414,1108.6,559.8,1153.3,596.2
380,0,person,0.6389,1123.3,539.3,1142.4,593.2
380,1,car,0.4507,951.4,435.8,1020.5,479.3
380,0,person,0.2332,1170.1,461.6,1184.0,496.8
380,4,other_vehicle,0.2286,17.5,736.9,73.9,794.1
380,2,large_vehicle,0.1633,951.4,435.8,1020.5,479.3
380,0,person,0.1632,1192.2,537.0,1211.5,591.9
380,3,motorcycle,0.1513,17.5,736.9,73.9,794.1
381,1,car,0.8506,706.2,703.2,877.1,806.4
381,1,car,0.8441,185.6,787.4,318.8,877.3
381,1,car,0.7674,774.9,600.3,910.2,697.0
381,1,car,0.7571,557.2,502.0,647.1,552.4
381,4,other_vehicle,0.6466,1108.7,559.8,1153.5,596.3
381,0,person,0.6403,1123.3,539.3,1142.4,593.2
381,1,car,0.4436,951.3,435.8,1020.5,479.3
381,4,other_vehicle,0.2193,17.5,736.9,73.9,794.2
381,0,person,0.2108,1170.3,461.7,1184.0,496.1
381,0,person,0.1785,1192.2,535.8,1211.6,591.9
381,2,large_vehicle,0.1700,951.3,435.8,1020.5,479.3
381,3,motorcycle,0.1497,17.5,736.9,73.9,794.2
382,1,car,0.8851,716.6,703.2,880.0,802.4
382,1,car,0.8722,193.6,786.5,329.4,877.6
382,1,car,0.8243,763.5,602.3,904.3,698.0
382,1,car,0.7606,556.5,501.1,647.3,552.4
382,0,person,0.6157,1121.6,540.2,1141.2,592.2
382,1,car,0.4750,952.0,436.0,1020.2,479.1
382,4,other_vehicle,0.4708,1107.3,559.4,1153.1,595.3
382,0,person,0.2662,1170.2,461.8,1183.8,495.7
382,4,other_vehicle,0.2610,16.0,737.4,65.1,792.7
382,4,other_vehicle,0.1888,1107.5,557.0,1150.9,592.0
382,3,motorcycle,0.1449,16.0,737.4,65.1,792.7
382,0,person,0.1311,1118.8,540.2,1139.3,590.3
382,2,large_vehicle,0.1214,952.0,436.0,1020.2,479.1
382,0,person,0.1136,1192.3,536.3,1211.4,591.5
383,1,car,0.8848,716.6,703.2,880.0,802.4
383,1,car,0.8719,193.6,786.5,329.4,877.7
383,1,car,0.8263,763.5,602.3,904.5,698.0
383,1,car,0.7794,556.2,501.2,647.2,552.4
383,0,person,0.6321,1121.7,540.1,1141.5,592.5
383,1,car,0.4823,951.2,435.9,1019.7,479.1
383,4,other_vehicle,0.4750,1106.9,559.1,1153.2,595.5
383,0,person,0.2713,1169.9,461.7,1183.9,497.2
383,4,other_vehicle,0.1972,16.8,737.5,64.0,792.5
383,3,motorcycle,0.1574,16.8,737.5,64.0,792.5
383,0,person,0.1406,1192.3,535.4,1211.4,591.5
383,4,other_vehicle,0.1372,1106.8,556.8,1150.9,592.0
383,2,large_vehicle,0.1212,951.2,435.9,1019.7,479.1
383,0,person,0.1100,1118.7,540.1,1139.3,590.5
384,1,car,0.9010,727.7,700.5,890.8,800.3
384,1,car,0.8599,201.8,785.1,340.2,878.1
384,1,car,0.8149,754.4,604.2,890.3,696.3
384,1,car,0.7351,557.7,501.9,647.9,552.3
384,0,person,0.6059,1118.5,540.1,1139.0,591.5
384,4,other_vehicle,0.5327,1103.5,559.8,1150.4,595.0
384,1,car,0.4683,950.8,435.9,1020.0,479.0
384,0,person,0.3269,1168.4,462.4,1185.4,500.2
384,0,person,0.2497,1120.6,540.0,1140.5,592.8
384,2,large_vehicle,0.1725,950.8,435.9,1020.0,479.0
384,0,person,0.1646,1192.4,537.6,1211.1,591.4
385,1,car,0.8997,727.7,700.3,890.7,800.3
385,1,car,0.8598,201.6,785.1,339.9,878.1
385,1,car,0.8106,754.4,604.2,890.6,696.3
385,1,car,0.7488,556.6,501.8,647.9,552.3
385,0,person,0.6042,1118.5,540.0,1138.9,591.4
385,4,other_vehicle,0.5156,1103.4,559.8,1150.4,595.0
385,1,car,0.4715,950.6,436.0,1019.8,479.0
385,0,person,0.2904,1168.6,462.3,1185.4,500.2
385,0,person,0.2520,1120.6,539.9,1140.4,592.7
385,0,person,0.1712,1192.4,536.5,1211.4,591.7
385,2,large_vehicle,0.1674,950.6,436.0,1019.8,479.0
386,1,car,0.9017,727.6,700.4,890.8,800.3
386,1,car,0.8607,201.8,785.1,340.0,878.1
386,1,car,0.8180,754.4,604.3,890.3,696.2
386,1,car,0.7399,557.2,501.8,648.2,552.3
386,0,person,0.6505,1118.3,539.7,1139.0,591.4
386,4,other_vehicle,0.5180,1103.2,559.6,1150.3,594.9
386,1,car,0.4572,951.3,435.9,1020.3,479.1
386,0,person,0.2690,1168.6,462.3,1185.4,500.3
386,2,large_vehicle,0.1599,951.3,435.9,1020.3,479.1
386,0,person,0.1547,1192.4,537.4,1211.3,591.6
386,0,person,0.1534,1120.4,539.7,1140.5,592.6
387,1,car,0.8976,739.0,700.4,900.4,795.8
387,1,car,0.8727,209.2,784.3,350.7,878.1
387,1,car,0.7779,741.3,607.9,880.0,705.1
387,1,car,0.6783,559.2,501.3,646.9,552.3
387,4,other_vehicle,0.6664,1103.1,558.8,1147.3,592.2
387,0,person,0.6579,1116.5,539.6,1137.2,589.5
387,1,car,0.4696,952.0,436.0,1020.1,479.0
387,0,person,0.2919,1169.2,462.2,1183.5,499.6
387,0,person,0.1698,1192.4,550.4,1210.0,591.8
387,2,large_vehicle,0.1441,952.0,436.0,1020.1,479.0
387,2,large_vehicle,0.1209,559.2,501.3,646.9,552.3
387,4,other_vehicle,0.1038,6.2,736.8,58.8,793.4
388,1,car,0.8977,739.0,700.3,900.2,795.8
388,1,car,0.8735,209.3,784.3,350.8,878.2
388,1,car,0.7770,741.3,607.9,880.0,705.1
388,1,car,0.6916,559.4,501.2,647.1,552.2
388,4,other_vehicle,0.6651,1103.1,558.8,1147.5,592.2
388,0,person,0.6297,1116.5,539.2,1137.6,589.7
388,1,car,0.4583,952.3,436.0,1020.2,478.9
388,0,person,0.2824,1169.2,462.2,1183.5,499.6
388,0,person,0.1757,1192.4,550.0,1210.0,591.6
388,2,large_vehicle,0.1169,952.3,436.0,1020.2,478.9
388,2,large_vehicle,0.1145,559.4,501.2,647.1,552.2
388,0,person,0.1014,1119.7,537.9,1140.5,590.5
389,1,car,0.8727,218.4,784.1,361.1,876.5
389,1,car,0.8555,728.1,608.3,868.7,707.8
389,1,car,0.8466,750.9,695.6,917.4,791.2
389,1,car,0.7362,557.3,501.0,646.4,552.2
389,0,person,0.6979,1114.9,539.4,1134.8,590.5
389,1,car,0.4259,952.0,435.6,1020.3,478.9
389,4,other_vehicle,0.3613,1100.7,559.7,1146.7,593.2
389,0,person,0.2277,1168.6,462.2,1183.2,499.9
389,0,person,0.1577,1192.2,551.1,1209.7,591.4
389,4,other_vehicle,0.1472,1102.1,558.1,1144.1,591.2
389,2,large_vehicle,0.1364,952.0,435.6,1020.3,478.9
389,0,person,0.1016,1166.7,462.7,1182.1,499.8
390,1,car,0.8735,218.4,784.2,361.1,876.4
390,1,car,0.8526,728.0,608.0,868.6,707.8
390,1,car,0.8424,751.0,695.5,916.3,791.1
390,1,car,0.7389,557.4,501.0,646.3,552.2
390,0,person,0.6968,1115.0,539.4,1134.8,590.5
390,1,car,0.4287,951.9,435.6,1020.1,478.9
390,4,other_vehicle,0.3625,1100.7,559.8,1146.8,593.2
390,0,person,0.2604,1168.6,462.4,1183.2,500.0
390,0,person,0.1604,1192.2,551.1,1209.6,591.4
390,4,other_vehicle,0.1450,1102.3,558.1,1143.9,591.2
390,2,large_vehicle,0.1339,951.9,435.6,1020.1,478.9
391,1,car,0.8725,227.7,783.3,371.6,877.3
391,1,car,0.8521,761.1,689.0,920.1,788.4
391,1,car,0.8350,717.6,612.4,859.3,710.2
391,1,car,0.7728,557.3,501.1,647.5,552.4
391,0,person,0.6287,1112.9,538.9,1133.1,590.7
391,4,other_vehicle,0.5329,1099.1,558.8,1144.6,592.5
391,1,car,0.5140,951.6,435.9,1020.5,479.0
391,0,person,0.2611,1166.4,463.1,1182.0,500.0
391,4,other_vehicle,0.2114,0.1,735.0,48.7,790.5
391,0,person,0.2107,1168.2,462.4,1183.4,500.1
391,3,motorcycle,0.1777,1099.1,558.8,1144.6,592.5
391,0,person,0.1504,1192.2,550.6,1209.7,591.4
391,2,large_vehicle,0.1335,951.6,435.9,1020.5,479.0
392,1,car,0.8729,227.7,783.3,371.6,877.3
392,1,car,0.8554,761.1,689.0,920.1,788.4
392,1,car,0.8382,717.6,612.3,859.1,710.2
392,1,car,0.7822,558.3,501.4,647.1,552.4
392,0,person,0.6375,1112.8,538.8,1133.3,590.7
392,4,other_vehicle,0.5640,1098.9,558.6,1144.5,592.4
392,1,car,0.4998,951.9,435.7,1020.6,478.9
392,0,person,0.2368,1166.4,463.1,1182.0,500.0
392,0,person,0.2234,1168.2,462.5,1183.4,500.1
392,4,other_vehicle,0.2185,0.1,734.8,48.7,790.3
392,0,person,0.1757,1192.3,550.2,1209.9,591.8
392,3,motorcycle,0.1664,1098.9,558.6,1144.5,592.4
392,2,large_vehicle,0.1191,951.9,435.7,1020.6,478.9
393,1,car,0.8788,236.6,783.1,383.0,877.2
393,1,car,0.8511,772.1,687.7,930.2,786.6
393,1,car,0.8232,704.5,613.8,847.5,713.4
393,1,car,0.7362,556.0,501.2,648.0,552.5
393,0,person,0.6413,1110.6,540.0,1130.5,590.8
393,4,other_vehicle,0.5129,1097.7,558.7,1141.5,591.4
393,1,car,0.4346,952.3,435.7,1021.1,479.1
393,0,person,0.3150,1166.5,462.7,1181.9,499.9
393,0,person,0.2114,1192.2,548.0,1210.3,591.8
393,2,large_vehicle,0.1595,952.3,435.7,1021.1,479.1
393,0,person,0.1296,1168.1,462.4,1183.1,500.3
394,1,car,0.8784,236.6,783.0,383.0,877.1
394,1,car,0.8483,772.1,687.7,930.4,786.7
394,1,car,0.8216,704.6,613.8,847.6,713.5
394,1,car,0.7537,556.0,501.5,648.4,552.5
394,0,person,0.6530,1110.4,540.0,1130.5,590.9
394,4,other_vehicle,0.5694,1097.4,558.7,1142.0,591.4
394,1,car,0.3940,952.1,435.8,1021.1,479.1
394,0,person,0.3101,1166.4,462.7,1181.9,500.1
394,2,large_vehicle,0.1356,952.1,435.8,1021.1,479.1
394,0,person,0.1105,1167.9,462.8,1184.5,500.7
395,1,car,0.8791,236.6,783.1,383.0,877.1
395,1,car,0.8514,772.0,687.7,930.3,786.7
395,1,car,0.8226,704.6,613.8,847.6,713.4
395,1,car,0.7484,556.1,501.4,648.2,552.5
395,0,person,0.6520,1110.4,540.0,1130.3,590.9
395,4,other_vehicle,0.5389,1097.3,558.7,1141.8,591.3
395,1,car,0.4166,952.0,435.8,1021.0,479.0
395,0,person,0.3258,1166.5,462.7,1181.8,499.9
395,0,person,0.1368,1168.1,462.4,1183.1,500.3
395,2,large_vehicle,0.1286,952.0,435.8,1021.0,479.0
395,0,person,0.1110,1192.4,538.9,1211.0,591.3
396,1,car,0.8748,246.2,782.8,394.7,875.9
396,1,car,0.8217,783.0,685.1,950.0,783.6
396,1,car,0.7559,694.3,616.1,837.5,716.8
396,1,car,0.6721,559.8,501.4,648.7,552.2
396,0,person,0.6015,1108.8,538.7,1129.3,590.6
396,4,other_vehicle,0.5914,1095.3,558.4,1141.1,591.3
396,1,car,0.4512,951.6,436.0,1021.1,479.1
396,0,person,0.4357,1166.4,462.1,1181.6,500.1
396,0,person,0.2289,1107.3,538.8,1128.3,589.6
396,0,person,0.1679,1192.4,536.2,1211.2,591.5
396,2,large_vehicle,0.1418,951.6,436.0,1021.1,479.1
396,2,large_vehicle,0.1102,559.8,501.4,648.7,552.2
397,1,car,0.8758,246.1,782.8,394.7,875.9
397,1,car,0.8219,783.0,685.2,950.3,783.6
397,1,car,0.7636,694.3,616.2,837.6,716.9
397,1,car,0.6913,560.3,501.4,648.1,552.2
397,0,person,0.5944,1108.8,538.7,1129.4,590.6
397,4,other_vehicle,0.5673,1095.3,558.3,1140.8,591.2
397,1,car,0.4271,952.0,435.7,1021.2,479.0
397,0,person,0.4123,1166.3,462.1,1181.6,500.1
397,0,person,0.2442,1107.2,538.7,1128.3,589.7
397,0,person,0.1497,1192.5,537.9,1211.0,591.3
397,2,large_vehicle,0.1257,952.0,435.7,1021.2,479.0
397,2,large_vehicle,0.1087,560.3,501.4,648.1,552.2
398,1,car,0.8682,255.1,782.0,405.3,875.4
398,1,car,0.8596,793.0,682.4,958.1,780.6
398,1,car,0.8456,680.4,620.3,833.7,720.3
398,1,car,0.7524,555.7,500.9,646.6,552.4
398,0,person,0.6231,1105.7,538.2,1126.0,589.8
398,0,person,0.4987,1166.1,462.3,1181.2,499.9
398,1,car,0.4456,951.1,435.7,1021.2,479.3
398,4,other_vehicle,0.3167,1094.7,559.5,1131.4,590.7
398,4,other_vehicle,0.2345,1093.2,560.8,1137.6,591.9
398,2,large_vehicle,0.1742,951.1,435.7,1021.2,479.3
399,1,car,0.8684,255.1,782.0,405.3,875.4
399,1,car,0.8600,793.0,682.4,958.1,780.6
399,1,car,0.8463,680.4,620.3,833.8,720.3
399,1,car,0.7532,555.7,500.9,646.6,552.4
399,0,person,0.6236,1105.7,538.2,1126.0,589.8
399,0,person,0.4899,1166.1,462.3,1181.2,499.8
399,1,car,0.4421,951.4,435.7,1021.3,479.2
399,4,other_vehicle,0.2996,1095.1,559.4,1130.9,590.6
399,4,other_vehicle,0.2454,1093.2,560.8,1137.5,591.9
399,0,person,0.1844,1192.3,548.4,1210.3,591.7
399,2,large_vehicle,0.1692,951.4,435.7,1021.3,479.2
400,1,car,0.8688,255.1,782.0,405.1,875.4
400,1,car,0.8609,793.0,682.4,958.4,780.7
400,1,car,0.8465,680.5,620.4,834.3,720.3
400,1,car,0.7503,555.9,501.0,646.7,552.5
400,0,person,0.6270,1106.3,538.1,1126.1,590.0
400,0,person,0.4799,1166.1,462.3,1181.3,499.8
400,1,car,0.4342,951.2,435.7,1021.5,479.2
400,4,other_vehicle,0.2682,1093.3,560.9,1137.7,592.1
400,4,other_vehicle,0.1713,1097.9,559.2,1128.0,590.2
400,2,large_vehicle,0.1643,951.2,435.7,1021.5,479.2
401,1,car,0.8849,265.8,781.4,416.1,875.0
401,1,car,0.8529,670.8,622.0,818.3,723.4
401,1,car,0.8391,803.3,679.8,971.8,777.8
401,0,person,0.7484,1105.5,538.0,1124.3,590.0
401,1,car,0.7319,558.8,501.9,647.4,552.3
401,1,car,0.4750,950.9,435.5,1021.7,479.2
401,0,person,0.4734,1166.2,461.5,1180.1,498.2
401,0,person,0.1662,1192.4,535.9,1211.3,591.7
401,3,motorcycle,0.1466,0.4,734.3,29.3,789.2
401,2,large_vehicle,0.1410,950.9,435.5,1021.7,479.2
401,4,other_vehicle,0.1297,1091.9,558.9,1132.6,592.2
401,4,other_vehicle,0.1173,1090.2,555.9,1138.8,592.0
402,1,car,0.8851,265.9,781.4,416.3,875.0
402,1,car,0.8604,670.8,622.5,817.9,723.6
402,1,car,0.8384,803.3,679.8,971.3,777.6
402,0,person,0.7424,1105.4,537.9,1124.3,590.1
402,1,car,0.7339,558.8,501.8,647.4,552.3
402,1,car,0.4933,950.8,435.2,1021.9,479.2
402,0,person,0.4668,1166.2,461.1,1180.1,498.2
402,0,person,0.1780,1192.4,536.2,1211.4,591.7
402,4,other_vehicle,0.1765,1091.7,559.2,1134.2,592.2
402,3,motorcycle,0.1471,0.5,734.3,29.4,789.2
402,2,large_vehicle,0.1378,950.8,435.2,1021.9,479.2
402,4,other_vehicle,0.1281,1090.3,556.3,1139.1,591.8
402,4,other_vehicle,0.1113,1092.9,559.0,1124.5,590.0
403,1,car,0.9021,275.2,780.6,428.4,874.6
403,1,car,0.8702,656.5,625.5,802.2,726.1
403,1,car,0.8182,813.5,675.4,978.8,774.4
403,1,car,0.7514,557.1,502.0,647.7,552.4
403,0,person,0.6865,1103.3,537.1,1122.3,590.7
403,0,person,0.5187,1166.1,461.2,1179.6,498.1
403,4,other_vehicle,0.4638,1090.0,560.3,1136.4,592.2
403,1,car,0.4398,951.4,435.2,1021.9,479.0
403,3,motorcycle,0.2964,0.0,735.7,24.8,790.1
403,4,other_vehicle,0.2085,1091.4,558.3,1130.3,590.5
403,0,person,0.1283,1192.5,536.5,1211.1,591.3
403,4,other_vehicle,0.1261,1093.4,559.7,1135.6,591.6
403,4,other_vehicle,0.1147,1088.4,557.5,1138.2,590.2
403,0,person,0.1135,0.1,734.9,18.8,768.7
403,4,other_vehicle,0.1009,0.0,735.7,24.8,790.1
404,1,car,0.9018,275.1,780.6,428.4,874.6
404,1,car,0.8696,656.6,625.5,802.3,726.1
404,1,car,0.8220,813.5,675.4,979.0,774.4
404,1,car,0.7524,557.4,501.8,647.9,552.3
404,0,person,0.6915,1103.2,536.9,1122.4,590.6
404,0,person,0.5297,1166.1,460.8,1179.7,498.2
404,4,other_vehicle,0.4438,1090.1,560.1,1136.4,592.2
404,1,car,0.4055,951.4,435.1,1021.9,479.0
404,3,motorcycle,0.2898,0.0,735.4,24.8,790.1
404,0,person,0.2114,1192.4,534.4,1211.4,591.3
404,4,other_vehicle,0.2022,1091.6,558.1,1129.8,590.5
404,4,other_vehicle,0.1456,1088.2,557.1,1138.0,590.2
404,4,other_vehicle,0.1262,1094.0,559.7,1135.2,591.6
404,4,other_vehicle,0.1076,0.0,735.4,24.8,790.1
404,0,person,0.1063,0.1,734.7,18.8,769.0
405,1,car,0.9020,275.1,780.6,428.4,874.5
405,1,car,0.8713,656.6,625.5,802.1,726.1
405,1,car,0.8199,813.5,675.4,978.9,774.4
405,1,car,0.7539,557.4,501.8,647.8,552.3
405,0,person,0.6917,1103.2,536.9,1122.4,590.6
405,0,person,0.5132,1166.1,461.1,1179.6,498.1
405,4,other_vehicle,0.4557,1090.4,560.2,1136.5,592.2
405,1,car,0.4132,951.4,435.2,1021.7,479.0
405,3,motorcycle,0.2921,0.0,735.5,24.8,790.1
405,0,person,0.2107,1192.4,534.4,1211.4,591.3
405,4,other_vehicle,0.1984,1091.8,558.1,1129.8,590.5
405,4,other_vehicle,0.1336,1093.9,559.8,1135.4,591.6
405,4,other_vehicle,0.1281,1088.5,557.3,1138.1,590.2
405,0,person,0.1097,0.1,734.8,18.8,768.8
405,4,other_vehicle,0.1083,0.0,735.5,24.8,790.1
406,1,car,0.9009,283.4,779.4,439.1,874.4
406,1,car,0.8708,823.8,673.7,987.1,770.3
406,1,car,0.8555,645.9,626.8,791.7,728.7
406,0,person,0.7021,1102.3,538.1,1121.0,591.1
406,1,car,0.6434,560.5,501.1,648.3,551.9
406,0,person,0.5221,1166.1,460.6,1179.4,498.4
406,1,car,0.4930,951.9,435.6,1021.9,478.9
406,0,person,0.3901,1192.2,531.2,1211.9,590.6
406,4,other_vehicle,0.2672,1088.1,560.0,1133.6,592.4
406,4,other_vehicle,0.2408,1089.2,557.6,1127.5,590.6
406,4,other_vehicle,0.1467,1086.3,557.4,1135.6,590.4
406,2,large_vehicle,0.1181,560.5,501.1,648.3,551.9
407,1,car,0.9009,283.3,779.4,439.2,874.4
407,1,car,0.8712,823.8,673.7,987.0,770.3
407,1,car,0.8561,646.0,626.8,791.8,728.7
407,0,person,0.6992,1102.2,538.1,1120.9,591.2
407,1,car,0.6620,560.1,501.4,647.7,552.0
407,0,person,0.5131,1166.1,460.7,1179.5,498.4
407,1,car,0.5018,951.9,435.6,1021.8,478.9
407,0,person,0.3812,1192.2,531.3,1211.9,590.7
407,4,other_vehicle,0.2856,1088.7,560.3,1133.6,592.5
407,4,other_vehicle,0.2076,1089.8,557.7,1127.5,590.7
407,4,other_vehicle,0.1131,1087.1,557.9,1135.7,590.4
407,2,large_vehicle,0.1108,560.1,501.4,647.7,552.0
408,1,car,0.8849,294.5,779.0,451.3,873.4
408,1,car,0.8419,833.3,670.1,994.7,767.9
408,1,car,0.8376,631.7,629.2,780.4,732.0
408,1,car,0.7539,555.9,501.4,647.0,552.2
408,0,person,0.7104,1100.3,537.6,1119.2,590.7
408,1,car,0.4680,951.2,435.6,1022.0,479.0
408,0,person,0.3527,1192.2,531.0,1212.0,590.8
408,0,person,0.3118,1166.0,460.5,1179.2,498.3
408,4,other_vehicle,0.1628,1090.1,559.1,1131.1,592.5
408,2,large_vehicle,0.1185,951.2,435.6,1022.0,479.0
408,2,large_vehicle,0.1146,0.0,710.0,17.1,783.9
408,2,large_vehicle,0.1099,0.0,703.2,19.0,786.9
409,1,car,0.8850,294.5,779.0,451.2,873.4
409,1,car,0.8505,631.8,629.3,780.4,731.9
409,1,car,0.8421,833.3,670.1,994.8,767.8
409,1,car,0.7776,556.0,501.5,646.8,552.2
409,0,person,0.7108,1100.3,537.7,1119.2,590.7
409,1,car,0.4716,951.3,435.7,1021.7,479.0
409,0,person,0.3555,1192.2,531.1,1211.9,591.1
409,0,person,0.3001,1166.0,460.4,1179.2,498.3
409,4,other_vehicle,0.1619,1090.0,559.2,1131.2,592.5
409,2,large_vehicle,0.1421,0.0,710.0,17.1,783.8
409,2,large_vehicle,0.1336,951.3,435.7,1021.7,479.0
409,2,large_vehicle,0.1068,0.0,702.8,19.0,786.7
410,1,car,0.8830,294.5,779.0,451.3,873.4
410,1,car,0.8427,833.3,670.1,994.8,767.9
410,1,car,0.8335,631.7,629.2,780.4,732.0
410,1,car,0.7503,556.3,501.3,647.0,552.2
410,0,person,0.7064,1100.2,537.7,1119.2,590.6
410,1,car,0.4819,951.5,435.8,1022.0,479.1
410,0,person,0.3633,1192.3,531.2,1212.0,590.8
410,0,person,0.3011,1166.0,460.0,1179.2,498.5
410,4,other_vehicle,0.1856,1088.3,559.1,1131.2,592.3
410,2,large_vehicle,0.1349,951.5,435.8,1022.0,479.1
410,2,large_vehicle,0.1302,0.0,709.8,17.1,784.0
410,2,large_vehicle,0.1089,0.0,703.0,19.0,786.9
411,1,car,0.9013,305.0,777.3,463.5,874.6
411,1,car,0.8589,620.9,632.1,765.6,732.7
411,1,car,0.8462,842.6,667.8,1001.5,764.2
411,1,car,0.7693,556.8,501.3,646.6,552.1
411,0,person,0.6130,1099.0,536.3,1117.7,589.8
411,0,person,0.5456,1165.7,460.0,1179.0,498.6
411,1,car,0.5201,951.1,435.8,1022.1,479.0
411,0,person,0.3578,1192.4,532.4,1211.7,591.0
411,4,other_vehicle,0.3060,1086.5,555.7,1122.8,590.0
411,4,other_vehicle,0.1520,1085.5,558.9,1128.8,591.7
411,0,person,0.1173,1096.9,536.4,1115.9,588.3
411,2,large_vehicle,0.1122,951.1,435.8,1022.1,479.0
412,1,car,0.8996,305.0,777.4,463.5,874.6
412,1,car,0.8580,620.9,632.1,765.7,732.7
412,1,car,0.8445,842.6,667.8,1001.5,764.3
412,1,car,0.7462,556.8,501.3,647.4,552.1
412,0,person,0.6120,1099.0,536.3,1117.8,590.0
412,0,person,0.5284,1165.5,460.0,1178.9,498.7
412,1,car,0.4969,951.0,435.8,1022.1,479.0
412,0,person,0.3267,1192.4,532.4,1211.7,590.9
412,4,other_vehicle,0.2855,1086.7,555.7,1122.9,590.1
412,4,other_vehicle,0.1527,1085.7,559.0,1128.6,591.7
412,0,person,0.1233,1096.9,536.4,1116.0,588.5
412,2,large_vehicle,0.1205,951.0,435.8,1022.1,479.0
412,2,large_vehicle,0.1048,556.8,501.3,647.4,552.1
413,1,car,0.9103,315.3,776.8,475.2,875.0
413,1,car,0.8567,606.1,632.2,756.3,737.0
413,1,car,0.8252,854.0,663.4,1009.3,761.4
413,1,car,0.7307,556.1,501.3,649.4,552.3
413,0,person,0.5697,1095.2,536.5,1114.9,590.6
413,0,person,0.5676,1165.1,459.7,1178.8,499.0
413,1,car,0.3921,951.4,435.7,1021.8,479.0
413,0,person,0.3895,1192.2,531.3,1211.9,590.9
413,2,large_vehicle,0.1256,951.4,435.7,1021.8,479.0
414,1,car,0.9110,315.5,776.9,475.4,874.8
414,1,car,0.8164,854.1,663.5,1009.2,761.3
414,1,car,0.7329,556.0,501.2,649.2,552.3
414,1,car,0.6424,606.1,631.8,756.1,737.0
414,1,car,0.5759,606.4,631.6,755.9,737.1
414,0,person,0.5712,1095.2,536.5,1114.9,590.5
414,0,person,0.5690,1165.0,459.7,1178.7,499.0
414,0,person,0.3852,1192.2,531.4,1211.8,591.0
414,1,car,0.3701,951.5,435.7,1021.7,479.0
414,2,large_vehicle,0.1403,951.5,435.7,1021.7,479.0
415,1,car,0.9095,326.2,775.6,486.8,872.0
415,1,car,0.8955,594.3,636.5,744.6,740.1
415,1,car,0.8592,862.7,660.4,1012.9,756.7
415,1,car,0.6675,557.5,500.8,650.9,552.2
415,0,person,0.5821,1092.8,535.6,1113.5,590.6
415,0,person,0.5591,1164.6,459.3,1178.6,498.5
415,1,car,0.4546,952.1,435.7,1021.5,479.0
415,0,person,0.4512,1192.3,531.4,1211.9,591.0
415,2,large_vehicle,0.1287,952.1,435.7,1021.5,479.0
416,1,car,0.9102,326.2,775.6,486.8,872.0
416,1,car,0.8961,594.2,636.5,744.4,740.1
416,1,car,0.8623,862.7,660.4,1012.9,756.8
416,1,car,0.6541,558.6,501.2,650.7,552.1
416,0,person,0.6262,1092.6,535.5,1113.5,590.5
416,0,person,0.5515,1164.6,459.4,1178.6,498.2
416,1,car,0.4468,952.1,435.7,1021.7,479.0
416,0,person,0.4026,1192.3,531.1,1212.0,591.1
416,2,large_vehicle,0.1348,952.1,435.7,1021.7,479.0
417,1,car,0.9098,336.8,773.6,499.5,871.5
417,1,car,0.8481,581.4,638.5,731.0,742.6
417,1,car,0.7545,556.6,501.7,648.0,552.3
417,1,car,0.7299,872.3,656.8,1021.9,754.6
417,0,person,0.5591,1164.1,459.1,1178.5,498.0
417,0,person,0.5217,1091.3,536.2,1113.1,590.7
417,0,person,0.4233,1192.2,531.0,1212.3,591.1
417,1,car,0.3513,951.6,435.4,1021.5,479.2
417,0,person,0.2300,1093.3,536.2,1119.2,591.0
417,2,large_vehicle,0.1449,951.6,435.4,1021.5,479.2
418,1,car,0.9099,336.8,773.6,499.5,871.6
418,1,car,0.8500,581.4,638.6,730.8,742.5
418,1,car,0.7902,555.8,501.7,647.7,552.3
418,1,car,0.7325,872.4,656.8,1021.8,754.6
418,0,person,0.5555,1164.1,459.0,1178.5,498.0
418,0,person,0.5269,1091.2,536.2,1113.4,590.7
418,0,person,0.4283,1192.2,530.1,1212.5,591.0
418,1,car,0.3768,951.4,435.4,1021.6,479.1
418,0,person,0.2588,1093.2,536.2,1119.3,591.0
418,2,large_vehicle,0.1626,951.4,435.4,1021.6,479.1
419,1,car,0.9101,336.8,773.6,499.5,871.6
419,1,car,0.8486,581.4,638.5,731.0,742.5
419,1,car,0.7898,556.2,502.0,647.4,552.3
419,1,car,0.7329,872.3,657.0,1021.8,754.6
419,0,person,0.5513,1164.1,459.2,1178.4,498.2
419,0,person,0.5232,1091.2,536.1,1112.8,590.8
419,0,person,0.4164,1192.2,530.5,1212.3,591.0
419,1,car,0.3835,951.9,435.4,1021.6,479.1
419,0,person,0.2124,1093.3,536.1,1119.1,591.3
419,2,large_vehicle,0.1482,951.9,435.4,1021.6,479.1
420,1,car,0.9139,347.1,771.8,512.1,871.8
420,1,car,0.8032,569.3,640.6,716.7,745.2
420,1,car,0.7727,882.0,653.9,1036.6,750.6
420,1,car,0.7562,557.6,501.8,648.5,552.1
420,0,person,0.5388,1163.7,458.9,1178.1,498.1
420,0,person,0.5011,1088.0,535.8,1109.4,589.6
420,0,person,0.4632,1192.2,529.6,1212.4,590.9
420,1,car,0.3963,951.7,435.4,1021.5,479.0
420,0,person,0.2220,1084.5,536.0,1107.6,588.5
420,4,other_vehicle,0.1303,1074.6,552.1,1122.0,591.1
420,2,large_vehicle,0.1156,951.7,435.4,1021.5,479.0
420,4,other_vehicle,0.1073,1079.3,551.8,1108.5,589.7
421,1,car,0.9134,347.1,771.8,512.1,871.8
421,1,car,0.8017,569.5,640.6,716.7,745.3
421,1,car,0.7727,557.2,501.8,648.2,552.0
421,1,car,0.7631,882.1,653.9,1037.5,750.7
421,0,person,0.5298,1163.7,459.2,1178.1,498.2
421,0,person,0.5112,1088.2,535.9,1109.4,589.7
421,0,person,0.4595,1192.2,529.8,1212.3,590.9
421,1,car,0.3730,952.0,435.4,1021.1,478.9
421,0,person,0.2016,1084.5,536.0,1107.7,588.5
421,4,other_vehicle,0.1330,1074.6,552.2,1122.3,591.2
421,2,large_vehicle,0.1172,952.0,435.4,1021.1,478.9
421,4,other_vehicle,0.1067,1079.3,551.9,1108.6,589.7
422,1,car,0.8989,357.7,769.9,524.4,870.6
422,1,car,0.8629,557.3,644.2,704.2,747.7
422,1,car,0.8260,556.7,502.4,647.7,552.3
422,1,car,0.6988,891.4,651.8,1041.1,746.7
422,0,person,0.5564,1163.4,459.6,1178.0,498.4
422,0,person,0.4817,1192.2,530.8,1212.1,591.2
422,0,person,0.4479,1087.1,535.7,1107.7,588.8
422,1,car,0.4321,951.9,435.6,1021.4,478.8
422,0,person,0.3239,1084.5,535.6,1106.7,588.0
422,4,other_vehicle,0.2281,1077.9,553.5,1119.6,590.0
422,2,large_vehicle,0.1060,951.9,435.6,1021.4,478.8
422,4,other_vehicle,0.1025,1074.8,553.3,1120.3,589.7
423,1,car,0.8990,357.7,769.9,524.4,870.6
423,1,car,0.8635,557.3,644.2,704.2,747.7
423,1,car,0.8264,556.8,502.4,647.7,552.3
423,1,car,0.7004,891.4,651.8,1041.0,746.7
423,0,person,0.5532,1163.5,459.7,1178.0,498.3
423,0,person,0.4838,1192.2,530.8,1212.1,591.1
423,0,person,0.4566,1087.0,535.7,1107.7,588.8
423,1,car,0.4329,951.9,435.7,1021.3,478.8
423,0,person,0.3176,1084.5,535.7,1106.7,587.9
423,4,other_vehicle,0.2466,1077.9,553.6,1119.5,589.9
423,2,large_vehicle,0.1079,951.9,435.7,1021.3,478.8
424,1,car,0.8995,357.6,769.9,524.4,870.6
424,1,car,0.8609,557.3,644.1,704.1,747.7
424,1,car,0.8256,556.7,502.4,647.8,552.3
424,1,car,0.7041,891.4,651.8,1040.6,746.6
424,0,person,0.5570,1163.4,459.6,1178.0,498.4
424,0,person,0.4789,1192.1,530.7,1212.1,591.2
424,0,person,0.4506,1087.0,535.6,1107.7,588.9
424,1,car,0.4505,951.7,435.6,1021.0,478.8
424,0,person,0.3326,1084.4,535.6,1106.7,588.0
424,4,other_vehicle,0.2235,1078.2,553.4,1119.6,590.0
424,4,other_vehicle,0.1025,1075.3,553.1,1120.3,589.8
424,2,large_vehicle,0.1021,951.7,435.6,1021.0,478.8
425,1,car,0.8971,369.0,768.5,536.7,869.4
425,1,car,0.8093,544.6,646.5,689.5,750.3
425,1,car,0.7449,557.8,501.3,647.4,552.2
425,1,car,0.5877,901.6,649.5,1043.2,742.5
425,0,person,0.5194,1192.1,531.2,1212.2,591.1
425,0,person,0.4967,1163.4,460.1,1177.7,498.4
425,0,person,0.3744,1082.9,534.9,1105.6,588.4
425,1,car,0.3524,952.1,435.7,1020.6,479.0
425,0,person,0.3031,1085.6,534.3,1108.6,588.2
425,2,large_vehicle,0.2046,952.1,435.7,1020.6,479.0
425,4,other_vehicle,0.1176,1073.0,551.7,1118.9,589.7
426,1,car,0.8969,368.8,768.4,537.0,870.0
426,1,car,0.8180,544.6,646.7,689.5,750.1
426,1,car,0.7365,557.9,501.0,647.4,552.2
426,1,car,0.5933,901.5,649.4,1042.6,742.9
426,0,person,0.5137,1192.1,531.2,1212.2,591.1
426,0,person,0.4970,1163.4,459.9,1177.8,498.3
426,0,person,0.3766,1082.9,534.8,1105.6,588.5
426,1,car,0.3567,952.1,435.6,1020.6,479.0
426,0,person,0.3013,1085.6,534.3,1108.7,588.2
426,2,large_vehicle,0.2066,952.1,435.6,1020.6,479.0
426,4,other_vehicle,0.1162,1073.0,551.6,1118.9,589.7
427,1,car,0.8174,556.5,501.6,647.4,552.3
427,1,car,0.7581,379.6,767.2,549.0,867.2
427,1,car,0.7569,531.8,649.7,678.4,753.0
427,1,car,0.7416,907.0,647.7,1059.5,741.6
427,0,person,0.5358,1163.2,459.6,1177.4,498.6
427,0,person,0.5154,1082.0,534.9,1103.8,588.0
427,0,person,0.5072,1192.0,531.4,1212.2,591.4
427,1,car,0.4260,380.6,767.3,549.7,867.3
427,1,car,0.3675,951.6,435.4,1020.3,479.1
427,1,car,0.2260,532.3,649.4,678.0,753.2
427,2,large_vehicle,0.1638,951.6,435.4,1020.3,479.1
427,4,other_vehicle,0.1615,1074.2,553.1,1108.3,589.9
427,4,other_vehicle,0.1237,1073.4,553.1,1115.6,590.0
427,0,person,0.1047,1084.9,534.5,1108.8,588.4
428,1,car,0.8250,556.1,501.5,647.2,552.4
428,1,car,0.7734,531.9,649.7,678.4,753.0
428,1,car,0.7457,907.0,647.7,1059.2,741.5
428,1,car,0.7279,379.7,767.2,549.0,867.1
428,0,person,0.5222,1163.2,459.7,1177.4,498.7
428,0,person,0.5130,1082.0,534.9,1103.8,587.8
428,0,person,0.5059,1192.1,531.4,1212.1,591.1
428,1,car,0.4804,380.6,767.2,549.7,867.3
428,1,car,0.4061,951.3,435.3,1020.7,479.1
428,4,other_vehicle,0.1911,1073.3,553.5,1109.4,589.9
428,2,large_vehicle,0.1547,951.3,435.3,1020.7,479.1
428,4,other_vehicle,0.1526,1072.5,553.1,1115.7,590.0
428,1,car,0.1205,532.4,649.4,678.1,753.2
428,0,person,0.1084,1084.9,534.6,1108.8,588.4
429,1,car,0.8222,556.2,501.6,647.1,552.4
429,1,car,0.7725,531.9,649.7,678.4,753.0
429,1,car,0.7639,379.7,767.2,549.0,867.1
429,1,car,0.7427,907.1,647.7,1059.5,741.6
429,0,person,0.5279,1081.9,534.9,1103.7,588.0
429,0,person,0.5229,1163.2,459.8,1177.4,498.7
429,0,person,0.4971,1192.2,531.5,1212.1,591.1
429,1,car,0.4141,380.6,767.3,549.7,867.3
429,1,car,0.3817,951.5,435.3,1020.5,479.1
429,4,other_vehicle,0.1741,1073.8,553.5,1109.1,589.9
429,2,large_vehicle,0.1597,951.5,435.3,1020.5,479.1
429,4,other_vehicle,0.1503,1072.8,553.3,1115.9,590.1
429,1,car,0.1241,532.4,649.4,678.1,753.2
430,1,car,0.8898,391.0,764.4,561.5,866.9
430,1,car,0.8303,518.3,653.1,667.6,754.3
430,1,car,0.7810,556.5,501.0,647.3,552.4
430,0,person,0.5408,1162.9,460.0,1176.9,498.9
430,0,person,0.4766,1192.2,531.0,1212.0,590.8
430,0,person,0.4698,1080.7,533.7,1101.7,587.2
430,1,car,0.3761,951.6,435.4,1020.7,479.0
430,1,car,0.3293,911.9,645.1,1062.5,733.4
430,2,large_vehicle,0.1295,951.6,435.4,1020.7,479.0
431,1,car,0.8897,391.0,764.3,561.5,866.9
431,1,car,0.8354,518.2,653.1,667.4,754.3
431,1,car,0.8026,556.4,501.1,647.2,552.4
431,0,person,0.5197,1162.9,460.0,1176.9,498.8
431,0,person,0.4940,1080.5,533.9,1101.7,587.4
431,0,person,0.4867,1192.1,530.5,1212.1,591.0
431,1,car,0.3799,951.3,435.1,1020.5,478.9
431,1,car,0.3509,911.6,645.0,1062.5,733.4
431,2,large_vehicle,0.1284,951.3,435.1,1020.5,478.9
432,1,car,0.9057,402.1,762.6,574.2,866.8
432,1,car,0.8401,507.0,654.3,653.5,756.7
432,1,car,0.8372,555.3,501.8,647.3,552.5
432,1,car,0.7904,927.2,643.3,1066.7,733.1
432,0,person,0.5281,1078.5,533.5,1100.4,587.7
432,1,car,0.3705,951.5,435.0,1021.1,478.8
432,0,person,0.3559,1192.0,532.4,1212.2,591.1
432,0,person,0.2961,1162.8,459.6,1176.7,498.4
432,0,person,0.1091,1084.0,532.7,1110.0,587.9
432,2,large_vehicle,0.1042,951.5,435.0,1021.1,478.8
433,1,car,0.9048,402.1,762.6,574.2,866.7
433,1,car,0.8386,507.0,654.3,653.4,756.7
433,1,car,0.8183,555.9,501.7,647.2,552.5
433,1,car,0.7959,927.2,643.4,1066.7,733.1
433,0,person,0.5270,1078.6,533.5,1100.4,587.7
433,1,car,0.3864,951.3,434.8,1021.2,478.8
433,0,person,0.3803,1192.0,532.3,1212.1,591.2
433,0,person,0.3083,1162.8,459.6,1176.7,498.3
433,2,large_vehicle,0.1041,951.3,434.8,1021.2,478.8
433,0,person,0.1039,1083.9,532.7,1109.8,587.9
434,1,car,0.9043,402.1,762.7,574.2,866.8
434,1,car,0.8408,507.0,654.4,653.5,756.7
434,1,car,0.8250,556.4,501.5,647.3,552.4
434,1,car,0.7890,927.2,643.4,1066.7,733.2
434,0,person,0.5306,1078.4,533.5,1100.4,587.7
434,0,person,0.5046,1191.9,530.6,1212.2,591.0
434,1,car,0.4046,951.2,434.8,1021.5,478.8
434,0,person,0.3182,1162.7,459.7,1176.7,498.3
434,0,person,0.1276,1083.8,532.7,1109.8,587.8
434,2,large_vehicle,0.1075,951.2,434.8,1021.5,478.8
435,1,car,0.9099,413.2,761.8,586.9,863.3
435,1,car,0.8449,494.4,655.5,640.3,757.2
435,1,car,0.7904,558.4,501.2,647.5,552.0
435,1,car,0.7730,936.0,640.9,1074.6,731.6
435,0,person,0.4011,1077.3,533.5,1099.7,588.3
435,1,car,0.3886,952.6,435.5,1021.4,478.6
435,0,person,0.3766,1191.8,531.1,1211.9,591.3
435,0,person,0.1742,1073.8,533.9,1096.7,587.9
435,0,person,0.1578,1082.7,533.0,1108.3,587.7
435,0,person,0.1278,1162.5,459.8,1176.1,497.6
435,2,large_vehicle,0.1146,952.6,435.5,1021.4,478.6
436,1,car,0.9096,413.1,761.8,586.8,863.3
436,1,car,0.8457,494.4,655.5,640.1,757.2
436,1,car,0.7759,558.4,501.0,647.4,552.0
436,1,car,0.7726,936.0,640.9,1074.6,731.7
436,0,person,0.4100,1077.3,533.6,1099.6,588.3
436,0,person,0.3840,1191.8,531.2,1211.8,591.4
436,1,car,0.3691,952.6,435.4,1021.4,478.7
436,0,person,0.1663,1082.8,533.1,1108.3,587.7
436,0,person,0.1644,1073.9,534.0,1096.5,587.9
436,2,large_vehicle,0.1192,952.6,435.4,1021.4,478.7
436,0,person,0.1137,1162.5,459.7,1176.0,497.5
437,1,car,0.9062,426.9,759.4,598.3,862.9
437,1,car,0.8459,481.5,658.2,627.0,759.3
437,1,car,0.8068,558.3,501.7,647.4,552.1
437,1,car,0.7720,944.5,637.4,1079.6,728.3
437,1,car,0.4293,951.3,435.4,1021.1,479.0
437,0,person,0.2662,1075.3,533.6,1098.9,588.6
437,0,person,0.2012,1191.7,533.0,1212.0,591.3
437,2,large_vehicle,0.1685,951.3,435.4,1021.1,479.0
437,0,person,0.1563,1073.3,533.9,1095.9,588.0
437,0,person,0.1239,1162.1,459.4,1175.7,496.9
438,1,car,0.9066,426.9,759.5,598.3,863.0
438,1,car,0.8474,481.4,658.2,626.8,759.3
438,1,car,0.8061,558.3,501.7,647.4,552.1
438,1,car,0.7635,944.5,637.4,1079.3,728.4
438,1,car,0.4214,951.2,435.4,1021.1,479.0
438,0,person,0.2726,1075.7,533.7,1098.6,588.6
438,0,person,0.2242,1191.7,532.3,1212.0,590.9
438,0,person,0.2086,1073.3,533.9,1095.9,588.1
438,2,large_vehicle,0.1698,951.2,435.4,1021.1,479.0
438,0,person,0.1335,1085.5,532.7,1107.8,587.0
438,0,person,0.1253,1162.1,459.5,1175.6,496.9
439,1,car,0.9023,438.2,755.9,611.1,861.3
439,1,car,0.8577,953.4,634.5,1085.7,723.8
439,1,car,0.8506,468.4,661.1,613.5,757.6
439,1,car,0.7962,557.1,501.4,647.2,552.2
439,1,car,0.3548,951.2,435.3,1021.1,478.7
439,0,person,0.2082,1161.5,459.3,1175.4,496.5
439,2,large_vehicle,0.1366,951.2,435.3,1021.1,478.7
440,1,car,0.9029,438.2,755.9,611.1,861.2
440,1,car,0.8545,953.4,634.5,1085.8,723.9
440,1,car,0.8515,468.4,661.1,613.4,757.8
440,1,car,0.7937,557.3,501.7,647.5,552.3
440,1,car,0.3710,951.0,435.0,1021.2,478.7
440,0,person,0.2536,1161.5,459.4,1175.3,496.4
440,0,person,0.1939,1191.4,531.5,1212.1,591.0
440,2,large_vehicle,0.1523,951.0,435.0,1021.2,478.7
441,1,car,0.9146,449.7,753.6,623.8,859.5
441,1,car,0.8795,961.4,632.7,1093.0,720.6
441,1,car,0.8539,457.0,663.5,601.8,762.7
441,1,car,0.8241,556.3,502.1,647.6,552.4
441,1,car,0.3763,952.0,435.0,1021.0,478.5
441,0,person,0.3660,1161.1,459.4,1174.9,496.2
441,0,person,0.3105,1191.7,531.1,1212.1,590.9
441,0,person,0.2729,1070.8,533.8,1092.3,587.4
441,2,large_vehicle,0.1401,952.0,435.0,1021.0,478.5
442,1,car,0.9151,449.7,753.6,623.8,859.5
442,1,car,0.8783,961.4,632.7,1092.8,720.5
442,1,car,0.8560,456.9,663.5,601.6,762.5
442,1,car,0.8295,555.6,502.2,648.0,552.3
442,1,car,0.3665,951.8,434.9,1020.9,478.4
442,0,person,0.3664,1191.7,530.6,1212.2,590.8
442,0,person,0.3657,1161.1,459.4,1174.9,496.2
442,0,person,0.2397,1070.9,533.8,1092.3,587.3
442,2,large_vehicle,0.1326,951.8,434.9,1020.9,478.4
443,1,car,0.9151,449.8,753.6,623.8,859.5
443,1,car,0.8782,961.5,632.7,1093.0,720.6
443,1,car,0.8551,456.9,663.5,601.8,762.8
443,1,car,0.8329,556.7,501.9,647.6,552.3
443,0,person,0.3604,1161.1,459.3,1174.8,496.0
443,0,person,0.3224,1191.9,531.3,1211.9,590.9
443,1,car,0.3054,951.9,434.7,1020.4,478.4
443,2,large_vehicle,0.1572,951.9,434.7,1020.4,478.4
443,0,person,0.1362,1070.9,533.8,1092.1,587.1
444,1,car,0.9032,461.4,751.0,635.9,857.1
444,1,car,0.8541,444.0,665.6,590.2,766.8
444,1,car,0.8019,558.6,501.5,647.3,552.1
444,1,car,0.7850,970.1,630.0,1099.1,715.1
444,1,car,0.3331,952.4,435.0,1020.1,478.4
444,0,person,0.2922,1160.9,459.5,1174.5,493.8
444,0,person,0.2154,1192.1,533.3,1211.7,590.8
444,2,large_vehicle,0.1258,952.4,435.0,1020.1,478.4
445,1,car,0.9035,461.4,751.0,635.9,857.1
445,1,car,0.8541,444.0,665.6,590.2,766.8
445,1,car,0.7955,558.6,501.3,647.2,552.1
445,1,car,0.7919,970.1,630.1,1099.1,715.1
445,1,car,0.3254,952.3,435.0,1019.8,478.4
445,0,person,0.2935,1160.9,459.4,1174.5,493.9
445,0,person,0.2890,1192.0,531.9,1211.7,591.0
445,2,large_vehicle,0.1295,952.3,435.0,1019.8,478.4
446,1,car,0.8981,473.6,750.6,647.7,856.5
446,1,car,0.8172,557.7,501.9,647.1,552.2
446,1,car,0.8074,978.1,627.4,1105.5,713.7
446,1,car,0.7017,431.7,667.7,585.1,770.4
446,0,person,0.3607,1160.4,459.1,1174.2,493.2
446,1,car,0.3584,951.5,434.8,1020.0,478.7
446,2,large_vehicle,0.2045,951.5,434.8,1020.0,478.7
446,0,person,0.1222,1068.6,532.9,1089.6,587.9
447,1,car,0.8984,473.6,750.6,647.7,856.5
447,1,car,0.8250,557.6,501.8,647.0,552.2
447,1,car,0.8074,978.1,627.3,1105.5,713.8
447,1,car,0.7027,431.7,667.7,585.5,770.4
447,0,person,0.3605,1160.4,459.2,1174.1,493.1
447,1,car,0.3559,951.4,434.7,1020.3,478.7
447,2,large_vehicle,0.2018,951.4,434.7,1020.3,478.7
447,0,person,0.1299,1068.5,532.9,1089.6,587.8
448,1,car,0.8992,473.6,750.6,647.7,856.5
448,1,car,0.8174,557.5,501.7,647.1,552.2
448,1,car,0.8078,978.1,627.3,1105.4,713.7
448,1,car,0.7131,431.8,667.8,582.6,770.4
448,0,person,0.3769,1160.4,459.1,1174.2,493.4
448,1,car,0.3745,951.2,434.9,1020.1,478.7
448,2,large_vehicle,0.2091,951.2,434.9,1020.1,478.7
448,0,person,0.1844,1068.5,533.1,1089.5,587.9
448,0,person,0.1149,1192.3,536.0,1211.0,590.9
449,1,car,0.8922,984.9,626.1,1109.9,711.0
449,1,car,0.8746,486.7,747.5,661.0,854.8
449,1,car,0.8036,559.2,502.2,647.2,552.0
449,1,car,0.7544,419.5,671.1,559.5,769.8
449,0,person,0.4550,1191.9,529.8,1212.0,590.8
449,0,person,0.4534,1066.0,533.2,1088.1,587.5
449,0,person,0.4514,1159.5,458.8,1174.4,494.7
449,1,car,0.2496,951.6,434.5,1020.3,478.4
449,2,large_vehicle,0.1773,951.6,434.5,1020.3,478.4
449,1,car,0.1449,562.7,502.2,647.9,551.7
450,1,car,0.8883,984.9,626.1,1110.6,711.1
450,1,car,0.8713,486.6,747.4,660.9,854.8
450,1,car,0.7970,559.6,502.2,647.5,552.0
450,1,car,0.7507,419.5,671.2,559.5,769.4
450,0,person,0.4648,1066.2,533.3,1088.1,587.5
450,0,person,0.4485,1159.5,458.9,1174.4,494.6
450,0,person,0.4424,1191.9,529.7,1212.0,590.9
450,1,car,0.2335,951.8,434.5,1020.3,478.4
450,2,large_vehicle,0.1903,951.8,434.5,1020.3,478.4
450,1,car,0.1479,563.0,502.2,648.4,551.7
450,4,other_vehicle,0.1108,1058.7,553.9,1097.5,588.9
450,4,other_vehicle,0.1021,1058.0,551.4,1102.8,589.4
451,1,car,0.9078,498.6,744.2,673.3,851.8
451,1,car,0.8322,555.4,502.2,647.6,552.3
451,1,car,0.8308,992.4,622.8,1115.3,707.6
451,1,car,0.6569,407.8,673.2,547.5,772.9
451,0,person,0.4830,1159.0,459.0,1174.0,495.2
451,0,person,0.4111,1192.0,531.4,1211.7,590.8
451,1,car,0.3133,951.6,434.6,1020.7,478.3
451,0,person,0.2715,1064.5,532.3,1086.1,586.1
451,1,car,0.1936,407.6,673.4,549.3,773.4
451,2,large_vehicle,0.1412,951.6,434.6,1020.7,478.3
452,1,car,0.9079,498.6,744.3,673.4,851.8
452,1,car,0.8279,992.4,622.8,1115.0,707.5
452,1,car,0.8270,556.0,502.1,647.4,552.2
452,1,car,0.5721,407.6,673.5,549.7,773.4
452,0,person,0.5128,1158.9,459.0,1174.0,495.3
452,1,car,0.3450,951.9,434.6,1021.5,478.3
452,1,car,0.3257,407.9,673.3,547.6,772.9
452,0,person,0.3225,1192.1,532.9,1211.6,590.8
452,0,person,0.2434,1064.5,532.1,1086.1,585.9
452,2,large_vehicle,0.1385,951.9,434.6,1021.5,478.3
453,1,car,0.9081,498.6,744.3,673.4,851.8
453,1,car,0.8252,992.5,622.8,1115.1,707.6
453,1,car,0.8216,555.9,502.1,647.4,552.2
453,1,car,0.5194,407.6,673.5,549.4,773.4
453,0,person,0.4792,1159.0,458.9,1174.0,495.0
453,1,car,0.3838,407.9,673.3,547.5,772.9
453,0,person,0.3589,1192.0,532.4,1211.7,590.8
453,1,car,0.3215,952.0,434.6,1020.8,478.3
453,0,person,0.2353,1064.5,532.1,1086.1,585.9
453,2,large_vehicle,0.1433,952.0,434.6,1020.8,478.3
454,1,car,0.9013,509.9,745.4,685.2,849.1
454,1,car,0.8352,395.3,675.9,535.3,774.2
454,1,car,0.7913,1001.0,621.4,1121.6,705.9
454,1,car,0.7411,559.7,501.3,647.7,551.9
454,0,person,0.5228,1158.7,459.2,1173.3,495.1
454,1,car,0.3614,953.0,434.9,1022.6,478.2
454,0,person,0.2898,1061.5,531.7,1083.0,583.8
454,2,large_vehicle,0.1706,953.0,434.9,1022.6,478.2
454,0,person,0.1238,1192.4,536.6,1211.0,590.5
454,0,person,0.1014,1064.6,531.4,1085.1,583.6
455,1,car,0.9025,510.0,745.8,685.2,849.0
455,1,car,0.8327,395.3,675.8,535.4,774.2
455,1,car,0.7911,1001.0,621.5,1121.6,705.9
455,1,car,0.7582,558.3,501.3,647.2,552.0
455,0,person,0.5377,1158.7,459.7,1173.3,495.1
455,1,car,0.4185,952.9,435.0,1022.5,478.4
455,0,person,0.2767,1061.9,531.6,1082.9,583.5
455,2,large_vehicle,0.1848,952.9,435.0,1022.5,478.4
455,0,person,0.1224,1064.8,531.3,1085.1,583.3
456,1,car,0.9068,522.3,739.9,697.0,848.4
456,1,car,0.8187,383.6,678.7,521.2,777.9
456,1,car,0.7967,557.0,501.4,647.2,552.0
456,1,car,0.7343,1007.9,617.7,1129.1,703.0
456,0,person,0.5396,1158.2,459.4,1173.0,495.0
456,1,car,0.4441,951.9,434.7,1022.7,478.5
456,2,large_vehicle,0.2171,951.9,434.7,1022.7,478.5
456,0,person,0.1897,1192.1,533.0,1211.3,590.9
456,0,person,0.1649,1060.8,530.6,1081.5,582.5
456,2,large_vehicle,0.1318,1007.9,617.7,1129.1,703.0
457,1,car,0.9070,522.3,739.9,697.0,848.3
457,1,car,0.8223,383.6,678.7,521.2,777.9
457,1,car,0.8103,556.9,501.4,647.3,552.0
457,1,car,0.7394,1007.8,617.7,1129.1,703.0
457,0,person,0.5382,1158.3,459.4,1173.0,495.0
457,1,car,0.4661,951.4,434.7,1022.7,478.6
457,0,person,0.3280,1192.0,530.9,1211.6,590.8
457,2,large_vehicle,0.2201,951.4,434.7,1022.7,478.6
457,0,person,0.1589,1060.9,530.6,1081.5,582.5
457,2,large_vehicle,0.1289,1007.8,617.7,1129.1,703.0
458,1,car,0.9064,522.3,739.9,697.0,848.4
458,1,car,0.8179,383.6,678.6,521.2,777.9
458,1,car,0.8073,556.7,501.4,647.6,552.0
458,1,car,0.7367,1007.9,617.7,1129.2,703.0
458,0,person,0.5147,1158.3,459.4,1172.9,495.2
458,1,car,0.4237,952.1,434.3,1022.8,478.5
458,0,person,0.3882,1192.0,530.2,1212.0,590.9
458,2,large_vehicle,0.2284,952.1,434.3,1022.8,478.5
458,0,person,0.1535,1060.8,530.4,1081.5,582.6
458,2,large_vehicle,0.1320,1007.9,617.7,1129.2,703.0
459,1,car,0.9156,533.5,738.2,707.7,845.1
459,1,car,0.8494,370.8,678.6,510.6,776.3
459,1,car,0.7818,557.3,501.4,646.9,552.1
459,1,car,0.7455,1015.4,615.2,1132.4,699.9
459,0,person,0.5131,1158.1,459.5,1172.7,495.3
459,0,person,0.4739,1059.8,532.8,1080.3,584.1
459,1,car,0.3800,951.6,434.6,1022.3,478.5
459,0,person,0.3612,1192.1,531.3,1211.7,590.8
459,2,large_vehicle,0.2348,951.6,434.6,1022.3,478.5
459,2,large_vehicle,0.1008,1015.4,615.2,1132.4,699.9
460,1,car,0.9153,533.5,738.2,707.6,845.1
460,1,car,0.8475,370.8,678.5,510.4,776.3
460,1,car,0.7564,556.9,500.9,646.8,552.1
460,1,car,0.7339,1015.4,615.2,1132.5,699.9
460,0,person,0.5041,1158.3,459.5,1173.0,495.3
460,0,person,0.4743,1059.8,532.7,1080.4,584.1
460,1,car,0.3599,951.6,434.6,1021.9,478.5
460,0,person,0.2556,1192.3,532.6,1211.6,590.7
460,2,large_vehicle,0.2323,951.6,434.6,1021.9,478.5
460,2,large_vehicle,0.1073,1015.4,615.2,1132.5,699.9
461,1,car,0.8991,546.0,735.3,719.8,841.7
461,1,car,0.8571,1022.7,613.6,1139.5,697.7
461,1,car,0.8274,556.2,501.2,647.8,552.1
461,1,car,0.8145,359.6,683.8,497.3,779.2
461,0,person,0.4576,1158.0,459.2,1171.9,494.9
461,1,car,0.2995,952.1,434.5,1021.6,478.1
461,0,person,0.1859,1192.5,528.9,1212.2,589.9
461,2,large_vehicle,0.1543,952.1,434.5,1021.6,478.1
461,0,person,0.1271,1058.3,531.6,1078.2,581.5
462,1,car,0.8985,546.1,735.3,719.8,841.8
462,1,car,0.8583,1022.8,613.8,1139.2,697.9
462,1,car,0.8282,556.2,501.2,647.7,552.1
462,1,car,0.8094,359.6,683.9,497.2,779.3
462,0,person,0.5161,1158.0,459.3,1171.8,495.0
462,1,car,0.3158,952.3,434.6,1022.0,478.2
462,0,person,0.3046,1192.1,531.9,1211.4,590.6
462,2,large_vehicle,0.1619,952.3,434.6,1022.0,478.2
462,0,person,0.1182,1058.4,531.5,1078.1,580.9
463,1,car,0.9091,557.5,732.2,731.9,839.8
463,1,car,0.8711,1029.0,611.6,1143.6,695.4
463,1,car,0.7533,555.3,500.0,647.8,551.8
463,1,car,0.6510,347.6,682.4,484.0,782.0
463,0,person,0.5576,1157.6,459.0,1171.7,494.9
463,0,person,0.4389,1057.8,532.3,1077.4,582.5
463,1,car,0.3539,953.1,434.7,1022.0,478.0
463,1,car,0.3001,347.4,682.7,483.8,782.2
463,0,person,0.2379,1192.4,533.6,1211.2,590.3
463,2,large_vehicle,0.1689,953.1,434.7,1022.0,478.0
464,1,car,0.9102,557.5,732.2,731.9,839.8
464,1,car,0.8726,1028.9,611.6,1143.6,695.4
464,1,car,0.7886,555.1,500.6,647.6,551.9
464,1,car,0.5753,347.5,682.7,483.9,782.2
464,0,person,0.4905,1157.7,458.9,1171.6,494.4
464,0,person,0.4491,1057.9,532.2,1077.3,582.0
464,1,car,0.3909,347.6,682.5,484.0,782.0
464,1,car,0.3632,953.0,434.5,1022.1,478.2
464,2,large_vehicle,0.2101,953.0,434.5,1022.1,478.2
464,0,person,0.1337,1192.7,529.9,1211.9,589.2
465,1,car,0.9143,569.5,729.8,743.5,836.6
465,1,car,0.8007,554.6,500.7,647.2,552.1
465,1,car,0.7626,337.0,687.2,469.0,784.1
465,1,car,0.7449,1036.4,609.6,1148.6,691.8
465,1,car,0.4154,951.6,434.4,1021.4,478.4
465,0,person,0.3829,1056.0,531.3,1075.6,581.1
465,0,person,0.3596,1157.6,458.6,1171.3,493.5
465,2,large_vehicle,0.2261,951.6,434.4,1021.4,478.4
465,0,person,0.1681,1156.5,458.7,1169.7,493.0
465,2,large_vehicle,0.1364,1036.4,609.6,1148.6,691.8
465,0,person,0.1100,1192.7,529.5,1212.0,589.4
466,1,car,0.9140,569.5,729.8,743.5,836.6
466,1,car,0.8007,554.7,500.9,647.2,552.1
466,1,car,0.7631,337.1,687.2,469.0,784.1
466,1,car,0.7484,1036.4,609.6,1148.6,691.9
466,1,car,0.4319,951.5,434.3,1021.6,478.4
466,0,person,0.3885,1056.0,531.2,1075.6,581.1
466,0,person,0.3566,1157.6,458.7,1171.4,493.5
466,2,large_vehicle,0.2184,951.5,434.3,1021.6,478.4
466,0,person,0.1863,1192.5,548.5,1210.4,590.7
466,0,person,0.1694,1156.4,458.7,1169.7,493.0
466,2,large_vehicle,0.1338,1036.4,609.6,1148.6,691.9
466,0,person,0.1064,428.6,742.4,452.4,791.9
467,1,car,0.9143,569.5,729.8,743.5,836.6
467,1,car,0.7959,555.1,500.8,647.1,552.1
467,1,car,0.7601,337.0,687.3,469.0,784.1
467,1,car,0.7453,1036.4,609.6,1148.6,691.9
467,1,car,0.4280,951.8,434.4,1021.3,478.5
467,0,person,0.3821,1055.8,531.0,1075.7,581.3
467,0,person,0.3139,1157.6,458.6,1171.2,493.2
467,2,large_vehicle,0.2128,951.8,434.4,1021.3,478.5
467,0,person,0.1732,1156.5,458.7,1169.6,492.8
467,2,large_vehicle,0.1358,1036.4,609.6,1148.6,691.9
468,1,car,0.9083,582.1,727.7,755.0,832.9
468,1,car,0.7923,1043.4,607.2,1153.0,688.1
468,1,car,0.7687,557.8,500.9,647.9,552.0
468,1,car,0.4596,951.0,434.5,1021.3,478.2
468,0,person,0.3811,1054.3,531.0,1074.7,584.7
468,0,person,0.2579,1156.2,458.7,1169.7,492.5
468,0,person,0.2216,1157.4,458.6,1171.3,492.8
468,2,large_vehicle,0.1699,951.0,434.5,1021.3,478.2
468,1,car,0.1337,325.7,686.8,459.4,783.3
468,1,car,0.1252,326.1,686.7,459.5,782.7
468,0,person,0.1200,1192.5,549.3,1210.4,590.6
469,1,car,0.9078,582.1,727.7,755.0,832.9
469,1,car,0.7919,1043.4,607.2,1153.0,688.1
469,1,car,0.7499,557.4,500.6,647.6,552.0
469,1,car,0.4210,951.0,434.4,1021.5,478.3
469,0,person,0.3722,1054.3,531.0,1074.7,584.7
469,0,person,0.2648,1156.3,458.7,1169.7,492.5
469,0,person,0.2290,1157.4,458.6,1171.2,492.8
469,2,large_vehicle,0.1913,951.0,434.4,1021.5,478.3
469,1,car,0.1680,326.1,686.6,459.5,783.0
469,1,car,0.1053,325.8,686.7,459.4,783.5
470,1,car,0.9183,591.9,725.0,766.8,829.8
470,1,car,0.7855,555.2,501.2,648.3,552.0
470,1,car,0.7266,1049.2,604.6,1158.7,686.3
470,1,car,0.5163,316.0,692.0,448.9,787.5
470,0,person,0.4215,1155.9,458.9,1169.7,492.8
470,1,car,0.3522,951.3,433.9,1021.8,478.0
470,0,person,0.2772,1192.2,530.4,1211.7,590.2
470,0,person,0.1921,1051.7,529.9,1072.1,584.4
470,0,person,0.1644,1054.0,530.1,1074.1,584.8
470,2,large_vehicle,0.1580,951.3,433.9,1021.8,478.0
470,0,person,0.1375,1157.2,458.7,1171.3,492.9
471,1,car,0.9183,591.9,725.0,766.8,829.8
471,1,car,0.7835,554.7,501.2,648.4,552.0
471,1,car,0.7272,1049.2,604.6,1158.7,686.3
471,1,car,0.5173,316.0,692.0,448.9,787.5
471,0,person,0.4518,1155.9,458.8,1169.7,492.7
471,1,car,0.3493,951.3,433.9,1021.8,478.0
471,0,person,0.2690,1192.2,530.5,1211.7,590.2
471,0,person,0.2014,1051.7,529.8,1072.1,584.4
471,0,person,0.1651,1053.9,529.9,1074.2,584.8
471,2,large_vehicle,0.1557,951.3,433.9,1021.8,478.0
471,0,person,0.1223,1157.1,458.6,1171.3,492.9
472,1,car,0.9180,591.9,725.0,766.8,829.9
472,1,car,0.7791,554.7,501.2,648.6,552.0
472,1,car,0.7254,1049.2,604.6,1158.9,686.3
472,1,car,0.5090,316.0,692.0,448.9,787.5
472,0,person,0.3982,1155.9,458.9,1169.7,492.8
472,1,car,0.2803,951.1,433.4,1021.6,477.8
472,0,person,0.2343,1192.2,530.9,1211.7,590.2
472,0,person,0.1854,1051.7,529.9,1072.1,584.6
472,0,person,0.1592,1053.9,530.1,1074.2,584.9
472,2,large_vehicle,0.1457,951.1,433.4,1021.6,477.8
472,0,person,0.1340,1157.2,458.8,1171.3,493.0
473,1,car,0.9052,604.4,722.7,778.1,827.1
473,1,car,0.7315,553.8,499.6,651.9,551.8
473,1,car,0.6767,1056.3,603.7,1163.0,683.1
473,0,person,0.4545,1155.7,458.6,1169.6,492.9
473,1,car,0.3840,304.1,689.5,435.4,788.2
473,0,person,0.3206,1192.1,530.0,1212.0,590.4
473,2,large_vehicle,0.2869,952.4,433.4,1021.9,477.9
473,0,person,0.2442,1050.7,529.9,1072.5,585.9
473,1,car,0.2115,952.4,433.4,1021.9,477.9
473,2,large_vehicle,0.1837,1056.3,603.7,1163.0,683.1
474,1,car,0.9050,604.2,722.8,778.0,827.1
474,1,car,0.7313,553.7,499.5,652.2,551.8
474,1,car,0.6990,1056.2,603.7,1163.2,683.2
474,0,person,0.4602,1155.7,458.3,1169.7,492.9
474,1,car,0.4273,303.9,689.8,435.4,788.3
474,0,person,0.3284,1192.1,530.1,1212.1,590.3
474,2,large_vehicle,0.2466,952.2,433.3,1021.8,477.9
474,1,car,0.2212,952.2,433.3,1021.8,477.9
474,0,person,0.2198,1050.8,530.1,1072.3,585.7
474,2,large_vehicle,0.1429,1056.2,603.7,1163.2,683.2
475,1,car,0.9055,618.2,719.7,790.6,825.0
475,1,car,0.7741,556.1,500.6,647.8,552.1
475,1,car,0.5361,1061.7,601.4,1167.2,681.4
475,0,person,0.5360,1155.4,458.1,1169.5,493.1
475,2,large_vehicle,0.3752,950.8,433.3,1021.3,478.3
475,1,car,0.3249,291.8,696.3,420.6,787.2
475,2,large_vehicle,0.2990,1061.7,601.4,1167.2,681.4
475,1,car,0.2158,950.8,433.3,1021.3,478.3
475,0,person,0.1285,1048.5,530.4,1071.6,589.7
476,1,car,0.9051,618.2,719.6,790.6,825.0
476,1,car,0.7448,555.8,500.3,648.3,552.0
476,1,car,0.5366,1061.7,601.4,1167.1,681.4
476,0,person,0.5231,1155.5,458.0,1169.6,493.4
476,2,large_vehicle,0.3727,951.1,433.4,1021.6,478.3
476,1,car,0.3502,291.7,696.2,420.5,788.0
476,2,large_vehicle,0.2891,1061.7,601.4,1167.1,681.4
476,1,car,0.2292,951.1,433.4,1021.6,478.3
476,0,person,0.1191,1050.4,530.7,1069.6,584.4
476,0,person,0.1053,379.1,743.0,404.9,805.3
477,1,car,0.9052,618.2,719.6,790.6,825.0
477,1,car,0.7472,555.9,500.3,648.2,552.0
477,1,car,0.5415,1061.7,601.4,1167.1,681.4
477,0,person,0.5403,1155.4,458.1,1169.5,493.2
477,2,large_vehicle,0.3679,951.1,433.4,1021.4,478.3
477,1,car,0.3472,291.7,696.2,420.5,787.9
477,2,large_vehicle,0.2804,1061.7,601.4,1167.1,681.4
477,1,car,0.2300,951.1,433.4,1021.4,478.3
477,0,person,0.1360,1050.4,530.7,1069.6,584.3
477,0,person,0.1071,379.1,743.0,404.9,805.3
478,1,car,0.8894,630.0,716.5,802.4,822.0
478,1,car,0.7059,555.9,500.0,651.6,551.8
478,1,car,0.5468,1068.4,599.2,1172.8,677.3
478,0,person,0.5189,1155.3,458.0,1169.3,493.3
478,2,large_vehicle,0.3440,951.1,433.4,1021.7,478.1
478,2,large_vehicle,0.3111,1068.4,599.2,1172.8,677.3
478,0,person,0.2591,1049.0,530.3,1069.4,581.2
478,1,car,0.2211,951.1,433.4,1021.7,478.1
478,0,person,0.1050,1192.3,534.9,1211.4,590.1
479,1,car,0.8895,630.0,716.5,802.3,822.0
479,1,car,0.7358,556.6,500.3,651.5,551.8
479,0,person,0.5394,1155.2,457.8,1169.3,493.2
479,1,car,0.5363,1068.4,599.2,1172.8,677.3
479,2,large_vehicle,0.3557,951.3,433.4,1021.9,478.1
479,2,large_vehicle,0.3195,1068.4,599.2,1172.8,677.3
479,0,person,0.2419,1048.9,530.4,1069.4,581.1
479,1,car,0.1998,951.3,433.4,1021.9,478.1
480,1,car,0.8990,640.8,713.8,813.3,821.1
480,1,car,0.7613,555.9,500.7,651.6,551.9
480,1,car,0.5187,1074.0,595.9,1176.2,674.1
480,0,person,0.5161,1155.0,457.6,1169.1,493.2
480,1,car,0.2539,272.4,699.0,398.1,791.1
480,2,large_vehicle,0.2520,1074.0,595.9,1176.2,674.1
480,0,person,0.2499,1047.3,531.1,1067.1,580.2
480,2,large_vehicle,0.2225,951.4,432.9,1021.5,477.9
480,0,person,0.1865,1047.8,530.7,1064.2,570.5
480,1,car,0.1755,951.4,432.9,1021.5,477.9
481,1,car,0.8989,640.8,713.9,813.3,821.1
481,1,car,0.7538,554.2,500.6,651.2,551.9
481,1,car,0.5174,1074.0,595.8,1176.2,674.1
481,0,person,0.5122,1155.0,457.5,1169.1,493.2
481,0,person,0.2557,1047.3,531.0,1067.1,580.7
481,2,large_vehicle,0.2480,1074.0,595.8,1176.2,674.1
481,2,large_vehicle,0.2400,951.3,432.7,1021.8,477.9
481,1,car,0.2390,272.5,699.0,398.2,790.9
481,0,person,0.1718,1047.8,530.7,1064.2,570.6
481,1,car,0.1604,951.3,432.7,1021.8,477.9
481,0,person,0.1230,1192.1,533.1,1211.5,590.0
481,0,person,0.1039,1047.1,533.0,1070.7,590.0
482,1,car,0.8982,640.8,713.9,813.3,821.1
482,1,car,0.7462,554.8,500.5,652.1,551.8
482,1,car,0.5284,1074.0,595.9,1176.3,674.1
482,0,person,0.5150,1155.0,457.6,1169.1,493.2
482,2,large_vehicle,0.2635,951.1,432.7,1021.3,477.9
482,1,car,0.2608,272.5,698.9,398.3,791.2
482,0,person,0.2448,1047.3,531.1,1067.2,580.4
482,2,large_vehicle,0.2332,1074.0,595.9,1176.3,674.1
482,0,person,0.1810,1047.8,530.7,1064.3,570.5
482,1,car,0.1551,951.1,432.7,1021.3,477.9
482,0,person,0.1211,1047.2,533.0,1070.9,589.9
483,1,car,0.8756,652.9,711.4,824.0,817.4
483,1,car,0.7410,555.1,499.9,651.1,551.6
483,0,person,0.5475,1154.4,457.5,1168.9,492.8
483,1,car,0.5305,1080.1,595.6,1180.5,672.1
483,0,person,0.3638,1045.5,531.0,1067.1,582.4
483,2,large_vehicle,0.3399,1080.1,595.6,1180.5,672.1
483,2,large_vehicle,0.3102,952.4,433.2,1020.9,477.8
483,1,car,0.1935,264.6,700.0,389.2,792.8
483,1,car,0.1775,952.4,433.2,1020.9,477.8
483,0,person,0.1203,1046.1,530.8,1063.9,570.6
484,1,car,0.8745,652.9,711.5,824.0,817.4
484,1,car,0.7373,555.2,499.7,651.5,551.6
484,0,person,0.5667,1154.3,457.4,1168.9,492.8
484,1,car,0.5489,1080.1,595.6,1180.5,672.1
484,0,person,0.3667,1045.6,531.0,1067.1,582.6
484,2,large_vehicle,0.3271,1080.1,595.6,1180.5,672.1
484,2,large_vehicle,0.3001,952.4,433.3,1021.0,477.8
484,1,car,0.2115,264.9,700.0,389.1,792.8
484,0,person,0.1782,1192.5,548.6,1210.6,590.7
484,1,car,0.1770,952.4,433.3,1021.0,477.8
484,0,person,0.1198,1046.1,530.9,1063.9,570.6
484,0,person,0.1139,1192.7,529.0,1212.6,589.3
485,1,car,0.8855,664.6,708.7,835.2,815.3
485,1,car,0.7488,555.3,500.4,651.1,551.9
485,0,person,0.4711,1154.0,457.6,1168.3,492.8
485,2,large_vehicle,0.4349,1086.6,593.9,1184.8,669.1
485,2,large_vehicle,0.3229,951.8,433.3,1020.9,477.9
485,1,car,0.2788,1086.6,593.9,1184.8,669.1
485,1,car,0.2144,951.8,433.3,1020.9,477.9
486,1,car,0.8853,664.7,708.8,835.3,815.3
486,1,car,0.7501,555.4,500.7,651.8,551.8
486,0,person,0.4771,1154.0,457.6,1168.3,492.8
486,2,large_vehicle,0.4405,1086.6,594.1,1184.8,669.1
486,2,large_vehicle,0.3261,951.8,433.4,1020.9,477.9
486,1,car,0.2820,1086.6,594.1,1184.8,669.1
486,1,car,0.2177,951.8,433.4,1020.9,477.9
487,1,car,0.8484,675.7,706.9,846.2,813.1
487,1,car,0.7451,553.9,500.0,651.6,551.8
487,0,person,0.4772,1153.7,457.6,1168.0,492.4
487,2,large_vehicle,0.3942,1092.0,591.4,1189.1,665.9
487,1,car,0.2983,951.5,433.6,1021.1,478.1
487,2,large_vehicle,0.2621,951.5,433.6,1021.1,478.1
487,1,car,0.2611,1092.0,591.4,1189.1,665.9
487,0,person,0.1359,1042.7,527.7,1064.5,586.9
488,1,car,0.8475,675.7,706.9,846.2,813.0
488,1,car,0.7683,554.8,500.5,650.1,551.7
488,0,person,0.5032,1153.7,457.6,1168.0,492.4
488,2,large_vehicle,0.4145,1091.9,591.3,1189.1,665.8
488,1,car,0.2711,1091.9,591.3,1189.1,665.8
488,2,large_vehicle,0.2657,951.2,433.6,1020.7,478.0
488,1,car,0.2641,951.2,433.6,1020.7,478.0
488,0,person,0.1280,1042.7,528.0,1064.3,586.5
488,0,person,0.1073,1192.3,533.5,1211.0,589.8
489,1,car,0.8956,688.0,704.2,856.6,809.0
489,1,car,0.7765,552.7,500.6,649.5,551.9
489,0,person,0.5026,1153.6,457.6,1167.5,492.1
489,2,large_vehicle,0.4321,1096.8,588.9,1193.2,664.7
489,2,large_vehicle,0.2583,952.3,433.4,1020.2,477.8
489,1,car,0.1815,952.3,433.4,1020.2,477.8
489,1,car,0.1601,1096.8,588.9,1193.2,664.7
490,1,car,0.8959,688.0,704.2,856.6,809.1
490,1,car,0.7785,552.2,500.3,649.9,551.8
490,0,person,0.4979,1153.6,457.6,1167.5,492.1
490,2,large_vehicle,0.4334,1096.8,588.8,1193.2,664.7
490,2,large_vehicle,0.2265,952.0,433.5,1020.2,477.7
490,1,car,0.1686,1096.8,588.8,1193.2,664.7
490,1,car,0.1517,952.0,433.5,1020.2,477.7
491,1,car,0.8954,688.0,704.2,856.6,809.0
491,1,car,0.7919,553.5,500.4,649.8,551.7
491,0,person,0.5044,1153.6,457.6,1167.5,492.1
491,2,large_vehicle,0.4368,1096.8,588.7,1193.0,664.7
491,2,large_vehicle,0.2476,951.9,433.4,1020.4,477.7
491,1,car,0.1577,1096.8,588.7,1193.0,664.7
491,1,car,0.1553,951.9,433.4,1020.4,477.7
492,1,car,0.9104,698.3,701.2,866.6,806.0
492,1,car,0.7881,554.7,499.8,649.5,551.6
492,1,car,0.6809,1102.0,588.5,1196.4,662.8
492,0,person,0.5350,1153.1,457.5,1167.4,492.2
492,2,large_vehicle,0.2100,952.2,433.5,1020.5,477.8
492,1,car,0.1891,952.2,433.5,1020.5,477.8
492,2,large_vehicle,0.1844,1102.0,588.5,1196.4,662.8
492,0,person,0.1476,1037.8,529.4,1062.0,591.0
493,1,car,0.9106,698.3,701.2,866.6,806.0
493,1,car,0.7856,554.4,499.4,649.9,551.6
493,1,car,0.6806,1102.0,588.5,1196.4,662.8
493,0,person,0.5404,1153.1,457.5,1167.4,492.2
493,2,large_vehicle,0.2137,952.2,433.5,1020.7,477.9
493,1,car,0.2048,952.2,433.5,1020.7,477.9
493,2,large_vehicle,0.1830,1102.0,588.5,1196.4,662.8
493,0,person,0.1376,1037.7,529.4,1062.0,591.0
494,1,car,0.9069,709.3,699.0,876.8,801.9
494,1,car,0.7800,554.5,500.1,648.8,552.0
494,1,car,0.5374,1107.5,585.0,1200.0,660.0
494,0,person,0.4978,1152.9,458.1,1167.1,492.4
494,2,large_vehicle,0.3278,951.2,433.4,1021.3,478.0
494,1,car,0.2327,951.2,433.4,1021.3,478.0
494,2,large_vehicle,0.1267,1107.5,585.0,1200.0,660.0
494,0,person,0.1014,1037.8,528.2,1060.0,587.5
495,1,car,0.9069,709.3,699.0,876.8,801.9
495,1,car,0.7837,554.5,500.2,648.8,552.0
495,1,car,0.5388,1107.5,585.0,1200.0,660.0
495,0,person,0.5016,1152.9,458.0,1167.1,492.5
495,2,large_vehicle,0.3371,951.1,433.3,1021.3,478.0
495,1,car,0.2276,951.1,433.3,1021.3,478.0
495,2,large_vehicle,0.1270,1107.5,585.0,1200.0,660.0
495,0,person,0.1123,1037.8,528.3,1060.1,587.6
496,1,car,0.9059,709.3,699.0,876.7,801.9
496,1,car,0.7797,554.4,500.1,648.7,552.0
496,1,car,0.5363,1107.4,585.0,1200.0,660.0
496,0,person,0.4958,1152.9,458.0,1167.1,492.5
496,2,large_vehicle,0.3383,951.4,433.5,1021.5,478.0
496,1,car,0.2480,951.4,433.5,1021.5,478.0
496,0,person,0.1264,1037.9,528.8,1059.7,587.3
496,2,large_vehicle,0.1225,1107.4,585.0,1200.0,660.0
497,1,car,0.8859,720.5,695.6,885.8,799.6
497,1,car,0.7814,558.1,500.9,650.7,551.7
497,0,person,0.3762,1152.6,457.9,1166.8,492.4
497,1,car,0.3521,1112.6,584.7,1203.6,657.3
497,2,large_vehicle,0.2879,951.8,433.5,1021.5,477.8
497,0,person,0.2791,1037.3,528.4,1061.5,588.9
497,2,large_vehicle,0.2310,1112.6,584.7,1203.6,657.3
497,1,car,0.1825,951.8,433.5,1021.5,477.8
498,1,car,0.8842,720.5,695.4,885.8,799.6
498,1,car,0.7805,558.2,500.9,651.0,551.7
498,0,person,0.3619,1152.6,458.0,1166.8,492.4
498,1,car,0.3182,1112.5,584.8,1203.4,657.3
498,2,large_vehicle,0.2998,951.8,433.5,1021.5,477.8
498,2,large_vehicle,0.2610,1112.5,584.8,1203.4,657.3
498,0,person,0.2407,1037.2,527.7,1061.5,588.9
498,1,car,0.1904,951.8,433.5,1021.5,477.8
499,1,car,0.8733,732.6,692.2,896.5,796.2
499,1,car,0.7879,553.4,500.6,650.3,551.8
499,1,car,0.5784,1117.2,582.9,1207.4,655.2
499,0,person,0.3292,1152.0,458.0,1166.4,492.4
499,2,large_vehicle,0.2599,951.7,433.3,1021.5,477.6
499,0,person,0.2547,1035.8,528.5,1057.4,588.3
499,2,large_vehicle,0.1961,1117.2,582.9,1207.4,655.2
499,1,car,0.1741,951.7,433.3,1021.5,477.6
500,1,car,0.8806,732.7,692.4,896.2,795.9
500,1,car,0.7972,551.5,500.5,650.3,551.8
500,1,car,0.5574,1117.1,582.6,1207.5,655.0
500,0,person,0.3894,1152.2,458.1,1166.4,492.0
500,4,other_vehicle,0.2729,1032.0,559.0,1070.9,589.3
500,1,car,0.2273,952.1,433.6,1022.1,477.3
500,2,large_vehicle,0.2054,952.1,433.6,1022.1,477.3
500,0,person,0.1735,1036.3,528.2,1057.4,586.2
500,2,large_vehicle,0.1424,1117.1,582.6,1207.5,655.0
501,1,car,0.8824,732.7,692.4,896.2,795.9
501,1,car,0.7940,554.2,500.5,651.4,551.8
501,1,car,0.5549,1117.1,582.6,1207.4,655.0
501,0,person,0.4373,1152.1,458.3,1166.4,492.2
501,4,other_vehicle,0.2462,1032.1,559.1,1070.8,589.4
501,1,car,0.2452,952.2,433.7,1022.2,477.3
501,2,large_vehicle,0.2010,952.2,433.7,1022.2,477.3
501,2,large_vehicle,0.1393,1117.1,582.6,1207.4,655.0
501,0,person,0.1366,1036.2,528.1,1057.4,586.3
502,1,car,0.8611,743.4,690.3,905.9,791.8
502,1,car,0.7924,553.7,500.1,649.0,551.7
502,2,large_vehicle,0.6820,1122.7,583.1,1212.0,654.0
502,0,person,0.4913,1151.6,458.2,1166.1,492.4
502,0,person,0.3251,1035.4,527.3,1053.7,570.8
502,2,large_vehicle,0.2815,953.0,433.7,1022.4,477.5
502,1,car,0.2546,953.0,433.7,1022.4,477.5
502,1,car,0.1884,1122.7,583.1,1212.0,654.0
503,1,car,0.8608,743.4,690.6,905.9,791.9
503,1,car,0.7882,553.7,499.9,649.6,551.7
503,2,large_vehicle,0.6687,1122.7,583.2,1212.1,654.0
503,0,person,0.5013,1151.6,458.1,1166.0,492.4
503,0,person,0.3033,1035.4,527.1,1053.9,570.8
503,1,car,0.2851,953.1,433.8,1022.8,477.4
503,2,large_vehicle,0.2502,953.1,433.8,1022.8,477.4
503,1,car,0.1985,1122.7,583.2,1212.1,654.0
504,1,car,0.7929,753.9,688.1,914.2,789.0
504,1,car,0.7817,554.5,500.3,649.3,551.8
504,0,person,0.4742,1034.2,527.6,1052.9,573.6
504,1,car,0.4113,1127.5,578.3,1219.0,650.9
504,0,person,0.3902,1151.2,457.9,1165.3,492.3
504,2,large_vehicle,0.3134,951.9,433.9,1022.7,477.5
504,1,car,0.3077,951.9,433.9,1022.7,477.5
504,2,large_vehicle,0.2556,1127.5,578.3,1219.0,650.9
504,1,car,0.1431,1281.2,625.6,1342.0,701.5
504,2,large_vehicle,0.1323,753.9,688.1,914.2,789.0
504,3,motorcycle,0.1213,1028.4,556.9,1069.0,587.9
504,4,other_vehicle,0.1019,1028.4,556.9,1069.0,587.9
505,1,car,0.7945,753.9,688.1,914.2,789.0
505,1,car,0.7811,554.5,500.3,649.3,551.8
505,0,person,0.4733,1034.2,527.5,1053.0,573.7
505,1,car,0.4152,1127.5,578.3,1219.0,650.9
505,0,person,0.3906,1151.2,458.0,1165.3,492.3
505,2,large_vehicle,0.3204,951.9,433.8,1022.8,477.5
505,1,car,0.3078,951.9,433.8,1022.8,477.5
505,2,large_vehicle,0.2554,1127.5,578.3,1219.0,650.9
505,1,car,0.1404,1281.2,625.5,1342.0,701.4
505,2,large_vehicle,0.1305,753.9,688.1,914.2,789.0
505,3,motorcycle,0.1181,1028.4,556.9,1069.1,587.9
505,4,other_vehicle,0.1024,1028.4,556.9,1069.1,587.9
506,1,car,0.7858,753.9,688.1,914.2,789.0
506,1,car,0.7608,554.7,500.2,650.0,551.8
506,0,person,0.4758,1034.2,527.6,1052.9,573.6
506,1,car,0.4085,1127.5,578.4,1218.9,650.9
506,0,person,0.3871,1151.2,458.0,1165.3,492.3
506,2,large_vehicle,0.3237,951.9,433.9,1022.8,477.5
506,1,car,0.3064,951.9,433.9,1022.8,477.5
506,2,large_vehicle,0.2522,1127.5,578.4,1218.9,650.9
506,2,large_vehicle,0.1416,753.9,688.1,914.2,789.0
506,1,car,0.1241,1281.1,625.3,1342.0,701.7
506,3,motorcycle,0.1181,1028.4,557.0,1068.9,587.9
506,4,other_vehicle,0.1025,1028.4,557.0,1068.9,587.9
507,1,car,0.7799,557.6,500.9,649.1,551.8
507,1,car,0.7176,764.9,685.1,925.4,784.3
507,0,person,0.4822,1032.6,527.1,1053.1,578.2
507,0,person,0.3747,1150.6,457.3,1164.8,492.2
507,1,car,0.3673,1132.6,573.9,1243.5,648.7
507,2,large_vehicle,0.3242,1132.6,573.9,1243.5,648.7
507,2,large_vehicle,0.3099,951.4,433.7,1022.3,477.4
507,1,car,0.2842,951.4,433.7,1022.3,477.4
507,2,large_vehicle,0.2150,764.9,685.1,925.4,784.3
507,1,car,0.1290,1281.2,624.0,1342.0,701.5
508,1,car,0.7715,557.2,500.7,648.8,551.8
508,1,car,0.7148,764.9,685.1,925.1,784.4
508,0,person,0.4461,1032.6,527.2,1053.0,578.2
508,1,car,0.3668,1132.6,573.7,1243.7,648.7
508,0,person,0.3562,1150.7,457.4,1164.9,492.2
508,2,large_vehicle,0.3245,1132.6,573.7,1243.7,648.7
508,2,large_vehicle,0.3168,951.3,433.8,1022.2,477.4
508,1,car,0.2874,951.3,433.8,1022.2,477.4
508,2,large_vehicle,0.2221,764.9,685.1,925.1,784.4
508,1,car,0.1204,1281.2,624.0,1342.0,701.7
509,1,car,0.8042,552.9,500.5,649.7,551.8
509,1,car,0.7776,775.5,683.2,933.8,781.4
509,0,person,0.4597,1032.2,527.2,1052.3,579.1
509,1,car,0.4200,1137.0,576.8,1222.7,645.2
509,2,large_vehicle,0.3799,1137.0,576.8,1222.7,645.2
509,0,person,0.3623,1150.2,457.3,1164.4,492.6
509,1,car,0.3376,951.9,433.5,1022.4,477.1
509,2,large_vehicle,0.1873,951.9,433.5,1022.4,477.1
509,1,car,0.1529,164.2,713.9,265.8,795.6
509,2,large_vehicle,0.1463,775.5,683.2,933.8,781.4
509,1,car,0.1188,1281.2,625.5,1342.0,700.5
510,1,car,0.8005,553.6,500.2,649.5,551.6
510,1,car,0.7736,775.5,683.1,933.9,781.3
510,0,person,0.4594,1032.2,527.0,1052.7,579.4
510,1,car,0.4218,1137.1,576.6,1223.0,645.2
510,2,large_vehicle,0.3604,1137.1,576.6,1223.0,645.2
510,0,person,0.3592,1150.4,457.3,1164.5,492.6
510,1,car,0.3436,951.9,433.7,1022.2,477.2
510,1,car,0.1865,163.5,713.8,265.8,795.5
510,2,large_vehicle,0.1849,951.9,433.7,1022.2,477.2
510,2,large_vehicle,0.1506,775.5,683.1,933.9,781.3
510,1,car,0.1153,1281.1,625.8,1342.0,700.3
511,1,car,0.8167,786.2,681.0,946.7,779.1
511,1,car,0.7806,553.9,499.7,649.0,551.5
511,1,car,0.6952,1142.0,572.6,1230.2,643.2
511,1,car,0.3695,953.2,433.8,1022.2,477.2
511,0,person,0.3015,1149.7,456.5,1164.2,492.5
511,2,large_vehicle,0.2406,953.2,433.8,1022.2,477.2
511,0,person,0.1797,1030.7,527.5,1052.4,580.6
511,1,car,0.1472,1281.2,623.9,1342.0,700.3
511,2,large_vehicle,0.1002,1142.0,572.6,1230.2,643.2
512,1,car,0.8139,786.2,681.1,946.6,779.1
512,1,car,0.7627,554.1,499.1,649.7,551.5
512,1,car,0.6910,1142.0,572.6,1230.2,643.2
512,1,car,0.3675,952.9,433.9,1022.1,477.3
512,0,person,0.3069,1149.8,456.5,1164.2,492.5
512,2,large_vehicle,0.2629,952.9,433.9,1022.1,477.3
512,0,person,0.1552,1030.7,527.2,1052.3,580.4
512,1,car,0.1194,1281.1,623.8,1342.0,700.2
512,2,large_vehicle,0.1025,1142.0,572.6,1230.2,643.2
513,1,car,0.7896,554.6,500.2,650.2,551.6
513,1,car,0.7063,1146.0,570.2,1258.0,641.7
513,1,car,0.6782,796.6,676.6,953.7,776.1
513,1,car,0.3734,951.1,433.9,1022.4,477.5
513,2,large_vehicle,0.3637,951.1,433.9,1022.4,477.5
513,0,person,0.3183,1149.4,456.1,1163.6,492.6
513,2,large_vehicle,0.2483,796.6,676.6,953.7,776.1
513,1,car,0.1691,1281.2,622.7,1342.0,700.8
513,0,person,0.1575,1028.9,528.4,1049.4,579.9
514,1,car,0.7872,554.7,500.3,650.3,551.6
514,1,car,0.7067,1146.0,570.2,1257.8,641.7
514,1,car,0.6799,796.5,676.5,953.7,776.1
514,1,car,0.3729,951.1,433.7,1022.4,477.5
514,2,large_vehicle,0.3638,951.1,433.7,1022.4,477.5
514,0,person,0.3185,1149.4,456.0,1163.6,492.6
514,2,large_vehicle,0.2466,796.5,676.5,953.7,776.1
514,1,car,0.1688,1281.2,622.8,1342.0,700.8
514,0,person,0.1601,1028.9,528.4,1049.4,579.9
515,1,car,0.7778,554.3,500.0,649.6,551.6
515,1,car,0.7066,1146.0,570.1,1259.3,641.7
515,1,car,0.6824,796.5,676.7,953.1,776.1
515,1,car,0.4258,951.2,434.0,1022.5,477.5
515,2,large_vehicle,0.3167,951.2,434.0,1022.5,477.5
515,0,person,0.3065,1149.4,456.0,1163.6,492.6
515,2,large_vehicle,0.2434,796.5,676.7,953.1,776.1
515,1,car,0.1881,1281.2,622.5,1342.0,700.8
515,0,person,0.1451,1028.9,528.2,1049.4,580.0
516,1,car,0.7471,557.3,500.1,648.4,551.5
516,1,car,0.6013,1150.7,571.5,1236.7,639.0
516,1,car,0.5867,807.1,674.4,963.0,772.2
516,1,car,0.3736,951.6,433.7,1022.3,477.2
516,0,person,0.3434,1149.2,456.3,1163.0,492.6
516,2,large_vehicle,0.3373,807.1,674.4,963.0,772.2
516,2,large_vehicle,0.3291,951.6,433.7,1022.3,477.2
516,2,large_vehicle,0.2084,1150.7,571.5,1236.7,639.0
516,1,car,0.1883,1281.2,623.5,1342.0,700.4
516,0,person,0.1331,1028.0,529.4,1049.2,582.3
517,1,car,0.7469,557.4,500.2,648.3,551.5
517,1,car,0.6071,1150.7,571.4,1237.1,639.1
517,1,car,0.5836,807.0,674.3,962.8,772.3
517,1,car,0.3695,951.6,433.7,1022.3,477.2
517,0,person,0.3476,1149.1,456.3,1162.9,492.7
517,2,large_vehicle,0.3297,951.6,433.7,1022.3,477.2
517,2,large_vehicle,0.3164,807.0,674.3,962.8,772.3
517,1,car,0.2204,1281.2,623.4,1342.0,700.4
517,2,large_vehicle,0.1992,1150.7,571.4,1237.1,639.1
517,0,person,0.1400,1027.9,529.2,1049.2,582.4
518,1,car,0.8031,556.5,500.2,649.1,551.5
518,1,car,0.7266,817.6,671.8,972.6,768.3
518,1,car,0.5162,1155.2,570.1,1252.5,636.4
518,1,car,0.4935,950.8,433.6,1022.3,477.1
518,0,person,0.4057,1026.7,528.6,1048.3,579.1
518,1,car,0.3330,1281.2,621.5,1342.0,700.8
518,0,person,0.3149,1148.8,455.7,1162.9,492.4
518,2,large_vehicle,0.1874,817.6,671.8,972.6,768.3
518,2,large_vehicle,0.1863,950.8,433.6,1022.3,477.1
518,2,large_vehicle,0.1764,1155.2,570.1,1252.5,636.4
519,1,car,0.7959,557.5,500.4,650.0,551.5
519,1,car,0.7134,817.6,671.8,972.8,768.3
519,1,car,0.5077,1155.2,570.4,1251.6,636.4
519,1,car,0.4085,951.1,433.1,1022.1,477.1
519,0,person,0.3788,1026.6,528.6,1048.3,578.9
519,1,car,0.3193,1281.3,621.5,1342.0,700.7
519,0,person,0.2902,1148.8,455.6,1162.9,492.3
519,2,large_vehicle,0.2392,951.1,433.1,1022.1,477.1
519,2,large_vehicle,0.2023,817.6,671.8,972.8,768.3
519,2,large_vehicle,0.1902,1155.2,570.4,1251.6,636.4
520,1,car,0.7971,557.4,500.3,650.1,551.5
520,1,car,0.7172,817.6,671.8,972.8,768.4
520,1,car,0.5059,1155.2,570.3,1251.9,636.5
520,1,car,0.4109,951.1,433.1,1022.1,477.1
520,0,person,0.3942,1026.6,528.2,1048.4,578.9
520,1,car,0.3115,1281.3,621.6,1342.0,700.7
520,0,person,0.2434,1148.8,455.3,1163.0,492.3
520,2,large_vehicle,0.2357,951.1,433.1,1022.1,477.1
520,2,large_vehicle,0.1980,817.6,671.8,972.8,768.4
520,2,large_vehicle,0.1894,1155.2,570.3,1251.9,636.5
521,1,car,0.7763,555.3,499.5,650.0,551.3
521,1,car,0.7753,826.6,669.8,978.8,765.9
521,1,car,0.5341,1159.8,561.8,1268.9,634.5
521,0,person,0.5029,1025.1,529.0,1047.2,581.1
521,1,car,0.3622,952.6,433.1,1022.1,477.1
521,1,car,0.2618,1281.4,621.0,1342.0,700.4
521,0,person,0.2298,1148.6,454.4,1162.8,491.3
521,2,large_vehicle,0.2192,952.6,433.1,1022.1,477.1
521,2,large_vehicle,0.1465,826.6,669.8,978.8,765.9
521,2,large_vehicle,0.1220,1159.8,561.8,1268.9,634.5
522,1,car,0.7814,555.7,499.9,649.2,551.3
522,1,car,0.7812,826.6,669.8,978.8,765.9
522,1,car,0.5344,1159.8,561.9,1269.1,634.5
522,0,person,0.5266,1025.2,529.1,1047.0,581.0
522,1,car,0.3934,952.6,433.6,1022.1,477.1
522,1,car,0.2613,1281.4,620.7,1342.0,700.4
522,2,large_vehicle,0.2275,952.6,433.6,1022.1,477.1
522,0,person,0.2065,1148.6,454.1,1162.7,490.9
522,2,large_vehicle,0.1397,826.6,669.8,978.8,765.9
522,2,large_vehicle,0.1203,1159.8,561.9,1269.1,634.5
523,1,car,0.8744,836.4,666.6,986.2,761.7
523,1,car,0.7849,556.2,500.1,648.4,551.4
523,1,car,0.6103,1163.4,559.8,1270.4,631.9
523,0,person,0.5827,1024.0,529.4,1046.0,580.2
523,1,car,0.4653,952.4,433.5,1022.1,477.1
523,2,large_vehicle,0.2301,952.4,433.5,1022.1,477.1
523,1,car,0.2262,1281.3,622.6,1342.0,700.4
523,0,person,0.1578,1148.0,454.0,1162.2,490.2
523,4,other_vehicle,0.1252,121.5,719.8,210.4,797.9
523,1,car,0.1144,121.5,719.8,210.4,797.9
524,1,car,0.8700,836.4,666.6,986.2,761.7
524,1,car,0.7833,555.9,500.2,648.3,551.4
524,1,car,0.6116,1163.4,560.0,1270.4,631.8
524,0,person,0.5593,1023.8,529.5,1045.9,580.0
524,1,car,0.4733,951.9,433.3,1022.1,477.2
524,2,large_vehicle,0.2446,951.9,433.3,1022.1,477.2
524,1,car,0.2444,1281.3,623.1,1342.0,700.5
524,0,person,0.1427,1148.0,453.9,1162.3,490.1
524,4,other_vehicle,0.1224,121.5,719.8,210.3,797.8
524,1,car,0.1188,121.5,719.8,210.3,797.8
525,1,car,0.8730,836.4,666.6,986.1,761.7
525,1,car,0.7542,557.6,499.9,648.1,551.4
525,1,car,0.6019,1163.4,559.9,1270.7,631.9
525,0,person,0.5902,1023.9,529.4,1045.9,580.1
525,1,car,0.4527,951.7,433.2,1022.0,477.3
525,1,car,0.2685,1281.4,623.3,1342.0,700.6
525,2,large_vehicle,0.2684,951.7,433.2,1022.0,477.3
525,0,person,0.1311,1148.3,452.3,1162.3,487.3
525,4,other_vehicle,0.1248,121.5,719.7,210.4,797.9
525,1,car,0.1219,121.5,719.7,210.4,797.9
526,1,car,0.8971,846.3,664.4,996.6,758.2
526,1,car,0.7613,560.4,500.2,648.4,551.4
526,1,car,0.7271,1168.0,559.7,1274.0,628.8
526,1,car,0.5369,951.4,433.3,1022.0,477.0
526,0,person,0.3672,1022.4,528.6,1044.0,581.3
526,1,car,0.2888,1281.5,621.0,1342.0,699.9
526,1,car,0.1693,114.4,722.7,202.3,796.8
526,2,large_vehicle,0.1631,951.4,433.3,1022.0,477.0
526,0,person,0.1628,1147.1,452.8,1162.1,490.0
526,4,other_vehicle,0.1258,114.4,722.7,202.3,796.8
527,1,car,0.8966,846.3,664.4,996.3,758.2
527,1,car,0.7601,560.4,500.1,648.4,551.3
527,1,car,0.7222,1168.0,559.7,1274.5,628.7
527,1,car,0.5364,951.1,433.2,1022.0,477.1
527,0,person,0.3612,1022.4,528.7,1044.0,581.3
527,1,car,0.2697,1281.5,620.9,1342.0,700.1
527,0,person,0.1869,1147.2,452.6,1162.1,490.1
527,1,car,0.1818,114.4,722.6,202.3,796.8
527,2,large_vehicle,0.1672,951.1,433.2,1022.0,477.1
527,4,other_vehicle,0.1236,114.4,722.6,202.3,796.8
528,1,car,0.8641,856.0,661.3,1001.2,755.0
528,1,car,0.7779,558.5,500.3,649.1,551.4
528,1,car,0.6624,1171.9,559.0,1273.9,627.3
528,0,person,0.5418,1021.3,530.3,1042.9,581.8
528,1,car,0.3961,951.0,432.8,1021.6,476.9
528,0,person,0.3624,1146.6,453.6,1162.5,490.4
528,4,other_vehicle,0.2753,1018.1,552.5,1057.5,588.6
528,1,car,0.1894,1281.4,623.5,1342.0,700.2
528,2,large_vehicle,0.1742,951.0,432.8,1021.6,476.9
529,1,car,0.8640,856.0,661.3,1001.2,755.0
529,1,car,0.7802,558.6,500.3,649.1,551.4
529,1,car,0.6640,1171.9,559.0,1274.0,627.3
529,0,person,0.5421,1021.3,530.3,1042.9,581.8
529,1,car,0.3938,951.0,432.7,1021.6,476.9
529,0,person,0.3646,1146.6,453.6,1162.5,490.4
529,4,other_vehicle,0.2751,1018.1,552.5,1057.5,588.6
529,1,car,0.1910,1281.4,623.8,1342.0,700.3
529,2,large_vehicle,0.1766,951.0,432.7,1021.6,476.9
530,1,car,0.8636,856.0,661.3,1001.2,755.0
530,1,car,0.7739,558.1,500.2,649.1,551.4
530,1,car,0.6651,1171.9,559.0,1274.0,627.2
530,0,person,0.5369,1021.3,530.2,1043.0,581.8
530,1,car,0.3968,951.0,432.7,1021.8,476.8
530,0,person,0.3626,1146.6,453.5,1162.4,490.5
530,4,other_vehicle,0.2758,1018.0,552.6,1057.5,588.6
530,1,car,0.2101,1281.4,623.1,1342.0,700.2
530,2,large_vehicle,0.1665,951.0,432.7,1021.8,476.8
531,1,car,0.8564,865.5,658.5,1010.1,753.7
531,1,car,0.7648,555.1,499.3,648.6,551.3
531,1,car,0.6498,1176.2,559.1,1276.6,625.5
531,1,car,0.4946,953.0,433.2,1022.4,476.7
531,0,person,0.4813,1019.3,529.0,1041.9,583.4
531,0,person,0.3327,1146.1,455.2,1162.1,491.3
531,4,other_vehicle,0.2238,100.8,724.2,185.8,797.8
531,1,car,0.1671,1281.6,621.2,1342.0,699.8
531,2,large_vehicle,0.1640,953.0,433.2,1022.4,476.7
531,4,other_vehicle,0.1031,1015.6,551.1,1055.2,588.0
532,1,car,0.8491,865.5,658.4,1010.1,753.6
532,1,car,0.7769,555.5,499.3,648.7,551.3
532,1,car,0.6387,1176.2,558.9,1277.0,625.5
532,1,car,0.4900,953.0,433.1,1022.4,476.7
532,0,person,0.4553,1019.4,528.9,1042.2,583.6
532,0,person,0.3121,1146.0,453.9,1162.1,491.1
532,2,large_vehicle,0.1664,953.0,433.1,1022.4,476.7
532,4,other_vehicle,0.1629,100.7,724.4,185.8,797.4
532,1,car,0.1067,1281.5,621.9,1342.0,699.8
533,1,car,0.8819,874.9,656.6,1016.8,749.5
533,1,car,0.7521,558.6,499.9,648.2,551.3
533,1,car,0.7052,1179.7,560.4,1267.8,623.5
533,1,car,0.5596,952.2,433.5,1022.7,476.8
533,0,person,0.4616,1017.8,529.1,1038.1,578.0
533,0,person,0.4114,1145.7,455.1,1161.6,491.4
533,4,other_vehicle,0.3993,94.2,723.0,177.7,796.6
533,4,other_vehicle,0.3692,1013.1,554.6,1055.4,587.9
533,2,large_vehicle,0.1862,952.2,433.5,1022.7,476.8
533,1,car,0.1046,1281.7,623.8,1342.0,699.6
534,1,car,0.8801,874.7,656.6,1016.8,749.5
534,1,car,0.7377,558.9,499.8,648.2,551.3
534,1,car,0.7119,1179.7,560.5,1267.8,623.3
534,1,car,0.5607,951.6,433.5,1022.4,477.0
534,0,person,0.4855,1017.8,529.0,1038.3,577.6
534,0,person,0.4801,1145.7,454.8,1161.6,491.5
534,4,other_vehicle,0.4096,1013.0,554.6,1055.3,587.9
534,4,other_vehicle,0.4040,94.2,722.9,177.7,796.7
534,2,large_vehicle,0.2008,951.6,433.5,1022.4,477.0
534,2,large_vehicle,0.1097,558.9,499.8,648.2,551.3
534,0,person,0.1042,1019.4,529.2,1041.1,578.2
535,1,car,0.8696,884.4,653.1,1025.1,744.5
535,1,car,0.7419,560.4,500.0,648.5,551.3
535,1,car,0.6297,1183.9,560.2,1262.9,620.8
535,0,person,0.5840,1016.6,528.4,1036.8,579.6
535,1,car,0.5253,951.5,433.3,1022.3,476.8
535,4,other_vehicle,0.4618,87.0,721.9,168.5,796.4
535,0,person,0.4386,1145.6,455.3,1161.7,491.4
535,4,other_vehicle,0.2196,1010.0,553.8,1054.0,587.3
535,2,large_vehicle,0.1870,951.5,433.3,1022.3,476.8
535,1,car,0.1294,87.0,721.9,168.5,796.4
536,1,car,0.8668,884.5,653.1,1025.2,744.7
536,1,car,0.7242,559.7,499.9,648.7,551.3
536,1,car,0.6286,1184.0,560.2,1262.8,620.8
536,0,person,0.5835,1016.6,528.4,1036.8,579.5
536,1,car,0.5253,951.0,433.3,1022.5,476.9
536,4,other_vehicle,0.4717,87.0,721.9,168.5,796.4
536,0,person,0.4344,1145.6,455.3,1161.6,491.3
536,4,other_vehicle,0.2324,1010.2,553.5,1053.9,587.2
536,2,large_vehicle,0.1962,951.0,433.3,1022.5,476.9
536,1,car,0.1220,87.0,721.9,168.5,796.4
537,1,car,0.8646,891.3,650.6,1032.7,742.8
537,1,car,0.7593,558.7,499.9,649.2,551.3
537,0,person,0.5890,1015.0,528.9,1036.4,580.3
537,4,other_vehicle,0.4996,81.0,723.3,162.6,798.4
537,1,car,0.4885,1187.6,559.3,1262.9,618.6
537,1,car,0.4270,951.6,432.7,1022.5,476.6
537,4,other_vehicle,0.3832,1008.2,554.4,1053.8,587.0
537,0,person,0.3334,1145.4,454.6,1161.3,491.2
537,2,large_vehicle,0.2034,951.6,432.7,1022.5,476.6
537,2,large_vehicle,0.1934,1187.6,559.3,1262.9,618.6
537,0,person,0.1504,1144.4,455.2,1159.3,490.8
538,1,car,0.8652,891.3,650.6,1032.7,742.8
538,1,car,0.7573,558.7,499.9,649.3,551.2
538,0,person,0.5929,1015.0,528.9,1036.4,580.3
538,4,other_vehicle,0.5026,81.0,723.3,162.6,798.4
538,1,car,0.4861,1187.6,559.3,1262.9,618.6
538,1,car,0.4192,951.6,432.7,1022.5,476.6
538,4,other_vehicle,0.3740,1008.2,554.4,1053.7,587.0
538,0,person,0.3320,1145.4,454.6,1161.3,491.2
538,2,large_vehicle,0.2076,951.6,432.7,1022.5,476.6
538,2,large_vehicle,0.1972,1187.6,559.3,1262.9,618.6
538,0,person,0.1531,1144.4,455.2,1159.3,490.8
539,1,car,0.8653,891.3,650.6,1032.7,742.8
539,1,car,0.7526,559.0,499.9,649.2,551.3
539,0,person,0.5807,1015.0,529.0,1036.3,580.5
539,4,other_vehicle,0.5016,81.1,723.2,162.6,798.3
539,1,car,0.4786,1187.7,559.1,1262.8,618.6
539,1,car,0.4306,951.1,432.8,1022.8,476.6
539,4,other_vehicle,0.3330,1008.5,554.4,1053.7,587.1
539,0,person,0.3276,1145.4,454.6,1161.3,491.2
539,2,large_vehicle,0.2046,1187.7,559.1,1262.8,618.6
539,2,large_vehicle,0.1765,951.1,432.8,1022.8,476.6
539,0,person,0.1439,1144.4,455.2,1159.3,490.8
540,1,car,0.8878,902.7,648.8,1039.8,739.8
540,1,car,0.7486,558.2,499.4,648.8,550.8
540,0,person,0.6154,1013.7,529.2,1035.3,581.9
540,1,car,0.6079,1191.6,559.5,1263.0,616.4
540,1,car,0.4947,952.7,433.3,1022.7,476.4
540,4,other_vehicle,0.4326,75.5,722.9,154.0,797.4
540,4,other_vehicle,0.2349,1007.4,552.1,1053.1,586.6
540,0,person,0.2173,1145.4,454.7,1161.1,491.1
540,1,car,0.2001,75.5,722.9,154.0,797.4
540,0,person,0.1749,1144.4,455.3,1159.1,490.8
540,2,large_vehicle,0.1477,952.7,433.3,1022.7,476.4
541,1,car,0.8851,902.7,648.8,1039.9,739.9
541,1,car,0.7483,557.8,499.5,648.5,550.9
541,0,person,0.6171,1013.6,529.2,1035.3,582.0
541,1,car,0.5982,1191.6,559.4,1263.1,616.4
541,1,car,0.4874,952.6,433.1,1022.6,476.4
541,4,other_vehicle,0.4575,75.5,723.0,153.9,797.3
541,4,other_vehicle,0.2689,1007.2,552.4,1052.9,586.7
541,0,person,0.2291,1145.3,454.5,1161.5,491.1
541,1,car,0.1851,75.5,723.0,153.9,797.3
541,2,large_vehicle,0.1589,952.6,433.1,1022.6,476.4
541,0,person,0.1397,1144.3,455.1,1159.2,490.8
542,1,car,0.8800,908.3,645.9,1047.3,739.0
542,1,car,0.7548,557.1,499.9,647.8,551.1
542,1,car,0.5589,1195.1,557.6,1272.8,615.6
542,1,car,0.5075,952.3,433.0,1022.8,476.5
542,0,person,0.3942,1011.7,528.5,1034.0,580.6
542,1,car,0.3650,1195.2,557.7,1266.6,615.5
542,4,other_vehicle,0.2854,69.3,722.7,146.7,796.4
542,2,large_vehicle,0.2293,952.3,433.0,1022.8,476.5
542,0,person,0.2101,1145.1,455.7,1161.8,490.9
542,0,person,0.1858,1144.3,456.1,1158.9,490.7
542,1,car,0.1695,69.3,722.7,146.7,796.4
542,4,other_vehicle,0.1461,1007.9,553.2,1055.0,587.1
543,1,car,0.8804,907.9,646.0,1047.2,739.0
543,1,car,0.7557,556.8,499.6,648.2,551.3
543,1,car,0.5285,1195.1,557.5,1273.9,615.5
543,1,car,0.5021,952.1,433.1,1022.6,476.5
543,0,person,0.3587,1011.7,528.3,1033.9,580.7
543,4,other_vehicle,0.3271,69.4,722.9,147.0,796.2
543,1,car,0.2442,1195.2,557.6,1266.7,615.4
543,2,large_vehicle,0.2284,952.1,433.1,1022.6,476.5
543,1,car,0.1643,69.4,722.9,147.0,796.2
543,0,person,0.1586,1145.3,455.2,1161.9,490.7
543,0,person,0.1418,1144.4,455.7,1158.8,490.4
543,4,other_vehicle,0.1150,1008.2,553.1,1055.5,587.3
543,4,other_vehicle,0.1051,69.3,722.7,146.8,796.4
544,1,car,0.8800,908.0,645.9,1047.2,739.0
544,1,car,0.7515,556.9,499.6,648.3,551.2
544,1,car,0.5360,1195.1,557.5,1273.5,615.6
544,1,car,0.4986,952.1,433.1,1022.6,476.5
544,0,person,0.3615,1011.7,528.3,1033.9,580.6
544,1,car,0.2876,1195.2,557.6,1266.7,615.4
544,4,other_vehicle,0.2434,69.3,722.7,146.8,796.4
544,2,large_vehicle,0.2363,952.1,433.1,1022.6,476.5
544,0,person,0.2005,1145.3,455.3,1161.8,490.9
544,0,person,0.1794,1144.4,455.8,1158.8,490.7
544,4,other_vehicle,0.1452,69.4,722.9,147.0,796.2
544,4,other_vehicle,0.1293,1008.0,553.3,1055.5,587.3
544,1,car,0.1282,69.3,722.7,146.8,796.4
545,1,car,0.8753,918.8,644.4,1053.8,732.6
545,1,car,0.6829,559.1,499.5,648.1,551.1
545,4,other_vehicle,0.6533,63.8,725.4,139.8,795.6
545,1,car,0.6037,1197.5,554.7,1275.3,614.3
545,1,car,0.5462,951.2,433.1,1022.3,476.5
545,0,person,0.4601,1010.6,527.6,1032.8,580.3
545,2,large_vehicle,0.1763,951.2,433.1,1022.3,476.5
545,0,person,0.1503,1144.5,454.5,1158.4,490.1
545,2,large_vehicle,0.1388,559.1,499.5,648.1,551.1
545,1,car,0.1304,1281.5,623.9,1342.0,700.0
545,4,other_vehicle,0.1168,1005.4,552.1,1053.2,586.0
546,1,car,0.8762,918.9,644.4,1053.8,732.6
546,1,car,0.6949,559.6,499.3,649.1,551.2
546,4,other_vehicle,0.6598,63.8,725.3,139.8,795.6
546,1,car,0.5992,1197.5,554.6,1275.5,614.3
546,1,car,0.5282,951.6,433.1,1022.4,476.3
546,0,person,0.4109,1010.6,527.4,1032.7,580.2
546,2,large_vehicle,0.1760,951.6,433.1,1022.4,476.3
546,0,person,0.1371,1144.5,454.5,1158.3,489.8
546,1,car,0.1184,1281.4,624.0,1342.0,700.0
546,2,large_vehicle,0.1167,559.6,499.3,649.1,551.2
547,1,car,0.8328,927.5,641.5,1060.2,731.0
547,1,car,0.7173,557.7,499.4,649.1,551.0
547,4,other_vehicle,0.6925,58.3,723.0,132.7,797.0
547,1,car,0.5225,951.5,432.8,1022.2,476.3
547,1,car,0.4845,1198.6,553.2,1278.9,613.3
547,1,car,0.3204,1198.4,553.0,1274.3,611.7
547,2,large_vehicle,0.1686,951.5,432.8,1022.2,476.3
547,0,person,0.1318,1144.5,454.3,1158.1,489.2
547,1,car,0.1107,1281.4,623.7,1342.0,699.4
547,2,large_vehicle,0.1065,1198.6,553.2,1278.9,613.3
547,2,large_vehicle,0.1003,557.7,499.4,649.1,551.0
548,1,car,0.8330,927.5,641.4,1060.2,731.0
548,1,car,0.7169,557.4,499.3,649.5,551.0
548,4,other_vehicle,0.6926,58.3,723.0,132.7,797.0
548,1,car,0.5129,951.1,432.7,1022.4,476.2
548,1,car,0.4990,1198.7,553.2,1279.3,613.4
548,1,car,0.2819,1198.6,553.0,1274.7,611.8
548,2,large_vehicle,0.1537,951.1,432.7,1022.4,476.2
548,0,person,0.1339,1144.5,453.7,1158.1,489.2
548,1,car,0.1055,1281.3,623.9,1342.0,699.5
548,2,large_vehicle,0.1054,1198.7,553.2,1279.3,613.4
549,1,car,0.8337,927.5,641.5,1060.2,731.0
549,1,car,0.7264,558.5,499.2,649.4,551.0
549,4,other_vehicle,0.6921,58.3,722.9,132.7,797.0
549,1,car,0.5102,951.0,432.8,1022.1,476.2
549,1,car,0.5021,1198.7,553.0,1279.7,613.4
549,1,car,0.2552,1198.7,552.8,1274.9,611.8
549,2,large_vehicle,0.1471,951.0,432.8,1022.1,476.2
549,0,person,0.1141,1144.4,453.6,1158.1,489.2
549,1,car,0.1112,1281.5,623.5,1342.0,699.2
549,2,large_vehicle,0.1044,1198.7,553.0,1279.7,613.4
550,1,car,0.8842,936.4,638.8,1066.5,728.1
550,1,car,0.7357,557.2,498.2,649.6,550.9
550,1,car,0.4680,952.2,432.9,1022.2,476.0
550,4,other_vehicle,0.3372,52.9,722.6,126.3,797.8
550,1,car,0.3201,1203.5,546.6,1285.5,613.0
550,2,large_vehicle,0.1866,952.2,432.9,1022.2,476.0
550,1,car,0.1494,1202.7,538.0,1312.7,613.3
550,0,person,0.1311,1144.4,454.9,1157.8,489.4
550,1,car,0.1292,1202.9,543.8,1290.9,613.1
550,1,car,0.1159,52.9,722.6,126.3,797.8
551,1,car,0.8831,936.4,638.8,1066.6,728.1
551,1,car,0.7368,557.0,498.1,649.8,551.0
551,1,car,0.4588,952.2,432.9,1022.4,476.0
551,4,other_vehicle,0.3833,52.8,722.8,126.3,797.8
551,1,car,0.1918,1202.7,537.3,1312.1,613.3
551,2,large_vehicle,0.1704,952.2,432.9,1022.4,476.0
551,0,person,0.1326,1144.4,454.7,1157.9,489.4
551,1,car,0.1087,52.8,722.8,126.3,797.8
552,1,car,0.8414,944.9,636.8,1073.5,723.7
552,1,car,0.7018,559.2,498.7,648.5,550.9
552,1,car,0.4125,951.5,432.4,1022.1,476.2
552,1,car,0.3768,1209.8,545.4,1279.2,607.3
552,4,other_vehicle,0.3382,48.1,722.9,119.1,795.7
552,2,large_vehicle,0.3089,951.5,432.4,1022.1,476.2
552,0,person,0.1599,1006.1,523.5,1025.8,576.4
552,0,person,0.1322,1144.4,454.7,1157.6,489.4
552,1,car,0.1179,1281.5,623.9,1342.0,700.1
552,2,large_vehicle,0.1159,559.2,498.7,648.5,550.9
553,1,car,0.8420,944.9,636.8,1073.5,723.7
553,1,car,0.6998,559.2,498.7,648.5,551.0
553,1,car,0.4120,951.5,432.5,1022.0,476.2
553,1,car,0.3776,1209.8,545.4,1279.2,607.3
553,4,other_vehicle,0.3424,48.1,722.9,119.2,795.7
553,2,large_vehicle,0.3116,951.5,432.5,1022.0,476.2
553,0,person,0.1549,1006.2,523.5,1025.8,576.3
553,0,person,0.1256,1144.4,454.7,1157.6,489.4
553,2,large_vehicle,0.1205,559.2,498.7,648.5,551.0
553,1,car,0.1186,1281.5,623.9,1342.0,700.1
554,1,car,0.8418,944.9,636.8,1073.5,723.7
554,1,car,0.7164,559.3,498.8,648.6,550.9
554,1,car,0.4337,951.5,432.7,1022.1,476.2
554,1,car,0.4143,1209.8,545.3,1278.9,607.3
554,4,other_vehicle,0.3600,48.1,722.8,119.2,795.6
554,2,large_vehicle,0.2876,951.5,432.7,1022.1,476.2
554,0,person,0.1525,1006.2,523.5,1025.8,576.2
554,0,person,0.1252,1144.4,454.8,1157.6,489.4
554,2,large_vehicle,0.1057,559.3,498.8,648.6,550.9
555,1,car,0.8906,953.3,634.7,1080.7,720.2
555,1,car,0.7142,558.1,499.0,648.8,550.7
555,1,car,0.5135,950.9,432.6,1022.1,476.1
555,1,car,0.3437,1213.7,539.0,1301.4,605.5
555,0,person,0.3305,1143.4,454.6,1157.2,490.2
555,0,person,0.2414,1192.4,527.0,1212.7,587.3
555,4,other_vehicle,0.2107,42.9,724.4,112.8,794.9
555,2,large_vehicle,0.1819,950.9,432.6,1022.1,476.1
555,0,person,0.1613,1004.7,523.2,1024.6,576.0
555,1,car,0.1017,1281.5,622.8,1342.0,699.8
556,1,car,0.8920,953.4,634.7,1080.6,720.2
556,1,car,0.7344,557.5,498.9,648.6,550.7
556,1,car,0.5187,951.0,432.7,1022.1,476.1
556,0,person,0.3492,1143.4,454.6,1157.1,490.2
556,1,car,0.3406,1213.7,539.0,1300.7,605.5
556,0,person,0.2488,1192.4,527.1,1212.7,587.3
556,0,person,0.2010,1004.9,523.3,1024.7,575.8
556,4,other_vehicle,0.1987,42.9,724.3,112.8,795.0
556,2,large_vehicle,0.1840,951.0,432.7,1022.1,476.1
556,1,car,0.1121,1213.8,543.1,1282.1,605.6
557,1,car,0.9147,960.8,632.4,1086.7,716.8
557,1,car,0.7419,559.6,499.1,648.8,550.7
557,1,car,0.5243,950.3,432.4,1022.2,475.9
557,0,person,0.4842,1003.0,523.1,1024.1,576.8
557,1,car,0.3426,1217.1,536.6,1303.2,601.9
557,0,person,0.3062,1192.6,528.0,1213.0,587.5
557,0,person,0.3008,1143.5,454.6,1157.3,489.7
557,1,car,0.1947,1281.5,620.2,1342.0,698.9
557,2,large_vehicle,0.1523,950.3,432.4,1022.2,475.9
557,1,car,0.1307,1216.5,539.8,1286.3,601.9
558,1,car,0.9133,960.7,632.5,1086.7,716.7
558,1,car,0.7523,560.1,499.1,648.5,550.7
558,1,car,0.4949,951.3,432.6,1022.3,475.9
558,0,person,0.4873,1003.1,523.0,1024.2,576.6
558,1,car,0.3398,1217.0,536.6,1305.2,602.2
558,0,person,0.3361,1143.5,454.4,1157.3,489.7
558,0,person,0.2996,1192.6,527.9,1213.1,587.4
558,1,car,0.1997,1281.6,620.6,1342.0,698.9
558,2,large_vehicle,0.1975,951.3,432.6,1022.3,475.9
559,1,car,0.9115,968.2,629.6,1093.5,714.3
559,1,car,0.7612,558.9,498.3,648.9,550.6
559,1,car,0.4992,951.6,432.4,1022.4,476.0
559,0,person,0.4972,1002.0,522.5,1022.8,575.0
559,1,car,0.4300,1219.0,536.9,1337.2,602.2
559,0,person,0.3891,1192.7,527.6,1213.4,587.2
559,4,other_vehicle,0.2503,995.3,552.7,1041.5,586.2
559,4,other_vehicle,0.2081,33.4,721.4,99.6,793.0
559,0,person,0.1669,1142.8,453.7,1156.8,489.8
559,2,large_vehicle,0.1590,951.6,432.4,1022.4,476.0
559,1,car,0.1171,1281.4,622.7,1342.0,699.0
560,1,car,0.9118,968.2,629.6,1093.5,714.3
560,1,car,0.7622,558.8,498.3,648.8,550.6
560,0,person,0.5003,1001.9,522.8,1022.6,575.1
560,1,car,0.4732,951.8,432.3,1022.6,475.9
560,1,car,0.4394,1219.0,537.0,1337.0,602.2
560,0,person,0.3782,1192.7,527.3,1213.5,587.1
560,4,other_vehicle,0.2858,33.4,721.4,99.5,793.0
560,4,other_vehicle,0.2038,995.5,552.3,1042.0,586.1
560,2,large_vehicle,0.1737,951.8,432.3,1022.6,475.9
560,0,person,0.1687,1142.8,453.6,1156.8,489.8
560,1,car,0.1136,1281.4,623.0,1342.0,699.0
561,1,car,0.9076,975.9,627.5,1101.3,711.5
561,1,car,0.7235,557.5,498.4,648.0,550.6
561,1,car,0.5169,952.3,432.6,1022.6,475.9
561,0,person,0.4606,1000.4,522.0,1021.6,574.3
561,1,car,0.3395,1220.8,536.5,1312.7,599.5
561,0,person,0.2501,1192.6,528.8,1212.9,587.7
561,4,other_vehicle,0.2387,28.7,722.1,94.6,793.4
561,0,person,0.2113,1142.3,453.9,1156.3,489.3
561,2,large_vehicle,0.1884,952.3,432.6,1022.6,475.9
561,4,other_vehicle,0.1514,28.6,722.2,94.7,793.1
561,2,large_vehicle,0.1223,557.5,498.4,648.0,550.6
561,0,person,0.1029,1192.5,547.4,1211.1,589.2
562,1,car,0.9073,975.9,627.5,1101.2,711.5
562,1,car,0.7275,557.6,498.3,648.0,550.6
562,1,car,0.5214,952.3,432.6,1022.6,475.9
562,0,person,0.4576,1000.4,522.0,1021.6,574.4
562,1,car,0.3424,1220.8,536.4,1312.0,599.5
562,0,person,0.3004,1192.7,528.7,1213.1,587.8
562,4,other_vehicle,0.2763,28.7,722.1,94.6,793.4
562,0,person,0.1958,1142.3,453.8,1156.3,489.3
562,2,large_vehicle,0.1830,952.3,432.6,1022.6,475.9
562,4,other_vehicle,0.1240,28.6,722.2,94.6,793.1
562,2,large_vehicle,0.1180,557.6,498.3,648.0,550.6
563,1,car,0.9084,975.9,627.5,1101.4,711.5
563,1,car,0.7143,557.8,498.3,648.1,550.6
563,1,car,0.5242,952.4,432.6,1022.7,475.9
563,0,person,0.4866,1000.3,521.8,1021.6,574.5
563,1,car,0.3511,1220.8,536.1,1315.5,599.5
563,0,person,0.2764,1192.5,528.8,1212.9,587.9
563,0,person,0.2098,1142.3,453.9,1156.3,489.3
563,4,other_vehicle,0.1940,28.6,722.2,94.6,793.1
563,4,other_vehicle,0.1914,28.8,722.1,94.6,793.4
563,2,large_vehicle,0.1806,952.4,432.6,1022.7,475.9
563,2,large_vehicle,0.1329,557.8,498.3,648.1,550.6
564,1,car,0.9147,983.1,624.6,1107.6,708.1
564,1,car,0.6695,560.0,498.1,648.3,550.5
564,1,car,0.5450,951.5,432.7,1022.5,475.9
564,0,person,0.4495,999.5,522.2,1019.7,574.8
564,4,other_vehicle,0.3660,24.0,722.5,87.3,792.1
564,1,car,0.3357,1221.0,538.6,1310.3,596.8
564,0,person,0.2029,1192.4,529.7,1212.3,587.3
564,0,person,0.1731,1142.0,454.3,1156.0,489.1
564,2,large_vehicle,0.1446,560.0,498.1,648.3,550.5
564,2,large_vehicle,0.1305,951.5,432.7,1022.5,475.9
565,1,car,0.9141,983.1,624.9,1107.6,708.1
565,1,car,0.6758,558.4,498.0,648.4,550.4
565,1,car,0.5335,951.5,432.6,1022.3,475.9
565,0,person,0.4376,999.5,522.2,1019.6,574.7
565,4,other_vehicle,0.3907,24.0,722.5,87.4,792.1
565,1,car,0.3307,1221.0,538.3,1310.2,596.8
565,0,person,0.2134,1192.4,529.5,1212.2,587.4
565,0,person,0.1421,1141.9,454.2,1156.0,489.1
565,2,large_vehicle,0.1402,951.5,432.6,1022.3,475.9
565,2,large_vehicle,0.1256,558.4,498.0,648.4,550.4
565,4,other_vehicle,0.1144,991.9,553.5,1039.0,586.4
566,1,car,0.9058,990.7,623.0,1114.0,705.5
566,1,car,0.7205,560.6,498.5,648.0,550.5
566,1,car,0.5763,949.6,432.2,1022.6,475.7
566,4,other_vehicle,0.5264,18.9,721.8,81.9,792.0
566,1,car,0.4081,1223.9,535.2,1316.2,595.7
566,1,car,0.2968,1223.6,533.3,1323.6,595.6
566,0,person,0.2901,998.4,522.2,1018.3,576.9
566,0,person,0.2011,1192.3,530.6,1211.2,587.5
566,1,car,0.1711,1224.3,539.9,1297.3,595.5
566,1,car,0.1495,27.7,721.1,80.9,774.5
566,4,other_vehicle,0.1259,19.4,747.0,80.2,792.7
566,0,person,0.1213,1141.7,453.7,1155.9,488.7
566,1,car,0.1116,1281.6,624.4,1342.0,698.9
566,2,large_vehicle,0.1002,560.6,498.5,648.0,550.5
567,1,car,0.9062,990.8,623.0,1114.1,705.6
567,1,car,0.7517,561.9,498.8,648.2,550.5
567,1,car,0.5762,949.6,432.0,1022.5,475.7
567,4,other_vehicle,0.5317,18.9,721.9,82.1,792.0
567,0,person,0.3861,998.3,522.2,1018.8,577.2
567,1,car,0.3676,1223.4,533.7,1325.2,595.6
567,1,car,0.1437,27.7,721.1,81.0,774.4
567,0,person,0.1437,1192.4,530.4,1211.4,587.4
567,1,car,0.1425,1224.0,540.2,1297.4,595.5
567,4,other_vehicle,0.1218,19.4,746.9,80.4,792.7
567,2,large_vehicle,0.1142,949.6,432.0,1022.5,475.7
567,1,car,0.1021,1281.7,624.0,1342.0,698.9
568,1,car,0.9059,990.8,623.0,1114.1,705.6
568,1,car,0.7419,562.1,498.8,648.2,550.5
568,1,car,0.5680,949.6,432.0,1022.5,475.7
568,4,other_vehicle,0.5231,18.9,721.9,82.0,792.0
568,0,person,0.3553,998.4,522.1,1018.7,577.1
568,1,car,0.3457,1223.3,533.5,1324.4,595.6
568,1,car,0.1806,1223.6,535.3,1317.1,595.7
568,0,person,0.1552,1141.7,453.9,1155.9,488.9
568,1,car,0.1550,27.7,721.1,80.9,774.5
568,0,person,0.1532,1192.4,530.3,1211.3,587.4
568,1,car,0.1513,1223.9,540.0,1297.1,595.5
568,4,other_vehicle,0.1214,19.4,747.1,80.3,792.7
568,2,large_vehicle,0.1159,949.6,432.0,1022.5,475.7
568,1,car,0.1003,1281.7,624.1,1342.0,698.8
569,1,car,0.9021,998.4,619.9,1118.1,702.8
569,1,car,0.7498,558.6,497.8,648.4,550.3
569,1,car,0.5272,951.3,432.2,1022.7,475.7
569,0,person,0.5202,997.0,522.2,1018.5,577.2
569,4,other_vehicle,0.3958,14.1,721.9,76.3,791.5
569,4,other_vehicle,0.3142,12.7,721.2,75.4,789.9
569,1,car,0.2454,20.0,721.7,75.3,774.1
569,4,other_vehicle,0.2314,20.0,721.7,75.3,774.1
569,0,person,0.1970,995.7,522.3,1015.6,576.1
569,0,person,0.1273,1141.4,454.1,1155.7,488.9
569,4,other_vehicle,0.1225,989.2,551.7,1034.0,585.9
569,2,large_vehicle,0.1183,951.3,432.2,1022.7,475.7
569,1,car,0.1118,12.7,721.2,75.4,789.9
570,1,car,0.9034,998.2,619.9,1118.2,702.8
570,1,car,0.7446,556.9,497.7,648.6,550.4
570,0,person,0.5352,997.1,522.0,1018.5,577.1
570,1,car,0.5182,951.5,432.2,1022.6,475.8
570,4,other_vehicle,0.3782,14.1,722.0,76.3,791.5
570,4,other_vehicle,0.3083,12.6,721.2,75.4,790.0
570,1,car,0.2428,19.9,721.8,75.3,774.1
570,4,other_vehicle,0.2281,19.9,721.8,75.3,774.1
570,0,person,0.2152,995.8,522.2,1015.7,576.1
570,2,large_vehicle,0.1507,951.5,432.2,1022.6,475.8
570,4,other_vehicle,0.1352,989.3,551.8,1034.3,586.0
570,1,car,0.1144,12.6,721.2,75.4,790.0
571,1,car,0.9113,1004.5,618.5,1123.6,699.9
571,1,car,0.7001,555.8,497.4,648.3,550.6
571,0,person,0.5501,995.3,522.3,1015.4,578.4
571,1,car,0.4625,951.5,431.9,1022.6,475.8
571,0,person,0.2494,1192.3,546.8,1209.8,589.5
571,4,other_vehicle,0.2424,10.2,720.3,70.3,791.5
571,4,other_vehicle,0.1910,10.5,720.6,70.5,791.6
571,2,large_vehicle,0.1653,951.5,431.9,1022.6,475.8
571,2,large_vehicle,0.1132,555.8,497.4,648.3,550.6
572,1,car,0.9112,1004.5,618.5,1123.5,699.9
572,1,car,0.6847,555.5,497.2,648.4,550.5
572,0,person,0.5591,995.4,522.5,1015.4,578.3
572,1,car,0.4737,951.4,431.8,1022.4,475.8
572,4,other_vehicle,0.3470,10.2,720.4,70.3,791.5
572,0,person,0.2736,1192.4,546.9,1209.7,589.5
572,2,large_vehicle,0.1762,951.4,431.8,1022.4,475.8
572,2,large_vehicle,0.1336,555.5,497.2,648.4,550.5
572,1,car,0.1003,1281.4,624.3,1342.0,700.0
573,1,car,0.9116,1004.5,618.5,1123.5,699.9
573,1,car,0.6814,554.6,497.4,648.0,550.5
573,0,person,0.5475,995.5,522.4,1015.3,578.4
573,1,car,0.4691,951.1,431.9,1022.3,475.9
573,4,other_vehicle,0.4627,10.5,720.5,70.4,791.6
573,0,person,0.2882,1192.5,547.0,1209.8,589.4
573,2,large_vehicle,0.2147,951.1,431.9,1022.3,475.9
573,2,large_vehicle,0.1437,554.6,497.4,648.0,550.5
573,1,car,0.1105,1281.5,624.0,1342.0,700.2
574,1,car,0.9115,1011.6,615.3,1127.4,697.5
574,1,car,0.6883,557.8,498.0,647.7,550.5
574,0,person,0.6251,992.8,522.4,1014.3,578.0
574,1,car,0.4800,950.6,432.2,1022.1,475.9
574,4,other_vehicle,0.3468,6.1,721.3,65.2,791.3
574,0,person,0.3334,1192.1,542.9,1209.1,588.5
574,2,large_vehicle,0.2103,950.6,432.2,1022.1,475.9
574,0,person,0.2054,1140.4,452.9,1154.8,488.5
574,2,large_vehicle,0.1124,557.8,498.0,647.7,550.5
575,1,car,0.9113,1011.6,615.3,1127.3,697.5
575,1,car,0.6959,556.8,497.9,647.6,550.4
575,0,person,0.6228,992.9,522.4,1014.3,578.0
575,1,car,0.4909,950.6,432.2,1022.1,475.9
575,0,person,0.3455,1192.1,543.3,1209.1,588.5
575,4,other_vehicle,0.2730,6.2,721.2,65.3,791.4
575,2,large_vehicle,0.2068,950.6,432.2,1022.1,475.9
575,0,person,0.1910,1140.4,453.0,1154.7,488.5
575,4,other_vehicle,0.1262,6.2,721.2,65.5,791.6
575,2,large_vehicle,0.1018,556.8,497.9,647.6,550.4
576,1,car,0.9015,1019.3,614.1,1135.0,695.5
576,1,car,0.7353,559.4,498.8,647.6,550.4
576,1,car,0.4380,950.7,431.8,1022.2,475.6
576,0,person,0.4367,1191.9,551.5,1209.6,589.9
576,0,person,0.3897,993.0,522.5,1012.3,576.0
576,0,person,0.2914,1140.0,451.4,1154.1,487.7
576,1,car,0.2602,1186.6,497.3,1266.7,559.2
576,2,large_vehicle,0.2256,950.7,431.8,1022.2,475.6
576,4,other_vehicle,0.1507,981.2,550.8,1020.7,584.1
576,4,other_vehicle,0.1356,1.5,720.6,59.8,791.3
576,1,car,0.1093,1186.5,505.2,1249.0,559.4
576,4,other_vehicle,0.1081,1.2,732.6,57.7,792.4
577,1,car,0.9012,1019.3,614.1,1135.0,695.4
577,1,car,0.7327,559.4,498.8,647.5,550.4
577,1,car,0.4393,950.7,431.8,1022.2,475.6
577,0,person,0.4283,1191.9,551.5,1209.6,589.8
577,0,person,0.3897,993.0,522.5,1012.4,575.9
577,0,person,0.2835,1140.0,451.4,1154.2,487.7
577,1,car,0.2636,1186.6,497.3,1266.9,559.2
577,2,large_vehicle,0.2226,950.7,431.8,1022.2,475.6
577,4,other_vehicle,0.1488,981.2,550.8,1020.6,584.1
577,4,other_vehicle,0.1363,1.5,720.6,59.9,791.3
577,1,car,0.1072,1186.5,505.1,1248.9,559.4
577,4,other_vehicle,0.1063,1.2,732.7,57.8,792.4
578,1,car,0.9002,1019.3,614.1,1135.0,695.4
578,1,car,0.7258,559.4,498.8,647.6,550.3
578,1,car,0.4253,950.5,431.7,1022.2,475.6
578,0,person,0.4112,1191.9,551.5,1209.7,589.9
578,0,person,0.3731,993.0,522.5,1012.4,576.3
578,0,person,0.2843,1140.0,451.3,1154.1,487.7
578,1,car,0.2680,1186.6,497.1,1266.5,559.3
578,2,large_vehicle,0.2225,950.5,431.7,1022.2,475.6
578,4,other_vehicle,0.1290,1.4,720.6,59.8,791.3
578,4,other_vehicle,0.1239,981.1,550.7,1020.9,584.1
578,4,other_vehicle,0.1101,1.3,732.2,57.7,792.4
578,1,car,0.1092,1186.5,505.1,1248.9,559.5
579,1,car,0.9010,1025.3,611.1,1139.5,692.3
579,1,car,0.7732,556.6,498.4,647.4,550.4
579,0,person,0.4628,990.8,522.1,1011.2,574.8
579,1,car,0.4000,951.4,431.7,1022.2,475.8
579,0,person,0.3815,1139.4,450.6,1153.8,487.7
579,1,car,0.3779,1181.5,499.4,1264.2,560.6
579,2,large_vehicle,0.2390,951.4,431.7,1022.2,475.8
579,4,other_vehicle,0.1360,980.7,550.9,1021.8,583.3
579,1,car,0.1259,1182.0,506.5,1254.6,561.0
579,4,other_vehicle,0.1217,0.0,718.8,56.0,789.8
579,1,car,0.1213,1281.3,624.2,1342.0,700.1
580,1,car,0.8995,1025.2,611.2,1139.5,692.3
580,1,car,0.7583,556.7,498.3,647.3,550.4
580,0,person,0.4486,990.8,522.0,1010.9,572.5
580,1,car,0.4019,1181.6,499.4,1264.1,560.7
580,1,car,0.3955,951.7,431.8,1022.3,475.7
580,0,person,0.3932,1139.3,450.4,1153.7,487.6
580,2,large_vehicle,0.2423,951.7,431.8,1022.3,475.7
580,4,other_vehicle,0.1884,0.1,719.3,56.0,789.7
580,1,car,0.1374,1182.0,506.6,1254.5,561.0
580,4,other_vehicle,0.1156,980.8,551.2,1021.3,583.2
580,1,car,0.1115,1281.3,624.6,1342.0,699.9
580,1,car,0.1035,1.0,720.1,54.7,774.6
581,1,car,0.8982,1032.0,610.4,1143.7,689.3
581,1,car,0.7029,560.3,498.2,647.5,550.5
581,0,person,0.4300,1138.6,450.4,1153.2,487.5
581,1,car,0.4140,951.4,431.9,1022.1,475.8
581,2,large_vehicle,0.3997,1176.3,509.5,1251.3,563.4
581,0,person,0.3039,989.8,522.2,1010.0,577.0
581,2,large_vehicle,0.2724,951.4,431.9,1022.1,475.8
581,1,car,0.2567,0.3,720.2,49.8,771.5
581,4,other_vehicle,0.1736,976.1,553.1,1024.2,584.1
581,1,car,0.1536,1281.4,624.1,1342.0,700.0
581,2,large_vehicle,0.1528,1176.2,511.0,1248.3,563.2
581,2,large_vehicle,0.1359,1175.8,512.7,1248.0,563.3
581,2,large_vehicle,0.1226,560.3,498.2,647.5,550.5
582,1,car,0.9004,1032.0,610.5,1143.8,689.3
582,1,car,0.6938,558.8,497.7,647.5,550.6
582,1,car,0.4371,951.3,431.8,1022.1,475.9
582,0,person,0.4335,1138.6,450.2,1153.3,487.5
582,2,large_vehicle,0.4132,1176.3,509.4,1251.8,563.5
582,0,person,0.3170,989.8,522.2,1009.9,576.5
582,1,car,0.2789,0.3,720.2,49.8,771.5
582,2,large_vehicle,0.2528,951.3,431.8,1022.1,475.9
582,2,large_vehicle,0.2244,1176.2,510.9,1248.3,563.3
582,4,other_vehicle,0.2088,977.4,553.1,1025.1,584.1
582,1,car,0.1659,1281.4,623.9,1342.0,700.0
582,2,large_vehicle,0.1324,558.8,497.7,647.5,550.6
582,1,car,0.1151,1176.2,510.9,1248.3,563.3
583,1,car,0.8715,1038.2,606.9,1148.5,687.3
583,1,car,0.6909,559.2,498.0,647.7,550.7
583,1,car,0.4221,951.3,431.7,1021.9,475.8
583,2,large_vehicle,0.3971,1171.0,508.7,1249.0,566.0
583,0,person,0.3860,1138.5,450.1,1152.4,487.7
583,0,person,0.3538,987.8,522.3,1009.0,579.6
583,4,other_vehicle,0.2476,976.0,552.2,1019.7,584.8
583,1,car,0.2402,0.0,721.1,42.1,770.4
583,2,large_vehicle,0.2301,951.3,431.7,1021.9,475.8
583,1,car,0.2248,1170.9,512.8,1243.4,566.2
583,2,large_vehicle,0.1843,1170.9,512.8,1243.4,566.2
583,1,car,0.1758,1171.0,508.7,1249.0,566.0
583,1,car,0.1116,1281.4,624.0,1342.0,700.2
584,1,car,0.8741,1038.2,606.9,1148.4,687.3
584,1,car,0.6918,559.0,497.9,647.8,550.7
584,1,car,0.4673,951.0,431.7,1022.0,475.9
584,2,large_vehicle,0.3918,1171.1,508.7,1249.3,566.0
584,0,person,0.3754,1138.5,450.1,1152.5,487.7
584,0,person,0.3538,987.7,522.2,1009.1,579.8
584,1,car,0.2343,1171.0,513.0,1243.2,566.2
584,1,car,0.2321,0.0,721.2,42.2,770.4
584,4,other_vehicle,0.2183,976.0,552.1,1019.5,584.7
584,2,large_vehicle,0.2056,951.0,431.7,1022.0,475.9
584,2,large_vehicle,0.1929,1171.0,513.0,1243.2,566.2
584,1,car,0.1681,1171.1,508.7,1249.3,566.0
584,1,car,0.1381,1281.3,624.1,1342.0,700.2
585,1,car,0.9068,1044.8,606.4,1154.3,684.0
585,1,car,0.7466,558.6,498.6,648.0,550.6
585,2,large_vehicle,0.7380,1166.8,508.8,1243.0,567.5
585,0,person,0.5478,1138.0,449.6,1151.7,488.1
585,1,car,0.4887,950.9,431.9,1022.6,475.8
585,0,person,0.2844,986.4,522.7,1006.9,580.7
585,4,other_vehicle,0.2263,971.8,553.7,1024.8,584.6
585,2,large_vehicle,0.1842,950.9,431.9,1022.6,475.8
585,1,car,0.1615,0.0,719.9,38.8,773.8
585,1,car,0.1567,0.0,716.0,39.9,785.4
585,1,car,0.1396,1281.4,624.4,1342.0,700.4
586,1,car,0.9068,1044.8,606.4,1154.3,684.0
586,1,car,0.7496,558.5,498.6,648.0,550.6
586,2,large_vehicle,0.7373,1166.8,508.8,1243.0,567.5
586,0,person,0.5452,1138.0,449.6,1151.7,488.1
586,1,car,0.4917,950.9,431.9,1022.6,475.8
586,0,person,0.2821,986.4,522.7,1006.9,580.7
586,4,other_vehicle,0.2254,971.8,553.7,1024.8,584.6
586,2,large_vehicle,0.1817,950.9,431.9,1022.6,475.8
586,1,car,0.1595,0.0,719.9,38.8,773.8
586,1,car,0.1567,0.0,715.9,39.9,785.4
586,1,car,0.1332,1281.4,624.6,1342.0,700.5
587,1,car,0.9069,1044.8,606.4,1154.4,684.0
587,1,car,0.7447,558.3,498.3,648.2,550.5
587,2,large_vehicle,0.7359,1166.8,508.7,1243.2,567.5
587,0,person,0.5531,1138.0,449.6,1151.7,488.0
587,1,car,0.4963,951.0,432.0,1022.7,475.8
587,0,person,0.2839,986.4,522.8,1006.9,580.7
587,4,other_vehicle,0.2213,971.7,553.7,1024.8,584.6
587,2,large_vehicle,0.1615,951.0,432.0,1022.7,475.8
587,1,car,0.1601,0.0,715.9,39.9,785.6
587,1,car,0.1543,0.0,719.7,38.8,773.9
587,1,car,0.1013,1281.4,624.8,1342.0,700.5
588,1,car,0.8642,1051.3,603.2,1159.4,680.4
588,1,car,0.7563,556.8,498.3,648.2,550.5
588,2,large_vehicle,0.5587,1159.7,513.4,1240.6,570.1
588,0,person,0.5460,1137.8,450.8,1151.6,487.8
588,1,car,0.5167,951.8,432.1,1022.9,475.7
588,0,person,0.3175,982.6,522.8,1005.2,579.3
588,0,person,0.2598,985.3,522.9,1007.1,580.9
588,1,car,0.2146,0.0,712.1,35.8,785.9
588,4,other_vehicle,0.2141,972.5,551.1,1023.6,584.6
588,1,car,0.2068,0.0,716.6,35.7,776.3
588,1,car,0.1875,1159.7,513.4,1240.6,570.1
588,2,large_vehicle,0.1864,951.8,432.1,1022.9,475.7
589,1,car,0.8665,1051.2,603.2,1159.4,680.5
589,1,car,0.7555,557.0,498.3,648.2,550.5
589,0,person,0.5952,1137.8,450.1,1151.7,487.7
589,2,large_vehicle,0.5834,1159.7,513.1,1240.7,570.1
589,1,car,0.5156,951.8,432.1,1023.0,475.7
589,0,person,0.3116,982.9,522.8,1005.1,579.1
589,0,person,0.2782,985.4,522.9,1007.0,580.8
589,1,car,0.2243,0.0,712.5,35.9,785.9
589,1,car,0.2084,0.0,716.6,35.9,776.7
589,4,other_vehicle,0.2053,972.6,551.2,1023.5,584.8
589,2,large_vehicle,0.1850,951.8,432.1,1023.0,475.7
589,1,car,0.1649,1159.7,513.1,1240.7,570.1
590,1,car,0.8484,1057.7,602.1,1163.2,678.0
590,1,car,0.6969,558.6,498.0,647.7,550.5
590,0,person,0.6093,1137.4,450.0,1151.3,487.9
590,1,car,0.5394,951.9,431.9,1023.0,475.8
590,1,car,0.5083,1154.2,516.5,1238.5,571.9
590,0,person,0.3379,981.5,522.9,1003.1,578.9
590,1,car,0.2966,0.0,714.7,31.2,781.9
590,2,large_vehicle,0.2774,1154.2,516.5,1238.5,571.9
590,2,large_vehicle,0.1873,951.9,431.9,1023.0,475.8
590,1,car,0.1342,1281.4,625.7,1342.0,700.2
590,2,large_vehicle,0.1169,558.6,498.0,647.7,550.5
591,1,car,0.8484,1057.7,602.1,1163.2,677.9
591,1,car,0.7121,559.3,497.9,647.7,550.5
591,0,person,0.5964,1137.4,450.2,1151.2,487.9
591,1,car,0.5591,951.7,432.1,1023.0,475.8
591,1,car,0.5192,1154.1,516.5,1238.2,571.9
591,0,person,0.3519,981.2,523.0,1003.2,579.2
591,1,car,0.2835,0.0,714.5,31.1,782.1
591,2,large_vehicle,0.2631,1154.1,516.5,1238.2,571.9
591,2,large_vehicle,0.1859,951.7,432.1,1023.0,475.8
591,1,car,0.1149,1281.4,626.2,1342.0,700.1
591,2,large_vehicle,0.1084,559.3,497.9,647.7,550.5
592,1,car,0.8467,1057.7,602.1,1163.2,677.9
592,1,car,0.7149,559.3,497.9,647.7,550.5
592,0,person,0.5740,1137.4,450.3,1151.3,487.8
592,1,car,0.5499,951.8,432.1,1023.0,475.8
592,1,car,0.5155,1154.1,516.5,1238.2,571.9
592,0,person,0.3390,981.2,523.0,1003.1,579.1
592,1,car,0.2828,0.0,714.6,31.1,782.1
592,2,large_vehicle,0.2665,1154.1,516.5,1238.2,571.9
592,2,large_vehicle,0.1933,951.8,432.1,1023.0,475.8
592,1,car,0.1347,1281.4,626.0,1342.0,700.2
592,2,large_vehicle,0.1055,559.3,497.9,647.7,550.5
593,1,car,0.8486,1063.9,599.6,1168.9,676.0
593,1,car,0.6915,558.1,497.6,648.1,550.4
593,0,person,0.6617,1136.7,450.2,1150.6,488.0
593,1,car,0.5415,951.5,432.1,1023.0,475.7
593,0,person,0.4489,978.5,522.4,1000.7,574.8
593,2,large_vehicle,0.3763,1149.5,518.2,1231.5,573.5
593,2,large_vehicle,0.3228,1149.3,518.6,1220.6,574.4
593,1,car,0.2313,1149.3,518.6,1220.6,574.4
593,2,large_vehicle,0.1764,951.5,432.1,1023.0,475.7
593,1,car,0.1221,1149.5,518.2,1231.5,573.5
593,2,large_vehicle,0.1125,558.1,497.6,648.1,550.4
594,1,car,0.8526,1063.9,599.6,1168.9,676.1
594,1,car,0.7231,556.3,497.5,648.3,550.4
594,0,person,0.6490,1136.6,450.3,1150.6,488.0
594,1,car,0.5578,951.4,432.2,1023.1,475.7
594,0,person,0.4448,978.6,522.3,1000.7,574.5
594,2,large_vehicle,0.3981,1149.5,517.9,1232.4,573.5
594,2,large_vehicle,0.2900,1149.3,518.6,1220.8,574.5
594,1,car,0.2286,1149.3,518.6,1220.8,574.5
594,2,large_vehicle,0.1654,951.4,432.2,1023.1,475.7
594,1,car,0.1255,1149.5,517.9,1232.4,573.5
594,1,car,0.1000,1281.4,626.2,1342.0,700.2
595,1,car,0.9011,1069.2,598.5,1171.8,672.4
595,1,car,0.7682,558.0,498.2,648.5,550.3
595,0,person,0.6098,1136.6,450.3,1150.8,487.9
595,1,car,0.5822,950.9,431.9,1022.9,475.6
595,2,large_vehicle,0.5375,1143.2,520.0,1221.1,576.9
595,0,person,0.5320,977.2,522.4,999.3,580.2
595,1,car,0.2418,0.1,711.6,21.7,777.8
595,2,large_vehicle,0.1415,950.9,431.9,1022.9,475.6
595,1,car,0.1037,1143.2,520.0,1221.1,576.9
596,1,car,0.9017,1069.2,598.5,1171.9,672.5
596,1,car,0.7632,557.4,497.8,648.7,550.3
596,0,person,0.6073,1136.5,450.4,1150.7,487.9
596,1,car,0.5999,950.8,432.2,1022.9,475.6
596,2,large_vehicle,0.5247,1143.3,520.0,1220.7,576.9
596,0,person,0.5140,977.4,522.3,999.3,580.1
596,1,car,0.2382,0.1,711.5,21.6,777.8
596,2,large_vehicle,0.1282,950.8,432.2,1022.9,475.6
596,1,car,0.1044,1143.3,520.0,1220.7,576.9
597,1,car,0.9011,1069.1,598.5,1171.8,672.4
597,1,car,0.7666,558.9,498.2,648.9,550.3
597,0,person,0.5980,1136.6,450.4,1150.8,487.9
597,1,car,0.5904,950.8,432.1,1023.0,475.6
597,2,large_vehicle,0.5299,1143.3,520.0,1220.7,576.9
597,0,person,0.5137,977.4,522.4,999.3,580.0
597,1,car,0.2345,0.1,711.4,21.5,777.7
597,2,large_vehicle,0.1380,950.8,432.1,1023.0,475.6
597,1,car,0.1012,1143.3,520.0,1220.7,576.9
598,1,car,0.8780,1074.9,596.4,1176.1,670.8
598,1,car,0.7559,559.0,498.0,648.5,550.2
598,1,car,0.5867,951.2,432.1,1023.2,475.8
598,0,person,0.5852,1136.4,451.4,1150.6,487.2
598,2,large_vehicle,0.3851,1137.1,523.3,1208.9,579.4
598,0,person,0.2886,976.6,523.6,996.9,568.6
598,1,car,0.2534,1137.1,523.3,1208.9,579.4
598,0,person,0.1830,973.3,523.4,994.8,566.5
598,2,large_vehicle,0.1526,951.2,432.1,1023.2,475.8
598,0,person,0.1261,978.1,523.7,995.7,558.2
598,1,car,0.1189,0.0,712.6,16.1,791.9
598,1,car,0.1133,0.1,707.1,18.6,794.5
599,1,car,0.8772,1074.9,596.4,1176.0,670.8
599,1,car,0.7503,559.1,498.0,648.4,550.2
599,0,person,0.5807,1136.4,451.6,1150.7,487.2
599,1,car,0.5788,951.3,432.1,1023.2,475.7
599,2,large_vehicle,0.3880,1137.1,523.4,1208.8,579.4
599,0,person,0.3204,976.8,523.5,996.9,569.0
599,1,car,0.2500,1137.1,523.4,1208.8,579.4
599,0,person,0.1617,973.3,523.3,994.9,566.9
599,2,large_vehicle,0.1490,951.3,432.1,1023.2,475.7
599,1,car,0.1249,0.0,712.6,15.9,792.3
599,1,car,0.1174,0.1,707.4,18.4,795.2
599,0,person,0.1141,978.2,523.7,995.7,558.1
600,1,car,0.8957,1081.1,595.2,1181.3,667.4
600,1,car,0.7452,559.2,497.9,647.9,550.2
600,1,car,0.6370,1130.1,525.2,1205.6,581.2
600,1,car,0.5480,952.1,432.2,1022.7,475.7
600,0,person,0.4605,1136.5,450.1,1150.2,485.5
600,0,person,0.2638,971.2,523.3,994.2,574.7
600,0,person,0.2322,975.6,523.8,995.4,576.9
600,2,large_vehicle,0.1834,952.1,432.2,1022.7,475.7
600,4,other_vehicle,0.1642,961.1,551.4,1014.5,584.6
601,1,car,0.8956,1081.1,595.2,1181.3,667.4
601,1,car,0.7392,559.2,497.8,647.9,550.2
601,1,car,0.6377,1130.1,525.2,1205.7,581.2
601,1,car,0.5475,952.0,432.2,1022.7,475.7
601,0,person,0.4579,1136.6,450.1,1150.3,485.5
601,0,person,0.2676,971.1,523.3,994.2,574.7
601,0,person,0.2351,975.6,523.8,995.4,577.1
601,2,large_vehicle,0.1812,952.0,432.2,1022.7,475.7
601,4,other_vehicle,0.1714,960.7,551.4,1014.4,584.6
602,1,car,0.8958,1081.1,595.2,1181.3,667.4
602,1,car,0.7321,560.1,498.1,647.8,550.1
602,1,car,0.6442,1130.2,525.2,1206.0,581.2
602,1,car,0.5378,952.2,432.2,1023.0,475.7
602,0,person,0.4502,1136.5,450.3,1150.2,485.5
602,0,person,0.2599,971.1,523.2,994.2,574.3
602,0,person,0.2247,975.6,523.8,995.4,576.9
602,2,large_vehicle,0.1822,952.2,432.2,1023.0,475.7
602,4,other_vehicle,0.1458,960.7,551.4,1014.5,584.6
602,1,car,0.1342,1281.6,626.2,1342.0,699.7
603,1,car,0.8658,1086.5,593.0,1185.1,665.6
603,1,car,0.6779,558.8,497.6,648.3,550.3
603,1,car,0.5500,951.5,432.3,1022.8,475.7
603,2,large_vehicle,0.4607,1123.4,525.9,1208.5,584.7
603,1,car,0.4058,1123.4,525.9,1208.5,584.7
603,0,person,0.4051,1136.3,451.2,1149.8,484.9
603,0,person,0.2815,969.9,524.2,992.7,570.8
603,2,large_vehicle,0.1707,951.5,432.3,1022.8,475.7
603,2,large_vehicle,0.1159,558.8,497.6,648.3,550.3
604,1,car,0.8662,1086.5,593.0,1185.0,665.5
604,1,car,0.6855,558.4,497.6,648.1,550.3
604,1,car,0.5472,951.6,432.3,1022.8,475.7
604,2,large_vehicle,0.4359,1123.1,525.9,1208.5,584.7
604,1,car,0.4315,1123.1,525.9,1208.5,584.7
604,0,person,0.3282,1136.3,453.2,1149.7,485.3
604,0,person,0.2827,970.1,524.4,992.4,570.5
604,2,large_vehicle,0.1755,951.6,432.3,1022.8,475.7
604,2,large_vehicle,0.1153,558.4,497.6,648.1,550.3
605,1,car,0.8644,1092.3,591.3,1189.0,663.5
605,1,car,0.7290,560.8,498.3,648.1,549.9
605,1,car,0.5913,950.4,432.0,1022.8,475.6
605,2,large_vehicle,0.5603,1117.8,528.6,1203.5,586.1
605,0,person,0.3956,1135.5,452.6,1150.4,486.4
605,0,person,0.3787,969.9,525.1,991.2,578.3
605,1,car,0.2649,1117.8,528.6,1203.5,586.1
605,4,other_vehicle,0.1932,950.1,551.0,1003.1,584.4
605,2,large_vehicle,0.1371,950.4,432.0,1022.8,475.6
606,1,car,0.8664,1092.3,591.3,1189.1,663.5
606,1,car,0.7388,561.2,498.5,648.0,550.0
606,1,car,0.5924,950.6,431.9,1022.8,475.6
606,2,large_vehicle,0.5526,1117.7,528.6,1201.6,586.1
606,0,person,0.3779,969.9,525.1,991.3,578.3
606,0,person,0.3378,1135.6,453.3,1150.5,486.4
606,1,car,0.2495,1117.7,528.6,1201.6,586.1
606,4,other_vehicle,0.1750,950.9,551.0,1002.6,584.3
606,0,person,0.1576,1134.8,457.6,1151.3,487.9
606,2,large_vehicle,0.1466,950.6,431.9,1022.8,475.6
606,1,car,0.1137,1281.6,626.1,1342.0,700.0
607,1,car,0.8767,1097.6,590.7,1192.0,660.7
607,1,car,0.7629,559.8,498.3,648.1,550.1
607,2,large_vehicle,0.6446,1110.6,529.5,1183.8,587.7
607,1,car,0.5944,951.5,432.3,1022.9,475.5
607,0,person,0.4330,967.5,524.5,989.6,580.6
607,4,other_vehicle,0.2402,949.6,549.6,999.0,585.0
607,0,person,0.2356,1135.4,453.2,1149.5,486.2
607,1,car,0.1730,1281.6,625.6,1342.0,700.0
607,0,person,0.1608,1134.5,457.6,1150.0,487.9
607,2,large_vehicle,0.1448,951.5,432.3,1022.9,475.5
608,1,car,0.8768,1097.6,590.7,1191.9,660.7
608,1,car,0.7716,559.6,498.4,648.0,550.1
608,2,large_vehicle,0.6591,1110.6,529.5,1183.6,587.7
608,1,car,0.5783,951.6,432.3,1023.2,475.5
608,0,person,0.4243,967.5,524.5,989.6,580.6
608,0,person,0.2577,1135.4,452.8,1149.5,486.4
608,4,other_vehicle,0.2385,949.6,549.7,999.4,585.0
608,1,car,0.1591,1281.6,625.5,1342.0,699.9
608,2,large_vehicle,0.1441,951.6,432.3,1023.2,475.5
608,0,person,0.1399,1134.6,457.6,1149.8,487.9
609,1,car,0.8812,1103.3,587.9,1196.8,658.8
609,1,car,0.7424,559.4,497.9,647.9,550.1
609,2,large_vehicle,0.5900,1104.4,532.9,1179.3,590.6
609,1,car,0.5621,951.8,432.0,1022.9,475.6
609,4,other_vehicle,0.3256,949.0,551.1,1002.2,585.1
609,2,large_vehicle,0.2947,1104.8,532.8,1178.7,590.7
609,0,person,0.2783,1135.2,451.1,1149.0,486.7
609,0,person,0.2241,967.1,523.8,986.6,576.4
609,2,large_vehicle,0.1732,951.8,432.0,1022.9,475.6
609,0,person,0.1723,1133.8,451.7,1147.1,486.4
609,1,car,0.1427,1281.7,626.4,1342.0,699.5
609,0,person,0.1063,961.5,523.6,984.5,571.7
610,1,car,0.8808,1103.3,587.9,1196.8,658.8
610,1,car,0.7376,559.8,498.0,647.8,550.0
610,2,large_vehicle,0.5856,1104.4,532.9,1179.3,590.6
610,1,car,0.5617,951.8,432.0,1022.9,475.6
610,4,other_vehicle,0.3220,949.0,551.1,1002.2,585.1
610,2,large_vehicle,0.3012,1104.8,532.8,1178.7,590.7
610,0,person,0.2763,1135.2,450.9,1149.1,486.6
610,0,person,0.2233,967.1,523.8,986.6,576.4
610,0,person,0.1747,1133.8,451.5,1147.1,486.4
610,2,large_vehicle,0.1729,951.8,432.0,1022.9,475.6
610,1,car,0.1369,1281.7,626.4,1342.0,699.5
610,0,person,0.1060,961.5,523.6,984.5,571.7
611,1,car,0.8810,1103.3,587.9,1196.8,658.8
611,1,car,0.7443,559.4,498.1,647.8,550.1
611,1,car,0.5549,951.9,431.9,1023.0,475.6
611,2,large_vehicle,0.5396,1104.4,532.9,1179.3,590.6
611,4,other_vehicle,0.3325,949.1,551.1,1002.2,585.1
611,2,large_vehicle,0.3310,1104.8,532.8,1178.7,590.6
611,0,person,0.2902,1135.2,451.2,1149.0,486.7
611,0,person,0.2268,967.1,523.8,986.6,576.5
611,2,large_vehicle,0.1855,951.9,431.9,1023.0,475.6
611,0,person,0.1696,1133.8,451.8,1147.1,486.4
611,0,person,0.1077,961.5,523.6,984.5,571.8
611,1,car,0.1052,1281.7,626.7,1342.0,699.6
612,1,car,0.8553,1108.0,586.6,1201.0,656.0
612,1,car,0.7545,560.3,497.8,648.5,550.1
612,1,car,0.5207,951.3,432.0,1022.7,475.8
612,0,person,0.3344,964.6,523.8,985.0,579.0
612,0,person,0.2903,1134.9,450.6,1149.3,486.7
612,1,car,0.2872,1097.3,534.3,1171.1,593.0
612,2,large_vehicle,0.2527,1097.3,534.3,1171.1,593.0
612,0,person,0.2243,1133.7,451.3,1147.1,486.5
612,0,person,0.2154,960.1,523.6,983.9,577.7
612,2,large_vehicle,0.2022,951.3,432.0,1022.7,475.8
612,1,car,0.1500,1281.6,625.4,1342.0,700.2
613,1,car,0.8572,1107.9,586.7,1201.0,656.1
613,1,car,0.7559,559.9,497.7,648.5,550.0
613,1,car,0.5158,951.3,432.0,1022.7,475.8
613,0,person,0.3723,964.4,523.8,985.0,578.8
613,0,person,0.2964,1134.9,449.8,1149.3,486.8
613,1,car,0.2902,1097.3,534.3,1171.1,592.9
613,2,large_vehicle,0.2650,1097.3,534.3,1171.1,592.9
613,0,person,0.2499,1133.6,450.4,1147.2,486.6
613,0,person,0.2409,960.0,523.6,984.0,577.6
613,2,large_vehicle,0.2076,951.3,432.0,1022.7,475.8
613,1,car,0.1526,1281.6,625.4,1342.0,700.1
613,4,other_vehicle,0.1146,947.9,550.4,1003.7,585.1
614,1,car,0.8087,1112.9,584.4,1204.5,655.1
614,1,car,0.7582,561.2,498.4,647.8,550.2
614,1,car,0.5153,950.5,431.3,1022.7,475.6
614,2,large_vehicle,0.4782,1091.0,536.5,1169.1,596.1
614,0,person,0.3312,1133.4,449.4,1147.1,486.5
614,0,person,0.3011,963.8,525.5,983.5,579.8
614,0,person,0.2998,959.1,525.8,982.5,579.2
614,2,large_vehicle,0.1969,950.5,431.3,1022.7,475.6
614,0,person,0.1939,1134.8,448.7,1149.2,486.6
614,4,other_vehicle,0.1875,1091.0,536.5,1169.1,596.1
614,1,car,0.1175,1281.5,625.7,1342.0,699.9
615,1,car,0.8198,1112.9,584.4,1204.5,655.1
615,1,car,0.7668,559.9,498.0,648.2,550.2
615,1,car,0.5199,950.6,431.6,1022.6,475.6
615,2,large_vehicle,0.4841,1091.0,536.5,1169.3,596.1
615,0,person,0.3475,1133.3,449.3,1147.1,486.5
615,0,person,0.3412,958.9,525.7,982.7,579.2
615,0,person,0.2478,963.6,525.4,983.7,579.8
615,2,large_vehicle,0.1925,950.6,431.6,1022.6,475.6
615,0,person,0.1734,1134.7,448.4,1149.1,486.7
615,4,other_vehicle,0.1663,1091.0,536.5,1169.3,596.1
615,1,car,0.1183,1281.5,625.4,1342.0,700.0
616,1,car,0.8189,1112.9,584.4,1204.5,655.1
616,1,car,0.7677,559.9,498.1,648.2,550.2
616,1,car,0.5199,950.6,431.6,1022.6,475.6
616,2,large_vehicle,0.4853,1091.0,536.5,1169.2,596.1
616,0,person,0.3529,1133.3,449.5,1147.1,486.5
616,0,person,0.2898,959.0,525.8,982.6,579.2
616,0,person,0.2864,963.8,525.5,983.5,579.8
616,2,large_vehicle,0.1929,950.6,431.6,1022.6,475.6
616,0,person,0.1741,1134.7,448.8,1149.1,486.7
616,4,other_vehicle,0.1642,1091.0,536.5,1169.2,596.1
616,1,car,0.1155,1281.5,625.4,1342.0,700.0
616,0,person,0.1136,959.3,524.7,982.1,576.3
617,1,car,0.8319,1117.1,582.2,1209.0,652.7
617,1,car,0.7739,557.6,497.8,648.7,550.2
617,1,car,0.4859,951.4,431.8,1022.9,475.7
617,1,car,0.4445,1082.8,538.7,1163.3,599.2
617,0,person,0.4131,958.5,523.9,979.9,574.8
617,0,person,0.4044,1133.2,449.0,1146.9,486.8
617,2,large_vehicle,0.3341,1082.8,538.7,1163.3,599.2
617,2,large_vehicle,0.2244,951.4,431.8,1022.9,475.7
617,4,other_vehicle,0.1722,945.6,550.9,999.5,584.9
617,0,person,0.1177,1134.5,447.9,1149.1,486.9
618,1,car,0.8313,1117.1,582.2,1209.0,652.7
618,1,car,0.7679,558.6,497.9,648.7,550.1
618,1,car,0.4838,951.3,431.8,1022.8,475.7
618,1,car,0.4557,1082.8,538.7,1163.2,599.2
618,0,person,0.4384,1133.1,448.8,1146.9,486.7
618,0,person,0.4160,958.5,524.1,980.0,574.8
618,2,large_vehicle,0.3234,1082.8,538.7,1163.2,599.2
618,2,large_vehicle,0.2244,951.3,431.8,1022.8,475.7
618,4,other_vehicle,0.1840,945.7,550.9,999.6,584.8
618,1,car,0.1203,1281.5,623.4,1342.0,700.4
619,1,car,0.8124,1123.1,580.8,1212.4,650.0
619,1,car,0.7324,559.7,497.4,648.1,550.3
619,0,person,0.5597,958.6,523.3,977.7,574.8
619,1,car,0.5131,951.7,431.4,1022.8,475.7
619,0,person,0.4475,1132.9,448.9,1146.8,486.6
619,2,large_vehicle,0.2960,1075.6,540.2,1156.2,601.4
619,2,large_vehicle,0.1993,951.7,431.4,1022.8,475.7
619,4,other_vehicle,0.1583,944.0,549.5,998.3,584.1
619,1,car,0.1292,1281.6,623.4,1342.0,700.0
619,1,car,0.1101,1075.6,540.2,1156.2,601.4
619,4,other_vehicle,0.1051,941.9,548.8,998.5,582.9
620,1,car,0.8117,1123.1,580.8,1212.4,650.0
620,1,car,0.7312,560.4,497.6,648.1,550.3
620,0,person,0.5707,958.6,523.3,977.7,574.9
620,1,car,0.5172,951.7,431.7,1022.7,475.7
620,0,person,0.4605,1132.9,449.0,1146.7,486.7
620,2,large_vehicle,0.2005,951.7,431.7,1022.7,475.7
620,4,other_vehicle,0.1605,944.0,549.5,998.4,584.1
620,2,large_vehicle,0.1414,1075.4,540.1,1156.0,601.6
620,1,car,0.1394,1281.6,623.6,1342.0,699.8
620,2,large_vehicle,0.1154,1075.6,540.3,1156.1,601.4
620,4,other_vehicle,0.1059,941.8,548.8,998.5,582.9
621,1,car,0.8096,1123.0,580.8,1212.4,650.0
621,1,car,0.7196,559.7,497.5,648.1,550.3
621,0,person,0.5550,958.3,523.3,977.7,575.2
621,1,car,0.5203,951.5,431.5,1022.8,475.6
621,0,person,0.4933,1132.9,449.0,1146.7,486.9
621,2,large_vehicle,0.2034,951.5,431.5,1022.8,475.6
621,1,car,0.1799,1281.6,623.6,1342.0,699.8
621,2,large_vehicle,0.1626,1075.4,540.1,1156.0,601.6
621,4,other_vehicle,0.1594,944.4,549.5,998.2,584.0
621,4,other_vehicle,0.1058,942.2,548.6,998.5,582.9
622,1,car,0.8024,1128.3,579.4,1215.4,648.0
622,1,car,0.7482,558.8,497.4,648.5,550.3
622,1,car,0.5042,951.4,431.5,1023.0,475.5
622,0,person,0.4369,1132.6,448.7,1146.6,487.3
622,2,large_vehicle,0.4081,1069.2,542.0,1149.9,605.1
622,0,person,0.3787,953.0,524.0,975.5,578.0
622,0,person,0.3151,949.1,524.1,974.4,576.6
622,4,other_vehicle,0.2526,941.5,547.7,996.4,583.9
622,1,car,0.2448,1069.2,542.0,1149.9,605.1
622,2,large_vehicle,0.1834,951.4,431.5,1023.0,475.5
622,1,car,0.1307,1281.6,623.5,1342.0,699.4
622,4,other_vehicle,0.1157,942.6,544.4,976.9,578.7
623,1,car,0.7995,1128.3,579.4,1215.4,648.0
623,1,car,0.7341,559.8,497.3,648.4,550.1
623,1,car,0.5293,951.2,431.7,1022.9,475.5
623,0,person,0.4330,1132.7,448.8,1146.6,487.3
623,0,person,0.3800,953.0,524.0,975.5,578.0
623,2,large_vehicle,0.3777,1069.2,542.0,1150.1,605.1
623,0,person,0.3120,949.1,524.1,974.4,576.6
623,1,car,0.2776,1069.2,542.0,1150.1,605.1
623,4,other_vehicle,0.2743,941.7,547.8,996.4,583.9
623,1,car,0.2154,1281.6,623.7,1342.0,699.3
623,2,large_vehicle,0.1722,951.2,431.7,1022.9,475.5
623,4,other_vehicle,0.1079,942.7,544.3,977.0,578.7
624,1,car,0.8686,1132.1,578.0,1217.5,645.1
624,1,car,0.7425,560.6,498.1,648.2,550.1
624,1,car,0.6164,1061.5,543.9,1144.3,607.0
624,4,other_vehicle,0.5607,941.0,547.6,992.5,580.8
624,0,person,0.4585,1132.7,448.6,1146.6,487.6
624,1,car,0.4475,950.9,431.2,1022.9,475.5
624,0,person,0.4139,948.7,525.5,972.0,575.5
624,0,person,0.3862,952.6,524.8,973.7,576.4
624,2,large_vehicle,0.2472,950.9,431.2,1022.9,475.5
624,3,motorcycle,0.1786,941.0,547.6,992.5,580.8
624,1,car,0.1239,1281.6,624.4,1342.0,699.3
624,2,large_vehicle,0.1147,1061.5,543.9,1144.3,607.0
625,1,car,0.8688,1132.1,578.0,1217.5,645.1
625,1,car,0.7484,560.6,498.2,648.2,550.1
625,1,car,0.6225,1061.5,543.9,1144.4,607.0
625,4,other_vehicle,0.5581,941.0,547.6,992.5,580.8
625,0,person,0.4602,1132.6,448.5,1146.5,487.6
625,1,car,0.4467,950.9,431.2,1022.9,475.6
625,0,person,0.4158,948.7,525.5,972.0,575.5
625,0,person,0.3855,952.6,524.8,973.8,576.3
625,2,large_vehicle,0.2476,950.9,431.2,1022.9,475.6
625,3,motorcycle,0.1803,941.0,547.6,992.5,580.8
625,1,car,0.1274,1281.6,624.4,1342.0,699.3
625,2,large_vehicle,0.1118,1061.5,543.9,1144.4,607.0
626,1,car,0.8672,1132.1,577.9,1217.5,645.1
626,1,car,0.7453,560.5,498.2,648.2,550.1
626,1,car,0.6157,1061.5,543.9,1144.3,607.0
626,4,other_vehicle,0.5655,941.1,547.7,992.5,580.8
626,0,person,0.4646,1132.7,448.6,1146.5,487.6
626,1,car,0.4516,950.8,431.2,1023.0,475.5
626,0,person,0.4232,948.8,525.6,972.0,575.3
626,0,person,0.3666,952.6,524.9,973.8,576.1
626,2,large_vehicle,0.2395,950.8,431.2,1023.0,475.5
626,3,motorcycle,0.1840,941.1,547.7,992.5,580.8
626,1,car,0.1210,1281.6,624.3,1342.0,699.5
626,2,large_vehicle,0.1186,1061.5,543.9,1144.3,607.0
627,1,car,0.8234,1136.7,576.5,1220.6,643.1
627,1,car,0.7537,558.1,497.5,648.4,550.0
627,2,large_vehicle,0.7103,1052.9,546.4,1137.0,609.7
627,0,person,0.4679,1132.3,448.2,1146.4,487.7
627,1,car,0.4560,952.4,431.9,1023.3,475.6
627,0,person,0.3741,948.4,526.0,969.7,570.0
627,3,motorcycle,0.3015,943.5,538.8,973.3,571.3
627,2,large_vehicle,0.2199,952.4,431.9,1023.3,475.6
627,3,motorcycle,0.2096,940.9,546.2,987.9,578.6
627,0,person,0.2073,951.0,524.7,968.1,562.0
627,3,motorcycle,0.1634,942.0,545.9,976.9,575.7
627,0,person,0.1354,953.0,526.4,971.8,569.4
627,1,car,0.1313,1052.9,546.4,1137.0,609.7
627,1,car,0.1099,1281.6,625.0,1342.0,699.9
628,1,car,0.8277,1136.7,576.5,1220.6,643.1
628,1,car,0.7563,558.0,497.5,648.4,550.0
628,2,large_vehicle,0.6690,1052.8,546.6,1137.8,609.6
628,0,person,0.4920,1132.2,448.7,1146.2,487.4
628,1,car,0.4628,952.4,431.9,1023.2,475.6
628,0,person,0.3756,948.4,526.0,969.7,570.1
628,3,motorcycle,0.2947,943.5,538.7,973.2,571.4
628,2,large_vehicle,0.2203,952.4,431.9,1023.2,475.6
628,0,person,0.2040,951.0,524.7,968.1,562.1
628,3,motorcycle,0.1917,940.9,546.1,987.4,578.6
628,1,car,0.1670,1052.8,546.6,1137.8,609.6
628,3,motorcycle,0.1668,942.1,545.8,976.5,575.8
628,0,person,0.1369,953.0,526.3,971.8,569.6
628,1,car,0.1197,1281.6,625.0,1342.0,699.9
629,1,car,0.6372,559.8,497.1,648.1,550.2
629,1,car,0.6038,1142.3,573.8,1225.0,641.2
629,2,large_vehicle,0.5435,1044.8,547.8,1131.8,613.3
629,0,person,0.4354,946.0,524.8,967.6,570.3
629,1,car,0.4261,952.0,431.6,1022.9,475.8
629,0,person,0.3384,1132.2,448.1,1145.9,487.4
629,3,motorcycle,0.3357,932.1,546.2,972.4,577.8
629,2,large_vehicle,0.3156,1142.3,573.8,1225.0,641.2
629,2,large_vehicle,0.2772,952.0,431.6,1022.9,475.8
629,1,car,0.2705,1044.8,547.8,1131.8,613.3
629,1,car,0.2185,1281.6,622.9,1342.0,700.0
629,2,large_vehicle,0.1686,559.8,497.1,648.1,550.2
629,4,other_vehicle,0.1289,932.1,546.2,972.4,577.8
629,0,person,0.1162,948.0,524.1,965.3,561.1
630,1,car,0.6340,559.3,497.0,648.1,550.3
630,1,car,0.6019,1142.3,573.8,1225.1,641.2
630,2,large_vehicle,0.5361,1044.7,547.7,1131.7,613.3
630,0,person,0.4328,946.4,524.7,967.6,570.5
630,1,car,0.4184,951.9,431.8,1022.6,475.8
630,0,person,0.3198,1132.2,448.2,1145.9,487.4
630,2,large_vehicle,0.3147,1142.3,573.8,1225.1,641.2
630,3,motorcycle,0.3094,933.7,545.7,970.4,578.2
630,1,car,0.2784,1044.7,547.7,1131.7,613.3
630,2,large_vehicle,0.2635,951.9,431.8,1022.6,475.8
630,1,car,0.1631,1281.7,623.1,1342.0,700.1
630,2,large_vehicle,0.1603,559.3,497.0,648.1,550.3
630,0,person,0.1217,948.2,524.2,965.3,560.8
630,4,other_vehicle,0.1143,933.7,545.7,970.4,578.2
631,1,car,0.6767,562.2,497.5,648.4,550.1
631,1,car,0.6361,1145.7,572.6,1230.7,640.2
631,0,person,0.5304,944.8,524.4,965.1,574.1
631,2,large_vehicle,0.4671,1037.7,550.4,1124.5,616.0
631,1,car,0.4603,951.1,431.7,1022.5,475.8
631,1,car,0.4165,1037.7,550.4,1124.5,616.0
631,3,motorcycle,0.2926,928.8,546.6,969.9,578.3
631,0,person,0.2870,1131.9,448.0,1145.8,487.2
631,2,large_vehicle,0.2308,1145.7,572.6,1230.7,640.2
631,2,large_vehicle,0.2037,951.1,431.7,1022.5,475.8
631,1,car,0.1115,1281.8,623.8,1342.0,699.8
631,2,large_vehicle,0.1093,562.2,497.5,648.4,550.1
631,0,person,0.1071,946.4,524.4,963.2,562.7
632,1,car,0.6682,559.8,497.1,648.2,550.1
632,1,car,0.6427,1145.7,572.6,1230.7,640.2
632,0,person,0.5228,944.8,524.4,965.1,574.1
632,1,car,0.4760,951.0,431.8,1022.6,475.7
632,2,large_vehicle,0.4592,1037.7,550.3,1124.5,616.0
632,1,car,0.4245,1037.7,550.3,1124.5,616.0
632,3,motorcycle,0.2950,928.4,546.6,969.9,578.2
632,0,person,0.2773,1131.9,448.1,1145.7,487.2
632,2,large_vehicle,0.2233,1145.7,572.6,1230.7,640.2
632,2,large_vehicle,0.1770,951.0,431.8,1022.6,475.7
632,1,car,0.1334,1281.8,623.9,1342.0,699.7
632,2,large_vehicle,0.1174,559.8,497.1,648.2,550.1
632,0,person,0.1097,946.4,524.4,963.2,562.7
633,1,car,0.7651,1150.5,571.5,1232.2,637.0
633,1,car,0.7434,561.5,498.2,648.2,550.1
633,2,large_vehicle,0.6205,1029.7,552.1,1116.9,618.9
633,0,person,0.4942,942.3,524.3,962.7,578.3
633,1,car,0.4877,951.1,431.7,1022.4,475.6
633,0,person,0.3149,1131.5,448.0,1145.6,487.1
633,1,car,0.2263,1029.7,552.1,1116.9,618.9
633,2,large_vehicle,0.1878,951.1,431.7,1022.4,475.6
633,3,motorcycle,0.1677,927.6,545.2,967.1,578.7
633,0,person,0.1553,939.3,524.4,960.8,575.8
633,1,car,0.1028,1281.9,625.1,1342.0,699.9
634,1,car,0.7659,1150.5,571.5,1232.2,637.0
634,1,car,0.7404,561.4,498.2,648.2,550.2
634,2,large_vehicle,0.6183,1029.7,552.0,1116.9,618.9
634,0,person,0.4973,942.3,524.3,962.7,578.4
634,1,car,0.4933,951.3,431.7,1022.4,475.6
634,0,person,0.3130,1131.5,447.9,1145.6,487.1
634,1,car,0.2291,1029.7,552.0,1116.9,618.9
634,2,large_vehicle,0.1861,951.3,431.7,1022.4,475.6
634,3,motorcycle,0.1658,927.6,545.2,967.1,578.7
634,0,person,0.1527,939.3,524.4,960.8,575.8
634,1,car,0.1003,1281.9,625.0,1342.0,699.9
635,1,car,0.7581,1150.5,571.6,1232.2,636.9
635,1,car,0.7343,561.6,498.2,648.2,550.1
635,2,large_vehicle,0.6290,1029.7,552.1,1117.0,618.9
635,1,car,0.5406,951.0,432.0,1022.5,475.5
635,0,person,0.4928,942.3,524.3,962.7,578.4
635,0,person,0.3117,1131.5,448.1,1145.5,487.1
635,1,car,0.2186,1029.7,552.1,1117.0,618.9
635,3,motorcycle,0.1605,927.6,545.3,966.8,578.6
635,2,large_vehicle,0.1530,951.0,432.0,1022.5,475.5
635,0,person,0.1483,939.3,524.5,960.7,575.8
635,3,motorcycle,0.1039,926.9,544.9,983.8,580.6
636,1,car,0.7327,556.7,497.1,648.5,550.2
636,1,car,0.6748,1154.9,568.8,1233.1,634.9
636,1,car,0.6312,1020.7,554.2,1111.1,622.2
636,1,car,0.5021,951.0,431.3,1022.4,475.8
636,0,person,0.4189,1130.9,447.5,1145.0,486.0
636,3,motorcycle,0.2646,929.7,534.5,959.9,570.2
636,0,person,0.2329,936.3,525.1,959.5,567.9
636,2,large_vehicle,0.2220,1020.7,554.2,1111.1,622.2
636,0,person,0.2141,940.2,524.2,957.4,561.7
636,2,large_vehicle,0.1855,1154.9,568.8,1233.1,634.9
636,3,motorcycle,0.1805,929.8,540.4,959.7,577.9
636,2,large_vehicle,0.1701,951.0,431.3,1022.4,475.8
636,1,car,0.1510,1282.0,623.6,1342.0,700.0
636,0,person,0.1421,942.1,524.9,960.4,569.3
636,0,person,0.1128,943.3,523.7,960.1,560.2
637,1,car,0.7310,556.6,497.0,648.5,550.2
637,1,car,0.6472,1154.9,568.8,1233.1,634.9
637,1,car,0.6355,1020.7,554.4,1111.1,622.2
637,1,car,0.5094,950.8,431.4,1022.5,475.7
637,0,person,0.4123,1130.9,448.1,1144.9,486.1
637,0,person,0.2394,936.4,525.1,959.5,568.1
637,3,motorcycle,0.2386,929.9,534.4,959.8,570.5
637,2,large_vehicle,0.2201,1154.9,568.8,1233.1,634.9
637,2,large_vehicle,0.2197,1020.7,554.4,1111.1,622.2
637,0,person,0.2087,940.2,524.2,957.4,561.7
637,3,motorcycle,0.1852,929.7,540.4,959.6,578.0
637,2,large_vehicle,0.1626,950.8,431.4,1022.5,475.7
637,1,car,0.1604,1282.0,623.4,1342.0,700.0
637,0,person,0.1450,942.1,524.8,960.3,569.6
637,0,person,0.1075,943.2,523.7,960.0,560.1
638,1,car,0.7061,558.8,497.1,648.2,550.1
638,1,car,0.6710,1159.2,568.3,1237.0,632.5
638,2,large_vehicle,0.5307,1011.0,556.9,1104.4,624.3
638,1,car,0.4374,951.8,431.1,1022.7,475.6
638,0,person,0.3834,1130.3,448.3,1144.5,485.5
638,0,person,0.3694,935.8,525.9,956.8,570.8
638,1,car,0.3287,1011.0,556.9,1104.4,624.3
638,2,large_vehicle,0.2788,951.8,431.1,1022.7,475.6
638,2,large_vehicle,0.2126,1159.2,568.3,1237.0,632.5
638,3,motorcycle,0.2092,927.8,544.4,958.8,578.6
638,1,car,0.1959,1282.0,621.8,1342.0,699.3
638,0,person,0.1643,938.4,525.4,955.2,560.2
638,2,large_vehicle,0.1091,558.8,497.1,648.2,550.1
639,1,car,0.6960,559.0,497.4,648.0,550.1
639,1,car,0.6756,1159.2,568.3,1237.1,632.5
639,2,large_vehicle,0.5292,1011.0,556.8,1104.4,624.3
639,1,car,0.4399,951.9,431.5,1022.5,475.7
639,0,person,0.3530,1130.3,448.9,1144.2,485.5
639,0,person,0.3470,935.8,526.0,956.8,570.1
639,1,car,0.3345,1011.0,556.8,1104.4,624.3
639,2,large_vehicle,0.2817,951.9,431.5,1022.5,475.7
639,2,large_vehicle,0.2088,1159.2,568.3,1237.1,632.5
639,0,person,0.1705,938.4,525.3,955.1,559.9
639,1,car,0.1636,1282.0,621.5,1342.0,699.4
639,3,motorcycle,0.1341,929.8,544.0,957.9,578.5
639,2,large_vehicle,0.1204,559.0,497.4,648.0,550.1
640,1,car,0.6969,559.1,497.5,647.9,550.1
640,1,car,0.6810,1159.2,568.3,1237.1,632.5
640,2,large_vehicle,0.5276,1011.0,556.9,1104.4,624.3
640,1,car,0.4413,951.9,431.5,1022.5,475.7
640,0,person,0.3827,1130.4,448.2,1144.3,485.1
640,0,person,0.3554,935.7,525.9,956.7,570.4
640,1,car,0.3352,1011.0,556.9,1104.4,624.3
640,2,large_vehicle,0.2813,951.9,431.5,1022.5,475.7
640,2,large_vehicle,0.2023,1159.2,568.3,1237.1,632.5
640,3,motorcycle,0.1749,928.6,544.1,958.4,578.5
640,1,car,0.1666,1282.0,621.4,1342.0,699.3
640,0,person,0.1659,938.3,525.4,955.1,560.1
640,2,large_vehicle,0.1240,559.1,497.5,647.9,550.1
641,1,car,0.6712,1162.9,567.7,1241.5,630.0
641,1,car,0.6657,560.8,497.0,647.8,550.0
641,1,car,0.5562,951.6,431.9,1022.4,475.6
641,3,motorcycle,0.5230,919.3,544.9,963.0,576.7
641,1,car,0.5083,1002.0,559.9,1096.5,627.6
641,0,person,0.4108,934.3,525.2,955.0,571.0
641,0,person,0.3286,1129.7,449.7,1143.6,485.7
641,2,large_vehicle,0.2665,1002.0,559.9,1096.5,627.6
641,2,large_vehicle,0.2449,1162.9,567.7,1241.5,630.0
641,1,car,0.1871,1281.9,622.2,1342.0,699.3
641,2,large_vehicle,0.1751,951.6,431.9,1022.4,475.6
641,0,person,0.1457,936.2,524.1,952.9,561.4
641,2,large_vehicle,0.1441,560.8,497.0,647.8,550.0
642,1,car,0.6831,561.8,497.5,647.9,549.9
642,1,car,0.6709,1162.9,567.7,1241.6,630.0
642,1,car,0.5574,951.5,431.8,1022.3,475.6
642,1,car,0.5284,1002.0,559.9,1096.7,627.6
642,3,motorcycle,0.5106,919.5,544.8,963.0,576.7
642,0,person,0.4038,934.3,525.2,955.0,570.9
642,0,person,0.3366,1129.6,449.9,1143.4,485.7
642,2,large_vehicle,0.2549,1002.0,559.9,1096.7,627.6
642,2,large_vehicle,0.2495,1162.9,567.7,1241.6,630.0
642,1,car,0.2006,1281.9,622.0,1342.0,699.3
642,2,large_vehicle,0.1839,951.5,431.8,1022.3,475.6
642,0,person,0.1541,936.1,524.1,952.9,561.3
642,2,large_vehicle,0.1315,561.8,497.5,647.9,549.9
643,1,car,0.6936,560.5,497.8,647.7,550.0
643,1,car,0.5122,1167.4,566.4,1245.6,628.0
643,1,car,0.4723,951.2,431.2,1022.2,475.6
643,1,car,0.4642,992.4,560.7,1090.3,631.8
643,2,large_vehicle,0.4445,992.4,560.7,1090.3,631.8
643,0,person,0.4096,1128.6,451.3,1142.5,486.6
643,0,person,0.4055,930.6,524.0,952.5,576.6
643,4,other_vehicle,0.3552,915.3,545.5,959.4,579.7
643,0,person,0.2541,927.5,524.4,950.8,574.8
643,3,motorcycle,0.2380,915.3,545.5,959.4,579.7
643,2,large_vehicle,0.2257,951.2,431.2,1022.2,475.6
643,2,large_vehicle,0.2147,1167.4,566.4,1245.6,628.0
643,1,car,0.1923,1167.7,566.4,1245.2,628.0
643,2,large_vehicle,0.1387,560.5,497.8,647.7,550.0
643,0,person,0.1232,932.7,524.0,951.0,563.3
644,1,car,0.7006,561.1,497.8,647.8,550.1
644,1,car,0.5444,1167.5,566.4,1245.5,628.0
644,1,car,0.4701,951.0,431.1,1022.1,475.6
644,2,large_vehicle,0.4573,992.4,560.7,1090.3,631.8
644,1,car,0.4518,992.4,560.7,1090.3,631.8
644,0,person,0.4094,930.6,524.0,952.5,576.9
644,0,person,0.4080,1128.5,451.2,1142.5,486.6
644,4,other_vehicle,0.3135,915.5,545.0,959.4,579.5
644,2,large_vehicle,0.2504,1167.5,566.4,1245.5,628.0
644,3,motorcycle,0.2434,915.5,545.0,959.4,579.5
644,0,person,0.2362,927.6,524.4,950.9,574.9
644,2,large_vehicle,0.2207,951.0,431.1,1022.1,475.6
644,1,car,0.1410,1167.7,566.4,1245.1,628.0
644,2,large_vehicle,0.1254,561.1,497.8,647.8,550.1
644,0,person,0.1201,932.8,524.0,951.0,563.4
644,1,car,0.1012,1282.0,622.3,1342.0,699.2
645,1,car,0.7225,561.4,498.0,647.9,550.1
645,1,car,0.5243,1167.4,566.4,1245.6,628.1
645,1,car,0.4595,992.4,560.7,1090.4,631.9
645,1,car,0.4558,950.5,430.7,1022.0,475.6
645,2,large_vehicle,0.4497,992.4,560.7,1090.4,631.9
645,0,person,0.4106,930.5,524.0,952.6,576.7
645,0,person,0.3727,1128.6,452.5,1142.3,486.6
645,4,other_vehicle,0.3310,915.8,545.5,959.4,579.7
645,3,motorcycle,0.2655,915.8,545.5,959.4,579.7
645,2,large_vehicle,0.2617,950.5,430.7,1022.0,475.6
645,0,person,0.2435,927.5,524.4,950.8,574.9
645,2,large_vehicle,0.2166,1167.4,566.4,1245.6,628.1
645,1,car,0.1802,1167.7,566.4,1245.2,628.0
645,0,person,0.1251,1128.3,455.5,1143.0,486.9
645,0,person,0.1203,932.7,524.0,951.1,563.3
645,1,car,0.1111,1282.0,622.3,1342.0,699.3
646,1,car,0.7650,1171.0,564.1,1248.7,627.6
646,1,car,0.7460,558.5,497.6,648.2,550.1
646,1,car,0.7227,984.1,564.0,1082.4,635.2
646,1,car,0.4811,952.0,430.6,1022.4,475.8
646,0,person,0.4762,927.3,524.9,948.8,573.6
646,3,motorcycle,0.3132,913.7,543.6,957.9,577.8
646,0,person,0.3025,1128.3,452.6,1141.7,486.4
646,4,other_vehicle,0.2639,913.7,543.6,957.9,577.8
646,0,person,0.2514,1128.2,454.3,1142.4,486.6
646,2,large_vehicle,0.1961,952.0,430.6,1022.4,475.8
646,2,large_vehicle,0.1203,984.1,564.0,1082.4,635.2
646,0,person,0.1144,930.2,524.5,950.2,575.2
647,1,car,0.7624,1171.0,564.1,1248.7,627.6
647,1,car,0.7437,558.1,497.6,648.2,550.2
647,1,car,0.7171,984.1,563.9,1082.3,635.2
647,1,car,0.4905,951.8,430.7,1022.5,475.8
647,0,person,0.4784,927.3,524.9,948.8,573.6
647,3,motorcycle,0.3092,913.7,543.6,957.8,577.8
647,0,person,0.3059,1128.3,452.5,1141.7,486.4
647,4,other_vehicle,0.2697,913.7,543.6,957.8,577.8
647,0,person,0.2513,1128.2,454.2,1142.5,486.6
647,2,large_vehicle,0.1912,951.8,430.7,1022.5,475.8
647,2,large_vehicle,0.1253,984.1,563.9,1082.3,635.2
647,0,person,0.1117,930.2,524.6,950.2,575.2
648,1,car,0.7223,559.8,497.6,648.1,550.1
648,1,car,0.6595,1174.9,562.7,1253.8,624.2
648,1,car,0.6117,974.3,565.0,1070.5,637.4
648,1,car,0.5488,952.1,430.8,1022.3,475.6
648,0,person,0.3152,1127.7,451.7,1140.9,486.0
648,3,motorcycle,0.2609,918.0,537.8,949.3,569.0
648,2,large_vehicle,0.2327,974.3,565.0,1070.5,637.4
648,0,person,0.2196,927.8,523.3,945.0,560.7
648,0,person,0.1995,924.5,524.7,946.6,567.4
648,2,large_vehicle,0.1993,1174.9,562.7,1253.8,624.2
648,2,large_vehicle,0.1790,952.1,430.8,1022.3,475.6
648,3,motorcycle,0.1308,916.3,544.0,950.2,576.4
649,1,car,0.7183,559.7,497.3,648.2,550.1
649,1,car,0.6585,1174.9,562.7,1253.8,624.2
649,1,car,0.6116,974.3,565.0,1070.4,637.3
649,1,car,0.5428,952.1,430.9,1022.3,475.6
649,0,person,0.3190,1127.7,451.4,1140.9,486.0
649,3,motorcycle,0.2571,917.9,537.9,949.3,569.0
649,2,large_vehicle,0.2313,974.3,565.0,1070.4,637.3
649,0,person,0.2198,927.8,523.3,945.0,560.7
649,0,person,0.2017,924.5,524.7,946.6,567.4
649,2,large_vehicle,0.2008,1174.9,562.7,1253.8,624.2
649,2,large_vehicle,0.1837,952.1,430.9,1022.3,475.6
649,3,motorcycle,0.1336,916.2,544.0,950.3,576.3
650,1,car,0.7067,560.0,497.5,648.2,550.0
650,1,car,0.6580,1174.9,562.6,1253.8,624.3
650,1,car,0.6097,974.3,565.1,1070.1,637.4
650,1,car,0.5552,952.1,430.7,1022.6,475.6
650,0,person,0.3159,1127.7,451.7,1140.9,486.0
650,3,motorcycle,0.2697,917.9,538.0,949.5,569.0
650,2,large_vehicle,0.2310,974.3,565.1,1070.1,637.4
650,0,person,0.2278,927.8,523.4,945.0,560.8
650,2,large_vehicle,0.2000,1174.9,562.6,1253.8,624.3
650,0,person,0.1866,924.6,524.9,946.6,567.4
650,2,large_vehicle,0.1719,952.1,430.7,1022.6,475.6
650,3,motorcycle,0.1292,916.6,544.1,949.9,576.4
651,1,car,0.6593,563.1,497.3,648.1,549.9
651,1,car,0.5576,1178.3,558.8,1258.7,622.9
651,1,car,0.5231,951.7,430.8,1022.4,475.7
651,1,car,0.4896,964.6,568.5,1067.6,640.5
651,2,large_vehicle,0.4242,964.6,568.5,1067.6,640.5
651,0,person,0.3234,1127.6,450.8,1141.2,485.0
651,2,large_vehicle,0.2917,1178.3,558.8,1258.7,622.9
651,0,person,0.2537,925.1,522.0,942.2,561.8
651,2,large_vehicle,0.2026,951.7,430.8,1022.4,475.7
651,2,large_vehicle,0.1274,563.1,497.3,648.1,549.9
651,0,person,0.1051,923.1,523.2,944.2,570.6
651,3,motorcycle,0.1003,912.0,543.7,946.3,575.6
652,1,car,0.6639,563.2,497.5,648.0,550.0
652,1,car,0.5412,964.2,568.5,1068.2,640.6
652,1,car,0.4915,951.6,430.7,1022.4,475.6
652,1,car,0.4791,1178.5,559.2,1257.7,622.8
652,2,large_vehicle,0.3870,1178.5,559.2,1257.7,622.8
652,2,large_vehicle,0.3814,964.2,568.5,1068.2,640.6
652,0,person,0.3111,1127.6,451.9,1141.1,485.1
652,0,person,0.2253,925.0,522.1,942.2,561.8
652,2,large_vehicle,0.2240,951.6,430.7,1022.4,475.6
652,0,person,0.1544,922.9,522.8,944.5,571.4
652,2,large_vehicle,0.1239,563.2,497.5,648.0,550.0
652,3,motorcycle,0.1110,911.4,543.7,947.3,575.6
653,1,car,0.7426,954.0,571.9,1058.7,643.7
653,1,car,0.7185,560.9,498.1,647.8,549.9
653,1,car,0.5488,951.2,431.0,1022.8,475.6
653,2,large_vehicle,0.4741,1182.5,558.1,1259.1,620.5
653,1,car,0.3917,1182.5,558.1,1259.1,620.5
653,2,large_vehicle,0.1791,951.2,431.0,1022.8,475.6
653,0,person,0.1634,1127.3,451.6,1139.6,485.0
653,2,large_vehicle,0.1619,954.0,571.9,1058.7,643.7
653,0,person,0.1519,920.7,523.5,941.2,570.8
653,0,person,0.1374,922.4,523.4,939.7,559.1
653,0,person,0.1175,915.4,523.9,940.0,570.3
654,1,car,0.7311,954.0,571.9,1058.9,643.6
654,1,car,0.7264,560.6,498.2,647.8,550.0
654,1,car,0.5545,951.5,431.3,1022.7,475.6
654,2,large_vehicle,0.4745,1182.5,558.2,1259.1,620.5
654,1,car,0.3956,1182.5,558.2,1259.1,620.5
654,2,large_vehicle,0.1925,951.5,431.3,1022.7,475.6
654,2,large_vehicle,0.1761,954.0,571.9,1058.9,643.6
654,0,person,0.1468,920.7,523.6,941.2,570.7
654,0,person,0.1424,922.4,523.3,939.7,559.3
654,0,person,0.1303,1127.3,451.6,1139.5,485.0
654,0,person,0.1123,915.3,524.0,940.1,570.2
655,1,car,0.7774,945.3,573.7,1051.1,647.7
655,1,car,0.7268,556.4,497.5,648.0,549.9
655,1,car,0.5411,952.2,431.3,1023.1,475.7
655,1,car,0.4519,1186.5,558.4,1257.3,618.0
655,0,person,0.3751,914.6,524.6,937.6,572.3
655,2,large_vehicle,0.3608,1186.5,558.4,1257.3,618.0
655,3,motorcycle,0.3539,902.4,544.2,944.9,576.5
655,0,person,0.1852,919.2,524.1,939.1,572.1
655,2,large_vehicle,0.1836,952.2,431.3,1023.1,475.7
655,0,person,0.1681,1127.2,452.9,1139.1,485.7
655,2,large_vehicle,0.1474,945.3,573.7,1051.1,647.7
655,4,other_vehicle,0.1317,902.4,544.2,944.9,576.5
656,1,car,0.7623,945.3,573.8,1051.1,647.7
656,1,car,0.7338,555.4,497.2,648.2,549.9
656,1,car,0.5517,952.0,431.5,1023.3,475.7
656,1,car,0.4378,1186.5,558.4,1257.3,618.0
656,3,motorcycle,0.3761,902.4,544.5,945.4,576.5
656,2,large_vehicle,0.3758,1186.5,558.4,1257.3,618.0
656,0,person,0.3621,914.6,524.6,937.7,572.1
656,0,person,0.1952,919.2,524.1,939.1,571.6
656,0,person,0.1779,1127.2,452.9,1139.1,485.6
656,2,large_vehicle,0.1714,952.0,431.5,1023.3,475.7
656,2,large_vehicle,0.1679,945.3,573.8,1051.1,647.7
656,4,other_vehicle,0.1189,902.4,544.5,945.4,576.5
657,1,car,0.6424,559.8,496.9,648.2,549.9
657,1,car,0.5615,1189.7,556.1,1260.2,617.2
657,1,car,0.5213,934.4,576.1,1040.7,651.2
657,1,car,0.4828,952.1,430.4,1023.3,475.9
657,0,person,0.4118,913.2,523.0,935.7,570.0
657,2,large_vehicle,0.3690,934.4,576.1,1040.7,651.2
657,3,motorcycle,0.3631,899.6,544.7,942.6,577.0
657,0,person,0.2569,1126.8,451.7,1139.0,485.9
657,2,large_vehicle,0.1660,952.1,430.4,1023.3,475.9
657,2,large_vehicle,0.1138,1189.7,556.1,1260.2,617.2
658,1,car,0.6476,559.8,496.9,648.2,550.0
658,1,car,0.5607,1189.7,556.1,1260.3,617.2
658,1,car,0.5191,934.4,576.1,1040.7,651.2
658,1,car,0.4865,952.2,430.4,1023.3,475.9
658,0,person,0.4105,913.1,523.0,935.7,570.0
658,2,large_vehicle,0.3712,934.4,576.1,1040.7,651.2
658,3,motorcycle,0.3639,899.6,544.8,942.6,577.0
658,0,person,0.2523,1126.8,451.9,1139.0,485.9
658,2,large_vehicle,0.1685,952.2,430.4,1023.3,475.9
658,2,large_vehicle,0.1158,1189.7,556.1,1260.3,617.2
659,1,car,0.6316,560.2,496.8,648.1,549.8
659,1,car,0.5628,1189.7,556.2,1260.1,617.2
659,1,car,0.5057,934.5,576.1,1040.6,651.2
659,1,car,0.5022,951.9,430.8,1023.4,475.9
659,0,person,0.4354,913.6,522.8,935.5,569.6
659,2,large_vehicle,0.3844,934.5,576.1,1040.6,651.2
659,3,motorcycle,0.3663,899.7,544.8,941.6,577.0
659,0,person,0.2580,1126.8,451.6,1139.0,485.9
659,2,large_vehicle,0.1582,951.9,430.8,1023.4,475.9
659,2,large_vehicle,0.1114,1189.7,556.2,1260.1,617.2
659,2,large_vehicle,0.1052,560.2,496.8,648.1,549.8
660,1,car,0.6367,559.2,497.2,648.1,549.7
660,3,motorcycle,0.5283,897.6,544.2,937.4,576.6
660,1,car,0.5282,951.6,431.7,1023.1,475.6
660,1,car,0.4739,924.2,580.3,1031.6,653.7
660,2,large_vehicle,0.4380,924.2,580.3,1031.6,653.7
660,2,large_vehicle,0.4246,1193.9,557.4,1266.0,614.0
660,1,car,0.3484,1193.9,557.4,1266.0,614.0
660,0,person,0.2989,910.3,523.9,932.5,568.5
660,0,person,0.2415,912.7,522.0,931.1,561.0
660,2,large_vehicle,0.1918,951.6,431.7,1023.1,475.6
660,2,large_vehicle,0.1587,559.2,497.2,648.1,549.7
660,0,person,0.1408,1126.3,452.0,1138.4,486.1
660,0,person,0.1134,906.3,526.8,928.5,569.3
660,1,car,0.1065,1281.8,624.6,1342.0,699.3
661,1,car,0.6581,559.6,497.3,648.0,549.8
661,1,car,0.5334,951.8,431.7,1023.1,475.6
661,3,motorcycle,0.4918,897.6,544.0,937.4,576.7
661,2,large_vehicle,0.4650,924.2,580.2,1032.0,653.7
661,1,car,0.4525,924.2,580.2,1032.0,653.7
661,2,large_vehicle,0.4236,1193.9,557.3,1266.0,613.9
661,1,car,0.3466,1193.9,557.3,1266.0,613.9
661,0,person,0.3186,910.3,523.6,932.6,568.7
661,0,person,0.2186,912.6,522.0,931.1,560.7
661,2,large_vehicle,0.1897,951.8,431.7,1023.1,475.6
661,2,large_vehicle,0.1409,559.6,497.3,648.0,549.8
661,0,person,0.1285,1126.3,451.5,1138.6,485.9
661,0,person,0.1118,906.3,526.5,928.5,569.3
662,2,large_vehicle,0.7350,913.4,580.7,1019.6,656.1
662,1,car,0.6861,559.7,497.5,648.0,549.7
662,1,car,0.5737,951.1,431.4,1023.3,475.6
662,3,motorcycle,0.4953,895.7,545.4,937.7,576.6
662,0,person,0.4220,911.1,522.7,928.7,561.2
662,0,person,0.4041,1125.8,452.3,1138.2,486.2
662,1,car,0.2687,1196.1,556.7,1268.9,611.3
662,2,large_vehicle,0.2510,1196.1,556.7,1268.9,611.3
662,1,car,0.1928,1196.2,556.4,1269.3,612.2
662,2,large_vehicle,0.1894,951.1,431.4,1023.3,475.6
662,1,car,0.1590,913.4,580.7,1019.6,656.1
662,2,large_vehicle,0.1361,559.7,497.5,648.0,549.7
662,4,other_vehicle,0.1277,895.7,545.4,937.7,576.6
662,1,car,0.1126,1281.7,623.9,1342.0,699.4
662,0,person,0.1032,907.9,522.5,925.4,561.0
662,2,large_vehicle,0.1002,1196.2,556.4,1269.3,612.2
663,2,large_vehicle,0.7305,913.3,580.6,1020.8,656.2
663,1,car,0.7050,559.5,497.7,648.0,549.7
663,1,car,0.5624,951.3,431.2,1023.4,475.6
663,3,motorcycle,0.5061,895.7,545.3,937.7,576.6
663,0,person,0.4225,911.1,522.7,928.7,561.4
663,0,person,0.3530,1125.8,452.3,1138.2,486.3
663,1,car,0.2675,1196.0,556.7,1269.0,611.3
663,1,car,0.2667,1196.0,556.4,1269.4,612.2
663,2,large_vehicle,0.2278,1196.0,556.7,1269.0,611.3
663,2,large_vehicle,0.1934,951.3,431.2,1023.4,475.6
663,1,car,0.1655,913.3,580.6,1020.8,656.2
663,4,other_vehicle,0.1210,895.7,545.3,937.7,576.6
663,2,large_vehicle,0.1148,559.5,497.7,648.0,549.7
663,2,large_vehicle,0.1112,1196.0,556.4,1269.4,612.2
663,1,car,0.1069,1281.9,623.5,1342.0,699.3
664,2,large_vehicle,0.7266,913.3,580.6,1020.6,656.2
664,1,car,0.7091,559.3,497.6,647.9,549.7
664,1,car,0.5507,950.6,431.1,1023.3,475.6
664,3,motorcycle,0.4984,895.7,545.4,937.7,576.6
664,0,person,0.4231,911.1,522.7,928.7,561.4
664,0,person,0.3640,1125.8,452.4,1138.1,486.3
664,1,car,0.2775,1196.1,556.7,1269.0,611.3
664,1,car,0.2464,1196.1,556.4,1269.4,612.2
664,2,large_vehicle,0.2336,1196.1,556.7,1269.0,611.3
664,2,large_vehicle,0.2026,950.6,431.1,1023.3,475.6
664,1,car,0.1694,913.3,580.6,1020.6,656.2
664,4,other_vehicle,0.1244,895.7,545.4,937.7,576.6
664,2,large_vehicle,0.1138,559.3,497.6,647.9,549.7
664,1,car,0.1081,1281.8,623.4,1342.0,699.4
664,2,large_vehicle,0.1016,1196.1,556.4,1269.4,612.2
665,1,car,0.7246,555.9,497.5,648.4,549.5
665,1,car,0.6386,901.8,584.3,1010.1,659.8
665,1,car,0.5712,1198.4,554.2,1272.5,610.6
665,1,car,0.5662,951.3,431.6,1023.5,475.5
665,0,person,0.4521,1125.7,452.6,1137.9,486.3
665,0,person,0.4419,903.5,524.0,926.6,571.4
665,3,motorcycle,0.4212,889.6,546.0,937.1,576.9
665,2,large_vehicle,0.2902,901.8,584.3,1010.1,659.8
665,4,other_vehicle,0.2285,889.6,546.0,937.1,576.9
665,2,large_vehicle,0.1663,951.3,431.6,1023.5,475.5
665,2,large_vehicle,0.1422,1198.4,554.2,1272.5,610.6
665,1,car,0.1396,1282.0,624.1,1342.0,699.3
665,0,person,0.1374,909.8,523.2,926.9,561.0
666,1,car,0.7078,556.6,497.5,648.2,549.5
666,1,car,0.6144,901.8,584.4,1010.1,659.8
666,1,car,0.5746,1198.5,554.2,1272.2,610.6
666,1,car,0.5224,951.7,431.4,1023.3,475.5
666,0,person,0.4846,1125.7,452.7,1137.8,486.2
666,0,person,0.4310,903.4,524.1,926.6,571.5
666,3,motorcycle,0.3927,889.6,546.0,937.0,576.7
666,2,large_vehicle,0.3181,901.8,584.4,1010.1,659.8
666,4,other_vehicle,0.2481,889.6,546.0,937.0,576.7
666,2,large_vehicle,0.1953,951.7,431.4,1023.3,475.5
666,0,person,0.1492,909.8,523.2,927.0,561.3
666,2,large_vehicle,0.1422,1198.5,554.2,1272.2,610.6
666,1,car,0.1374,1282.0,624.1,1342.0,699.1
666,0,person,0.1006,901.5,641.0,917.6,690.7
667,1,car,0.6378,1198.6,553.6,1272.3,609.8
667,1,car,0.6111,559.9,497.5,647.9,549.6
667,1,car,0.4763,951.2,431.2,1023.1,475.6
667,2,large_vehicle,0.4571,896.1,584.6,1002.1,661.1
667,1,car,0.4107,896.1,584.6,1002.1,661.1
667,0,person,0.3857,1125.4,452.3,1137.7,486.1
667,0,person,0.3589,903.2,523.8,925.3,569.9
667,3,motorcycle,0.3332,894.6,542.3,930.3,574.6
667,2,large_vehicle,0.2036,951.2,431.2,1023.1,475.6
667,0,person,0.1746,905.9,522.7,923.7,560.8
667,2,large_vehicle,0.1496,559.9,497.5,647.9,549.6
667,1,car,0.1039,1282.1,624.1,1342.0,698.8
667,3,motorcycle,0.1037,895.8,537.7,927.6,569.7
667,2,large_vehicle,0.1037,1198.6,553.6,1272.3,609.8
668,1,car,0.6446,1198.7,553.8,1272.2,609.7
668,1,car,0.5927,559.4,497.4,647.8,549.5
668,2,large_vehicle,0.4567,896.0,584.6,1001.6,661.1
668,1,car,0.4546,951.2,431.2,1023.0,475.6
668,1,car,0.4132,896.0,584.6,1001.6,661.1
668,0,person,0.4072,1125.4,452.3,1137.8,486.1
668,0,person,0.3692,903.4,523.7,925.3,570.1
668,3,motorcycle,0.3211,894.8,542.2,930.3,574.7
668,2,large_vehicle,0.2140,951.2,431.2,1023.0,475.6
668,2,large_vehicle,0.1670,559.4,497.4,647.8,549.5
668,0,person,0.1551,906.0,522.7,923.7,560.6
668,1,car,0.1288,1282.1,623.9,1342.0,698.8
668,2,large_vehicle,0.1041,1198.7,553.8,1272.2,609.7
669,1,car,0.6355,1198.6,553.7,1272.3,609.7
669,1,car,0.6266,559.7,497.3,648.0,549.6
669,1,car,0.4583,951.2,431.1,1023.2,475.6
669,2,large_vehicle,0.4560,896.0,584.6,1001.9,661.1
669,1,car,0.4091,896.0,584.6,1001.9,661.1
669,0,person,0.3920,1125.4,452.3,1137.8,486.1
669,0,person,0.3582,903.2,523.8,925.2,570.1
669,3,motorcycle,0.3104,894.8,542.1,930.5,574.7
669,2,large_vehicle,0.2347,951.2,431.1,1023.2,475.6
669,0,person,0.1702,905.9,522.7,923.7,560.9
669,1,car,0.1474,1282.1,623.6,1342.0,698.8
669,2,large_vehicle,0.1333,559.7,497.3,648.0,549.6
669,3,motorcycle,0.1149,895.9,537.6,927.8,569.8
669,2,large_vehicle,0.1119,1198.6,553.7,1272.3,609.7
670,1,car,0.7572,555.1,497.5,648.1,549.8
670,1,car,0.6227,1200.4,553.0,1278.3,608.9
670,2,large_vehicle,0.6138,884.8,586.7,993.0,664.1
670,0,person,0.5498,901.7,523.5,922.3,570.2
670,1,car,0.5403,950.2,431.1,1023.4,475.4
670,3,motorcycle,0.3788,890.2,543.1,930.7,576.7
670,0,person,0.3095,1125.0,452.5,1137.9,485.3
670,1,car,0.3008,1282.1,620.9,1342.0,698.3
670,1,car,0.2656,884.8,586.7,993.0,664.1
670,2,large_vehicle,0.2049,950.2,431.1,1023.4,475.4
670,4,other_vehicle,0.1440,890.2,543.1,930.7,576.7
670,2,large_vehicle,0.1439,1200.4,553.0,1278.3,608.9
671,1,car,0.7492,554.3,497.2,648.0,549.7
671,1,car,0.6260,1200.5,553.3,1278.2,609.0
671,2,large_vehicle,0.6203,884.8,586.7,993.0,664.1
671,0,person,0.5543,901.7,523.5,922.3,570.3
671,1,car,0.5448,950.1,431.1,1023.4,475.3
671,3,motorcycle,0.3768,890.2,543.0,930.7,576.7
671,1,car,0.3440,1282.1,621.0,1342.0,698.3
671,0,person,0.3146,1125.1,452.6,1137.9,485.3
671,1,car,0.2604,884.8,586.7,993.0,664.1
671,2,large_vehicle,0.2020,950.1,431.1,1023.4,475.3
671,2,large_vehicle,0.1463,1200.5,553.3,1278.2,609.0
671,4,other_vehicle,0.1437,890.2,543.0,930.7,576.7
672,1,car,0.7482,556.3,496.8,648.0,549.5
672,1,car,0.6229,951.4,430.8,1023.6,475.2
672,1,car,0.5889,874.6,589.1,984.2,666.2
672,1,car,0.5710,1206.6,549.5,1280.5,607.3
672,0,person,0.5663,897.5,522.1,919.2,574.6
672,2,large_vehicle,0.2762,874.6,589.1,984.2,666.2
672,1,car,0.2618,1282.2,620.0,1342.0,698.2
672,3,motorcycle,0.1749,888.0,541.8,928.9,577.9
672,4,other_vehicle,0.1726,888.0,541.8,928.9,577.9
672,0,person,0.1610,1124.7,450.9,1138.2,484.5
672,2,large_vehicle,0.1081,951.4,430.8,1023.6,475.2
673,1,car,0.7493,556.3,496.8,648.0,549.5
673,1,car,0.6251,951.4,430.8,1023.5,475.3
673,1,car,0.5852,874.5,589.1,984.2,666.4
673,1,car,0.5755,1206.6,549.7,1280.3,607.3
673,0,person,0.5665,897.5,522.1,919.2,574.6
673,2,large_vehicle,0.2829,874.5,589.1,984.2,666.4
673,1,car,0.2539,1282.2,620.1,1342.0,698.1
673,3,motorcycle,0.1750,888.0,541.7,928.9,577.9
673,4,other_vehicle,0.1715,888.0,541.7,928.9,577.9
673,0,person,0.1594,1124.7,451.0,1138.2,484.5
673,2,large_vehicle,0.1085,951.4,430.8,1023.5,475.3
674,1,car,0.7543,556.1,496.8,647.9,549.4
674,1,car,0.6317,951.4,431.1,1023.6,475.2
674,1,car,0.5985,874.6,589.3,984.1,666.0
674,1,car,0.5793,1206.6,550.0,1280.4,607.3
674,0,person,0.5706,897.5,522.1,919.2,574.7
674,1,car,0.2951,1282.2,619.8,1342.0,698.0
674,2,large_vehicle,0.2620,874.6,589.3,984.1,666.0
674,3,motorcycle,0.1756,888.0,541.8,929.0,578.0
674,4,other_vehicle,0.1747,888.0,541.8,929.0,578.0
674,0,person,0.1646,1124.7,450.9,1138.1,484.6
674,2,large_vehicle,0.1015,951.4,431.1,1023.6,475.2
675,1,car,0.6456,558.4,496.9,647.6,549.5
675,2,large_vehicle,0.6033,861.8,593.0,971.4,672.4
675,1,car,0.5510,951.6,430.7,1023.5,475.3
675,1,car,0.4713,1213.0,547.3,1283.1,605.9
675,1,car,0.3404,861.8,593.0,971.4,672.4
675,0,person,0.3370,897.0,522.9,917.2,570.1
675,1,car,0.2838,1282.2,620.2,1342.0,697.6
675,0,person,0.2689,893.7,523.7,914.7,570.3
675,3,motorcycle,0.2219,887.8,542.1,921.7,576.7
675,2,large_vehicle,0.1919,1213.0,547.3,1283.1,605.9
675,2,large_vehicle,0.1844,951.6,430.7,1023.5,475.3
675,2,large_vehicle,0.1144,558.4,496.9,647.6,549.5
675,0,person,0.1083,1122.6,449.6,1135.8,484.4
675,0,person,0.1022,1124.1,450.4,1137.6,484.9
676,1,car,0.6694,558.5,497.0,647.7,549.5
676,2,large_vehicle,0.6029,861.8,593.1,970.9,672.5
676,1,car,0.5596,951.5,430.7,1023.4,475.3
676,1,car,0.4898,1213.0,547.4,1282.7,605.9
676,1,car,0.3419,861.8,593.1,970.9,672.5
676,0,person,0.3326,897.0,522.8,917.3,570.3
676,1,car,0.3102,1282.1,620.1,1342.0,697.6
676,0,person,0.2677,893.6,523.6,914.8,570.4
676,3,motorcycle,0.2123,887.8,541.9,921.4,576.7
676,2,large_vehicle,0.1833,951.5,430.7,1023.4,475.3
676,2,large_vehicle,0.1738,1213.0,547.4,1282.7,605.9
676,0,person,0.1138,1122.6,449.3,1135.8,484.4
676,0,person,0.1027,1124.1,450.2,1137.6,484.9
676,2,large_vehicle,0.1017,558.5,497.0,647.7,549.5
677,0,person,0.6586,891.2,523.6,914.3,577.3
677,1,car,0.5635,559.8,497.2,647.7,549.3
677,1,car,0.5387,951.1,430.5,1023.4,475.3
677,2,large_vehicle,0.4307,851.3,596.0,967.3,676.0
677,1,car,0.4009,1282.1,618.2,1342.0,698.0
677,1,car,0.3360,1216.0,544.0,1297.3,604.5
677,1,car,0.3298,1216.4,545.5,1288.5,604.2
677,2,large_vehicle,0.2983,850.9,596.1,967.6,676.2
677,0,person,0.2916,1122.3,450.8,1135.7,484.7
677,2,large_vehicle,0.2026,951.1,430.5,1023.4,475.3
677,0,person,0.1757,1192.9,525.7,1213.2,586.1
677,1,car,0.1683,851.3,596.0,967.3,676.0
677,2,large_vehicle,0.1565,559.8,497.2,647.7,549.3
677,0,person,0.1299,1123.8,451.4,1137.7,485.3
677,2,large_vehicle,0.1228,1216.0,544.0,1297.3,604.5
677,2,large_vehicle,0.1071,1216.4,545.5,1288.5,604.2
678,0,person,0.6581,891.2,523.5,914.2,577.2
678,2,large_vehicle,0.6421,850.9,596.1,968.5,676.1
678,1,car,0.6121,559.3,497.2,647.5,549.3
678,1,car,0.5038,951.2,430.2,1023.4,475.2
678,1,car,0.3934,1281.9,618.4,1342.0,697.9
678,1,car,0.3458,1216.0,544.0,1297.4,604.5
678,0,person,0.3112,1122.3,451.0,1135.6,484.8
678,1,car,0.2975,1216.4,545.3,1288.7,604.2
678,1,car,0.2831,850.9,596.1,968.5,676.1
678,2,large_vehicle,0.2273,951.2,430.2,1023.4,475.2
678,0,person,0.1386,1192.8,525.7,1213.1,585.9
678,0,person,0.1234,1123.9,451.5,1137.6,485.4
678,2,large_vehicle,0.1231,559.3,497.2,647.5,549.3
678,2,large_vehicle,0.1228,1216.0,544.0,1297.4,604.5
679,1,car,0.7114,555.5,496.9,647.7,549.4
679,0,person,0.5954,888.6,524.7,911.7,576.7
679,1,car,0.5867,949.7,429.7,1023.5,475.2
679,2,large_vehicle,0.5239,837.6,598.2,947.1,680.9
679,1,car,0.3788,837.6,598.2,947.1,680.9
679,0,person,0.3709,1121.9,451.4,1135.6,485.0
679,1,car,0.3186,1281.8,618.2,1342.0,698.1
679,2,large_vehicle,0.2916,1218.4,539.7,1302.2,603.7
679,1,car,0.1782,1218.4,539.7,1302.2,603.7
679,2,large_vehicle,0.1411,949.7,429.7,1023.5,475.2
680,1,car,0.7130,554.9,496.7,647.8,549.4
680,0,person,0.5939,888.6,524.7,911.7,576.6
680,1,car,0.5867,949.7,429.8,1023.5,475.2
680,2,large_vehicle,0.5397,837.7,598.2,947.6,680.8
680,0,person,0.4041,1121.8,451.4,1135.5,485.1
680,1,car,0.3644,837.7,598.2,947.6,680.8
680,1,car,0.3436,1281.6,618.1,1342.0,698.1
680,2,large_vehicle,0.2853,1218.5,539.9,1301.1,603.6
680,1,car,0.1806,1218.5,539.9,1301.1,603.6
680,2,large_vehicle,0.1465,949.7,429.8,1023.5,475.2
681,1,car,0.7136,557.9,496.9,647.7,549.1
681,2,large_vehicle,0.7013,828.0,601.6,939.9,682.9
681,1,car,0.5163,952.0,430.5,1023.4,474.9
681,0,person,0.4396,886.3,524.5,908.0,576.9
681,1,car,0.3509,1281.7,619.3,1342.0,697.6
681,0,person,0.2683,1121.9,450.0,1135.2,484.6
681,1,car,0.2514,1221.6,540.6,1302.9,601.2
681,1,car,0.2436,1221.8,541.9,1295.6,600.8
681,2,large_vehicle,0.2427,1221.6,540.6,1302.9,601.2
681,2,large_vehicle,0.2253,952.0,430.5,1023.4,474.9
681,1,car,0.2089,828.0,601.6,939.9,682.9
682,1,car,0.7068,557.9,496.9,647.7,549.1
682,2,large_vehicle,0.6985,828.0,601.6,939.9,682.9
682,1,car,0.5262,952.0,430.7,1023.4,474.9
682,0,person,0.4274,886.3,524.5,908.0,576.8
682,1,car,0.3575,1281.7,619.2,1342.0,697.5
682,1,car,0.2952,1221.8,542.1,1295.4,600.8
682,0,person,0.2600,1121.9,450.0,1135.2,484.5
682,1,car,0.2548,1221.6,541.1,1301.6,601.2
682,2,large_vehicle,0.2249,1221.6,541.1,1301.6,601.2
682,2,large_vehicle,0.2164,952.0,430.7,1023.4,474.9
682,1,car,0.2124,828.0,601.6,939.9,682.9
682,2,large_vehicle,0.1043,557.9,496.9,647.7,549.1
683,1,car,0.7120,558.2,497.0,647.6,549.1
683,2,large_vehicle,0.6960,828.0,601.6,940.4,682.8
683,1,car,0.5106,951.9,430.6,1023.3,474.9
683,0,person,0.4570,886.3,524.5,908.0,576.9
683,1,car,0.3608,1281.7,619.3,1342.0,697.6
683,0,person,0.2898,1121.9,450.0,1135.2,484.6
683,1,car,0.2520,1221.8,542.0,1295.5,600.8
683,2,large_vehicle,0.2499,1221.6,540.7,1302.7,601.2
683,1,car,0.2469,1221.6,540.7,1302.7,601.2
683,2,large_vehicle,0.2309,951.9,430.6,1023.3,474.9
683,1,car,0.2148,828.0,601.6,940.4,682.8
683,2,large_vehicle,0.1049,558.2,497.0,647.6,549.1
684,2,large_vehicle,0.6992,813.6,603.0,925.4,685.8
684,1,car,0.5799,558.0,496.6,647.2,549.2
684,1,car,0.4622,951.8,430.2,1023.4,475.1
684,0,person,0.3559,1120.9,449.9,1134.1,484.4
684,1,car,0.3392,1281.6,619.0,1342.0,698.3
684,2,large_vehicle,0.3062,951.8,430.2,1023.4,475.1
684,2,large_vehicle,0.2726,1222.1,531.7,1323.0,599.2
684,1,car,0.2693,1222.5,540.4,1293.6,598.5
684,1,car,0.2089,813.6,603.0,925.4,685.8
684,2,large_vehicle,0.1754,558.0,496.6,647.2,549.2
684,0,person,0.1240,882.6,525.1,902.8,573.0
684,2,large_vehicle,0.1147,1222.5,540.4,1293.6,598.5
684,0,person,0.1124,885.9,526.0,905.5,574.5
685,2,large_vehicle,0.6990,813.6,603.1,925.4,685.9
685,1,car,0.5503,558.6,496.6,647.2,549.2
685,1,car,0.4703,951.9,430.2,1023.3,475.1
685,0,person,0.3487,1120.9,450.3,1134.3,484.5
685,1,car,0.3381,1281.6,618.9,1342.0,698.3
685,1,car,0.3172,1222.5,540.9,1293.4,598.5
685,2,large_vehicle,0.2952,951.9,430.2,1023.3,475.1
685,2,large_vehicle,0.2177,1222.2,532.8,1321.2,599.2
685,1,car,0.2096,813.6,603.1,925.4,685.9
685,2,large_vehicle,0.2026,558.6,496.6,647.2,549.2
685,0,person,0.1328,882.0,525.0,903.0,573.6
685,2,large_vehicle,0.1197,1222.5,540.9,1293.4,598.5
686,2,large_vehicle,0.7051,800.7,608.1,913.6,690.1
686,1,car,0.5064,952.2,430.0,1023.3,475.2
686,1,car,0.4856,558.5,496.1,647.5,549.2
686,0,person,0.3632,883.0,524.8,901.8,574.2
686,0,person,0.3626,1120.5,448.3,1133.5,484.4
686,2,large_vehicle,0.3546,1223.9,496.2,1330.7,597.8
686,1,car,0.3057,1281.6,619.2,1342.0,698.6
686,2,large_vehicle,0.2178,952.2,430.0,1023.3,475.2
686,1,car,0.1830,800.7,608.1,913.6,690.1
686,2,large_vehicle,0.1460,558.5,496.1,647.5,549.2
687,2,large_vehicle,0.6979,800.7,608.0,913.7,690.0
687,1,car,0.5331,952.2,430.0,1023.3,475.1
687,1,car,0.5100,557.1,496.0,647.5,549.1
687,0,person,0.3754,1120.6,448.0,1133.5,484.4
687,0,person,0.3461,882.9,524.5,901.8,574.1
687,2,large_vehicle,0.3269,1223.9,496.1,1330.9,597.8
687,1,car,0.3191,1281.6,619.4,1342.0,698.5
687,2,large_vehicle,0.1982,952.2,430.0,1023.3,475.1
687,1,car,0.1912,800.7,608.0,913.7,690.0
687,2,large_vehicle,0.1277,557.1,496.0,647.5,549.1
688,2,large_vehicle,0.6983,800.7,608.0,913.7,690.1
688,1,car,0.5286,952.2,430.0,1023.3,475.1
688,1,car,0.5066,557.4,496.0,647.5,549.1
688,0,person,0.3729,1120.6,448.1,1133.5,484.4
688,0,person,0.3444,882.9,524.5,901.8,574.1
688,2,large_vehicle,0.3314,1223.9,496.4,1330.7,597.8
688,1,car,0.3086,1281.6,619.4,1342.0,698.5
688,2,large_vehicle,0.1970,952.2,430.0,1023.3,475.1
688,1,car,0.1902,800.7,608.0,913.7,690.1
688,2,large_vehicle,0.1264,557.4,496.0,647.5,549.1
689,1,car,0.5991,551.4,494.6,647.3,549.3
689,2,large_vehicle,0.5901,788.3,610.3,904.2,693.2
689,1,car,0.5809,950.1,430.2,1023.2,474.9
689,2,large_vehicle,0.5599,1224.5,493.8,1339.0,596.3
689,1,car,0.3171,788.3,610.3,904.2,693.2
689,1,car,0.2564,1281.8,620.1,1342.0,698.5
689,2,large_vehicle,0.1812,950.1,430.2,1023.2,474.9
689,2,large_vehicle,0.1787,551.4,494.6,647.3,549.3
689,0,person,0.1403,882.6,527.8,899.6,574.7
689,0,person,0.1022,1120.1,447.9,1132.9,484.6
690,1,car,0.6033,552.3,494.9,647.2,549.3
690,2,large_vehicle,0.5952,788.3,610.3,904.1,693.2
690,2,large_vehicle,0.5866,1224.7,493.8,1338.8,596.2
690,1,car,0.5785,950.1,430.3,1023.3,474.9
690,1,car,0.3084,788.3,610.3,904.1,693.2
690,1,car,0.2312,1281.9,620.1,1342.0,698.4
690,2,large_vehicle,0.1857,950.1,430.3,1023.3,474.9
690,2,large_vehicle,0.1805,552.3,494.9,647.2,549.3
690,0,person,0.1310,1120.2,448.4,1133.0,484.9
690,0,person,0.1277,882.6,527.6,899.6,574.8
690,0,person,0.1212,895.5,633.4,918.6,695.9
691,2,large_vehicle,0.7487,776.4,612.9,890.4,696.1
691,1,car,0.6281,556.8,496.2,646.9,549.0
691,1,car,0.6072,952.1,431.2,1023.2,474.8
691,2,large_vehicle,0.4163,1230.4,494.9,1336.5,595.6
691,0,person,0.1741,1120.1,450.4,1132.8,484.7
691,1,car,0.1693,1282.0,621.7,1342.0,697.7
691,2,large_vehicle,0.1481,952.1,431.2,1023.2,474.8
691,1,car,0.1466,776.4,612.9,890.4,696.1
691,2,large_vehicle,0.1462,556.8,496.2,646.9,549.0
692,2,large_vehicle,0.7524,776.4,612.9,890.2,696.2
692,1,car,0.6340,556.9,496.2,646.9,549.0
692,1,car,0.5966,951.9,431.3,1023.2,474.9
692,2,large_vehicle,0.4586,1230.5,493.9,1337.0,595.6
692,2,large_vehicle,0.1598,556.9,496.2,646.9,549.0
692,0,person,0.1581,1120.0,450.4,1132.7,484.7
692,2,large_vehicle,0.1501,951.9,431.3,1023.2,474.9
692,1,car,0.1422,776.4,612.9,890.2,696.2
692,1,car,0.1364,1282.0,621.3,1342.0,697.9
693,2,large_vehicle,0.7399,776.4,612.9,890.3,696.1
693,1,car,0.6354,556.6,496.4,646.9,548.9
693,1,car,0.6000,951.9,431.3,1023.0,474.9
693,2,large_vehicle,0.4826,1231.1,494.6,1334.8,595.4
693,0,person,0.1672,1120.0,450.2,1132.7,484.7
693,1,car,0.1548,776.4,612.9,890.3,696.1
693,2,large_vehicle,0.1473,951.9,431.3,1023.0,474.9
693,2,large_vehicle,0.1412,556.6,496.4,646.9,548.9
693,1,car,0.1186,1282.2,621.2,1342.0,697.8
694,2,large_vehicle,0.6807,762.9,615.1,876.8,700.7
694,1,car,0.5486,558.5,496.6,647.0,549.1
694,1,car,0.4430,951.8,431.3,1023.0,475.1
694,2,large_vehicle,0.2820,951.8,431.3,1023.0,475.1
694,1,car,0.2053,762.9,615.1,876.8,700.7
694,2,large_vehicle,0.1935,558.5,496.6,647.0,549.1
694,2,large_vehicle,0.1826,1233.2,502.3,1325.8,593.7
694,2,large_vehicle,0.1326,1233.9,528.4,1321.4,594.1
694,1,car,0.1001,1282.1,621.4,1342.0,697.6
695,2,large_vehicle,0.6715,762.9,615.1,877.0,700.7
695,1,car,0.5592,557.6,496.5,647.0,549.2
695,1,car,0.4682,951.5,431.3,1023.0,475.1
695,2,large_vehicle,0.2541,951.5,431.3,1023.0,475.1
695,1,car,0.2093,762.9,615.1,877.0,700.7
695,2,large_vehicle,0.2022,1233.1,500.9,1326.1,593.7
695,2,large_vehicle,0.2015,557.6,496.5,647.0,549.2
695,1,car,0.1302,1282.1,621.5,1342.0,697.6
695,2,large_vehicle,0.1221,1234.0,528.7,1321.5,594.2
696,1,car,0.5801,554.0,495.5,647.0,549.0
696,2,large_vehicle,0.5355,748.0,618.3,866.0,704.1
696,1,car,0.5075,950.4,430.7,1022.8,474.9
696,0,person,0.4975,867.0,524.2,887.0,569.2
696,1,car,0.4312,748.0,618.3,866.0,704.1
696,2,large_vehicle,0.2446,950.4,430.7,1022.8,474.9
696,2,large_vehicle,0.1820,554.0,495.5,647.0,549.0
697,1,car,0.6127,553.9,495.6,647.0,549.1
697,2,large_vehicle,0.5295,748.0,618.3,866.0,704.1
697,0,person,0.5135,866.9,524.2,887.0,569.3
697,1,car,0.5133,950.4,430.7,1022.8,475.0
697,1,car,0.4372,748.0,618.3,866.0,704.1
697,2,large_vehicle,0.2427,950.4,430.7,1022.8,475.0
697,2,large_vehicle,0.1572,553.9,495.6,647.0,549.1
698,1,car,0.6045,553.6,495.6,647.1,549.1
698,2,large_vehicle,0.5398,747.9,618.3,866.3,704.1
698,0,person,0.5050,867.0,524.3,887.0,569.2
698,1,car,0.4901,950.4,430.5,1022.7,475.0
698,1,car,0.4259,747.9,618.3,866.3,704.1
698,2,large_vehicle,0.2697,950.4,430.5,1022.7,475.0
698,2,large_vehicle,0.1713,553.6,495.6,647.1,549.1
699,1,car,0.6425,552.2,495.3,647.0,549.2
699,2,large_vehicle,0.5642,735.9,622.0,850.3,706.6
699,1,car,0.5359,950.1,430.6,1022.6,474.8
699,1,car,0.4378,735.9,622.0,850.3,706.6
699,0,person,0.4261,864.4,525.3,884.2,571.8
699,2,large_vehicle,0.2238,950.1,430.6,1022.6,474.8
699,2,large_vehicle,0.1905,552.2,495.3,647.0,549.2
699,2,large_vehicle,0.1601,1241.4,534.0,1340.0,592.0
699,0,person,0.1559,1119.0,449.3,1132.1,485.6
699,1,car,0.1384,1281.8,623.8,1342.0,696.7
699,1,car,0.1324,1241.4,534.0,1340.0,592.0
699,4,other_vehicle,0.1030,856.6,554.8,893.5,582.1
700,1,car,0.6485,552.0,495.3,647.0,549.1
700,2,large_vehicle,0.5513,735.8,622.0,850.5,706.6
700,1,car,0.5395,950.1,430.7,1022.7,474.8
700,1,car,0.4560,735.8,622.0,850.5,706.6
700,0,person,0.4139,864.4,525.3,884.3,571.9
700,2,large_vehicle,0.2217,950.1,430.7,1022.7,474.8
700,2,large_vehicle,0.1845,552.0,495.3,647.0,549.1
700,2,large_vehicle,0.1572,1241.3,534.1,1340.2,592.0
700,0,person,0.1463,1119.0,449.8,1132.0,485.6
700,1,car,0.1423,1281.8,623.8,1342.0,696.7
700,1,car,0.1384,1241.3,534.1,1340.2,592.0
701,1,car,0.6060,557.0,496.4,646.9,549.1
701,2,large_vehicle,0.5907,722.5,625.0,838.6,709.7
701,1,car,0.4669,951.6,431.3,1022.6,474.7
701,1,car,0.3457,722.5,625.0,838.6,709.7
701,1,car,0.2741,1241.8,533.6,1339.7,591.0
701,2,large_vehicle,0.2622,951.6,431.3,1022.6,474.7
701,3,motorcycle,0.2499,850.0,555.7,898.1,583.3
701,4,other_vehicle,0.1900,850.0,555.7,898.1,583.3
701,2,large_vehicle,0.1849,557.0,496.4,646.9,549.1
701,1,car,0.1187,1281.8,625.2,1342.0,696.4
701,0,person,0.1156,862.1,524.8,881.1,570.0
702,1,car,0.6318,557.6,496.5,646.9,549.2
702,2,large_vehicle,0.5959,722.5,625.0,838.5,709.9
702,1,car,0.4450,952.0,431.3,1022.7,474.7
702,1,car,0.3423,722.5,625.0,838.5,709.9
702,2,large_vehicle,0.2921,952.0,431.3,1022.7,474.7
702,1,car,0.2718,1241.9,533.3,1339.3,590.9
702,3,motorcycle,0.2280,850.7,555.8,897.2,583.3
702,2,large_vehicle,0.1740,557.6,496.5,646.9,549.2
702,4,other_vehicle,0.1651,850.7,555.8,897.2,583.3
703,2,large_vehicle,0.6048,708.0,627.9,824.8,715.7
703,1,car,0.6034,556.7,496.0,647.0,549.2
703,1,car,0.4285,951.6,431.0,1022.9,474.8
703,1,car,0.3391,708.0,627.9,824.8,715.7
703,4,other_vehicle,0.3151,849.5,554.9,888.5,583.5
703,2,large_vehicle,0.3045,951.6,431.0,1022.9,474.8
703,0,person,0.2021,1117.5,449.3,1130.0,484.2
703,2,large_vehicle,0.1856,556.7,496.0,647.0,549.2
704,2,large_vehicle,0.6089,708.0,627.9,824.6,715.7
704,1,car,0.6042,556.9,496.4,647.0,549.2
704,1,car,0.3970,951.9,430.5,1022.9,474.8
704,1,car,0.3355,708.0,627.9,824.6,715.7
704,2,large_vehicle,0.3315,951.9,430.5,1022.9,474.8
704,4,other_vehicle,0.3001,849.6,555.0,887.6,583.4
704,2,large_vehicle,0.2014,556.9,496.4,647.0,549.2
704,0,person,0.1978,1117.5,449.4,1130.0,484.2
705,1,car,0.5759,555.8,495.6,647.0,549.2
705,1,car,0.4919,694.5,631.3,812.6,718.8
705,1,car,0.4426,950.8,430.5,1022.6,474.8
705,2,large_vehicle,0.4203,694.5,631.3,812.6,718.8
705,0,person,0.3777,1116.9,449.3,1129.6,482.8
705,0,person,0.3324,856.5,526.6,876.8,572.8
705,4,other_vehicle,0.2866,847.8,553.1,889.2,583.1
705,2,large_vehicle,0.2769,950.8,430.5,1022.6,474.8
705,3,motorcycle,0.2390,847.8,553.1,889.2,583.1
705,2,large_vehicle,0.2114,555.8,495.6,647.0,549.2
706,1,car,0.5836,555.8,495.6,647.1,549.2
706,1,car,0.4901,694.5,631.3,812.6,718.8
706,1,car,0.4405,950.8,430.5,1022.6,474.8
706,2,large_vehicle,0.4196,694.5,631.3,812.6,718.8
706,0,person,0.3768,1116.9,449.3,1129.6,482.8
706,0,person,0.3377,856.5,526.6,876.8,572.8
706,4,other_vehicle,0.2876,847.8,553.1,889.2,583.1
706,2,large_vehicle,0.2773,950.8,430.5,1022.6,474.8
706,3,motorcycle,0.2405,847.8,553.1,889.2,583.1
706,2,large_vehicle,0.2067,555.8,495.6,647.1,549.2
707,1,car,0.5594,555.5,495.5,647.0,549.2
707,1,car,0.4903,694.5,631.4,812.6,718.8
707,1,car,0.4472,951.0,430.7,1022.6,474.8
707,2,large_vehicle,0.4298,694.5,631.4,812.6,718.8
707,0,person,0.3740,1116.9,449.3,1129.5,482.8
707,0,person,0.3316,856.5,526.7,876.7,572.6
707,4,other_vehicle,0.2830,847.8,553.2,889.3,583.1
707,2,large_vehicle,0.2634,951.0,430.7,1022.6,474.8
707,3,motorcycle,0.2353,847.8,553.2,889.3,583.1
707,2,large_vehicle,0.2268,555.5,495.5,647.0,549.2
708,1,car,0.6451,678.1,633.6,799.7,721.4
708,1,car,0.6291,553.7,495.5,647.0,549.2
708,0,person,0.5392,853.5,527.8,874.0,576.3
708,1,car,0.4647,949.8,430.4,1022.7,474.6
708,0,person,0.4139,1116.3,449.8,1129.7,482.5
708,3,motorcycle,0.3225,842.1,553.2,886.4,583.6
708,2,large_vehicle,0.2920,678.1,633.6,799.7,721.4
708,4,other_vehicle,0.2760,842.1,553.2,886.4,583.6
708,2,large_vehicle,0.2430,949.8,430.4,1022.7,474.6
708,2,large_vehicle,0.2102,553.7,495.5,647.0,549.2
709,1,car,0.6554,678.1,633.6,799.7,721.5
709,1,car,0.6072,554.2,495.6,647.0,549.3
709,0,person,0.5461,853.5,527.6,874.1,576.3
709,1,car,0.4721,949.7,430.4,1022.7,474.6
709,0,person,0.3941,1116.5,449.4,1129.8,482.1
709,3,motorcycle,0.3367,842.1,553.1,887.2,583.6
709,4,other_vehicle,0.2790,842.1,553.1,887.2,583.6
709,2,large_vehicle,0.2784,678.1,633.6,799.7,721.5
709,2,large_vehicle,0.2409,949.7,430.4,1022.7,474.6
709,2,large_vehicle,0.2306,554.2,495.6,647.0,549.3
710,1,car,0.5540,557.7,496.2,647.0,549.2
710,2,large_vehicle,0.4719,668.3,636.7,785.7,724.6
710,0,person,0.4480,850.3,526.9,869.4,573.3
710,0,person,0.4333,1115.8,449.8,1129.0,482.6
710,1,car,0.3500,952.0,430.7,1022.8,474.8
710,1,car,0.3092,668.3,636.7,785.7,724.6
710,2,large_vehicle,0.2918,952.0,430.7,1022.8,474.8
710,2,large_vehicle,0.2409,557.7,496.2,647.0,549.2
710,2,large_vehicle,0.1909,667.9,636.8,786.1,724.9
710,0,person,0.1349,852.2,527.6,871.9,575.5
711,1,car,0.5835,557.1,496.5,646.9,549.2
711,0,person,0.4701,1115.9,450.0,1129.0,482.8
711,2,large_vehicle,0.4586,668.3,636.7,785.8,724.6
711,0,person,0.4523,850.3,527.0,869.4,573.2
711,2,large_vehicle,0.3397,951.9,430.5,1022.9,474.8
711,1,car,0.3395,951.9,430.5,1022.9,474.8
711,1,car,0.2983,668.3,636.7,785.8,724.6
711,2,large_vehicle,0.2300,557.1,496.5,646.9,549.2
711,2,large_vehicle,0.2035,667.9,636.8,786.1,724.9
711,0,person,0.1361,852.3,527.7,871.9,575.3
711,3,motorcycle,0.1022,839.4,556.6,876.8,582.7
712,1,car,0.5631,557.1,496.3,646.9,549.2
712,2,large_vehicle,0.5141,668.3,636.7,785.7,724.6
712,0,person,0.4720,1115.8,450.0,1129.0,483.1
712,0,person,0.4492,850.3,527.0,869.4,573.1
712,1,car,0.3454,668.3,636.7,785.7,724.6
712,2,large_vehicle,0.3407,951.9,430.4,1022.9,474.8
712,1,car,0.3404,951.9,430.4,1022.9,474.8
712,2,large_vehicle,0.2494,557.1,496.3,646.9,549.2
712,0,person,0.1351,852.3,527.7,871.9,575.3
712,2,large_vehicle,0.1179,667.9,636.8,786.1,724.9
712,3,motorcycle,0.1018,839.4,556.7,876.8,582.7
713,1,car,0.5983,556.2,496.1,646.8,549.2
713,0,person,0.5011,1114.7,449.6,1127.9,483.9
713,2,large_vehicle,0.4915,654.0,639.3,771.0,728.0
713,0,person,0.4603,847.7,528.0,867.3,574.5
713,1,car,0.3772,654.0,639.3,771.0,728.0
713,1,car,0.3242,951.8,430.2,1023.2,474.9
713,2,large_vehicle,0.3213,951.8,430.2,1023.2,474.9
713,3,motorcycle,0.2337,838.3,554.2,879.2,583.9
713,2,large_vehicle,0.2160,556.2,496.1,646.8,549.2
713,4,other_vehicle,0.1564,838.3,554.2,879.2,583.9
714,1,car,0.5883,555.8,496.1,646.8,549.2
714,0,person,0.5105,1114.6,449.6,1127.9,483.9
714,2,large_vehicle,0.4865,654.0,639.3,771.1,728.0
714,0,person,0.4669,847.6,527.9,867.2,574.5
714,1,car,0.3846,654.0,639.3,771.1,728.0
714,2,large_vehicle,0.3516,951.9,430.1,1023.0,474.9
714,1,car,0.3148,951.9,430.1,1023.0,474.9
714,3,motorcycle,0.2502,837.9,554.2,880.8,583.9
714,2,large_vehicle,0.2295,555.8,496.1,646.8,549.2
714,4,other_vehicle,0.1678,837.9,554.2,880.8,583.9
715,1,car,0.6373,639.5,642.4,757.9,731.7
715,0,person,0.5775,1114.1,449.3,1127.7,484.1
715,1,car,0.5546,557.6,496.3,646.9,549.3
715,1,car,0.3313,951.4,430.3,1022.5,474.9
715,2,large_vehicle,0.3134,951.4,430.3,1022.5,474.9
715,0,person,0.3054,844.5,527.4,864.4,572.1
715,2,large_vehicle,0.2671,639.5,642.4,757.9,731.7
715,2,large_vehicle,0.2172,557.6,496.3,646.9,549.3
715,4,other_vehicle,0.1881,832.3,555.3,878.7,584.4
715,3,motorcycle,0.1627,832.3,555.3,878.7,584.4
715,0,person,0.1040,1193.5,549.8,1210.9,587.7
716,1,car,0.6294,639.5,642.4,757.9,731.7
716,0,person,0.5654,1114.1,449.3,1127.6,484.2
716,1,car,0.5553,557.4,496.5,646.8,549.2
716,2,large_vehicle,0.3240,951.1,430.3,1022.5,475.0
716,1,car,0.3191,951.1,430.3,1022.5,475.0
716,0,person,0.2912,844.5,527.4,864.4,572.3
716,2,large_vehicle,0.2760,639.5,642.4,757.9,731.7
716,2,large_vehicle,0.2025,557.4,496.5,646.8,549.2
716,4,other_vehicle,0.1707,832.3,555.5,878.9,584.5
716,3,motorcycle,0.1452,832.3,555.5,878.9,584.5
717,1,car,0.6285,639.5,642.1,758.1,731.7
717,1,car,0.6271,555.5,496.1,646.7,549.1
717,0,person,0.5387,1114.1,449.1,1127.6,484.1
717,2,large_vehicle,0.3601,951.1,430.2,1022.6,475.0
717,0,person,0.3420,844.4,527.5,864.8,572.3
717,2,large_vehicle,0.2798,639.5,642.1,758.1,731.7
717,1,car,0.2782,951.1,430.2,1022.6,475.0
717,4,other_vehicle,0.1762,833.3,555.2,878.2,584.4
717,3,motorcycle,0.1612,833.3,555.2,878.2,584.4
717,2,large_vehicle,0.1536,555.5,496.1,646.7,549.1
718,0,person,0.7034,840.9,526.8,863.1,578.3
718,1,car,0.6932,553.3,495.6,647.0,549.2
718,1,car,0.6354,625.1,645.8,745.8,734.5
718,0,person,0.4017,1113.9,448.6,1127.1,484.3
718,1,car,0.3993,950.0,429.9,1022.8,474.6
718,4,other_vehicle,0.3098,829.9,552.3,880.1,583.4
718,2,large_vehicle,0.2617,950.0,429.9,1022.8,474.6
718,2,large_vehicle,0.2059,625.1,645.8,745.8,734.5
718,2,large_vehicle,0.1418,553.3,495.6,647.0,549.2
718,4,other_vehicle,0.1087,830.2,551.3,884.7,584.1
719,1,car,0.7219,552.5,495.0,647.0,549.2
719,0,person,0.7032,840.9,526.8,863.2,578.5
719,1,car,0.6411,625.2,645.8,745.7,734.4
719,0,person,0.3931,1113.9,448.5,1127.2,484.3
719,1,car,0.3929,949.7,429.7,1022.7,474.6
719,4,other_vehicle,0.3141,829.8,552.4,880.1,583.5
719,2,large_vehicle,0.2633,949.7,429.7,1022.7,474.6
719,2,large_vehicle,0.1981,625.2,645.8,745.7,734.4
719,4,other_vehicle,0.1155,830.2,551.4,885.0,584.2
719,2,large_vehicle,0.1122,552.5,495.0,647.0,549.2
720,1,car,0.6501,555.0,495.3,647.0,549.2
720,0,person,0.4802,837.5,526.0,858.4,577.8
720,1,car,0.4759,610.0,648.4,730.9,736.6
720,1,car,0.4227,951.4,430.5,1023.0,474.6
720,0,person,0.4003,1113.7,448.1,1126.9,483.9
720,2,large_vehicle,0.3734,610.0,648.4,730.9,736.6
720,0,person,0.3621,839.0,526.0,860.8,579.5
720,2,large_vehicle,0.2944,951.4,430.5,1023.0,474.6
720,2,large_vehicle,0.1692,555.0,495.3,647.0,549.2
720,4,other_vehicle,0.1367,827.2,551.9,865.6,583.0
721,1,car,0.6568,554.9,495.3,647.0,549.2
721,1,car,0.4787,610.0,648.4,730.9,736.6
721,0,person,0.4756,837.5,526.0,858.4,577.8
721,1,car,0.4271,951.4,430.5,1023.0,474.6
721,0,person,0.3955,1113.7,448.1,1126.9,483.9
721,0,person,0.3699,838.9,526.0,860.8,579.5
721,2,large_vehicle,0.3690,610.0,648.4,730.9,736.6
721,2,large_vehicle,0.2900,951.4,430.5,1023.0,474.6
721,2,large_vehicle,0.1605,554.9,495.3,647.0,549.2
721,4,other_vehicle,0.1406,827.2,551.9,865.6,583.0
722,1,car,0.6284,555.3,495.1,647.0,549.1
722,0,person,0.4750,837.5,526.0,858.4,577.9
722,1,car,0.4704,609.8,648.4,730.9,736.6
722,1,car,0.4332,951.7,430.7,1023.0,474.6
722,2,large_vehicle,0.3767,609.8,648.4,730.9,736.6
722,0,person,0.3765,1113.7,448.1,1126.9,483.9
722,0,person,0.3659,838.9,526.0,860.8,579.5
722,2,large_vehicle,0.2784,951.7,430.7,1023.0,474.6
722,2,large_vehicle,0.1933,555.3,495.1,647.0,549.1
722,4,other_vehicle,0.1321,827.1,551.9,866.0,583.0
723,1,car,0.7037,596.4,651.6,715.5,740.3
723,1,car,0.6209,556.3,495.7,646.8,549.3
723,0,person,0.5798,835.0,527.2,855.4,576.0
723,0,person,0.4977,1113.8,448.7,1126.5,483.0
723,3,motorcycle,0.4303,824.9,551.3,866.9,582.7
723,1,car,0.4129,951.4,430.5,1023.0,474.8
723,2,large_vehicle,0.3137,951.4,430.5,1023.0,474.8
723,4,other_vehicle,0.2580,824.9,551.3,866.9,582.7
723,2,large_vehicle,0.2175,556.3,495.7,646.8,549.3
723,0,person,0.1885,1193.2,527.5,1212.9,586.2
723,2,large_vehicle,0.1478,596.4,651.6,715.5,740.3
724,1,car,0.6861,596.4,651.5,715.4,740.3
724,1,car,0.6172,556.3,495.7,646.8,549.2
724,0,person,0.5713,835.0,527.0,855.4,576.1
724,0,person,0.4941,1113.8,448.8,1126.5,483.0
724,3,motorcycle,0.4140,824.9,551.6,866.3,582.7
724,1,car,0.4103,951.3,430.4,1022.9,474.8
724,2,large_vehicle,0.3164,951.3,430.4,1022.9,474.8
724,4,other_vehicle,0.2674,824.9,551.6,866.3,582.7
724,2,large_vehicle,0.2186,556.3,495.7,646.8,549.2
724,2,large_vehicle,0.1732,596.4,651.5,715.4,740.3
724,0,person,0.1724,1193.2,527.5,1212.9,586.3
725,1,car,0.5438,554.9,495.6,646.5,549.1
725,0,person,0.4826,831.7,526.9,851.6,573.4
725,1,car,0.4745,583.1,654.5,701.7,744.3
725,2,large_vehicle,0.3979,951.0,430.4,1022.9,475.0
725,2,large_vehicle,0.3892,583.1,654.5,701.7,744.3
725,0,person,0.3448,1113.7,448.8,1126.0,482.6
725,3,motorcycle,0.3047,818.8,555.0,863.6,583.7
725,1,car,0.3008,951.0,430.4,1022.9,475.0
725,2,large_vehicle,0.2483,554.9,495.6,646.5,549.1
725,4,other_vehicle,0.2138,818.8,555.0,863.6,583.7
725,0,person,0.1137,823.8,553.3,844.9,579.6
726,1,car,0.5788,555.2,495.8,646.6,549.1
726,1,car,0.4803,583.1,654.5,702.0,744.3
726,0,person,0.4745,831.8,526.8,851.6,573.3
726,2,large_vehicle,0.3849,951.1,430.3,1022.8,475.0
726,2,large_vehicle,0.3829,583.1,654.5,702.0,744.3
726,0,person,0.3737,1113.7,448.7,1126.1,482.6
726,1,car,0.2927,951.1,430.3,1022.8,475.0
726,3,motorcycle,0.2925,818.8,555.0,863.6,583.6
726,2,large_vehicle,0.2235,555.2,495.8,646.6,549.1
726,4,other_vehicle,0.2207,818.8,555.0,863.6,583.6
726,0,person,0.1135,823.7,553.4,844.9,579.6
727,1,car,0.6584,551.6,494.2,647.1,549.1
727,1,car,0.6118,568.9,657.0,688.8,745.4
727,0,person,0.5243,829.0,526.0,850.6,577.0
727,1,car,0.4313,949.5,429.9,1023.3,474.6
727,4,other_vehicle,0.3752,817.1,552.3,870.0,583.9
727,0,person,0.3459,1113.3,448.3,1126.2,483.0
727,2,large_vehicle,0.2553,568.9,657.0,688.8,745.4
727,0,person,0.2364,827.1,525.9,847.5,575.7
727,2,large_vehicle,0.1916,949.5,429.9,1023.3,474.6
727,2,large_vehicle,0.1652,551.6,494.2,647.1,549.1
727,0,person,0.1403,1111.8,448.1,1124.4,482.5
728,1,car,0.6763,551.7,494.2,647.2,549.2
728,1,car,0.6049,569.0,657.0,688.5,745.4
728,0,person,0.5201,829.1,526.1,850.5,576.9
728,1,car,0.4053,949.6,429.9,1023.2,474.5
728,4,other_vehicle,0.3480,817.0,552.3,869.5,584.0
728,0,person,0.3366,1113.2,448.3,1126.1,483.0
728,2,large_vehicle,0.2632,569.0,657.0,688.5,745.4
728,0,person,0.2415,827.1,526.0,847.5,575.7
728,2,large_vehicle,0.1840,949.6,429.9,1023.2,474.5
728,2,large_vehicle,0.1543,551.7,494.2,647.2,549.2
728,0,person,0.1377,1111.8,448.1,1124.4,482.5
729,1,car,0.6827,553.7,660.7,674.8,748.3
729,1,car,0.6188,555.9,495.9,647.0,549.2
729,0,person,0.5170,825.2,525.7,845.4,574.3
729,1,car,0.3487,951.0,430.2,1023.1,474.6
729,2,large_vehicle,0.3089,951.0,430.2,1023.1,474.6
729,2,large_vehicle,0.2586,553.7,660.7,674.8,748.3
729,4,other_vehicle,0.2357,814.5,552.0,853.4,583.1
729,2,large_vehicle,0.2033,555.9,495.9,647.0,549.2
729,0,person,0.1577,1113.1,448.3,1126.2,483.4
729,0,person,0.1360,1111.6,448.2,1124.5,483.0
729,3,motorcycle,0.1332,814.5,552.0,853.4,583.1
730,1,car,0.6802,553.7,660.7,674.8,748.3
730,1,car,0.6187,555.8,495.9,647.0,549.2
730,0,person,0.5205,825.2,525.7,845.4,574.3
730,1,car,0.3414,951.2,430.2,1023.2,474.6
730,2,large_vehicle,0.3192,951.2,430.2,1023.2,474.6
730,2,large_vehicle,0.2621,553.7,660.7,674.8,748.3
730,4,other_vehicle,0.2379,814.5,552.0,853.5,583.1
730,2,large_vehicle,0.2050,555.8,495.9,647.0,549.2
730,0,person,0.1628,1113.1,448.3,1126.2,483.4
730,0,person,0.1387,1111.6,448.2,1124.5,483.0
730,3,motorcycle,0.1326,814.5,552.0,853.5,583.1
731,1,car,0.6832,553.7,660.8,674.8,748.3
731,1,car,0.6201,556.4,496.0,646.9,549.2
731,0,person,0.5156,825.3,525.7,845.4,574.3
731,1,car,0.3371,951.2,430.2,1023.2,474.6
731,2,large_vehicle,0.3230,951.2,430.2,1023.2,474.6
731,2,large_vehicle,0.2616,553.7,660.8,674.8,748.3
731,4,other_vehicle,0.2256,814.6,552.1,853.3,583.1
731,2,large_vehicle,0.2031,556.4,496.0,646.9,549.2
731,0,person,0.1662,1113.1,448.3,1126.2,483.3
731,0,person,0.1450,1111.6,448.2,1124.5,482.9
731,3,motorcycle,0.1276,814.6,552.1,853.3,583.1
732,1,car,0.7190,540.8,663.2,659.2,750.6
732,1,car,0.5606,556.0,495.6,646.9,549.1
732,0,person,0.5195,823.7,526.5,842.8,574.5
732,2,large_vehicle,0.4607,951.7,430.2,1023.1,474.7
732,3,motorcycle,0.3006,809.2,553.8,852.1,583.1
732,1,car,0.2683,951.7,430.2,1023.1,474.7
732,0,person,0.2633,1111.3,448.7,1124.2,483.6
732,4,other_vehicle,0.2514,809.2,553.8,852.1,583.1
732,2,large_vehicle,0.2497,556.0,495.6,646.9,549.1
732,0,person,0.1694,817.4,543.2,835.6,578.4
732,2,large_vehicle,0.1384,540.8,663.2,659.2,750.6
732,0,person,0.1291,1193.2,543.5,1211.1,587.1
733,1,car,0.7079,540.8,662.9,659.2,750.7
733,1,car,0.5512,555.9,495.6,646.9,549.1
733,0,person,0.5130,823.7,526.5,842.8,574.6
733,2,large_vehicle,0.4669,951.8,430.3,1023.1,474.7
733,3,motorcycle,0.2888,809.3,553.9,852.1,583.2
733,4,other_vehicle,0.2773,809.3,553.9,852.1,583.2
733,2,large_vehicle,0.2635,555.9,495.6,646.9,549.1
733,1,car,0.2586,951.8,430.3,1023.1,474.7
733,0,person,0.2239,1111.3,448.7,1124.1,483.7
733,0,person,0.1889,817.5,542.8,835.5,578.3
733,2,large_vehicle,0.1585,540.8,662.9,659.2,750.7
733,0,person,0.1219,1193.2,543.6,1211.1,587.1
734,1,car,0.5725,523.3,665.7,644.2,753.3
734,0,person,0.5401,820.5,526.7,840.4,576.3
734,1,car,0.5194,556.0,496.1,646.8,549.1
734,0,person,0.3870,1111.0,448.7,1123.9,484.2
734,2,large_vehicle,0.3617,950.5,430.4,1023.0,474.7
734,1,car,0.3352,950.5,430.4,1023.0,474.7
734,2,large_vehicle,0.2560,556.0,496.1,646.8,549.1
734,2,large_vehicle,0.2481,523.3,665.7,644.2,753.3
734,3,motorcycle,0.2092,806.7,554.6,854.9,583.6
734,4,other_vehicle,0.1979,806.7,554.6,854.9,583.6
735,1,car,0.5792,556.1,496.4,646.8,549.1
735,1,car,0.5791,523.2,665.6,644.2,753.2
735,0,person,0.5420,820.4,526.6,840.3,576.2
735,0,person,0.3919,1111.0,448.6,1124.0,484.1
735,1,car,0.3577,950.5,430.1,1023.1,474.6
735,2,large_vehicle,0.3378,950.5,430.1,1023.1,474.6
735,3,motorcycle,0.2428,806.6,554.4,855.0,583.5
735,2,large_vehicle,0.2326,523.2,665.6,644.2,753.2
735,2,large_vehicle,0.2139,556.1,496.4,646.8,549.1
735,4,other_vehicle,0.2033,806.6,554.4,855.0,583.5
735,0,person,0.1040,1193.0,526.9,1212.9,586.8
736,1,car,0.5803,523.2,665.7,644.3,753.2
736,1,car,0.5773,556.1,496.3,646.8,549.1
736,0,person,0.5412,820.4,526.6,840.3,576.2
736,0,person,0.3861,1111.0,448.7,1123.9,484.3
736,1,car,0.3578,950.5,430.2,1023.1,474.6
736,2,large_vehicle,0.3399,950.5,430.2,1023.1,474.6
736,2,large_vehicle,0.2357,523.2,665.7,644.3,753.2
736,3,motorcycle,0.2317,806.7,554.5,855.0,583.5
736,2,large_vehicle,0.2135,556.1,496.3,646.8,549.1
736,4,other_vehicle,0.2031,806.7,554.5,855.0,583.5
736,0,person,0.1050,1193.0,526.8,1212.9,586.8
737,1,car,0.7171,552.1,494.9,647.3,549.1
737,1,car,0.6475,512.6,668.4,632.6,755.9
737,0,person,0.5448,817.7,527.3,838.4,578.7
737,1,car,0.4327,949.4,430.2,1023.4,474.5
737,0,person,0.3923,1110.7,448.7,1123.8,484.1
737,4,other_vehicle,0.3386,806.6,549.5,847.0,582.3
737,0,person,0.3346,816.2,527.5,835.7,577.3
737,2,large_vehicle,0.2715,949.4,430.2,1023.4,474.5
737,0,person,0.1414,1192.9,525.9,1213.4,586.7
737,2,large_vehicle,0.1410,512.6,668.4,632.6,755.9
737,2,large_vehicle,0.1250,552.1,494.9,647.3,549.1
737,3,motorcycle,0.1157,806.6,549.5,847.0,582.3
738,1,car,0.6973,552.5,494.8,647.2,549.1
738,1,car,0.6162,512.7,668.5,632.7,755.9
738,0,person,0.5483,817.7,527.2,838.4,578.7
738,1,car,0.4390,949.4,430.2,1023.2,474.5
738,0,person,0.3798,1110.6,448.4,1123.8,484.1
738,4,other_vehicle,0.3566,806.5,549.5,847.1,582.3
738,0,person,0.3149,816.2,527.4,835.7,577.3
738,2,large_vehicle,0.2697,949.4,430.2,1023.2,474.5
738,0,person,0.1697,1192.8,525.8,1213.2,586.8
738,2,large_vehicle,0.1409,552.5,494.8,647.2,549.1
738,2,large_vehicle,0.1255,512.7,668.5,632.7,755.9
738,3,motorcycle,0.1055,806.5,549.5,847.1,582.3
738,1,car,0.1008,512.6,668.4,632.7,755.9
739,1,car,0.6864,555.7,496.1,647.0,549.1
739,1,car,0.6857,498.4,671.2,617.3,758.0
739,0,person,0.6112,813.9,527.1,834.2,579.3
739,1,car,0.4629,951.8,430.5,1023.2,474.4
739,4,other_vehicle,0.2941,801.1,550.2,842.7,582.4
739,3,motorcycle,0.2792,801.1,550.2,842.7,582.4
739,0,person,0.2747,1110.2,447.7,1123.4,482.5
739,2,large_vehicle,0.2392,951.8,430.5,1023.2,474.4
739,0,person,0.2225,1192.8,526.2,1213.1,587.1
739,2,large_vehicle,0.1348,555.7,496.1,647.0,549.1
740,1,car,0.7062,556.0,496.3,646.9,549.1
740,1,car,0.6776,498.8,671.2,617.4,757.9
740,0,person,0.6096,813.9,527.1,834.2,579.4
740,1,car,0.4823,952.0,430.7,1023.1,474.4
740,4,other_vehicle,0.2951,801.5,550.2,842.7,582.4
740,0,person,0.2704,1110.2,447.8,1123.4,482.5
740,3,motorcycle,0.2659,801.5,550.2,842.7,582.4
740,2,large_vehicle,0.2117,952.0,430.7,1023.1,474.4
740,0,person,0.1764,1192.8,526.4,1213.0,587.0
740,2,large_vehicle,0.1188,556.0,496.3,646.9,549.1
741,1,car,0.7003,556.8,496.6,646.9,549.1
741,1,car,0.6693,498.8,671.2,617.3,758.0
741,0,person,0.6199,813.8,527.1,834.2,579.5
741,1,car,0.5113,951.6,430.6,1023.1,474.4
741,4,other_vehicle,0.3047,801.2,550.3,842.7,582.3
741,3,motorcycle,0.2873,801.2,550.3,842.7,582.3
741,0,person,0.2604,1110.1,447.9,1123.3,482.3
741,2,large_vehicle,0.2085,951.6,430.6,1023.1,474.4
741,0,person,0.1853,1192.8,526.6,1212.7,586.9
741,2,large_vehicle,0.1266,556.8,496.6,646.9,549.1
742,1,car,0.6856,557.1,496.5,647.1,549.2
742,1,car,0.6511,485.7,674.4,602.0,762.5
742,0,person,0.5409,811.1,527.5,830.6,576.6
742,1,car,0.4501,951.7,430.5,1023.0,474.7
742,3,motorcycle,0.4294,796.8,552.8,843.9,583.6
742,0,person,0.2812,1108.8,447.9,1122.9,481.4
742,2,large_vehicle,0.2526,951.7,430.5,1023.0,474.7
742,0,person,0.1682,1192.9,526.7,1212.7,586.5
742,4,other_vehicle,0.1444,796.8,552.8,843.9,583.6
742,2,large_vehicle,0.1296,485.7,674.4,602.0,762.5
742,2,large_vehicle,0.1172,557.1,496.5,647.1,549.2
743,1,car,0.6754,556.8,496.6,647.1,549.1
743,1,car,0.6448,485.7,674.4,602.0,762.5
743,0,person,0.5371,811.1,527.5,830.6,576.5
743,1,car,0.4371,951.7,430.6,1023.0,474.7
743,3,motorcycle,0.4252,796.8,553.1,844.1,583.6
743,0,person,0.2759,1108.9,447.9,1122.9,481.3
743,2,large_vehicle,0.2457,951.7,430.6,1023.0,474.7
743,0,person,0.1512,1192.9,526.8,1212.5,586.5
743,4,other_vehicle,0.1423,796.8,553.1,844.1,583.6
743,2,large_vehicle,0.1398,485.7,674.4,602.0,762.5
743,2,large_vehicle,0.1365,556.8,496.6,647.1,549.1
744,1,car,0.6679,469.2,676.6,587.7,764.1
744,1,car,0.6172,556.8,496.5,647.0,549.0
744,0,person,0.6088,807.8,528.0,828.7,579.9
744,1,car,0.3554,951.2,430.2,1023.1,474.7
744,2,large_vehicle,0.3447,951.2,430.2,1023.1,474.7
744,0,person,0.3365,1107.5,448.1,1122.9,482.6
744,3,motorcycle,0.2593,794.7,552.5,839.2,583.4
744,4,other_vehicle,0.2579,794.7,552.5,839.2,583.4
744,2,large_vehicle,0.1827,556.8,496.5,647.0,549.0
744,0,person,0.1300,804.7,527.8,825.8,578.2
744,4,other_vehicle,0.1289,1105.3,456.7,1123.1,483.4
744,2,large_vehicle,0.1161,469.2,676.6,587.7,764.1
744,0,person,0.1009,1193.1,526.9,1212.8,586.4
745,1,car,0.6696,469.2,676.6,587.7,764.1
745,1,car,0.6183,556.8,496.5,647.0,549.0
745,0,person,0.6088,807.8,528.0,828.7,580.0
745,1,car,0.3529,951.2,430.2,1023.1,474.7
745,2,large_vehicle,0.3475,951.2,430.2,1023.1,474.7
745,0,person,0.3373,1107.5,448.1,1122.9,482.6
745,3,motorcycle,0.2598,794.7,552.5,839.2,583.5
745,4,other_vehicle,0.2578,794.7,552.5,839.2,583.5
745,2,large_vehicle,0.1811,556.8,496.5,647.0,549.0
745,0,person,0.1293,804.7,527.8,825.8,578.2
745,4,other_vehicle,0.1288,1105.3,456.8,1123.1,483.4
745,2,large_vehicle,0.1151,469.2,676.6,587.7,764.1
746,1,car,0.6652,469.2,676.6,587.9,764.2
746,0,person,0.6154,807.8,528.0,828.7,580.1
746,1,car,0.5811,555.2,496.1,647.0,549.0
746,2,large_vehicle,0.3532,950.9,430.0,1023.2,474.7
746,0,person,0.3309,1107.3,448.2,1122.8,482.6
746,1,car,0.3301,950.9,430.0,1023.2,474.7
746,3,motorcycle,0.2606,794.8,552.5,839.3,583.4
746,4,other_vehicle,0.2585,794.8,552.5,839.3,583.4
746,2,large_vehicle,0.1998,555.2,496.1,647.0,549.0
746,4,other_vehicle,0.1308,1105.0,456.7,1123.1,483.5
746,0,person,0.1207,804.8,527.8,825.8,578.2
746,0,person,0.1196,1193.0,527.0,1212.7,586.5
746,2,large_vehicle,0.1183,469.2,676.6,587.9,764.2
747,1,car,0.6982,552.6,495.9,647.4,549.1
747,0,person,0.5766,803.9,527.4,824.7,577.0
747,1,car,0.5597,458.6,678.9,571.7,765.1
747,1,car,0.4445,950.1,430.1,1023.4,474.4
747,0,person,0.3681,1107.5,448.5,1122.0,483.2
747,3,motorcycle,0.2963,794.5,548.4,833.1,582.9
747,2,large_vehicle,0.2514,950.1,430.1,1023.4,474.4
747,4,other_vehicle,0.2280,794.5,548.4,833.1,582.9
747,2,large_vehicle,0.1454,552.6,495.9,647.4,549.1
748,1,car,0.7003,552.6,495.8,647.4,549.1
748,0,person,0.5793,803.9,527.5,824.7,576.9
748,1,car,0.5759,458.4,679.0,571.9,765.2
748,1,car,0.4393,950.2,430.0,1023.5,474.4
748,0,person,0.3341,1107.5,448.5,1122.0,483.4
748,3,motorcycle,0.2953,794.5,548.4,833.1,582.9
748,2,large_vehicle,0.2499,950.2,430.0,1023.5,474.4
748,4,other_vehicle,0.2342,794.5,548.4,833.1,582.9
748,2,large_vehicle,0.1427,552.6,495.8,647.4,549.1
749,1,car,0.6453,555.6,496.4,647.2,549.2
749,0,person,0.4994,800.7,526.7,821.5,577.4
749,1,car,0.4685,444.2,681.5,560.8,768.9
749,1,car,0.3794,951.2,430.0,1023.7,474.7
749,2,large_vehicle,0.3045,444.2,681.5,560.8,768.9
749,2,large_vehicle,0.2733,951.2,430.0,1023.7,474.7
749,0,person,0.2060,1107.0,447.7,1121.9,483.2
749,2,large_vehicle,0.1775,555.6,496.4,647.2,549.2
749,0,person,0.1713,794.4,539.9,813.4,578.4
749,4,other_vehicle,0.1553,787.0,551.3,829.3,582.0
749,3,motorcycle,0.1201,787.0,551.3,829.3,582.0
750,1,car,0.5962,556.0,496.0,647.1,549.2
750,0,person,0.4763,800.4,526.7,821.3,577.4
750,1,car,0.4383,443.7,681.5,560.8,768.4
750,1,car,0.3283,951.2,430.2,1024.1,474.6
750,2,large_vehicle,0.3140,443.7,681.5,560.8,768.4
750,2,large_vehicle,0.2981,951.2,430.2,1024.1,474.6
750,2,large_vehicle,0.2175,556.0,496.0,647.1,549.2
750,0,person,0.1240,794.7,539.8,813.6,578.2
750,0,person,0.1005,1107.3,447.0,1121.9,482.4
751,1,car,0.7128,429.1,683.9,548.6,770.0
751,0,person,0.6044,797.2,528.0,818.6,577.6
751,1,car,0.5956,555.4,495.6,647.0,549.1
751,4,other_vehicle,0.4342,785.8,551.4,829.8,582.5
751,2,large_vehicle,0.3729,951.8,430.1,1023.6,474.5
751,0,person,0.3513,1106.5,447.2,1121.3,482.5
751,1,car,0.3308,951.8,430.1,1023.6,474.5
751,3,motorcycle,0.2249,785.8,551.4,829.8,582.5
751,2,large_vehicle,0.2247,555.4,495.6,647.0,549.1
751,0,person,0.1051,793.5,528.1,815.4,576.3
752,1,car,0.7149,429.3,683.8,548.7,770.2
752,0,person,0.6080,797.2,527.9,818.7,577.7
752,1,car,0.5945,555.4,495.4,646.9,549.0
752,4,other_vehicle,0.4351,785.8,551.5,829.8,582.5
752,2,large_vehicle,0.3836,951.8,430.2,1023.6,474.5
752,0,person,0.3180,1106.5,447.1,1121.3,482.3
752,1,car,0.3174,951.8,430.2,1023.6,474.5
752,2,large_vehicle,0.2274,555.4,495.4,646.9,549.0
752,3,motorcycle,0.2223,785.8,551.5,829.8,582.5
752,0,person,0.1040,793.4,528.0,815.4,576.4
753,4,other_vehicle,0.5748,418.4,685.8,531.8,771.5
753,0,person,0.5225,792.9,528.3,814.5,576.2
753,1,car,0.5167,552.2,494.8,646.8,548.8
753,2,large_vehicle,0.4600,951.6,430.1,1023.6,474.5
753,4,other_vehicle,0.4334,782.9,549.0,823.9,581.6
753,0,person,0.3939,1106.1,447.0,1120.7,482.2
753,2,large_vehicle,0.2927,552.2,494.8,646.8,548.8
753,1,car,0.2484,951.6,430.1,1023.6,474.5
753,0,person,0.2194,794.9,528.6,816.3,577.5
753,3,motorcycle,0.2179,782.9,549.0,823.9,581.6
753,1,car,0.1639,418.4,685.8,531.8,771.5
753,2,large_vehicle,0.1555,418.4,685.8,531.8,771.5
753,0,person,0.1288,1192.9,527.1,1212.7,587.0
754,1,car,0.5898,552.3,494.9,646.8,548.9
754,0,person,0.5579,792.9,528.7,814.6,576.0
754,4,other_vehicle,0.5484,418.4,685.5,531.8,771.5
754,2,large_vehicle,0.4458,951.0,430.0,1023.4,474.5
754,4,other_vehicle,0.4456,782.8,549.1,823.7,581.6
754,0,person,0.3834,1106.1,447.0,1120.7,482.2
754,1,car,0.2526,951.0,430.0,1023.4,474.5
754,3,motorcycle,0.2431,782.8,549.1,823.7,581.6
754,2,large_vehicle,0.2333,552.3,494.9,646.8,548.9
754,1,car,0.1864,418.4,685.5,531.8,771.5
754,2,large_vehicle,0.1625,418.4,685.5,531.8,771.5
754,0,person,0.1483,794.8,528.8,816.3,577.2
754,0,person,0.1158,1192.9,526.7,1213.0,586.8
755,1,car,0.5992,551.7,494.9,646.8,548.9
755,4,other_vehicle,0.5544,418.5,685.6,531.8,771.5
755,0,person,0.5285,792.9,528.7,814.6,576.1
755,2,large_vehicle,0.4526,951.0,429.9,1023.4,474.5
755,4,other_vehicle,0.4402,782.8,549.1,823.8,581.6
755,0,person,0.4003,1106.1,447.0,1120.7,482.1
755,1,car,0.2511,951.0,429.9,1023.4,474.5
755,2,large_vehicle,0.2247,551.7,494.9,646.8,548.9
755,3,motorcycle,0.2231,782.8,549.1,823.8,581.6
755,0,person,0.2026,794.8,528.8,816.2,577.4
755,1,car,0.1836,418.5,685.6,531.8,771.5
755,2,large_vehicle,0.1603,418.5,685.6,531.8,771.5
755,0,person,0.1169,1192.9,526.8,1213.0,586.5
756,1,car,0.6606,551.6,494.3,647.1,549.1
756,0,person,0.6046,791.4,527.8,812.2,578.1
756,3,motorcycle,0.4070,778.9,548.2,821.0,581.8
756,2,large_vehicle,0.3954,950.1,429.3,1023.4,474.4
756,1,car,0.3340,405.7,687.9,518.0,774.0
756,1,car,0.3038,950.1,429.3,1023.4,474.4
756,2,large_vehicle,0.2846,405.7,687.9,518.0,774.0
756,4,other_vehicle,0.2511,405.7,687.9,518.0,774.0
756,0,person,0.2330,1105.0,446.3,1120.2,482.2
756,4,other_vehicle,0.2062,778.9,548.2,821.0,581.8
756,2,large_vehicle,0.2060,551.6,494.3,647.1,549.1
756,0,person,0.1240,1192.8,525.9,1213.6,586.9
756,0,person,0.1138,782.8,529.0,801.5,574.0
757,1,car,0.6649,552.3,494.7,647.1,549.2
757,0,person,0.6056,791.4,527.6,812.3,578.3
757,3,motorcycle,0.3988,778.9,548.2,821.1,581.7
757,2,large_vehicle,0.3896,950.2,429.5,1023.5,474.4
757,1,car,0.3315,950.2,429.5,1023.5,474.4
757,1,car,0.3191,405.6,687.8,518.1,773.9
757,4,other_vehicle,0.2870,405.6,687.8,518.1,773.9
757,0,person,0.2841,1105.2,446.1,1120.3,482.3
757,2,large_vehicle,0.2676,405.6,687.8,518.1,773.9
757,4,other_vehicle,0.2142,778.9,548.2,821.1,581.7
757,2,large_vehicle,0.1914,552.3,494.7,647.1,549.2
757,0,person,0.1131,1192.9,526.0,1213.5,586.9
757,0,person,0.1057,783.0,528.7,801.7,574.0
758,1,car,0.6476,554.4,495.6,647.2,549.1
758,0,person,0.5990,789.9,526.5,809.5,580.5
758,0,person,0.4998,1104.7,446.3,1119.6,482.6
758,2,large_vehicle,0.3873,951.0,430.0,1023.5,474.6
758,1,car,0.3787,390.0,689.9,505.6,776.5
758,4,other_vehicle,0.3205,774.5,549.5,820.4,582.8
758,1,car,0.2922,951.0,430.0,1023.5,474.6
758,2,large_vehicle,0.1881,554.4,495.6,647.2,549.1
758,2,large_vehicle,0.1777,390.0,689.9,505.6,776.5
758,0,person,0.1434,781.6,533.6,802.1,581.2
758,4,other_vehicle,0.1414,390.0,689.9,505.6,776.5
758,0,person,0.1298,780.5,528.7,799.7,577.1
759,1,car,0.6673,554.4,495.6,647.3,549.1
759,0,person,0.5996,789.9,526.4,809.6,580.6
759,0,person,0.4981,1104.6,446.1,1119.5,482.5
759,1,car,0.3816,390.0,689.9,505.5,776.4
759,2,large_vehicle,0.3692,951.9,430.0,1023.7,474.6
759,4,other_vehicle,0.3122,774.5,549.3,820.4,582.9
759,1,car,0.2620,951.9,430.0,1023.7,474.6
759,2,large_vehicle,0.1743,390.0,689.9,505.5,776.4
759,2,large_vehicle,0.1646,554.4,495.6,647.3,549.1
759,0,person,0.1470,781.5,533.4,802.1,581.1
759,4,other_vehicle,0.1453,390.0,689.9,505.5,776.4
759,0,person,0.1331,780.5,528.8,799.6,577.1
760,1,car,0.6512,553.8,495.6,647.3,549.2
760,0,person,0.6035,789.8,526.7,809.7,580.7
760,0,person,0.5268,1104.4,445.9,1119.3,482.6
760,2,large_vehicle,0.3746,952.1,430.0,1023.6,474.6
760,1,car,0.3738,389.9,690.0,505.5,776.4
760,4,other_vehicle,0.3236,774.4,549.3,819.8,582.8
760,1,car,0.2704,952.1,430.0,1023.6,474.6
760,2,large_vehicle,0.1945,553.8,495.6,647.3,549.2
760,2,large_vehicle,0.1686,389.9,690.0,505.5,776.4
760,0,person,0.1556,781.5,533.9,802.0,581.1
760,4,other_vehicle,0.1514,389.9,690.0,505.5,776.4
760,0,person,0.1202,780.3,528.8,800.0,577.3
760,3,motorcycle,0.1048,774.4,549.3,819.8,582.8
761,1,car,0.6423,558.2,495.8,646.7,549.2
761,0,person,0.6192,787.4,526.4,807.4,579.9
761,1,car,0.5848,379.3,693.1,489.5,773.9
761,0,person,0.4931,1104.8,446.0,1119.1,482.3
761,2,large_vehicle,0.3650,952.4,429.8,1023.2,474.5
761,4,other_vehicle,0.3196,773.8,549.7,815.2,582.4
761,1,car,0.2845,952.4,429.8,1023.2,474.5
761,0,person,0.2114,778.8,531.1,798.9,579.2
761,2,large_vehicle,0.1726,558.2,495.8,646.7,549.2
761,4,other_vehicle,0.1199,379.3,693.1,489.5,773.9
762,1,car,0.6548,558.0,496.1,646.7,549.2
762,0,person,0.6326,787.6,526.4,807.4,579.8
762,1,car,0.5735,379.3,693.2,489.5,774.0
762,0,person,0.5006,1104.8,445.9,1119.0,482.3
762,2,large_vehicle,0.3759,952.5,430.0,1023.2,474.5
762,4,other_vehicle,0.3139,773.9,549.7,815.0,582.4
762,1,car,0.2732,952.5,430.0,1023.2,474.5
762,0,person,0.2289,778.7,531.6,798.4,579.0
762,2,large_vehicle,0.1713,558.0,496.1,646.7,549.2
762,4,other_vehicle,0.1232,379.3,693.2,489.5,774.0
762,2,large_vehicle,0.1000,379.3,693.2,489.5,774.0
763,1,car,0.6216,556.1,496.5,646.8,549.0
763,4,other_vehicle,0.5630,365.9,695.4,477.0,778.8
763,2,large_vehicle,0.4286,951.6,430.0,1023.3,474.6
763,0,person,0.3842,1104.2,445.5,1118.4,482.2
763,0,person,0.3725,784.8,526.5,804.6,578.7
763,4,other_vehicle,0.2780,770.9,548.7,808.8,581.7
763,0,person,0.2711,781.8,527.0,801.9,577.6
763,1,car,0.2341,951.6,430.0,1023.3,474.6
763,2,large_vehicle,0.1886,556.1,496.5,646.8,549.0
763,1,car,0.1561,365.9,695.4,477.0,778.8
763,3,motorcycle,0.1428,770.9,548.7,808.8,581.7
763,2,large_vehicle,0.1024,365.9,695.4,477.0,778.8
763,0,person,0.1018,1192.8,526.9,1212.6,586.7
764,1,car,0.6210,556.1,496.5,646.8,549.0
764,4,other_vehicle,0.5611,365.9,695.4,477.0,778.7
764,2,large_vehicle,0.4312,951.6,430.0,1023.3,474.6
764,0,person,0.3798,1104.2,445.5,1118.5,482.2
764,0,person,0.3725,784.8,526.5,804.6,578.7
764,4,other_vehicle,0.2776,770.9,548.7,808.8,581.7
764,0,person,0.2706,781.8,527.0,801.9,577.6
764,1,car,0.2327,951.6,430.0,1023.3,474.6
764,2,large_vehicle,0.1893,556.1,496.5,646.8,549.0
764,1,car,0.1578,365.9,695.4,477.0,778.7
764,3,motorcycle,0.1434,770.9,548.7,808.8,581.7
764,2,large_vehicle,0.1018,365.9,695.4,477.0,778.7
765,1,car,0.5923,555.9,496.4,646.8,549.0
765,4,other_vehicle,0.5708,366.2,695.4,476.9,778.8
765,2,large_vehicle,0.4165,951.7,430.1,1023.3,474.6
765,0,person,0.3754,784.8,526.5,804.5,578.7
765,0,person,0.3414,1104.2,445.4,1118.4,482.2
765,0,person,0.2624,781.9,527.0,801.8,577.5
765,4,other_vehicle,0.2580,771.3,548.7,808.8,581.7
765,1,car,0.2366,951.7,430.1,1023.3,474.6
765,2,large_vehicle,0.2142,555.9,496.4,646.8,549.0
765,1,car,0.1524,366.2,695.4,476.9,778.8
765,3,motorcycle,0.1365,771.3,548.7,808.8,581.7
766,1,car,0.6933,554.5,496.2,646.9,549.3
766,0,person,0.5055,780.8,527.0,799.9,576.9
766,0,person,0.4431,1103.9,445.5,1118.1,482.5
766,1,car,0.4133,353.3,697.4,464.5,780.9
766,3,motorcycle,0.3458,766.2,551.2,807.7,582.2
766,1,car,0.3299,950.2,430.2,1023.3,474.4
766,2,large_vehicle,0.3295,950.2,430.2,1023.3,474.4
766,4,other_vehicle,0.2241,353.3,697.4,464.5,780.9
766,2,large_vehicle,0.2209,353.3,697.4,464.5,780.9
766,4,other_vehicle,0.2037,766.2,551.2,807.7,582.2
766,0,person,0.1975,773.0,537.5,791.5,578.7
766,2,large_vehicle,0.1704,554.5,496.2,646.9,549.3
767,1,car,0.6914,554.5,496.2,646.9,549.3
767,0,person,0.4964,780.9,526.9,800.0,577.1
767,0,person,0.3755,1104.1,445.5,1118.5,482.4
767,1,car,0.3751,353.3,697.4,464.5,781.0
767,2,large_vehicle,0.3381,950.3,430.3,1023.3,474.4
767,1,car,0.3221,950.3,430.3,1023.3,474.4
767,3,motorcycle,0.3220,766.0,551.0,807.7,582.3
767,4,other_vehicle,0.2497,353.3,697.4,464.5,781.0
767,2,large_vehicle,0.2462,353.3,697.4,464.5,781.0
767,0,person,0.1928,773.0,537.3,791.4,578.9
767,4,other_vehicle,0.1903,766.0,551.0,807.7,582.3
767,2,large_vehicle,0.1745,554.5,496.2,646.9,549.3
768,1,car,0.6440,555.4,496.1,647.2,549.2
768,4,other_vehicle,0.5397,341.2,699.0,449.6,782.5
768,0,person,0.4893,776.1,527.0,797.2,578.1
768,4,other_vehicle,0.3054,763.6,551.6,809.3,582.3
768,4,other_vehicle,0.3002,341.4,699.1,448.6,782.5
768,1,car,0.2956,951.9,430.5,1023.4,474.5
768,2,large_vehicle,0.2923,951.9,430.5,1023.4,474.5
768,3,motorcycle,0.1915,763.6,551.6,809.3,582.3
768,2,large_vehicle,0.1910,555.4,496.1,647.2,549.2
768,0,person,0.1576,771.6,527.1,795.6,577.0
768,2,large_vehicle,0.1394,341.2,699.0,449.6,782.5
768,1,car,0.1294,341.2,699.0,449.6,782.5
768,0,person,0.1066,1103.8,445.2,1117.8,482.7
769,1,car,0.6449,555.0,496.1,647.2,549.2
769,4,other_vehicle,0.5295,341.2,698.9,449.7,782.4
769,0,person,0.4892,776.0,527.0,797.2,578.0
769,4,other_vehicle,0.3389,341.4,699.0,448.7,782.4
769,1,car,0.3116,952.1,430.5,1023.2,474.5
769,4,other_vehicle,0.3017,763.5,551.6,809.2,582.4
769,2,large_vehicle,0.2882,952.1,430.5,1023.2,474.5
769,3,motorcycle,0.2102,763.5,551.6,809.2,582.4
769,2,large_vehicle,0.1942,555.0,496.1,647.2,549.2
769,0,person,0.1564,771.6,527.0,795.5,577.0
769,2,large_vehicle,0.1231,341.2,698.9,449.7,782.4
769,1,car,0.1155,341.2,698.9,449.7,782.4
770,1,car,0.6380,555.1,496.2,647.1,549.2
770,4,other_vehicle,0.5338,341.2,698.9,449.7,782.4
770,0,person,0.4900,776.1,527.0,797.2,578.1
770,1,car,0.3156,952.1,430.5,1023.2,474.5
770,4,other_vehicle,0.3039,763.5,551.7,809.2,582.4
770,2,large_vehicle,0.2889,952.1,430.5,1023.2,474.5
770,4,other_vehicle,0.2432,341.4,699.0,448.7,782.4
770,3,motorcycle,0.2107,763.5,551.7,809.2,582.4
770,2,large_vehicle,0.2032,555.1,496.2,647.1,549.2
770,0,person,0.1548,771.6,527.0,795.5,577.0
770,2,large_vehicle,0.1259,341.2,698.9,449.7,782.4
770,1,car,0.1179,341.2,698.9,449.7,782.4
771,1,car,0.5541,557.6,496.5,646.9,549.2
771,0,person,0.4713,770.1,526.9,793.4,577.5
771,2,large_vehicle,0.4343,329.1,701.8,439.2,783.5
771,0,person,0.4325,1103.5,445.4,1117.3,483.1
771,0,person,0.4087,772.2,526.8,794.7,577.7
771,2,large_vehicle,0.3961,952.7,430.8,1022.8,474.6
771,4,other_vehicle,0.3819,760.0,550.9,802.1,582.2
771,2,large_vehicle,0.2869,557.6,496.5,646.9,549.2
771,4,other_vehicle,0.2388,329.1,701.8,439.2,783.5
771,1,car,0.2369,952.7,430.8,1022.8,474.6
771,3,motorcycle,0.2325,760.0,550.9,802.1,582.2
771,1,car,0.1509,329.1,701.8,439.2,783.5
772,1,car,0.5072,557.5,496.5,646.8,549.2
772,0,person,0.4695,770.1,526.9,793.4,577.6
772,2,large_vehicle,0.4103,329.0,701.7,439.1,783.4
772,0,person,0.4025,772.2,526.8,794.6,577.8
772,0,person,0.3986,1103.4,445.3,1117.2,483.0
772,4,other_vehicle,0.3899,759.9,551.0,802.2,582.2
772,2,large_vehicle,0.3621,952.6,431.1,1022.9,474.7
772,2,large_vehicle,0.3282,557.5,496.5,646.8,549.2
772,1,car,0.2618,952.6,431.1,1022.9,474.7
772,3,motorcycle,0.2370,759.9,551.0,802.2,582.2
772,4,other_vehicle,0.2219,329.0,701.7,439.1,783.4
772,1,car,0.1798,329.0,701.7,439.1,783.4
773,4,other_vehicle,0.6478,317.3,703.7,423.5,782.7
773,1,car,0.5137,555.9,496.1,646.8,549.2
773,0,person,0.5128,770.4,527.9,790.9,577.4
773,3,motorcycle,0.4260,757.3,549.5,797.9,582.0
773,2,large_vehicle,0.3870,951.3,430.5,1023.0,474.7
773,0,person,0.3559,1104.1,445.5,1117.5,482.7
773,2,large_vehicle,0.2780,555.9,496.1,646.8,549.2
773,4,other_vehicle,0.2521,757.3,549.5,797.9,582.0
773,1,car,0.2264,951.3,430.5,1023.0,474.7
773,0,person,0.1409,773.2,527.8,793.5,578.4
773,2,large_vehicle,0.1131,317.3,703.7,423.5,782.7
774,4,other_vehicle,0.6441,317.3,703.7,423.6,782.9
774,1,car,0.5222,554.8,495.8,646.8,549.1
774,0,person,0.5078,770.4,527.9,790.8,577.3
774,3,motorcycle,0.4272,757.6,549.5,797.9,582.0
774,0,person,0.3754,1104.0,445.6,1117.4,482.8
774,2,large_vehicle,0.3544,951.4,430.6,1023.0,474.7
774,2,large_vehicle,0.2756,554.8,495.8,646.8,549.1
774,1,car,0.2571,951.4,430.6,1023.0,474.7
774,4,other_vehicle,0.2441,757.6,549.5,797.9,582.0
774,0,person,0.1444,773.3,527.8,793.4,578.4
774,2,large_vehicle,0.1212,317.3,703.7,423.6,782.9
775,4,other_vehicle,0.6486,306.7,706.3,409.3,785.5
775,1,car,0.6334,555.2,496.7,646.8,549.3
775,3,motorcycle,0.6119,752.9,550.7,796.5,582.2
775,0,person,0.5895,766.4,528.1,788.0,577.3
775,2,large_vehicle,0.3331,951.1,430.3,1023.4,474.4
775,1,car,0.2868,951.1,430.3,1023.4,474.4
775,0,person,0.2450,1103.8,445.4,1117.0,482.6
775,2,large_vehicle,0.2269,555.2,496.7,646.8,549.3
775,4,other_vehicle,0.1246,752.9,550.7,796.5,582.2
775,0,person,0.1131,761.9,537.0,781.2,579.6
776,4,other_vehicle,0.6486,306.6,706.2,409.6,785.6
776,1,car,0.6383,555.3,496.7,646.9,549.3
776,3,motorcycle,0.5902,753.1,550.6,796.2,582.1
776,0,person,0.5865,766.4,528.0,787.9,577.1
776,2,large_vehicle,0.3355,951.1,430.3,1023.4,474.4
776,1,car,0.2775,951.1,430.3,1023.4,474.4
776,0,person,0.2269,1103.7,445.6,1117.0,482.6
776,2,large_vehicle,0.2213,555.3,496.7,646.9,549.3
776,4,other_vehicle,0.1320,753.1,550.6,796.2,582.1
776,0,person,0.1116,761.9,537.1,781.1,579.4
777,4,other_vehicle,0.7671,295.3,707.8,397.9,787.0
777,0,person,0.6275,764.8,526.8,785.1,577.0
777,1,car,0.5004,557.0,496.8,646.7,549.1
777,3,motorcycle,0.4174,751.9,551.8,797.2,582.1
777,2,large_vehicle,0.3449,557.0,496.8,646.7,549.1
777,2,large_vehicle,0.3414,952.1,430.8,1023.6,474.5
777,4,other_vehicle,0.2632,751.9,551.8,797.2,582.1
777,1,car,0.2568,952.1,430.8,1023.6,474.5
777,0,person,0.2389,1103.2,445.0,1116.5,482.3
777,0,person,0.1118,366.5,759.0,382.9,788.8
778,4,other_vehicle,0.7673,295.3,707.8,398.0,787.1
778,0,person,0.6268,764.8,526.8,785.1,577.0
778,1,car,0.5415,556.2,496.7,646.8,549.1
778,3,motorcycle,0.4147,751.9,551.8,797.2,582.1
778,2,large_vehicle,0.3107,556.2,496.7,646.8,549.1
778,2,large_vehicle,0.3062,951.8,430.7,1023.5,474.5
778,1,car,0.2921,951.8,430.7,1023.5,474.5
778,4,other_vehicle,0.2669,751.9,551.8,797.2,582.1
778,0,person,0.2622,1103.1,445.1,1116.5,482.1
778,0,person,0.1095,366.5,759.1,382.9,788.9
779,4,other_vehicle,0.7669,295.3,707.8,398.0,787.1
779,0,person,0.6269,764.8,526.8,785.1,577.0
779,1,car,0.5509,556.1,496.8,646.8,549.1
779,3,motorcycle,0.4149,751.9,551.8,797.2,582.1
779,2,large_vehicle,0.3139,951.8,430.6,1023.5,474.5
779,2,large_vehicle,0.3007,556.1,496.8,646.8,549.1
779,1,car,0.2881,951.8,430.6,1023.5,474.5
779,4,other_vehicle,0.2662,751.9,551.8,797.2,582.1
779,0,person,0.2614,1103.1,445.1,1116.5,482.1
779,0,person,0.1087,366.5,759.1,382.9,789.0
780,4,other_vehicle,0.6974,280.6,709.2,386.0,788.3
780,0,person,0.5762,761.9,526.7,783.6,577.7
780,1,car,0.5483,558.8,497.1,646.8,548.8
780,0,person,0.4107,1102.4,445.2,1116.0,481.9
780,1,car,0.3222,952.4,430.7,1023.6,474.5
780,4,other_vehicle,0.3203,749.1,548.7,789.7,581.7
780,2,large_vehicle,0.3197,952.4,430.7,1023.6,474.5
780,2,large_vehicle,0.2987,558.8,497.1,646.8,548.8
780,0,person,0.2396,758.6,526.5,781.3,576.6
780,3,motorcycle,0.2029,749.1,548.7,789.7,581.7
781,4,other_vehicle,0.6839,280.6,709.2,386.2,788.3
781,0,person,0.5920,761.8,526.7,783.6,577.8
781,1,car,0.5146,558.5,497.1,646.8,548.8
781,0,person,0.4055,1102.4,445.1,1116.0,481.7
781,2,large_vehicle,0.3265,952.4,430.7,1023.5,474.5
781,4,other_vehicle,0.3259,749.0,548.7,789.7,581.7
781,1,car,0.3254,952.4,430.7,1023.5,474.5
781,2,large_vehicle,0.3244,558.5,497.1,646.8,548.8
781,0,person,0.2150,758.5,526.5,781.4,576.8
781,3,motorcycle,0.2135,749.0,548.7,789.7,581.7
782,4,other_vehicle,0.7143,271.7,711.1,373.2,788.7
782,1,car,0.5492,556.5,496.9,646.8,549.0
782,0,person,0.4470,759.0,526.8,779.1,577.6
782,2,large_vehicle,0.4279,950.8,430.2,1023.3,474.6
782,0,person,0.3117,1102.6,445.4,1116.0,480.3
782,2,large_vehicle,0.2669,556.5,496.9,646.8,549.0
782,1,car,0.2493,950.8,430.2,1023.3,474.6
782,4,other_vehicle,0.2441,745.4,549.0,786.2,581.7
782,0,person,0.2411,749.5,535.7,768.2,576.9
782,3,motorcycle,0.1589,745.4,549.0,786.2,581.7
782,0,person,0.1550,762.0,527.7,782.7,578.8
782,0,person,0.1120,1192.6,525.5,1212.9,586.8
782,4,other_vehicle,0.1055,745.9,546.8,785.2,580.1
783,4,other_vehicle,0.7190,271.9,711.1,373.3,788.7
783,1,car,0.5185,555.5,496.6,646.9,549.0
783,0,person,0.4494,759.1,526.7,779.1,577.7
783,2,large_vehicle,0.3837,950.7,430.4,1023.5,474.6
783,0,person,0.3220,1102.6,445.4,1116.0,480.4
783,2,large_vehicle,0.2906,555.5,496.6,646.9,549.0
783,1,car,0.2658,950.7,430.4,1023.5,474.6
783,0,person,0.2556,749.1,535.3,768.0,577.0
783,4,other_vehicle,0.2400,745.3,549.0,786.2,581.7
783,3,motorcycle,0.1590,745.3,549.0,786.2,581.7
783,0,person,0.1558,762.0,527.7,782.6,579.0
784,4,other_vehicle,0.7099,271.8,711.0,373.3,788.8
784,1,car,0.5532,552.7,496.0,646.9,549.0
784,0,person,0.4484,759.1,526.7,779.1,577.7
784,2,large_vehicle,0.3997,950.6,430.2,1023.4,474.5
784,0,person,0.3679,1102.0,445.3,1115.8,481.6
784,2,large_vehicle,0.2721,552.7,496.0,646.9,549.0
784,0,person,0.2551,749.0,535.3,768.1,577.1
784,1,car,0.2474,950.6,430.2,1023.4,474.5
784,4,other_vehicle,0.2429,745.3,548.8,786.2,581.7
784,0,person,0.1615,761.9,527.5,782.6,579.0
784,3,motorcycle,0.1608,745.3,548.8,786.2,581.7
785,4,other_vehicle,0.7955,263.3,712.1,361.0,791.8
785,1,car,0.6703,551.9,495.6,647.5,549.1
785,0,person,0.5664,756.8,526.3,776.9,579.0
785,0,person,0.3371,745.9,529.9,765.6,576.7
785,2,large_vehicle,0.3294,949.7,429.7,1023.6,474.4
785,1,car,0.2947,949.7,429.7,1023.6,474.4
785,3,motorcycle,0.2888,742.0,550.0,786.5,582.6
785,0,person,0.2755,1101.8,445.5,1115.7,481.8
785,2,large_vehicle,0.1633,551.9,495.6,647.5,549.1
785,0,person,0.1504,746.4,532.6,767.2,579.5
785,4,other_vehicle,0.1194,742.0,550.0,786.5,582.6
786,4,other_vehicle,0.7963,263.4,712.1,361.0,791.8
786,1,car,0.6716,551.3,495.3,647.5,549.1
786,0,person,0.5631,756.8,526.2,777.0,578.9
786,0,person,0.3387,745.8,530.0,765.7,576.8
786,2,large_vehicle,0.3222,949.5,429.7,1023.6,474.4
786,3,motorcycle,0.3054,742.0,549.7,786.8,582.6
786,0,person,0.2724,1101.8,445.6,1115.7,481.9
786,1,car,0.2562,949.5,429.7,1023.6,474.4
786,2,large_vehicle,0.1620,551.3,495.3,647.5,549.1
786,0,person,0.1425,746.4,532.7,767.3,579.6
786,4,other_vehicle,0.1124,742.0,549.7,786.8,582.6
787,4,other_vehicle,0.7912,251.3,713.5,349.6,792.6
787,1,car,0.6851,555.8,496.7,647.3,549.0
787,0,person,0.6007,754.2,526.0,774.2,577.7
787,2,large_vehicle,0.3333,951.6,430.5,1023.0,474.5
787,4,other_vehicle,0.3173,737.8,550.9,787.6,582.6
787,1,car,0.2603,951.6,430.5,1023.0,474.5
787,0,person,0.2073,1101.5,445.2,1115.6,481.8
787,0,person,0.1962,1099.8,445.6,1114.1,481.6
787,4,other_vehicle,0.1685,739.2,547.6,780.1,579.1
787,0,person,0.1632,744.6,528.4,764.7,577.0
787,2,large_vehicle,0.1503,555.8,496.7,647.3,549.0
787,3,motorcycle,0.1009,737.8,550.9,787.6,582.6
788,4,other_vehicle,0.7914,251.3,713.5,349.6,792.6
788,1,car,0.6856,555.7,496.7,647.3,549.0
788,0,person,0.6011,754.2,526.0,774.2,577.7
788,2,large_vehicle,0.3327,951.7,430.5,1023.0,474.5
788,4,other_vehicle,0.3214,737.9,550.9,787.6,582.6
788,1,car,0.2578,951.7,430.5,1023.0,474.5
788,0,person,0.2220,1101.6,445.3,1115.5,481.9
788,0,person,0.1943,1099.8,445.6,1114.0,481.7
788,4,other_vehicle,0.1653,739.2,547.6,780.1,579.1
788,0,person,0.1653,744.6,528.4,764.7,577.0
788,2,large_vehicle,0.1490,555.7,496.7,647.3,549.0
789,4,other_vehicle,0.7906,251.6,713.5,349.6,792.6
789,1,car,0.7057,556.1,496.9,647.4,549.0
789,0,person,0.5996,754.2,526.0,774.2,577.7
789,2,large_vehicle,0.3113,951.2,430.6,1023.1,474.5
789,4,other_vehicle,0.3105,737.9,550.9,787.6,582.6
789,1,car,0.2727,951.2,430.6,1023.1,474.5
789,0,person,0.2098,1101.5,445.2,1115.6,481.8
789,0,person,0.1916,1099.8,445.6,1114.1,481.6
789,4,other_vehicle,0.1674,739.2,547.6,780.0,579.1
789,0,person,0.1607,744.6,528.4,764.6,576.9
789,2,large_vehicle,0.1297,556.1,496.9,647.4,549.0
790,1,car,0.5961,557.6,496.3,647.0,548.8
790,0,person,0.5685,749.9,526.7,771.9,579.3
790,4,other_vehicle,0.4189,250.0,715.8,336.6,790.6
790,2,large_vehicle,0.4184,952.3,430.6,1023.1,474.3
790,0,person,0.2379,1101.8,445.0,1115.3,481.5
790,0,person,0.2304,1100.2,445.3,1113.6,481.3
790,1,car,0.2285,952.3,430.6,1023.1,474.3
790,2,large_vehicle,0.2193,557.6,496.3,647.0,548.8
790,4,other_vehicle,0.1801,737.6,548.7,775.6,581.3
790,4,other_vehicle,0.1719,738.6,546.1,775.1,580.1
790,0,person,0.1671,747.3,526.7,768.8,578.0
790,3,motorcycle,0.1420,738.6,546.1,775.1,580.1
791,1,car,0.6566,557.0,496.2,647.2,548.8
791,0,person,0.5643,750.0,526.7,771.9,579.4
791,4,other_vehicle,0.4301,250.1,715.8,336.4,790.5
791,2,large_vehicle,0.4099,952.4,430.7,1023.2,474.3
791,0,person,0.2704,1100.0,445.3,1113.6,481.4
791,1,car,0.2353,952.4,430.7,1023.2,474.3
791,0,person,0.2003,1101.7,444.9,1115.3,481.6
791,4,other_vehicle,0.1874,737.5,548.6,775.6,581.3
791,0,person,0.1737,747.3,526.7,768.8,578.1
791,2,large_vehicle,0.1685,557.0,496.2,647.2,548.8
791,4,other_vehicle,0.1656,738.5,546.1,775.1,580.1
791,3,motorcycle,0.1375,738.5,546.1,775.1,580.1
791,2,large_vehicle,0.1003,250.1,715.8,336.4,790.5
792,4,other_vehicle,0.6952,227.9,717.0,327.3,793.0
792,1,car,0.5935,555.0,496.5,647.2,548.8
792,0,person,0.4521,748.0,527.4,767.4,579.9
792,2,large_vehicle,0.3976,951.0,430.0,1023.2,474.3
792,4,other_vehicle,0.2730,735.5,549.5,773.6,582.0
792,2,large_vehicle,0.2197,555.0,496.5,647.2,548.8
792,0,person,0.2063,1100.0,445.6,1113.4,481.4
792,1,car,0.2018,951.0,430.0,1023.2,474.3
792,0,person,0.1661,740.2,540.0,757.3,577.9
792,3,motorcycle,0.1487,735.5,549.5,773.6,582.0
792,0,person,0.1253,751.1,527.6,769.7,580.2
792,0,person,0.1163,1101.8,445.4,1115.2,481.5
793,4,other_vehicle,0.7102,227.9,717.1,327.0,793.0
793,1,car,0.6496,554.2,496.4,647.2,548.8
793,0,person,0.4479,747.9,527.3,767.5,579.8
793,2,large_vehicle,0.4099,951.2,430.2,1023.2,474.2
793,4,other_vehicle,0.2627,735.3,549.5,773.6,582.0
793,1,car,0.2104,951.2,430.2,1023.2,474.2
793,0,person,0.2031,1100.1,445.5,1113.3,481.4
793,0,person,0.1676,740.2,540.3,757.3,578.0
793,3,motorcycle,0.1667,735.3,549.5,773.6,582.0
793,2,large_vehicle,0.1578,554.2,496.4,647.2,548.8
793,0,person,0.1374,751.2,527.5,769.7,580.0
793,0,person,0.1193,1101.8,445.2,1115.2,481.4
794,4,other_vehicle,0.7124,227.9,717.1,327.0,793.0
794,1,car,0.6323,554.4,496.4,647.1,548.8
794,0,person,0.4524,748.0,527.3,767.5,579.8
794,2,large_vehicle,0.3972,951.2,430.2,1023.2,474.3
794,4,other_vehicle,0.2700,735.5,549.5,773.6,581.9
794,1,car,0.2141,951.2,430.2,1023.2,474.3
794,2,large_vehicle,0.1780,554.4,496.4,647.1,548.8
794,0,person,0.1757,1100.1,445.6,1113.4,481.5
794,0,person,0.1632,740.3,540.0,757.3,577.9
794,3,motorcycle,0.1559,735.5,549.5,773.6,581.9
794,0,person,0.1384,751.2,527.6,769.7,580.0
794,0,person,0.1088,1101.8,445.3,1115.2,481.5
795,1,car,0.7353,551.1,495.6,647.6,548.8
795,0,person,0.5475,744.4,525.9,765.1,579.4
795,4,other_vehicle,0.4566,222.1,717.5,316.8,792.7
795,1,car,0.3386,950.6,430.7,1022.9,473.8
795,2,large_vehicle,0.2273,950.6,430.7,1022.9,473.8
795,2,large_vehicle,0.1762,222.1,717.5,316.8,792.7
795,1,car,0.1194,222.1,717.5,316.8,792.7
795,0,person,0.1189,737.5,526.5,760.4,576.9
795,4,other_vehicle,0.1130,734.0,546.1,767.9,578.9
796,1,car,0.7384,552.6,496.2,647.6,548.9
796,0,person,0.5189,744.5,525.9,765.3,579.2
796,4,other_vehicle,0.4506,221.8,717.4,317.1,792.8
796,1,car,0.2886,950.5,430.6,1023.0,473.8
796,2,large_vehicle,0.2813,950.5,430.6,1023.0,473.8
796,2,large_vehicle,0.1717,221.8,717.4,317.1,792.8
796,0,person,0.1305,737.6,526.5,759.9,576.4
796,1,car,0.1243,221.8,717.4,317.1,792.8
797,4,other_vehicle,0.7147,211.1,719.2,304.6,794.4
797,1,car,0.7122,557.0,497.3,647.3,548.8
797,0,person,0.4987,741.8,526.1,761.8,577.7
797,2,large_vehicle,0.4108,951.5,430.8,1022.9,473.9
797,4,other_vehicle,0.3031,731.4,551.2,776.4,582.1
797,3,motorcycle,0.2169,731.4,551.2,776.4,582.1
797,1,car,0.1881,951.5,430.8,1022.9,473.9
797,0,person,0.1339,738.4,526.2,758.1,576.6
797,2,large_vehicle,0.1311,557.0,497.3,647.3,548.8
798,1,car,0.7325,556.6,497.4,647.3,548.8
798,4,other_vehicle,0.7242,211.4,719.2,304.6,794.5
798,0,person,0.5010,741.9,526.1,761.8,577.7
798,2,large_vehicle,0.4196,951.5,430.8,1022.9,473.8
798,4,other_vehicle,0.2978,731.3,551.2,776.4,582.1
798,3,motorcycle,0.2252,731.3,551.2,776.4,582.1
798,1,car,0.1895,951.5,430.8,1022.9,473.8
798,0,person,0.1333,738.4,526.2,758.1,576.5
798,2,large_vehicle,0.1187,556.6,497.4,647.3,548.8
799,1,car,0.7779,558.0,497.7,647.3,548.7
799,4,other_vehicle,0.6939,203.4,720.4,293.5,794.5
799,0,person,0.5842,740.1,525.9,760.5,580.9
799,2,large_vehicle,0.4243,952.5,430.9,1022.8,473.6
799,0,person,0.2270,737.3,525.4,757.3,577.7
799,1,car,0.2160,952.5,430.9,1022.8,473.6
800,1,car,0.7719,558.1,497.7,647.3,548.7
800,4,other_vehicle,0.6980,203.3,720.4,293.0,794.5
800,0,person,0.5922,739.9,525.9,760.3,580.9
800,2,large_vehicle,0.4531,952.4,430.8,1022.9,473.7
800,0,person,0.2396,737.3,525.5,757.4,577.8
800,1,car,0.1918,952.4,430.8,1022.9,473.7
801,4,other_vehicle,0.7082,193.7,721.0,284.0,795.0
801,1,car,0.6951,557.8,497.3,647.5,548.6
801,0,person,0.4719,734.1,525.3,755.3,576.3
801,2,large_vehicle,0.4660,951.6,430.3,1023.0,473.6
801,3,motorcycle,0.3555,728.6,544.0,759.0,578.7
801,1,car,0.1794,951.6,430.3,1023.0,473.6
801,2,large_vehicle,0.1216,557.8,497.3,647.5,548.6
801,0,person,0.1036,1192.5,525.6,1212.7,586.3
802,4,other_vehicle,0.7092,193.7,721.0,284.2,795.1
802,1,car,0.7028,558.9,497.6,647.5,548.5
802,2,large_vehicle,0.4821,951.6,430.4,1022.9,473.5
802,0,person,0.4693,734.2,525.3,755.4,576.4
802,3,motorcycle,0.3427,728.7,543.9,759.1,578.6
802,1,car,0.1771,951.6,430.4,1022.9,473.5
803,4,other_vehicle,0.7246,193.7,721.0,284.1,795.0
803,1,car,0.6866,559.1,497.7,647.6,548.5
803,2,large_vehicle,0.4903,951.5,430.4,1023.0,473.5
803,0,person,0.4767,734.2,525.3,755.4,576.3
803,3,motorcycle,0.3558,728.6,544.0,759.1,578.6
803,1,car,0.1801,951.5,430.4,1023.0,473.5
804,1,car,0.7487,556.8,497.3,647.8,548.5
804,0,person,0.4386,732.7,525.3,753.6,577.4
804,2,large_vehicle,0.4356,951.1,430.6,1022.7,473.4
804,1,car,0.3339,184.0,721.7,273.1,796.3
804,1,car,0.2138,951.1,430.6,1022.7,473.4
804,4,other_vehicle,0.1831,184.0,721.7,273.1,796.3
804,0,person,0.1557,726.8,525.1,748.5,573.4
804,2,large_vehicle,0.1357,184.0,721.7,273.1,796.3
805,1,car,0.7496,559.0,497.6,647.6,548.6
805,0,person,0.4337,732.7,525.2,753.5,577.3
805,2,large_vehicle,0.4149,951.5,430.7,1022.8,473.4
805,1,car,0.3106,184.0,721.9,273.1,796.2
805,4,other_vehicle,0.2194,184.0,721.9,273.1,796.2
805,1,car,0.2184,951.5,430.7,1022.8,473.4
805,0,person,0.1631,726.8,525.1,748.5,573.4
805,2,large_vehicle,0.1288,184.0,721.9,273.1,796.2
806,1,car,0.8051,557.5,497.7,647.5,548.6
806,1,car,0.4289,175.8,722.3,262.8,796.7
806,2,large_vehicle,0.4102,951.3,431.0,1022.9,473.3
806,0,person,0.3314,729.6,524.8,750.5,575.9
806,0,person,0.3058,725.9,524.4,748.0,574.0
806,1,car,0.2279,951.3,431.0,1022.9,473.3
806,2,large_vehicle,0.1731,175.8,722.3,262.8,796.7
806,4,other_vehicle,0.1552,719.6,547.3,757.4,579.2
807,1,car,0.8139,556.5,497.6,647.6,548.6
807,1,car,0.4635,175.9,722.1,262.7,796.8
807,2,large_vehicle,0.3998,950.9,430.9,1023.1,473.3
807,0,person,0.3304,729.6,524.8,750.5,575.9
807,0,person,0.3078,725.8,524.4,748.0,574.0
807,1,car,0.2368,950.9,430.9,1023.1,473.3
807,4,other_vehicle,0.1560,719.6,547.2,757.5,579.2
807,2,large_vehicle,0.1523,175.9,722.1,262.7,796.8
808,1,car,0.7827,558.1,497.7,647.6,548.6
808,2,large_vehicle,0.4719,951.2,430.6,1023.1,473.3
808,1,car,0.4414,175.8,722.3,262.8,796.7
808,0,person,0.3312,729.5,524.9,750.7,576.0
808,0,person,0.3014,725.7,524.4,748.2,574.2
808,1,car,0.1983,951.2,430.6,1023.1,473.3
808,2,large_vehicle,0.1658,175.8,722.3,262.8,796.7
808,4,other_vehicle,0.1544,719.6,547.2,757.7,579.2
809,1,car,0.7679,560.2,497.4,647.6,548.5
809,2,large_vehicle,0.5142,951.5,430.6,1023.3,473.2
809,4,other_vehicle,0.3028,167.3,725.5,252.8,795.9
809,0,person,0.2631,725.7,524.8,746.1,575.8
809,0,person,0.2583,728.5,525.5,749.1,578.4
809,2,large_vehicle,0.2387,167.3,725.5,252.8,795.9
809,1,car,0.2052,167.3,725.5,252.8,795.9
809,1,car,0.1974,951.5,430.6,1023.3,473.2
810,1,car,0.7883,559.8,497.7,647.6,548.5
810,2,large_vehicle,0.4998,951.7,430.7,1023.2,473.2
810,4,other_vehicle,0.3105,167.3,725.6,252.8,795.9
810,0,person,0.2631,728.5,525.5,749.1,578.4
810,0,person,0.2624,725.8,524.8,746.0,575.8
810,2,large_vehicle,0.2353,167.3,725.6,252.8,795.9
810,1,car,0.2053,167.3,725.6,252.8,795.9
810,1,car,0.2006,951.7,430.7,1023.2,473.2
811,1,car,0.7347,560.0,497.8,647.5,548.4
811,2,large_vehicle,0.5386,951.4,430.5,1023.1,473.2
811,0,person,0.4540,723.3,525.1,744.4,575.8
811,1,car,0.4167,158.8,723.2,242.7,796.9
811,3,motorcycle,0.3170,715.4,544.5,750.5,577.8
811,2,large_vehicle,0.1690,158.8,723.2,242.7,796.9
811,1,car,0.1548,951.4,430.5,1023.1,473.2
811,0,person,0.1518,716.3,525.8,734.5,571.0
811,4,other_vehicle,0.1480,715.4,544.5,750.5,577.8
811,0,person,0.1198,727.2,525.6,748.6,577.5
812,1,car,0.7419,559.9,497.8,647.5,548.5
812,2,large_vehicle,0.5347,951.4,430.5,1023.1,473.2
812,0,person,0.4543,723.4,525.1,744.4,575.8
812,1,car,0.4245,158.8,723.2,242.7,797.0
812,3,motorcycle,0.3144,715.4,544.5,750.5,577.8
812,2,large_vehicle,0.1668,158.8,723.2,242.7,797.0
812,1,car,0.1571,951.4,430.5,1023.1,473.2
812,0,person,0.1519,716.3,525.8,734.4,570.9
812,4,other_vehicle,0.1475,715.4,544.5,750.5,577.8
812,0,person,0.1198,727.2,525.6,748.6,577.5
813,1,car,0.7397,558.9,497.7,647.5,548.4
813,2,large_vehicle,0.5311,951.4,430.4,1023.2,473.2
813,0,person,0.4497,723.2,525.1,744.3,575.7
813,1,car,0.3887,158.7,723.4,242.7,796.9
813,3,motorcycle,0.3310,715.5,544.7,750.5,577.8
813,2,large_vehicle,0.1844,158.7,723.4,242.7,796.9
813,0,person,0.1550,716.4,525.7,734.9,570.9
813,4,other_vehicle,0.1525,715.5,544.7,750.5,577.8
813,1,car,0.1484,951.4,430.4,1023.2,473.2
813,0,person,0.1223,727.1,525.6,748.7,577.4
814,1,car,0.7942,557.8,497.7,647.7,548.5
814,2,large_vehicle,0.5167,950.6,429.9,1023.2,473.1
814,0,person,0.4270,720.5,524.8,741.2,576.0
814,4,other_vehicle,0.4151,153.0,726.8,233.8,796.2
814,0,person,0.2335,714.0,524.8,736.8,573.4
814,1,car,0.1967,950.6,429.9,1023.2,473.1
814,1,car,0.1463,153.0,726.8,233.8,796.2
814,0,person,0.1400,1192.7,524.5,1213.3,585.9
814,4,other_vehicle,0.1397,711.5,546.6,750.6,578.5
814,2,large_vehicle,0.1283,153.0,726.8,233.8,796.2
815,1,car,0.7882,558.6,497.8,647.7,548.5
815,2,large_vehicle,0.5172,950.7,429.9,1023.2,473.0
815,0,person,0.4332,720.6,524.8,741.4,576.1
815,4,other_vehicle,0.4056,152.9,726.7,233.8,796.1
815,0,person,0.2301,713.9,524.9,736.2,573.3
815,1,car,0.1889,950.7,429.9,1023.2,473.0
815,1,car,0.1417,152.9,726.7,233.8,796.1
815,2,large_vehicle,0.1416,152.9,726.7,233.8,796.1
815,4,other_vehicle,0.1349,711.5,546.6,750.5,578.5
815,0,person,0.1052,1192.7,524.8,1213.2,585.8
816,1,car,0.8324,557.3,497.9,647.5,548.4
816,0,person,0.6128,717.4,525.4,738.6,577.2
816,4,other_vehicle,0.5557,147.6,727.3,224.4,796.0
816,2,large_vehicle,0.5060,951.1,430.1,1023.2,472.9
816,0,person,0.2565,714.2,524.9,736.7,576.5
816,1,car,0.1928,951.1,430.1,1023.2,472.9
816,4,other_vehicle,0.1372,705.9,550.9,749.9,579.7
816,4,other_vehicle,0.1045,706.9,545.8,743.5,577.8
816,0,person,0.1019,1192.8,524.9,1213.2,585.8
817,1,car,0.7922,559.3,498.0,647.5,548.3
817,0,person,0.6155,717.4,525.4,738.7,577.3
817,4,other_vehicle,0.5630,147.6,727.3,224.0,795.9
817,2,large_vehicle,0.5061,951.7,430.1,1023.1,472.9
817,0,person,0.2531,714.2,524.9,736.7,576.5
817,1,car,0.1824,951.7,430.1,1023.1,472.9
817,4,other_vehicle,0.1305,705.9,551.0,749.8,579.7
817,0,person,0.1085,1192.8,524.9,1213.2,585.8
818,1,car,0.7985,559.2,498.0,647.5,548.3
818,0,person,0.6167,717.4,525.3,738.7,577.3
818,4,other_vehicle,0.5553,147.5,727.3,224.0,796.0
818,2,large_vehicle,0.5035,951.6,429.9,1023.1,472.9
818,0,person,0.2423,714.2,524.9,736.7,576.5
818,1,car,0.1833,951.6,429.9,1023.1,472.9
818,4,other_vehicle,0.1313,705.8,550.8,749.7,579.7
818,0,person,0.1104,1192.7,524.7,1213.2,585.8
818,4,other_vehicle,0.1033,706.8,545.8,743.6,577.8
819,1,car,0.7759,561.3,497.8,647.4,548.3
819,0,person,0.5512,713.1,524.0,734.8,575.4
819,2,large_vehicle,0.4766,952.0,430.1,1023.0,473.0
819,4,other_vehicle,0.3404,137.8,727.5,214.7,795.8
819,1,car,0.1937,952.0,430.1,1023.0,473.0
819,1,car,0.1615,137.8,727.5,214.7,795.8
819,0,person,0.1376,1192.7,525.0,1213.2,585.8
819,2,large_vehicle,0.1119,137.8,727.5,214.7,795.8
820,1,car,0.7606,561.6,497.9,647.3,548.3
820,0,person,0.5474,713.0,524.0,734.7,575.3
820,2,large_vehicle,0.5059,952.2,429.9,1022.9,473.0
820,4,other_vehicle,0.3427,137.8,727.4,214.6,795.8
820,1,car,0.1860,952.2,429.9,1022.9,473.0
820,0,person,0.1847,1192.9,525.3,1213.2,585.9
820,1,car,0.1595,137.8,727.4,214.6,795.8
821,0,person,0.5356,710.2,525.1,730.7,573.7
821,4,other_vehicle,0.4962,130.4,728.8,204.2,795.7
821,2,large_vehicle,0.4819,952.1,429.9,1022.8,473.0
821,1,car,0.3130,563.3,498.3,647.3,548.0
821,0,person,0.2170,1192.8,525.0,1213.2,586.1
821,4,other_vehicle,0.2014,701.3,544.1,732.9,577.2
821,1,car,0.1890,952.1,429.9,1022.8,473.0
821,1,car,0.1764,130.4,728.8,204.2,795.7
821,0,person,0.1542,704.7,525.4,727.2,571.3
821,2,large_vehicle,0.1036,130.4,728.8,204.2,795.7
822,0,person,0.5364,710.2,525.1,730.7,573.7
822,4,other_vehicle,0.5050,130.4,728.8,204.3,795.7
822,2,large_vehicle,0.4879,952.2,430.0,1022.9,473.0
822,1,car,0.2744,562.9,498.2,647.3,548.1
822,4,other_vehicle,0.2044,701.2,544.0,732.9,577.3
822,1,car,0.1910,952.2,430.0,1022.9,473.0
822,0,person,0.1879,1192.8,524.9,1213.3,586.2
822,1,car,0.1752,130.4,728.8,204.3,795.7
822,0,person,0.1609,704.6,525.3,727.2,571.3
822,1,car,0.1015,563.6,497.8,647.5,548.2
823,1,car,0.7526,562.1,498.2,648.1,548.3
823,4,other_vehicle,0.6738,122.7,728.6,198.1,796.7
823,0,person,0.6144,707.4,525.3,727.9,574.3
823,4,other_vehicle,0.5613,696.8,548.2,737.9,578.0
823,2,large_vehicle,0.5343,950.8,429.6,1023.2,473.0
823,1,car,0.1802,950.8,429.6,1023.2,473.0
824,1,car,0.7502,562.1,498.2,648.1,548.3
824,4,other_vehicle,0.6745,122.7,728.6,198.0,796.7
824,0,person,0.6134,707.3,525.4,727.9,574.4
824,4,other_vehicle,0.5600,696.7,548.1,737.7,578.0
824,2,large_vehicle,0.5326,950.8,429.6,1023.2,473.0
824,1,car,0.1810,950.8,429.6,1023.2,473.0
824,0,person,0.1090,1192.8,525.3,1213.3,586.1
825,1,car,0.8200,557.4,498.0,647.8,548.1
825,4,other_vehicle,0.5687,116.5,729.0,188.7,796.6
825,2,large_vehicle,0.4544,950.6,429.8,1023.2,472.9
825,0,person,0.3925,705.8,524.7,726.9,578.4
825,0,person,0.3844,704.3,525.0,724.6,576.8
825,1,car,0.2249,950.6,429.8,1023.2,472.9
825,4,other_vehicle,0.1125,692.2,544.7,749.9,579.6
825,0,person,0.1016,1192.7,524.5,1213.4,586.2
826,1,car,0.8078,558.1,498.1,647.7,548.1
826,4,other_vehicle,0.5796,116.5,729.0,188.9,796.5
826,2,large_vehicle,0.4964,951.2,429.7,1023.2,472.9
826,0,person,0.3946,705.9,524.8,726.8,578.4
826,0,person,0.3796,704.4,525.1,724.5,576.8
826,1,car,0.1822,951.2,429.7,1023.2,472.9
826,0,person,0.1457,1093.0,445.3,1107.6,480.6
826,0,person,0.1096,1192.8,524.8,1213.3,586.1
826,4,other_vehicle,0.1052,692.3,544.9,747.8,579.5
827,1,car,0.8105,557.8,498.0,647.7,548.2
827,4,other_vehicle,0.5708,116.5,729.0,188.9,796.5
827,2,large_vehicle,0.4918,951.2,429.9,1023.3,472.9
827,0,person,0.4087,705.9,524.9,726.8,578.4
827,0,person,0.3637,704.4,525.1,724.5,576.8
827,1,car,0.1888,951.2,429.9,1023.3,472.9
827,4,other_vehicle,0.1050,692.3,544.9,747.7,579.6
827,0,person,0.1009,1192.8,525.0,1213.2,586.1
828,1,car,0.8005,558.6,497.8,647.6,548.2
828,4,other_vehicle,0.6484,111.3,729.8,180.9,795.9
828,0,person,0.6355,701.1,525.9,721.8,577.6
828,2,large_vehicle,0.5098,952.1,429.8,1023.0,472.8
828,4,other_vehicle,0.4049,690.0,547.9,727.0,578.2
828,0,person,0.2948,1092.7,445.3,1107.7,480.5
828,1,car,0.1613,952.1,429.8,1023.0,472.8
829,1,car,0.7821,559.1,497.9,647.5,548.2
829,4,other_vehicle,0.6484,111.2,729.6,181.2,796.0
829,0,person,0.6389,701.0,525.9,721.8,577.7
829,2,large_vehicle,0.5533,952.3,429.4,1022.9,472.8
829,4,other_vehicle,0.3985,690.0,547.9,727.0,578.2
829,0,person,0.2136,1092.9,445.4,1108.0,480.4
829,1,car,0.1355,952.3,429.4,1022.9,472.8
829,4,other_vehicle,0.1085,688.0,544.8,753.5,579.5
829,0,person,0.1034,1192.8,524.7,1213.1,585.7
830,1,car,0.6773,561.2,497.9,647.8,548.2
830,0,person,0.5681,696.7,526.4,717.7,577.1
830,4,other_vehicle,0.5637,101.2,730.0,173.0,796.8
830,2,large_vehicle,0.5608,952.1,429.1,1022.9,472.9
830,4,other_vehicle,0.3425,686.7,547.1,724.0,579.2
830,0,person,0.1931,692.5,525.8,715.1,575.1
830,1,car,0.1073,952.1,429.1,1022.9,472.9
831,0,person,0.5706,696.7,526.4,717.7,577.0
831,2,large_vehicle,0.5604,952.0,429.1,1023.1,472.9
831,4,other_vehicle,0.5543,101.1,729.9,173.1,796.8
831,1,car,0.5195,561.9,498.1,647.8,548.2
831,4,other_vehicle,0.3491,686.6,547.2,724.0,579.2
831,0,person,0.1860,692.6,525.8,715.1,575.0
831,1,car,0.1146,952.0,429.1,1023.1,472.9
832,2,large_vehicle,0.5801,951.8,429.3,1023.1,472.9
832,0,person,0.5694,696.7,526.4,717.7,577.1
832,4,other_vehicle,0.5688,101.2,730.1,173.2,796.8
832,4,other_vehicle,0.3773,686.1,547.3,724.5,579.2
832,1,car,0.2997,562.5,498.1,647.8,548.2
832,0,person,0.1875,692.6,525.8,715.0,575.1
832,0,person,0.1206,1092.2,445.4,1106.9,480.4
832,1,car,0.1148,951.8,429.3,1023.1,472.9
832,1,car,0.1047,563.4,497.7,647.5,548.4
833,1,car,0.7100,560.8,498.0,647.9,548.2
833,0,person,0.6267,692.8,526.3,713.6,574.2
833,2,large_vehicle,0.5760,951.1,429.5,1022.7,472.9
833,4,other_vehicle,0.4887,95.2,730.7,165.2,795.4
833,0,person,0.4280,1091.5,444.1,1106.4,480.5
833,4,other_vehicle,0.2763,680.9,548.9,722.6,578.5
833,3,motorcycle,0.2605,680.9,548.9,722.6,578.5
833,0,person,0.1502,1192.7,525.4,1213.2,585.7
833,2,large_vehicle,0.1156,560.8,498.0,647.9,548.2
833,1,car,0.1088,951.1,429.5,1022.7,472.9
834,1,car,0.7164,561.2,498.1,647.9,548.3
834,0,person,0.6271,692.8,526.3,713.6,574.2
834,2,large_vehicle,0.5376,951.2,429.5,1022.8,472.9
834,4,other_vehicle,0.5237,95.1,730.6,165.2,795.5
834,0,person,0.4174,1091.5,444.1,1106.3,480.5
834,3,motorcycle,0.2831,680.9,548.9,722.8,578.5
834,4,other_vehicle,0.2751,680.9,548.9,722.8,578.5
834,0,person,0.1302,1192.7,525.5,1213.1,585.6
834,1,car,0.1271,951.2,429.5,1022.8,472.9
834,2,large_vehicle,0.1014,561.2,498.1,647.9,548.3
835,1,car,0.8219,557.1,497.8,648.3,548.3
835,4,other_vehicle,0.7606,87.5,730.4,156.9,795.8
835,0,person,0.6731,688.9,527.1,710.2,575.5
835,2,large_vehicle,0.5869,951.5,429.5,1023.2,472.8
835,4,other_vehicle,0.5541,678.9,546.9,718.8,578.0
835,0,person,0.4590,1091.2,443.2,1105.2,480.2
835,0,person,0.2472,1192.8,525.2,1213.2,585.8
835,3,motorcycle,0.2343,678.9,546.9,718.8,578.0
835,1,car,0.1267,951.5,429.5,1023.2,472.8
836,1,car,0.8104,557.5,497.8,648.3,548.3
836,4,other_vehicle,0.7598,87.5,730.4,156.9,795.7
836,0,person,0.6717,688.9,527.1,710.2,575.5
836,2,large_vehicle,0.5835,951.5,429.5,1023.3,472.8
836,4,other_vehicle,0.5526,678.9,546.9,718.8,578.0
836,0,person,0.4564,1091.2,443.2,1105.2,480.2
836,0,person,0.2382,1192.7,525.2,1213.2,586.1
836,3,motorcycle,0.2342,678.9,546.9,718.8,578.0
836,1,car,0.1276,951.5,429.5,1023.3,472.8
837,1,car,0.8241,556.6,497.8,648.3,548.3
837,4,other_vehicle,0.7562,87.6,730.4,156.9,795.7
837,0,person,0.6725,689.0,527.1,710.2,575.5
837,2,large_vehicle,0.5772,951.4,429.5,1023.3,472.8
837,4,other_vehicle,0.5481,678.9,547.0,718.8,578.0
837,0,person,0.4556,1091.2,443.1,1105.2,480.2
837,3,motorcycle,0.2410,678.9,547.0,718.8,578.0
837,0,person,0.2052,1192.7,525.2,1213.1,586.1
837,1,car,0.1312,951.4,429.5,1023.3,472.8
838,1,car,0.7959,562.0,498.1,648.0,548.3
838,4,other_vehicle,0.6761,81.2,730.4,150.6,798.1
838,2,large_vehicle,0.5732,951.8,429.7,1023.0,472.8
838,0,person,0.5669,685.1,527.9,705.6,572.4
838,4,other_vehicle,0.5004,674.8,548.3,715.1,577.7
838,3,motorcycle,0.2696,674.8,548.3,715.1,577.7
838,0,person,0.2293,1091.2,442.8,1104.4,480.0
838,0,person,0.1797,1192.7,525.0,1213.0,585.4
838,0,person,0.1443,682.5,527.9,703.2,572.1
838,1,car,0.1336,951.8,429.7,1023.0,472.8
839,1,car,0.8080,561.6,498.2,648.0,548.3
839,4,other_vehicle,0.6861,81.2,730.5,150.4,798.2
839,2,large_vehicle,0.5783,951.7,429.6,1023.0,472.8
839,0,person,0.5681,685.2,527.9,705.6,572.5
839,4,other_vehicle,0.5258,674.8,548.1,715.1,577.7
839,3,motorcycle,0.2418,674.8,548.1,715.1,577.7
839,0,person,0.2147,1091.3,443.3,1104.4,480.0
839,0,person,0.2000,1192.8,525.0,1213.1,585.5
839,0,person,0.1421,682.5,527.9,703.1,572.2
839,1,car,0.1315,951.7,429.6,1023.0,472.8
840,4,other_vehicle,0.7208,76.2,732.9,141.3,798.2
840,1,car,0.7017,562.1,498.3,647.9,548.1
840,0,person,0.6728,681.4,527.8,702.9,574.9
840,4,other_vehicle,0.5966,672.0,547.8,713.4,578.2
840,2,large_vehicle,0.5875,951.9,429.9,1023.0,472.8
840,0,person,0.2582,1091.2,442.9,1104.3,479.8
840,0,person,0.2231,1192.8,524.7,1213.3,585.5
840,3,motorcycle,0.2148,672.0,547.8,713.4,578.2
840,4,other_vehicle,0.1964,76.4,732.1,141.1,798.6
840,1,car,0.1162,951.9,429.9,1023.0,472.8
841,1,car,0.7336,561.2,498.2,648.1,548.1
841,4,other_vehicle,0.7203,76.2,732.9,141.3,798.3
841,0,person,0.6620,681.5,527.8,702.9,574.9
841,4,other_vehicle,0.5988,672.0,547.9,713.5,578.2
841,2,large_vehicle,0.5952,951.4,429.8,1022.8,472.8
841,0,person,0.2253,1091.3,443.0,1104.1,479.8
841,3,motorcycle,0.2102,672.0,547.9,713.5,578.2
841,4,other_vehicle,0.2094,76.4,732.1,141.1,798.6
841,0,person,0.1875,1192.8,524.5,1213.4,585.5
841,1,car,0.1084,951.4,429.8,1022.8,472.8
842,1,car,0.7352,561.2,498.2,648.1,548.1
842,4,other_vehicle,0.7207,76.2,732.9,141.3,798.3
842,0,person,0.6633,681.5,527.8,702.9,574.9
842,4,other_vehicle,0.5987,672.0,547.8,713.4,578.2
842,2,large_vehicle,0.5942,951.4,429.8,1022.9,472.8
842,0,person,0.2218,1091.3,443.0,1104.1,479.8
842,4,other_vehicle,0.2120,76.4,732.1,141.1,798.6
842,3,motorcycle,0.2107,672.0,547.8,713.4,578.2
842,0,person,0.1946,1192.8,524.4,1213.4,585.5
842,1,car,0.1104,951.4,429.8,1022.9,472.8
843,1,car,0.7712,558.2,498.0,648.0,548.2
843,4,other_vehicle,0.7259,70.0,731.9,135.9,797.2
843,0,person,0.6851,677.7,528.5,699.0,574.3
843,3,motorcycle,0.6142,667.9,548.1,709.0,578.1
843,2,large_vehicle,0.5069,951.3,430.2,1022.7,472.8
843,1,car,0.1862,951.3,430.2,1022.7,472.8
843,4,other_vehicle,0.1645,667.9,548.1,709.0,578.1
843,0,person,0.1432,1192.8,524.1,1213.5,585.4
844,1,car,0.7851,557.5,497.9,648.0,548.2
844,4,other_vehicle,0.7224,70.0,731.9,136.0,797.1
844,0,person,0.6791,677.6,528.5,698.9,574.4
844,3,motorcycle,0.6113,667.8,548.1,708.9,577.9
844,2,large_vehicle,0.5308,951.4,430.2,1022.7,472.8
844,1,car,0.1743,951.4,430.2,1022.7,472.8
844,4,other_vehicle,0.1610,667.8,548.1,708.9,577.9
844,0,person,0.1311,1192.8,524.5,1213.4,585.4
845,1,car,0.8059,557.8,498.3,647.8,548.2
845,0,person,0.6350,675.1,528.1,695.5,573.1
845,4,other_vehicle,0.6261,63.6,731.7,129.5,796.9
845,4,other_vehicle,0.5966,664.4,550.2,706.9,578.4
845,2,large_vehicle,0.5594,951.6,430.0,1023.0,472.7
845,0,person,0.1706,1089.3,443.9,1101.8,480.3
845,0,person,0.1357,1192.8,525.1,1213.2,585.3
845,0,person,0.1332,1090.9,443.7,1103.6,480.3
845,1,car,0.1299,951.6,430.0,1023.0,472.7
845,3,motorcycle,0.1114,664.4,550.2,706.9,578.4
846,1,car,0.8292,556.4,498.2,647.9,548.3
846,0,person,0.6382,675.1,528.1,695.5,573.2
846,4,other_vehicle,0.6197,63.6,731.6,129.6,797.0
846,4,other_vehicle,0.6063,664.4,550.0,706.9,578.4
846,2,large_vehicle,0.5853,951.8,429.7,1023.2,472.7
846,0,person,0.1761,1089.3,444.0,1101.8,480.4
846,0,person,0.1400,1192.8,525.1,1213.2,585.2
846,0,person,0.1357,1090.9,443.8,1103.6,480.4
846,1,car,0.1139,951.8,429.7,1023.2,472.7
846,3,motorcycle,0.1084,664.4,550.0,706.9,578.4
847,1,car,0.7854,560.5,498.4,647.9,548.3
847,0,person,0.5786,672.5,528.5,693.8,573.3
847,2,large_vehicle,0.5761,951.7,430.2,1022.8,472.7
847,3,motorcycle,0.5656,660.7,549.1,703.1,578.4
847,4,other_vehicle,0.5088,58.7,731.9,123.6,793.1
847,0,person,0.2919,671.3,528.8,691.1,573.0
847,4,other_vehicle,0.2342,660.7,549.1,703.1,578.4
847,0,person,0.1518,1192.8,525.2,1213.0,585.2
847,4,other_vehicle,0.1372,58.4,731.4,122.5,793.7
847,1,car,0.1329,951.7,430.2,1022.8,472.7
848,1,car,0.7893,560.4,498.3,648.0,548.3
848,2,large_vehicle,0.5758,951.7,430.2,1022.8,472.7
848,0,person,0.5742,672.5,528.6,693.7,573.3
848,3,motorcycle,0.5624,660.7,549.1,703.1,578.4
848,4,other_vehicle,0.4939,58.7,731.9,123.6,793.1
848,0,person,0.2987,671.3,528.9,691.1,573.0
848,4,other_vehicle,0.2359,660.7,549.1,703.1,578.4
848,0,person,0.1636,1192.8,525.2,1212.9,585.2
848,4,other_vehicle,0.1443,58.3,731.4,122.5,793.7
848,1,car,0.1282,951.7,430.2,1022.8,472.7
849,1,car,0.7283,562.0,498.4,647.4,548.2
849,0,person,0.6462,669.5,528.5,687.6,573.5
849,4,other_vehicle,0.6144,53.7,732.7,114.9,794.0
849,2,large_vehicle,0.6012,952.0,429.9,1022.5,472.8
849,4,other_vehicle,0.3853,656.3,550.1,698.0,578.3
849,0,person,0.2432,1089.0,443.8,1101.3,480.4
849,0,person,0.2063,1192.9,524.6,1213.0,585.4
849,3,motorcycle,0.1633,656.3,550.1,698.0,578.3
849,2,large_vehicle,0.1122,53.7,732.7,114.9,794.0
850,1,car,0.7321,562.4,498.5,647.4,548.1
850,0,person,0.6538,669.5,528.5,687.6,573.4
850,4,other_vehicle,0.6396,53.7,732.7,114.9,794.0
850,2,large_vehicle,0.5942,951.6,429.8,1022.5,472.7
850,4,other_vehicle,0.4001,656.5,550.0,697.9,578.2
850,0,person,0.2607,1089.0,443.5,1101.4,480.4
850,0,person,0.2458,1193.0,524.8,1213.2,585.4
850,3,motorcycle,0.1763,656.5,550.0,697.9,578.2
850,1,car,0.1052,951.6,429.8,1022.5,472.7
851,1,car,0.7291,562.4,498.4,647.4,548.1
851,0,person,0.6529,669.5,528.5,687.6,573.5
851,4,other_vehicle,0.6361,53.7,732.7,114.9,794.0
851,2,large_vehicle,0.5942,951.6,429.8,1022.4,472.7
851,4,other_vehicle,0.4040,656.3,550.0,698.0,578.3
851,0,person,0.2559,1089.0,443.5,1101.4,480.4
851,0,person,0.2536,1193.0,524.6,1213.1,585.4
851,3,motorcycle,0.1634,656.3,550.0,698.0,578.3
852,1,car,0.7540,559.0,498.5,647.2,548.3
852,0,person,0.6188,664.9,528.7,682.9,569.3
852,2,large_vehicle,0.5485,951.1,430.1,1022.7,472.7
852,3,motorcycle,0.5319,652.7,550.3,692.5,578.2
852,4,other_vehicle,0.3935,48.1,732.3,107.6,793.6
852,0,person,0.2762,1088.5,443.3,1101.3,479.7
852,2,large_vehicle,0.2304,48.1,732.3,107.6,793.6
852,0,person,0.2187,1192.9,524.8,1213.1,584.8
852,4,other_vehicle,0.1706,652.7,550.3,692.5,578.2
852,1,car,0.1286,951.1,430.1,1022.7,472.7
853,1,car,0.7781,561.0,498.6,647.3,548.3
853,0,person,0.6223,664.9,528.8,682.9,569.3
853,2,large_vehicle,0.5601,951.1,429.7,1022.7,472.6
853,3,motorcycle,0.5420,652.7,550.2,692.4,578.2
853,4,other_vehicle,0.3965,48.1,732.3,107.7,793.6
853,0,person,0.2525,1088.5,443.4,1101.3,479.8
853,2,large_vehicle,0.2252,48.1,732.3,107.7,793.6
853,0,person,0.1754,1192.9,524.8,1213.2,585.1
853,4,other_vehicle,0.1672,652.7,550.2,692.4,578.2
853,1,car,0.1113,951.1,429.7,1022.7,472.6
854,1,car,0.8286,557.6,498.4,647.2,548.2
854,4,other_vehicle,0.7150,43.2,732.7,103.0,793.2
854,2,large_vehicle,0.4864,951.5,429.6,1022.2,472.6
854,0,person,0.4745,660.5,528.4,679.4,570.0
854,3,motorcycle,0.4718,648.6,549.7,688.8,579.7
854,0,person,0.3216,662.3,528.4,681.8,569.8
854,0,person,0.3007,1087.9,443.0,1101.2,478.3
854,0,person,0.2323,1192.7,524.1,1213.6,585.2
854,4,other_vehicle,0.2055,648.6,549.7,688.8,579.7
854,1,car,0.1366,951.5,429.6,1022.2,472.6
855,1,car,0.8423,556.7,498.4,647.2,548.2
855,4,other_vehicle,0.7181,43.2,732.7,103.0,793.2
855,0,person,0.4853,660.4,528.2,679.4,570.0
855,2,large_vehicle,0.4819,951.4,429.5,1022.2,472.6
855,3,motorcycle,0.4766,648.6,549.5,688.7,579.7
855,0,person,0.3165,662.2,528.2,681.8,569.8
855,0,person,0.2959,1088.0,443.1,1101.2,478.3
855,4,other_vehicle,0.2116,648.6,549.5,688.7,579.7
855,0,person,0.1905,1192.7,524.4,1213.6,585.4
855,1,car,0.1518,951.4,429.5,1022.2,472.6
856,1,car,0.8379,556.6,498.4,647.3,548.2
856,4,other_vehicle,0.7082,43.2,732.7,102.9,793.2
856,2,large_vehicle,0.4936,951.5,429.4,1022.4,472.5
856,0,person,0.4789,660.5,528.3,679.4,569.8
856,3,motorcycle,0.4744,648.6,549.7,689.1,579.7
856,0,person,0.3212,662.3,528.3,681.8,569.6
856,0,person,0.2837,1088.1,443.2,1101.2,478.2
856,0,person,0.2205,1192.6,524.4,1213.4,585.3
856,4,other_vehicle,0.2002,648.6,549.7,689.1,579.7
856,1,car,0.1257,951.5,429.4,1022.4,472.5
857,1,car,0.7640,562.5,498.6,647.1,548.2
857,2,large_vehicle,0.5034,952.1,429.5,1022.1,472.6
857,3,motorcycle,0.4440,645.0,550.4,683.1,579.7
857,0,person,0.3840,657.0,530.1,676.0,570.3
857,4,other_vehicle,0.3838,38.2,732.1,97.6,792.2
857,0,person,0.1458,1192.7,524.5,1213.2,585.3
857,4,other_vehicle,0.1139,645.0,550.4,683.1,579.7
857,1,car,0.1026,952.1,429.5,1022.1,472.6
858,1,car,0.7857,560.3,498.4,647.2,548.4
858,2,large_vehicle,0.5245,952.0,429.5,1022.4,472.5
858,3,motorcycle,0.4617,645.0,550.3,683.2,579.7
858,0,person,0.3918,656.9,530.3,675.9,570.3
858,4,other_vehicle,0.3844,38.2,732.1,97.7,792.2
858,4,other_vehicle,0.1267,36.9,732.3,97.8,792.7
858,0,person,0.1131,1192.7,524.7,1213.0,585.6
858,4,other_vehicle,0.1127,645.0,550.3,683.2,579.7
858,1,car,0.1101,952.0,429.5,1022.4,472.5
859,1,car,0.6847,562.5,498.6,647.4,548.2
859,4,other_vehicle,0.6299,33.4,732.6,91.2,792.9
859,2,large_vehicle,0.5733,952.0,429.4,1022.2,472.6
859,0,person,0.5531,653.4,530.4,672.3,571.6
859,3,motorcycle,0.3722,641.0,553.1,682.3,580.8
859,4,other_vehicle,0.1812,641.0,553.1,682.3,580.8
859,0,person,0.1420,1192.8,524.7,1213.0,585.5
859,2,large_vehicle,0.1014,562.5,498.6,647.4,548.2
860,1,car,0.6887,562.5,498.5,647.4,548.2
860,4,other_vehicle,0.6335,33.4,732.6,91.2,792.9
860,2,large_vehicle,0.5743,952.0,429.4,1022.2,472.6
860,0,person,0.5536,653.4,530.4,672.3,571.7
860,3,motorcycle,0.3715,641.1,553.0,682.3,580.8
860,4,other_vehicle,0.1821,641.1,553.0,682.3,580.8
860,0,person,0.1442,1192.8,524.6,1213.0,585.5
860,2,large_vehicle,0.1074,562.5,498.5,647.4,548.2
861,1,car,0.7310,562.1,498.6,647.4,548.2
861,2,large_vehicle,0.5998,951.6,429.3,1022.4,472.7
861,4,other_vehicle,0.5632,33.4,732.7,91.2,792.9
861,0,person,0.5544,653.4,530.4,672.3,571.6
861,3,motorcycle,0.3685,641.1,553.1,682.4,580.8
861,4,other_vehicle,0.1856,641.1,553.1,682.4,580.8
861,0,person,0.1438,1192.8,524.5,1213.0,585.4
862,1,car,0.7501,560.4,498.2,647.4,548.3
862,4,other_vehicle,0.6852,29.1,734.0,84.4,791.6
862,2,large_vehicle,0.6175,951.4,429.5,1022.4,472.6
862,0,person,0.4225,649.2,531.9,667.2,572.1
862,0,person,0.3080,651.4,531.5,670.1,571.4
862,4,other_vehicle,0.2999,635.1,551.9,679.3,580.9
862,3,motorcycle,0.2906,635.1,551.9,679.3,580.9
862,0,person,0.1311,1192.8,525.4,1212.8,585.4
863,1,car,0.7443,560.5,498.2,647.4,548.3
863,4,other_vehicle,0.6960,29.1,734.1,84.3,791.6
863,2,large_vehicle,0.6182,951.3,429.5,1022.5,472.5
863,0,person,0.4056,649.3,531.8,667.3,572.1
863,0,person,0.3249,651.4,531.4,670.1,571.4
863,4,other_vehicle,0.2897,635.2,552.0,679.3,580.9
863,3,motorcycle,0.2426,635.2,552.0,679.3,580.9
863,0,person,0.1589,1192.8,525.4,1212.8,585.5
863,2,large_vehicle,0.1007,560.5,498.2,647.4,548.3
864,1,car,0.8299,559.4,498.5,647.9,548.3
864,4,other_vehicle,0.7397,24.5,733.4,79.4,791.1
864,2,large_vehicle,0.5339,951.5,429.9,1022.6,472.5
864,0,person,0.4014,644.2,533.2,665.3,577.6
864,4,other_vehicle,0.2816,627.8,554.5,674.2,582.4
864,3,motorcycle,0.1673,627.8,554.5,674.2,582.4
864,1,car,0.1014,951.5,429.9,1022.6,472.5
865,1,car,0.8136,560.2,498.4,647.7,548.3
865,4,other_vehicle,0.7352,24.5,733.3,79.5,791.1
865,2,large_vehicle,0.5576,951.7,429.5,1022.5,472.5
865,0,person,0.3912,644.8,533.0,665.4,577.5
865,4,other_vehicle,0.2502,627.5,554.8,674.3,582.3
865,3,motorcycle,0.1554,627.5,554.8,674.3,582.3
866,1,car,0.8128,560.2,498.4,647.7,548.3
866,4,other_vehicle,0.7331,24.5,733.3,79.6,791.1
866,2,large_vehicle,0.5570,951.7,429.5,1022.5,472.5
866,0,person,0.3915,644.7,533.0,665.4,577.5
866,4,other_vehicle,0.2510,627.5,554.8,674.3,582.3
866,3,motorcycle,0.1595,627.5,554.8,674.3,582.3
866,0,person,0.1108,1085.9,443.3,1099.3,477.5
867,1,car,0.8239,557.9,498.0,647.5,548.4
867,4,other_vehicle,0.7110,20.3,733.9,74.5,790.5
867,3,motorcycle,0.6265,623.5,552.3,671.9,582.1
867,0,person,0.5744,639.9,531.1,661.0,574.3
867,2,large_vehicle,0.5182,952.2,429.3,1022.9,472.5
867,0,person,0.2625,636.9,531.0,658.8,573.8
867,4,other_vehicle,0.2419,623.5,552.3,671.9,582.1
867,0,person,0.1070,1192.7,525.0,1212.9,585.6
868,1,car,0.8003,559.3,498.1,647.4,548.4
868,4,other_vehicle,0.7054,20.3,733.8,74.5,790.5
868,3,motorcycle,0.6256,623.5,552.2,671.9,582.0
868,0,person,0.5747,639.8,531.0,661.0,574.5
868,2,large_vehicle,0.5745,951.9,429.2,1022.7,472.5
868,0,person,0.2703,636.8,531.0,658.9,574.2
868,4,other_vehicle,0.2414,623.5,552.2,671.9,582.0
868,0,person,0.1554,1192.8,525.2,1212.8,585.5
869,1,car,0.6793,561.4,498.0,647.2,548.0
869,4,other_vehicle,0.6675,15.8,731.9,71.3,790.0
869,2,large_vehicle,0.5727,951.8,429.3,1022.5,472.4
869,3,motorcycle,0.4169,624.2,554.5,665.0,582.0
869,0,person,0.3111,636.2,532.2,656.9,575.5
869,0,person,0.1509,638.1,531.7,655.0,569.9
869,0,person,0.1326,1192.8,525.3,1212.9,585.4
869,4,other_vehicle,0.1194,624.2,554.5,665.0,582.0
869,2,large_vehicle,0.1171,15.8,731.9,71.3,790.0
869,0,person,0.1145,640.4,531.2,658.0,571.3
870,4,other_vehicle,0.6666,15.8,731.9,71.1,790.0
870,1,car,0.6311,561.4,498.0,647.1,548.0
870,2,large_vehicle,0.5747,951.8,429.5,1022.4,472.4
870,3,motorcycle,0.4037,624.2,554.7,664.8,582.0
870,0,person,0.2940,636.3,532.4,656.8,575.3
870,0,person,0.1597,638.1,531.8,654.9,569.5
870,0,person,0.1362,1192.8,525.4,1212.6,585.4
870,4,other_vehicle,0.1207,624.2,554.7,664.8,582.0
870,1,car,0.1136,562.2,497.4,646.1,548.0
870,2,large_vehicle,0.1119,15.8,731.9,71.1,790.0
870,0,person,0.1086,640.6,531.3,657.9,570.9
871,1,car,0.7657,560.4,497.6,647.5,548.2
871,4,other_vehicle,0.7111,11.4,732.2,66.1,789.7
871,2,large_vehicle,0.5179,950.8,429.4,1021.7,472.4
871,3,motorcycle,0.2990,621.0,555.8,661.0,583.8
871,0,person,0.2693,632.0,532.3,654.3,576.7
871,0,person,0.1638,634.9,532.0,652.4,568.9
871,4,other_vehicle,0.1296,621.0,555.8,661.0,583.8
872,1,car,0.7685,560.3,497.7,647.5,548.2
872,4,other_vehicle,0.7140,11.4,732.3,66.1,789.7
872,2,large_vehicle,0.5365,950.8,429.3,1021.7,472.4
872,3,motorcycle,0.2959,621.0,555.8,660.9,583.8
872,0,person,0.2664,631.9,532.2,654.2,576.8
872,0,person,0.1628,634.9,531.9,652.4,569.0
872,4,other_vehicle,0.1282,621.0,555.8,660.9,583.8
873,1,car,0.8160,557.5,497.6,647.7,548.1
873,4,other_vehicle,0.5634,8.1,731.8,61.1,788.1
873,2,large_vehicle,0.3984,951.5,429.2,1022.1,472.3
873,0,person,0.3936,628.8,530.9,649.9,575.2
873,3,motorcycle,0.2710,617.8,554.9,658.9,584.9
873,4,other_vehicle,0.1806,617.8,554.9,658.9,584.9
873,4,other_vehicle,0.1636,8.2,732.0,61.6,788.8
873,1,car,0.1553,951.5,429.2,1022.1,472.3
873,0,person,0.1418,624.9,531.4,646.8,576.7
874,1,car,0.8013,557.9,497.6,647.7,548.0
874,4,other_vehicle,0.5176,8.2,732.0,62.7,788.8
874,2,large_vehicle,0.4023,951.3,428.9,1022.1,472.4
874,0,person,0.3826,628.7,531.1,649.8,575.3
874,3,motorcycle,0.2791,617.8,555.0,658.9,584.9
874,4,other_vehicle,0.1824,617.8,555.0,658.9,584.9
874,0,person,0.1685,624.8,531.7,646.9,576.6
874,1,car,0.1597,951.3,428.9,1022.1,472.4
874,0,person,0.1180,1192.7,524.7,1213.0,584.9
875,1,car,0.8015,558.0,497.7,647.7,548.0
875,4,other_vehicle,0.4813,8.2,732.0,62.6,788.8
875,2,large_vehicle,0.3930,951.3,429.0,1022.1,472.4
875,0,person,0.3812,628.7,531.1,649.8,575.3
875,3,motorcycle,0.2710,617.8,555.0,659.0,584.9
875,4,other_vehicle,0.1806,617.8,555.0,659.0,584.9
875,0,person,0.1703,624.8,531.6,646.9,576.6
875,1,car,0.1590,951.3,429.0,1022.1,472.4
875,0,person,0.1226,1192.7,524.7,1213.1,585.0
875,4,other_vehicle,0.1001,8.2,731.8,62.2,788.2
876,1,car,0.8215,557.9,497.8,647.2,548.2
876,0,person,0.5112,624.9,531.9,645.4,579.0
876,4,other_vehicle,0.5083,2.6,731.7,56.6,788.2
876,2,large_vehicle,0.4105,952.2,429.3,1021.8,472.4
876,3,motorcycle,0.2354,612.8,554.9,653.4,585.0
876,4,other_vehicle,0.1927,612.8,554.9,653.4,585.0
876,0,person,0.1581,1192.9,525.7,1213.0,585.2
876,1,car,0.1172,952.2,429.3,1021.8,472.4
877,1,car,0.8018,558.1,497.8,647.1,548.2
877,4,other_vehicle,0.6287,2.7,731.7,56.1,788.2
877,0,person,0.5082,625.0,531.7,645.4,579.0
877,2,large_vehicle,0.4811,952.4,429.3,1022.0,472.4
877,3,motorcycle,0.2108,612.9,554.6,653.8,585.0
877,4,other_vehicle,0.1974,612.9,554.6,653.8,585.0
877,0,person,0.1280,1193.0,526.0,1213.0,585.2
877,1,car,0.1130,952.4,429.3,1022.0,472.4
878,4,other_vehicle,0.6436,0.2,731.3,50.4,786.5
878,1,car,0.6419,559.9,497.9,647.0,548.0
878,0,person,0.5271,621.7,534.8,640.4,577.7
878,2,large_vehicle,0.4926,952.7,429.5,1022.3,472.4
878,3,motorcycle,0.1811,608.9,555.1,649.5,584.0
878,2,large_vehicle,0.1559,0.2,731.3,50.4,786.5
878,1,car,0.1462,561.9,497.6,646.6,547.8
879,4,other_vehicle,0.6526,0.2,731.3,50.6,786.5
879,0,person,0.5264,621.7,534.7,640.4,577.6
879,2,large_vehicle,0.4912,952.1,429.6,1022.3,472.4
879,1,car,0.4668,560.3,497.9,647.0,548.0
879,1,car,0.1947,562.2,497.6,646.5,547.8
879,3,motorcycle,0.1886,608.9,555.1,649.5,584.0
879,2,large_vehicle,0.1442,0.2,731.3,50.6,786.5
879,0,person,0.1205,1193.1,525.5,1213.0,585.1
879,1,car,0.1019,952.1,429.6,1022.3,472.4
880,4,other_vehicle,0.6590,0.2,731.2,50.4,786.6
880,2,large_vehicle,0.5679,951.6,429.5,1022.2,472.3
880,0,person,0.5236,621.7,534.7,640.4,577.8
880,1,car,0.4434,563.7,497.7,646.5,547.8
880,0,person,0.1897,1193.0,525.6,1212.9,585.0
880,3,motorcycle,0.1744,609.1,555.0,649.5,583.9
880,2,large_vehicle,0.1407,0.2,731.2,50.4,786.6
881,2,large_vehicle,0.5427,951.2,429.6,1022.1,472.4
881,3,motorcycle,0.5156,605.5,554.4,644.5,585.6
881,0,person,0.4750,618.0,533.3,637.2,579.1
881,4,other_vehicle,0.4401,0.1,729.5,47.2,786.0
881,1,car,0.2964,563.3,497.6,646.5,547.9
881,0,person,0.2414,614.8,533.7,635.6,579.2
881,2,large_vehicle,0.2302,0.1,729.5,47.2,786.0
881,0,person,0.1761,1193.0,526.8,1212.9,585.0
882,3,motorcycle,0.5126,605.5,554.5,644.6,585.7
882,2,large_vehicle,0.5068,951.2,429.7,1022.3,472.3
882,0,person,0.4718,618.0,533.3,637.2,578.9
882,4,other_vehicle,0.4593,0.1,729.5,47.2,786.0
882,1,car,0.3470,563.4,497.6,646.5,547.9
882,0,person,0.2457,614.9,533.7,635.7,579.1
882,2,large_vehicle,0.2259,0.1,729.5,47.2,786.0
882,0,person,0.1494,1192.9,526.9,1212.9,585.0
882,1,car,0.1373,951.2,429.7,1022.3,472.3
883,0,person,0.5804,611.2,533.4,633.2,577.6
883,3,motorcycle,0.5643,601.4,556.4,641.7,588.1
883,2,large_vehicle,0.4988,951.3,429.3,1022.2,472.3
883,1,car,0.3939,562.4,497.7,647.1,547.8
883,2,large_vehicle,0.2879,0.0,729.9,43.5,785.0
883,1,car,0.2761,560.7,497.8,647.1,548.0
883,4,other_vehicle,0.2671,0.0,729.9,43.5,785.0
883,4,other_vehicle,0.1861,601.4,556.4,641.7,588.1
883,1,car,0.1462,951.3,429.3,1022.2,472.3
883,0,person,0.1091,1192.9,526.2,1212.9,585.1
884,0,person,0.5799,611.2,533.4,633.2,577.6
884,3,motorcycle,0.5645,601.4,556.4,641.7,588.1
884,2,large_vehicle,0.4834,951.3,429.6,1022.2,472.3
884,1,car,0.3736,562.4,497.6,647.1,547.9
884,1,car,0.3017,560.7,497.8,647.1,548.0
884,2,large_vehicle,0.2878,0.0,729.9,43.5,785.0
884,4,other_vehicle,0.2669,0.0,729.9,43.5,785.0
884,4,other_vehicle,0.1846,601.4,556.4,641.7,588.1
884,1,car,0.1560,951.3,429.6,1022.2,472.3
884,0,person,0.1123,1192.9,526.3,1212.9,585.1
885,1,car,0.6790,559.4,497.9,647.1,548.0
885,0,person,0.5785,611.3,533.4,633.2,577.6
885,3,motorcycle,0.5691,601.4,556.4,641.7,588.2
885,2,large_vehicle,0.4985,951.1,429.3,1022.2,472.3
885,2,large_vehicle,0.2914,0.0,729.9,43.5,785.1
885,4,other_vehicle,0.2654,0.0,729.9,43.5,785.1
885,1,car,0.2641,561.7,497.8,647.2,547.9
885,4,other_vehicle,0.1817,601.4,556.4,641.7,588.2
885,1,car,0.1541,951.1,429.3,1022.2,472.3
885,0,person,0.1010,1192.9,526.2,1213.0,585.0
886,1,car,0.8017,559.4,497.7,647.1,548.2
886,3,motorcycle,0.6511,596.9,557.4,639.7,588.5
886,0,person,0.5467,607.1,533.6,628.8,580.1
886,2,large_vehicle,0.5423,952.0,429.3,1022.2,472.4
886,2,large_vehicle,0.3754,0.0,730.1,35.8,784.6
886,4,other_vehicle,0.2208,0.0,730.1,35.8,784.6
886,0,person,0.1181,604.0,533.9,625.4,580.9
886,1,car,0.1126,952.0,429.3,1022.2,472.4
887,1,car,0.8044,559.5,497.7,647.1,548.2
887,3,motorcycle,0.6513,597.0,557.3,639.7,588.5
887,2,large_vehicle,0.5433,952.0,429.3,1022.2,472.4
887,0,person,0.5390,607.2,533.6,628.8,580.1
887,2,large_vehicle,0.3666,0.0,730.0,35.8,784.7
887,4,other_vehicle,0.2193,0.0,730.0,35.8,784.7
887,0,person,0.1174,604.0,533.9,625.4,580.9
887,1,car,0.1063,952.0,429.3,1022.2,472.4
887,1,car,0.1022,0.0,730.0,35.8,784.7
888,3,motorcycle,0.6166,592.1,554.7,635.9,588.8
888,0,person,0.5760,601.5,535.6,625.1,583.1
888,2,large_vehicle,0.5264,951.7,429.1,1022.3,472.4
888,1,car,0.4217,561.3,497.2,647.7,547.2
888,2,large_vehicle,0.3624,0.1,729.4,31.0,784.5
888,4,other_vehicle,0.2397,592.1,554.7,635.9,588.8
888,4,other_vehicle,0.1557,0.1,729.4,31.0,784.5
888,0,person,0.1361,604.8,535.7,627.0,582.8
888,1,car,0.1227,0.1,729.4,31.0,784.5
888,0,person,0.1047,1192.8,525.8,1212.9,585.3
889,3,motorcycle,0.6333,592.1,554.7,635.8,588.8
889,0,person,0.5853,601.4,535.5,625.1,583.0
889,2,large_vehicle,0.5190,952.0,429.0,1022.2,472.3
889,1,car,0.3996,561.5,497.3,647.7,547.3
889,2,large_vehicle,0.3685,0.1,729.5,31.1,784.5
889,4,other_vehicle,0.2328,592.1,554.7,635.8,588.8
889,0,person,0.1718,1192.9,526.0,1212.9,585.2
889,4,other_vehicle,0.1551,0.1,729.5,31.1,784.5
889,1,car,0.1250,0.1,729.5,31.1,784.5
889,1,car,0.1219,558.6,497.3,647.8,547.6
889,0,person,0.1188,604.7,535.6,627.0,582.9
889,1,car,0.1123,952.0,429.0,1022.2,472.3
890,3,motorcycle,0.6308,592.1,554.7,635.8,588.8
890,0,person,0.5829,601.4,535.5,625.1,583.1
890,2,large_vehicle,0.5090,951.9,429.0,1022.2,472.3
890,1,car,0.4222,561.9,497.3,647.7,547.3
890,2,large_vehicle,0.3583,0.1,729.4,31.1,784.5
890,4,other_vehicle,0.2334,592.1,554.7,635.8,588.8
890,4,other_vehicle,0.1579,0.1,729.4,31.1,784.5
890,0,person,0.1406,1193.0,525.8,1213.0,585.1
890,0,person,0.1260,604.7,535.6,627.0,582.9
890,1,car,0.1184,0.1,729.4,31.1,784.5
890,1,car,0.1170,559.1,497.2,647.8,547.6
891,1,car,0.6089,556.7,497.1,648.0,546.9
891,0,person,0.5761,599.6,535.6,622.0,583.6
891,3,motorcycle,0.4528,589.4,554.6,631.2,588.8
891,2,large_vehicle,0.4496,951.2,429.2,1022.4,472.2
891,1,car,0.2162,561.1,497.3,647.7,546.7
891,1,car,0.1677,951.2,429.2,1022.4,472.2
891,4,other_vehicle,0.1569,589.4,554.6,631.2,588.8
891,0,person,0.1397,1192.9,525.1,1213.2,585.1
891,2,large_vehicle,0.1343,0.0,726.7,27.1,783.9
891,2,large_vehicle,0.1166,0.0,727.3,27.4,784.3
892,0,person,0.5806,599.5,535.7,622.0,583.5
892,1,car,0.5102,562.7,497.5,647.7,546.8
892,2,large_vehicle,0.4795,951.2,429.2,1022.5,472.2
892,3,motorcycle,0.4574,589.5,554.5,631.2,588.8
892,2,large_vehicle,0.2653,0.0,726.6,27.1,784.0
892,0,person,0.1677,1192.9,524.7,1213.6,585.1
892,4,other_vehicle,0.1578,589.5,554.5,631.2,588.8
892,1,car,0.1438,951.2,429.2,1022.5,472.2
892,1,car,0.1157,0.0,726.6,27.1,784.0
893,3,motorcycle,0.6181,585.7,555.1,627.1,590.9
893,0,person,0.6141,593.8,535.3,617.3,583.7
893,1,car,0.5459,556.1,497.1,648.3,546.7
893,2,large_vehicle,0.4278,0.0,724.9,22.7,785.0
893,2,large_vehicle,0.3919,950.9,428.7,1022.9,472.2
893,1,car,0.3602,559.9,497.0,648.1,546.4
893,0,person,0.2569,1192.8,524.8,1213.3,585.0
893,1,car,0.2152,950.9,428.7,1022.9,472.2
893,4,other_vehicle,0.2042,585.7,555.1,627.1,590.9
893,0,person,0.1888,591.5,535.5,614.8,583.9
894,3,motorcycle,0.6189,585.7,555.1,627.1,591.0
894,0,person,0.6140,593.8,535.4,617.3,583.6
894,1,car,0.5480,556.0,497.0,648.4,546.7
894,2,large_vehicle,0.4282,0.0,724.9,22.8,785.0
894,2,large_vehicle,0.3957,950.9,428.9,1023.0,472.3
894,1,car,0.3490,559.8,496.9,648.3,546.4
894,0,person,0.2331,1192.9,524.8,1213.6,584.8
894,1,car,0.2299,950.9,428.9,1023.0,472.3
894,4,other_vehicle,0.2046,585.7,555.1,627.1,591.0
894,0,person,0.1890,591.5,535.5,614.8,583.8
895,0,person,0.5564,589.1,538.0,613.5,583.1
895,2,large_vehicle,0.4348,951.5,428.9,1022.8,472.1
895,4,other_vehicle,0.4329,581.2,554.8,625.5,592.3
895,1,car,0.4246,559.7,497.6,647.6,546.7
895,3,motorcycle,0.2557,581.2,554.8,625.5,592.3
895,0,person,0.2234,1192.8,525.5,1213.0,584.7
895,1,car,0.2215,561.5,497.5,647.2,546.2
895,1,car,0.2115,951.5,428.9,1022.8,472.1
896,0,person,0.5585,589.1,538.0,613.5,583.2
896,4,other_vehicle,0.4435,581.1,554.8,625.5,592.3
896,2,large_vehicle,0.4316,951.5,428.9,1022.8,472.1
896,1,car,0.3718,559.7,497.6,647.6,546.7
896,1,car,0.2592,561.5,497.5,647.2,546.2
896,3,motorcycle,0.2555,581.1,554.8,625.5,592.3
896,1,car,0.2171,951.5,428.9,1022.8,472.1
896,0,person,0.1731,1192.9,526.2,1212.9,584.6
897,1,car,0.6738,561.8,497.4,647.1,545.8
897,2,large_vehicle,0.4843,951.6,429.1,1022.5,471.9
897,0,person,0.4199,588.9,538.9,609.6,583.1
897,3,motorcycle,0.3013,578.6,558.6,616.9,592.1
897,3,motorcycle,0.2443,578.1,561.1,616.9,592.5
897,1,car,0.1592,951.6,429.1,1022.5,471.9
897,4,other_vehicle,0.1546,578.6,558.6,616.9,592.1
897,0,person,0.1262,1193.2,526.6,1213.0,584.4
897,4,other_vehicle,0.1083,578.1,561.1,616.9,592.5
898,1,car,0.6045,561.2,497.1,647.1,545.9
898,2,large_vehicle,0.4875,951.3,428.8,1022.2,472.0
898,0,person,0.4267,588.8,538.8,609.6,583.1
898,3,motorcycle,0.3091,578.6,558.5,616.8,592.2
898,3,motorcycle,0.2365,578.1,561.0,616.9,592.5
898,1,car,0.1623,951.3,428.8,1022.2,472.0
898,4,other_vehicle,0.1605,578.6,558.5,616.8,592.2
898,0,person,0.1431,1193.1,526.3,1213.0,584.2
898,4,other_vehicle,0.1069,578.1,561.0,616.9,592.5
899,1,car,0.5925,561.1,497.1,647.1,545.9
899,2,large_vehicle,0.4786,951.3,428.7,1022.2,472.0
899,0,person,0.4258,588.8,538.8,609.6,583.3
899,3,motorcycle,0.3138,578.6,558.4,616.9,592.2
899,3,motorcycle,0.2295,578.1,561.0,616.9,592.5
899,4,other_vehicle,0.1654,578.6,558.4,616.9,592.2
899,1,car,0.1615,951.3,428.7,1022.2,472.0
899,0,person,0.1443,1193.1,526.2,1213.0,584.4
899,4,other_vehicle,0.1058,578.1,561.0,616.9,592.5
900,0,person,0.5207,585.1,538.6,605.4,582.7
900,2,large_vehicle,0.4598,951.0,428.4,1022.5,471.9
900,3,motorcycle,0.4362,573.6,557.4,614.7,592.7
900,4,other_vehicle,0.4032,573.6,557.4,614.7,592.7
900,1,car,0.3340,558.7,497.0,647.3,545.4
900,1,car,0.3231,555.3,497.1,647.6,545.6
900,0,person,0.2138,581.8,537.5,603.2,583.6
900,1,car,0.1798,951.0,428.4,1022.5,471.9
900,0,person,0.1385,1193.0,524.9,1213.4,584.2
901,0,person,0.5241,585.2,538.7,605.4,582.7
901,3,motorcycle,0.4955,573.5,557.4,614.6,592.8
901,2,large_vehicle,0.4759,951.0,428.6,1022.5,471.9
901,1,car,0.3860,559.0,497.0,647.3,545.3
901,4,other_vehicle,0.3737,573.5,557.4,614.6,592.8
901,0,person,0.2177,581.8,537.6,603.1,583.6
901,1,car,0.1898,951.0,428.6,1022.5,471.9
901,0,person,0.1329,1192.9,524.7,1213.5,584.4
901,1,car,0.1288,556.2,497.2,647.7,545.6
902,1,car,0.6575,559.9,497.1,647.8,544.7
902,0,person,0.6187,579.1,529.7,602.1,585.2
902,3,motorcycle,0.4318,569.1,560.9,611.3,593.6
902,2,large_vehicle,0.4187,951.1,428.3,1022.7,471.8
902,1,car,0.2193,951.1,428.3,1022.7,471.8
902,0,person,0.1511,1192.9,524.8,1213.6,584.4
902,4,other_vehicle,0.1277,569.1,560.9,611.3,593.6
903,1,car,0.6359,559.7,497.0,647.8,544.6
903,0,person,0.6181,579.1,529.6,602.2,585.3
903,3,motorcycle,0.4346,569.2,560.8,611.3,593.6
903,2,large_vehicle,0.3730,950.9,428.3,1022.7,471.9
903,1,car,0.2509,950.9,428.3,1022.7,471.9
903,0,person,0.1329,1192.8,524.7,1213.5,584.4
903,4,other_vehicle,0.1274,569.2,560.8,611.3,593.6
904,1,car,0.6904,560.8,497.0,647.9,544.6
904,0,person,0.6209,579.0,529.8,602.1,585.3
904,3,motorcycle,0.4324,569.1,560.8,611.4,593.6
904,2,large_vehicle,0.3978,951.6,428.2,1022.9,471.8
904,1,car,0.1851,951.6,428.2,1022.9,471.8
904,0,person,0.1254,1192.7,524.1,1213.5,584.3
904,4,other_vehicle,0.1220,569.1,560.8,611.4,593.6
905,0,person,0.6330,575.9,536.6,598.9,588.6
905,3,motorcycle,0.6269,566.1,560.5,608.1,596.0
905,2,large_vehicle,0.4856,951.8,428.3,1022.9,471.8
905,1,car,0.4757,556.4,497.0,648.1,545.0
905,1,car,0.2670,559.0,496.7,647.3,545.3
905,4,other_vehicle,0.1642,566.1,560.5,608.1,596.0
905,0,person,0.1628,1192.8,524.6,1213.4,584.9
905,1,car,0.1313,951.8,428.3,1022.9,471.8
906,3,motorcycle,0.6164,566.2,560.2,608.0,596.0
906,0,person,0.6161,575.6,535.7,598.8,588.7
906,2,large_vehicle,0.4921,951.6,428.2,1023.0,471.8
906,1,car,0.3635,559.1,496.7,647.5,545.2
906,1,car,0.1952,556.6,497.0,648.3,544.9
906,0,person,0.1890,1192.8,524.4,1213.3,585.0
906,4,other_vehicle,0.1724,566.2,560.2,608.0,596.0
906,1,car,0.1500,951.6,428.2,1023.0,471.8
907,1,car,0.7923,552.3,496.7,647.9,544.5
907,0,person,0.5464,573.6,530.9,595.1,588.2
907,4,other_vehicle,0.4254,562.5,562.6,604.5,597.5
907,2,large_vehicle,0.3777,952.1,428.3,1023.0,471.6
907,0,person,0.2664,1192.9,525.1,1213.4,584.9
907,3,motorcycle,0.2340,562.5,562.6,604.5,597.5
907,1,car,0.1623,952.1,428.3,1023.0,471.6
908,1,car,0.7965,552.4,496.7,648.0,544.5
908,0,person,0.5456,573.6,530.9,595.1,588.2
908,4,other_vehicle,0.4174,562.5,562.6,604.5,597.5
908,2,large_vehicle,0.3844,952.0,428.3,1023.0,471.6
908,0,person,0.2466,1192.9,525.1,1213.4,584.9
908,3,motorcycle,0.2381,562.5,562.6,604.5,597.5
908,1,car,0.1588,952.0,428.3,1023.0,471.6
909,1,car,0.7971,552.0,496.7,647.9,544.5
909,0,person,0.5345,573.7,530.8,595.1,588.0
909,4,other_vehicle,0.4017,562.4,562.7,604.4,597.5
909,2,large_vehicle,0.3795,951.5,428.3,1023.2,471.6
909,0,person,0.2925,1192.9,524.8,1213.5,585.0
909,3,motorcycle,0.2489,562.4,562.7,604.4,597.5
909,1,car,0.1830,951.5,428.3,1023.2,471.6
910,1,car,0.7696,554.1,496.9,648.4,544.9
910,3,motorcycle,0.4543,559.1,562.7,601.4,597.3
910,0,person,0.4255,567.8,532.5,591.1,586.6
910,4,other_vehicle,0.4072,559.1,562.7,601.4,597.3
910,2,large_vehicle,0.3845,951.1,428.2,1023.1,471.5
910,0,person,0.2523,570.3,529.2,594.0,586.4
910,1,car,0.1677,951.1,428.2,1023.1,471.5
910,0,person,0.1388,1192.7,523.0,1213.4,584.4
911,1,car,0.7057,554.5,496.9,648.1,544.9
911,3,motorcycle,0.4569,559.1,562.7,601.4,597.3
911,0,person,0.4381,567.9,532.7,591.1,586.8
911,4,other_vehicle,0.4111,559.1,562.7,601.4,597.3
911,2,large_vehicle,0.3990,951.1,428.1,1023.1,471.5
911,0,person,0.2611,570.3,529.0,594.0,586.5
911,1,car,0.1627,951.1,428.1,1023.1,471.5
911,0,person,0.1499,1192.7,523.3,1213.5,584.6
912,1,car,0.8358,553.6,497.0,648.2,545.8
912,0,person,0.5971,565.0,543.2,588.1,590.8
912,3,motorcycle,0.5764,555.3,564.9,598.2,597.7
912,2,large_vehicle,0.3703,951.1,428.1,1023.3,471.5
912,1,car,0.2601,951.1,428.1,1023.3,471.5
912,4,other_vehicle,0.2272,555.3,564.9,598.2,597.7
912,0,person,0.1993,1192.7,524.3,1213.5,584.5
913,1,car,0.8267,553.7,497.0,648.1,545.8
913,0,person,0.6055,565.1,543.0,588.1,590.8
913,3,motorcycle,0.5482,555.3,565.0,598.2,597.7
913,2,large_vehicle,0.4009,951.7,428.0,1023.5,471.5
913,0,person,0.2686,1192.7,524.6,1213.3,584.8
913,4,other_vehicle,0.2517,555.3,565.0,598.2,597.7
913,1,car,0.2092,951.7,428.0,1023.5,471.5
914,1,car,0.8276,554.0,497.1,648.1,545.7
914,0,person,0.6054,565.1,543.1,588.1,590.8
914,3,motorcycle,0.5555,555.3,565.0,598.2,597.7
914,2,large_vehicle,0.4055,951.7,428.0,1023.5,471.5
914,0,person,0.2497,1192.8,524.7,1213.4,584.8
914,4,other_vehicle,0.2456,555.3,565.0,598.2,597.7
914,1,car,0.2159,951.7,428.0,1023.5,471.5
915,1,car,0.8577,553.3,496.8,648.3,546.1
915,4,other_vehicle,0.5396,551.7,564.6,592.7,599.3
915,2,large_vehicle,0.4109,951.7,427.8,1023.6,471.5
915,0,person,0.3896,562.0,543.2,583.0,588.7
915,0,person,0.3599,560.6,543.9,584.4,593.3
915,3,motorcycle,0.3420,551.7,564.6,592.7,599.3
915,0,person,0.2177,1192.4,524.4,1213.1,585.0
915,1,car,0.1991,951.7,427.8,1023.6,471.5
916,1,car,0.8415,552.7,496.7,648.3,546.1
916,4,other_vehicle,0.5395,551.8,564.6,592.6,599.2
916,0,person,0.4149,560.7,543.9,584.5,593.3
916,2,large_vehicle,0.3774,951.7,427.6,1023.7,471.6
916,3,motorcycle,0.3400,551.8,564.6,592.6,599.2
916,0,person,0.2863,562.1,543.3,583.0,588.5
916,0,person,0.2794,1192.6,523.9,1213.2,584.9
916,1,car,0.1846,951.7,427.6,1023.7,471.6
917,1,car,0.8170,549.1,495.8,648.5,546.4
917,0,person,0.6268,555.4,543.0,578.9,592.5
917,3,motorcycle,0.4555,547.3,564.9,587.7,600.4
917,4,other_vehicle,0.3972,547.3,564.9,587.7,600.4
917,0,person,0.3166,1192.5,522.4,1213.9,585.2
917,2,large_vehicle,0.3053,951.6,427.4,1023.5,471.5
917,1,car,0.1813,951.6,427.4,1023.5,471.5
918,1,car,0.8158,550.1,496.0,648.5,546.4
918,0,person,0.6318,555.4,543.1,578.9,592.4
918,3,motorcycle,0.4325,547.6,564.9,588.0,600.4
918,4,other_vehicle,0.4312,547.6,564.9,588.0,600.4
918,0,person,0.4027,1192.5,522.0,1214.0,585.3
918,2,large_vehicle,0.3134,951.5,427.1,1023.5,471.5
918,1,car,0.1814,951.5,427.1,1023.5,471.5
919,1,car,0.8354,552.2,496.7,648.8,546.9
919,0,person,0.7019,552.4,544.1,575.2,593.2
919,3,motorcycle,0.4439,544.3,566.0,584.9,601.3
919,2,large_vehicle,0.4029,951.4,427.9,1023.3,471.4
919,4,other_vehicle,0.3889,544.3,566.0,584.9,601.3
919,0,person,0.2817,1192.5,523.5,1213.8,585.0
919,1,car,0.2305,951.4,427.9,1023.3,471.4
920,1,car,0.8385,552.5,496.8,648.8,546.9
920,0,person,0.7010,552.4,544.2,575.1,593.2
920,3,motorcycle,0.4375,544.4,566.1,584.9,601.3
920,2,large_vehicle,0.4116,951.4,427.8,1023.4,471.3
920,4,other_vehicle,0.3943,544.4,566.1,584.9,601.3
920,0,person,0.2703,1192.5,523.8,1213.7,584.9
920,1,car,0.2145,951.4,427.8,1023.4,471.3
921,1,car,0.8531,554.1,496.9,648.4,547.3
921,0,person,0.6480,549.4,543.7,571.1,592.4
921,3,motorcycle,0.4339,540.4,566.7,584.2,601.9
921,4,other_vehicle,0.4240,540.4,566.7,584.2,601.9
921,2,large_vehicle,0.3946,951.0,427.7,1023.5,471.5
921,1,car,0.2024,951.0,427.7,1023.5,471.5
921,0,person,0.1395,1192.3,524.9,1213.2,585.0
922,1,car,0.8516,554.8,496.7,648.7,547.4
922,0,person,0.6381,549.4,543.8,571.1,592.4
922,3,motorcycle,0.4412,540.4,566.8,584.1,601.9
922,2,large_vehicle,0.4254,951.4,427.7,1023.3,471.5
922,4,other_vehicle,0.4138,540.4,566.8,584.1,601.9
922,1,car,0.1768,951.4,427.7,1023.3,471.5
922,0,person,0.1291,1192.3,525.2,1213.2,585.1
922,0,person,0.1029,547.3,545.1,568.0,592.3
923,1,car,0.8499,554.9,496.7,648.7,547.4
923,0,person,0.6367,549.4,543.8,571.1,592.5
923,3,motorcycle,0.4361,540.4,566.8,584.1,601.9
923,2,large_vehicle,0.4311,951.5,427.7,1023.3,471.5
923,4,other_vehicle,0.4181,540.4,566.8,584.1,601.9
923,1,car,0.1725,951.5,427.7,1023.3,471.5
923,0,person,0.1288,1192.3,525.3,1213.3,585.0
923,0,person,0.1041,547.3,545.1,568.0,592.3
924,1,car,0.8513,554.4,496.4,648.7,547.3
924,0,person,0.6251,546.7,545.3,567.5,590.7
924,3,motorcycle,0.4549,536.8,566.1,574.6,602.3
924,2,large_vehicle,0.4118,951.4,427.7,1023.2,471.5
924,4,other_vehicle,0.4011,536.8,566.1,574.6,602.3
924,1,car,0.2075,951.4,427.7,1023.2,471.5
924,0,person,0.1520,1192.3,527.0,1212.5,585.1
925,1,car,0.8207,554.0,496.2,648.7,547.3
925,0,person,0.6223,546.6,545.3,567.5,590.9
925,3,motorcycle,0.4541,536.6,566.0,574.4,602.3
925,2,large_vehicle,0.4187,951.3,427.4,1023.4,471.5
925,4,other_vehicle,0.4047,536.6,566.0,574.4,602.3
925,0,person,0.2054,1192.2,526.5,1212.6,585.1
925,1,car,0.1913,951.3,427.4,1023.4,471.5
926,1,car,0.7784,552.9,495.9,648.7,547.0
926,0,person,0.6755,542.6,546.3,563.5,592.4
926,4,other_vehicle,0.5019,531.6,565.3,572.8,602.8
926,3,motorcycle,0.3658,531.6,565.3,572.8,602.8
926,2,large_vehicle,0.3647,951.6,427.2,1023.7,471.6
926,1,car,0.1680,951.6,427.2,1023.7,471.6
927,1,car,0.7674,552.7,495.9,648.4,547.0
927,0,person,0.6731,542.6,546.3,563.5,592.4
927,4,other_vehicle,0.4919,531.8,565.4,572.8,602.8
927,3,motorcycle,0.3727,531.8,565.4,572.8,602.8
927,2,large_vehicle,0.3519,951.6,427.3,1024.0,471.5
927,1,car,0.1779,951.6,427.3,1024.0,471.5
928,1,car,0.7812,552.5,495.9,648.5,547.0
928,0,person,0.6730,542.6,546.4,563.5,592.3
928,4,other_vehicle,0.4958,531.9,565.3,572.3,602.8
928,2,large_vehicle,0.4002,951.4,427.2,1024.1,471.6
928,3,motorcycle,0.3697,531.9,565.3,572.3,602.8
928,1,car,0.1564,951.4,427.2,1024.1,471.6
929,1,car,0.8013,553.8,496.2,648.3,547.2
929,0,person,0.5179,535.5,547.0,558.3,594.4
929,4,other_vehicle,0.5018,528.9,564.7,566.9,603.0
929,3,motorcycle,0.3777,528.9,564.7,566.9,603.0
929,2,large_vehicle,0.3612,950.8,427.2,1024.2,471.5
929,0,person,0.2198,538.1,546.9,560.3,594.2
929,1,car,0.1846,950.8,427.2,1024.2,471.5
930,1,car,0.7983,553.1,495.9,648.4,547.2
930,0,person,0.5220,535.5,547.0,558.4,594.5
930,4,other_vehicle,0.5055,528.9,564.6,566.9,603.0
930,2,large_vehicle,0.3810,950.8,427.4,1024.4,471.5
930,3,motorcycle,0.3724,528.9,564.6,566.9,603.0
930,0,person,0.2115,538.0,546.8,560.3,594.2
930,1,car,0.1987,950.8,427.4,1024.4,471.5
931,1,car,0.8532,555.8,496.6,648.2,547.3
931,0,person,0.6019,535.0,546.8,556.7,593.7
931,3,motorcycle,0.4442,526.2,566.2,563.3,603.8
931,4,other_vehicle,0.4044,526.2,566.2,563.3,603.8
931,2,large_vehicle,0.3319,951.3,427.3,1024.5,471.4
931,1,car,0.2395,951.3,427.3,1024.5,471.4
931,0,person,0.1510,1191.2,534.2,1210.8,584.1
931,0,person,0.1135,536.5,546.8,554.3,583.5
932,1,car,0.8534,555.9,496.6,648.2,547.3
932,0,person,0.6018,535.1,546.8,556.7,593.7
932,3,motorcycle,0.4433,526.2,566.2,563.3,603.8
932,4,other_vehicle,0.4049,526.2,566.2,563.3,603.8
932,2,large_vehicle,0.3312,951.3,427.3,1024.4,471.4
932,1,car,0.2365,951.3,427.3,1024.4,471.4
932,0,person,0.1523,1191.3,534.3,1210.7,584.0
932,0,person,0.1133,536.5,546.8,554.3,583.5
933,1,car,0.8524,555.9,496.6,648.2,547.3
933,0,person,0.5996,535.1,546.8,556.7,593.6
933,3,motorcycle,0.4481,526.1,566.2,563.2,603.7
933,4,other_vehicle,0.4035,526.1,566.2,563.2,603.7
933,2,large_vehicle,0.3467,951.2,427.3,1024.6,471.4
933,1,car,0.2610,951.2,427.3,1024.6,471.4
933,0,person,0.1496,1191.2,534.5,1210.8,583.8
933,0,person,0.1118,536.6,546.7,554.3,583.4
934,1,car,0.8427,558.1,496.4,648.1,547.3
934,0,person,0.6456,531.3,548.1,552.5,596.3
934,4,other_vehicle,0.4187,521.8,568.8,562.4,604.5
934,1,car,0.3519,1182.9,496.2,1267.4,553.6
934,2,large_vehicle,0.3437,951.6,427.4,1024.4,471.4
934,1,car,0.2876,951.6,427.4,1024.4,471.4
934,3,motorcycle,0.2251,521.8,568.8,562.4,604.5
934,4,other_vehicle,0.1917,521.7,570.5,562.8,604.4
934,1,car,0.1473,1183.9,504.5,1258.6,553.4
934,0,person,0.1355,1191.7,537.7,1210.8,584.4
935,1,car,0.8422,558.4,496.5,648.2,547.3
935,0,person,0.6469,531.3,548.2,552.4,596.3
935,1,car,0.3848,1183.0,497.5,1268.4,553.5
935,2,large_vehicle,0.3574,951.6,427.3,1024.4,471.5
935,4,other_vehicle,0.3360,521.6,570.7,562.7,604.4
935,1,car,0.2734,951.6,427.3,1024.4,471.5
935,1,car,0.1947,1183.9,504.7,1259.6,553.3
935,3,motorcycle,0.1798,521.6,570.7,562.7,604.4
935,0,person,0.1559,1191.8,539.0,1210.4,584.4
935,4,other_vehicle,0.1462,521.8,569.1,562.2,604.5
936,1,car,0.7644,556.3,496.0,648.3,547.3
936,0,person,0.6353,526.2,548.1,550.3,599.2
936,4,other_vehicle,0.4814,518.4,569.7,560.4,605.6
936,2,large_vehicle,0.3349,951.2,426.6,1024.4,471.4
936,1,car,0.2485,951.2,426.6,1024.4,471.4
936,0,person,0.1817,524.0,548.3,547.0,598.9
936,3,motorcycle,0.1504,518.4,569.7,560.4,605.6
937,1,car,0.7763,555.0,495.7,648.5,547.3
937,0,person,0.6415,525.9,548.2,550.3,599.4
937,4,other_vehicle,0.5261,518.5,569.3,560.5,606.1
937,2,large_vehicle,0.3515,951.4,426.8,1024.3,471.4
937,1,car,0.2385,951.4,426.8,1024.3,471.4
937,0,person,0.1927,523.9,548.5,547.2,599.0
937,3,motorcycle,0.1551,518.5,569.3,560.5,606.1
938,1,car,0.7795,555.5,495.8,648.5,547.3
938,0,person,0.6406,526.0,548.2,550.3,599.3
938,4,other_vehicle,0.5128,518.5,569.4,560.4,606.0
938,2,large_vehicle,0.3499,951.4,426.8,1024.3,471.4
938,1,car,0.2412,951.4,426.8,1024.3,471.4
938,0,person,0.1928,523.9,548.5,547.2,598.9
938,3,motorcycle,0.1489,518.5,569.4,560.4,606.0
939,1,car,0.7595,553.8,495.3,648.3,547.2
939,0,person,0.6517,523.0,548.6,546.5,600.0
939,4,other_vehicle,0.4553,514.9,568.3,555.5,606.9
939,2,large_vehicle,0.3941,951.3,427.4,1023.9,471.4
939,1,car,0.3834,1174.4,496.0,1272.2,556.2
939,3,motorcycle,0.3531,514.9,568.3,555.5,606.9
939,1,car,0.2042,951.3,427.4,1023.9,471.4
940,1,car,0.7865,554.6,495.4,648.4,547.3
940,0,person,0.6529,523.1,548.6,546.5,599.9
940,4,other_vehicle,0.4512,514.9,568.4,555.3,606.8
940,1,car,0.3925,1174.4,496.1,1272.4,556.2
940,2,large_vehicle,0.3733,951.5,427.4,1024.1,471.4
940,3,motorcycle,0.3440,514.9,568.4,555.3,606.8
940,1,car,0.2288,951.5,427.4,1024.1,471.4
941,1,car,0.8442,555.5,496.0,648.2,547.3
941,0,person,0.6577,520.4,548.7,543.1,602.0
941,1,car,0.5533,1167.8,497.5,1266.4,559.1
941,4,other_vehicle,0.4913,510.9,572.3,551.2,607.2
941,1,car,0.3566,951.2,427.3,1024.4,471.4
941,2,large_vehicle,0.2813,951.2,427.3,1024.4,471.4
941,3,motorcycle,0.2044,510.9,572.3,551.2,607.2
942,1,car,0.8452,555.4,496.1,648.2,547.3
942,0,person,0.6522,520.5,548.7,543.1,602.0
942,1,car,0.5492,1167.8,497.4,1266.6,559.1
942,4,other_vehicle,0.4866,510.9,572.2,551.1,607.2
942,1,car,0.3604,951.2,427.3,1024.3,471.4
942,2,large_vehicle,0.2896,951.2,427.3,1024.3,471.4
942,3,motorcycle,0.2031,510.9,572.2,551.1,607.2
943,1,car,0.8407,554.4,495.4,648.4,547.6
943,0,person,0.6633,515.5,549.1,538.7,599.6
943,3,motorcycle,0.4399,508.0,569.9,550.0,606.8
943,1,car,0.4032,1162.1,501.3,1247.2,560.0
943,2,large_vehicle,0.3498,951.5,426.7,1024.2,471.4
943,1,car,0.2750,951.5,426.7,1024.2,471.4
943,4,other_vehicle,0.2661,508.0,569.9,550.0,606.8
943,0,person,0.2234,1192.5,541.6,1210.6,584.6
943,0,person,0.1129,513.3,549.5,535.2,598.6
944,1,car,0.8441,554.0,495.3,648.4,547.5
944,0,person,0.6620,515.5,549.3,538.8,599.7
944,3,motorcycle,0.4489,508.0,569.9,550.3,606.8
944,1,car,0.4038,1162.1,501.5,1247.6,559.9
944,2,large_vehicle,0.3451,951.5,426.8,1024.2,471.5
944,1,car,0.2830,951.5,426.8,1024.2,471.5
944,4,other_vehicle,0.2737,508.0,569.9,550.3,606.8
944,0,person,0.2389,1192.7,541.9,1210.7,584.5
944,0,person,0.1132,513.4,549.5,535.3,598.7
945,1,car,0.8043,555.3,496.1,648.3,547.3
945,0,person,0.7110,511.4,549.9,533.6,596.8
945,1,car,0.5947,1157.5,503.8,1246.4,563.3
945,3,motorcycle,0.5600,504.7,569.7,542.0,606.7
945,2,large_vehicle,0.3704,951.7,426.5,1024.2,471.4
945,1,car,0.2770,951.7,426.5,1024.2,471.4
945,0,person,0.1688,1193.7,545.1,1211.0,584.0
945,4,other_vehicle,0.1684,504.7,569.7,542.0,606.7
946,1,car,0.8110,554.5,495.7,648.5,547.3
946,0,person,0.7131,511.3,549.8,533.6,596.8
946,1,car,0.5997,1157.5,504.0,1245.4,563.3
946,3,motorcycle,0.5638,504.6,569.7,542.1,606.8
946,2,large_vehicle,0.3769,951.7,426.9,1024.2,471.4
946,1,car,0.2603,951.7,426.9,1024.2,471.4
946,4,other_vehicle,0.1681,504.6,569.7,542.1,606.8
946,0,person,0.1621,1193.6,545.2,1210.6,583.9
947,1,car,0.8121,554.4,495.7,648.4,547.3
947,0,person,0.7144,511.3,549.8,533.6,596.8
947,1,car,0.6077,1157.5,503.9,1245.5,563.3
947,3,motorcycle,0.5671,504.6,569.6,542.0,606.8
947,2,large_vehicle,0.3692,951.8,426.9,1024.1,471.4
947,1,car,0.2706,951.8,426.9,1024.1,471.4
947,0,person,0.1835,1193.6,545.3,1210.6,584.2
947,4,other_vehicle,0.1656,504.6,569.6,542.0,606.8
948,1,car,0.7741,557.5,495.8,648.6,547.2
948,0,person,0.7300,508.6,550.3,531.0,599.1
948,1,car,0.7006,1151.2,506.6,1241.1,564.9
948,3,motorcycle,0.3715,498.2,571.7,539.3,607.1
948,2,large_vehicle,0.3319,951.5,427.4,1023.9,471.4
948,4,other_vehicle,0.2988,498.2,571.7,539.3,607.1
948,1,car,0.2887,951.5,427.4,1023.9,471.4
949,1,car,0.7773,557.9,495.8,648.6,547.2
949,0,person,0.7304,508.6,550.3,531.1,599.2
949,1,car,0.6835,1151.2,506.6,1240.7,564.9
949,3,motorcycle,0.3818,498.3,571.7,539.3,607.1
949,2,large_vehicle,0.3084,951.7,427.6,1023.8,471.4
949,1,car,0.3062,951.7,427.6,1023.8,471.4
949,4,other_vehicle,0.2871,498.3,571.7,539.3,607.1
950,1,car,0.8349,557.1,496.3,648.3,547.3
950,1,car,0.5786,1144.6,509.7,1227.4,568.2
950,0,person,0.5722,505.5,551.0,527.3,599.2
950,3,motorcycle,0.4546,496.3,572.5,537.7,607.1
950,1,car,0.3684,951.7,427.7,1023.8,471.4
950,2,large_vehicle,0.2646,951.7,427.7,1023.8,471.4
950,4,other_vehicle,0.1299,496.3,572.5,537.7,607.1
950,0,person,0.1038,503.0,551.2,523.0,597.9
951,1,car,0.8528,555.9,496.3,648.3,547.3
951,0,person,0.5734,505.5,550.9,527.2,599.2
951,3,motorcycle,0.4459,496.0,572.5,537.6,607.2
951,1,car,0.3935,951.7,427.8,1023.8,471.4
951,1,car,0.3198,1144.7,510.2,1221.1,568.4
951,1,car,0.2714,1144.6,509.8,1226.6,568.2
951,2,large_vehicle,0.2522,951.7,427.8,1023.8,471.4
951,4,other_vehicle,0.1387,496.0,572.5,537.6,607.2
951,0,person,0.1038,503.0,551.2,523.0,598.0
952,1,car,0.8414,556.4,495.9,648.3,547.3
952,0,person,0.5848,505.5,551.0,527.4,599.3
952,3,motorcycle,0.4845,496.2,572.1,537.8,607.1
952,1,car,0.3563,951.7,427.4,1023.8,471.4
952,1,car,0.3209,1144.7,509.8,1227.1,568.2
952,2,large_vehicle,0.2990,951.7,427.4,1023.8,471.4
952,1,car,0.2690,1144.7,510.2,1221.1,568.3
952,4,other_vehicle,0.1346,496.2,572.1,537.8,607.1
952,0,person,0.1017,502.9,551.3,523.1,598.2
953,1,car,0.8471,555.3,495.4,648.5,547.4
953,3,motorcycle,0.5953,496.9,571.0,533.1,607.4
953,0,person,0.5883,502.1,552.0,523.2,598.6
953,1,car,0.5014,1139.6,511.5,1214.4,570.0
953,1,car,0.3591,951.9,427.2,1024.0,471.4
953,2,large_vehicle,0.3268,951.9,427.2,1024.0,471.4
953,0,person,0.2116,1192.8,540.2,1211.5,584.4
953,2,large_vehicle,0.1714,1139.6,511.5,1214.4,570.0
954,1,car,0.8529,554.7,495.3,648.4,547.4
954,3,motorcycle,0.5961,496.8,570.9,533.2,607.4
954,0,person,0.5947,502.0,551.9,523.3,598.7
954,1,car,0.5084,1139.6,511.5,1214.7,570.0
954,1,car,0.3774,951.8,427.0,1023.9,471.4
954,2,large_vehicle,0.3106,951.8,427.0,1023.9,471.4
954,0,person,0.1903,1192.8,540.0,1211.5,584.3
954,2,large_vehicle,0.1773,1139.6,511.5,1214.7,570.0
955,1,car,0.7347,559.1,495.8,648.0,547.2
955,1,car,0.6523,1130.6,512.7,1212.3,572.2
955,0,person,0.5017,499.4,551.7,520.7,600.7
955,3,motorcycle,0.4660,493.9,571.3,528.4,607.9
955,2,large_vehicle,0.3529,952.0,426.8,1023.7,471.5
955,1,car,0.3119,952.0,426.8,1023.7,471.5
955,0,person,0.1191,498.6,551.9,521.1,601.9
955,4,other_vehicle,0.1006,493.9,571.3,528.4,607.9
956,1,car,0.7007,559.4,496.0,648.0,547.3
956,1,car,0.6527,1130.6,512.7,1212.4,572.2
956,0,person,0.5015,499.4,551.7,520.7,600.7
956,3,motorcycle,0.4669,493.9,571.4,528.4,607.9
956,2,large_vehicle,0.3522,952.1,426.8,1023.7,471.5
956,1,car,0.3168,952.1,426.8,1023.7,471.5
956,0,person,0.1169,498.6,551.9,521.1,601.9
956,4,other_vehicle,0.1001,493.9,571.4,528.4,607.9
957,1,car,0.7419,559.5,495.9,648.2,547.3
957,1,car,0.6459,1130.6,512.6,1212.6,572.2
957,0,person,0.5419,499.4,551.8,520.8,600.7
957,3,motorcycle,0.4738,493.9,571.4,528.6,607.8
957,2,large_vehicle,0.3547,951.9,426.7,1023.8,471.4
957,1,car,0.3153,951.9,426.7,1023.8,471.4
958,1,car,0.7715,556.9,495.2,648.7,547.3
958,0,person,0.6044,495.7,552.0,521.1,606.9
958,4,other_vehicle,0.4000,1125.7,516.5,1196.8,575.5
958,1,car,0.3113,951.8,427.2,1023.9,471.4
958,2,large_vehicle,0.2783,951.8,427.2,1023.9,471.4
958,1,car,0.2315,1126.8,516.5,1196.8,575.3
958,3,motorcycle,0.2175,488.3,571.3,528.4,608.7
958,4,other_vehicle,0.1765,488.3,571.3,528.4,608.7
958,4,other_vehicle,0.1700,1126.8,516.5,1196.8,575.3
958,0,person,0.1138,492.0,553.3,514.9,604.4
958,2,large_vehicle,0.1095,1125.7,516.5,1196.8,575.5
959,1,car,0.7778,556.7,495.4,648.5,547.3
959,0,person,0.6213,495.8,552.0,521.0,606.7
959,4,other_vehicle,0.3473,1125.7,516.6,1196.4,575.5
959,1,car,0.3130,951.8,427.2,1023.9,471.4
959,2,large_vehicle,0.2792,951.8,427.2,1023.9,471.4
959,1,car,0.2749,1126.8,516.6,1196.4,575.3
959,3,motorcycle,0.2132,488.0,571.5,528.4,608.9
959,4,other_vehicle,0.1972,1126.8,516.6,1196.4,575.3
959,4,other_vehicle,0.1832,488.0,571.5,528.4,608.9
960,1,car,0.8304,556.5,495.8,648.7,547.2
960,0,person,0.6197,492.4,552.4,515.1,604.3
960,1,car,0.4116,951.6,427.6,1024.2,471.4
960,1,car,0.3976,1119.3,518.3,1190.5,577.0
960,3,motorcycle,0.3826,480.1,572.1,527.0,608.7
960,4,other_vehicle,0.3002,480.1,572.1,527.0,608.7
960,4,other_vehicle,0.2572,1119.3,518.3,1190.5,577.0
960,2,large_vehicle,0.2143,951.6,427.6,1024.2,471.4
960,0,person,0.2131,490.7,552.8,512.7,603.6
960,2,large_vehicle,0.1114,1119.3,518.3,1190.5,577.0
961,1,car,0.8170,556.4,495.5,648.6,547.2
961,0,person,0.6007,492.5,552.5,515.1,604.4
961,1,car,0.3919,1119.3,518.2,1190.5,576.9
961,1,car,0.3916,951.9,427.4,1024.0,471.4
961,3,motorcycle,0.3445,480.0,572.2,526.8,608.8
961,4,other_vehicle,0.2633,480.0,572.2,526.8,608.8
961,2,large_vehicle,0.2499,951.9,427.4,1024.0,471.4
961,4,other_vehicle,0.2482,1119.3,518.2,1190.5,576.9
961,0,person,0.1799,490.6,552.8,512.7,603.6
961,2,large_vehicle,0.1209,1119.3,518.2,1190.5,576.9
962,1,car,0.8139,556.3,495.5,648.7,547.2
962,0,person,0.6017,492.4,552.4,515.1,604.4
962,1,car,0.4057,951.9,427.7,1024.0,471.4
962,1,car,0.3848,1119.3,518.1,1190.5,576.9
962,3,motorcycle,0.3454,480.1,572.2,526.8,608.8
962,4,other_vehicle,0.2671,480.1,572.2,526.8,608.8
962,4,other_vehicle,0.2448,1119.3,518.1,1190.5,576.9
962,2,large_vehicle,0.2243,951.9,427.7,1024.0,471.4
962,0,person,0.1711,490.6,552.8,512.7,603.7
962,2,large_vehicle,0.1211,1119.3,518.1,1190.5,576.9
963,1,car,0.8391,553.8,495.0,648.3,547.3
963,0,person,0.6170,488.2,552.9,512.0,604.7
963,3,motorcycle,0.4530,481.3,572.0,521.5,608.7
963,1,car,0.4132,1112.3,519.7,1186.0,580.0
963,1,car,0.3746,952.0,427.2,1024.0,471.5
963,2,large_vehicle,0.3022,952.0,427.2,1024.0,471.5
963,4,other_vehicle,0.2242,481.3,572.0,521.5,608.7
963,2,large_vehicle,0.1973,1112.3,519.7,1186.0,580.0
964,1,car,0.8278,554.0,495.0,648.3,547.3
964,0,person,0.6020,488.2,553.0,512.0,604.7
964,3,motorcycle,0.4537,481.4,572.0,521.6,608.7
964,1,car,0.3709,1112.3,519.7,1186.5,580.0
964,1,car,0.3424,951.9,427.1,1023.8,471.5
964,2,large_vehicle,0.3228,951.9,427.1,1023.8,471.5
964,4,other_vehicle,0.2302,481.4,572.0,521.6,608.7
964,2,large_vehicle,0.2299,1112.3,519.7,1186.5,580.0
965,1,car,0.7471,556.7,495.1,648.3,547.2
965,0,person,0.6500,485.9,552.3,509.3,605.0
965,1,car,0.6322,1104.6,522.5,1180.5,581.1
965,3,motorcycle,0.3476,479.9,572.2,516.3,608.8
965,1,car,0.3396,951.9,426.8,1023.8,471.4
965,2,large_vehicle,0.3303,951.9,426.8,1023.8,471.4
965,4,other_vehicle,0.1170,479.9,572.2,516.3,608.8
965,2,large_vehicle,0.1166,1104.6,522.5,1180.5,581.1
965,4,other_vehicle,0.1030,1104.6,522.5,1180.5,581.1
966,1,car,0.7320,558.5,495.4,648.0,547.1
966,0,person,0.6419,486.1,552.4,509.4,605.1
966,1,car,0.6303,1104.5,522.5,1180.5,581.1
966,1,car,0.3529,951.6,426.6,1023.8,471.4
966,2,large_vehicle,0.3395,951.6,426.6,1023.8,471.4
966,3,motorcycle,0.3296,480.0,572.3,516.4,608.7
966,2,large_vehicle,0.1278,1104.5,522.5,1180.5,581.1
966,4,other_vehicle,0.1174,480.0,572.3,516.4,608.7
966,4,other_vehicle,0.1104,1104.5,522.5,1180.5,581.1
967,1,car,0.7517,554.3,494.8,648.5,547.2
967,0,person,0.6305,483.7,553.5,505.6,605.5
967,1,car,0.3393,1098.8,523.0,1173.6,584.4
967,1,car,0.3308,951.6,427.0,1024.0,471.5
967,2,large_vehicle,0.3246,951.6,427.0,1024.0,471.5
967,2,large_vehicle,0.3241,1098.8,523.0,1173.6,584.4
967,4,other_vehicle,0.1628,475.3,571.8,513.4,609.9
967,4,other_vehicle,0.1237,1098.8,523.0,1173.6,584.4
968,1,car,0.7535,554.1,494.8,648.6,547.2
968,0,person,0.6346,483.7,553.4,505.6,605.4
968,1,car,0.4012,1099.0,522.7,1173.7,584.4
968,2,large_vehicle,0.3300,951.6,426.9,1023.9,471.5
968,1,car,0.3261,951.6,426.9,1023.9,471.5
968,2,large_vehicle,0.3003,1099.0,522.7,1173.7,584.4
968,4,other_vehicle,0.1371,475.4,571.6,513.4,609.9
969,1,car,0.8472,555.6,495.4,648.3,547.1
969,0,person,0.5977,477.9,553.9,502.3,605.7
969,1,car,0.3608,951.7,427.2,1024.0,471.4
969,4,other_vehicle,0.3438,1091.1,525.7,1169.1,587.6
969,2,large_vehicle,0.2902,951.7,427.2,1024.0,471.4
969,2,large_vehicle,0.2224,1091.1,525.7,1169.1,587.6
969,1,car,0.2084,1091.1,525.7,1169.1,587.6
970,1,car,0.8389,555.5,495.2,648.5,547.1
970,0,person,0.5908,478.0,553.9,502.3,605.8
970,1,car,0.3636,952.0,427.2,1024.0,471.4
970,4,other_vehicle,0.3419,1091.1,525.7,1169.3,587.6
970,2,large_vehicle,0.2877,952.0,427.2,1024.0,471.4
970,1,car,0.2177,1091.1,525.7,1169.3,587.6
970,2,large_vehicle,0.2098,1091.1,525.7,1169.3,587.6
970,4,other_vehicle,0.1137,474.8,568.5,501.0,609.4
971,1,car,0.8403,555.5,495.2,648.5,547.1
971,0,person,0.5911,478.0,553.9,502.3,605.9
971,1,car,0.3524,952.0,427.1,1023.9,471.4
971,4,other_vehicle,0.3493,1091.1,525.7,1169.4,587.6
971,2,large_vehicle,0.2975,952.0,427.1,1023.9,471.4
971,1,car,0.2133,1091.1,525.7,1169.4,587.6
971,2,large_vehicle,0.2090,1091.1,525.7,1169.4,587.6
971,4,other_vehicle,0.1121,474.9,568.4,501.0,609.4
972,1,car,0.8142,554.9,494.3,648.5,547.2
972,0,person,0.5931,478.8,554.6,499.9,604.4
972,2,large_vehicle,0.3631,952.0,427.2,1023.8,471.4
972,1,car,0.3209,952.0,427.2,1023.8,471.4
972,4,other_vehicle,0.3048,1083.4,526.9,1163.5,588.9
972,2,large_vehicle,0.2373,1083.4,526.9,1163.5,588.9
972,1,car,0.2199,1083.4,526.9,1163.5,588.9
972,4,other_vehicle,0.1141,472.7,569.9,503.7,607.5
973,1,car,0.8017,556.1,494.4,648.4,547.3
973,0,person,0.5903,478.8,554.6,499.9,604.5
973,1,car,0.3456,951.8,427.1,1023.7,471.4
973,2,large_vehicle,0.3340,951.8,427.1,1023.7,471.4
973,4,other_vehicle,0.2715,1083.4,526.8,1164.0,588.9
973,1,car,0.2502,1083.4,526.8,1164.0,588.9
973,2,large_vehicle,0.2390,1083.4,526.8,1164.0,588.9
973,0,person,0.1119,1193.0,540.4,1212.3,584.2
973,4,other_vehicle,0.1047,472.6,570.0,503.5,607.5
974,0,person,0.5825,477.1,553.4,498.7,606.5
974,1,car,0.5558,561.8,495.1,648.3,547.2
974,1,car,0.3353,1075.3,529.5,1157.9,592.8
974,2,large_vehicle,0.3297,951.7,427.2,1023.4,471.4
974,1,car,0.3075,951.7,427.2,1023.4,471.4
974,2,large_vehicle,0.2181,1075.3,529.5,1157.9,592.8
974,4,other_vehicle,0.1734,1075.3,529.5,1157.9,592.8
974,0,person,0.1273,1192.9,538.3,1212.4,584.1
975,1,car,0.6853,560.2,495.0,648.3,547.1
975,0,person,0.5791,477.0,553.4,498.7,606.6
975,2,large_vehicle,0.3347,951.8,427.1,1023.5,471.4
975,1,car,0.3169,1075.4,529.5,1157.9,592.8
975,1,car,0.3075,951.8,427.1,1023.5,471.4
975,2,large_vehicle,0.2331,1075.4,529.5,1157.9,592.8
975,4,other_vehicle,0.1775,1075.4,529.5,1157.9,592.8
976,1,car,0.7073,559.7,495.0,648.5,547.1
976,0,person,0.5801,476.9,553.4,499.0,606.8
976,2,large_vehicle,0.3752,952.0,426.8,1023.4,471.3
976,1,car,0.3394,1075.3,529.5,1157.9,592.8
976,1,car,0.2868,952.0,426.8,1023.4,471.3
976,2,large_vehicle,0.2182,1075.3,529.5,1157.9,592.8
976,4,other_vehicle,0.1700,1075.3,529.5,1157.9,592.8
977,1,car,0.6332,1067.4,530.2,1150.7,595.8
977,0,person,0.6197,472.1,553.9,493.7,607.3
977,1,car,0.4127,562.5,495.2,648.9,547.1
977,2,large_vehicle,0.3753,951.7,427.4,1023.0,471.3
977,1,car,0.2681,951.7,427.4,1023.0,471.3
977,0,person,0.1265,1192.8,525.5,1213.4,583.1
977,1,car,0.1261,563.6,494.6,648.5,546.8
977,4,other_vehicle,0.1173,465.6,572.9,501.6,611.2
977,2,large_vehicle,0.1134,1067.4,530.2,1150.7,595.8
977,0,person,0.1018,468.9,554.1,490.5,606.1
978,1,car,0.6464,1067.4,530.2,1150.8,595.8
978,0,person,0.6190,472.1,554.0,493.8,607.5
978,1,car,0.4744,561.7,495.2,648.9,547.0
978,2,large_vehicle,0.3933,951.7,427.0,1023.2,471.2
978,1,car,0.2638,951.7,427.0,1023.2,471.2
978,0,person,0.1240,1192.9,525.6,1213.4,583.0
978,1,car,0.1141,563.5,494.7,648.5,546.8
978,2,large_vehicle,0.1035,1067.4,530.2,1150.8,595.8
979,1,car,0.8098,556.1,495.2,648.3,547.3
979,0,person,0.6029,471.1,554.6,491.8,607.0
979,1,car,0.5616,1058.3,531.8,1144.0,597.8
979,2,large_vehicle,0.3500,951.7,427.1,1023.1,471.3
979,1,car,0.2920,951.7,427.1,1023.1,471.3
979,4,other_vehicle,0.1088,1058.3,531.8,1144.0,597.8
980,1,car,0.8089,556.4,495.2,648.3,547.3
980,0,person,0.6029,471.1,554.6,491.8,607.0
980,1,car,0.5707,1058.4,531.8,1143.9,597.8
980,2,large_vehicle,0.3473,951.7,427.2,1023.2,471.3
980,1,car,0.3043,951.7,427.2,1023.2,471.3
980,4,other_vehicle,0.1026,1058.4,531.8,1143.9,597.8
981,1,car,0.8178,557.4,495.2,648.3,547.3
981,0,person,0.6061,471.1,554.6,491.9,607.1
981,1,car,0.5814,1058.3,531.8,1144.0,597.7
981,2,large_vehicle,0.3424,951.7,427.3,1023.1,471.3
981,1,car,0.3027,951.7,427.3,1023.1,471.3
982,1,car,0.7750,557.9,493.8,648.4,547.3
982,1,car,0.5633,1051.1,534.1,1138.6,601.4
982,0,person,0.4862,469.3,554.6,490.9,607.7
982,2,large_vehicle,0.4563,951.9,426.5,1023.3,471.3
982,0,person,0.3827,467.8,555.3,488.9,607.6
982,1,car,0.2129,951.9,426.5,1023.3,471.3
982,2,large_vehicle,0.1868,1051.1,534.1,1138.6,601.4
982,0,person,0.1608,1192.9,525.2,1213.7,583.2
983,1,car,0.7758,557.7,493.8,648.3,547.3
983,1,car,0.5965,1051.1,534.2,1138.4,601.4
983,0,person,0.4813,469.3,554.6,491.0,607.7
983,2,large_vehicle,0.4419,951.8,426.6,1023.3,471.3
983,0,person,0.3923,467.8,555.3,488.9,607.6
983,1,car,0.2211,951.8,426.6,1023.3,471.3
983,2,large_vehicle,0.1666,1051.1,534.2,1138.4,601.4
983,0,person,0.1563,1192.9,525.1,1213.7,583.2
984,1,car,0.6206,560.6,495.0,648.2,547.0
984,0,person,0.6025,466.6,554.6,487.2,608.7
984,1,car,0.4710,1042.7,536.2,1132.8,604.7
984,2,large_vehicle,0.4430,951.4,426.3,1023.2,471.3
984,2,large_vehicle,0.3098,1042.7,536.2,1132.8,604.7
984,1,car,0.2242,951.4,426.3,1023.2,471.3
984,0,person,0.1364,1192.6,524.1,1213.5,583.3
984,2,large_vehicle,0.1250,560.6,495.0,648.2,547.0
985,1,car,0.6702,559.0,494.9,648.3,547.1
985,0,person,0.6213,466.3,554.9,487.0,608.7
985,1,car,0.4743,1042.7,536.2,1132.7,604.7
985,2,large_vehicle,0.4466,951.4,426.3,1023.2,471.3
985,2,large_vehicle,0.3030,1042.7,536.2,1132.7,604.7
985,1,car,0.2115,951.4,426.3,1023.2,471.3
985,0,person,0.1875,1192.7,524.1,1213.6,583.4
985,2,large_vehicle,0.1373,559.0,494.9,648.3,547.1
986,1,car,0.6786,558.2,494.8,648.4,547.0
986,0,person,0.6282,466.3,554.9,487.0,608.7
986,1,car,0.4597,1042.7,536.1,1132.8,604.7
986,2,large_vehicle,0.4441,951.4,426.3,1023.2,471.3
986,2,large_vehicle,0.3128,1042.7,536.1,1132.8,604.7
986,1,car,0.2125,951.4,426.3,1023.2,471.3
986,0,person,0.1943,1192.7,524.1,1213.6,583.4
986,2,large_vehicle,0.1328,558.2,494.8,648.4,547.0
987,1,car,0.6780,560.8,494.8,648.8,546.9
987,0,person,0.6208,461.8,555.1,483.1,607.3
987,1,car,0.4403,1035.0,538.9,1126.6,606.9
987,2,large_vehicle,0.4161,951.7,426.4,1023.5,471.4
987,1,car,0.2264,951.7,426.4,1023.5,471.4
987,2,large_vehicle,0.2168,1035.0,538.9,1126.6,606.9
987,0,person,0.1694,1192.6,524.6,1213.4,583.6
987,4,other_vehicle,0.1650,457.1,573.6,490.5,610.9
987,2,large_vehicle,0.1077,560.8,494.8,648.8,546.9
987,3,motorcycle,0.1042,457.1,573.6,490.5,610.9
988,1,car,0.6876,560.3,494.8,648.6,546.9
988,0,person,0.6293,461.7,555.1,483.0,607.3
988,1,car,0.4241,1035.1,538.9,1126.7,606.9
988,2,large_vehicle,0.4017,951.7,426.3,1023.8,471.4
988,0,person,0.2313,1192.6,524.4,1213.3,583.3
988,2,large_vehicle,0.2211,1035.1,538.9,1126.7,606.9
988,1,car,0.2202,951.7,426.3,1023.8,471.4
988,4,other_vehicle,0.1561,457.1,573.6,489.8,610.9
989,1,car,0.7762,555.6,494.7,648.1,546.9
989,0,person,0.6128,460.4,555.4,480.8,605.1
989,2,large_vehicle,0.3415,952.0,426.9,1023.7,471.4
989,4,other_vehicle,0.3106,454.4,577.3,498.0,611.6
989,4,other_vehicle,0.2826,1025.3,540.8,1117.4,610.3
989,1,car,0.2394,952.0,426.9,1023.7,471.4
989,0,person,0.2062,457.6,556.1,479.3,604.0
989,3,motorcycle,0.1959,454.4,577.3,498.0,611.6
989,2,large_vehicle,0.1921,1025.3,540.8,1117.4,610.3
989,1,car,0.1735,1025.3,540.8,1117.4,610.3
989,0,person,0.1277,1192.8,525.3,1213.0,582.8
990,1,car,0.7966,556.0,495.0,648.0,546.9
990,0,person,0.6166,460.3,555.3,480.8,605.2
990,2,large_vehicle,0.3680,952.0,426.6,1024.1,471.4
990,4,other_vehicle,0.3010,454.5,577.3,498.0,611.6
990,4,other_vehicle,0.2943,1025.3,540.8,1117.3,610.3
990,1,car,0.2320,952.0,426.6,1024.1,471.4
990,3,motorcycle,0.2046,454.5,577.3,498.0,611.6
990,0,person,0.1852,457.6,556.0,479.3,604.1
990,2,large_vehicle,0.1849,1025.3,540.8,1117.3,610.3
990,1,car,0.1758,1025.3,540.8,1117.3,610.3
990,0,person,0.1485,1192.8,525.4,1213.0,582.6
991,1,car,0.7664,557.8,494.1,648.3,547.1
991,1,car,0.6522,1017.7,542.8,1109.1,613.5
991,0,person,0.5563,456.1,555.7,478.3,607.9
991,2,large_vehicle,0.4178,951.8,426.4,1024.1,471.4
991,1,car,0.2092,951.8,426.4,1024.1,471.4
991,4,other_vehicle,0.1648,450.1,574.4,484.5,610.3
991,0,person,0.1521,1192.7,525.4,1213.0,583.4
991,2,large_vehicle,0.1421,1017.7,542.8,1109.1,613.5
991,0,person,0.1377,459.0,555.2,480.4,608.5
992,1,car,0.7660,557.9,494.3,648.3,547.2
992,1,car,0.6649,1017.7,542.9,1109.2,613.6
992,0,person,0.5587,456.2,555.7,478.3,607.9
992,2,large_vehicle,0.4060,951.8,426.4,1024.1,471.4
992,1,car,0.2060,951.8,426.4,1024.1,471.4
992,4,other_vehicle,0.1627,450.2,574.4,484.4,610.3
992,2,large_vehicle,0.1375,1017.7,542.9,1109.2,613.6
992,0,person,0.1323,459.0,555.2,480.3,608.5
992,0,person,0.1318,1192.8,525.7,1212.9,583.4
993,1,car,0.6453,559.9,494.8,648.4,546.7
993,1,car,0.6106,1008.7,546.2,1104.6,615.5
993,0,person,0.5775,455.3,556.0,477.0,607.6
993,2,large_vehicle,0.4417,951.1,426.0,1023.9,471.3
993,0,person,0.2840,1192.6,524.0,1213.5,583.0
993,4,other_vehicle,0.2434,448.5,574.4,484.5,610.8
993,2,large_vehicle,0.2319,1008.7,546.2,1104.6,615.5
993,1,car,0.2179,951.1,426.0,1023.9,471.3
993,2,large_vehicle,0.1324,559.9,494.8,648.4,546.7
994,1,car,0.6780,559.2,494.7,648.4,546.7
994,1,car,0.6085,1008.7,546.2,1104.6,615.5
994,0,person,0.5799,455.3,556.0,477.1,607.7
994,2,large_vehicle,0.4829,951.2,426.0,1023.7,471.3
994,0,person,0.3382,1192.6,523.7,1213.5,583.6
994,2,large_vehicle,0.2343,1008.7,546.2,1104.6,615.5
994,4,other_vehicle,0.2170,449.3,574.1,483.7,610.8
994,1,car,0.1989,951.2,426.0,1023.7,471.3
994,2,large_vehicle,0.1243,559.2,494.7,648.4,546.7
995,1,car,0.6691,559.3,494.7,648.4,546.7
995,1,car,0.6077,1008.7,546.2,1104.5,615.5
995,0,person,0.5805,455.3,556.0,477.1,607.7
995,2,large_vehicle,0.4858,951.3,426.1,1023.7,471.3
995,0,person,0.3308,1192.7,523.8,1213.5,583.6
995,2,large_vehicle,0.2334,1008.7,546.2,1104.5,615.5
995,4,other_vehicle,0.2148,449.4,574.1,483.7,610.7
995,1,car,0.1991,951.3,426.1,1023.7,471.3
995,2,large_vehicle,0.1285,559.3,494.7,648.4,546.7
996,1,car,0.7238,999.1,547.5,1095.3,619.5
996,1,car,0.6364,560.1,494.5,648.5,546.7
996,0,person,0.4837,452.5,556.1,474.8,609.0
996,2,large_vehicle,0.4547,951.6,426.4,1023.4,471.2
996,4,other_vehicle,0.2225,446.3,575.5,482.0,610.4
996,0,person,0.2225,1192.7,523.9,1213.1,583.3
996,1,car,0.2126,951.6,426.4,1023.4,471.2
996,3,motorcycle,0.1846,446.3,575.5,482.0,610.4
996,0,person,0.1771,448.6,556.7,468.5,606.7
996,2,large_vehicle,0.1263,560.1,494.5,648.5,546.7
996,0,person,0.1153,457.6,556.6,479.9,610.8
997,1,car,0.7194,999.1,547.4,1095.4,619.4
997,0,person,0.4851,452.9,556.2,475.0,609.2
997,2,large_vehicle,0.4385,951.8,426.7,1023.3,471.3
997,0,person,0.2601,1192.9,524.2,1213.2,583.2
997,1,car,0.2516,562.4,494.6,648.5,546.8
997,1,car,0.2245,951.8,426.7,1023.3,471.3
997,0,person,0.1700,448.8,557.1,468.3,606.6
997,3,motorcycle,0.1674,447.6,574.8,481.3,610.4
997,4,other_vehicle,0.1535,447.6,574.8,481.3,610.4
997,1,car,0.1412,564.2,494.0,648.6,546.5
997,0,person,0.1188,457.7,556.9,479.8,610.9
998,1,car,0.8095,557.1,494.9,648.2,546.9
998,1,car,0.7053,989.8,549.8,1090.2,622.4
998,0,person,0.5116,450.3,555.4,472.9,608.2
998,2,large_vehicle,0.4230,951.3,426.6,1023.7,471.3
998,0,person,0.3056,447.0,556.3,469.1,607.3
998,0,person,0.2997,1192.7,523.5,1213.3,583.5
998,1,car,0.2457,951.3,426.6,1023.7,471.3
998,4,other_vehicle,0.1776,445.8,572.6,478.9,610.3
998,2,large_vehicle,0.1414,989.8,549.8,1090.2,622.4
998,3,motorcycle,0.1124,445.8,572.6,478.9,610.3
999,1,car,0.8145,556.8,494.9,648.1,546.9
999,1,car,0.6888,989.8,549.8,1090.2,622.4
999,0,person,0.5187,450.3,555.4,473.1,608.3
999,2,large_vehicle,0.3635,951.3,426.7,1023.7,471.2
999,0,person,0.2946,1192.8,523.6,1213.3,583.6
999,0,person,0.2883,447.0,556.3,469.1,607.4
999,1,car,0.2577,951.3,426.7,1023.7,471.2
999,4,other_vehicle,0.1888,445.8,572.6,479.0,610.4
999,2,large_vehicle,0.1557,989.8,549.8,1090.2,622.4
999,3,motorcycle,0.1054,445.8,572.6,479.0,610.4
1000,1,car,0.7880,557.9,494.9,647.7,546.7
1000,1,car,0.6675,989.5,549.5,1090.4,622.5
1000,0,person,0.5413,450.8,555.1,473.0,607.9
1000,2,large_vehicle,0.3048,951.9,427.3,1024.2,471.3
1000,1,car,0.2641,951.9,427.3,1024.2,471.3
1000,0,person,0.2054,447.4,556.1,468.8,606.8
1000,2,large_vehicle,0.1635,989.5,549.5,1090.4,622.5
1000,4,other_vehicle,0.1317,446.6,571.7,478.9,610.0
1000,3,motorcycle,0.1132,446.6,571.7,478.9,610.0
1000,0,person,0.1118,1193.3,535.3,1212.7,584.0
1001,1,car,0.7789,555.8,493.8,648.0,546.7
1001,0,person,0.5531,450.1,555.1,470.6,607.0
1001,1,car,0.5495,979.9,552.1,1081.4,625.4
1001,2,large_vehicle,0.3719,952.1,427.0,1024.4,471.3
1001,2,large_vehicle,0.2973,979.9,552.1,1081.4,625.4
1001,1,car,0.2550,952.1,427.0,1024.4,471.3
1001,0,person,0.2268,1193.1,523.3,1214.2,584.2
1001,0,person,0.2058,445.7,556.4,466.3,604.7
1002,1,car,0.7791,555.7,493.9,648.1,546.7
1002,0,person,0.5608,450.1,555.1,470.6,607.1
1002,1,car,0.5150,979.9,552.1,1080.9,625.4
1002,2,large_vehicle,0.3759,952.1,427.1,1024.4,471.3
1002,2,large_vehicle,0.3294,979.9,552.1,1080.9,625.4
1002,1,car,0.2502,952.1,427.1,1024.4,471.3
1002,0,person,0.2312,1193.1,523.1,1214.3,583.8
1002,0,person,0.2042,445.6,556.3,466.5,604.8
1003,1,car,0.6565,560.4,494.8,647.9,546.5
1003,1,car,0.6094,970.1,554.2,1075.7,628.3
1003,0,person,0.4900,448.7,555.1,469.4,607.1
1003,2,large_vehicle,0.3945,952.0,426.8,1024.5,471.3
1003,0,person,0.3709,445.4,555.7,467.6,606.8
1003,0,person,0.2823,1193.2,523.2,1214.2,583.6
1003,1,car,0.2523,952.0,426.8,1024.5,471.3
1003,2,large_vehicle,0.1626,560.4,494.8,647.9,546.5
1003,2,large_vehicle,0.1430,970.1,554.2,1075.7,628.3
1004,1,car,0.6629,560.6,494.7,648.1,546.6
1004,1,car,0.6252,970.2,554.2,1075.8,628.3
1004,0,person,0.4694,448.8,555.1,469.5,606.9
1004,2,large_vehicle,0.4028,951.8,426.7,1024.4,471.3
1004,0,person,0.3937,445.3,555.7,467.6,606.7
1004,0,person,0.2953,1193.3,523.8,1214.1,583.7
1004,1,car,0.2427,951.8,426.7,1024.4,471.3
1004,2,large_vehicle,0.1506,560.6,494.7,648.1,546.6
1004,2,large_vehicle,0.1341,970.2,554.2,1075.8,628.3
1005,1,car,0.8404,958.6,557.4,1065.0,631.1
1005,1,car,0.6782,560.0,494.0,648.8,546.5
1005,0,person,0.4828,1193.1,522.7,1214.9,583.8
1005,0,person,0.4520,444.3,554.8,466.7,609.0
1005,2,large_vehicle,0.4165,951.8,426.2,1024.2,471.3
1005,0,person,0.3694,447.3,554.5,469.5,609.3
1005,1,car,0.2246,951.8,426.2,1024.2,471.3
1005,2,large_vehicle,0.1244,560.0,494.0,648.8,546.5
1005,0,person,0.1065,439.7,555.1,457.5,606.2
1006,1,car,0.8392,958.8,557.5,1064.9,631.1
1006,1,car,0.6874,559.0,494.1,648.7,546.5
1006,0,person,0.4450,444.3,554.9,466.6,609.1
1006,0,person,0.4289,1193.0,522.8,1214.7,583.8
1006,2,large_vehicle,0.4156,951.8,426.0,1024.2,471.2
1006,0,person,0.3803,447.3,554.6,469.5,609.4
1006,1,car,0.2236,951.8,426.0,1024.2,471.2
1006,2,large_vehicle,0.1198,559.0,494.1,648.7,546.5
1006,0,person,0.1103,439.8,555.0,457.5,606.3
1007,1,car,0.8424,958.6,557.4,1065.1,631.2
1007,1,car,0.7265,558.7,494.0,648.7,546.6
1007,0,person,0.4544,444.3,554.8,466.6,608.8
1007,2,large_vehicle,0.4210,951.8,426.3,1024.1,471.3
1007,0,person,0.3624,447.4,554.5,469.5,609.1
1007,0,person,0.3533,1192.8,522.4,1214.6,583.5
1007,1,car,0.2324,951.8,426.3,1024.1,471.3
1007,0,person,0.1106,439.7,555.0,457.5,606.0
1008,1,car,0.8471,950.0,559.7,1057.7,635.6
1008,1,car,0.7732,557.2,494.4,648.3,546.6
1008,0,person,0.4650,443.4,554.5,465.7,607.8
1008,0,person,0.3295,1192.6,521.6,1214.8,583.7
1008,1,car,0.3156,951.3,426.0,1024.3,471.2
1008,2,large_vehicle,0.3114,951.3,426.0,1024.3,471.2
1008,0,person,0.2135,446.1,553.9,470.1,608.6
1009,1,car,0.8464,950.0,559.7,1057.6,635.6
1009,1,car,0.7927,556.2,494.5,648.3,546.7
1009,0,person,0.4631,443.4,554.5,465.7,607.9
1009,1,car,0.3162,951.4,426.2,1024.2,471.2
1009,0,person,0.3126,1192.6,521.6,1214.7,583.7
1009,2,large_vehicle,0.3023,951.4,426.2,1024.2,471.2
1009,0,person,0.2216,446.0,554.0,470.1,608.6
1010,1,car,0.8070,938.7,562.9,1046.4,639.0
1010,1,car,0.7652,557.8,494.0,648.7,546.6
1010,0,person,0.5104,441.3,554.0,462.4,605.9
1010,0,person,0.3958,1193.0,521.4,1214.9,583.6
1010,2,large_vehicle,0.3472,952.1,426.7,1023.7,471.2
1010,1,car,0.2931,952.1,426.7,1023.7,471.2
1010,0,person,0.1583,437.5,554.1,457.7,605.3
1011,1,car,0.8069,938.7,562.9,1046.4,639.0
1011,1,car,0.7604,557.9,493.9,648.7,546.6
1011,0,person,0.5100,441.3,554.0,462.4,605.9
1011,0,person,0.3948,1193.0,521.4,1214.9,583.5
1011,2,large_vehicle,0.3589,952.3,426.7,1023.7,471.2
1011,1,car,0.2879,952.3,426.7,1023.7,471.2
1011,0,person,0.1580,437.5,554.1,457.7,605.3
1011,0,person,0.1055,1057.5,427.3,1070.4,462.2
1012,1,car,0.8121,554.8,494.2,648.7,546.7
1012,1,car,0.8070,938.6,562.9,1046.4,639.0
1012,0,person,0.5136,441.1,554.0,462.4,606.0
1012,0,person,0.3675,1192.8,521.2,1214.9,583.4
1012,2,large_vehicle,0.3419,951.9,426.7,1023.9,471.2
1012,1,car,0.3045,951.9,426.7,1023.9,471.2
1012,0,person,0.1589,437.5,554.1,457.7,605.4
1012,3,motorcycle,0.1060,437.9,571.6,472.1,609.1
1013,1,car,0.8645,928.1,565.2,1036.7,642.9
1013,1,car,0.6888,557.4,494.1,648.3,546.6
1013,0,person,0.5106,1192.9,521.8,1214.9,583.7
1013,0,person,0.5031,439.4,553.8,460.0,606.3
1013,2,large_vehicle,0.3947,952.1,426.3,1023.6,471.2
1013,0,person,0.3131,436.5,554.3,457.9,606.3
1013,1,car,0.2721,952.1,426.3,1023.6,471.2
1013,2,large_vehicle,0.1566,557.4,494.1,648.3,546.6
1014,1,car,0.8294,917.9,567.9,1030.7,645.7
1014,1,car,0.6967,559.0,494.0,649.0,546.6
1014,0,person,0.4947,1192.8,522.1,1214.8,583.8
1014,0,person,0.4609,438.3,553.5,459.3,604.4
1014,2,large_vehicle,0.4172,951.7,426.4,1023.9,471.2
1014,3,motorcycle,0.3784,432.2,572.5,473.3,608.1
1014,0,person,0.2914,434.5,554.0,457.4,604.7
1014,1,car,0.2547,951.7,426.4,1023.9,471.2
1014,2,large_vehicle,0.1156,559.0,494.0,649.0,546.6
1014,3,motorcycle,0.1133,430.5,571.9,474.3,607.0
1015,1,car,0.8261,918.0,567.9,1030.6,645.7
1015,1,car,0.6774,559.1,493.9,649.3,546.6
1015,0,person,0.5309,1193.0,522.1,1214.9,583.7
1015,0,person,0.4579,438.4,553.5,459.4,604.4
1015,2,large_vehicle,0.4504,951.6,426.2,1023.9,471.2
1015,3,motorcycle,0.3676,432.2,572.3,473.3,608.1
1015,0,person,0.2852,434.4,553.9,457.5,604.6
1015,1,car,0.2452,951.6,426.2,1023.9,471.2
1015,2,large_vehicle,0.1282,559.1,493.9,649.3,546.6
1015,3,motorcycle,0.1235,430.4,571.7,474.4,606.9
1016,1,car,0.8265,918.0,567.9,1030.7,645.7
1016,1,car,0.6866,560.5,493.9,649.0,546.6
1016,0,person,0.5225,1192.9,522.1,1214.8,583.8
1016,2,large_vehicle,0.4798,951.6,426.2,1023.8,471.2
1016,0,person,0.4450,438.2,553.5,459.4,604.5
1016,3,motorcycle,0.3741,432.3,572.4,472.9,608.0
1016,0,person,0.2952,434.5,553.9,457.6,604.6
1016,1,car,0.2209,951.6,426.2,1023.8,471.2
1016,2,large_vehicle,0.1183,560.5,493.9,649.0,546.6
1016,3,motorcycle,0.1116,430.5,571.7,473.9,606.8
1017,1,car,0.8633,907.3,570.2,1021.4,649.0
1017,1,car,0.7662,556.5,493.8,648.5,546.7
1017,0,person,0.5373,1192.8,521.5,1214.8,583.6
1017,0,person,0.4598,434.0,553.1,455.8,604.7
1017,0,person,0.3959,437.7,552.2,457.6,603.9
1017,2,large_vehicle,0.3612,951.6,426.0,1023.9,471.1
1017,1,car,0.2709,951.6,426.0,1023.9,471.1
1018,1,car,0.8624,907.3,570.2,1021.5,649.0
1018,1,car,0.7772,557.0,494.3,648.6,546.7
1018,0,person,0.4970,1192.6,521.3,1214.7,583.5
1018,0,person,0.4414,434.0,553.1,455.7,604.7
1018,0,person,0.4142,437.7,552.2,457.6,603.8
1018,2,large_vehicle,0.3550,951.5,425.9,1024.0,471.1
1018,1,car,0.2668,951.5,425.9,1024.0,471.1
1019,1,car,0.8173,554.4,493.8,648.8,546.6
1019,1,car,0.7166,895.0,573.7,1013.1,652.3
1019,0,person,0.5595,1192.6,520.8,1215.0,583.7
1019,2,large_vehicle,0.4724,951.4,425.8,1024.4,471.2
1019,0,person,0.4527,434.0,552.1,455.3,602.9
1019,1,car,0.2264,951.4,425.8,1024.4,471.2
1019,0,person,0.1852,437.2,551.3,457.3,602.2
1020,1,car,0.8160,554.4,493.9,648.8,546.6
1020,1,car,0.7182,895.0,573.7,1013.1,652.3
1020,0,person,0.5682,1192.5,520.8,1215.0,583.8
1020,2,large_vehicle,0.4721,951.5,425.8,1024.2,471.2
1020,0,person,0.4496,434.0,552.1,455.3,602.8
1020,1,car,0.2170,951.5,425.8,1024.2,471.2
1020,0,person,0.1896,437.2,551.3,457.3,602.2
1021,1,car,0.8223,554.4,493.9,649.0,546.6
1021,1,car,0.7179,895.0,573.7,1013.0,652.3
1021,0,person,0.5584,1192.5,520.6,1215.0,583.8
1021,2,large_vehicle,0.4742,951.3,425.7,1024.5,471.2
1021,0,person,0.4594,434.0,552.2,455.4,602.8
1021,1,car,0.2208,951.3,425.7,1024.5,471.2
1021,0,person,0.1712,437.2,551.3,457.3,602.2
1022,1,car,0.8459,883.0,576.2,1002.9,654.8
1022,1,car,0.7650,555.3,494.0,648.7,546.3
1022,0,person,0.6153,432.5,551.5,453.8,602.7
1022,0,person,0.5805,1192.5,521.1,1215.1,584.4
1022,2,large_vehicle,0.4008,951.7,425.9,1024.2,471.1
1022,1,car,0.2758,951.7,425.9,1024.2,471.1
1023,1,car,0.8506,883.1,576.2,1003.1,654.9
1023,1,car,0.7634,555.8,494.1,648.7,546.3
1023,0,person,0.6145,432.5,551.7,453.8,602.7
1023,0,person,0.5981,1192.4,521.1,1214.9,584.4
1023,2,large_vehicle,0.3993,951.7,425.9,1024.2,471.1
1023,1,car,0.2699,951.7,425.9,1024.2,471.1
1024,1,car,0.7514,556.1,494.0,649.0,546.2
1024,1,car,0.7185,872.1,578.7,991.7,659.8
1024,0,person,0.6352,432.0,550.8,453.7,603.5
1024,0,person,0.5858,1192.6,521.5,1214.9,584.0
1024,2,large_vehicle,0.4869,951.7,426.1,1023.9,471.1
1024,1,car,0.2321,951.7,426.1,1023.9,471.1
1024,2,large_vehicle,0.1219,872.1,578.7,991.7,659.8
1025,1,car,0.7539,555.7,493.9,649.4,546.2
1025,1,car,0.7132,872.1,578.6,991.7,659.7
1025,0,person,0.6383,431.9,550.7,453.6,603.4
1025,0,person,0.5534,1192.6,521.5,1214.6,583.9
1025,2,large_vehicle,0.4957,951.7,426.0,1023.9,471.1
1025,1,car,0.2191,951.7,426.0,1023.9,471.1
1025,2,large_vehicle,0.1157,872.1,578.6,991.7,659.7
1026,1,car,0.7466,555.9,493.9,649.5,546.2
1026,1,car,0.7155,872.1,578.6,991.7,659.7
1026,0,person,0.6368,431.9,550.7,453.7,603.4
1026,0,person,0.5545,1192.7,521.6,1214.6,583.9
1026,2,large_vehicle,0.4933,951.7,426.0,1023.9,471.1
1026,1,car,0.2234,951.7,426.0,1023.9,471.1
1026,2,large_vehicle,0.1121,872.1,578.6,991.7,659.7
1027,1,car,0.8381,860.0,582.9,981.2,663.7
1027,1,car,0.8126,556.0,494.5,648.7,546.4
1027,0,person,0.5746,431.7,551.0,451.4,601.8
1027,0,person,0.3772,1192.9,521.8,1214.5,583.5
1027,2,large_vehicle,0.3619,951.7,426.4,1024.1,471.0
1027,1,car,0.2945,951.7,426.4,1024.1,471.0
1027,0,person,0.1703,428.5,554.0,443.9,600.5
1028,1,car,0.8362,859.7,582.7,981.0,663.8
1028,1,car,0.7994,556.2,494.6,648.8,546.3
1028,0,person,0.5717,431.7,550.9,451.5,602.0
1028,0,person,0.4242,1192.8,521.6,1214.5,583.7
1028,2,large_vehicle,0.3637,951.8,426.4,1024.1,471.0
1028,1,car,0.2792,951.8,426.4,1024.1,471.0
1028,0,person,0.1698,428.6,553.9,443.9,600.6
1029,1,car,0.8452,848.8,585.3,970.0,667.4
1029,1,car,0.7954,556.5,494.5,649.9,546.2
1029,0,person,0.6713,431.0,549.6,450.8,602.1
1029,0,person,0.5037,1192.6,520.9,1214.6,583.9
1029,2,large_vehicle,0.3796,952.1,426.5,1024.3,471.0
1029,1,car,0.2806,952.1,426.5,1024.3,471.0
1030,1,car,0.8444,849.1,585.3,969.9,667.4
1030,1,car,0.7943,556.4,494.6,649.7,546.2
1030,0,person,0.6731,431.1,549.6,450.8,602.1
1030,0,person,0.4762,1192.6,521.1,1214.6,583.7
1030,2,large_vehicle,0.3791,952.2,426.7,1024.3,471.0
1030,1,car,0.2818,952.2,426.7,1024.3,471.0
1031,1,car,0.8475,848.8,585.3,969.9,667.4
1031,1,car,0.7765,557.1,494.7,648.7,546.2
1031,0,person,0.6712,431.1,549.6,450.8,602.1
1031,0,person,0.4331,1192.6,521.4,1214.4,583.9
1031,2,large_vehicle,0.3603,952.0,426.7,1024.3,471.0
1031,1,car,0.2833,952.0,426.7,1024.3,471.0
1032,1,car,0.7863,833.9,588.6,959.5,672.2
1032,1,car,0.6313,559.7,494.6,648.5,546.1
1032,0,person,0.5529,430.1,549.1,450.6,601.3
1032,0,person,0.4508,1192.6,520.7,1214.5,583.4
1032,2,large_vehicle,0.4362,952.1,426.5,1024.4,471.0
1032,1,car,0.2201,952.1,426.5,1024.4,471.0
1032,2,large_vehicle,0.1808,559.7,494.6,648.5,546.1
1032,2,large_vehicle,0.1001,833.9,588.6,959.5,672.2
1033,1,car,0.7863,833.8,588.6,959.7,672.2
1033,1,car,0.5462,560.3,494.9,648.5,546.1
1033,0,person,0.5221,430.1,549.1,450.4,600.6
1033,0,person,0.4691,1192.4,520.5,1214.5,583.5
1033,2,large_vehicle,0.4127,951.8,426.4,1024.5,471.0
1033,1,car,0.2594,951.8,426.4,1024.5,471.0
1033,2,large_vehicle,0.2407,560.3,494.9,648.5,546.1
1033,2,large_vehicle,0.1019,833.8,588.6,959.7,672.2
1034,1,car,0.7972,820.6,593.2,947.1,676.0
1034,1,car,0.6506,557.5,493.8,648.6,546.1
1034,0,person,0.5714,428.5,547.7,449.0,599.2
1034,0,person,0.5386,1192.6,520.7,1214.6,583.2
1034,2,large_vehicle,0.3978,951.4,425.8,1024.5,471.0
1034,1,car,0.2152,951.4,425.8,1024.5,471.0
1034,2,large_vehicle,0.1942,557.5,493.8,648.6,546.1
1034,0,person,0.1060,428.4,547.7,449.6,600.0
1035,1,car,0.7982,820.5,593.2,947.2,675.9
1035,1,car,0.6505,557.6,493.9,648.7,546.1
1035,0,person,0.5600,428.5,547.7,449.0,599.2
1035,0,person,0.5342,1192.7,520.7,1214.5,582.9
1035,2,large_vehicle,0.4008,951.4,425.8,1024.5,471.0
1035,1,car,0.2171,951.4,425.8,1024.5,471.0
1035,2,large_vehicle,0.1922,557.6,493.9,648.7,546.1
1035,0,person,0.1198,428.4,547.7,449.6,600.0
1036,1,car,0.7838,820.9,593.2,947.2,676.0
1036,1,car,0.6643,557.2,493.8,648.6,546.1
1036,0,person,0.5665,1192.7,520.6,1214.6,582.5
1036,0,person,0.5496,428.5,547.7,449.1,599.3
1036,2,large_vehicle,0.4014,951.3,425.8,1024.5,471.0
1036,1,car,0.1985,951.3,425.8,1024.5,471.0
1036,2,large_vehicle,0.1786,557.2,493.8,648.6,546.1
1036,0,person,0.1305,428.4,547.7,449.7,600.1
1037,1,car,0.7567,555.9,494.5,648.7,546.2
1037,1,car,0.7110,810.6,594.4,938.0,680.2
1037,0,person,0.6976,427.3,547.2,447.8,597.7
1037,0,person,0.5007,1192.7,520.5,1214.4,582.6
1037,2,large_vehicle,0.4080,951.9,425.9,1024.6,470.9
1037,1,car,0.2106,951.9,425.9,1024.6,470.9
1037,2,large_vehicle,0.1685,810.6,594.4,938.0,680.2
1037,2,large_vehicle,0.1080,555.9,494.5,648.7,546.2
1038,1,car,0.7199,556.7,494.3,649.7,546.2
1038,1,car,0.6706,797.6,597.2,926.6,682.1
1038,0,person,0.6041,427.7,546.0,446.8,593.8
1038,0,person,0.4483,1192.7,520.6,1214.3,582.6
1038,2,large_vehicle,0.4275,952.7,426.7,1024.4,471.0
1038,0,person,0.2682,1051.2,423.5,1064.6,459.8
1038,1,car,0.2469,952.7,426.7,1024.4,471.0
1038,2,large_vehicle,0.2200,797.6,597.2,926.6,682.1
1038,2,large_vehicle,0.1481,556.7,494.3,649.7,546.2
1039,1,car,0.7204,556.6,494.3,649.6,546.1
1039,1,car,0.6591,797.8,597.3,926.6,682.1
1039,0,person,0.6126,427.6,546.0,446.8,593.8
1039,2,large_vehicle,0.4362,952.6,426.6,1024.4,471.0
1039,0,person,0.4092,1192.8,520.5,1214.4,582.4
1039,0,person,0.2797,1051.2,423.4,1064.6,459.8
1039,1,car,0.2362,952.6,426.6,1024.4,471.0
1039,2,large_vehicle,0.2339,797.8,597.3,926.6,682.1
1039,2,large_vehicle,0.1490,556.6,494.3,649.6,546.1
1040,1,car,0.6694,797.7,597.2,926.2,682.1
1040,1,car,0.6306,556.9,494.1,648.9,546.2
1040,0,person,0.6031,427.8,546.0,446.6,593.5
1040,0,person,0.4528,1192.8,520.6,1214.3,582.9
1040,2,large_vehicle,0.4354,952.5,426.5,1024.1,470.9
1040,0,person,0.3119,1051.2,423.5,1064.7,459.6
1040,2,large_vehicle,0.2573,556.9,494.1,648.9,546.2
1040,2,large_vehicle,0.2228,797.7,597.2,926.2,682.1
1040,1,car,0.2159,952.5,426.5,1024.1,470.9
1041,1,car,0.8234,783.9,601.3,917.0,686.3
1041,1,car,0.6089,557.8,493.9,648.9,546.0
1041,0,person,0.5051,1192.9,521.2,1214.6,583.0
1041,0,person,0.4926,427.6,544.8,446.6,595.8
1041,2,large_vehicle,0.3888,952.1,426.1,1024.0,470.9
1041,2,large_vehicle,0.2456,557.8,493.9,648.9,546.0
1041,1,car,0.1890,952.1,426.1,1024.0,470.9
1041,0,person,0.1408,1050.6,424.0,1063.2,459.3
1042,1,car,0.8157,784.1,601.2,917.0,686.3
1042,1,car,0.5922,558.1,494.0,648.8,546.0
1042,0,person,0.5752,427.6,544.8,446.5,595.7
1042,0,person,0.5031,1192.8,521.3,1214.7,583.2
1042,2,large_vehicle,0.3839,952.2,426.1,1023.8,470.9
1042,2,large_vehicle,0.2611,558.1,494.0,648.8,546.0
1042,1,car,0.1922,952.2,426.1,1023.8,470.9
1042,0,person,0.1541,1050.7,424.1,1063.3,459.3
1043,1,car,0.8875,770.6,602.7,903.6,689.8
1043,1,car,0.6768,559.6,493.6,648.8,546.0
1043,0,person,0.6239,427.2,543.5,446.3,594.4
1043,0,person,0.5757,1192.7,521.7,1214.9,582.7
1043,2,large_vehicle,0.3650,951.8,425.7,1024.1,470.9
1043,1,car,0.1890,951.8,425.7,1024.1,470.9
1043,2,large_vehicle,0.1610,559.6,493.6,648.8,546.0
1043,0,person,0.1233,425.8,543.6,444.6,594.2
1044,1,car,0.8873,770.6,602.7,903.6,689.8
1044,1,car,0.6715,559.5,493.6,649.0,546.0
1044,0,person,0.6209,427.2,543.5,446.3,594.5
1044,0,person,0.5792,1192.7,521.6,1214.9,582.8
1044,2,large_vehicle,0.3803,951.7,425.6,1024.2,470.8
1044,1,car,0.1894,951.7,425.6,1024.2,470.8
1044,2,large_vehicle,0.1680,559.5,493.6,649.0,546.0
1044,0,person,0.1275,425.8,543.5,444.6,594.4
1045,1,car,0.8883,770.8,602.7,903.6,689.8
1045,1,car,0.6653,559.7,493.7,648.9,546.0
1045,0,person,0.6126,427.3,543.8,446.2,594.3
1045,0,person,0.5387,1192.8,521.7,1214.8,582.5
1045,2,large_vehicle,0.4078,951.7,425.6,1024.0,470.8
1045,1,car,0.1750,951.7,425.6,1024.0,470.8
1045,2,large_vehicle,0.1705,559.7,493.7,648.9,546.0
1045,0,person,0.1397,425.9,543.8,444.5,594.2
1046,1,car,0.8360,756.9,608.0,888.7,693.7
1046,1,car,0.6752,556.4,493.8,648.9,545.9
1046,0,person,0.4961,1192.9,521.2,1214.8,582.4
1046,0,person,0.4675,426.4,543.2,444.1,592.0
1046,2,large_vehicle,0.4416,951.8,425.7,1024.0,470.6
1046,0,person,0.4164,428.0,543.1,445.9,591.7
1046,2,large_vehicle,0.2029,556.4,493.8,648.9,545.9
1046,1,car,0.1664,951.8,425.7,1024.0,470.6
1047,1,car,0.8383,757.2,607.9,889.0,693.7
1047,1,car,0.6679,556.6,493.9,648.9,545.8
1047,0,person,0.5133,1192.9,521.4,1214.8,582.4
1047,0,person,0.4603,428.1,543.2,445.9,591.7
1047,2,large_vehicle,0.4558,951.7,425.7,1024.2,470.6
1047,0,person,0.4195,426.5,543.3,444.1,592.0
1047,2,large_vehicle,0.2142,556.6,493.9,648.9,545.8
1047,1,car,0.1585,951.7,425.7,1024.2,470.6
1048,1,car,0.8672,743.9,611.5,878.4,698.0
1048,1,car,0.7079,556.6,493.7,648.3,546.0
1048,0,person,0.5754,426.0,542.5,444.3,592.3
1048,2,large_vehicle,0.3994,951.6,425.9,1024.4,470.7
1048,0,person,0.3876,1193.0,521.9,1214.2,582.6
1048,0,person,0.2046,427.6,542.6,446.4,592.5
1048,1,car,0.1993,951.6,425.9,1024.4,470.7
1048,2,large_vehicle,0.1747,556.6,493.7,648.3,546.0
1049,1,car,0.8649,744.0,611.5,878.1,698.0
1049,1,car,0.6522,557.9,493.7,648.3,545.9
1049,0,person,0.5602,426.1,542.5,444.3,592.5
1049,0,person,0.4602,1193.0,521.6,1214.4,582.4
1049,2,large_vehicle,0.3611,951.6,425.8,1024.3,470.7
1049,2,large_vehicle,0.2278,557.9,493.7,648.3,545.9
1049,0,person,0.2226,427.6,542.6,446.3,592.7
1049,1,car,0.2111,951.6,425.8,1024.3,470.7
1050,1,car,0.8646,744.0,611.5,878.2,698.0
1050,1,car,0.6570,557.9,493.7,648.3,545.9
1050,0,person,0.5691,426.1,542.5,444.2,592.4
1050,0,person,0.4503,1193.0,521.6,1214.4,582.3
1050,2,large_vehicle,0.3524,951.6,425.8,1024.3,470.7
1050,2,large_vehicle,0.2211,557.9,493.7,648.3,545.9
1050,0,person,0.2105,427.7,542.6,446.2,592.5
1050,1,car,0.2085,951.6,425.8,1024.3,470.7
1051,1,car,0.8407,729.6,614.6,869.0,702.7
1051,1,car,0.6281,558.4,493.8,649.0,545.7
1051,0,person,0.5628,425.7,541.9,444.3,594.0
1051,0,person,0.5448,1192.6,521.5,1214.4,582.7
1051,2,large_vehicle,0.3430,952.3,425.6,1024.6,470.7
1051,1,car,0.2157,952.3,425.6,1024.6,470.7
1051,2,large_vehicle,0.2017,558.4,493.8,649.0,545.7
1051,0,person,0.1747,427.2,542.3,445.8,594.0
1052,1,car,0.8433,729.4,614.5,868.4,702.6
1052,1,car,0.6348,558.6,493.7,648.6,545.7
1052,0,person,0.5528,425.7,541.8,444.3,593.9
1052,0,person,0.5318,1192.7,521.1,1214.5,582.7
1052,2,large_vehicle,0.3813,952.4,425.7,1024.3,470.7
1052,2,large_vehicle,0.2021,558.6,493.7,648.6,545.7
1052,0,person,0.1899,427.2,542.2,445.7,594.0
1052,1,car,0.1825,952.4,425.7,1024.3,470.7
1053,1,car,0.8678,716.8,616.4,856.9,704.4
1053,0,person,0.6181,426.0,541.7,444.2,592.7
1053,1,car,0.5595,561.2,493.9,649.2,545.6
1053,0,person,0.5298,1192.9,521.7,1214.5,582.8
1053,2,large_vehicle,0.4678,952.2,425.7,1023.7,470.6
1053,2,large_vehicle,0.2436,561.2,493.9,649.2,545.6
1053,1,car,0.1344,952.2,425.7,1023.7,470.6
1053,0,person,0.1025,427.6,542.0,445.5,592.7
1054,1,car,0.8691,716.7,616.4,857.0,704.4
1054,0,person,0.6036,425.9,541.5,444.2,592.8
1054,1,car,0.5560,561.2,493.8,648.8,545.6
1054,0,person,0.5419,1192.9,521.4,1214.6,582.4
1054,2,large_vehicle,0.4789,952.2,425.8,1023.6,470.6
1054,2,large_vehicle,0.2467,561.2,493.8,648.8,545.6
1054,1,car,0.1329,952.2,425.8,1023.6,470.6
1054,0,person,0.1293,427.5,541.8,445.6,592.9
1055,1,car,0.8687,716.8,616.5,856.8,704.4
1055,0,person,0.6345,426.1,541.3,444.1,592.9
1055,1,car,0.6201,559.5,493.8,648.8,545.7
1055,0,person,0.5148,1192.9,521.5,1214.5,582.2
1055,2,large_vehicle,0.4630,952.0,425.8,1023.3,470.5
1055,2,large_vehicle,0.2105,559.5,493.8,648.8,545.7
1055,1,car,0.1297,952.0,425.8,1023.3,470.5
1056,1,car,0.8870,702.2,620.7,842.9,708.4
1056,1,car,0.7360,556.2,494.3,648.1,545.9
1056,0,person,0.5590,426.4,541.1,444.0,592.7
1056,0,person,0.5090,1192.9,521.1,1214.6,582.2
1056,2,large_vehicle,0.4484,952.1,426.2,1023.9,470.5
1056,0,person,0.1676,428.0,541.1,445.6,592.7
1056,1,car,0.1555,952.1,426.2,1023.9,470.5
1056,2,large_vehicle,0.1474,556.2,494.3,648.1,545.9
1057,1,car,0.8874,702.1,620.7,842.7,708.4
1057,1,car,0.7603,556.3,494.4,648.1,545.9
1057,0,person,0.5750,426.4,541.0,444.0,592.7
1057,2,large_vehicle,0.4639,952.1,426.3,1023.5,470.4
1057,0,person,0.4635,1192.9,521.0,1214.4,582.2
1057,1,car,0.1604,952.1,426.3,1023.5,470.4
1057,0,person,0.1511,428.0,541.1,445.6,592.7
1057,2,large_vehicle,0.1203,556.3,494.4,648.1,545.9
1058,1,car,0.8662,688.0,623.1,822.6,711.7
1058,1,car,0.7198,558.3,494.3,649.0,546.0
1058,0,person,0.5697,426.4,539.6,444.0,590.4
1058,0,person,0.5280,1192.8,521.3,1214.4,582.1
1058,2,large_vehicle,0.4361,951.8,426.2,1024.0,470.6
1058,1,car,0.1851,951.8,426.2,1024.0,470.6
1058,2,large_vehicle,0.1353,558.3,494.3,649.0,546.0
1058,0,person,0.1100,428.0,539.6,445.7,589.9
1059,1,car,0.8662,688.0,623.1,822.6,711.7
1059,1,car,0.7229,558.3,494.3,648.8,546.0
1059,0,person,0.5672,426.4,539.6,444.0,590.5
1059,0,person,0.5204,1192.8,521.3,1214.4,582.1
1059,2,large_vehicle,0.4373,951.7,426.2,1023.8,470.6
1059,1,car,0.1802,951.7,426.2,1023.8,470.6
1059,2,large_vehicle,0.1336,558.3,494.3,648.8,546.0
1059,0,person,0.1131,428.1,539.6,445.7,590.0
1060,1,car,0.8634,688.1,623.2,822.6,711.7
1060,1,car,0.7443,556.5,494.1,649.1,545.9
1060,0,person,0.5692,426.3,539.5,444.0,590.4
1060,0,person,0.5214,1192.8,520.9,1214.5,582.2
1060,2,large_vehicle,0.4244,952.0,426.3,1024.1,470.6
1060,1,car,0.1773,952.0,426.3,1024.1,470.6
1060,2,large_vehicle,0.1225,556.5,494.1,649.1,545.9
1060,0,person,0.1097,428.0,539.6,445.7,589.9
1061,1,car,0.8710,674.7,626.2,804.8,714.6
1061,1,car,0.6697,559.3,493.8,648.6,545.6
1061,0,person,0.5820,1192.9,520.4,1214.5,582.0
1061,2,large_vehicle,0.4419,952.2,425.8,1023.9,470.5
1061,0,person,0.2735,428.6,538.7,445.4,586.0
1061,0,person,0.1604,427.3,538.5,443.5,585.7
1061,2,large_vehicle,0.1580,559.3,493.8,648.6,545.6
1061,1,car,0.1483,952.2,425.8,1023.9,470.5
1062,1,car,0.8233,660.5,629.3,791.7,719.7
1062,0,person,0.5464,1193.1,520.7,1214.6,581.9
1062,1,car,0.5432,561.0,494.0,648.4,545.6
1062,0,person,0.4468,427.4,538.0,443.7,584.8
1062,2,large_vehicle,0.4043,952.7,425.8,1023.7,470.5
1062,2,large_vehicle,0.2589,561.0,494.0,648.4,545.6
1062,0,person,0.1126,428.7,538.2,445.1,584.4
1062,1,car,0.1111,952.7,425.8,1023.7,470.5
1063,1,car,0.8269,660.7,629.3,791.5,719.7
1063,0,person,0.5805,1193.0,520.3,1214.6,581.8
1063,1,car,0.5262,561.0,494.0,648.5,545.6
1063,0,person,0.4491,427.5,538.0,443.7,584.8
1063,2,large_vehicle,0.4017,952.6,425.6,1023.7,470.5
1063,2,large_vehicle,0.2396,561.0,494.0,648.5,545.6
1063,1,car,0.1100,952.6,425.6,1023.7,470.5
1063,0,person,0.1061,428.7,538.2,445.0,584.4
1063,1,car,0.1007,563.2,493.3,648.4,545.3
1064,1,car,0.8229,660.7,629.2,791.5,719.7
1064,0,person,0.5682,1193.0,520.2,1214.6,582.0
1064,1,car,0.5202,560.7,494.0,648.5,545.5
1064,0,person,0.4175,427.4,538.0,443.7,584.8
1064,2,large_vehicle,0.4139,952.8,425.9,1023.6,470.5
1064,2,large_vehicle,0.2636,560.7,494.0,648.5,545.5
1064,1,car,0.1296,952.8,425.9,1023.6,470.5
1064,0,person,0.1047,428.8,538.2,445.0,584.4
1065,1,car,0.8686,643.5,631.5,779.5,723.6
1065,1,car,0.7773,556.1,494.3,648.3,545.8
1065,0,person,0.5463,1192.8,520.3,1214.7,582.0
1065,0,person,0.5255,428.2,537.3,445.8,584.0
1065,2,large_vehicle,0.3487,951.6,425.7,1023.6,470.4
1065,1,car,0.1972,951.6,425.7,1023.6,470.4
1065,0,person,0.1571,427.1,537.1,443.9,583.6
1066,1,car,0.8658,644.0,631.5,779.5,723.6
1066,1,car,0.7639,555.9,494.2,648.3,545.8
1066,0,person,0.5308,428.2,537.2,445.8,583.8
1066,0,person,0.5283,1192.9,520.5,1214.6,582.0
1066,2,large_vehicle,0.3491,951.6,425.7,1023.5,470.4
1066,1,car,0.1919,951.6,425.7,1023.5,470.4
1066,0,person,0.1498,427.2,537.1,443.9,583.5
1066,2,large_vehicle,0.1106,555.9,494.2,648.3,545.8
1067,1,car,0.7590,631.0,634.8,769.5,726.8
1067,1,car,0.6847,558.9,494.6,648.9,545.9
1067,0,person,0.4834,1192.9,520.4,1214.4,581.8
1067,0,person,0.4562,428.5,535.0,445.2,583.5
1067,2,large_vehicle,0.3712,951.8,425.5,1024.3,470.4
1067,0,person,0.3051,427.3,535.1,443.7,583.7
1067,1,car,0.1798,951.8,425.5,1024.3,470.4
1067,2,large_vehicle,0.1638,558.9,494.6,648.9,545.9
1068,1,car,0.7593,631.1,634.8,769.5,726.8
1068,1,car,0.6816,559.2,494.6,649.2,545.9
1068,0,person,0.4853,1192.9,520.4,1214.4,581.8
1068,0,person,0.4588,428.5,535.0,445.2,583.5
1068,2,large_vehicle,0.3770,951.8,425.5,1024.1,470.4
1068,0,person,0.3036,427.3,535.1,443.7,583.7
1068,1,car,0.1838,951.8,425.5,1024.1,470.4
1068,2,large_vehicle,0.1583,559.2,494.6,649.2,545.9
1069,1,car,0.7533,631.2,634.7,769.4,726.8
1069,1,car,0.7161,557.9,494.3,649.1,545.9
1069,0,person,0.4438,428.5,535.0,445.1,583.4
1069,0,person,0.4435,1193.0,520.3,1214.4,581.8
1069,2,large_vehicle,0.3854,951.8,425.1,1024.3,470.4
1069,0,person,0.3186,427.4,535.1,443.7,583.7
1069,1,car,0.1647,951.8,425.1,1024.3,470.4
1069,2,large_vehicle,0.1487,557.9,494.3,649.1,545.9
1070,1,car,0.8742,613.0,639.0,751.0,728.9
1070,1,car,0.6206,558.9,494.0,648.2,545.5
1070,0,person,0.5996,428.7,534.7,445.2,582.2
1070,0,person,0.5743,1193.0,520.6,1214.4,581.5
1070,2,large_vehicle,0.2904,952.0,425.0,1024.0,470.4
1070,2,large_vehicle,0.2348,558.9,494.0,648.2,545.5
1070,2,large_vehicle,0.2181,951.2,425.4,1023.0,470.3
1070,0,person,0.1275,427.5,534.9,443.4,582.4
1071,1,car,0.8758,613.0,639.0,750.4,728.9
1071,1,car,0.6501,559.1,494.0,648.2,545.6
1071,0,person,0.5943,428.7,534.8,445.2,582.2
1071,0,person,0.5770,1193.1,520.4,1214.4,581.4
1071,2,large_vehicle,0.2692,951.2,425.4,1023.2,470.3
1071,2,large_vehicle,0.2284,952.1,425.0,1024.2,470.3
1071,2,large_vehicle,0.2065,559.1,494.0,648.2,545.6
1071,0,person,0.1379,427.4,535.0,443.5,582.4
1071,1,car,0.1154,951.2,425.4,1023.2,470.3
1071,0,person,0.1049,1044.1,422.0,1057.2,459.5
1072,1,car,0.8344,602.7,640.6,735.9,732.3
1072,1,car,0.5150,559.8,493.8,647.5,545.6
1072,0,person,0.5144,1193.1,520.7,1214.3,581.3
1072,2,large_vehicle,0.4084,952.1,425.2,1024.0,470.5
1072,2,large_vehicle,0.3457,559.8,493.8,647.5,545.6
1072,0,person,0.3287,429.0,534.4,445.0,582.9
1072,0,person,0.1718,427.6,534.5,443.5,584.0
1072,2,large_vehicle,0.1036,951.8,425.4,1023.1,470.4
1073,1,car,0.8328,602.5,640.4,735.4,732.4
1073,1,car,0.5391,560.1,493.8,647.7,545.6
1073,0,person,0.4998,1193.1,521.1,1214.2,581.3
1073,2,large_vehicle,0.3873,952.2,425.2,1023.5,470.5
1073,2,large_vehicle,0.3145,560.1,493.8,647.7,545.6
1073,0,person,0.3008,429.1,534.4,444.9,582.5
1073,0,person,0.1646,427.7,534.5,443.5,583.7
1074,1,car,0.8348,602.5,640.6,735.5,732.4
1074,1,car,0.5390,560.1,493.8,647.7,545.6
1074,0,person,0.4973,1193.1,521.1,1214.2,581.4
1074,2,large_vehicle,0.4088,952.2,425.2,1023.4,470.5
1074,2,large_vehicle,0.3154,560.1,493.8,647.7,545.6
1074,0,person,0.2984,429.0,534.4,445.0,583.0
1074,0,person,0.1783,427.6,534.4,443.5,584.3
1075,1,car,0.8874,588.2,644.1,723.0,735.6
1075,1,car,0.7476,556.1,493.7,648.1,545.8
1075,0,person,0.5467,1193.0,520.7,1214.6,581.1
1075,0,person,0.5350,429.0,533.7,446.6,580.5
1075,2,large_vehicle,0.3329,950.9,425.1,1022.5,470.2
1075,1,car,0.1984,950.9,425.1,1022.5,470.2
1075,0,person,0.1819,1043.1,422.5,1056.8,461.5
1075,2,large_vehicle,0.1373,556.1,493.7,648.1,545.8
1076,1,car,0.8870,588.2,644.0,723.7,735.6
1076,1,car,0.7011,557.5,493.8,648.1,545.8
1076,0,person,0.5600,1193.0,520.7,1214.7,581.4
1076,0,person,0.5416,429.0,533.7,446.4,580.3
1076,2,large_vehicle,0.3420,950.7,425.0,1022.3,470.2
1076,0,person,0.2255,1043.0,422.5,1056.8,461.8
1076,1,car,0.2178,950.7,425.0,1022.3,470.2
1076,2,large_vehicle,0.2053,557.5,493.8,648.1,545.8
1077,1,car,0.8697,573.8,646.2,704.5,739.2
1077,1,car,0.6933,559.3,494.3,648.2,545.9
1077,0,person,0.5875,428.9,533.7,446.8,583.5
1077,0,person,0.5818,1193.0,520.4,1214.6,581.6
1077,0,person,0.3207,1042.5,422.6,1056.3,462.6
1077,2,large_vehicle,0.2734,950.5,425.1,1022.6,470.3
1077,2,large_vehicle,0.2184,951.9,424.8,1023.7,470.3
1077,2,large_vehicle,0.1845,559.3,494.3,648.2,545.9
1077,1,car,0.1113,950.5,425.1,1022.6,470.3
1078,1,car,0.8817,573.5,646.3,704.5,739.2
1078,1,car,0.7372,558.5,494.3,648.3,545.9
1078,0,person,0.5877,428.9,533.6,446.8,583.4
1078,0,person,0.5745,1192.9,520.4,1214.6,581.5
1078,2,large_vehicle,0.3895,951.9,425.0,1023.4,470.3
1078,0,person,0.3096,1042.5,422.8,1056.2,462.7
1078,1,car,0.1533,951.9,425.0,1023.4,470.3
1078,2,large_vehicle,0.1488,558.5,494.3,648.3,545.9
1079,1,car,0.8835,573.5,646.3,704.5,739.2
1079,1,car,0.6836,559.7,494.2,648.0,545.9
1079,0,person,0.6006,1193.0,520.6,1214.5,581.8
1079,0,person,0.5821,429.0,533.7,446.6,583.2
1079,2,large_vehicle,0.3765,952.2,425.0,1023.3,470.3
1079,0,person,0.3336,1042.5,423.1,1056.1,462.7
1079,2,large_vehicle,0.1957,559.7,494.2,648.0,545.9
1079,1,car,0.1690,952.2,425.0,1023.3,470.3
1080,1,car,0.8529,559.1,649.1,694.0,742.2
1080,0,person,0.6198,429.2,532.5,447.7,582.4
1080,1,car,0.6195,559.1,493.8,648.1,545.5
1080,0,person,0.5948,1192.9,520.7,1214.5,581.2
1080,2,large_vehicle,0.3507,952.0,425.1,1023.6,470.2
1080,0,person,0.3229,1041.8,423.4,1056.0,463.7
1080,2,large_vehicle,0.2245,559.1,493.8,648.1,545.5
1080,1,car,0.1810,952.0,425.1,1023.6,470.2
1081,1,car,0.8506,558.8,649.1,694.3,742.2
1081,0,person,0.6201,429.2,532.5,447.7,582.7
1081,1,car,0.6060,558.7,493.6,648.3,545.3
1081,0,person,0.6016,1192.8,520.6,1214.5,581.6
1081,2,large_vehicle,0.3656,952.1,425.1,1023.6,470.2
1081,0,person,0.3090,1041.8,423.5,1056.0,463.8
1081,2,large_vehicle,0.2447,558.7,493.6,648.3,545.3
1081,1,car,0.2029,952.1,425.1,1023.6,470.2
1082,1,car,0.8860,544.5,653.2,680.1,744.0
1082,0,person,0.6228,431.1,530.7,447.8,575.7
1082,0,person,0.5384,1192.9,521.5,1214.5,581.7
1082,2,large_vehicle,0.4037,951.8,425.1,1023.1,470.3
1082,1,car,0.1814,563.4,492.9,648.0,545.2
1082,2,large_vehicle,0.1547,563.4,492.9,648.0,545.2
1082,1,car,0.1367,951.8,425.1,1023.1,470.3
1083,1,car,0.8866,544.5,653.2,680.1,744.0
1083,0,person,0.6227,431.0,530.8,447.8,575.7
1083,0,person,0.5395,1192.9,521.2,1214.4,581.7
1083,2,large_vehicle,0.4069,951.7,425.0,1023.1,470.3
1083,1,car,0.2132,563.4,493.2,648.2,545.2
1083,2,large_vehicle,0.1814,563.4,493.2,648.2,545.2
1083,1,car,0.1323,951.7,425.0,1023.1,470.3
1084,1,car,0.8855,544.6,653.2,680.1,744.0
1084,0,person,0.6240,431.0,530.7,447.8,575.7
1084,0,person,0.5626,1192.9,521.6,1214.5,581.6
1084,2,large_vehicle,0.4115,951.8,425.3,1023.3,470.3
1084,1,car,0.1483,951.8,425.3,1023.3,470.3
1084,1,car,0.1406,563.9,492.8,648.1,545.2
1084,2,large_vehicle,0.1377,563.9,492.8,648.1,545.2
1084,0,person,0.1259,1042.1,423.7,1055.7,462.2
1084,1,car,0.1169,561.9,493.6,648.1,545.6
1085,1,car,0.8865,529.2,655.7,661.8,747.5
1085,1,car,0.7064,556.9,494.2,648.6,545.5
1085,0,person,0.5872,431.6,529.9,449.6,577.2
1085,0,person,0.5130,1192.8,520.5,1214.5,581.6
1085,2,large_vehicle,0.3964,950.4,425.3,1023.5,470.1
1085,1,car,0.1865,950.4,425.3,1023.5,470.1
1085,2,large_vehicle,0.1714,556.9,494.2,648.6,545.5
1086,1,car,0.8315,517.0,658.1,659.2,749.9
1086,1,car,0.7393,558.0,494.1,648.7,545.6
1086,0,person,0.4969,1192.9,520.9,1214.4,581.7
1086,2,large_vehicle,0.4498,951.8,425.3,1023.9,470.2
1086,0,person,0.2223,431.4,530.6,450.0,582.8
1086,1,car,0.1558,951.8,425.3,1023.9,470.2
1086,2,large_vehicle,0.1403,558.0,494.1,648.7,545.6
1086,0,person,0.1158,431.4,529.1,449.8,581.6
1087,1,car,0.8318,517.0,658.1,659.6,749.9
1087,1,car,0.7558,557.4,494.1,648.5,545.6
1087,0,person,0.4694,1192.9,520.9,1214.5,581.6
1087,2,large_vehicle,0.4689,951.3,425.3,1024.3,470.1
1087,0,person,0.2541,431.4,530.7,450.1,582.8
1087,1,car,0.1703,951.3,425.3,1024.3,470.1
1087,2,large_vehicle,0.1294,557.4,494.1,648.5,545.6
1088,1,car,0.8298,517.0,658.1,658.9,749.9
1088,1,car,0.7653,557.4,494.1,648.1,545.7
1088,0,person,0.5550,1192.9,520.9,1214.5,581.6
1088,2,large_vehicle,0.4399,951.8,425.3,1024.2,470.1
1088,0,person,0.2983,431.6,530.6,449.9,582.9
1088,1,car,0.1934,951.8,425.3,1024.2,470.1
1088,2,large_vehicle,0.1272,557.4,494.1,648.1,545.7
1089,1,car,0.8896,501.4,662.1,631.3,751.7
1089,1,car,0.6113,559.5,493.8,648.1,545.4
1089,0,person,0.5277,1192.7,521.4,1214.4,581.8
1089,2,large_vehicle,0.3947,952.4,425.2,1023.8,470.1
1089,0,person,0.3524,432.4,528.3,450.5,579.8
1089,1,car,0.2000,952.4,425.2,1023.8,470.1
1089,2,large_vehicle,0.1950,559.5,493.8,648.1,545.4
1089,1,car,0.1103,562.4,493.0,648.3,545.0
1090,1,car,0.8895,501.5,662.1,631.1,751.7
1090,1,car,0.6351,558.8,493.5,648.0,545.4
1090,0,person,0.5405,1192.6,521.1,1214.4,581.8
1090,2,large_vehicle,0.3816,952.3,425.3,1023.6,470.1
1090,0,person,0.3599,432.5,528.3,450.4,579.2
1090,2,large_vehicle,0.2320,558.8,493.5,648.0,545.4
1090,1,car,0.2232,952.3,425.3,1023.6,470.1
1091,1,car,0.8210,487.2,664.8,614.4,755.5
1091,2,large_vehicle,0.5092,952.2,425.4,1022.9,470.1
1091,0,person,0.5004,1192.9,521.4,1214.0,581.4
1091,0,person,0.4597,1040.0,423.2,1053.2,461.0
1091,1,car,0.4055,560.7,494.0,648.2,545.5
1091,0,person,0.2904,433.9,527.6,452.4,579.3
1091,2,large_vehicle,0.2021,560.7,494.0,648.2,545.5
1091,1,car,0.1419,564.0,493.2,648.4,545.0
1091,1,car,0.1285,952.2,425.4,1022.9,470.1
1091,2,large_vehicle,0.1110,564.0,493.2,648.4,545.0
1092,1,car,0.8200,487.2,664.8,614.4,755.5
1092,2,large_vehicle,0.5122,952.2,425.4,1022.8,470.1
1092,0,person,0.4975,1192.9,521.4,1214.0,581.4
1092,0,person,0.4502,1040.0,423.2,1053.2,460.9
1092,1,car,0.4452,560.6,494.0,648.2,545.5
1092,0,person,0.2896,433.9,527.6,452.4,579.2
1092,2,large_vehicle,0.2372,560.6,494.0,648.2,545.5
1092,1,car,0.1269,952.2,425.4,1022.8,470.1
1092,1,car,0.1215,563.9,493.1,648.4,545.0
1092,2,large_vehicle,0.1023,563.9,493.1,648.4,545.0
1093,1,car,0.8432,487.2,664.7,614.4,755.5
1093,1,car,0.5067,560.2,494.1,647.9,545.5
1093,2,large_vehicle,0.4997,951.9,425.5,1023.3,470.1
1093,0,person,0.4903,1192.7,521.3,1214.1,581.4
1093,0,person,0.4622,1040.0,423.2,1053.2,461.1
1093,0,person,0.2924,433.9,527.6,452.4,579.3
1093,2,large_vehicle,0.2488,560.2,494.1,647.9,545.5
1093,1,car,0.1359,951.9,425.5,1023.3,470.1
1093,1,car,0.1128,563.7,493.3,648.1,545.1
1094,1,car,0.8514,473.9,668.1,600.4,758.4
1094,1,car,0.5945,556.0,493.4,647.7,545.4
1094,0,person,0.5192,1192.5,520.8,1214.3,581.3
1094,2,large_vehicle,0.4929,951.5,425.6,1022.4,470.0
1094,2,large_vehicle,0.3105,556.0,493.4,647.7,545.4
1094,0,person,0.2449,1039.2,424.2,1052.1,461.2
1094,0,person,0.2152,434.4,527.1,452.7,579.4
1094,1,car,0.1330,951.5,425.6,1022.4,470.0
1095,1,car,0.8477,473.9,668.3,600.3,758.4
1095,1,car,0.6100,556.0,493.5,647.7,545.4
1095,0,person,0.5214,1192.6,520.8,1214.3,581.4
1095,2,large_vehicle,0.4945,951.5,425.6,1022.3,470.0
1095,2,large_vehicle,0.2957,556.0,493.5,647.7,545.4
1095,0,person,0.2115,1039.3,424.1,1052.1,461.3
1095,0,person,0.2060,434.4,527.1,452.7,579.4
1095,1,car,0.1340,951.5,425.6,1022.3,470.0
1096,1,car,0.8242,460.6,670.7,586.8,760.7
1096,1,car,0.7507,556.2,493.8,648.9,545.5
1096,0,person,0.5661,1192.5,520.0,1214.4,581.6
1096,2,large_vehicle,0.4390,951.8,425.8,1023.7,470.2
1096,0,person,0.3388,435.2,526.4,454.6,578.7
1096,1,car,0.2717,951.8,425.8,1023.7,470.2
1096,0,person,0.2170,1038.9,423.8,1051.9,461.4
1096,2,large_vehicle,0.1267,556.2,493.8,648.9,545.5
1097,1,car,0.8328,460.6,670.7,586.6,760.7
1097,1,car,0.7207,556.7,493.8,648.7,545.5
1097,0,person,0.5628,1192.5,520.1,1214.4,581.6
1097,2,large_vehicle,0.4605,952.2,425.8,1023.0,470.2
1097,0,person,0.3569,435.2,526.4,454.6,578.6
1097,1,car,0.2437,952.2,425.8,1023.0,470.2
1097,0,person,0.2320,1038.9,424.1,1051.9,460.9
1097,2,large_vehicle,0.1625,556.7,493.8,648.7,545.5
1098,1,car,0.8325,460.6,670.7,586.7,760.7
1098,1,car,0.7478,556.5,493.8,648.8,545.5
1098,0,person,0.5683,1192.5,520.1,1214.4,581.7
1098,2,large_vehicle,0.4550,952.2,425.7,1023.1,470.2
1098,0,person,0.3602,435.2,526.3,454.6,578.7
1098,1,car,0.2332,952.2,425.7,1023.1,470.2
1098,0,person,0.1540,1039.0,423.9,1052.0,461.1
1098,2,large_vehicle,0.1313,556.5,493.8,648.8,545.5
1099,1,car,0.8402,445.5,672.9,573.2,763.5
1099,1,car,0.5978,558.8,493.9,648.7,545.2
1099,0,person,0.5671,1192.4,519.6,1214.6,581.7
1099,2,large_vehicle,0.4484,952.3,425.8,1022.9,470.1
1099,0,person,0.4283,436.1,525.8,455.7,576.8
1099,2,large_vehicle,0.2702,558.8,493.9,648.7,545.2
1099,0,person,0.2403,1038.5,424.3,1051.8,461.4
1099,1,car,0.2092,952.3,425.8,1022.9,470.1
1100,1,car,0.8381,445.5,672.9,573.2,763.5
1100,1,car,0.6204,558.8,493.8,648.7,545.2
1100,0,person,0.5614,1192.5,520.1,1214.6,581.9
1100,2,large_vehicle,0.4459,952.3,425.8,1022.8,470.1
1100,0,person,0.4100,436.1,525.8,455.7,576.8
1100,0,person,0.2486,1038.6,424.2,1051.7,461.3
1100,2,large_vehicle,0.2455,558.8,493.8,648.7,545.2
1100,1,car,0.2095,952.3,425.8,1022.8,470.1
1101,1,car,0.8576,433.1,676.9,559.1,764.6
1101,0,person,0.5264,1192.7,521.0,1214.3,581.7
1101,2,large_vehicle,0.4652,952.5,425.8,1023.3,470.0
1101,0,person,0.4648,436.3,525.9,456.2,577.4
1101,1,car,0.2657,563.6,493.4,648.2,545.0
1101,1,car,0.2055,952.5,425.8,1023.3,470.0
1101,1,car,0.1646,560.5,494.1,648.3,545.5
1101,2,large_vehicle,0.1419,563.6,493.4,648.2,545.0
1102,1,car,0.8612,433.1,676.9,559.0,764.6
1102,0,person,0.5041,1192.8,521.3,1214.4,581.9
1102,2,large_vehicle,0.4834,952.6,425.8,1023.3,470.0
1102,0,person,0.4732,436.3,525.9,456.2,577.4
1102,1,car,0.3847,560.1,494.0,648.2,545.5
1102,1,car,0.2229,563.4,493.3,648.0,545.0
1102,1,car,0.2010,952.6,425.8,1023.3,470.0
1102,2,large_vehicle,0.1270,560.1,494.0,648.2,545.5
1102,2,large_vehicle,0.1212,563.4,493.3,648.0,545.0
1103,1,car,0.8563,433.0,676.8,559.4,764.6
1103,1,car,0.6623,558.2,493.9,648.2,545.5
1103,0,person,0.4873,1192.7,520.8,1214.5,581.6
1103,2,large_vehicle,0.4844,952.7,425.6,1023.1,470.0
1103,0,person,0.4479,436.3,526.0,456.2,577.4
1103,2,large_vehicle,0.1978,558.2,493.9,648.2,545.5
1103,1,car,0.1712,952.7,425.6,1023.1,470.0
1104,1,car,0.7440,556.3,494.0,648.6,545.5
1104,1,car,0.5065,418.0,677.8,544.5,766.8
1104,0,person,0.4831,1192.6,520.3,1214.5,581.7
1104,2,large_vehicle,0.4533,951.7,425.4,1023.4,470.0
1104,4,other_vehicle,0.2937,418.0,677.8,544.5,766.8
1104,0,person,0.2417,437.8,525.8,459.5,575.7
1104,1,car,0.1692,951.7,425.4,1023.4,470.0
1104,2,large_vehicle,0.1345,556.3,494.0,648.6,545.5
1104,0,person,0.1171,436.5,525.6,457.4,576.2
1104,0,person,0.1021,439.7,525.4,458.5,569.2
1105,1,car,0.7361,556.3,494.1,648.5,545.5
1105,1,car,0.4960,418.4,677.8,544.5,766.8
1105,2,large_vehicle,0.4492,951.7,425.3,1023.4,470.0
1105,0,person,0.4132,1192.7,520.3,1214.4,581.7
1105,4,other_vehicle,0.2976,418.4,677.8,544.5,766.8
1105,0,person,0.2513,437.7,525.8,459.5,575.7
1105,1,car,0.1523,951.7,425.3,1023.4,470.0
1105,2,large_vehicle,0.1427,556.3,494.1,648.5,545.5
1105,0,person,0.1154,436.5,525.6,457.4,576.3
1106,1,car,0.8560,404.1,681.1,528.6,769.4
1106,1,car,0.7377,557.8,494.4,648.7,545.5
1106,0,person,0.5468,1192.7,519.7,1214.4,581.7
1106,2,large_vehicle,0.5220,951.3,425.4,1023.4,470.1
1106,0,person,0.2194,437.6,524.5,459.9,574.6
1106,1,car,0.1628,951.3,425.4,1023.4,470.1
1106,2,large_vehicle,0.1262,557.8,494.4,648.7,545.5
1107,1,car,0.8562,404.1,681.1,528.6,769.4
1107,1,car,0.7387,558.1,494.5,648.7,545.5
1107,0,person,0.5356,1192.7,519.7,1214.4,581.7
1107,2,large_vehicle,0.5341,951.4,425.3,1023.3,470.1
1107,0,person,0.2162,437.6,524.5,459.9,574.6
1107,1,car,0.1553,951.4,425.3,1023.3,470.1
1107,2,large_vehicle,0.1209,558.1,494.5,648.7,545.5
1108,1,car,0.8515,404.2,681.1,528.6,769.4
1108,1,car,0.7443,557.3,494.2,648.6,545.5
1108,2,large_vehicle,0.5345,951.3,425.4,1023.7,470.1
1108,0,person,0.5271,1192.7,519.9,1214.3,581.6
1108,0,person,0.2413,437.5,524.4,460.1,574.7
1108,1,car,0.1615,951.3,425.4,1023.7,470.1
1108,2,large_vehicle,0.1249,557.3,494.2,648.6,545.5
1109,1,car,0.6565,558.7,494.1,648.1,545.4
1109,1,car,0.6456,391.4,683.3,514.4,770.4
1109,0,person,0.4993,1192.8,521.0,1214.1,581.7
1109,2,large_vehicle,0.4918,952.7,425.3,1023.2,470.1
1109,2,large_vehicle,0.2059,558.7,494.1,648.1,545.4
1109,4,other_vehicle,0.1435,391.4,683.3,514.4,770.4
1109,1,car,0.1259,952.7,425.3,1023.2,470.1
1110,1,car,0.7218,380.3,684.6,502.4,773.7
1110,1,car,0.5505,560.4,494.2,648.6,545.4
1110,2,large_vehicle,0.5433,952.2,425.2,1023.7,470.1
1110,0,person,0.5280,1192.8,521.2,1214.1,581.6
1110,0,person,0.3047,443.7,522.2,463.7,561.6
1110,2,large_vehicle,0.2198,560.4,494.2,648.6,545.4
1110,1,car,0.1338,952.2,425.2,1023.7,470.1
1110,1,car,0.1031,563.1,493.3,648.8,544.9
1111,1,car,0.7256,380.3,684.6,502.3,773.7
1111,2,large_vehicle,0.5436,952.1,425.4,1023.7,470.1
1111,1,car,0.5410,559.9,494.0,648.4,545.3
1111,0,person,0.5277,1192.7,521.3,1214.1,581.5
1111,0,person,0.3134,443.7,522.2,463.7,561.5
1111,2,large_vehicle,0.2636,559.9,494.0,648.4,545.3
1111,1,car,0.1406,952.1,425.4,1023.7,470.1
1112,1,car,0.7230,380.3,684.6,502.3,773.7
1112,2,large_vehicle,0.5507,952.2,425.3,1023.7,470.1
1112,1,car,0.5388,559.9,494.0,648.2,545.3
1112,0,person,0.5107,1192.8,521.4,1214.2,581.5
1112,0,person,0.2874,443.6,522.2,463.7,561.8
1112,2,large_vehicle,0.2421,559.9,494.0,648.2,545.3
1112,1,car,0.1529,952.2,425.3,1023.7,470.1
1112,1,car,0.1055,563.3,493.2,648.5,544.9
1113,1,car,0.8542,366.7,687.9,486.2,774.3
1113,1,car,0.6187,556.6,494.0,647.9,545.3
1113,2,large_vehicle,0.5272,950.9,425.1,1022.8,469.9
1113,0,person,0.4691,1192.6,521.1,1214.4,581.4
1113,2,large_vehicle,0.2661,556.6,494.0,647.9,545.3
1113,1,car,0.1611,950.9,425.1,1022.8,469.9
1114,1,car,0.8549,366.6,687.9,486.2,774.3
1114,1,car,0.6535,556.2,493.9,647.8,545.3
1114,2,large_vehicle,0.5044,950.9,425.0,1023.2,469.9
1114,0,person,0.4277,1192.7,521.0,1214.6,581.3
1114,2,large_vehicle,0.2434,556.2,493.9,647.8,545.3
1114,1,car,0.1504,950.9,425.0,1023.2,469.9
1115,1,car,0.8028,353.1,691.1,474.0,778.2
1115,1,car,0.7135,556.3,493.8,647.9,545.5
1115,2,large_vehicle,0.5108,951.4,424.9,1023.6,470.0
1115,0,person,0.5066,1192.6,520.1,1214.7,581.4
1115,0,person,0.1870,445.7,521.4,466.4,559.8
1115,2,large_vehicle,0.1793,556.3,493.8,647.9,545.5
1115,0,person,0.1501,446.9,520.9,464.9,556.2
1115,1,car,0.1423,951.4,424.9,1023.6,470.0
1116,1,car,0.8029,353.0,691.1,474.0,778.2
1116,1,car,0.7102,556.3,493.8,647.9,545.5
1116,0,person,0.5189,1192.6,520.0,1214.6,581.4
1116,2,large_vehicle,0.5053,951.4,424.8,1023.6,470.0
1116,0,person,0.1867,445.7,521.4,466.4,559.8
1116,2,large_vehicle,0.1834,556.3,493.8,647.9,545.5
1116,0,person,0.1549,446.8,520.9,464.9,556.2
1116,1,car,0.1445,951.4,424.8,1023.6,470.0
1117,1,car,0.8078,353.0,691.1,474.1,778.2
1117,1,car,0.7507,555.9,493.8,648.0,545.5
1117,0,person,0.5054,1192.6,519.7,1214.7,581.3
1117,2,large_vehicle,0.4763,951.3,425.2,1023.7,470.0
1117,1,car,0.1929,951.3,425.2,1023.7,470.0
1117,0,person,0.1855,445.6,521.5,466.4,559.9
1117,0,person,0.1634,446.8,520.9,464.9,556.3
1117,2,large_vehicle,0.1353,555.9,493.8,648.0,545.5
1118,1,car,0.7534,341.9,693.0,458.6,778.9
1118,1,car,0.6803,557.6,494.0,648.1,545.2
1118,2,large_vehicle,0.5133,951.7,424.9,1023.3,470.0
1118,0,person,0.5009,1192.8,520.6,1214.5,581.3
1118,2,large_vehicle,0.1860,557.6,494.0,648.1,545.2
1118,1,car,0.1363,951.7,424.9,1023.3,470.0
1118,0,person,0.1170,448.5,520.2,465.8,555.0
1119,1,car,0.7800,341.9,693.1,458.7,778.9
1119,1,car,0.6853,557.6,494.0,648.2,545.2
1119,2,large_vehicle,0.5070,951.8,425.0,1023.0,470.0
1119,0,person,0.4818,1192.9,520.5,1214.4,580.8
1119,2,large_vehicle,0.1752,557.6,494.0,648.2,545.2
1119,1,car,0.1471,951.8,425.0,1023.0,470.0
1119,0,person,0.1155,448.5,520.2,465.9,554.9
1120,1,car,0.7400,328.1,695.7,449.6,781.0
1120,2,large_vehicle,0.5971,952.4,425.2,1022.0,470.0
1120,1,car,0.5175,560.1,493.9,648.5,545.3
1120,0,person,0.4558,1192.9,520.8,1214.4,580.6
1120,0,person,0.3378,451.0,519.4,471.2,559.4
1120,2,large_vehicle,0.2525,560.1,493.9,648.5,545.3
1120,0,person,0.1639,1035.6,423.6,1048.4,460.6
1120,0,person,0.1269,449.4,519.7,466.5,558.0
1120,1,car,0.1079,563.7,493.1,648.6,544.9
1121,1,car,0.7362,328.5,695.5,449.6,780.9
1121,2,large_vehicle,0.5976,952.1,425.0,1022.2,470.0
1121,1,car,0.5429,559.3,493.8,648.0,545.2
1121,0,person,0.4424,1193.0,520.9,1214.6,581.1
1121,0,person,0.3559,450.9,519.4,471.3,559.5
1121,2,large_vehicle,0.2704,559.3,493.8,648.0,545.2
1121,0,person,0.1772,1035.6,423.2,1048.4,461.1
1121,0,person,0.1258,449.4,519.7,466.4,558.0
1122,1,car,0.7403,328.2,695.5,449.6,780.9
1122,2,large_vehicle,0.6002,952.1,425.1,1021.9,470.0
1122,1,car,0.5389,559.3,493.8,648.0,545.2
1122,0,person,0.4263,1193.0,520.9,1214.6,581.0
1122,0,person,0.3561,451.0,519.4,471.3,559.5
1122,2,large_vehicle,0.2762,559.3,493.8,648.0,545.2
1122,0,person,0.1888,1035.6,423.5,1048.4,460.9
1122,0,person,0.1262,449.4,519.7,466.4,558.0
1123,1,car,0.7519,556.0,493.7,648.1,545.2
1123,1,car,0.7420,316.0,696.5,435.7,782.8
1123,0,person,0.4638,1192.9,520.0,1214.7,580.9
1123,2,large_vehicle,0.4374,950.4,425.4,1021.6,469.9
1123,1,car,0.2461,950.4,425.4,1021.6,469.9
1123,0,person,0.2335,452.3,520.2,472.5,558.2
1123,2,large_vehicle,0.1250,556.0,493.7,648.1,545.2
1124,1,car,0.7356,556.2,493.7,648.0,545.3
1124,1,car,0.7312,316.1,696.6,435.6,782.8
1124,0,person,0.4755,1192.8,520.2,1214.7,581.1
1124,2,large_vehicle,0.4293,950.6,425.4,1021.8,469.8
1124,0,person,0.2404,452.2,520.2,472.5,558.2
1124,1,car,0.2244,950.6,425.4,1021.8,469.8
1124,2,large_vehicle,0.1467,556.2,493.7,648.0,545.3
1124,0,person,0.1004,450.1,520.4,466.5,557.9
1125,1,car,0.8650,306.6,699.8,419.3,782.0
1125,1,car,0.7490,556.1,493.5,648.6,545.3
1125,2,large_vehicle,0.5404,951.1,424.9,1023.8,470.0
1125,0,person,0.5041,1192.8,519.9,1214.6,581.0
1125,3,motorcycle,0.2363,446.8,534.1,481.8,566.2
1125,0,person,0.2164,454.4,519.3,474.8,560.4
1125,1,car,0.1429,951.1,424.9,1023.8,470.0
1125,0,person,0.1197,459.3,518.6,480.9,559.8
1125,2,large_vehicle,0.1178,556.1,493.5,648.6,545.3
1125,0,person,0.1091,453.3,520.6,476.0,563.2
1126,1,car,0.8619,307.3,699.8,419.3,782.0
1126,1,car,0.7717,555.6,493.5,648.6,545.4
1126,2,large_vehicle,0.5204,951.1,424.8,1023.9,470.0
1126,0,person,0.4671,1192.8,519.5,1214.8,581.2
1126,3,motorcycle,0.2505,446.7,534.2,482.1,566.5
1126,0,person,0.2365,454.3,519.3,474.9,560.6
1126,1,car,0.1349,951.1,424.8,1023.9,470.0
1126,0,person,0.1249,459.2,518.6,481.0,560.0
1126,4,other_vehicle,0.1056,446.7,534.2,482.1,566.5
1127,1,car,0.8627,306.7,699.8,419.3,782.0
1127,1,car,0.7823,555.9,493.7,648.5,545.3
1127,2,large_vehicle,0.5528,951.1,424.9,1024.1,470.0
1127,0,person,0.5026,1192.8,519.7,1214.9,581.2
1127,3,motorcycle,0.2525,446.6,534.2,481.6,566.6
1127,0,person,0.2295,454.4,519.2,475.0,560.6
1127,0,person,0.1887,1034.6,422.9,1048.4,462.7
1127,1,car,0.1608,951.1,424.9,1024.1,470.0
1127,0,person,0.1248,459.3,518.4,480.8,560.1
1127,4,other_vehicle,0.1092,446.6,534.2,481.6,566.6
1128,1,car,0.6901,558.6,493.7,648.4,545.2
1128,0,person,0.4650,1192.8,519.4,1214.9,581.2
1128,1,car,0.4583,294.8,703.0,407.2,783.3
1128,2,large_vehicle,0.4271,951.7,425.3,1023.3,469.9
1128,0,person,0.3263,454.3,520.4,475.1,559.2
1128,3,motorcycle,0.2883,449.2,534.1,480.6,565.8
1128,1,car,0.2396,951.7,425.3,1023.3,469.9
1128,0,person,0.2046,1034.4,422.8,1048.3,462.7
1128,2,large_vehicle,0.1683,558.6,493.7,648.4,545.2
1128,0,person,0.1537,1031.9,422.8,1046.6,462.8
1129,1,car,0.6960,558.0,493.8,648.4,545.1
1129,0,person,0.4773,1192.8,519.5,1215.0,581.3
1129,1,car,0.4547,294.8,703.1,407.2,783.3
1129,2,large_vehicle,0.3495,951.6,425.5,1023.2,469.9
1129,0,person,0.3148,454.3,520.4,475.1,559.2
1129,3,motorcycle,0.2758,449.2,533.9,480.6,565.8
1129,0,person,0.2094,1034.5,422.9,1048.3,462.6
1129,1,car,0.2001,951.6,425.5,1023.2,469.9
1129,2,large_vehicle,0.1681,558.0,493.8,648.4,545.1
1129,0,person,0.1532,1032.0,422.9,1046.6,462.7
1130,1,car,0.7366,283.8,703.1,395.3,784.6
1130,1,car,0.5637,560.9,493.7,648.3,545.1
1130,2,large_vehicle,0.5549,952.0,425.2,1022.3,469.8
1130,0,person,0.3007,1193.1,520.6,1214.3,580.6
1130,2,large_vehicle,0.2573,560.9,493.7,648.3,545.1
1130,3,motorcycle,0.2492,450.4,532.6,481.6,565.3
1130,0,person,0.2458,455.8,521.0,475.8,557.5
1130,0,person,0.1545,1034.8,422.8,1047.9,460.3
1130,1,car,0.1125,952.0,425.2,1022.3,469.8
1130,0,person,0.1057,1032.4,422.8,1046.2,460.5
1131,1,car,0.7330,283.8,703.1,395.3,784.6
1131,2,large_vehicle,0.5666,951.9,425.2,1022.9,469.8
1131,1,car,0.5623,560.9,493.7,648.3,545.1
1131,0,person,0.3251,1193.2,520.6,1214.5,580.7
1131,3,motorcycle,0.2587,450.4,532.7,481.7,565.3
1131,2,large_vehicle,0.2578,560.9,493.7,648.3,545.1
1131,0,person,0.2521,455.8,521.0,475.8,557.7
1131,0,person,0.1573,1034.7,423.0,1047.9,460.6
1131,0,person,0.1243,1032.4,422.9,1046.2,460.7
1131,1,car,0.1186,951.9,425.2,1022.9,469.8
1132,1,car,0.7442,283.8,703.1,395.3,784.6
1132,1,car,0.5631,561.1,493.8,648.6,545.1
1132,2,large_vehicle,0.4498,951.9,425.2,1022.2,469.8
1132,0,person,0.3098,1193.2,520.8,1214.3,580.7
1132,3,motorcycle,0.2664,450.5,531.7,481.4,565.2
1132,0,person,0.2404,455.8,521.0,475.6,556.8
1132,2,large_vehicle,0.2374,561.1,493.8,648.6,545.1
1132,0,person,0.1526,1034.8,422.7,1047.9,460.4
1132,2,large_vehicle,0.1423,951.5,425.7,1021.1,469.8
1132,0,person,0.1059,1032.4,422.8,1046.2,460.6
1133,1,car,0.7114,558.7,493.9,648.5,545.2
1133,1,car,0.6603,269.0,705.0,382.3,786.1
1133,2,large_vehicle,0.4302,950.8,425.4,1020.8,469.8
1133,0,person,0.3190,1193.0,520.1,1214.4,580.8
1133,1,car,0.2468,950.8,425.4,1020.8,469.8
1133,0,person,0.2365,1032.3,423.5,1046.2,460.1
1133,2,large_vehicle,0.2063,21.2,779.5,98.3,842.0
1133,0,person,0.1515,1034.6,423.5,1047.7,459.6
1133,2,large_vehicle,0.1469,558.7,493.9,648.5,545.2
1134,1,car,0.7853,557.1,494.0,648.3,545.2
1134,1,car,0.4825,264.7,707.1,369.4,786.1
1134,2,large_vehicle,0.3919,949.3,425.3,1021.5,470.1
1134,0,person,0.3461,1032.2,424.2,1046.2,460.5
1134,0,person,0.3115,1193.0,519.1,1214.3,580.7
1134,1,car,0.2411,949.3,425.3,1021.5,470.1
1134,4,other_vehicle,0.1428,264.7,707.1,369.4,786.1
1134,0,person,0.1152,1034.4,424.3,1047.7,459.9
1135,1,car,0.7782,557.6,494.1,648.5,545.2
1135,1,car,0.4841,264.7,707.2,369.4,786.1
1135,2,large_vehicle,0.4123,949.6,425.4,1021.5,470.0
1135,0,person,0.3410,1032.2,424.2,1046.2,460.4
1135,0,person,0.3059,1193.0,519.0,1214.3,580.8
1135,1,car,0.2304,949.6,425.4,1021.5,470.0
1135,4,other_vehicle,0.1369,264.7,707.2,369.4,786.1
1135,0,person,0.1151,1034.4,424.3,1047.7,459.8
1136,1,car,0.7800,557.5,494.1,648.3,545.3
1136,1,car,0.4847,264.7,707.2,369.4,786.0
1136,2,large_vehicle,0.4262,950.2,425.1,1021.2,470.0
1136,0,person,0.3318,1032.2,424.2,1046.1,460.4
1136,0,person,0.3301,1192.9,519.4,1214.0,581.1
1136,1,car,0.2315,950.2,425.1,1021.2,470.0
1136,4,other_vehicle,0.1421,264.7,707.2,369.4,786.0
1136,0,person,0.1102,1034.4,424.4,1047.7,459.8
1137,1,car,0.6696,560.0,493.9,648.0,545.2
1137,2,large_vehicle,0.3889,952.4,425.2,1020.5,469.7
1137,4,other_vehicle,0.3374,254.0,707.9,357.5,788.2
1137,0,person,0.3350,1031.9,424.4,1046.0,460.7
1137,0,person,0.2557,1192.9,519.9,1214.0,581.2
1137,2,large_vehicle,0.1902,560.0,493.9,648.0,545.2
1137,1,car,0.1794,952.4,425.2,1020.5,469.7
1137,4,other_vehicle,0.1405,30.8,780.1,111.6,846.6
1137,1,car,0.1328,254.0,707.9,357.5,788.2
1137,2,large_vehicle,0.1263,30.8,780.1,111.6,846.6
1138,1,car,0.6769,558.1,493.7,648.1,545.2
1138,2,large_vehicle,0.3763,952.3,425.2,1021.1,469.7
1138,4,other_vehicle,0.3514,254.0,707.9,357.4,788.2
1138,0,person,0.3155,1031.9,424.1,1046.0,460.7
1138,0,person,0.2289,1192.9,519.5,1214.1,581.2
1138,1,car,0.1996,952.3,425.2,1021.1,469.7
1138,2,large_vehicle,0.1915,558.1,493.7,648.1,545.2
1138,4,other_vehicle,0.1547,30.8,780.0,111.5,846.6
1138,1,car,0.1245,254.0,707.9,357.4,788.2
1138,2,large_vehicle,0.1044,30.8,780.0,111.5,846.6
1139,4,other_vehicle,0.5269,243.5,709.3,347.0,788.5
1139,1,car,0.4554,561.8,494.3,648.3,545.0
1139,2,large_vehicle,0.4202,952.2,425.2,1021.3,469.8
1139,0,person,0.3717,1031.6,424.7,1045.9,463.4
1139,0,person,0.3014,1193.2,520.6,1214.0,581.0
1139,2,large_vehicle,0.2796,35.6,780.7,119.6,850.9
1139,1,car,0.2096,35.6,780.7,119.6,850.9
1139,1,car,0.1720,952.2,425.2,1021.3,469.8
1139,1,car,0.1521,243.5,709.3,347.0,788.5
1139,1,car,0.1456,564.3,493.5,648.4,544.6
1139,2,large_vehicle,0.1311,561.8,494.3,648.3,545.0
1140,4,other_vehicle,0.5284,243.5,709.3,347.0,788.5
1140,2,large_vehicle,0.4252,952.2,425.2,1021.3,469.8
1140,1,car,0.3873,562.0,494.4,648.3,544.9
1140,0,person,0.3716,1031.6,424.7,1045.9,463.5
1140,0,person,0.2962,1193.2,520.6,1214.0,581.0
1140,2,large_vehicle,0.2804,35.6,780.7,119.6,850.9
1140,1,car,0.2091,35.6,780.7,119.6,850.9
1140,1,car,0.1692,952.2,425.2,1021.3,469.8
1140,1,car,0.1588,564.4,493.5,648.4,544.6
1140,1,car,0.1500,243.5,709.3,347.0,788.5
1140,2,large_vehicle,0.1099,562.0,494.4,648.3,544.9
1141,4,other_vehicle,0.5191,243.5,709.3,347.0,788.5
1141,2,large_vehicle,0.3664,952.2,425.4,1021.4,469.8
1141,0,person,0.3129,1031.5,424.6,1045.8,463.0
1141,0,person,0.2920,1193.1,520.8,1213.9,581.0
1141,2,large_vehicle,0.2757,35.6,780.7,119.3,850.8
1141,1,car,0.2254,564.5,493.7,648.1,544.5
1141,1,car,0.1904,35.6,780.7,119.3,850.8
1141,1,car,0.1589,952.2,425.4,1021.4,469.8
1141,1,car,0.1548,243.5,709.3,347.0,788.5
1141,2,large_vehicle,0.1245,564.5,493.7,648.1,544.5
1142,1,car,0.6637,559.1,494.3,647.8,544.8
1142,0,person,0.4041,1031.3,424.9,1045.6,463.8
1142,2,large_vehicle,0.3907,951.0,425.5,1020.0,469.8
1142,0,person,0.3467,1193.1,520.4,1214.1,580.9
1142,1,car,0.3244,40.6,781.2,125.7,852.1
1142,2,large_vehicle,0.3037,40.6,781.2,125.7,852.1
1142,1,car,0.2410,951.0,425.5,1020.0,469.8
1142,2,large_vehicle,0.2051,559.1,494.3,647.8,544.8
1142,4,other_vehicle,0.1166,234.2,711.1,334.8,789.5
1142,1,car,0.1101,234.2,711.1,334.8,789.5
1143,1,car,0.6561,559.3,494.3,647.8,544.8
1143,2,large_vehicle,0.3983,951.0,425.5,1020.0,469.8
1143,0,person,0.3828,1031.4,424.9,1045.6,464.1
1143,0,person,0.3502,1193.1,520.4,1214.1,580.8
1143,1,car,0.3200,40.6,781.2,125.7,851.9
1143,2,large_vehicle,0.3066,40.6,781.2,125.7,851.9
1143,1,car,0.2383,951.0,425.5,1020.0,469.8
1143,2,large_vehicle,0.2110,559.3,494.3,647.8,544.8
1143,4,other_vehicle,0.1196,234.2,711.2,334.9,789.6
1143,1,car,0.1196,234.2,711.2,334.9,789.6
1144,1,car,0.7603,557.1,494.2,647.8,545.1
1144,1,car,0.4727,45.3,781.6,132.5,855.4
1144,2,large_vehicle,0.4443,951.0,425.6,1020.4,469.8
1144,0,person,0.4407,1030.9,424.9,1045.1,464.4
1144,0,person,0.3259,1193.2,520.7,1214.0,580.9
1144,2,large_vehicle,0.2869,45.3,781.6,132.5,855.4
1144,1,car,0.2718,223.9,714.5,323.1,791.2
1144,1,car,0.1722,951.0,425.6,1020.4,469.8
1144,2,large_vehicle,0.1339,557.1,494.2,647.8,545.1
1145,1,car,0.7281,557.7,494.2,648.0,545.1
1145,2,large_vehicle,0.4737,951.1,425.2,1020.4,469.8
1145,0,person,0.4589,1030.5,425.0,1044.8,464.4
1145,1,car,0.4495,45.3,781.5,132.6,855.4
1145,0,person,0.3423,1193.1,520.8,1214.1,581.0
1145,2,large_vehicle,0.3079,45.3,781.5,132.6,855.4
1145,1,car,0.2556,223.9,714.6,323.2,791.1
1145,1,car,0.1935,951.1,425.2,1020.4,469.8
1145,2,large_vehicle,0.1685,557.7,494.2,648.0,545.1
1146,1,car,0.7344,557.7,494.2,648.0,545.2
1146,1,car,0.4505,45.3,781.5,132.6,855.4
1146,0,person,0.4470,1030.7,424.9,1044.9,464.0
1146,2,large_vehicle,0.4356,951.0,425.4,1020.2,469.8
1146,0,person,0.3357,1193.1,520.9,1214.1,581.0
1146,2,large_vehicle,0.3080,45.3,781.5,132.6,855.4
1146,1,car,0.2613,223.9,714.6,323.2,791.2
1146,1,car,0.2090,951.0,425.4,1020.2,469.8
1146,2,large_vehicle,0.1616,557.7,494.2,648.0,545.2
1147,1,car,0.6927,559.5,494.1,648.2,545.0
1147,1,car,0.6370,49.2,780.6,139.8,857.8
1147,0,person,0.4584,1030.3,424.7,1044.6,465.0
1147,1,car,0.3779,214.9,714.3,311.8,792.1
1147,0,person,0.3741,1193.1,519.9,1214.1,580.7
1147,2,large_vehicle,0.3356,952.8,425.0,1022.2,469.5
1147,1,car,0.2199,952.8,425.0,1022.2,469.5
1147,2,large_vehicle,0.1642,559.5,494.1,648.2,545.0
1148,1,car,0.6855,560.1,494.1,648.2,545.0
1148,1,car,0.6317,49.1,780.7,139.8,857.9
1148,0,person,0.4200,1030.2,424.7,1044.7,464.0
1148,1,car,0.3932,214.8,714.3,311.8,792.4
1148,0,person,0.3725,1193.1,519.9,1214.2,580.8
1148,2,large_vehicle,0.3501,952.8,425.2,1020.3,469.4
1148,1,car,0.1994,952.8,425.2,1020.3,469.4
1148,2,large_vehicle,0.1632,560.1,494.1,648.2,545.0
1149,1,car,0.5341,206.1,716.8,301.0,792.4
1149,0,person,0.4976,1029.8,424.8,1044.1,463.3
1149,1,car,0.4730,55.0,781.7,146.9,859.2
1149,2,large_vehicle,0.3821,952.3,425.3,1019.8,469.5
1149,0,person,0.3370,1193.2,520.3,1213.9,580.6
1149,1,car,0.2473,564.3,493.4,647.8,544.6
1149,1,car,0.1904,952.3,425.3,1019.8,469.5
1149,2,large_vehicle,0.1787,564.3,493.4,647.8,544.6
1150,1,car,0.5271,206.1,716.8,300.9,792.2
1150,0,person,0.4924,1029.8,424.8,1044.0,463.3
1150,1,car,0.4744,55.2,781.8,146.9,859.3
1150,2,large_vehicle,0.3818,952.5,425.3,1019.9,469.5
1150,0,person,0.3318,1193.2,520.0,1213.9,580.7
1150,1,car,0.2790,564.9,493.4,648.0,544.6
1150,2,large_vehicle,0.2064,564.9,493.4,648.0,544.6
1150,1,car,0.1812,952.5,425.3,1019.9,469.5
1151,1,car,0.5368,206.1,716.8,301.1,792.4
1151,0,person,0.4872,1029.9,424.6,1043.7,463.3
1151,1,car,0.4766,55.2,781.7,146.9,859.2
1151,2,large_vehicle,0.4002,952.3,425.4,1019.5,469.6
1151,0,person,0.2879,1193.2,520.1,1213.8,580.6
1151,1,car,0.2496,561.5,494.2,647.9,545.0
1151,1,car,0.1937,952.3,425.4,1019.5,469.6
1151,2,large_vehicle,0.1606,561.5,494.2,647.9,545.0
1151,1,car,0.1569,564.1,493.4,647.8,544.6
1151,2,large_vehicle,0.1503,564.1,493.4,647.8,544.6
1152,1,car,0.6706,557.9,494.2,648.0,545.0
1152,1,car,0.5599,61.2,781.0,155.0,861.7
1152,0,person,0.4961,1029.3,424.5,1043.2,464.2
1152,2,large_vehicle,0.4291,952.1,425.3,1019.4,469.5
1152,1,car,0.3833,197.4,717.8,290.5,793.1
1152,0,person,0.2970,1193.2,520.3,1213.9,580.6
1152,1,car,0.2408,952.1,425.3,1019.4,469.5
1152,2,large_vehicle,0.2104,557.9,494.2,648.0,545.0
1153,1,car,0.6855,557.5,494.1,648.0,544.9
1153,1,car,0.5564,61.3,781.1,154.8,861.7
1153,0,person,0.4772,1029.4,424.3,1043.3,464.0
1153,2,large_vehicle,0.4012,952.0,425.5,1019.3,469.5
1153,1,car,0.3835,197.4,717.8,290.5,793.1
1153,0,person,0.2939,1193.3,520.6,1213.9,580.5
1153,1,car,0.2653,952.0,425.5,1019.3,469.5
1153,2,large_vehicle,0.1888,557.5,494.1,648.0,544.9
1154,1,car,0.6798,559.4,494.2,648.0,545.0
1154,2,large_vehicle,0.5272,951.2,425.2,1019.0,469.5
1154,0,person,0.4712,1028.7,424.6,1043.7,464.2
1154,1,car,0.4075,188.7,719.5,281.3,793.9
1154,1,car,0.3724,62.5,782.4,161.4,863.5
1154,0,person,0.3085,1193.3,520.0,1213.9,580.7
1154,2,large_vehicle,0.2117,559.4,494.2,648.0,545.0
1154,1,car,0.1607,951.2,425.2,1019.0,469.5
1155,1,car,0.6972,559.5,494.4,648.0,545.0
1155,2,large_vehicle,0.5265,951.2,425.2,1018.9,469.5
1155,0,person,0.4668,1028.7,424.5,1043.7,464.1
1155,1,car,0.4082,188.7,719.6,281.3,793.9
1155,1,car,0.3756,62.6,782.4,161.4,863.4
1155,0,person,0.3107,1193.3,520.0,1213.8,580.8
1155,2,large_vehicle,0.1880,559.5,494.4,648.0,545.0
1155,1,car,0.1630,951.2,425.2,1018.9,469.5
1156,1,car,0.7655,558.1,494.3,648.0,545.1
1156,2,large_vehicle,0.4844,951.0,425.4,1019.1,469.4
1156,0,person,0.4772,1028.8,424.5,1043.8,463.9
1156,1,car,0.4092,188.8,719.7,281.3,793.9
1156,1,car,0.3657,62.7,782.3,161.4,863.6
1156,0,person,0.2520,1193.2,519.9,1213.8,580.6
1156,1,car,0.1922,951.0,425.4,1019.1,469.4
1156,2,large_vehicle,0.1303,558.1,494.3,648.0,545.1
1157,0,person,0.5500,1027.8,424.2,1042.7,463.3
1157,2,large_vehicle,0.4235,952.3,425.4,1019.7,469.5
1157,1,car,0.4000,179.9,720.5,270.6,794.6
1157,1,car,0.3750,64.7,782.7,167.6,864.8
1157,0,person,0.3229,1193.2,520.1,1213.8,580.7
1157,1,car,0.2477,563.8,493.7,647.7,544.6
1157,1,car,0.2010,952.3,425.4,1019.7,469.5
1157,1,car,0.1167,561.4,494.5,647.8,544.9
1157,2,large_vehicle,0.1106,563.8,493.7,647.7,544.6
1158,1,car,0.5661,74.8,783.0,177.3,864.1
1158,0,person,0.4800,1027.4,424.1,1042.3,462.6
1158,2,large_vehicle,0.4349,952.2,425.5,1019.6,469.6
1158,1,car,0.4235,171.4,722.4,261.0,794.5
1158,1,car,0.3862,565.3,493.9,647.6,544.6
1158,0,person,0.2966,1193.3,520.3,1213.8,580.4
1158,2,large_vehicle,0.2327,565.3,493.9,647.6,544.6
1158,1,car,0.2036,171.4,722.7,261.1,794.2
1158,1,car,0.1492,952.2,425.5,1019.6,469.6
1159,1,car,0.5642,74.9,782.8,177.3,864.2
1159,0,person,0.4969,1027.5,424.0,1042.3,462.7
1159,1,car,0.4323,171.5,722.4,261.0,794.6
1159,2,large_vehicle,0.4233,952.1,425.5,1020.3,469.6
1159,1,car,0.3029,565.0,493.8,647.6,544.5
1159,0,person,0.2561,1193.2,520.0,1213.8,580.3
1159,2,large_vehicle,0.2074,565.0,493.8,647.6,544.5
1159,1,car,0.1632,952.1,425.5,1020.3,469.6
1159,1,car,0.1013,171.5,722.6,261.1,794.3
1160,1,car,0.5690,74.7,783.1,177.3,864.0
1160,0,person,0.4816,1027.5,424.1,1042.4,462.4
1160,1,car,0.4459,171.4,722.4,261.0,794.5
1160,2,large_vehicle,0.3550,952.5,425.6,1021.1,469.6
1160,1,car,0.3162,565.2,493.6,647.9,544.5
1160,0,person,0.2548,1193.3,520.0,1213.8,580.2
1160,2,large_vehicle,0.1988,565.2,493.6,647.9,544.5
1160,1,car,0.1694,952.5,425.6,1021.1,469.6
1161,1,car,0.7217,558.8,494.5,648.1,544.6
1161,0,person,0.4794,1026.7,424.4,1042.0,462.8
1161,1,car,0.3974,162.5,723.8,251.5,794.1
1161,2,large_vehicle,0.3881,951.1,425.5,1022.1,469.5
1161,1,car,0.3790,79.1,784.1,185.1,865.6
1161,1,car,0.2652,951.1,425.5,1022.1,469.5
1161,0,person,0.2487,1193.2,519.4,1214.0,580.0
1161,2,large_vehicle,0.1431,558.8,494.5,648.1,544.6
1161,2,large_vehicle,0.1425,79.1,784.1,185.1,865.6
1162,1,car,0.7244,558.6,494.4,648.0,544.6
1162,0,person,0.4956,1026.6,424.5,1042.2,462.9
1162,1,car,0.3968,162.5,723.7,251.7,794.1
1162,1,car,0.3811,79.2,784.1,185.1,865.6
1162,2,large_vehicle,0.3438,951.0,425.6,1022.2,469.5
1162,1,car,0.2876,951.0,425.6,1022.2,469.5
1162,0,person,0.2182,1193.4,519.5,1214.3,580.0
1162,2,large_vehicle,0.1426,558.6,494.4,648.0,544.6
1162,2,large_vehicle,0.1273,79.2,784.1,185.1,865.6
1163,1,car,0.7195,559.1,494.4,649.5,544.7
1163,0,person,0.4626,1025.8,424.6,1041.8,464.1
1163,1,car,0.4445,85.9,778.5,194.9,868.7
1163,1,car,0.3399,153.9,722.9,241.5,794.6
1163,2,large_vehicle,0.3325,951.8,425.3,1024.8,469.3
1163,0,person,0.2390,1193.4,519.3,1214.2,580.1
1163,1,car,0.2026,951.8,425.3,1024.8,469.3
1163,2,large_vehicle,0.1208,559.1,494.4,649.5,544.7
1164,1,car,0.7193,559.1,494.4,649.4,544.7
1164,0,person,0.4652,1025.8,424.5,1041.8,464.1
1164,1,car,0.4438,86.1,778.5,194.9,868.7
1164,1,car,0.3411,153.9,722.9,241.5,794.6
1164,2,large_vehicle,0.3377,951.8,425.3,1024.8,469.4
1164,0,person,0.2427,1193.4,519.4,1214.2,580.2
1164,1,car,0.2119,951.8,425.3,1024.8,469.4
1164,2,large_vehicle,0.1202,559.1,494.4,649.4,544.7
1165,1,car,0.7633,558.9,494.3,649.4,544.7
1165,0,person,0.4278,1025.8,424.6,1041.9,464.1
1165,1,car,0.4267,85.7,778.7,194.8,868.7
1165,1,car,0.3253,154.1,722.9,241.4,794.5
1165,2,large_vehicle,0.2739,951.8,425.6,1024.4,469.4
1165,0,person,0.2140,1193.3,519.2,1214.2,580.1
1165,1,car,0.1571,951.8,425.6,1024.4,469.4
1165,2,large_vehicle,0.1026,952.4,425.3,1023.5,469.2
1166,1,car,0.7267,559.8,494.1,648.0,544.6
1166,1,car,0.3478,83.7,782.3,202.9,865.2
1166,0,person,0.3046,1026.2,424.7,1041.4,464.0
1166,0,person,0.2889,1193.5,519.6,1214.2,580.1
1166,2,large_vehicle,0.2768,953.1,425.1,1025.5,469.4
1166,1,car,0.2205,147.3,724.7,231.2,793.2
1166,1,car,0.2031,953.1,425.1,1025.5,469.4
1166,1,car,0.1648,562.4,493.2,647.8,544.4
1166,2,large_vehicle,0.1145,559.8,494.1,648.0,544.6
1167,1,car,0.7275,559.9,494.2,648.2,544.6
1167,1,car,0.3572,85.1,782.4,202.9,865.1
1167,2,large_vehicle,0.3313,953.0,425.1,1025.7,469.2
1167,0,person,0.3264,1026.0,424.8,1041.2,464.3
1167,0,person,0.2488,1193.4,519.6,1214.2,580.0
1167,1,car,0.2481,953.0,425.1,1025.7,469.2
1167,1,car,0.2160,147.3,724.7,231.3,793.1
1167,1,car,0.1651,562.5,493.3,648.2,544.4
1167,2,large_vehicle,0.1091,559.9,494.2,648.2,544.6
1168,1,car,0.3426,140.2,724.6,221.8,793.5
1168,0,person,0.3155,1025.4,424.7,1040.4,463.5
1168,2,large_vehicle,0.3139,953.6,424.6,1031.3,468.9
1168,1,car,0.2835,564.1,493.5,648.7,544.3
1168,0,person,0.2660,1193.4,520.1,1214.1,580.3
1168,2,large_vehicle,0.2108,103.8,783.6,211.6,866.3
1168,1,car,0.2032,103.8,783.6,211.6,866.3
1168,1,car,0.1760,561.8,494.3,648.6,544.5
1168,2,large_vehicle,0.1717,953.7,425.2,1027.9,469.3
1168,1,car,0.1161,953.7,425.2,1027.9,469.3
1168,2,large_vehicle,0.1053,564.1,493.5,648.7,544.3
1169,0,person,0.3337,1025.6,425.0,1040.6,463.8
1169,1,car,0.3318,140.1,724.6,221.8,793.7
1169,2,large_vehicle,0.3034,953.9,424.7,1031.8,468.9
1169,1,car,0.2629,564.2,493.5,648.8,544.3
1169,1,car,0.2622,562.1,494.4,648.7,544.5
1169,0,person,0.2379,1193.4,520.1,1214.0,580.0
1169,1,car,0.2139,103.8,783.6,211.6,866.2
1169,2,large_vehicle,0.2059,103.8,783.6,211.6,866.2
1169,2,large_vehicle,0.1121,953.8,425.2,1029.3,469.2
1169,2,large_vehicle,0.1046,564.2,493.5,648.8,544.3
1170,1,car,0.3441,140.1,724.6,221.8,793.6
1170,0,person,0.3333,1025.4,424.8,1040.7,463.7
1170,0,person,0.2716,1193.4,520.0,1214.0,580.1
1170,2,large_vehicle,0.2695,954.0,424.6,1031.3,468.9
1170,1,car,0.2686,564.2,493.5,648.9,544.3
1170,1,car,0.2425,562.1,494.3,648.8,544.5
1170,1,car,0.2109,103.9,783.6,211.6,866.2
1170,2,large_vehicle,0.2102,103.9,783.6,211.6,866.2
1170,2,large_vehicle,0.1734,953.9,425.2,1027.8,469.2
1170,1,car,0.1114,953.9,425.2,1027.8,469.2
1170,2,large_vehicle,0.1055,564.2,493.5,648.9,544.3
1171,1,car,0.7034,559.3,494.3,648.9,544.5
1171,2,large_vehicle,0.3860,952.2,424.6,1032.2,468.8
1171,1,car,0.2399,109.5,783.8,220.4,867.7
1171,0,person,0.2348,1025.3,425.0,1040.2,464.9
1171,0,person,0.2209,1193.3,520.2,1214.0,579.8
1171,1,car,0.2180,132.9,725.0,213.9,794.0
1171,1,car,0.2121,952.2,424.6,1032.2,468.8
1171,2,large_vehicle,0.1196,559.3,494.3,648.9,544.5
1172,1,car,0.6867,559.7,494.5,649.2,544.6
1172,2,large_vehicle,0.4410,952.0,424.5,1033.3,468.8
1172,0,person,0.3143,1025.1,424.7,1040.0,465.1
1172,1,car,0.2524,109.6,783.7,220.3,867.7
1172,0,person,0.2306,1193.4,519.7,1214.2,579.7
1172,1,car,0.2117,132.8,724.9,213.8,794.1
1172,1,car,0.1787,562.5,493.8,649.5,544.4
1172,1,car,0.1735,952.0,424.5,1033.3,468.8
1172,2,large_vehicle,0.1262,951.6,425.0,1029.1,469.1
1172,1,car,0.1154,951.6,425.0,1029.1,469.1
1173,1,car,0.7512,559.6,494.4,649.3,544.4
1173,0,person,0.4932,1024.9,425.0,1040.1,465.6
1173,1,car,0.4418,117.8,782.7,229.5,869.7
1173,1,car,0.3345,125.0,725.9,205.1,793.5
1173,0,person,0.2155,1193.6,520.1,1214.3,579.5
1173,2,large_vehicle,0.1669,952.2,424.6,1031.0,468.6
1173,1,car,0.1636,951.7,425.0,1028.5,469.0
1173,1,car,0.1573,561.7,493.8,649.3,544.2
1173,2,large_vehicle,0.1420,951.7,425.0,1028.5,469.0
1174,1,car,0.7632,559.6,494.5,649.3,544.5
1174,0,person,0.4444,1024.8,424.6,1039.6,465.2
1174,1,car,0.4400,117.9,782.7,229.5,869.7
1174,1,car,0.3362,125.0,725.9,205.1,793.5
1174,0,person,0.2199,1193.8,520.3,1214.5,579.7
1174,1,car,0.1961,951.4,425.1,1027.1,469.0
1174,1,car,0.1950,561.7,493.8,649.3,544.2
1174,2,large_vehicle,0.1825,951.4,425.1,1027.1,469.0
1174,2,large_vehicle,0.1348,952.1,424.6,1031.2,468.6
1175,1,car,0.7556,560.4,494.2,649.2,544.4
1175,0,person,0.4609,1024.7,424.5,1040.0,465.4
1175,1,car,0.4572,117.7,782.7,229.6,869.3
1175,1,car,0.3338,125.0,725.8,205.3,793.4
1175,0,person,0.2495,1193.6,519.8,1214.3,579.7
1175,2,large_vehicle,0.1935,952.0,424.4,1031.9,468.5
1175,1,car,0.1908,562.1,493.5,649.3,544.1
1175,1,car,0.1829,951.2,425.0,1027.1,468.9
1175,2,large_vehicle,0.1773,951.2,425.0,1027.1,468.9
1176,1,car,0.7176,559.9,494.0,648.9,544.3
1176,0,person,0.4968,1024.4,424.3,1039.0,463.9
1176,1,car,0.3253,124.7,782.0,238.5,869.9
1176,2,large_vehicle,0.2419,953.1,425.1,1025.5,468.6
1176,1,car,0.2239,953.1,425.1,1025.5,468.6
1176,0,person,0.2034,1193.5,519.6,1214.3,579.8
1176,1,car,0.1741,118.8,726.6,196.8,794.9
1176,1,car,0.1711,562.0,493.1,648.9,544.1
1177,1,car,0.7307,559.7,493.9,648.9,544.2
1177,0,person,0.4914,1024.4,424.3,1039.2,463.9
1177,1,car,0.3330,124.8,782.1,238.5,869.9
1177,1,car,0.2684,952.7,425.1,1025.8,468.5
1177,2,large_vehicle,0.2218,952.7,425.1,1025.8,468.5
1177,0,person,0.1828,1193.5,519.5,1214.3,580.2
1177,1,car,0.1757,118.8,726.7,196.8,794.9
1177,1,car,0.1456,561.8,493.0,648.9,544.0
1178,0,person,0.5335,1024.5,425.9,1039.0,463.7
1178,0,person,0.4605,1193.4,520.4,1213.8,580.5
1178,1,car,0.3865,564.0,493.3,649.6,543.9
1178,2,large_vehicle,0.3736,953.2,425.1,1022.4,468.3
1178,1,car,0.2296,953.2,425.1,1022.4,468.3
1178,2,large_vehicle,0.1207,564.0,493.3,649.6,543.9
1178,0,person,0.1071,487.4,511.6,505.2,546.9
1179,0,person,0.5353,1024.5,425.8,1039.0,463.7
1179,0,person,0.4201,1193.4,520.1,1213.9,580.4
1179,2,large_vehicle,0.3860,953.2,425.1,1021.7,468.3
1179,1,car,0.3814,564.1,493.3,649.6,543.9
1179,1,car,0.2314,953.2,425.1,1021.7,468.3
1179,2,large_vehicle,0.1236,564.1,493.3,649.6,543.9
1179,0,person,0.1014,487.4,511.6,505.2,546.9
1180,0,person,0.5415,1024.5,425.9,1038.9,463.7
1180,1,car,0.4346,564.1,493.4,649.6,544.0
1180,0,person,0.4218,1193.4,520.1,1213.8,580.6
1180,2,large_vehicle,0.3753,953.2,425.1,1022.1,468.3
1180,1,car,0.2439,953.2,425.1,1022.1,468.3
1180,2,large_vehicle,0.1378,564.1,493.4,649.6,544.0
1180,0,person,0.1110,487.3,511.5,505.1,546.9
1181,1,car,0.6135,558.8,493.7,647.9,544.4
1181,0,person,0.4514,1024.3,425.4,1038.6,463.8
1181,1,car,0.3544,952.3,425.0,1025.1,468.1
1181,1,car,0.3276,139.3,781.1,255.9,871.4
1181,0,person,0.2949,1193.5,519.3,1214.2,580.2
1181,1,car,0.2921,562.3,492.9,647.6,544.1
1181,2,large_vehicle,0.2804,952.3,425.0,1025.1,468.1
1181,1,car,0.1067,106.5,728.0,181.6,795.8
1182,1,car,0.6035,147.7,781.6,267.4,871.6
1182,0,person,0.4879,1023.9,425.6,1038.0,463.9
1182,1,car,0.3716,562.5,493.1,648.3,544.0
1182,2,large_vehicle,0.3616,951.4,424.8,1023.7,468.0
1182,0,person,0.3261,1193.7,519.8,1214.1,579.9
1182,1,car,0.3105,951.4,424.8,1023.7,468.0
1182,1,car,0.2500,559.9,493.8,648.5,544.4
1182,1,car,0.1058,100.1,730.0,172.6,795.8
1183,1,car,0.5948,147.8,781.6,267.3,871.6
1183,0,person,0.4784,1024.0,425.5,1038.0,463.8
1183,1,car,0.3824,562.3,493.2,648.3,544.0
1183,2,large_vehicle,0.3725,951.4,424.8,1023.8,468.0
1183,1,car,0.3146,951.4,424.8,1023.8,468.0
1183,0,person,0.2821,1193.7,519.0,1214.2,579.8
1183,1,car,0.2715,559.7,493.8,648.5,544.4
1183,1,car,0.1076,100.2,730.0,172.6,795.8
1184,1,car,0.5999,147.7,781.6,267.3,871.6
1184,0,person,0.4998,1024.0,425.6,1038.3,464.1
1184,1,car,0.4340,559.7,493.8,648.5,544.4
1184,1,car,0.3413,562.3,493.2,648.3,544.0
1184,2,large_vehicle,0.3413,951.5,424.8,1024.4,468.1
1184,1,car,0.2859,951.5,424.8,1024.4,468.1
1184,0,person,0.2340,1193.6,519.0,1214.1,579.8
1184,1,car,0.1026,100.3,730.0,172.6,795.7
1185,1,car,0.6055,156.4,782.4,278.4,872.1
1185,1,car,0.4634,563.5,493.2,648.4,543.9
1185,2,large_vehicle,0.3383,952.6,425.0,1022.4,468.0
1185,0,person,0.3112,1024.0,425.2,1038.7,463.3
1185,0,person,0.2386,1193.6,518.5,1214.2,580.1
1185,1,car,0.2305,952.6,425.0,1022.4,468.0
1185,1,car,0.1538,92.7,730.5,165.4,794.5
1185,2,large_vehicle,0.1351,563.5,493.2,648.4,543.9
1186,1,car,0.5896,156.4,782.4,278.3,872.2
1186,1,car,0.4547,563.3,493.1,648.4,543.9
1186,2,large_vehicle,0.3346,952.8,425.1,1022.9,468.0
1186,0,person,0.2977,1024.1,425.2,1038.6,463.1
1186,0,person,0.2351,1193.4,518.1,1214.2,579.9
1186,1,car,0.2181,952.8,425.1,1022.9,468.0
1186,1,car,0.1544,92.7,730.4,165.4,794.6
1186,2,large_vehicle,0.1358,563.3,493.1,648.4,543.9
1187,1,car,0.5452,559.8,493.3,648.6,544.1
1187,1,car,0.3740,164.3,782.8,286.8,871.6
1187,0,person,0.2733,1193.5,519.1,1213.8,579.8
1187,0,person,0.2733,1024.0,425.5,1039.8,464.3
1187,2,large_vehicle,0.2703,952.9,425.0,1022.3,467.8
1187,2,large_vehicle,0.2427,164.3,782.8,286.8,871.6
1187,2,large_vehicle,0.2124,559.8,493.3,648.6,544.1
1187,1,car,0.1966,86.6,731.3,158.1,796.3
1187,1,car,0.1805,563.1,492.5,648.7,543.8
1187,1,car,0.1533,952.9,425.0,1022.3,467.8
1188,1,car,0.4156,560.0,493.5,648.6,544.1
1188,1,car,0.3747,164.3,782.8,286.8,871.5
1188,0,person,0.2701,1024.0,425.5,1039.5,464.2
1188,2,large_vehicle,0.2688,953.0,425.1,1021.9,467.8
1188,0,person,0.2628,1193.6,519.2,1213.8,579.8
1188,2,large_vehicle,0.2416,164.3,782.8,286.8,871.5
1188,1,car,0.2400,563.2,492.7,648.6,543.8
1188,1,car,0.1960,86.6,731.3,158.1,796.3
1188,1,car,0.1585,953.0,425.1,1021.9,467.8
1188,2,large_vehicle,0.1362,560.0,493.5,648.6,544.1
1189,1,car,0.3674,560.6,493.4,648.7,544.0
1189,1,car,0.3582,164.4,782.8,286.7,871.6
1189,2,large_vehicle,0.2591,953.0,425.0,1022.3,467.8
1189,0,person,0.2584,1024.0,425.5,1039.5,464.2
1189,2,large_vehicle,0.2532,164.4,782.8,286.7,871.6
1189,1,car,0.2418,563.6,492.7,648.8,543.8
1189,0,person,0.2409,1193.5,519.5,1213.8,579.9
1189,1,car,0.2076,86.6,731.2,158.2,796.4
1189,1,car,0.1507,953.0,425.0,1022.3,467.8
1189,2,large_vehicle,0.1270,560.6,493.4,648.7,544.0
1189,2,large_vehicle,0.1023,563.6,492.7,648.8,543.8
1190,1,car,0.6019,172.4,780.8,297.3,872.8
1190,1,car,0.5243,559.4,493.4,648.2,544.0
1190,1,car,0.3709,80.3,730.0,151.0,799.7
1190,2,large_vehicle,0.3373,952.2,424.9,1021.2,467.7
1190,0,person,0.3101,1193.3,518.2,1214.2,579.5
1190,2,large_vehicle,0.2324,559.4,493.4,648.2,544.0
1190,0,person,0.2164,1024.3,425.3,1039.2,464.0
1190,1,car,0.1919,562.3,492.7,647.9,543.8
1190,1,car,0.1892,952.2,424.9,1021.2,467.7
1190,2,large_vehicle,0.1014,562.3,492.7,647.9,543.8
1191,1,car,0.5979,172.4,780.8,297.3,872.7
1191,1,car,0.5247,559.4,493.4,648.2,544.0
1191,2,large_vehicle,0.3780,952.4,424.9,1021.1,467.7
1191,1,car,0.3633,80.3,730.0,151.0,799.8
1191,0,person,0.3577,1193.4,518.4,1214.1,579.6
1191,2,large_vehicle,0.2286,559.4,493.4,648.2,544.0
1191,1,car,0.1982,562.3,492.7,648.0,543.8
1191,0,person,0.1765,1024.2,425.1,1038.5,463.7
1191,1,car,0.1583,952.4,424.9,1021.1,467.7
1191,2,large_vehicle,0.1032,562.3,492.7,648.0,543.8
1192,1,car,0.5174,181.3,780.7,310.0,872.6
1192,1,car,0.4176,75.1,729.9,143.3,798.0
1192,1,car,0.4147,562.5,493.3,648.7,543.7
1192,2,large_vehicle,0.3700,951.6,424.7,1022.3,467.8
1192,0,person,0.2758,1193.4,517.7,1214.3,579.6
1192,1,car,0.1683,951.6,424.7,1022.3,467.8
1192,2,large_vehicle,0.1187,562.5,493.3,648.7,543.7
1193,1,car,0.5071,181.3,780.9,309.8,872.5
1193,1,car,0.4654,559.6,493.9,648.9,543.9
1193,1,car,0.3990,75.2,730.1,143.3,797.8
1193,2,large_vehicle,0.3590,951.7,424.9,1022.6,467.8
1193,1,car,0.3240,562.0,493.2,648.7,543.7
1193,0,person,0.2179,1193.4,517.5,1214.1,579.7
1193,1,car,0.2119,951.7,424.9,1022.6,467.8
1194,1,car,0.5119,181.3,780.9,309.8,872.5
1194,1,car,0.4430,559.6,493.9,648.9,543.9
1194,1,car,0.4068,75.2,730.0,143.3,797.8
1194,2,large_vehicle,0.3662,951.7,424.8,1022.7,467.8
1194,1,car,0.3372,561.9,493.3,648.7,543.7
1194,0,person,0.2168,1193.4,517.4,1214.2,579.7
1194,1,car,0.1953,951.7,424.8,1022.7,467.8
1195,1,car,0.4256,562.9,493.0,648.5,543.7
1195,1,car,0.3808,190.4,782.2,320.7,871.8
1195,2,large_vehicle,0.3054,953.3,424.8,1024.7,467.6
1195,1,car,0.2917,69.6,731.6,137.1,795.1
1195,2,large_vehicle,0.2612,190.4,782.2,320.7,871.8
1195,1,car,0.1989,953.3,424.8,1024.7,467.6
1195,0,person,0.1810,1193.3,518.0,1213.9,579.5
1195,1,car,0.1643,560.7,493.8,648.8,543.9
1195,4,other_vehicle,0.1565,69.6,731.6,137.1,795.1
1195,2,large_vehicle,0.1078,562.9,493.0,648.5,543.7
1196,1,car,0.4766,563.6,493.1,648.5,543.7
1196,1,car,0.3776,190.5,782.3,320.5,871.8
1196,2,large_vehicle,0.2894,953.5,424.9,1024.1,467.6
1196,1,car,0.2705,69.8,731.7,137.2,795.1
1196,2,large_vehicle,0.2571,190.5,782.3,320.5,871.8
1196,0,person,0.2215,1193.4,518.5,1213.7,579.2
1196,1,car,0.1735,953.5,424.9,1024.1,467.6
1196,4,other_vehicle,0.1456,69.8,731.7,137.2,795.1
1196,2,large_vehicle,0.1329,563.6,493.1,648.5,543.7
1197,1,car,0.5208,63.6,731.0,129.6,794.3
1197,2,large_vehicle,0.3898,198.7,782.1,333.2,871.6
1197,1,car,0.3750,564.7,492.9,649.2,543.8
1197,1,car,0.2843,198.7,782.1,333.2,871.6
1197,0,person,0.2422,1193.6,518.9,1213.8,579.2
1197,2,large_vehicle,0.2403,953.3,424.9,1024.5,467.6
1197,1,car,0.1392,953.3,424.9,1024.5,467.6
1197,2,large_vehicle,0.1345,564.7,492.9,649.2,543.8
1198,1,car,0.5405,63.6,730.9,129.6,794.3
1198,2,large_vehicle,0.3791,198.7,782.1,333.0,871.7
1198,1,car,0.2890,198.7,782.1,333.0,871.7
1198,1,car,0.2655,564.2,492.8,649.4,543.8
1198,1,car,0.2644,561.4,493.5,649.3,543.9
1198,2,large_vehicle,0.2152,953.1,424.9,1022.9,467.5
1198,0,person,0.2114,1193.5,519.1,1213.8,579.2
1198,1,car,0.1105,953.1,424.9,1022.9,467.5
1199,1,car,0.5310,63.6,731.1,129.6,794.3
1199,2,large_vehicle,0.3985,198.7,782.1,333.2,871.7
1199,1,car,0.2800,198.7,782.1,333.2,871.7
1199,2,large_vehicle,0.2645,953.3,424.9,1021.9,467.5
1199,0,person,0.2518,1193.5,519.6,1213.8,579.3
1199,1,car,0.2499,564.6,492.5,648.7,543.8
1199,2,large_vehicle,0.1479,564.6,492.5,648.7,543.8
1199,1,car,0.1291,561.7,493.2,648.7,543.9
1199,1,car,0.1264,953.3,424.9,1021.9,467.5
1200,1,car,0.6305,557.6,492.6,648.1,543.9
1200,1,car,0.4437,208.4,780.1,344.4,872.1
1200,0,person,0.3608,1193.4,518.0,1214.2,579.2
1200,2,large_vehicle,0.3297,208.4,780.1,344.4,872.1
1200,2,large_vehicle,0.2769,557.6,492.6,648.1,543.9
1200,2,large_vehicle,0.2596,951.7,424.9,1025.3,467.6
1200,4,other_vehicle,0.2580,59.7,731.1,123.7,792.9
1200,1,car,0.2435,951.7,424.9,1025.3,467.6
1200,1,car,0.1189,59.7,731.1,123.7,792.9
1201,1,car,0.6245,557.7,492.9,648.1,543.9
1201,1,car,0.4827,208.3,780.0,344.3,872.1
1201,0,person,0.3884,1193.4,518.2,1214.4,579.4
1201,2,large_vehicle,0.2867,208.3,780.0,344.3,872.1
1201,2,large_vehicle,0.2840,557.7,492.9,648.1,543.9
1201,1,car,0.2749,951.6,424.8,1026.3,467.6
1201,2,large_vehicle,0.2295,951.6,424.8,1026.3,467.6
1201,4,other_vehicle,0.2252,59.7,731.0,123.7,793.0
1201,1,car,0.1249,59.7,731.0,123.7,793.0
1202,4,other_vehicle,0.6272,54.4,729.7,116.8,793.5
1202,1,car,0.4448,217.0,778.6,356.7,872.0
1202,1,car,0.3554,561.4,493.2,648.3,543.7
1202,2,large_vehicle,0.3237,217.0,778.6,356.7,872.0
1202,1,car,0.2905,558.9,493.9,648.8,543.9
1202,0,person,0.2414,1193.5,517.2,1214.3,579.1
1202,1,car,0.1588,950.9,424.2,1033.1,467.8
1202,2,large_vehicle,0.1072,950.9,424.2,1033.1,467.8
1203,4,other_vehicle,0.6253,54.4,729.7,116.8,793.5
1203,1,car,0.4422,217.0,778.5,356.8,872.0
1203,1,car,0.3578,561.4,493.2,648.3,543.7
1203,2,large_vehicle,0.3258,217.0,778.5,356.8,872.0
1203,1,car,0.2742,558.9,493.9,648.8,543.9
1203,0,person,0.2625,1193.5,517.2,1214.3,579.3
1203,1,car,0.1776,950.9,424.2,1032.8,467.8
1203,2,large_vehicle,0.1188,950.9,424.2,1032.8,467.8
1204,4,other_vehicle,0.6326,54.5,729.5,116.8,793.5
1204,1,car,0.4225,217.1,778.4,356.7,872.0
1204,1,car,0.4059,561.7,493.3,648.3,543.7
1204,2,large_vehicle,0.3411,217.1,778.4,356.7,872.0
1204,0,person,0.1671,1193.4,517.4,1214.3,579.0
1204,1,car,0.1555,559.2,493.9,648.7,543.9
1204,1,car,0.1524,950.9,424.2,1033.3,467.8
1204,2,large_vehicle,0.1041,950.9,424.2,1033.3,467.8
1205,4,other_vehicle,0.6260,48.8,731.3,110.7,793.9
1205,1,car,0.4365,227.9,779.3,367.2,871.9
1205,2,large_vehicle,0.4006,227.9,779.3,367.2,871.9
1205,1,car,0.3385,563.0,492.8,648.4,543.6
1205,1,car,0.3037,560.3,493.5,648.8,543.9
1205,0,person,0.2644,1193.6,518.6,1214.2,579.0
1205,1,car,0.1602,952.4,424.2,1033.1,467.7
1205,2,large_vehicle,0.1460,952.4,424.2,1033.1,467.7
1205,2,large_vehicle,0.1049,563.0,492.8,648.4,543.6
1206,1,car,0.7021,236.9,779.7,380.1,871.5
1206,4,other_vehicle,0.6367,43.4,731.4,105.1,793.1
1206,1,car,0.3400,564.5,492.8,648.5,543.7
1206,0,person,0.3206,1193.6,519.2,1214.4,579.1
1206,2,large_vehicle,0.1694,236.9,779.7,380.1,871.5
1206,2,large_vehicle,0.1409,952.9,424.2,1030.7,467.6
1206,1,car,0.1301,952.9,424.2,1030.7,467.6
1206,1,car,0.1263,560.7,493.3,648.6,543.9
1206,2,large_vehicle,0.1038,564.5,492.8,648.5,543.7
1207,1,car,0.6911,236.9,779.7,380.0,871.5
1207,4,other_vehicle,0.6424,43.4,731.3,105.1,793.2
1207,1,car,0.3343,564.2,492.9,648.6,543.7
1207,0,person,0.2994,1193.6,519.3,1214.3,579.3
1207,2,large_vehicle,0.1817,236.9,779.7,380.0,871.5
1207,1,car,0.1816,560.2,493.4,648.6,543.9
1207,2,large_vehicle,0.1545,952.8,424.2,1030.4,467.6
1207,1,car,0.1287,952.8,424.2,1030.4,467.6
1208,1,car,0.7045,236.9,779.7,380.1,871.5
1208,1,car,0.6474,559.1,492.9,648.5,543.9
1208,4,other_vehicle,0.6407,43.4,731.1,105.1,793.2
1208,0,person,0.2907,1193.6,519.4,1214.3,579.2
1208,2,large_vehicle,0.2119,559.1,492.9,648.5,543.9
1208,2,large_vehicle,0.1665,236.9,779.7,380.1,871.5
1208,2,large_vehicle,0.1425,953.0,424.1,1031.3,467.6
1208,1,car,0.1326,953.0,424.1,1031.3,467.6
1208,1,car,0.1140,563.3,492.4,648.4,543.8
1209,1,car,0.7258,248.0,778.2,392.3,871.5
1209,1,car,0.3269,560.0,493.3,648.2,543.8
1209,1,car,0.3046,563.8,492.7,647.9,543.6
1209,1,car,0.2644,951.9,424.0,1032.7,467.4
1209,0,person,0.2448,1193.6,519.1,1214.4,578.9
1209,2,large_vehicle,0.2277,951.9,424.0,1032.7,467.4
1209,2,large_vehicle,0.1242,248.0,778.2,392.3,871.5
1209,4,other_vehicle,0.1235,39.6,729.7,98.5,793.1
1210,1,car,0.7279,248.0,778.3,392.3,871.5
1210,1,car,0.7086,557.6,493.0,648.1,543.9
1210,1,car,0.3033,952.0,424.1,1032.7,467.4
1210,0,person,0.2968,1193.6,519.2,1214.3,579.0
1210,2,large_vehicle,0.2143,952.0,424.1,1032.7,467.4
1210,2,large_vehicle,0.1796,557.6,493.0,648.1,543.9
1210,2,large_vehicle,0.1220,248.0,778.3,392.3,871.5
1210,4,other_vehicle,0.1025,39.6,729.7,98.5,793.0
1211,1,car,0.6863,256.9,778.4,403.5,871.3
1211,4,other_vehicle,0.5163,35.1,732.3,93.4,792.4
1211,1,car,0.4547,559.3,493.4,648.3,543.9
1211,4,other_vehicle,0.4488,35.1,732.4,92.6,792.8
1211,0,person,0.3934,1193.5,517.9,1214.3,579.1
1211,1,car,0.3061,562.3,492.8,648.0,543.7
1211,1,car,0.3058,951.2,424.0,1033.0,467.5
1211,2,large_vehicle,0.2179,256.9,778.4,403.5,871.3
1211,2,large_vehicle,0.2036,951.2,424.0,1033.0,467.5
1212,1,car,0.6915,256.9,778.4,403.5,871.3
1212,4,other_vehicle,0.5054,35.0,732.3,93.4,792.4
1212,4,other_vehicle,0.4487,35.1,732.4,92.6,792.8
1212,0,person,0.3907,1193.5,518.0,1214.3,579.1
1212,1,car,0.3501,559.5,493.4,648.3,543.9
1212,1,car,0.3290,562.4,492.8,647.9,543.7
1212,1,car,0.3058,951.3,424.1,1033.0,467.5
1212,2,large_vehicle,0.2119,256.9,778.4,403.5,871.3
1212,2,large_vehicle,0.2050,951.3,424.1,1033.0,467.5
1213,1,car,0.6814,256.9,778.4,403.5,871.3
1213,4,other_vehicle,0.5397,35.2,732.4,93.4,792.4
1213,1,car,0.4344,559.5,493.5,648.3,543.9
1213,4,other_vehicle,0.4318,35.2,732.5,92.6,792.8
1213,0,person,0.3945,1193.4,517.5,1214.3,579.0
1213,1,car,0.3442,950.6,423.9,1033.4,467.5
1213,1,car,0.3149,562.2,492.9,647.9,543.7
1213,2,large_vehicle,0.2238,256.9,778.4,403.5,871.3
1213,2,large_vehicle,0.1950,950.6,423.9,1033.4,467.5
1214,1,car,0.7189,268.8,777.8,417.3,870.9
1214,0,person,0.3685,1193.7,518.3,1214.3,579.1
1214,1,car,0.3684,560.5,493.1,648.7,543.9
1214,1,car,0.3155,951.6,424.1,1031.6,467.5
1214,4,other_vehicle,0.2866,30.1,732.7,86.8,792.2
1214,1,car,0.2425,563.2,492.4,648.4,543.7
1214,4,other_vehicle,0.2362,29.9,733.2,87.2,791.8
1214,2,large_vehicle,0.2204,951.6,424.1,1031.6,467.5
1214,2,large_vehicle,0.2029,268.8,777.8,417.3,870.9
1214,0,person,0.1703,1018.5,424.3,1032.2,465.3
1215,1,car,0.7167,268.8,777.8,417.3,871.1
1215,1,car,0.4355,560.6,493.1,648.8,544.0
1215,4,other_vehicle,0.3578,30.1,732.6,86.9,792.1
1215,1,car,0.3293,951.6,424.1,1031.6,467.5
1215,0,person,0.3036,1193.6,517.7,1214.3,578.9
1215,2,large_vehicle,0.2318,951.6,424.1,1031.6,467.5
1215,1,car,0.2288,563.3,492.4,648.4,543.8
1215,2,large_vehicle,0.2090,268.8,777.8,417.3,871.1
1215,0,person,0.1716,1018.5,424.3,1032.2,465.3
1215,4,other_vehicle,0.1067,30.0,733.1,87.2,791.7
1216,4,other_vehicle,0.7795,27.1,733.1,81.3,792.0
1216,1,car,0.7045,279.3,774.9,430.2,869.5
1216,1,car,0.3769,952.4,424.0,1032.2,467.4
1216,1,car,0.3566,564.4,493.0,649.0,543.6
1216,2,large_vehicle,0.3181,952.4,424.0,1032.2,467.4
1216,0,person,0.2915,1193.8,518.3,1214.2,578.9
1216,2,large_vehicle,0.2173,279.3,774.9,430.2,869.5
1216,2,large_vehicle,0.1783,564.4,493.0,649.0,543.6
1216,0,person,0.1078,1018.3,426.0,1031.7,463.2
1217,4,other_vehicle,0.7663,27.0,733.2,81.3,791.9
1217,1,car,0.7076,279.3,774.9,430.1,869.5
1217,1,car,0.4125,560.4,493.1,648.6,543.7
1217,2,large_vehicle,0.3349,952.7,423.9,1031.9,467.3
1217,0,person,0.3024,1193.9,518.8,1214.2,579.2
1217,1,car,0.2959,952.7,423.9,1031.9,467.3
1217,2,large_vehicle,0.2133,279.3,774.9,430.1,869.5
1217,1,car,0.1910,564.0,492.5,648.6,543.6
1217,2,large_vehicle,0.1869,560.4,493.1,648.6,543.7
1217,2,large_vehicle,0.1352,564.0,492.5,648.6,543.6
1217,0,person,0.1172,1018.2,425.3,1031.8,463.5
1218,4,other_vehicle,0.7657,27.0,733.2,81.3,791.9
1218,1,car,0.7048,279.3,774.9,430.1,869.5
1218,1,car,0.4043,560.6,493.1,648.7,543.7
1218,2,large_vehicle,0.3284,952.7,423.8,1031.8,467.3
1218,0,person,0.2938,1194.0,518.8,1214.2,579.1
1218,1,car,0.2777,952.7,423.8,1031.8,467.3
1218,2,large_vehicle,0.2170,279.3,774.9,430.1,869.5
1218,2,large_vehicle,0.1898,560.6,493.1,648.7,543.7
1218,1,car,0.1862,564.0,492.6,648.7,543.6
1218,2,large_vehicle,0.1371,564.0,492.6,648.7,543.6
1218,0,person,0.1252,1018.1,424.8,1031.8,463.6
1219,1,car,0.7792,288.1,774.4,442.8,869.9
1219,1,car,0.6906,556.9,493.0,648.2,543.7
1219,4,other_vehicle,0.5920,22.1,733.9,76.1,791.6
1219,0,person,0.3532,1193.9,519.1,1214.3,579.1
1219,2,large_vehicle,0.3398,951.9,423.9,1030.7,467.2
1219,1,car,0.3174,951.9,423.9,1030.7,467.2
1219,2,large_vehicle,0.2113,556.9,493.0,648.2,543.7
1219,2,large_vehicle,0.1134,288.1,774.4,442.8,869.9
1220,1,car,0.7783,287.9,774.3,442.8,869.9
1220,1,car,0.7125,556.8,493.0,648.8,543.8
1220,4,other_vehicle,0.6328,22.7,734.0,76.1,791.6
1220,2,large_vehicle,0.3927,952.1,423.9,1030.6,467.3
1220,0,person,0.3128,1193.8,519.3,1214.1,579.1
1220,1,car,0.2988,952.1,423.9,1030.6,467.3
1220,2,large_vehicle,0.1750,556.8,493.0,648.8,543.8
1220,2,large_vehicle,0.1133,287.9,774.3,442.8,869.9
1221,1,car,0.7717,301.2,773.6,456.2,869.2
1221,4,other_vehicle,0.7697,18.4,733.3,71.8,791.0
1221,1,car,0.7472,557.8,493.6,648.8,543.8
1221,1,car,0.3807,951.1,423.8,1030.1,467.4
1221,2,large_vehicle,0.3370,951.1,423.8,1030.1,467.4
1221,0,person,0.2567,1193.9,519.0,1214.2,579.5
1221,2,large_vehicle,0.1333,301.2,773.6,456.2,869.2
1221,2,large_vehicle,0.1292,557.8,493.6,648.8,543.8
1221,3,motorcycle,0.1183,1018.2,446.2,1044.5,471.3
1222,4,other_vehicle,0.7754,18.6,733.4,71.7,791.0
1222,1,car,0.7741,557.5,493.5,648.9,543.8
1222,1,car,0.7715,301.2,773.6,456.2,869.1
1222,1,car,0.3795,950.5,423.9,1030.2,467.4
1222,2,large_vehicle,0.3382,950.5,423.9,1030.2,467.4
1222,0,person,0.2639,1194.0,519.0,1214.2,579.5
1222,3,motorcycle,0.1379,1018.2,446.6,1044.8,471.3
1222,2,large_vehicle,0.1335,301.2,773.6,456.2,869.1
1223,1,car,0.7702,301.2,773.6,456.2,869.2
1223,4,other_vehicle,0.7695,18.7,733.3,71.7,791.0
1223,1,car,0.7513,557.7,493.6,648.8,543.8
1223,2,large_vehicle,0.3653,950.6,423.7,1030.3,467.4
1223,1,car,0.3542,950.6,423.7,1030.3,467.4
1223,0,person,0.2968,1193.8,518.5,1214.2,579.5
1223,2,large_vehicle,0.1361,301.2,773.6,456.2,869.2
1223,2,large_vehicle,0.1291,557.7,493.6,648.8,543.8
1223,3,motorcycle,0.1192,1018.0,446.3,1044.3,471.0
1224,4,other_vehicle,0.8276,14.1,733.7,65.7,790.3
1224,1,car,0.8014,310.9,771.8,469.2,869.1
1224,2,large_vehicle,0.3937,952.9,423.6,1030.0,467.2
1224,1,car,0.3207,562.9,493.0,648.4,543.6
1224,0,person,0.2787,1193.4,517.7,1214.3,579.3
1224,1,car,0.2597,952.9,423.6,1030.0,467.2
1224,1,car,0.2201,560.1,493.6,648.7,543.8
1224,2,large_vehicle,0.1401,562.9,493.0,648.4,543.6
1225,4,other_vehicle,0.8280,14.1,733.9,65.7,790.3
1225,1,car,0.7987,310.9,771.8,469.0,869.1
1225,1,car,0.4981,559.9,493.5,648.7,543.7
1225,2,large_vehicle,0.3694,952.3,423.8,1030.0,467.1
1225,1,car,0.2884,952.3,423.8,1030.0,467.1
1225,0,person,0.2528,1193.4,517.7,1214.2,579.2
1225,1,car,0.2481,562.3,492.7,648.3,543.5
1225,2,large_vehicle,0.1515,559.9,493.5,648.7,543.7
1225,2,large_vehicle,0.1191,562.3,492.7,648.3,543.5
1226,1,car,0.8739,324.2,769.9,483.6,868.8
1226,4,other_vehicle,0.8101,10.4,734.7,61.3,789.1
1226,1,car,0.6690,558.3,493.2,648.6,543.5
1226,2,large_vehicle,0.4066,953.2,423.5,1030.1,467.1
1226,0,person,0.3409,1193.3,518.5,1214.1,579.1
1226,2,large_vehicle,0.1859,558.3,493.2,648.6,543.5
1226,1,car,0.1673,953.2,423.5,1030.1,467.1
1227,1,car,0.8751,324.2,769.9,483.6,868.8
1227,4,other_vehicle,0.8095,10.4,734.7,61.3,789.1
1227,1,car,0.6818,558.5,493.2,648.7,543.6
1227,2,large_vehicle,0.4127,953.2,423.7,1029.5,467.0
1227,0,person,0.3341,1193.4,518.7,1214.1,579.2
1227,1,car,0.2020,953.2,423.7,1029.5,467.0
1227,2,large_vehicle,0.1675,558.5,493.2,648.7,543.6
1227,1,car,0.1394,562.7,492.7,648.6,543.5
1228,1,car,0.8703,324.2,769.9,483.3,868.8
1228,4,other_vehicle,0.8112,10.4,734.7,61.2,789.1
1228,1,car,0.6158,559.3,493.3,648.8,543.6
1228,0,person,0.3592,1193.4,519.1,1214.0,579.3
1228,2,large_vehicle,0.3565,952.9,423.6,1030.0,467.1
1228,1,car,0.1977,563.0,492.8,648.7,543.5
1228,1,car,0.1737,952.9,423.6,1030.0,467.1
1228,2,large_vehicle,0.1596,559.3,493.3,648.8,543.6
1229,1,car,0.8410,336.7,769.2,496.3,867.0
1229,1,car,0.6435,557.0,493.4,648.3,543.6
1229,4,other_vehicle,0.6013,7.5,734.0,56.1,788.7
1229,2,large_vehicle,0.3112,952.9,424.1,1030.0,467.2
1229,1,car,0.2780,952.9,424.1,1030.0,467.2
1229,2,large_vehicle,0.2664,557.0,493.4,648.3,543.6
1229,0,person,0.2643,1193.5,518.9,1214.3,579.3
1229,1,car,0.1012,560.7,492.8,648.0,543.4
1230,1,car,0.8089,347.7,766.5,510.8,866.4
1230,4,other_vehicle,0.7826,3.0,733.9,52.3,788.0
1230,1,car,0.7734,557.2,493.8,648.5,543.6
1230,2,large_vehicle,0.4197,951.5,423.9,1029.3,467.4
1230,0,person,0.3032,1193.5,518.4,1214.0,579.1
1230,1,car,0.2785,951.5,423.9,1029.3,467.4
1230,2,large_vehicle,0.1257,557.2,493.8,648.5,543.6
1230,2,large_vehicle,0.1115,347.7,766.5,510.8,866.4
1231,1,car,0.8091,347.7,766.4,510.8,866.4
1231,4,other_vehicle,0.7851,3.0,734.0,52.3,788.0
1231,1,car,0.7841,557.4,493.9,648.5,543.6
1231,2,large_vehicle,0.4228,951.7,423.9,1029.4,467.3
1231,1,car,0.2901,951.7,423.9,1029.4,467.3
1231,0,person,0.1737,1193.4,518.4,1214.0,579.1
1231,1,car,0.1396,559.8,493.3,648.1,543.5
1231,2,large_vehicle,0.1125,557.4,493.9,648.5,543.6
1231,2,large_vehicle,0.1118,347.7,766.4,510.8,866.4
1232,1,car,0.8075,347.7,766.5,510.6,866.3
1232,1,car,0.7878,557.7,493.8,648.3,543.5
1232,4,other_vehicle,0.7826,3.0,733.8,52.3,788.0
1232,2,large_vehicle,0.4269,951.9,423.7,1029.8,467.3
1232,1,car,0.2914,951.9,423.7,1029.8,467.3
1232,0,person,0.2271,1193.3,517.6,1214.0,579.0
1232,1,car,0.1536,560.2,493.2,648.0,543.4
1232,2,large_vehicle,0.1136,347.7,766.5,510.6,866.3
1232,2,large_vehicle,0.1028,557.7,493.8,648.3,543.5
1233,1,car,0.8812,356.9,766.1,523.2,865.0
1233,4,other_vehicle,0.7332,0.5,734.2,48.2,787.6
1233,1,car,0.6351,559.0,493.5,648.8,543.6
1233,1,car,0.4046,952.9,424.0,1031.3,467.2
1233,1,car,0.3333,562.4,492.9,648.6,543.5
1233,2,large_vehicle,0.3130,952.9,424.0,1031.3,467.2
1233,0,person,0.2558,1193.2,517.4,1214.1,579.3
1233,2,large_vehicle,0.1196,559.0,493.5,648.8,543.6
1234,1,car,0.8819,356.9,766.1,523.2,865.0
1234,4,other_vehicle,0.7407,0.5,734.2,48.2,787.6
1234,1,car,0.6640,559.1,493.4,648.8,543.6
1234,1,car,0.3726,952.7,424.0,1030.8,467.2
1234,2,large_vehicle,0.3419,952.7,424.0,1030.8,467.2
1234,1,car,0.3280,562.2,492.6,648.5,543.5
1234,0,person,0.2539,1193.3,516.9,1214.3,579.2
1234,2,large_vehicle,0.1290,559.1,493.4,648.8,543.6
1235,1,car,0.8096,371.9,763.9,538.3,865.0
1235,1,car,0.7106,557.3,493.6,649.3,543.4
1235,4,other_vehicle,0.5351,0.0,734.2,42.1,787.6
1235,1,car,0.3561,952.9,424.3,1027.6,467.2
1235,2,large_vehicle,0.3511,952.9,424.3,1027.6,467.2
1235,0,person,0.2582,1193.5,518.1,1214.2,579.4
1235,2,large_vehicle,0.1759,557.3,493.6,649.3,543.4
1236,1,car,0.8096,371.9,763.9,538.3,865.0
1236,1,car,0.7091,557.3,493.6,649.3,543.4
1236,4,other_vehicle,0.5414,0.0,734.1,42.2,787.6
1236,2,large_vehicle,0.3582,952.9,424.3,1027.6,467.2
1236,1,car,0.3543,952.9,424.3,1027.6,467.2
1236,0,person,0.2524,1193.5,518.1,1214.2,579.4
1236,2,large_vehicle,0.1781,557.3,493.6,649.3,543.4
1237,1,car,0.8155,371.9,763.9,538.4,864.9
1237,1,car,0.7111,557.6,493.5,649.4,543.4
1237,4,other_vehicle,0.4098,0.0,734.3,42.1,787.6
1237,1,car,0.3500,952.7,424.2,1027.8,467.3
1237,2,large_vehicle,0.2906,952.7,424.2,1027.8,467.3
1237,0,person,0.2650,1193.6,518.3,1214.4,579.4
1237,4,other_vehicle,0.1948,0.1,734.7,42.7,787.9
1237,2,large_vehicle,0.1661,557.6,493.5,649.4,543.4
1238,1,car,0.7100,385.2,762.6,551.6,864.2
1238,1,car,0.6993,556.6,493.2,648.5,543.7
1238,1,car,0.4195,952.0,424.8,1027.0,467.2
1238,2,large_vehicle,0.3620,952.0,424.8,1027.0,467.2
1238,0,person,0.2361,1193.6,518.5,1214.3,579.2
1238,4,other_vehicle,0.2353,0.1,733.7,37.8,787.2
1238,2,large_vehicle,0.2227,556.6,493.2,648.5,543.7
1238,2,large_vehicle,0.2147,385.2,762.6,551.6,864.2
1239,1,car,0.6861,385.3,762.7,551.5,864.1
1239,1,car,0.6784,556.7,493.2,648.4,543.7
1239,1,car,0.4192,952.0,424.8,1027.0,467.2
1239,2,large_vehicle,0.3678,952.0,424.8,1027.0,467.2
1239,2,large_vehicle,0.2455,556.7,493.2,648.4,543.7
1239,2,large_vehicle,0.2437,385.3,762.7,551.5,864.1
1239,0,person,0.2379,1193.6,518.6,1214.3,579.2
1239,4,other_vehicle,0.1976,0.1,733.8,37.8,787.5
1240,1,car,0.8652,397.7,760.3,566.2,861.1
1240,1,car,0.7964,557.3,493.7,648.9,543.7
1240,1,car,0.3573,951.3,423.9,1027.9,467.4
1240,2,large_vehicle,0.3503,951.3,423.9,1027.9,467.4
1240,0,person,0.1717,1193.6,518.1,1214.3,578.8
1240,4,other_vehicle,0.1306,0.2,731.8,34.3,787.8
1241,1,car,0.8662,397.7,760.3,566.3,861.1
1241,1,car,0.7596,557.3,493.6,649.0,543.8
1241,2,large_vehicle,0.3808,951.6,423.8,1027.3,467.3
1241,1,car,0.3328,951.6,423.8,1027.3,467.3
1241,0,person,0.2629,1193.6,517.9,1214.4,579.3
1241,2,large_vehicle,0.1351,557.3,493.6,649.0,543.8
1241,4,other_vehicle,0.1280,0.2,731.8,34.2,787.8
1242,1,car,0.8657,397.6,760.3,566.3,861.1
1242,1,car,0.7641,557.3,493.7,649.0,543.8
1242,2,large_vehicle,0.3827,951.6,423.8,1027.3,467.3
1242,1,car,0.3340,951.6,423.8,1027.3,467.3
1242,0,person,0.2685,1193.6,518.0,1214.4,579.4
1242,2,large_vehicle,0.1297,557.3,493.7,649.0,543.8
1242,4,other_vehicle,0.1210,0.2,731.8,34.2,787.8
1243,1,car,0.8135,408.4,759.5,580.8,860.8
1243,1,car,0.5535,557.7,493.7,649.3,543.8
1243,2,large_vehicle,0.3541,953.1,423.4,1026.6,467.3
1243,0,person,0.3378,1193.4,516.7,1214.8,579.5
1243,1,car,0.2076,561.3,493.1,648.8,543.6
1243,2,large_vehicle,0.1930,557.7,493.7,649.3,543.8
1243,1,car,0.1623,953.1,423.4,1026.6,467.3
1243,2,large_vehicle,0.1099,561.3,493.1,648.8,543.6
1244,1,car,0.8151,408.5,759.5,580.9,860.9
1244,1,car,0.6168,557.6,493.7,649.2,543.7
1244,2,large_vehicle,0.3784,953.4,423.7,1026.5,467.2
1244,0,person,0.3035,1193.5,516.9,1214.8,579.5
1244,2,large_vehicle,0.2322,557.6,493.7,649.2,543.7
1244,1,car,0.1698,561.4,493.0,648.8,543.6
1244,1,car,0.1686,953.4,423.7,1026.5,467.2
1245,1,car,0.7757,418.7,756.7,595.3,859.1
1245,0,person,0.3957,1193.5,517.2,1214.5,579.5
1245,1,car,0.3575,563.4,493.4,649.3,543.4
1245,1,car,0.3290,952.9,424.4,1026.0,467.2
1245,2,large_vehicle,0.3204,952.9,424.4,1026.0,467.2
1245,2,large_vehicle,0.1735,563.4,493.4,649.3,543.4
1245,1,car,0.1471,558.7,494.0,649.4,543.5
1246,1,car,0.7761,418.9,756.6,595.2,859.1
1246,1,car,0.4728,558.3,494.0,649.4,543.5
1246,0,person,0.3554,1193.5,517.2,1214.4,579.6
1246,1,car,0.3008,952.4,424.1,1026.0,467.2
1246,1,car,0.2960,562.8,493.4,649.3,543.4
1246,2,large_vehicle,0.2922,952.4,424.1,1026.0,467.2
1246,2,large_vehicle,0.1417,562.8,493.4,649.3,543.4
1246,2,large_vehicle,0.1166,558.3,494.0,649.4,543.5
1247,1,car,0.7806,418.2,756.7,595.2,859.1
1247,1,car,0.5934,558.0,493.7,649.0,543.6
1247,0,person,0.3854,1193.6,517.3,1214.6,579.7
1247,1,car,0.3207,952.1,424.0,1025.9,467.1
1247,2,large_vehicle,0.3158,952.1,424.0,1025.9,467.1
1247,1,car,0.2396,562.4,493.1,648.9,543.5
1247,2,large_vehicle,0.2273,558.0,493.7,649.0,543.6
1247,2,large_vehicle,0.1376,562.4,493.1,648.9,543.5
1248,1,car,0.7256,437.5,754.3,609.2,857.5
1248,1,car,0.5923,558.0,493.7,648.6,543.6
1248,2,large_vehicle,0.3922,952.2,424.1,1026.2,467.0
1248,0,person,0.3017,1193.6,517.3,1214.5,579.5
1248,2,large_vehicle,0.2913,558.0,493.7,648.6,543.6
1248,1,car,0.2888,952.2,424.1,1026.2,467.0
1248,2,large_vehicle,0.1892,437.5,754.3,609.2,857.5
1248,1,car,0.1809,561.8,493.1,648.3,543.5
1248,0,person,0.1773,1011.6,429.4,1026.4,468.8
1248,2,large_vehicle,0.1364,561.8,493.1,648.3,543.5
1249,1,car,0.7183,437.6,754.3,609.0,857.6
1249,1,car,0.6238,557.5,493.7,648.3,543.6
1249,1,car,0.3486,952.2,424.3,1026.4,467.0
1249,2,large_vehicle,0.3394,952.2,424.3,1026.4,467.0
1249,2,large_vehicle,0.2900,557.5,493.7,648.3,543.6
1249,0,person,0.2614,1193.7,517.7,1214.5,579.4
1249,2,large_vehicle,0.1973,437.6,754.3,609.0,857.6
1249,0,person,0.1476,1011.5,429.3,1026.5,469.0
1250,1,car,0.7912,557.6,493.8,650.3,543.8
1250,1,car,0.7677,450.3,749.7,623.7,855.3
1250,2,large_vehicle,0.5282,951.3,423.1,1024.9,467.4
1250,1,car,0.1666,951.3,423.1,1024.9,467.4
1250,2,large_vehicle,0.1385,450.3,749.7,623.7,855.3
1251,1,car,0.7755,450.1,749.7,623.7,855.3
1251,1,car,0.7221,557.9,493.8,650.1,543.8
1251,2,large_vehicle,0.5335,951.3,423.1,1024.9,467.4
1251,1,car,0.1788,951.3,423.1,1024.9,467.4
1251,2,large_vehicle,0.1395,557.9,493.8,650.1,543.8
1251,2,large_vehicle,0.1278,450.1,749.7,623.7,855.3
1252,1,car,0.7758,450.2,749.7,623.7,855.4
1252,1,car,0.7444,558.1,493.9,650.0,543.9
1252,2,large_vehicle,0.5103,950.9,423.0,1024.7,467.4
1252,1,car,0.1914,950.9,423.0,1024.7,467.4
1252,2,large_vehicle,0.1272,450.2,749.7,623.7,855.4
1252,1,car,0.1179,560.5,493.3,649.7,543.7
1252,2,large_vehicle,0.1139,558.1,493.9,650.0,543.9
1253,1,car,0.8232,465.3,750.6,638.9,854.2
1253,1,car,0.6258,559.1,494.2,649.7,543.7
1253,2,large_vehicle,0.4406,952.3,424.0,1024.4,467.1
1253,1,car,0.3586,952.3,424.0,1024.4,467.1
1253,1,car,0.2071,562.2,493.4,649.6,543.6
1253,2,large_vehicle,0.1670,559.1,494.2,649.7,543.7
1253,2,large_vehicle,0.1073,562.2,493.4,649.6,543.6
1254,1,car,0.8160,478.8,747.4,652.3,850.9
1254,1,car,0.6543,558.4,493.7,650.3,543.6
1254,2,large_vehicle,0.3951,953.6,424.1,1024.4,466.9
1254,1,car,0.3235,953.6,424.1,1024.4,466.9
1254,2,large_vehicle,0.2004,558.4,493.7,650.3,543.6
1254,1,car,0.1426,562.3,493.2,650.2,543.5
1254,0,person,0.1213,1194.0,517.2,1214.5,579.9
1255,1,car,0.8157,478.8,747.4,652.3,850.9
1255,1,car,0.6212,558.9,493.8,650.2,543.6
1255,2,large_vehicle,0.3886,953.6,424.2,1024.3,466.9
1255,1,car,0.3303,953.6,424.2,1024.3,466.9
1255,2,large_vehicle,0.2060,558.9,493.8,650.2,543.6
1255,1,car,0.1949,562.9,493.2,650.1,543.5
1255,0,person,0.1250,1194.0,517.1,1214.5,579.9
1255,2,large_vehicle,0.1229,562.9,493.2,650.1,543.5
1256,1,car,0.8143,478.9,747.4,652.1,850.9
1256,1,car,0.6600,558.4,493.8,650.5,543.6
1256,2,large_vehicle,0.3550,953.6,424.1,1025.2,466.8
1256,1,car,0.2824,953.6,424.1,1025.2,466.8
1256,2,large_vehicle,0.1824,558.4,493.8,650.5,543.6
1256,1,car,0.1786,562.2,493.4,650.3,543.6
1257,1,car,0.8499,493.9,747.3,669.6,849.1
1257,1,car,0.7060,557.2,493.6,649.1,543.9
1257,2,large_vehicle,0.5001,952.2,424.0,1024.4,467.2
1257,2,large_vehicle,0.1879,557.2,493.6,649.1,543.9
1257,1,car,0.1864,952.2,424.0,1024.4,467.2
1258,1,car,0.8519,494.0,747.2,670.0,849.0
1258,1,car,0.7001,557.3,493.6,649.0,543.9
1258,2,large_vehicle,0.5029,952.3,424.1,1024.2,467.1
1258,1,car,0.2257,952.3,424.1,1024.2,467.1
1258,2,large_vehicle,0.1989,557.3,493.6,649.0,543.9
1259,1,car,0.7886,508.3,744.3,681.7,846.6
1259,1,car,0.7851,557.7,493.8,649.5,543.9
1259,2,large_vehicle,0.4187,951.5,424.3,1023.9,467.2
1259,1,car,0.3275,951.5,424.3,1023.9,467.2
1260,1,car,0.7821,508.3,744.2,681.8,846.6
1260,1,car,0.7587,557.5,493.7,649.9,543.8
1260,2,large_vehicle,0.4488,951.5,423.9,1024.1,467.2
1260,1,car,0.2537,951.5,423.9,1024.1,467.2
1260,2,large_vehicle,0.1132,557.5,493.7,649.9,543.8
1261,1,car,0.7813,508.3,744.2,681.8,846.6
1261,1,car,0.7581,557.9,493.7,649.9,543.8
1261,2,large_vehicle,0.4583,951.4,423.9,1024.1,467.2
1261,1,car,0.2593,951.4,423.9,1024.1,467.2
1261,2,large_vehicle,0.1121,557.9,493.7,649.9,543.8
1262,1,car,0.8185,520.6,738.8,695.0,843.4
1262,1,car,0.4710,559.0,493.8,649.2,543.8
1262,2,large_vehicle,0.3359,952.6,424.0,1024.8,467.0
1262,1,car,0.3329,952.6,424.0,1024.8,467.0
1262,1,car,0.2894,562.2,493.1,649.1,543.7
1262,2,large_vehicle,0.1255,562.2,493.1,649.1,543.7
1263,1,car,0.8225,520.6,738.8,694.9,843.4
1263,1,car,0.3708,562.8,493.5,649.5,543.7
1263,1,car,0.3316,952.5,424.1,1024.6,467.0
1263,2,large_vehicle,0.3089,952.5,424.1,1024.6,467.0
1263,1,car,0.1753,559.7,494.1,649.6,543.8
1263,0,person,0.1726,1193.6,516.3,1214.7,579.9
1263,2,large_vehicle,0.1323,562.8,493.5,649.5,543.7
1264,1,car,0.8498,535.7,738.9,708.7,842.2
1264,1,car,0.5833,559.5,494.0,650.0,543.6
1264,2,large_vehicle,0.3160,952.7,424.5,1023.7,466.8
1264,1,car,0.3078,563.9,493.4,650.1,543.6
1264,1,car,0.1995,952.7,424.5,1023.7,466.8
1264,2,large_vehicle,0.1371,563.9,493.4,650.1,543.6
1264,0,person,0.1288,1193.8,516.7,1214.6,579.7
1264,2,large_vehicle,0.1206,559.5,494.0,650.0,543.6
1265,1,car,0.8525,535.7,738.8,708.7,842.3
1265,1,car,0.6448,559.2,494.0,650.2,543.6
1265,2,large_vehicle,0.2971,952.8,424.6,1023.6,466.8
1265,1,car,0.2864,563.6,493.5,650.3,543.5
1265,1,car,0.2246,952.8,424.6,1023.6,466.8
1265,0,person,0.1348,1193.7,516.6,1214.8,579.7
1265,2,large_vehicle,0.1293,559.2,494.0,650.2,543.6
1265,2,large_vehicle,0.1198,563.6,493.5,650.3,543.5
1266,1,car,0.8522,535.7,739.0,708.8,842.3
1266,1,car,0.3359,563.8,493.4,649.4,543.5
1266,2,large_vehicle,0.2884,952.9,424.7,1023.4,466.7
1266,1,car,0.2764,952.9,424.7,1023.4,466.7
1266,1,car,0.2703,559.7,493.9,649.3,543.6
1266,2,large_vehicle,0.1709,563.8,493.4,649.4,543.5
1266,0,person,0.1542,1193.7,516.4,1214.7,579.8
1267,1,car,0.7915,547.8,733.6,724.5,838.8
1267,1,car,0.7314,557.6,494.0,648.6,543.7
1267,2,large_vehicle,0.3517,952.2,424.5,1022.7,467.1
1267,1,car,0.2904,952.2,424.5,1022.7,467.1
1267,1,car,0.1825,561.8,493.5,648.4,543.5
1267,2,large_vehicle,0.1635,557.6,494.0,648.6,543.7
1267,0,person,0.1415,1193.8,517.5,1214.4,579.7
1268,1,car,0.7914,547.8,733.6,724.5,838.8
1268,1,car,0.7308,557.3,493.9,648.6,543.6
1268,2,large_vehicle,0.3454,952.1,424.6,1022.5,467.0
1268,1,car,0.3361,952.1,424.6,1022.5,467.0
1268,0,person,0.1857,1193.9,520.0,1214.3,580.3
1268,2,large_vehicle,0.1721,557.3,493.9,648.6,543.6
1268,1,car,0.1388,561.0,493.4,648.4,543.5
1269,1,car,0.8264,556.5,494.0,648.9,543.8
1269,1,car,0.7925,559.3,729.5,740.8,835.3
1269,2,large_vehicle,0.3941,951.0,424.0,1022.6,467.1
1269,1,car,0.2830,951.0,424.0,1022.6,467.1
1269,0,person,0.2224,1193.6,517.3,1214.4,580.0
1269,1,car,0.1347,559.4,493.5,648.7,543.6
1270,1,car,0.8264,556.5,494.0,648.9,543.8
1270,1,car,0.7926,559.3,729.5,740.8,835.3
1270,2,large_vehicle,0.3982,951.0,423.9,1022.6,467.1
1270,1,car,0.2760,951.0,423.9,1022.6,467.1
1270,0,person,0.2287,1193.7,517.1,1214.4,580.0
1270,1,car,0.1310,559.4,493.5,648.7,543.7
1271,1,car,0.8284,556.6,494.0,648.9,543.8
1271,1,car,0.7907,559.2,729.6,740.3,835.3
1271,2,large_vehicle,0.3959,950.9,423.9,1022.6,467.1
1271,1,car,0.2812,950.9,423.9,1022.6,467.1
1271,0,person,0.1475,1193.5,516.7,1214.3,579.8
1271,1,car,0.1063,559.5,493.4,648.7,543.7
1272,1,car,0.8822,576.3,725.9,752.0,833.3
1272,1,car,0.7717,557.5,494.0,649.6,543.7
1272,0,person,0.2955,1193.5,517.1,1214.5,579.9
1272,1,car,0.2336,952.7,423.7,1023.5,466.9
1272,2,large_vehicle,0.2311,952.7,423.7,1023.5,466.9
1272,1,car,0.1599,561.3,493.3,649.5,543.6
1272,2,large_vehicle,0.1070,557.5,494.0,649.6,543.7
1273,1,car,0.8793,575.8,725.8,751.9,833.4
1273,1,car,0.7565,557.8,494.1,649.6,543.7
1273,2,large_vehicle,0.2569,952.7,423.7,1023.1,466.9
1273,1,car,0.2480,562.0,493.4,649.6,543.6
1273,0,person,0.2464,1193.5,516.9,1214.5,580.0
1273,1,car,0.2441,952.7,423.7,1023.1,466.9
1273,2,large_vehicle,0.1086,557.8,494.1,649.6,543.7
1274,1,car,0.8572,589.1,721.6,769.8,830.0
1274,1,car,0.6593,557.6,493.7,649.9,543.5
1274,2,large_vehicle,0.2254,953.0,424.0,1021.7,466.8
1274,2,large_vehicle,0.2136,557.6,493.7,649.9,543.5
1274,0,person,0.1700,1193.3,516.4,1214.6,579.7
1274,1,car,0.1202,953.0,424.0,1021.7,466.8
1275,1,car,0.8572,589.4,721.6,770.7,830.0
1275,1,car,0.6780,557.0,493.5,649.3,543.6
1275,2,large_vehicle,0.2734,953.5,424.0,1021.9,466.8
1275,0,person,0.2584,1193.5,516.9,1214.6,580.1
1275,2,large_vehicle,0.2096,557.0,493.5,649.3,543.6
1275,1,car,0.1388,953.5,424.0,1021.9,466.8
1275,1,car,0.1091,561.9,493.0,649.3,543.5
1276,1,car,0.8573,589.4,721.7,770.8,830.0
1276,1,car,0.6729,557.0,493.5,649.3,543.6
1276,2,large_vehicle,0.2856,953.5,424.0,1022.0,466.8
1276,0,person,0.2507,1193.4,516.9,1214.6,579.9
1276,2,large_vehicle,0.2129,557.0,493.5,649.3,543.6
1276,1,car,0.1413,953.5,424.0,1022.0,466.8
1276,1,car,0.1131,562.0,493.0,649.3,543.5
1277,1,car,0.8612,604.5,720.2,779.9,826.4
1277,1,car,0.7725,556.2,493.9,648.7,543.6
1277,1,car,0.3219,952.4,425.0,1023.6,467.0
1277,2,large_vehicle,0.2592,952.4,425.0,1023.6,467.0
1277,0,person,0.1594,1193.6,517.6,1214.6,579.7
1277,2,large_vehicle,0.1391,556.2,493.9,648.7,543.6
1278,1,car,0.8491,617.4,716.7,794.5,823.0
1278,1,car,0.8285,556.7,494.2,649.5,543.6
1278,2,large_vehicle,0.3588,950.8,424.2,1021.5,467.0
1278,1,car,0.2894,950.8,424.2,1021.5,467.0
1278,0,person,0.2339,1193.4,515.3,1215.3,579.6
1279,1,car,0.8496,617.4,716.7,794.5,823.0
1279,1,car,0.8274,556.7,494.2,649.6,543.6
1279,2,large_vehicle,0.3736,950.8,424.2,1021.5,467.0
1279,1,car,0.2740,950.8,424.2,1021.5,467.0
1279,0,person,0.1976,1193.5,515.4,1215.3,579.6
1280,1,car,0.8453,617.2,716.7,794.2,823.0
1280,1,car,0.8321,556.8,494.2,649.4,543.6
1280,2,large_vehicle,0.3565,950.8,424.3,1021.9,467.0
1280,1,car,0.3178,950.8,424.3,1021.9,467.0
1281,1,car,0.8661,632.3,714.0,806.8,820.8
1281,1,car,0.7571,557.2,493.8,649.6,543.5
1281,2,large_vehicle,0.3150,952.4,424.1,1022.1,467.1
1281,1,car,0.1790,952.4,424.1,1022.1,467.1
1281,1,car,0.1212,560.6,493.3,649.4,543.5
1281,2,large_vehicle,0.1103,557.2,493.8,649.6,543.5
1282,1,car,0.8666,632.4,713.9,806.7,820.8
1282,1,car,0.7770,556.6,493.8,649.6,543.5
1282,2,large_vehicle,0.3084,952.4,424.1,1022.2,467.1
1282,1,car,0.1876,952.4,424.1,1022.2,467.1
1283,1,car,0.8575,645.1,710.5,819.5,817.9
1283,1,car,0.4834,559.5,493.8,649.5,543.6
1283,1,car,0.2996,953.2,424.5,1023.3,467.1
1283,1,car,0.2834,563.7,493.3,649.6,543.6
1283,2,large_vehicle,0.2471,953.2,424.5,1023.3,467.1
1283,0,person,0.2142,1193.6,516.5,1215.1,579.9
1283,2,large_vehicle,0.1356,563.7,493.3,649.6,543.6
1284,1,car,0.8592,645.1,710.6,819.4,817.9
1284,1,car,0.4193,564.3,493.4,649.2,543.6
1284,1,car,0.2777,953.5,424.9,1022.4,467.1
1284,2,large_vehicle,0.2302,953.5,424.9,1022.4,467.1
1284,2,large_vehicle,0.1863,564.3,493.4,649.2,543.6
1285,1,car,0.8587,645.1,710.6,819.4,817.9
1285,1,car,0.4040,564.3,493.4,649.2,543.6
1285,1,car,0.2918,953.5,425.0,1022.6,467.1
1285,2,large_vehicle,0.2303,953.5,425.0,1022.6,467.1
1285,2,large_vehicle,0.1924,564.3,493.4,649.2,543.6
1286,1,car,0.8643,657.5,706.4,830.6,813.4
1286,1,car,0.7785,556.5,493.8,648.9,543.7
1286,1,car,0.3469,952.4,425.4,1020.5,467.1
1286,2,large_vehicle,0.2469,952.4,425.4,1020.5,467.1
1286,2,large_vehicle,0.1899,35.8,784.4,125.1,855.1
1286,2,large_vehicle,0.1108,556.5,493.8,648.9,543.7
1287,1,car,0.8661,657.3,706.5,830.6,813.3
1287,1,car,0.7589,557.2,493.8,649.2,543.7
1287,1,car,0.3750,952.3,425.2,1020.7,467.1
1287,2,large_vehicle,0.2810,952.3,425.2,1020.7,467.1
1287,2,large_vehicle,0.2075,35.6,784.4,125.2,855.3
1287,2,large_vehicle,0.1179,557.2,493.8,649.2,543.7
1287,1,car,0.1067,561.4,493.4,649.2,543.7
1288,1,car,0.8048,557.3,493.8,649.6,543.7
1288,1,car,0.7589,670.1,704.7,844.0,810.4
1288,1,car,0.3534,951.6,425.0,1019.6,467.2
1288,2,large_vehicle,0.3407,40.9,784.9,129.8,855.7
1288,2,large_vehicle,0.2494,951.6,425.0,1019.6,467.2
1288,1,car,0.1858,40.9,784.9,129.8,855.7
1288,2,large_vehicle,0.1462,670.1,704.7,844.0,810.4
1289,1,car,0.8269,557.2,494.0,649.3,543.7
1289,1,car,0.7568,670.1,704.7,843.7,810.4
1289,1,car,0.3629,951.7,424.9,1019.8,467.2
1289,2,large_vehicle,0.3303,40.9,784.9,129.7,855.7
1289,2,large_vehicle,0.2429,951.7,424.9,1019.8,467.2
1289,1,car,0.1837,40.9,784.9,129.7,855.7
1289,2,large_vehicle,0.1482,670.1,704.7,843.7,810.4
1290,1,car,0.8063,557.1,493.9,649.9,543.7
1290,1,car,0.7653,670.2,704.8,843.8,810.4
1290,2,large_vehicle,0.3307,40.9,785.0,129.8,855.7
1290,1,car,0.2976,951.6,424.7,1020.0,467.2
1290,2,large_vehicle,0.2819,951.6,424.7,1020.0,467.2
1290,1,car,0.1777,40.9,785.0,129.8,855.7
1290,2,large_vehicle,0.1380,670.2,704.8,843.8,810.4
1291,1,car,0.7611,557.4,494.1,649.9,543.6
1291,1,car,0.7097,686.8,701.6,856.5,806.1
1291,2,large_vehicle,0.3998,45.3,785.7,137.6,858.9
1291,1,car,0.3196,953.3,425.0,1021.3,467.0
1291,2,large_vehicle,0.2310,953.3,425.0,1021.3,467.0
1291,2,large_vehicle,0.2043,686.8,701.6,856.5,806.1
1291,1,car,0.1759,45.3,785.7,137.6,858.9
1291,1,car,0.1440,560.4,493.6,649.8,543.6
1292,1,car,0.7253,557.3,494.1,649.8,543.6
1292,1,car,0.7079,686.7,701.6,856.5,806.1
1292,2,large_vehicle,0.4015,45.2,785.6,137.3,858.7
1292,1,car,0.3225,953.4,425.3,1021.2,467.0
1292,2,large_vehicle,0.2552,953.4,425.3,1021.2,467.0
1292,2,large_vehicle,0.2068,686.7,701.6,856.5,806.1
1292,1,car,0.1712,45.2,785.6,137.3,858.7
1292,1,car,0.1576,560.5,493.5,649.7,543.6
1292,2,large_vehicle,0.1279,557.3,494.1,649.8,543.6
1293,1,car,0.8181,698.5,698.7,867.7,802.0
1293,1,car,0.7127,556.9,493.7,649.5,543.5
1293,2,large_vehicle,0.4182,49.1,785.8,143.8,860.1
1293,2,large_vehicle,0.2243,953.4,424.8,1021.5,466.9
1293,1,car,0.2110,953.4,424.8,1021.5,466.9
1293,2,large_vehicle,0.1546,556.9,493.7,649.5,543.5
1293,1,car,0.1477,49.1,785.8,143.8,860.1
1294,1,car,0.8180,698.5,698.7,867.7,802.0
1294,1,car,0.7275,556.5,493.7,649.5,543.5
1294,2,large_vehicle,0.4199,49.1,785.8,143.8,860.1
1294,2,large_vehicle,0.2399,953.4,424.8,1021.2,466.9
1294,1,car,0.2022,953.4,424.8,1021.2,466.9
1294,1,car,0.1454,49.1,785.8,143.8,860.1
1294,2,large_vehicle,0.1452,556.5,493.7,649.5,543.5
1295,1,car,0.8196,698.5,698.7,867.8,802.0
1295,1,car,0.6424,557.5,493.9,649.6,543.5
1295,2,large_vehicle,0.4199,49.2,785.8,143.7,860.2
1295,1,car,0.2213,953.0,424.9,1021.5,466.9
1295,2,large_vehicle,0.2182,953.0,424.9,1021.5,466.9
1295,1,car,0.2130,562.5,493.5,649.8,543.5
1295,1,car,0.1338,49.2,785.8,143.7,860.2
1296,1,car,0.8457,712.7,694.7,879.4,799.2
1296,1,car,0.7521,557.0,494.3,648.6,543.4
1296,2,large_vehicle,0.3553,953.5,425.5,1020.6,467.0
1296,2,large_vehicle,0.3467,52.9,786.0,150.7,862.3
1296,1,car,0.1997,953.5,425.5,1020.6,467.0
1296,1,car,0.1837,52.9,786.0,150.7,862.3
1296,1,car,0.1786,560.8,493.8,648.5,543.4
1296,2,large_vehicle,0.1159,557.0,494.3,648.6,543.4
1297,1,car,0.8467,712.7,694.7,879.4,799.2
1297,1,car,0.7596,557.2,494.4,649.2,543.4
1297,2,large_vehicle,0.3725,953.6,425.3,1020.7,466.9
1297,2,large_vehicle,0.3477,53.1,786.0,150.7,862.4
1297,1,car,0.2022,953.6,425.3,1020.7,466.9
1297,1,car,0.1775,53.1,786.0,150.7,862.4
1297,1,car,0.1387,560.9,493.9,649.2,543.4
1297,2,large_vehicle,0.1147,557.2,494.4,649.2,543.4
1298,1,car,0.8520,724.2,692.3,891.4,794.9
1298,1,car,0.8268,557.5,494.4,650.2,543.3
1298,2,large_vehicle,0.3429,56.6,786.5,158.8,864.1
1298,2,large_vehicle,0.3032,952.8,425.6,1020.2,467.1
1298,1,car,0.2858,952.8,425.6,1020.2,467.1
1298,1,car,0.1535,56.6,786.5,158.8,864.1
1298,1,car,0.1060,559.6,493.9,650.2,543.5
1299,1,car,0.8540,724.2,692.3,891.4,795.0
1299,1,car,0.7963,558.0,494.2,649.7,543.2
1299,2,large_vehicle,0.3673,952.7,425.5,1020.1,467.1
1299,2,large_vehicle,0.3142,56.8,786.6,158.8,864.0
1299,1,car,0.2592,952.7,425.5,1020.1,467.1
1299,1,car,0.1607,56.8,786.6,158.8,864.0
1299,1,car,0.1378,560.5,493.7,649.8,543.3
1300,1,car,0.8536,724.2,692.3,891.4,795.0
1300,1,car,0.8014,557.8,494.2,649.7,543.2
1300,2,large_vehicle,0.3536,952.7,425.4,1021.0,467.1
1300,2,large_vehicle,0.3116,56.9,786.6,158.8,864.0
1300,1,car,0.2622,952.7,425.4,1021.0,467.1
1300,1,car,0.1581,56.9,786.6,158.8,864.0
1300,1,car,0.1239,560.2,493.6,649.8,543.4
1301,1,car,0.8107,734.4,688.6,902.8,791.2
1301,1,car,0.7693,558.1,494.0,649.4,543.3
1301,2,large_vehicle,0.5029,64.0,786.9,166.3,866.1
1301,2,large_vehicle,0.4107,953.0,425.4,1020.9,467.0
1301,1,car,0.2177,953.0,425.4,1020.9,467.0
1301,1,car,0.1851,561.0,493.4,649.1,543.4
1301,1,car,0.1112,64.0,786.9,166.3,866.1
1301,2,large_vehicle,0.1008,734.4,688.6,902.8,791.2
1302,1,car,0.8268,751.0,686.4,914.5,787.7
1302,1,car,0.6737,557.9,493.8,649.2,543.2
1302,2,large_vehicle,0.3421,61.7,787.7,173.4,867.2
1302,2,large_vehicle,0.3405,953.6,426.2,1020.3,466.8
1302,1,car,0.2447,953.6,426.2,1020.3,466.8
1302,1,car,0.2264,61.7,787.7,173.4,867.2
1302,1,car,0.2234,562.6,493.4,649.2,543.2
1303,1,car,0.8269,751.0,686.4,914.5,787.7
1303,1,car,0.6447,557.9,493.9,649.2,543.2
1303,2,large_vehicle,0.3409,61.5,787.7,173.4,867.2
1303,2,large_vehicle,0.3386,953.6,426.2,1020.3,466.8
1303,1,car,0.2531,953.6,426.2,1020.3,466.8
1303,1,car,0.2397,562.6,493.4,649.2,543.2
1303,1,car,0.2284,61.5,787.7,173.4,867.2
1304,1,car,0.8234,751.1,686.3,914.7,787.6
1304,1,car,0.3502,563.5,493.5,649.5,543.2
1304,2,large_vehicle,0.3346,58.0,787.7,173.4,867.3
1304,2,large_vehicle,0.3318,953.6,426.3,1020.5,466.8
1304,1,car,0.2708,953.6,426.3,1020.5,466.8
1304,1,car,0.2329,58.0,787.7,173.4,867.3
1304,1,car,0.1715,558.7,494.0,649.3,543.2
1304,2,large_vehicle,0.1179,563.5,493.5,649.5,543.2
1304,0,person,0.1043,1193.4,516.4,1214.3,578.7
1305,1,car,0.7612,556.2,493.8,649.0,543.1
1305,1,car,0.7309,765.1,682.5,927.6,783.8
1305,2,large_vehicle,0.3279,953.2,425.9,1020.8,466.7
1305,1,car,0.3203,953.2,425.9,1020.8,466.7
1305,1,car,0.3000,70.0,786.5,181.3,868.5
1305,2,large_vehicle,0.2678,70.0,786.5,181.3,868.5
1305,2,large_vehicle,0.1723,765.1,682.5,927.6,783.8
1305,2,large_vehicle,0.1236,556.2,493.8,649.0,543.1
1306,1,car,0.7344,556.4,493.8,648.7,543.0
1306,1,car,0.7161,765.2,682.7,928.4,783.9
1306,2,large_vehicle,0.3409,952.9,425.9,1020.9,466.7
1306,1,car,0.3044,952.9,425.9,1020.9,466.7
1306,1,car,0.2816,68.7,786.6,181.3,868.4
1306,2,large_vehicle,0.2790,68.7,786.6,181.3,868.4
1306,2,large_vehicle,0.1869,765.2,682.7,928.4,783.9
1306,2,large_vehicle,0.1573,556.4,493.8,648.7,543.0
1307,1,car,0.8063,556.9,494.1,650.0,543.0
1307,1,car,0.6117,777.9,679.4,948.9,780.9
1307,1,car,0.3329,952.3,425.9,1021.3,466.8
1307,2,large_vehicle,0.3158,777.9,679.4,948.9,780.9
1307,2,large_vehicle,0.2826,952.3,425.9,1021.3,466.8
1307,2,large_vehicle,0.2747,51.3,787.5,190.0,869.9
1307,1,car,0.2306,51.3,787.5,190.0,869.9
1307,1,car,0.1273,559.2,493.6,649.8,543.1
1308,1,car,0.7919,557.3,493.8,650.1,543.0
1308,1,car,0.6275,777.8,679.4,948.9,780.9
1308,1,car,0.3975,952.1,426.0,1021.7,466.8
1308,2,large_vehicle,0.2964,777.8,679.4,948.9,780.9
1308,2,large_vehicle,0.2634,53.7,787.5,190.0,869.7
1308,2,large_vehicle,0.2472,952.1,426.0,1021.7,466.8
1308,1,car,0.2411,53.7,787.5,190.0,869.7
1308,1,car,0.1025,559.8,493.3,650.0,543.1
1309,1,car,0.7906,557.3,493.9,650.0,543.0
1309,1,car,0.6288,777.8,679.4,948.9,780.8
1309,1,car,0.3891,952.0,425.9,1021.2,466.8
1309,2,large_vehicle,0.2943,777.8,679.4,948.9,780.8
1309,2,large_vehicle,0.2572,54.0,787.6,190.0,869.6
1309,2,large_vehicle,0.2454,952.0,425.9,1021.2,466.8
1309,1,car,0.2442,54.0,787.6,190.0,869.6
1309,1,car,0.1081,559.8,493.4,649.8,543.1
1310,1,car,0.8095,556.9,493.6,649.8,543.0
1310,1,car,0.7483,787.8,675.7,952.7,778.5
1310,1,car,0.4262,952.2,425.6,1022.6,466.6
1310,2,large_vehicle,0.3493,75.9,786.9,197.0,872.7
1310,1,car,0.2291,560.1,493.1,649.5,543.1
1310,2,large_vehicle,0.2157,952.2,425.6,1022.6,466.6
1310,1,car,0.2049,75.9,786.9,197.0,872.7
1310,2,large_vehicle,0.1455,787.8,675.7,952.7,778.5
1310,0,person,0.1043,1193.2,514.0,1215.2,579.0
1311,1,car,0.7580,558.1,493.5,649.6,542.9
1311,1,car,0.7441,787.8,675.7,952.1,778.5
1311,1,car,0.3995,952.6,425.3,1023.1,466.5
1311,2,large_vehicle,0.3552,77.6,786.9,197.0,872.5
1311,0,person,0.3119,1193.2,514.7,1214.6,579.4
1311,1,car,0.2691,561.2,492.9,649.5,543.0
1311,2,large_vehicle,0.2165,952.6,425.3,1023.1,466.5
1311,1,car,0.2048,77.6,786.9,197.0,872.5
1311,2,large_vehicle,0.1511,787.8,675.7,952.1,778.5
1312,1,car,0.8326,799.9,673.0,955.2,775.2
1312,1,car,0.4973,563.6,493.4,649.8,542.9
1312,1,car,0.3739,953.6,425.9,1024.2,466.5
1312,1,car,0.3331,85.8,786.1,205.6,873.4
1312,2,large_vehicle,0.2616,85.8,786.1,205.6,873.4
1312,2,large_vehicle,0.1948,953.6,425.9,1024.2,466.5
1312,2,large_vehicle,0.1571,563.6,493.4,649.8,542.9
1313,1,car,0.8349,799.9,673.0,955.2,775.1
1313,1,car,0.4215,559.9,493.7,649.7,542.8
1313,1,car,0.3822,953.4,425.8,1024.3,466.5
1313,1,car,0.3569,562.8,493.2,649.8,542.9
1313,1,car,0.3247,86.3,786.3,205.7,873.4
1313,2,large_vehicle,0.2802,86.3,786.3,205.7,873.4
1313,2,large_vehicle,0.1935,953.4,425.8,1024.3,466.5
1313,2,large_vehicle,0.1185,562.8,493.2,649.8,542.9
1314,1,car,0.8316,799.9,673.1,955.2,775.2
1314,1,car,0.4544,559.8,493.4,649.4,542.8
1314,1,car,0.3482,953.5,425.9,1024.0,466.6
1314,1,car,0.3334,86.4,786.2,205.6,873.2
1314,1,car,0.2791,562.8,493.0,649.4,542.9
1314,2,large_vehicle,0.2649,86.4,786.2,205.6,873.2
1314,2,large_vehicle,0.1733,953.5,425.9,1024.0,466.6
1314,2,large_vehicle,0.1300,562.8,493.0,649.4,542.9
1315,1,car,0.7346,812.9,671.5,979.5,771.7
1315,1,car,0.6492,558.2,493.2,649.2,542.9
1315,1,car,0.3674,953.1,426.0,1023.9,466.6
1315,1,car,0.2782,53.9,785.4,213.9,874.5
1315,2,large_vehicle,0.2646,53.9,785.4,213.9,874.5
1315,1,car,0.2112,561.9,492.9,649.1,543.0
1315,2,large_vehicle,0.1877,953.1,426.0,1023.9,466.6
1315,2,large_vehicle,0.1794,558.2,493.2,649.2,542.9
1315,2,large_vehicle,0.1650,812.9,671.5,979.5,771.7
1315,0,person,0.1444,1193.3,513.7,1215.0,578.6
1315,2,large_vehicle,0.1117,561.9,492.9,649.1,543.0
1316,1,car,0.7308,812.9,671.5,975.5,771.6
1316,1,car,0.7083,557.6,493.0,649.3,542.9
1316,1,car,0.3751,952.9,426.1,1023.9,466.6
1316,1,car,0.2947,54.3,785.3,213.9,874.5
1316,2,large_vehicle,0.2478,54.3,785.3,213.9,874.5
1316,2,large_vehicle,0.1784,952.9,426.1,1023.9,466.6
1316,2,large_vehicle,0.1660,557.6,493.0,649.3,542.9
1316,0,person,0.1638,1193.4,513.8,1215.0,578.5
1316,2,large_vehicle,0.1624,812.9,671.5,975.5,771.6
1316,1,car,0.1059,561.1,492.7,649.2,543.0
1317,1,car,0.8128,556.7,493.2,650.8,543.0
1317,1,car,0.6504,823.2,667.2,983.3,767.3
1317,1,car,0.2993,91.6,784.6,222.6,876.2
1317,2,large_vehicle,0.2946,823.2,667.2,983.3,767.3
1317,0,person,0.2685,1193.2,514.3,1215.1,578.7
1317,1,car,0.2435,952.7,425.2,1023.5,466.6
1317,2,large_vehicle,0.1587,952.7,425.2,1023.5,466.6
1317,2,large_vehicle,0.1411,91.6,784.6,222.6,876.2
1318,1,car,0.8111,556.7,493.0,651.0,543.0
1318,1,car,0.6536,823.2,667.1,983.4,767.3
1318,1,car,0.3004,88.4,784.5,222.6,876.2
1318,2,large_vehicle,0.2907,823.2,667.1,983.4,767.3
1318,0,person,0.2669,1193.3,514.3,1215.1,578.7
1318,1,car,0.2369,952.7,425.1,1023.5,466.6
1318,2,large_vehicle,0.1622,952.7,425.1,1023.5,466.6
1318,2,large_vehicle,0.1373,88.4,784.5,222.6,876.2
1319,1,car,0.8382,556.5,493.3,650.8,543.0
1319,1,car,0.6389,823.2,667.2,983.4,767.3
1319,1,car,0.3124,87.3,784.5,222.6,876.3
1319,2,large_vehicle,0.3074,823.2,667.2,983.4,767.3
1319,1,car,0.2513,952.4,425.1,1023.7,466.6
1319,0,person,0.1961,1193.2,514.1,1214.9,578.4
1319,2,large_vehicle,0.1522,952.4,425.1,1023.7,466.6
1319,2,large_vehicle,0.1222,87.3,784.5,222.6,876.3
1320,1,car,0.8268,557.3,493.0,649.6,542.9
1320,1,car,0.7942,833.6,664.7,996.6,763.6
1320,1,car,0.4939,49.3,782.5,230.5,877.6
1320,1,car,0.4575,952.6,425.5,1025.3,466.5
1320,0,person,0.2566,1193.3,513.8,1215.4,578.6
1320,1,car,0.1646,560.7,492.5,649.5,543.0
1320,2,large_vehicle,0.1622,952.6,425.5,1025.3,466.5
1321,1,car,0.8224,557.4,493.0,649.6,542.9
1321,1,car,0.7921,833.7,664.7,998.1,763.5
1321,1,car,0.4932,50.2,782.6,231.0,877.5
1321,1,car,0.4333,953.2,425.3,1025.4,466.5
1321,0,person,0.2584,1193.3,513.8,1215.4,578.6
1321,1,car,0.2161,561.0,492.5,649.5,543.0
1321,2,large_vehicle,0.1683,953.2,425.3,1025.4,466.5
1322,1,car,0.8583,844.5,662.8,1006.6,759.8
1322,1,car,0.6814,48.9,784.3,241.2,878.2
1322,1,car,0.5599,559.9,493.1,650.2,542.9
1322,1,car,0.3479,563.3,492.7,650.2,543.0
1322,1,car,0.2759,953.8,424.2,1025.4,466.4
1322,2,large_vehicle,0.1719,953.8,424.2,1025.4,466.4
1322,0,person,0.1614,1193.5,513.8,1215.6,578.2
1322,2,large_vehicle,0.1463,563.3,492.7,650.2,543.0
1323,1,car,0.8603,844.5,662.6,1006.3,759.8
1323,1,car,0.7051,559.3,492.9,650.3,542.9
1323,1,car,0.6868,49.3,784.4,241.3,878.1
1323,1,car,0.2698,954.0,424.3,1025.1,466.4
1323,1,car,0.1978,563.1,492.6,650.3,543.0
1323,2,large_vehicle,0.1706,954.0,424.3,1025.1,466.4
1323,2,large_vehicle,0.1415,559.3,492.9,650.3,542.9
1323,0,person,0.1093,1193.6,513.9,1215.6,578.2
1324,1,car,0.8607,844.5,662.6,1006.4,759.8
1324,1,car,0.6821,49.3,784.3,241.3,878.1
1324,1,car,0.6815,559.7,493.0,650.0,542.9
1324,1,car,0.2707,954.0,424.3,1025.3,466.4
1324,1,car,0.2536,563.5,492.6,650.1,543.0
1324,2,large_vehicle,0.1651,954.0,424.3,1025.3,466.4
1324,2,large_vehicle,0.1476,559.7,493.0,650.0,542.9
1324,0,person,0.1186,1193.5,514.0,1215.6,578.3
1324,2,large_vehicle,0.1160,563.5,492.6,650.1,543.0
1325,1,car,0.8190,855.6,657.9,1014.2,756.3
1325,1,car,0.7792,557.0,493.2,649.6,543.0
1325,1,car,0.5760,55.3,783.6,249.5,877.4
1325,1,car,0.2251,953.7,425.0,1024.4,466.4
1325,2,large_vehicle,0.2174,55.3,783.6,249.5,877.4
1325,2,large_vehicle,0.1534,953.7,425.0,1024.4,466.4
1325,0,person,0.1021,1193.4,514.1,1215.6,578.6
1326,1,car,0.8610,866.5,656.1,1024.6,752.1
1326,1,car,0.8082,557.9,493.8,650.3,543.1
1326,1,car,0.5790,60.1,784.1,258.3,877.5
1326,1,car,0.3685,953.4,425.1,1024.2,466.5
1326,1,car,0.3368,561.3,493.5,650.2,543.2
1326,2,large_vehicle,0.1974,953.4,425.1,1024.2,466.5
1326,2,large_vehicle,0.1393,60.1,784.1,258.3,877.5
1326,0,person,0.1167,1193.4,514.0,1215.7,578.6
1327,1,car,0.8605,866.5,656.1,1024.6,752.1
1327,1,car,0.8057,557.9,493.9,650.3,543.1
1327,1,car,0.5833,58.7,784.1,258.3,877.5
1327,1,car,0.3641,953.4,425.0,1024.2,466.5
1327,1,car,0.3423,561.3,493.5,650.3,543.2
1327,2,large_vehicle,0.2077,953.4,425.0,1024.2,466.5
1327,2,large_vehicle,0.1481,58.7,784.1,258.3,877.5
1327,0,person,0.1164,1193.4,514.0,1215.6,578.6
1328,1,car,0.8588,866.7,656.1,1024.4,752.1
1328,1,car,0.8334,557.3,493.8,650.2,543.0
1328,1,car,0.5919,58.1,784.1,258.2,877.6
1328,1,car,0.4035,952.4,425.0,1024.3,466.5
1328,1,car,0.3372,560.5,493.4,650.0,543.1
1328,2,large_vehicle,0.1688,952.4,425.0,1024.3,466.5
1328,2,large_vehicle,0.1431,58.1,784.1,258.2,877.6
1328,0,person,0.1408,1193.3,514.1,1215.6,578.7
1329,1,car,0.8143,876.5,654.7,1033.7,749.6
1329,1,car,0.6971,558.6,493.5,649.6,543.0
1329,1,car,0.3761,561.6,493.0,649.4,543.0
1329,1,car,0.2999,141.2,786.4,268.7,876.7
1329,1,car,0.2757,952.9,423.8,1024.7,466.4
1329,0,person,0.2296,1193.2,513.9,1215.6,578.6
1329,2,large_vehicle,0.2104,952.9,423.8,1024.7,466.4
1329,2,large_vehicle,0.1873,141.2,786.4,268.7,876.7
1330,1,car,0.8199,876.5,654.9,1033.6,749.5
1330,1,car,0.7340,558.6,493.5,649.9,543.0
1330,1,car,0.3750,561.6,493.0,649.7,543.0
1330,1,car,0.3091,141.1,786.7,268.7,876.7
1330,1,car,0.2833,952.9,423.7,1024.7,466.3
1330,0,person,0.2243,1193.2,514.0,1215.6,578.7
1330,2,large_vehicle,0.2119,952.9,423.7,1024.7,466.3
1330,2,large_vehicle,0.1757,141.1,786.7,268.7,876.7
1331,1,car,0.7443,887.3,651.0,1036.5,746.0
1331,1,car,0.5425,149.3,785.1,279.1,876.3
1331,1,car,0.4787,560.0,493.6,651.0,542.8
1331,1,car,0.3834,563.3,493.3,651.2,542.9
1331,1,car,0.2634,954.1,424.1,1024.7,466.3
1331,2,large_vehicle,0.2007,954.1,424.1,1024.7,466.3
1331,0,person,0.1983,1193.1,513.8,1215.4,578.7
1331,2,large_vehicle,0.1442,887.3,651.0,1036.5,746.0
1331,2,large_vehicle,0.1143,563.3,493.3,651.2,542.9
1332,1,car,0.7533,887.4,650.9,1036.5,745.9
1332,1,car,0.5429,149.3,784.9,279.1,876.3
1332,1,car,0.4005,563.9,493.2,650.7,542.9
1332,1,car,0.3506,560.6,493.5,650.5,542.8
1332,1,car,0.2682,954.6,424.2,1024.8,466.2
1332,0,person,0.2671,1193.3,513.7,1215.4,578.8
1332,2,large_vehicle,0.1887,954.6,424.2,1024.8,466.2
1332,2,large_vehicle,0.1335,563.9,493.2,650.7,542.9
1332,2,large_vehicle,0.1324,887.4,650.9,1036.5,745.9
1333,1,car,0.7514,887.4,651.0,1036.6,745.9
1333,1,car,0.5417,149.3,784.9,279.1,876.5
1333,1,car,0.3804,560.6,493.5,650.6,542.8
1333,1,car,0.3793,563.9,493.2,650.8,542.9
1333,0,person,0.2717,1193.3,513.7,1215.4,578.8
1333,1,car,0.2557,954.6,424.0,1025.0,466.2
1333,2,large_vehicle,0.1913,954.6,424.0,1025.0,466.2
1333,2,large_vehicle,0.1354,563.9,493.2,650.8,542.9
1333,2,large_vehicle,0.1345,887.4,651.0,1036.6,745.9
1334,1,car,0.7998,555.8,492.9,649.7,542.8
1334,1,car,0.4976,899.4,647.4,1051.1,742.2
1334,1,car,0.4244,156.6,786.3,288.7,876.6
1334,0,person,0.4176,1193.3,513.8,1215.7,579.3
1334,2,large_vehicle,0.4107,899.4,647.4,1051.1,742.2
1334,1,car,0.2563,953.2,424.7,1024.4,466.3
1334,2,large_vehicle,0.2551,156.6,786.3,288.7,876.6
1334,2,large_vehicle,0.1910,953.2,424.7,1024.4,466.3
1335,1,car,0.7725,555.9,492.6,650.0,542.8
1335,1,car,0.4767,899.4,647.0,1051.0,742.1
1335,0,person,0.4390,1193.2,514.0,1215.8,579.3
1335,2,large_vehicle,0.4269,899.4,647.0,1051.0,742.1
1335,1,car,0.4228,156.6,786.2,288.6,876.7
1335,2,large_vehicle,0.2712,156.6,786.2,288.6,876.7
1335,1,car,0.2644,953.2,424.9,1024.5,466.4
1335,2,large_vehicle,0.2023,953.2,424.9,1024.5,466.4
1336,1,car,0.8316,556.7,493.3,650.1,542.8
1336,1,car,0.5536,164.6,786.7,299.2,876.0
1336,2,large_vehicle,0.4987,907.6,642.6,1054.9,739.1
1336,0,person,0.4433,1193.3,513.9,1215.9,579.1
1336,1,car,0.3512,907.6,642.6,1054.9,739.1
1336,1,car,0.3161,560.0,493.1,649.8,542.9
1336,1,car,0.2621,953.9,425.3,1024.8,466.4
1336,2,large_vehicle,0.1983,953.9,425.3,1024.8,466.4
1336,2,large_vehicle,0.1392,164.6,786.7,299.2,876.0
1337,1,car,0.8345,556.6,493.4,650.2,542.8
1337,1,car,0.5577,164.6,786.8,299.2,876.0
1337,2,large_vehicle,0.5140,907.7,642.7,1054.9,739.1
1337,0,person,0.4621,1193.2,513.9,1215.9,579.1
1337,1,car,0.3366,907.7,642.7,1054.9,739.1
1337,1,car,0.2844,559.8,493.1,649.9,542.9
1337,1,car,0.2688,953.0,425.6,1024.6,466.4
1337,2,large_vehicle,0.2024,953.0,425.6,1024.6,466.4
1337,2,large_vehicle,0.1345,164.6,786.8,299.2,876.0
1338,1,car,0.8098,556.9,493.3,649.7,542.9
1338,1,car,0.5746,164.5,786.8,299.2,876.1
1338,2,large_vehicle,0.4746,907.7,642.7,1054.9,739.0
1338,0,person,0.4160,1193.1,513.5,1215.7,578.7
1338,1,car,0.3741,907.7,642.7,1054.9,739.0
1338,1,car,0.2698,560.1,493.0,649.2,543.0
1338,1,car,0.2386,953.0,425.1,1024.8,466.4
1338,2,large_vehicle,0.2107,953.0,425.1,1024.8,466.4
1338,2,large_vehicle,0.1239,164.5,786.8,299.2,876.1
1339,1,car,0.7666,557.9,492.5,649.6,542.9
1339,1,car,0.6836,172.1,784.3,309.9,877.3
1339,1,car,0.5464,916.5,644.0,1062.5,735.8
1339,0,person,0.4007,1193.0,513.1,1216.1,578.8
1339,2,large_vehicle,0.2772,916.5,644.0,1062.5,735.8
1339,1,car,0.2095,561.3,492.2,649.0,543.0
1339,1,car,0.2026,953.3,423.4,1025.3,466.1
1339,2,large_vehicle,0.1213,953.3,423.4,1025.3,466.1
1340,1,car,0.7511,558.0,492.3,649.8,543.0
1340,1,car,0.6938,172.1,784.5,309.8,877.3
1340,1,car,0.5578,916.4,644.1,1062.3,735.8
1340,0,person,0.3354,1192.9,512.8,1216.0,578.6
1340,2,large_vehicle,0.2698,916.4,644.1,1062.3,735.8
1340,1,car,0.2158,561.4,492.0,649.3,543.0
1340,1,car,0.1948,953.2,423.6,1025.3,466.1
1340,2,large_vehicle,0.1198,953.2,423.6,1025.3,466.1
1340,2,large_vehicle,0.1162,558.0,492.3,649.8,543.0
1341,1,car,0.7231,181.1,784.0,319.4,877.2
1341,1,car,0.5831,926.0,640.0,1069.6,732.3
1341,1,car,0.4657,564.2,492.7,649.4,542.7
1341,0,person,0.3436,1193.1,513.2,1215.7,578.2
1341,2,large_vehicle,0.2839,926.0,640.0,1069.6,732.3
1341,2,large_vehicle,0.2455,564.2,492.7,649.4,542.7
1342,1,car,0.7249,181.1,784.0,319.4,877.2
1342,1,car,0.5845,926.0,640.0,1069.6,732.3
1342,1,car,0.4510,564.3,492.6,649.4,542.8
1342,0,person,0.3468,1193.2,513.2,1215.7,578.3
1342,2,large_vehicle,0.2825,926.0,640.0,1069.6,732.3
1342,2,large_vehicle,0.2303,564.3,492.6,649.4,542.8
1343,1,car,0.7340,181.1,783.8,319.4,877.1
1343,1,car,0.5750,926.1,640.1,1069.3,732.2
1343,1,car,0.4686,559.8,492.9,649.3,542.7
1343,0,person,0.3258,1193.1,513.2,1215.6,578.2
1343,1,car,0.3256,562.8,492.5,649.3,542.7
1343,2,large_vehicle,0.2905,926.1,640.1,1069.3,732.2
1343,2,large_vehicle,0.1459,562.8,492.5,649.3,542.7
1343,2,large_vehicle,0.1008,559.8,492.9,649.3,542.7
1344,1,car,0.7488,190.0,783.4,330.0,877.4
1344,1,car,0.7013,558.7,492.4,649.5,542.9
1344,1,car,0.6358,936.5,635.9,1078.6,728.8
1344,0,person,0.4227,1193.0,513.3,1215.8,578.1
1344,1,car,0.2153,562.5,492.1,649.4,542.9
1344,2,large_vehicle,0.1922,936.5,635.9,1078.6,728.8
1344,2,large_vehicle,0.1872,953.9,423.5,1024.7,466.3
1344,2,large_vehicle,0.1455,558.7,492.4,649.5,542.9
1344,1,car,0.1058,953.9,423.5,1024.7,466.3
1345,1,car,0.7479,190.0,783.4,330.0,877.5
1345,1,car,0.6918,559.5,492.6,649.6,542.9
1345,1,car,0.6456,936.7,635.5,1078.1,729.0
1345,0,person,0.4129,1193.0,513.3,1215.7,578.1
1345,1,car,0.3159,563.1,492.3,649.5,542.9
1345,2,large_vehicle,0.1756,953.9,423.9,1024.7,466.3
1345,2,large_vehicle,0.1748,936.7,635.5,1078.1,729.0
1345,1,car,0.1260,953.9,423.9,1024.7,466.3
1345,2,large_vehicle,0.1157,559.5,492.6,649.6,542.9
1346,1,car,0.8218,557.7,492.9,650.3,542.9
1346,1,car,0.6085,199.1,785.9,343.6,876.8
1346,1,car,0.6048,946.1,634.0,1083.0,724.4
1346,0,person,0.3323,1193.0,513.5,1215.7,578.0
1346,1,car,0.2364,952.2,423.6,1025.1,466.3
1346,2,large_vehicle,0.2248,946.1,634.0,1083.0,724.4
1346,2,large_vehicle,0.1976,952.2,423.6,1025.1,466.3
1346,2,large_vehicle,0.1846,199.1,785.9,343.6,876.8
1346,1,car,0.1641,560.4,492.6,650.0,543.0
1347,1,car,0.7715,558.5,493.0,650.0,542.9
1347,1,car,0.6114,946.2,633.9,1083.0,724.5
1347,1,car,0.6064,198.9,785.7,343.7,876.8
1347,0,person,0.3141,1193.0,513.7,1215.7,578.1
1347,1,car,0.3000,561.4,492.6,649.7,543.0
1347,2,large_vehicle,0.2077,946.2,633.9,1083.0,724.5
1347,2,large_vehicle,0.1805,198.9,785.7,343.7,876.8
1347,1,car,0.1504,952.4,423.7,1024.9,466.2
1347,2,large_vehicle,0.1217,952.4,423.7,1024.9,466.2
1348,1,car,0.7703,558.5,493.0,650.0,542.9
1348,1,car,0.6162,946.1,633.9,1083.1,724.5
1348,1,car,0.6090,198.9,785.7,343.7,876.8
1348,0,person,0.3246,1193.1,513.7,1215.6,578.2
1348,1,car,0.3066,561.4,492.6,649.7,543.0
1348,2,large_vehicle,0.2050,946.1,633.9,1083.1,724.5
1348,2,large_vehicle,0.1790,198.9,785.7,343.7,876.8
1348,1,car,0.1670,952.4,423.9,1024.8,466.2
1348,2,large_vehicle,0.1178,952.4,423.9,1024.8,466.2
1349,1,car,0.7411,207.0,782.1,353.1,877.2
1349,1,car,0.6640,955.1,632.0,1092.9,720.6
1349,1,car,0.6006,558.0,492.7,649.5,543.0
1349,0,person,0.3821,1193.0,513.5,1215.8,578.2
1349,1,car,0.3704,561.6,492.2,649.3,543.0
1349,2,large_vehicle,0.1554,955.1,632.0,1092.9,720.6
1349,1,car,0.1247,953.3,423.5,1024.9,466.1
1350,1,car,0.7652,964.5,630.2,1100.6,719.2
1350,1,car,0.7339,215.5,782.0,364.1,876.7
1350,1,car,0.6188,559.9,492.9,649.5,543.0
1350,0,person,0.3247,1193.0,513.5,1215.5,578.3
1350,1,car,0.2962,562.9,492.6,649.3,543.1
1351,1,car,0.7671,964.5,630.1,1100.6,719.2
1351,1,car,0.7345,215.5,782.0,364.1,876.7
1351,1,car,0.5923,560.1,492.9,649.6,543.0
1351,0,person,0.3209,1193.0,513.5,1215.5,578.3
1351,1,car,0.3075,563.0,492.5,649.4,543.1
1352,1,car,0.7586,964.5,630.3,1100.2,719.2
1352,1,car,0.7332,215.5,781.9,364.1,876.8
1352,1,car,0.4000,563.2,492.7,649.5,543.1
1352,1,car,0.3348,560.2,493.0,649.6,543.0
1352,0,person,0.2706,1193.0,513.6,1215.4,578.2
1353,1,car,0.7913,224.7,780.8,374.3,876.3
1353,1,car,0.7085,556.9,492.7,649.9,542.9
1353,1,car,0.6077,973.6,630.1,1107.4,716.6
1353,0,person,0.2713,1193.1,513.7,1215.4,578.1
1353,2,large_vehicle,0.2422,973.6,630.1,1107.4,716.6
1353,1,car,0.2087,562.2,492.5,649.7,543.0
1353,2,large_vehicle,0.1321,556.9,492.7,649.9,542.9
1354,1,car,0.7970,224.6,780.7,374.2,876.3
1354,1,car,0.7104,556.9,492.7,649.9,543.0
1354,1,car,0.6153,973.6,629.0,1107.4,716.7
1354,0,person,0.2499,1193.1,513.5,1215.5,578.1
1354,1,car,0.2354,562.2,492.5,649.7,543.0
1354,2,large_vehicle,0.2295,973.6,629.0,1107.4,716.7
1354,2,large_vehicle,0.1237,556.9,492.7,649.9,543.0
1355,1,car,0.8299,556.5,492.7,650.9,543.0
1355,1,car,0.7879,233.9,781.4,385.6,875.4
1355,2,large_vehicle,0.5141,981.9,625.3,1115.3,713.0
1355,1,car,0.3914,981.9,625.3,1115.3,713.0
1355,0,person,0.2305,1193.3,513.6,1215.5,578.0
1355,1,car,0.1130,953.4,423.4,1025.1,466.3
1356,1,car,0.8223,556.4,492.6,650.8,543.0
1356,1,car,0.7916,233.8,781.5,385.8,875.4
1356,2,large_vehicle,0.5003,981.8,625.2,1115.3,713.0
1356,1,car,0.4038,981.8,625.2,1115.3,713.0
1356,0,person,0.2241,1193.1,513.7,1215.3,577.9
1356,1,car,0.1477,953.4,423.2,1025.1,466.3
1356,2,large_vehicle,0.1457,953.4,423.2,1025.1,466.3
1356,1,car,0.1104,559.4,492.4,650.5,543.1
1357,1,car,0.8215,556.5,492.6,650.8,543.0
1357,1,car,0.7921,233.9,781.4,385.9,875.4
1357,2,large_vehicle,0.4997,981.8,625.2,1115.3,713.0
1357,1,car,0.4031,981.8,625.2,1115.3,713.0
1357,0,person,0.2292,1193.1,513.7,1215.3,577.9
1357,2,large_vehicle,0.1343,953.4,423.1,1024.9,466.3
1357,1,car,0.1288,953.4,423.1,1024.9,466.3
1357,1,car,0.1113,559.5,492.4,650.5,543.1
1358,1,car,0.8231,243.9,781.7,396.8,875.5
1358,1,car,0.7772,556.9,492.6,649.7,542.9
1358,2,large_vehicle,0.4767,989.8,623.2,1122.4,710.1
1358,1,car,0.4508,989.8,623.2,1122.4,710.1
1358,0,person,0.2531,1192.8,513.5,1215.1,577.6
1358,1,car,0.2418,560.6,492.3,649.2,543.0
1358,2,large_vehicle,0.1408,953.8,422.7,1024.9,466.0
1358,1,car,0.1249,953.8,422.7,1024.9,466.0
1359,1,car,0.8199,243.8,781.8,396.9,875.5
1359,1,car,0.7420,557.7,492.7,649.7,542.9
1359,2,large_vehicle,0.4699,989.8,623.2,1122.4,710.1
1359,1,car,0.4568,989.8,623.2,1122.4,710.1
1359,1,car,0.2859,561.3,492.4,649.3,543.0
1359,0,person,0.2832,1192.9,513.7,1215.2,578.2
1359,2,large_vehicle,0.1104,953.9,421.9,1024.5,465.9
1360,1,car,0.8053,253.6,781.1,409.8,876.2
1360,2,large_vehicle,0.4944,997.6,621.3,1127.4,706.6
1360,1,car,0.4740,563.6,492.7,649.9,543.1
1360,1,car,0.4441,997.6,621.3,1127.4,706.6
1360,0,person,0.2009,1193.0,513.6,1215.4,578.1
1360,2,large_vehicle,0.1541,563.6,492.7,649.9,543.1
1361,1,car,0.7976,253.6,781.1,409.7,876.2
1361,2,large_vehicle,0.4996,997.8,621.3,1127.5,706.6
1361,1,car,0.4396,997.8,621.3,1127.5,706.6
1361,1,car,0.4256,560.0,492.9,649.7,543.0
1361,1,car,0.3524,563.2,492.5,649.8,543.1
1361,0,person,0.2039,1193.0,513.6,1215.5,578.1
1361,2,large_vehicle,0.1029,563.2,492.5,649.8,543.1
1362,1,car,0.8089,253.6,781.1,409.8,876.2
1362,1,car,0.6459,560.0,492.8,649.8,543.1
1362,2,large_vehicle,0.4737,997.6,621.4,1127.5,706.6
1362,1,car,0.4648,997.6,621.4,1127.5,706.6
1362,1,car,0.2668,563.0,492.5,649.8,543.1
1362,0,person,0.1900,1193.1,513.8,1215.5,578.0
1363,1,car,0.8584,264.1,779.6,421.4,875.8
1363,1,car,0.7542,557.8,492.4,650.1,543.1
1363,2,large_vehicle,0.6574,1006.0,618.8,1133.6,704.4
1363,1,car,0.2152,1006.0,618.8,1133.6,704.4
1363,0,person,0.1475,1193.2,514.0,1215.4,577.9
1363,2,large_vehicle,0.1010,557.8,492.4,650.1,543.1
1364,1,car,0.8552,264.1,779.5,421.2,875.9
1364,1,car,0.7740,557.3,492.5,649.9,543.0
1364,2,large_vehicle,0.6646,1006.0,618.8,1133.6,704.3
1364,1,car,0.2079,1006.0,618.8,1133.6,704.3
1364,0,person,0.1871,1193.1,513.9,1215.3,577.9
1365,1,car,0.8103,557.9,492.4,651.1,543.0
1365,1,car,0.7742,274.4,777.2,432.4,874.2
1365,2,large_vehicle,0.5567,1014.2,616.4,1139.3,701.5
1365,1,car,0.3449,1014.2,616.4,1139.3,701.5
1365,1,car,0.1273,560.9,492.3,650.6,543.2
1365,0,person,0.1221,1193.1,513.7,1215.2,577.5
1365,2,large_vehicle,0.1098,274.4,777.2,432.4,874.2
1366,1,car,0.8104,557.9,492.4,651.1,543.0
1366,1,car,0.7745,274.5,777.2,432.4,874.2
1366,2,large_vehicle,0.5575,1014.2,616.4,1139.3,701.5
1366,1,car,0.3439,1014.2,616.4,1139.3,701.5
1366,1,car,0.1272,561.0,492.3,650.6,543.2
1366,0,person,0.1237,1193.2,513.8,1215.2,577.7
1366,2,large_vehicle,0.1092,274.5,777.2,432.4,874.2
1367,1,car,0.8121,557.8,493.0,651.5,543.0
1367,1,car,0.7758,274.4,777.2,432.4,874.2
1367,2,large_vehicle,0.5506,1014.3,616.3,1139.4,701.5
1367,1,car,0.3570,1014.3,616.3,1139.4,701.5
1367,1,car,0.3059,560.9,492.8,651.0,543.1
1367,0,person,0.1280,1193.2,513.6,1215.2,577.6
1367,2,large_vehicle,0.1075,274.4,777.2,432.4,874.2
1368,1,car,0.8114,283.0,776.8,443.9,874.9
1368,1,car,0.6145,1021.8,614.7,1145.4,698.3
1368,1,car,0.5479,563.9,492.6,649.8,543.1
1368,2,large_vehicle,0.2793,1021.8,614.7,1145.4,698.3
1368,2,large_vehicle,0.1282,563.9,492.6,649.8,543.1
1369,1,car,0.8170,283.0,776.9,443.9,875.1
1369,1,car,0.5778,1021.9,614.7,1145.5,698.3
1369,1,car,0.5525,564.3,492.7,649.8,543.1
1369,2,large_vehicle,0.3261,1021.9,614.7,1145.5,698.3
1369,2,large_vehicle,0.1384,564.3,492.7,649.8,543.1
1370,1,car,0.8467,295.3,777.4,458.5,872.7
1370,2,large_vehicle,0.5733,1027.9,611.4,1150.4,697.1
1370,1,car,0.5398,565.2,493.1,650.4,543.0
1370,1,car,0.3507,1027.9,611.4,1150.4,697.1
1370,2,large_vehicle,0.1475,565.2,493.1,650.4,543.0
1371,1,car,0.8466,295.4,777.3,458.5,872.9
1371,2,large_vehicle,0.5645,1028.2,611.4,1150.4,697.3
1371,1,car,0.5114,565.0,493.1,650.2,543.0
1371,1,car,0.3577,1028.2,611.4,1150.4,697.3
1371,2,large_vehicle,0.1496,565.0,493.1,650.2,543.0
1372,1,car,0.8460,295.2,777.3,458.5,872.8
1372,2,large_vehicle,0.5602,1028.0,611.4,1150.4,697.3
1372,1,car,0.4942,564.8,493.0,650.3,543.0
1372,1,car,0.3659,1028.0,611.4,1150.4,697.3
1372,2,large_vehicle,0.1431,564.8,493.0,650.3,543.0
1372,0,person,0.1047,1193.4,514.1,1215.3,577.7
1373,1,car,0.8755,305.7,775.1,470.0,872.7
1373,1,car,0.7412,558.0,492.3,650.4,543.2
1373,1,car,0.5394,1036.1,610.1,1155.7,694.8
1373,2,large_vehicle,0.3540,1036.1,610.1,1155.7,694.8
1373,0,person,0.1488,1193.3,514.6,1215.2,577.8
1374,1,car,0.8747,315.5,773.3,482.1,872.3
1374,1,car,0.7712,559.4,492.5,653.2,543.1
1374,2,large_vehicle,0.6149,1043.4,608.8,1161.7,693.8
1374,1,car,0.2796,1043.4,608.8,1161.7,693.8
1374,0,person,0.1747,1193.4,514.7,1215.4,577.9
1374,1,car,0.1046,562.4,492.5,652.0,543.2
1375,1,car,0.8750,315.5,773.4,482.1,872.3
1375,1,car,0.7706,559.4,492.5,653.2,543.0
1375,2,large_vehicle,0.6111,1043.4,608.8,1161.7,693.8
1375,1,car,0.2853,1043.4,608.8,1161.7,693.8
1375,0,person,0.1679,1193.3,514.7,1215.4,577.9
1375,1,car,0.1064,562.4,492.5,652.0,543.2
1376,1,car,0.8757,315.4,773.3,482.1,872.2
1376,1,car,0.7957,558.8,492.8,652.9,543.0
1376,2,large_vehicle,0.6164,1043.3,608.8,1161.5,693.8
1376,1,car,0.2846,1043.3,608.8,1161.5,693.8
1376,1,car,0.1635,561.9,492.7,652.0,543.2
1376,0,person,0.1607,1193.3,514.6,1215.2,577.9
1377,1,car,0.8732,327.4,771.5,495.9,872.2
1377,2,large_vehicle,0.8196,1050.2,606.8,1166.7,690.5
1377,1,car,0.5832,564.5,492.9,650.2,543.1
1377,2,large_vehicle,0.1698,564.5,492.9,650.2,543.1
1377,0,person,0.1541,1193.4,514.5,1215.4,577.8
1378,1,car,0.8753,327.3,771.5,495.8,872.3
1378,2,large_vehicle,0.8135,1050.1,606.7,1166.6,690.4
1378,1,car,0.5829,564.5,492.9,650.1,543.1
1378,2,large_vehicle,0.1722,564.5,492.9,650.1,543.1
1378,0,person,0.1511,1193.4,514.8,1215.4,577.9
1379,1,car,0.8755,339.1,769.8,509.2,872.3
1379,2,large_vehicle,0.7831,1057.3,605.7,1172.7,687.2
1379,1,car,0.4241,564.8,492.9,651.4,543.0
1379,0,person,0.2355,1193.3,514.4,1215.4,577.9
1379,2,large_vehicle,0.1717,564.8,492.9,651.4,543.0
1379,2,large_vehicle,0.1278,954.4,422.7,1024.9,466.1
1380,1,car,0.8765,339.1,769.8,509.1,872.3
1380,2,large_vehicle,0.7842,1057.3,605.6,1172.5,687.1
1380,1,car,0.3666,564.9,492.6,651.3,543.1
1380,0,person,0.2392,1193.3,514.5,1215.4,578.1
1380,2,large_vehicle,0.1466,564.9,492.6,651.3,543.1
1380,2,large_vehicle,0.1299,954.5,422.1,1024.9,466.0
1380,1,car,0.1178,561.9,492.8,651.4,543.0
1381,1,car,0.8767,339.1,769.8,509.1,872.2
1381,2,large_vehicle,0.7850,1057.3,605.7,1172.5,687.1
1381,1,car,0.3403,564.8,492.6,651.4,543.0
1381,0,person,0.2388,1193.3,514.5,1215.3,578.1
1381,1,car,0.1523,561.9,492.8,651.4,542.9
1381,2,large_vehicle,0.1425,564.8,492.6,651.4,543.0
1382,1,car,0.8635,349.5,769.8,521.0,870.7
1382,2,large_vehicle,0.8331,1064.2,604.1,1178.2,686.8
1382,1,car,0.6867,558.0,492.2,650.6,543.0
1382,0,person,0.2305,1193.4,515.0,1215.3,578.4
1382,2,large_vehicle,0.1984,953.7,422.1,1025.2,466.2
1382,2,large_vehicle,0.1516,558.0,492.2,650.6,543.0
1383,1,car,0.8604,349.4,769.7,521.1,870.6
1383,2,large_vehicle,0.8386,1064.2,604.0,1178.2,686.8
1383,1,car,0.6813,558.0,492.0,651.1,543.0
1383,0,person,0.2593,1193.4,515.0,1215.2,578.4
1383,2,large_vehicle,0.1674,953.0,422.2,1024.9,466.2
1383,2,large_vehicle,0.1516,558.0,492.0,651.1,543.0
1384,1,car,0.8664,359.3,766.5,535.2,868.3
1384,2,large_vehicle,0.8320,1070.6,602.2,1182.4,683.5
1384,1,car,0.7803,556.9,492.3,652.3,542.9
1384,0,person,0.2411,1193.3,515.1,1215.4,578.3
1385,1,car,0.8645,359.4,766.6,535.2,868.3
1385,2,large_vehicle,0.8308,1070.6,602.3,1182.4,683.5
1385,1,car,0.7980,556.4,492.5,652.4,542.9
1385,0,person,0.2299,1193.4,515.0,1215.4,578.4
1385,1,car,0.1172,559.9,492.4,651.1,543.1
1386,1,car,0.8642,359.3,766.6,535.2,868.3
1386,2,large_vehicle,0.8310,1070.6,602.3,1182.4,683.5
1386,1,car,0.7889,556.6,492.1,651.7,543.0
1386,0,person,0.2561,1193.3,515.0,1215.3,578.2
1387,1,car,0.8696,374.0,766.3,551.0,868.5
1387,2,large_vehicle,0.8025,1076.7,601.0,1186.0,681.5
1387,1,car,0.7790,557.8,492.3,649.9,543.0
1387,0,person,0.1722,1193.4,515.2,1215.3,578.2
1387,1,car,0.1460,561.5,492.0,649.7,543.1
1388,1,car,0.8701,374.0,766.3,550.9,868.4
1388,2,large_vehicle,0.8044,1076.7,601.0,1186.0,681.5
1388,1,car,0.7645,557.7,492.1,649.9,543.0
1388,0,person,0.2064,1193.4,515.2,1215.4,578.2
1389,1,car,0.8883,385.0,762.3,561.8,866.8
1389,2,large_vehicle,0.8285,1082.5,598.7,1192.2,678.6
1389,1,car,0.6319,561.2,492.4,651.7,542.9
1389,0,person,0.2252,1193.5,515.0,1215.3,577.9
1389,1,car,0.1802,564.1,492.1,651.5,543.0
1389,2,large_vehicle,0.1344,561.2,492.4,651.7,542.9
1390,1,car,0.8885,385.0,762.3,561.8,866.8
1390,2,large_vehicle,0.8288,1082.5,598.7,1192.2,678.6
1390,1,car,0.6365,561.1,492.4,651.6,542.9
1390,0,person,0.2233,1193.5,515.0,1215.3,577.9
1390,1,car,0.1853,564.1,492.1,651.5,543.0
1390,2,large_vehicle,0.1317,561.1,492.4,651.6,542.9
1391,1,car,0.8907,385.0,762.4,561.8,866.8
1391,2,large_vehicle,0.8274,1082.5,598.7,1192.1,678.6
1391,1,car,0.6916,560.5,492.6,651.8,542.9
1391,0,person,0.2327,1193.4,514.7,1215.3,577.9
1391,1,car,0.1577,563.4,492.4,651.6,543.0
1391,2,large_vehicle,0.1014,560.5,492.6,651.8,542.9
1392,1,car,0.8666,394.2,760.9,576.2,865.6
1392,2,large_vehicle,0.7579,1088.7,597.4,1197.1,677.3
1392,1,car,0.7423,555.6,491.9,650.7,542.9
1392,0,person,0.2756,1193.4,514.8,1215.1,577.6
1392,1,car,0.1335,1088.7,597.4,1197.1,677.3
1392,2,large_vehicle,0.1039,555.6,491.9,650.7,542.9
1393,1,car,0.8666,394.4,761.0,576.4,865.4
1393,2,large_vehicle,0.7564,1088.7,597.4,1197.1,677.3
1393,1,car,0.7438,555.6,491.9,650.7,542.9
1393,0,person,0.2774,1193.4,514.8,1215.2,577.6
1393,1,car,0.1352,1088.7,597.4,1197.1,677.3
1393,2,large_vehicle,0.1039,555.6,491.9,650.7,542.9
1394,1,car,0.8671,407.9,759.3,587.7,863.9
1394,1,car,0.8081,556.0,492.8,652.3,542.9
1394,2,large_vehicle,0.6991,1094.7,595.6,1200.9,673.8
1394,0,person,0.2237,1193.4,514.8,1215.1,577.3
1394,1,car,0.1583,1094.7,595.6,1200.9,673.8
1395,1,car,0.8708,407.8,759.3,587.7,863.9
1395,1,car,0.7904,556.3,492.7,652.1,542.9
1395,2,large_vehicle,0.7025,1094.7,595.6,1200.9,673.8
1395,0,person,0.2849,1193.4,515.1,1215.2,577.3
1395,1,car,0.1578,1094.7,595.6,1200.9,673.8
1396,1,car,0.8741,407.9,759.3,587.8,863.9
1396,1,car,0.7907,556.2,492.6,652.2,542.9
1396,2,large_vehicle,0.7015,1094.7,595.6,1200.9,673.8
1396,0,person,0.2878,1193.4,515.0,1215.2,577.3
1396,1,car,0.1584,1094.7,595.6,1200.9,673.8
1397,1,car,0.8580,422.0,757.7,601.4,862.3
1397,1,car,0.8045,557.0,492.5,649.9,542.9
1397,2,large_vehicle,0.6784,1100.5,594.9,1205.6,673.1
1397,0,person,0.2414,1193.5,515.0,1215.2,577.6
1397,1,car,0.2161,1100.5,594.9,1205.6,673.1
1397,1,car,0.1254,560.4,492.1,649.7,542.9
1397,2,large_vehicle,0.1173,953.8,421.2,1024.9,466.1
1398,1,car,0.8522,434.1,754.9,617.0,860.6
1398,2,large_vehicle,0.8264,1106.0,593.6,1209.4,670.2
1398,1,car,0.6947,558.7,492.9,652.4,542.7
1398,0,person,0.2048,1193.4,514.2,1215.4,577.8
1398,2,large_vehicle,0.1112,558.7,492.9,652.4,542.7
1398,1,car,0.1070,562.2,492.7,651.8,542.8
1399,1,car,0.8522,434.1,754.9,617.0,860.6
1399,2,large_vehicle,0.8277,1106.0,593.6,1209.4,670.2
1399,1,car,0.6937,558.8,492.9,652.3,542.7
1399,0,person,0.2092,1193.4,514.3,1215.4,577.8
1399,2,large_vehicle,0.1121,558.8,492.9,652.3,542.7
1399,1,car,0.1089,562.2,492.7,651.8,542.8
1400,1,car,0.8536,434.1,754.9,616.7,860.7
1400,2,large_vehicle,0.8245,1106.0,593.7,1209.4,670.3
1400,1,car,0.6497,560.0,493.0,652.6,542.7
1400,0,person,0.1915,1193.4,514.2,1215.4,577.7
1400,1,car,0.1479,563.1,492.7,651.9,542.8
1400,2,large_vehicle,0.1402,560.0,493.0,652.6,542.7
1401,1,car,0.8484,445.8,753.9,628.7,859.3
1401,2,large_vehicle,0.7765,1111.5,593.0,1214.6,668.7
1401,1,car,0.7195,556.3,492.6,651.0,543.0
1401,0,person,0.1880,1193.5,515.0,1215.0,577.8
1401,2,large_vehicle,0.1176,556.3,492.6,651.0,543.0
1401,1,car,0.1069,1111.5,593.0,1214.6,668.7
1402,1,car,0.8475,445.8,754.0,628.7,859.1
1402,2,large_vehicle,0.7683,1111.6,593.0,1214.8,668.7
1402,1,car,0.7209,556.3,492.6,651.1,543.0
1402,0,person,0.1798,1193.5,515.0,1215.0,577.7
1402,1,car,0.1187,1111.6,593.0,1214.8,668.7
1402,2,large_vehicle,0.1158,556.3,492.6,651.1,543.0
1403,1,car,0.8699,459.8,750.7,642.0,857.1
1403,1,car,0.8048,555.9,492.6,652.2,542.8
1403,2,large_vehicle,0.7576,1116.6,590.1,1218.3,666.8
1403,0,person,0.1796,1193.6,514.9,1215.4,577.0
1403,2,large_vehicle,0.1279,954.1,421.0,1024.8,465.9
1403,1,car,0.1228,1116.6,590.1,1218.3,666.8
1404,1,car,0.8707,459.8,750.7,642.0,857.1
1404,1,car,0.7961,556.0,492.9,651.7,542.8
1404,2,large_vehicle,0.7523,1116.6,590.1,1218.3,666.8
1404,0,person,0.1557,1193.6,514.9,1215.3,576.7
1404,1,car,0.1293,1116.6,590.1,1218.3,666.8
1404,1,car,0.1074,559.5,492.7,651.0,542.9
1405,1,car,0.8704,459.8,750.7,642.0,857.1
1405,1,car,0.7961,556.0,492.8,651.5,542.8
1405,2,large_vehicle,0.7558,1116.6,590.1,1218.3,666.8
1405,0,person,0.1612,1193.5,514.9,1215.3,576.7
1405,1,car,0.1257,1116.6,590.1,1218.3,666.8
1405,1,car,0.1132,559.6,492.7,650.8,542.9
1406,1,car,0.8701,472.0,749.2,654.9,854.5
1406,2,large_vehicle,0.7952,1121.9,589.0,1223.0,665.3
1406,1,car,0.7711,556.3,492.1,649.9,542.9
1406,0,person,0.1284,1193.4,514.5,1215.8,576.6
1407,1,car,0.8720,472.0,749.1,654.9,854.5
1407,2,large_vehicle,0.7860,1121.8,589.0,1223.1,665.3
1407,1,car,0.7697,556.8,492.2,650.2,542.9
1407,0,person,0.1468,1193.4,514.4,1215.9,576.5
1408,1,car,0.8661,484.8,746.8,670.7,852.9
1408,2,large_vehicle,0.8155,1127.3,587.8,1228.0,663.5
1408,1,car,0.7176,559.0,492.4,652.7,542.8
1408,0,person,0.1125,1193.7,514.6,1215.8,577.6
1409,1,car,0.8685,484.9,746.9,670.5,852.9
1409,2,large_vehicle,0.8155,1127.3,587.9,1228.0,663.5
1409,1,car,0.7087,558.5,492.3,654.1,542.7
1409,0,person,0.1242,1193.7,514.5,1215.9,577.5
1409,2,large_vehicle,0.1004,558.5,492.3,654.1,542.7
1410,1,car,0.8672,484.9,746.9,670.5,852.9
1410,2,large_vehicle,0.8185,1127.3,587.8,1227.9,663.5
1410,1,car,0.6920,558.4,491.9,653.9,542.8
1410,0,person,0.1266,1193.7,514.4,1216.0,577.5
1410,2,large_vehicle,0.1252,558.4,491.9,653.9,542.8
1411,1,car,0.8900,497.5,743.2,683.5,850.0
1411,2,large_vehicle,0.7283,1133.8,585.3,1240.2,661.4
1411,1,car,0.7165,556.6,492.0,650.6,543.1
1411,2,large_vehicle,0.1198,556.6,492.0,650.6,543.1
1411,2,large_vehicle,0.1079,955.1,420.2,1024.8,466.0
1412,1,car,0.8907,497.6,743.3,683.5,850.0
1412,2,large_vehicle,0.7336,1133.8,585.3,1240.4,661.4
1412,1,car,0.6971,556.9,492.1,650.3,543.1
1412,2,large_vehicle,0.1386,556.9,492.1,650.3,543.1
1412,2,large_vehicle,0.1317,955.1,420.3,1025.0,465.9
1412,0,person,0.1039,1193.4,515.5,1214.7,578.6
1413,1,car,0.8861,511.9,741.1,695.8,847.3
1413,1,car,0.7853,555.4,491.9,652.9,543.0
1413,2,large_vehicle,0.7439,1138.1,585.0,1245.3,659.1
1413,2,large_vehicle,0.2188,954.7,420.8,1025.4,466.0
1413,1,car,0.1044,1138.1,585.0,1245.3,659.1
1414,1,car,0.8860,511.9,741.1,695.8,847.3
1414,1,car,0.7919,555.5,491.9,652.9,543.0
1414,2,large_vehicle,0.7454,1138.1,585.0,1245.4,659.1
1414,2,large_vehicle,0.1821,954.7,420.7,1025.4,466.0
1414,1,car,0.1026,1138.1,585.0,1245.4,659.1
1415,1,car,0.8852,512.0,741.1,695.7,847.2
1415,1,car,0.8094,555.0,492.1,652.8,543.0
1415,2,large_vehicle,0.7424,1138.2,585.0,1245.8,659.1
1415,2,large_vehicle,0.2354,953.7,420.8,1025.4,466.0
1415,1,car,0.1059,1138.2,585.0,1245.8,659.1
1416,1,car,0.8663,525.8,738.5,709.4,844.7
1416,2,large_vehicle,0.7450,1143.6,583.9,1256.7,658.2
1416,1,car,0.7289,558.0,491.7,650.8,542.9
1416,2,large_vehicle,0.1318,954.5,420.1,1025.0,465.6
1416,2,large_vehicle,0.1063,558.0,491.7,650.8,542.9
1417,1,car,0.8586,525.8,738.5,709.4,844.7
1417,2,large_vehicle,0.7501,1143.7,583.9,1255.4,658.2
1417,1,car,0.7172,558.1,491.8,650.8,542.9
1417,2,large_vehicle,0.1149,558.1,491.8,650.8,542.9
1417,2,large_vehicle,0.1065,954.6,420.0,1025.2,465.6
1418,1,car,0.8720,538.4,734.7,722.8,842.3
1418,2,large_vehicle,0.6508,1148.2,582.1,1263.9,655.3
1418,1,car,0.6416,559.4,492.8,651.0,542.8
1418,1,car,0.2558,563.2,492.6,651.0,543.0
1418,2,large_vehicle,0.2098,1189.8,482.1,1282.5,547.6
1418,1,car,0.1605,1189.8,482.1,1282.5,547.6
1418,1,car,0.1446,1148.2,582.1,1263.9,655.3
1418,2,large_vehicle,0.1073,955.4,420.6,1024.8,465.6
1419,1,car,0.8687,538.4,734.9,722.7,842.3
1419,1,car,0.6774,559.4,492.4,650.8,542.9
1419,2,large_vehicle,0.6291,1148.2,582.1,1263.6,655.4
1419,2,large_vehicle,0.2185,1189.8,482.0,1282.6,547.6
1419,2,large_vehicle,0.1648,954.7,420.8,1024.9,465.8
1419,1,car,0.1629,1189.8,482.0,1282.6,547.6
1419,1,car,0.1554,563.0,492.3,650.7,543.0
1419,2,large_vehicle,0.1471,559.4,492.4,650.8,542.9
1419,1,car,0.1317,1148.2,582.1,1263.6,655.4
1420,1,car,0.8697,538.4,734.8,722.8,842.3
1420,1,car,0.6784,559.4,492.4,650.8,542.9
1420,2,large_vehicle,0.6233,1148.2,582.1,1263.5,655.4
1420,2,large_vehicle,0.2229,1189.8,481.8,1282.7,547.6
1420,1,car,0.1598,1189.8,481.8,1282.7,547.6
1420,1,car,0.1562,563.0,492.3,650.8,543.0
1420,2,large_vehicle,0.1460,559.4,492.4,650.8,542.9
1420,2,large_vehicle,0.1409,954.9,420.7,1024.7,465.7
1420,1,car,0.1334,1148.2,582.1,1263.5,655.4
1421,1,car,0.9015,551.3,731.6,736.1,838.8
1421,1,car,0.7254,556.3,492.2,649.3,543.0
1421,2,large_vehicle,0.6890,1152.3,581.0,1260.7,654.8
1421,2,large_vehicle,0.1420,1183.9,484.4,1274.6,550.1
1421,2,large_vehicle,0.1378,556.3,492.2,649.3,543.0
1421,1,car,0.1243,1152.3,581.0,1260.7,654.8
1422,1,car,0.8886,564.1,727.1,749.7,835.2
1422,1,car,0.8255,555.2,492.1,650.3,542.9
1422,2,large_vehicle,0.6512,1157.5,578.2,1282.4,651.8
1422,1,car,0.4793,1177.5,484.2,1267.8,552.5
1422,2,large_vehicle,0.2357,1177.5,484.2,1267.8,552.5
1422,2,large_vehicle,0.2235,954.2,421.3,1023.6,465.8
1422,1,car,0.1625,1157.5,578.2,1282.4,651.8
1423,1,car,0.8886,564.1,727.1,749.7,835.2
1423,1,car,0.8234,555.2,492.1,650.6,542.9
1423,2,large_vehicle,0.6522,1157.5,578.2,1282.6,651.9
1423,1,car,0.4799,1177.5,484.2,1267.8,552.5
1423,2,large_vehicle,0.2370,1177.5,484.2,1267.8,552.5
1423,2,large_vehicle,0.2229,954.2,421.3,1023.6,465.8
1423,1,car,0.1614,1157.5,578.2,1282.6,651.9
1424,1,car,0.8902,564.1,727.1,749.7,835.1
1424,1,car,0.8262,554.9,492.4,650.2,542.9
1424,2,large_vehicle,0.6498,1157.5,578.2,1282.2,651.8
1424,1,car,0.5017,1177.5,484.3,1267.8,552.5
1424,2,large_vehicle,0.2623,953.5,421.5,1023.8,465.9
1424,2,large_vehicle,0.2175,1177.5,484.3,1267.8,552.5
1424,1,car,0.1667,1157.5,578.2,1282.2,651.8
1425,1,car,0.8787,578.5,723.2,762.1,834.5
1425,1,car,0.7486,556.6,491.1,649.8,542.9
1425,2,large_vehicle,0.6589,1171.6,486.5,1263.0,554.1
1425,1,car,0.5055,1161.6,577.5,1282.7,650.2
1425,2,large_vehicle,0.3617,1161.6,577.5,1282.7,650.2
1425,2,large_vehicle,0.1961,953.3,420.3,1025.0,465.8
1425,2,large_vehicle,0.1122,556.6,491.1,649.8,542.9
1426,1,car,0.8773,578.3,723.3,762.1,834.3
1426,1,car,0.7478,556.6,491.0,649.8,542.9
1426,2,large_vehicle,0.6495,1171.7,486.5,1263.3,554.0
1426,1,car,0.5281,1161.5,577.5,1282.6,649.9
1426,2,large_vehicle,0.3389,1161.5,577.5,1282.6,649.9
1426,2,large_vehicle,0.2130,953.3,420.4,1024.9,465.8
1426,2,large_vehicle,0.1116,556.6,491.0,649.8,542.9
1427,1,car,0.8744,590.4,723.4,776.2,830.6
1427,1,car,0.7483,558.2,491.9,650.2,542.9
1427,2,large_vehicle,0.5167,1166.2,576.5,1284.6,649.0
1427,1,car,0.3828,1164.5,488.1,1258.6,556.9
1427,2,large_vehicle,0.3795,1164.5,488.1,1258.6,556.9
1427,1,car,0.3709,1166.2,576.5,1284.6,649.0
1427,2,large_vehicle,0.1273,954.6,420.5,1024.8,465.8
1428,1,car,0.8740,591.5,723.5,776.3,830.7
1428,1,car,0.7284,558.5,491.8,649.8,542.9
1428,1,car,0.3849,1164.6,488.2,1258.5,556.9
1428,2,large_vehicle,0.3723,1164.6,488.2,1258.5,556.9
1428,2,large_vehicle,0.3423,1166.2,576.0,1289.4,649.0
1428,1,car,0.3155,1166.2,576.0,1289.4,649.0
1428,2,large_vehicle,0.1437,1166.2,576.4,1286.9,649.0
1428,2,large_vehicle,0.1293,954.3,420.4,1025.1,465.7
1428,2,large_vehicle,0.1158,558.5,491.8,649.8,542.9
1429,1,car,0.8736,591.2,723.5,776.3,830.7
1429,1,car,0.7275,558.4,491.8,649.8,542.9
1429,2,large_vehicle,0.4635,1166.2,576.5,1286.7,649.0
1429,2,large_vehicle,0.3881,1164.5,487.9,1258.7,556.9
1429,1,car,0.3670,1166.2,576.5,1286.7,649.0
1429,1,car,0.3663,1164.5,487.9,1258.7,556.9
1429,2,large_vehicle,0.1373,954.3,420.5,1025.0,465.6
1429,2,large_vehicle,0.1167,558.4,491.8,649.8,542.9
1430,1,car,0.8491,606.4,720.8,790.0,826.3
1430,1,car,0.6776,556.7,491.8,649.6,542.9
1430,2,large_vehicle,0.5949,1158.6,492.3,1250.4,558.7
1430,1,car,0.4217,1171.1,575.1,1294.9,646.8
1430,1,car,0.3921,54.2,787.8,136.0,859.6
1430,2,large_vehicle,0.3566,1171.1,575.1,1294.9,646.8
1430,2,large_vehicle,0.2633,953.9,420.6,1025.0,465.9
1430,1,car,0.1855,1158.6,492.3,1250.4,558.7
1430,2,large_vehicle,0.1840,556.7,491.8,649.6,542.9
1430,2,large_vehicle,0.1325,54.2,787.8,136.0,859.6
1431,1,car,0.8497,606.4,720.7,791.0,826.4
1431,1,car,0.7178,556.3,492.0,649.7,542.9
1431,2,large_vehicle,0.5938,1158.4,492.7,1250.0,558.8
1431,1,car,0.4182,1171.0,575.2,1294.6,646.7
1431,1,car,0.3822,54.2,787.7,136.3,859.6
1431,2,large_vehicle,0.3586,1171.0,575.2,1294.6,646.7
1431,2,large_vehicle,0.3441,953.8,421.0,1024.4,466.1
1431,1,car,0.1978,1158.4,492.7,1250.0,558.8
1431,2,large_vehicle,0.1468,556.3,492.0,649.7,542.9
1431,2,large_vehicle,0.1176,54.2,787.7,136.3,859.6
1432,1,car,0.8740,618.1,715.1,802.7,822.9
1432,1,car,0.7161,557.2,491.8,652.1,542.9
1432,1,car,0.5181,1175.1,572.8,1297.2,644.0
1432,1,car,0.4317,1151.7,497.8,1244.9,561.6
1432,2,large_vehicle,0.4135,953.5,421.0,1024.2,466.1
1432,2,large_vehicle,0.4072,1151.7,497.8,1244.9,561.6
1432,1,car,0.3425,59.6,788.7,143.5,860.8
1432,2,large_vehicle,0.3381,1175.1,572.8,1297.2,644.0
1432,2,large_vehicle,0.1668,59.6,788.7,143.5,860.8
1432,2,large_vehicle,0.1203,557.2,491.8,652.1,542.9
1433,1,car,0.8732,618.0,715.1,802.8,822.9
1433,1,car,0.7654,556.2,492.2,651.7,542.9
1433,1,car,0.5175,1175.1,573.0,1296.7,643.9
1433,1,car,0.4385,1151.7,498.0,1244.4,561.6
1433,2,large_vehicle,0.4226,953.5,421.1,1024.2,466.2
1433,2,large_vehicle,0.4037,1151.7,498.0,1244.4,561.6
1433,1,car,0.3604,59.6,788.7,143.6,860.8
1433,2,large_vehicle,0.3371,1175.1,573.0,1296.7,643.9
1433,2,large_vehicle,0.1670,59.6,788.7,143.6,860.8
1434,1,car,0.8755,618.0,715.0,802.7,822.9
1434,1,car,0.7562,556.6,492.2,651.6,542.9
1434,1,car,0.5230,1174.9,572.8,1297.6,644.0
1434,1,car,0.4222,1151.6,497.7,1244.8,561.6
1434,2,large_vehicle,0.4169,1151.6,497.7,1244.8,561.6
1434,1,car,0.3547,59.7,788.7,143.5,860.7
1434,2,large_vehicle,0.3540,953.3,421.0,1024.0,466.1
1434,2,large_vehicle,0.3340,1174.9,572.8,1297.6,644.0
1434,2,large_vehicle,0.1769,59.7,788.7,143.5,860.7
1435,1,car,0.8785,633.0,708.9,814.3,820.2
1435,1,car,0.7411,557.6,492.2,649.4,542.8
1435,2,large_vehicle,0.4656,1179.2,572.4,1302.5,643.7
1435,2,large_vehicle,0.4144,1144.6,498.3,1239.2,563.7
1435,1,car,0.3997,1144.6,498.3,1239.2,563.7
1435,1,car,0.3160,1179.2,572.4,1302.5,643.7
1435,2,large_vehicle,0.3153,953.7,421.1,1023.5,466.0
1435,1,car,0.2603,61.3,789.1,151.7,862.3
1435,2,large_vehicle,0.1378,557.6,492.2,649.4,542.8
1435,1,car,0.1259,561.2,492.0,649.2,543.0
1436,1,car,0.8792,633.0,708.8,814.3,820.3
1436,1,car,0.7269,557.2,492.1,649.3,542.8
1436,2,large_vehicle,0.4787,1179.3,572.4,1302.7,643.7
1436,2,large_vehicle,0.4285,1144.7,498.3,1239.3,563.7
1436,1,car,0.3807,1144.7,498.3,1239.3,563.7
1436,2,large_vehicle,0.3738,953.7,421.2,1024.2,466.0
1436,1,car,0.3032,1179.3,572.4,1302.7,643.7
1436,1,car,0.2790,61.9,789.1,151.4,862.3
1436,2,large_vehicle,0.1508,557.2,492.1,649.3,542.8
1437,1,car,0.8723,645.4,708.5,826.9,817.9
1437,1,car,0.6448,558.6,492.5,649.7,542.7
1437,1,car,0.6060,1137.6,503.4,1227.2,567.0
1437,2,large_vehicle,0.5323,1183.4,571.9,1298.6,642.7
1437,2,large_vehicle,0.3729,954.0,420.9,1024.3,466.2
1437,1,car,0.2853,1183.4,571.9,1298.6,642.7
1437,2,large_vehicle,0.2168,558.6,492.5,649.7,542.7
1437,1,car,0.2097,61.4,790.3,159.4,863.6
1437,2,large_vehicle,0.1930,1137.6,503.4,1227.2,567.0
1437,0,person,0.1451,1196.9,527.9,1213.6,574.5
1437,1,car,0.1040,562.4,492.3,649.9,542.9
1438,1,car,0.8720,645.4,708.5,826.9,817.9
1438,1,car,0.6291,558.8,492.3,649.8,542.7
1438,1,car,0.6037,1137.6,503.4,1227.2,567.0
1438,2,large_vehicle,0.5323,1183.4,571.9,1298.6,642.7
1438,2,large_vehicle,0.3615,954.1,420.9,1024.2,466.2
1438,1,car,0.2841,1183.4,571.9,1298.6,642.7
1438,2,large_vehicle,0.2345,558.8,492.3,649.8,542.7
1438,1,car,0.2110,61.4,790.3,159.4,863.5
1438,2,large_vehicle,0.1953,1137.6,503.4,1227.2,567.0
1438,0,person,0.1443,1196.9,527.9,1213.6,574.5
1439,1,car,0.8722,645.4,708.5,826.9,818.0
1439,1,car,0.6414,558.9,492.4,649.9,542.7
1439,1,car,0.6202,1137.4,503.4,1227.8,567.0
1439,2,large_vehicle,0.5288,1183.5,571.9,1298.7,642.7
1439,2,large_vehicle,0.3883,954.4,421.0,1024.3,466.3
1439,1,car,0.2886,1183.5,571.9,1298.7,642.7
1439,2,large_vehicle,0.2093,558.9,492.4,649.9,542.7
1439,1,car,0.2038,61.6,790.3,159.3,863.5
1439,2,large_vehicle,0.1881,1137.4,503.4,1227.8,567.0
1439,0,person,0.1526,1196.9,527.9,1213.6,574.5
1439,1,car,0.1051,562.7,492.2,650.1,542.9
1440,1,car,0.8874,658.6,705.2,840.1,813.3
1440,1,car,0.6574,1187.7,572.7,1300.5,640.1
1440,1,car,0.6368,556.2,491.4,649.6,542.7
1440,2,large_vehicle,0.4813,1128.9,505.3,1217.0,569.6
1440,2,large_vehicle,0.4632,953.8,421.5,1024.1,466.2
1440,1,car,0.2359,1128.9,505.3,1217.0,569.6
1440,2,large_vehicle,0.2162,556.2,491.4,649.6,542.7
1440,1,car,0.2148,52.4,790.7,166.1,868.4
1440,2,large_vehicle,0.1673,1187.7,572.7,1300.5,640.1
1441,1,car,0.8881,658.7,705.2,840.1,813.3
1441,1,car,0.6290,1187.9,572.2,1300.9,640.1
1441,1,car,0.6168,556.3,491.4,650.2,542.7
1441,2,large_vehicle,0.4968,953.8,421.7,1024.2,466.2
1441,2,large_vehicle,0.4624,1129.0,505.4,1217.1,569.7
1441,1,car,0.2697,41.3,790.5,165.9,868.5
1441,1,car,0.2412,1129.0,505.4,1217.1,569.7
1441,2,large_vehicle,0.2311,556.3,491.4,650.2,542.7
1441,2,large_vehicle,0.1953,1187.9,572.2,1300.9,640.1
1441,1,car,0.1209,51.1,790.6,166.1,868.1
1442,1,car,0.8763,671.5,700.8,851.7,810.2
1442,1,car,0.7683,555.5,491.9,651.4,542.8
1442,2,large_vehicle,0.6130,1122.1,506.6,1208.9,571.5
1442,1,car,0.4180,1191.9,571.5,1304.1,638.6
1442,2,large_vehicle,0.3176,1191.9,571.5,1304.1,638.6
1442,2,large_vehicle,0.2872,953.9,422.3,1024.1,466.1
1442,1,car,0.2281,73.2,789.4,174.9,868.4
1442,1,car,0.1609,1122.1,506.6,1208.9,571.5
1442,2,large_vehicle,0.1010,73.2,789.4,174.9,868.4
1443,1,car,0.8773,671.5,700.8,851.7,810.3
1443,1,car,0.7299,555.8,491.6,651.3,542.7
1443,2,large_vehicle,0.6158,1122.0,506.5,1208.6,571.5
1443,1,car,0.3904,1191.9,571.5,1305.3,638.7
1443,2,large_vehicle,0.3523,953.7,421.8,1024.5,466.1
1443,2,large_vehicle,0.3333,1191.9,571.5,1305.3,638.7
1443,1,car,0.2400,74.5,789.4,174.8,868.5
1443,1,car,0.1498,1122.0,506.5,1208.6,571.5
1443,2,large_vehicle,0.1186,555.8,491.6,651.3,542.7
1443,2,large_vehicle,0.1069,74.5,789.4,174.8,868.5
1444,1,car,0.8778,671.5,700.8,851.7,810.3
1444,1,car,0.7260,555.8,491.6,651.4,542.7
1444,2,large_vehicle,0.6120,1122.0,506.5,1209.3,571.5
1444,1,car,0.4010,1191.9,571.5,1306.0,638.7
1444,2,large_vehicle,0.3397,953.6,421.8,1024.4,466.1
1444,2,large_vehicle,0.3288,1191.9,571.5,1306.0,638.7
1444,1,car,0.2476,75.9,789.3,174.8,868.6
1444,1,car,0.1560,1122.0,506.5,1209.3,571.5
1444,2,large_vehicle,0.1209,555.8,491.6,651.4,542.7
1444,2,large_vehicle,0.1078,75.9,789.3,174.8,868.6
1445,1,car,0.8865,686.1,699.6,864.5,803.7
1445,2,large_vehicle,0.7048,1114.8,507.2,1196.9,575.9
1445,1,car,0.6694,558.9,491.6,650.0,542.7
1445,2,large_vehicle,0.4229,953.1,421.4,1024.6,465.9
1445,2,large_vehicle,0.3825,1194.9,567.9,1324.4,637.2
1445,1,car,0.2223,1194.9,567.9,1324.4,637.2
1445,2,large_vehicle,0.1797,558.9,491.6,650.0,542.7
1445,1,car,0.1795,78.3,789.3,185.0,869.6
1446,1,car,0.8783,699.7,695.7,876.5,800.3
1446,2,large_vehicle,0.6795,1106.8,509.5,1192.6,578.2
1446,1,car,0.6069,559.0,491.9,650.1,542.5
1446,2,large_vehicle,0.5394,953.4,421.6,1024.3,466.2
1446,1,car,0.4493,1200.0,565.2,1322.2,635.0
1446,2,large_vehicle,0.2386,559.0,491.9,650.1,542.5
1446,2,large_vehicle,0.2338,1200.0,565.2,1322.2,635.0
1446,4,other_vehicle,0.2256,88.0,789.0,193.5,871.5
1446,1,car,0.1519,1106.8,509.5,1192.6,578.2
1446,1,car,0.1492,562.7,491.7,650.1,542.6
1446,2,large_vehicle,0.1133,562.7,491.7,650.1,542.6
1446,1,car,0.1107,88.0,789.0,193.5,871.5
1447,1,car,0.8787,699.7,695.7,876.5,800.3
1447,2,large_vehicle,0.6817,1106.8,509.5,1192.6,578.2
1447,1,car,0.5771,559.1,491.9,650.2,542.5
1447,2,large_vehicle,0.5505,953.4,421.6,1024.3,466.2
1447,1,car,0.4485,1200.0,565.2,1322.0,635.0
1447,2,large_vehicle,0.2556,559.1,491.9,650.2,542.5
1447,2,large_vehicle,0.2353,1200.0,565.2,1322.0,635.0
1447,4,other_vehicle,0.2265,88.1,789.0,193.5,871.6
1447,1,car,0.1731,563.0,491.7,650.2,542.6
1447,1,car,0.1506,1106.8,509.5,1192.6,578.2
1447,2,large_vehicle,0.1431,563.0,491.7,650.2,542.6
1447,1,car,0.1113,88.1,789.0,193.5,871.6
1448,1,car,0.8785,699.7,695.7,876.5,800.3
1448,2,large_vehicle,0.6811,1106.9,509.3,1192.8,578.1
1448,1,car,0.6681,558.4,491.9,650.0,542.5
1448,2,large_vehicle,0.5589,953.5,421.2,1024.3,466.2
1448,1,car,0.4440,1200.0,565.1,1322.1,635.0
1448,2,large_vehicle,0.2348,1200.0,565.1,1322.1,635.0
1448,4,other_vehicle,0.2278,87.6,788.9,193.5,871.6
1448,2,large_vehicle,0.1876,558.4,491.9,650.0,542.5
1448,1,car,0.1539,1106.9,509.3,1192.8,578.1
1448,1,car,0.1121,87.6,788.9,193.5,871.6
1448,1,car,0.1110,562.1,491.7,650.1,542.7
1449,1,car,0.8727,712.0,691.5,887.5,795.4
1449,1,car,0.7121,555.1,490.9,649.1,542.5
1449,2,large_vehicle,0.6836,1098.1,511.5,1184.2,579.8
1449,2,large_vehicle,0.5449,953.3,421.1,1024.6,466.3
1449,1,car,0.3746,1204.3,563.4,1292.1,632.9
1449,1,car,0.2263,95.4,788.2,200.9,872.6
1449,1,car,0.1908,1098.1,511.5,1184.2,579.8
1449,2,large_vehicle,0.1642,555.1,490.9,649.1,542.5
1449,2,large_vehicle,0.1500,1204.3,563.4,1292.1,632.9
1449,1,car,0.1194,1204.4,557.3,1336.1,634.0
1450,1,car,0.8719,712.0,691.5,887.7,795.2
1450,2,large_vehicle,0.6908,1098.2,511.8,1184.3,579.9
1450,1,car,0.6797,555.5,491.0,649.0,542.6
1450,2,large_vehicle,0.5362,953.1,421.3,1024.6,466.2
1450,1,car,0.3580,1204.3,563.6,1291.4,633.0
1450,1,car,0.2365,94.5,788.0,201.1,872.7
1450,2,large_vehicle,0.2020,555.5,491.0,649.0,542.6
1450,1,car,0.1766,1098.2,511.8,1184.3,579.9
1450,2,large_vehicle,0.1407,1204.3,563.6,1291.4,633.0
1450,1,car,0.1245,1204.3,557.3,1337.3,634.2
1451,1,car,0.8476,725.5,688.0,899.4,791.1
1451,2,large_vehicle,0.7523,1090.6,514.1,1174.4,583.8
1451,1,car,0.7404,555.8,491.3,648.9,542.4
1451,2,large_vehicle,0.4971,953.2,420.9,1024.6,466.0
1451,1,car,0.2493,1207.9,561.9,1339.4,633.1
1451,1,car,0.1667,43.4,787.3,208.3,873.5
1451,2,large_vehicle,0.1341,555.8,491.3,648.9,542.4
1451,2,large_vehicle,0.1283,1207.9,561.9,1339.4,633.1
1451,1,car,0.1233,105.2,788.1,209.5,873.3
1452,1,car,0.8485,725.5,688.0,899.4,791.1
1452,2,large_vehicle,0.7504,1090.6,514.1,1174.3,583.8
1452,1,car,0.7285,555.8,491.0,649.0,542.4
1452,2,large_vehicle,0.5063,953.4,420.9,1024.8,466.1
1452,1,car,0.2324,1207.8,561.8,1339.8,633.1
1452,2,large_vehicle,0.1464,555.8,491.0,649.0,542.4
1452,2,large_vehicle,0.1418,1207.8,561.8,1339.8,633.1
1452,1,car,0.1336,106.5,788.2,209.5,873.2
1453,1,car,0.8456,725.5,688.0,899.4,791.1
1453,2,large_vehicle,0.7481,1090.6,514.2,1174.4,583.8
1453,1,car,0.7205,555.8,491.4,649.1,542.5
1453,2,large_vehicle,0.5177,953.4,420.9,1024.9,466.0
1453,1,car,0.2477,1207.8,561.7,1339.7,633.1
1453,2,large_vehicle,0.1540,1207.8,561.7,1339.7,633.1
1453,2,large_vehicle,0.1486,555.8,491.4,649.1,542.5
1453,1,car,0.1239,106.3,788.2,209.5,873.2
1453,1,car,0.1078,953.4,420.9,1024.9,466.0
1453,1,car,0.1025,1090.6,514.2,1174.4,583.8
1454,1,car,0.8550,738.2,685.4,910.6,787.7
1454,2,large_vehicle,0.7546,1081.2,515.9,1168.6,586.8
1454,1,car,0.6306,558.6,490.1,648.6,542.3
1454,2,large_vehicle,0.3964,953.3,420.6,1024.3,465.8
1454,2,large_vehicle,0.2531,558.6,490.1,648.6,542.3
1454,1,car,0.1934,1211.4,563.7,1288.0,630.9
1454,2,large_vehicle,0.1705,1211.4,563.7,1288.0,630.9
1454,2,large_vehicle,0.1685,1210.9,557.5,1340.8,632.4
1454,1,car,0.1349,114.0,788.7,219.7,872.1
1454,1,car,0.1341,1081.2,515.9,1168.6,586.8
1454,1,car,0.1192,1210.9,557.5,1340.8,632.4
1455,1,car,0.8552,738.2,685.4,910.6,787.7
1455,2,large_vehicle,0.7496,1081.1,515.9,1169.0,586.8
1455,1,car,0.5770,558.8,490.1,648.6,542.3
1455,2,large_vehicle,0.3800,953.7,420.8,1024.8,466.0
1455,2,large_vehicle,0.3135,558.8,490.1,648.6,542.3
1455,1,car,0.2956,1211.4,564.2,1287.5,630.7
1455,2,large_vehicle,0.2593,1211.4,564.2,1287.5,630.7
1455,1,car,0.1402,1081.1,515.9,1169.0,586.8
1455,1,car,0.1333,114.4,788.8,219.8,872.4
1455,2,large_vehicle,0.1331,1210.9,558.1,1339.7,632.3
1455,2,large_vehicle,0.1151,114.4,788.8,219.8,872.4
1456,1,car,0.8263,751.9,681.6,925.4,783.1
1456,2,large_vehicle,0.6345,1073.1,517.7,1161.0,588.5
1456,1,car,0.5824,559.9,490.5,648.4,542.0
1456,2,large_vehicle,0.4869,1214.6,551.0,1341.7,631.9
1456,2,large_vehicle,0.4453,954.4,420.6,1024.8,465.9
1456,2,large_vehicle,0.2953,559.9,490.5,648.4,542.0
1456,1,car,0.2887,1073.1,517.7,1161.0,588.5
1456,1,car,0.1910,116.0,787.6,228.4,873.3
1456,2,large_vehicle,0.1126,116.0,787.6,228.4,873.3
1457,1,car,0.8261,751.9,681.7,925.8,783.1
1457,2,large_vehicle,0.6430,1073.1,517.7,1160.7,588.5
1457,1,car,0.5949,560.3,490.7,648.4,542.1
1457,2,large_vehicle,0.4805,1214.6,550.9,1341.7,631.9
1457,2,large_vehicle,0.3938,954.3,420.8,1024.7,465.9
1457,2,large_vehicle,0.2841,560.3,490.7,648.4,542.1
1457,1,car,0.2794,1073.1,517.7,1160.7,588.5
1457,1,car,0.1727,116.2,787.7,228.4,873.5
1458,1,car,0.8249,751.9,681.5,925.1,783.1
1458,1,car,0.6804,557.8,490.5,648.6,542.1
1458,2,large_vehicle,0.6470,1073.1,517.7,1161.1,588.5
1458,2,large_vehicle,0.4916,1214.6,550.8,1341.5,632.0
1458,2,large_vehicle,0.3765,954.6,420.8,1024.8,465.8
1458,1,car,0.2729,1073.1,517.7,1161.1,588.5
1458,1,car,0.2190,61.5,786.5,227.0,873.9
1458,2,large_vehicle,0.1919,557.8,490.5,648.6,542.1
1458,1,car,0.1202,114.6,787.6,228.2,873.4
1459,1,car,0.7787,764.2,677.8,940.2,780.8
1459,1,car,0.6875,554.7,490.1,649.1,542.2
1459,1,car,0.6508,43.0,784.8,237.0,876.0
1459,2,large_vehicle,0.5040,1217.9,556.4,1341.9,631.9
1459,2,large_vehicle,0.4376,1062.1,521.6,1157.2,592.1
1459,2,large_vehicle,0.3386,1061.8,521.5,1157.5,592.2
1459,2,large_vehicle,0.3327,954.8,420.9,1024.8,465.7
1459,2,large_vehicle,0.1712,554.7,490.1,649.1,542.2
1459,2,large_vehicle,0.1301,764.2,677.8,940.2,780.8
1459,1,car,0.1023,1062.1,521.6,1157.2,592.1
1460,1,car,0.7781,764.2,677.8,940.1,780.8
1460,1,car,0.6775,555.3,490.3,649.2,542.2
1460,1,car,0.6522,42.7,784.7,237.0,876.1
1460,2,large_vehicle,0.5534,1062.1,521.6,1157.0,592.1
1460,2,large_vehicle,0.4975,1217.9,556.5,1341.8,631.9
1460,2,large_vehicle,0.3771,954.8,421.2,1025.1,465.6
1460,2,large_vehicle,0.1900,1061.9,521.5,1157.4,592.2
1460,2,large_vehicle,0.1842,555.3,490.3,649.2,542.2
1460,1,car,0.1604,1062.1,521.6,1157.0,592.1
1460,2,large_vehicle,0.1304,764.2,677.8,940.1,780.8
1461,1,car,0.8444,777.1,675.2,950.6,777.5
1461,1,car,0.6107,557.6,490.3,649.1,542.1
1461,2,large_vehicle,0.6010,1054.2,523.9,1149.7,595.2
1461,1,car,0.5553,44.7,784.8,246.1,876.8
1461,2,large_vehicle,0.3849,954.0,421.1,1024.2,465.7
1461,2,large_vehicle,0.3132,1219.5,555.6,1342.0,629.2
1461,1,car,0.3076,1219.5,555.6,1342.0,629.2
1461,1,car,0.3072,1054.2,523.9,1149.7,595.2
1461,2,large_vehicle,0.2697,557.6,490.3,649.1,542.1
1461,2,large_vehicle,0.1359,44.7,784.8,246.1,876.8
1462,1,car,0.8461,777.1,675.2,947.3,777.4
1462,1,car,0.6309,557.5,490.3,649.0,542.1
1462,2,large_vehicle,0.5994,1054.2,523.9,1149.7,595.2
1462,1,car,0.5545,44.9,784.7,246.1,876.7
1462,2,large_vehicle,0.3660,954.0,421.2,1024.1,465.7
1462,2,large_vehicle,0.3186,1219.4,555.5,1342.0,629.2
1462,1,car,0.3089,1054.2,523.9,1149.7,595.2
1462,1,car,0.2984,1219.4,555.5,1342.0,629.2
1462,2,large_vehicle,0.2471,557.5,490.3,649.0,542.1
1462,2,large_vehicle,0.1376,44.9,784.7,246.1,876.7
1463,1,car,0.8456,777.1,675.2,947.1,777.4
1463,2,large_vehicle,0.6029,1054.2,523.9,1149.7,595.2
1463,1,car,0.6009,557.6,490.3,649.0,542.0
1463,1,car,0.5550,45.0,784.7,246.0,876.9
1463,2,large_vehicle,0.3670,954.0,421.1,1024.2,465.7
1463,1,car,0.3166,1219.5,556.1,1342.0,629.2
1463,2,large_vehicle,0.3086,1219.5,556.1,1342.0,629.2
1463,1,car,0.3041,1054.2,523.9,1149.7,595.2
1463,2,large_vehicle,0.2805,557.6,490.3,649.0,542.0
1463,2,large_vehicle,0.1413,45.0,784.7,246.0,876.9
1464,1,car,0.8287,790.7,670.8,958.2,772.6
1464,2,large_vehicle,0.5968,1218.7,545.7,1342.0,629.1
1464,1,car,0.5002,560.0,490.2,649.0,541.9
1464,1,car,0.4815,1044.5,526.2,1142.7,599.2
1464,2,large_vehicle,0.4639,1044.5,526.2,1142.7,599.2
1464,2,large_vehicle,0.3587,560.0,490.2,649.0,541.9
1464,2,large_vehicle,0.2990,953.3,420.7,1024.9,465.7
1464,2,large_vehicle,0.1841,48.5,784.9,257.3,878.4
1464,2,large_vehicle,0.1021,148.0,788.4,257.1,872.5
1465,1,car,0.8244,790.8,670.8,957.0,772.6
1465,2,large_vehicle,0.5940,1218.7,546.6,1342.0,629.9
1465,2,large_vehicle,0.5216,1044.8,526.1,1142.7,599.2
1465,1,car,0.4951,560.1,490.1,649.0,541.9
1465,1,car,0.4140,1044.8,526.1,1142.7,599.2
1465,2,large_vehicle,0.3610,560.1,490.1,649.0,541.9
1465,2,large_vehicle,0.2975,953.3,420.6,1024.4,465.6
1465,2,large_vehicle,0.1788,49.4,785.0,257.4,878.4
1465,2,large_vehicle,0.1042,148.0,788.4,257.1,872.5
1466,1,car,0.7303,802.4,667.3,966.8,768.7
1466,2,large_vehicle,0.5047,1033.8,528.1,1135.2,602.8
1466,1,car,0.4485,559.4,490.1,648.7,541.9
1466,1,car,0.4423,1033.8,528.1,1135.2,602.8
1466,2,large_vehicle,0.4280,559.4,490.1,648.7,541.9
1466,2,large_vehicle,0.4093,1218.8,551.5,1342.0,632.6
1466,2,large_vehicle,0.1929,802.4,667.3,966.8,768.7
1466,2,large_vehicle,0.1913,954.4,420.7,1024.7,465.6
1466,2,large_vehicle,0.1862,154.9,788.1,267.4,873.9
1466,1,car,0.1737,1218.8,551.5,1342.0,632.6
1466,1,car,0.1220,154.9,788.1,267.4,873.9
1467,1,car,0.7457,802.4,667.3,966.9,768.7
1467,2,large_vehicle,0.5146,1033.8,528.0,1135.4,602.9
1467,1,car,0.4879,559.5,490.1,648.7,542.0
1467,1,car,0.4315,1033.8,528.0,1135.4,602.9
1467,2,large_vehicle,0.4029,559.5,490.1,648.7,542.0
1467,2,large_vehicle,0.3997,1219.1,551.5,1342.0,632.3
1467,2,large_vehicle,0.2787,953.8,420.6,1024.2,465.6
1467,2,large_vehicle,0.1911,154.9,788.1,267.4,873.7
1467,2,large_vehicle,0.1739,802.4,667.3,966.9,768.7
1467,1,car,0.1630,1219.1,551.5,1342.0,632.3
1467,1,car,0.1361,154.9,788.1,267.4,873.7
1468,1,car,0.7418,802.4,667.3,966.9,768.7
1468,2,large_vehicle,0.5089,1033.8,528.0,1135.4,602.8
1468,1,car,0.4793,559.4,490.1,648.9,542.0
1468,1,car,0.4378,1033.8,528.0,1135.4,602.8
1468,2,large_vehicle,0.4194,1219.1,551.3,1342.0,632.4
1468,2,large_vehicle,0.4102,559.4,490.1,648.9,542.0
1468,2,large_vehicle,0.2717,953.7,420.6,1024.1,465.6
1468,2,large_vehicle,0.1938,154.9,788.1,267.4,873.7
1468,2,large_vehicle,0.1788,802.4,667.3,966.9,768.7
1468,1,car,0.1513,1219.1,551.3,1342.0,632.4
1468,1,car,0.1365,154.9,788.1,267.4,873.7
1469,1,car,0.8197,814.5,664.2,987.3,763.8
1469,1,car,0.6430,557.1,490.0,649.1,542.2
1469,2,large_vehicle,0.5482,1023.0,530.3,1125.7,606.4
1469,1,car,0.4245,1221.0,554.6,1342.0,630.5
1469,1,car,0.3800,1023.0,530.3,1125.7,606.4
1469,2,large_vehicle,0.2175,953.6,420.5,1023.8,465.2
1469,2,large_vehicle,0.2091,557.1,490.0,649.1,542.2
1469,2,large_vehicle,0.2084,163.1,786.2,278.8,874.7
1469,1,car,0.1894,163.1,786.2,278.8,874.7
1469,2,large_vehicle,0.1015,1221.0,554.6,1342.0,630.5
1470,1,car,0.8728,825.4,660.4,997.8,760.3
1470,1,car,0.6076,557.7,490.4,648.9,542.1
1470,2,large_vehicle,0.4938,1013.4,532.9,1117.9,611.6
1470,2,large_vehicle,0.2665,557.7,490.4,648.9,542.1
1470,1,car,0.2043,1218.9,552.8,1342.0,632.6
1470,1,car,0.1850,1013.4,532.9,1117.9,611.6
1470,2,large_vehicle,0.1705,1013.1,533.0,1118.1,611.8
1470,2,large_vehicle,0.1552,953.3,420.4,1024.3,464.6
1470,1,car,0.1401,171.8,787.1,289.0,874.2
1470,2,large_vehicle,0.1296,1218.9,552.8,1342.0,632.6
1470,2,large_vehicle,0.1127,171.8,787.1,289.0,874.2
1471,1,car,0.8723,825.4,660.4,997.8,760.3
1471,1,car,0.6190,557.6,490.5,648.8,542.1
1471,2,large_vehicle,0.5472,1013.4,533.0,1117.9,611.6
1471,2,large_vehicle,0.2542,557.6,490.5,648.8,542.1
1471,1,car,0.2188,1013.4,533.0,1117.9,611.6
1471,1,car,0.2101,1218.9,552.8,1342.0,632.6
1471,2,large_vehicle,0.1480,953.3,420.3,1024.2,464.7
1471,1,car,0.1359,171.8,787.1,288.9,874.5
1471,2,large_vehicle,0.1266,1218.9,552.8,1342.0,632.6
1471,2,large_vehicle,0.1204,1013.1,533.0,1118.0,611.9
1471,2,large_vehicle,0.1133,171.8,787.1,288.9,874.5
1472,1,car,0.8707,825.5,660.6,997.7,760.0
1472,1,car,0.5932,557.7,490.6,648.9,542.1
1472,2,large_vehicle,0.5548,1013.3,532.9,1117.9,611.6
1472,2,large_vehicle,0.2765,557.7,490.6,648.9,542.1
1472,1,car,0.2264,1013.3,532.9,1117.9,611.6
1472,1,car,0.2110,1218.9,552.9,1342.0,632.7
1472,1,car,0.1562,171.9,787.0,288.7,874.3
1472,2,large_vehicle,0.1253,953.3,420.4,1024.3,464.7
1472,2,large_vehicle,0.1234,1218.9,552.9,1342.0,632.7
1472,2,large_vehicle,0.1114,171.9,787.0,288.7,874.3
1472,2,large_vehicle,0.1096,1013.1,533.0,1118.0,611.9
1473,1,car,0.8776,837.4,655.5,1003.8,756.5
1473,2,large_vehicle,0.6148,1003.2,535.7,1108.8,613.4
1473,1,car,0.4875,558.3,490.2,649.3,541.7
1473,2,large_vehicle,0.3839,558.3,490.2,649.3,541.7
1473,1,car,0.3310,1003.2,535.7,1108.8,613.4
1473,1,car,0.2913,1220.0,552.3,1341.9,631.6
1473,2,large_vehicle,0.2459,953.0,420.2,1024.8,464.0
1473,2,large_vehicle,0.2187,181.0,786.6,300.6,872.0
1473,1,car,0.1992,181.0,786.6,300.6,872.0
1473,1,car,0.1102,181.2,786.7,300.3,871.8
1474,1,car,0.8770,837.4,655.5,1003.7,756.5
1474,2,large_vehicle,0.5981,1003.2,535.7,1109.7,613.4
1474,1,car,0.4714,558.4,490.0,649.3,541.7
1474,2,large_vehicle,0.3984,558.4,490.0,649.3,541.7
1474,1,car,0.3492,1003.2,535.7,1109.7,613.4
1474,1,car,0.2959,1220.0,552.5,1342.0,631.7
1474,1,car,0.2287,180.9,786.6,300.6,871.4
1474,2,large_vehicle,0.2238,180.9,786.6,300.6,871.4
1474,2,large_vehicle,0.1946,952.9,419.9,1025.0,463.9
1474,0,person,0.1083,1194.0,513.3,1215.5,576.1
1475,1,car,0.8050,849.3,653.1,1012.5,752.7
1475,2,large_vehicle,0.5123,992.9,539.1,1100.1,617.0
1475,1,car,0.5084,1223.3,553.3,1339.2,628.9
1475,2,large_vehicle,0.4904,560.7,489.8,648.7,541.7
1475,1,car,0.4311,992.9,539.1,1100.1,617.0
1475,1,car,0.3908,560.7,489.8,648.7,541.7
1475,1,car,0.2681,190.3,786.5,312.0,871.7
1475,2,large_vehicle,0.2439,190.3,786.5,312.0,871.7
1475,2,large_vehicle,0.2060,954.1,420.5,1024.7,464.0
1476,1,car,0.8063,849.5,653.1,1012.6,752.6
1476,1,car,0.5443,1221.8,553.4,1338.9,630.0
1476,2,large_vehicle,0.5154,993.0,539.0,1100.1,617.0
1476,2,large_vehicle,0.5072,560.8,489.7,648.6,541.8
1476,1,car,0.4271,993.0,539.0,1100.1,617.0
1476,1,car,0.3717,560.8,489.7,648.6,541.8
1476,1,car,0.2653,190.3,786.4,312.1,871.6
1476,2,large_vehicle,0.2501,190.3,786.4,312.1,871.6
1476,2,large_vehicle,0.2033,954.0,420.7,1024.1,464.0
1477,1,car,0.8074,849.5,653.1,1012.5,752.7
1477,1,car,0.5455,1221.7,553.4,1338.8,630.0
1477,2,large_vehicle,0.5233,992.9,539.0,1100.0,617.0
1477,2,large_vehicle,0.5118,560.7,489.6,648.6,541.8
1477,1,car,0.4191,992.9,539.0,1100.0,617.0
1477,1,car,0.3664,560.7,489.6,648.6,541.8
1477,1,car,0.2654,190.3,786.4,312.1,871.6
1477,2,large_vehicle,0.2521,190.3,786.4,312.1,871.6
1477,2,large_vehicle,0.1997,954.1,420.6,1024.3,463.9
1478,1,car,0.7504,861.8,648.8,1018.7,747.0
1478,2,large_vehicle,0.5119,981.2,540.6,1090.3,619.7
1478,2,large_vehicle,0.4378,558.9,489.8,648.6,542.0
1478,1,car,0.4265,558.9,489.8,648.6,542.0
1478,1,car,0.4235,981.2,540.6,1090.3,619.7
1478,1,car,0.4124,199.7,785.7,322.2,871.2
1478,2,large_vehicle,0.2033,954.2,420.8,1024.2,464.0
1478,0,person,0.1258,1193.9,513.1,1215.3,576.4
1478,2,large_vehicle,0.1155,199.7,785.7,322.2,871.2
1479,1,car,0.7455,861.8,648.7,1019.0,746.9
1479,2,large_vehicle,0.5414,981.1,540.5,1090.7,619.7
1479,2,large_vehicle,0.4640,559.0,489.8,648.6,542.0
1479,1,car,0.4184,199.7,785.6,322.2,871.0
1479,1,car,0.3958,559.0,489.8,648.6,542.0
1479,1,car,0.3920,981.1,540.5,1090.7,619.7
1479,2,large_vehicle,0.2055,953.9,420.6,1024.4,464.0
1479,2,large_vehicle,0.1107,199.7,785.6,322.2,871.0
1479,0,person,0.1005,1193.9,513.1,1215.4,576.2
1480,1,car,0.7776,873.7,646.4,1030.4,743.7
1480,1,car,0.5509,969.4,545.2,1079.9,622.8
1480,1,car,0.5022,560.4,490.1,648.3,541.7
1480,2,large_vehicle,0.3966,969.4,545.2,1079.9,622.8
1480,2,large_vehicle,0.3884,560.4,490.1,648.3,541.7
1480,2,large_vehicle,0.2837,953.3,420.8,1024.7,463.8
1480,1,car,0.2670,209.9,784.9,331.7,870.8
1480,2,large_vehicle,0.1880,209.9,784.9,331.7,870.8
1480,0,person,0.1092,1193.8,512.9,1215.3,576.2
1481,1,car,0.7780,873.7,646.3,1030.4,743.6
1481,1,car,0.5230,969.5,545.2,1079.8,622.7
1481,1,car,0.5145,559.0,490.0,648.4,541.7
1481,2,large_vehicle,0.4268,969.5,545.2,1079.8,622.7
1481,2,large_vehicle,0.3779,559.0,490.0,648.4,541.7
1481,2,large_vehicle,0.2739,953.2,420.6,1024.8,463.9
1481,1,car,0.2698,209.8,784.9,331.6,870.9
1481,2,large_vehicle,0.1928,209.8,784.9,331.6,870.9
1482,1,car,0.7802,873.7,646.5,1030.3,743.6
1482,1,car,0.5452,969.4,545.1,1079.9,622.8
1482,1,car,0.5071,559.3,489.9,648.3,541.6
1482,2,large_vehicle,0.4039,969.4,545.1,1079.9,622.8
1482,2,large_vehicle,0.3797,559.3,489.9,648.3,541.6
1482,1,car,0.2741,209.9,784.9,331.7,870.8
1482,2,large_vehicle,0.2291,953.4,420.6,1024.3,463.8
1482,2,large_vehicle,0.1893,209.9,784.9,331.7,870.8
1483,1,car,0.7806,885.6,645.5,1034.7,738.6
1483,1,car,0.5671,957.9,546.2,1071.4,626.3
1483,1,car,0.4552,561.0,489.4,648.8,541.2
1483,1,car,0.3921,219.8,784.2,345.2,871.9
1483,2,large_vehicle,0.3921,561.0,489.4,648.8,541.2
1483,2,large_vehicle,0.3611,957.9,546.2,1071.4,626.3
1483,2,large_vehicle,0.2853,951.9,420.2,1024.4,464.0
1483,2,large_vehicle,0.1389,219.8,784.2,345.2,871.9
1484,1,car,0.7725,885.6,645.5,1035.0,738.6
1484,1,car,0.5627,957.9,546.1,1071.0,626.3
1484,1,car,0.4695,560.9,489.3,649.2,541.2
1484,1,car,0.4019,219.8,784.2,345.2,872.0
1484,2,large_vehicle,0.3680,560.9,489.3,649.2,541.2
1484,2,large_vehicle,0.3659,957.9,546.1,1071.0,626.3
1484,2,large_vehicle,0.2990,951.4,419.9,1024.7,464.0
1484,2,large_vehicle,0.1375,219.8,784.2,345.2,872.0
1484,0,person,0.1010,1194.0,512.0,1215.6,576.1
1485,1,car,0.6523,897.0,639.8,1044.9,734.0
1485,1,car,0.6426,945.6,549.8,1060.0,631.5
1485,2,large_vehicle,0.5701,560.1,489.6,648.4,541.4
1485,2,large_vehicle,0.3108,230.2,784.1,358.1,869.8
1485,2,large_vehicle,0.3067,945.6,549.8,1060.0,631.5
1485,1,car,0.2989,560.1,489.6,648.4,541.4
1485,1,car,0.2869,230.2,784.1,358.1,869.8
1485,2,large_vehicle,0.1753,953.5,420.0,1024.3,463.6
1485,2,large_vehicle,0.1235,897.0,639.8,1044.9,734.0
1486,1,car,0.6525,897.0,639.8,1044.9,734.0
1486,1,car,0.6423,945.6,549.8,1060.0,631.5
1486,2,large_vehicle,0.5743,559.9,489.6,648.4,541.3
1486,2,large_vehicle,0.3109,230.2,784.1,358.1,869.8
1486,2,large_vehicle,0.3074,945.6,549.8,1060.0,631.5
1486,1,car,0.2971,559.9,489.6,648.4,541.3
1486,1,car,0.2866,230.2,784.1,358.1,869.8
1486,2,large_vehicle,0.1812,953.5,420.0,1024.2,463.6
1486,2,large_vehicle,0.1231,897.0,639.8,1044.9,734.0
1487,1,car,0.6546,945.6,549.8,1060.2,631.4
1487,1,car,0.6530,897.0,639.8,1044.7,734.0
1487,2,large_vehicle,0.5922,560.7,489.6,648.3,541.4
1487,2,large_vehicle,0.3163,230.2,784.3,358.1,869.8
1487,2,large_vehicle,0.2934,945.6,549.8,1060.2,631.4
1487,1,car,0.2855,230.2,784.3,358.1,869.8
1487,1,car,0.2786,560.7,489.6,648.3,541.4
1487,2,large_vehicle,0.1947,953.6,420.2,1024.1,463.6
1487,2,large_vehicle,0.1291,897.0,639.8,1044.7,734.0
1488,1,car,0.8022,906.7,637.9,1053.5,729.7
1488,1,car,0.7682,933.5,552.2,1054.8,634.1
1488,1,car,0.5064,240.5,782.9,371.1,871.5
1488,1,car,0.4822,560.8,489.7,648.3,541.6
1488,2,large_vehicle,0.3769,560.8,489.7,648.3,541.6
1488,2,large_vehicle,0.3151,952.9,420.1,1024.3,463.7
1488,1,car,0.1371,1223.5,554.7,1342.0,632.5
1488,2,large_vehicle,0.1359,933.5,552.2,1054.8,634.1
1488,2,large_vehicle,0.1153,240.5,782.9,371.1,871.5
1489,1,car,0.7891,906.8,637.8,1053.7,729.9
1489,1,car,0.7729,933.4,552.2,1054.8,634.2
1489,1,car,0.5108,240.6,782.7,371.1,871.5
1489,1,car,0.4981,560.7,489.8,648.2,541.6
1489,2,large_vehicle,0.3586,953.1,420.0,1024.1,463.6
1489,2,large_vehicle,0.3582,560.7,489.8,648.2,541.6
1489,2,large_vehicle,0.1290,933.4,552.2,1054.8,634.2
1489,1,car,0.1178,1223.5,554.7,1342.0,632.4
1489,2,large_vehicle,0.1177,240.6,782.7,371.1,871.5
1490,1,car,0.8157,914.4,634.8,1061.5,721.7
1490,1,car,0.7613,922.3,556.3,1038.3,637.1
1490,1,car,0.5749,559.1,489.8,648.2,541.4
1490,2,large_vehicle,0.3786,952.4,420.5,1024.1,463.7
1490,1,car,0.3541,251.3,783.6,382.6,869.6
1490,2,large_vehicle,0.3232,559.1,489.8,648.2,541.4
1490,2,large_vehicle,0.2735,251.3,783.6,382.6,869.6
1490,2,large_vehicle,0.1464,922.3,556.3,1038.3,637.1
1490,0,person,0.1213,1193.7,512.5,1215.6,575.8
1491,1,car,0.8128,914.5,634.8,1061.6,721.9
1491,1,car,0.7585,922.2,556.3,1038.5,637.1
1491,1,car,0.5823,559.0,489.8,648.2,541.5
1491,2,large_vehicle,0.3592,952.5,420.2,1024.1,463.6
1491,1,car,0.3493,251.3,783.6,382.6,869.4
1491,2,large_vehicle,0.3125,559.0,489.8,648.2,541.5
1491,2,large_vehicle,0.2734,251.3,783.6,382.6,869.4
1491,2,large_vehicle,0.1498,922.2,556.3,1038.5,637.1
1492,1,car,0.8150,914.5,634.8,1061.6,721.8
1492,1,car,0.7601,922.2,556.3,1038.5,637.1
1492,1,car,0.5853,559.1,489.8,648.1,541.5
1492,2,large_vehicle,0.3903,952.4,420.3,1023.9,463.6
1492,1,car,0.3523,251.3,783.6,382.7,869.4
1492,2,large_vehicle,0.3092,559.1,489.8,648.1,541.5
1492,2,large_vehicle,0.2697,251.3,783.6,382.7,869.4
1492,2,large_vehicle,0.1480,922.2,556.3,1038.5,637.1
1493,1,car,0.8182,927.4,628.8,1073.3,715.7
1493,1,car,0.7545,907.7,557.7,1030.1,642.5
1493,1,car,0.5328,262.7,783.2,393.2,868.7
1493,1,car,0.5097,559.5,489.2,648.3,541.4
1493,2,large_vehicle,0.4686,951.7,419.8,1024.7,463.9
1493,2,large_vehicle,0.3804,559.5,489.2,648.3,541.4
1493,2,large_vehicle,0.1633,907.7,557.7,1030.1,642.5
1493,0,person,0.1169,1193.5,512.1,1215.7,575.9
1494,1,car,0.8768,938.1,627.0,1081.5,713.7
1494,1,car,0.8399,894.6,560.5,1018.0,646.1
1494,1,car,0.5299,273.8,782.0,407.4,868.6
1494,1,car,0.5172,561.5,489.7,648.3,541.4
1494,2,large_vehicle,0.3686,561.5,489.7,648.3,541.4
1494,2,large_vehicle,0.3669,952.6,419.7,1024.2,463.8
1494,0,person,0.1548,1193.4,512.5,1215.7,576.2
1495,1,car,0.8771,938.1,627.0,1081.5,713.8
1495,1,car,0.8394,894.6,560.5,1018.0,646.1
1495,1,car,0.5302,273.8,782.0,407.4,868.6
1495,1,car,0.5150,561.8,489.7,648.3,541.4
1495,2,large_vehicle,0.3664,561.8,489.7,648.3,541.4
1495,2,large_vehicle,0.3564,952.7,419.7,1024.2,463.8
1495,0,person,0.1477,1193.4,512.4,1215.8,576.2
1496,1,car,0.8749,938.2,627.0,1081.5,713.8
1496,1,car,0.8364,895.0,560.5,1017.8,645.9
1496,1,car,0.5261,273.7,782.0,407.7,868.8
1496,1,car,0.4986,561.1,489.3,648.2,541.4
1496,2,large_vehicle,0.3925,561.1,489.3,648.2,541.4
1496,2,large_vehicle,0.3697,952.6,419.8,1024.3,463.8
1496,0,person,0.1752,1193.6,512.6,1215.8,576.3
1496,1,car,0.1100,1220.7,558.3,1342.0,633.4
1496,2,large_vehicle,0.1055,273.7,782.0,407.7,868.8
1497,1,car,0.8483,948.2,623.2,1087.8,712.5
1497,1,car,0.6639,883.5,562.1,1006.9,651.7
1497,1,car,0.4523,556.8,489.0,648.4,541.8
1497,2,large_vehicle,0.4514,282.5,778.4,419.4,869.6
1497,2,large_vehicle,0.4314,556.8,489.0,648.4,541.8
1497,2,large_vehicle,0.3934,952.2,419.9,1024.6,464.0
1497,2,large_vehicle,0.2643,883.5,562.1,1006.9,651.7
1497,1,car,0.2632,282.5,778.4,419.4,869.6
1497,1,car,0.2282,1220.2,559.9,1342.0,634.2
1497,0,person,0.1396,1193.7,512.8,1215.8,576.5
1498,1,car,0.8523,948.2,623.2,1087.8,712.7
1498,1,car,0.6525,883.8,562.1,1006.2,651.8
1498,1,car,0.4558,556.8,488.9,648.4,542.0
1498,2,large_vehicle,0.4267,556.8,488.9,648.4,542.0
1498,2,large_vehicle,0.4247,952.2,419.9,1024.5,464.0
1498,2,large_vehicle,0.4204,282.6,778.1,419.5,869.4
1498,1,car,0.3007,282.6,778.1,419.5,869.4
1498,2,large_vehicle,0.2782,883.8,562.1,1006.2,651.8
1498,1,car,0.2168,1220.3,559.5,1342.0,634.3
1498,0,person,0.1362,1193.7,512.7,1215.8,576.5
1499,1,car,0.7971,959.2,622.8,1099.4,709.8
1499,1,car,0.6694,867.7,563.7,994.7,656.1
1499,1,car,0.5461,295.6,778.1,432.5,868.8
1499,2,large_vehicle,0.4519,556.4,489.5,648.3,541.8
1499,1,car,0.4381,556.4,489.5,648.3,541.8
1499,2,large_vehicle,0.3530,951.7,419.8,1024.9,463.6
1499,2,large_vehicle,0.2479,867.7,563.7,994.7,656.1
1499,1,car,0.1770,1220.5,559.5,1342.0,634.6
1499,0,person,0.1227,1194.1,513.8,1216.2,576.9
1500,1,car,0.7933,959.0,622.7,1099.3,709.3
1500,1,car,0.6844,867.5,563.7,995.7,656.0
1500,1,car,0.5209,295.3,778.4,432.8,869.1
1500,1,car,0.4748,556.9,490.4,648.2,542.1
1500,2,large_vehicle,0.4167,556.9,490.4,648.2,542.1
1500,2,large_vehicle,0.2883,952.3,420.2,1025.5,463.5
1500,0,person,0.2812,1194.8,525.8,1216.0,577.6
1500,2,large_vehicle,0.2296,867.5,563.7,995.7,656.0
1500,2,large_vehicle,0.1101,295.3,778.4,432.8,869.1
1501,1,car,0.7903,959.0,622.7,1099.3,709.3
1501,1,car,0.6884,867.5,563.8,995.7,656.0
1501,1,car,0.5282,295.3,778.4,432.8,869.0
1501,2,large_vehicle,0.4941,556.8,490.0,648.2,542.0
1501,1,car,0.3775,556.8,490.0,648.2,542.0
1501,2,large_vehicle,0.3191,952.4,420.0,1025.5,463.7
1501,2,large_vehicle,0.2252,867.5,563.8,995.7,656.0
1501,0,person,0.1881,1194.2,514.3,1216.3,576.9
1501,2,large_vehicle,0.1087,295.3,778.4,432.8,869.0
1502,1,car,0.7255,969.3,618.1,1105.4,704.5
1502,1,car,0.6174,306.9,777.3,446.5,869.3
1502,1,car,0.5848,854.6,568.7,980.4,660.9
1502,2,large_vehicle,0.5086,558.9,489.6,648.4,541.8
1502,2,large_vehicle,0.3989,950.1,419.6,1025.7,464.2
1502,1,car,0.3508,558.9,489.6,648.4,541.8
1502,2,large_vehicle,0.3298,854.6,568.7,980.4,660.9
1502,0,person,0.2000,1194.3,520.2,1215.9,577.5
1502,2,large_vehicle,0.1759,969.3,618.1,1105.4,704.5
1502,0,person,0.1444,1194.2,514.7,1216.3,576.9
1502,2,large_vehicle,0.1332,306.9,777.3,446.5,869.3
1503,1,car,0.7251,969.3,618.2,1105.4,704.5
1503,1,car,0.6092,306.9,777.3,446.3,869.4
1503,1,car,0.5790,854.5,568.7,980.5,660.9
1503,2,large_vehicle,0.5090,559.1,489.4,648.4,541.7
1503,2,large_vehicle,0.4150,950.4,419.6,1025.6,464.2
1503,1,car,0.3498,559.1,489.4,648.4,541.7
1503,2,large_vehicle,0.3350,854.5,568.7,980.5,660.9
1503,0,person,0.1795,1193.7,512.9,1216.2,576.7
1503,2,large_vehicle,0.1758,969.3,618.2,1105.4,704.5
1503,2,large_vehicle,0.1467,306.9,777.3,446.3,869.4
1504,1,car,0.7152,839.4,571.1,967.8,666.0
1504,1,car,0.7083,978.7,615.3,1111.5,701.7
1504,1,car,0.6741,320.3,776.5,458.4,867.1
1504,2,large_vehicle,0.4504,561.3,489.8,648.7,541.8
1504,1,car,0.4045,561.3,489.8,648.7,541.8
1504,2,large_vehicle,0.2094,952.0,419.4,1024.9,463.9
1504,2,large_vehicle,0.1881,839.4,571.1,967.8,666.0
1504,2,large_vehicle,0.1834,978.7,615.3,1111.5,701.7
1504,0,person,0.1298,1193.6,512.9,1216.1,576.5
1505,1,car,0.7191,839.3,571.1,967.8,666.0
1505,1,car,0.7125,978.7,615.3,1111.5,701.7
1505,1,car,0.6747,320.3,776.5,458.4,867.1
1505,2,large_vehicle,0.4455,560.2,489.7,648.7,541.9
1505,1,car,0.4089,560.2,489.7,648.7,541.9
1505,2,large_vehicle,0.1955,952.0,419.3,1025.0,463.9
1505,2,large_vehicle,0.1839,839.3,571.1,967.8,666.0
1505,2,large_vehicle,0.1786,978.7,615.3,1111.5,701.7
1505,0,person,0.1214,1193.7,512.9,1216.1,576.6
1506,1,car,0.7129,978.7,615.3,1111.3,701.7
1506,1,car,0.6931,839.4,571.0,967.8,666.0
1506,1,car,0.6788,320.3,776.5,458.5,867.0
1506,1,car,0.4669,560.1,489.8,648.8,541.9
1506,2,large_vehicle,0.3881,560.1,489.8,648.8,541.9
1506,2,large_vehicle,0.2075,952.3,419.3,1024.7,463.8
1506,2,large_vehicle,0.1866,839.4,571.0,967.8,666.0
1506,2,large_vehicle,0.1766,978.7,615.3,1111.3,701.7
1506,0,person,0.1137,1193.6,512.5,1216.1,576.3
1507,1,car,0.8593,823.5,576.5,962.4,669.7
1507,1,car,0.7665,988.3,612.5,1119.7,697.3
1507,1,car,0.6497,332.7,773.1,473.7,867.0
1507,1,car,0.4942,557.2,489.5,648.7,542.0
1507,2,large_vehicle,0.3522,557.2,489.5,648.7,542.0
1507,0,person,0.1523,1193.6,512.9,1216.0,576.6
1507,2,large_vehicle,0.1241,988.3,612.5,1119.7,697.3
1508,1,car,0.8610,822.9,575.8,962.7,669.6
1508,1,car,0.7719,988.3,612.6,1118.9,697.3
1508,1,car,0.6455,332.7,773.2,475.0,866.9
1508,1,car,0.5057,556.3,489.5,648.7,542.0
1508,2,large_vehicle,0.3506,556.3,489.5,648.7,542.0
1508,0,person,0.2052,1193.8,514.3,1216.1,576.8
1508,2,large_vehicle,0.1174,988.3,612.6,1118.9,697.3
1509,1,car,0.8631,810.4,581.2,945.1,675.0
1509,1,car,0.6939,997.5,608.8,1124.9,694.0
1509,1,car,0.6555,345.5,772.3,487.4,866.4
1509,1,car,0.5400,556.8,490.1,648.4,542.0
1509,2,large_vehicle,0.3320,556.8,490.1,648.4,542.0
1509,2,large_vehicle,0.2096,997.5,608.8,1124.9,694.0
1509,0,person,0.1378,1194.1,513.4,1216.3,576.6
1509,2,large_vehicle,0.1050,345.5,772.3,487.4,866.4
1510,1,car,0.8657,810.4,581.2,944.9,674.9
1510,1,car,0.6958,997.4,608.8,1124.9,694.0
1510,1,car,0.6595,345.5,772.3,487.4,866.3
1510,1,car,0.4877,556.0,489.4,648.4,542.0
1510,2,large_vehicle,0.3929,556.0,489.4,648.4,542.0
1510,2,large_vehicle,0.2091,997.4,608.8,1124.9,694.0
1510,0,person,0.1399,1194.2,513.3,1216.4,576.5
1511,1,car,0.8650,810.4,581.1,945.0,674.9
1511,1,car,0.6979,997.5,608.8,1125.0,694.0
1511,1,car,0.6613,345.5,772.3,487.4,866.3
1511,1,car,0.4967,556.2,489.5,648.3,542.0
1511,2,large_vehicle,0.3847,556.2,489.5,648.3,542.0
1511,2,large_vehicle,0.2060,997.5,608.8,1125.0,694.0
1511,0,person,0.1443,1194.2,513.2,1216.5,576.5
1512,1,car,0.7856,795.7,584.0,925.5,679.0
1512,1,car,0.7011,356.4,769.3,502.5,864.9
1512,1,car,0.5007,1006.0,605.9,1131.9,690.5
1512,2,large_vehicle,0.4786,559.9,489.0,648.9,541.6
1512,2,large_vehicle,0.4068,1006.0,605.9,1131.9,690.5
1512,1,car,0.3894,559.9,489.0,648.9,541.6
1512,2,large_vehicle,0.1352,795.7,584.0,925.5,679.0
1513,1,car,0.7855,795.6,583.8,925.5,679.0
1513,1,car,0.7035,356.2,769.3,502.5,864.9
1513,2,large_vehicle,0.4735,559.5,489.1,649.0,541.6
1513,1,car,0.4705,1006.0,605.9,1131.9,690.6
1513,2,large_vehicle,0.4363,1006.0,605.9,1131.9,690.6
1513,1,car,0.3961,559.5,489.1,649.0,541.6
1513,2,large_vehicle,0.1365,795.6,583.8,925.5,679.0
1514,1,car,0.7820,369.9,768.9,517.0,866.1
1514,1,car,0.7600,780.5,588.3,915.1,683.5
1514,2,large_vehicle,0.6447,1015.2,601.9,1139.4,686.8
1514,1,car,0.4380,560.0,488.7,648.8,541.7
1514,2,large_vehicle,0.4267,560.0,488.7,648.8,541.7
1514,1,car,0.2972,1015.2,601.9,1139.4,686.8
1514,0,person,0.1565,1193.7,512.6,1216.1,576.4
1514,2,large_vehicle,0.1382,780.5,588.3,915.1,683.5
1515,1,car,0.7830,369.9,768.9,516.8,866.1
1515,1,car,0.7530,780.6,588.4,915.3,683.4
1515,2,large_vehicle,0.6544,1015.2,602.0,1139.2,686.8
1515,1,car,0.4845,559.3,488.7,648.9,541.7
1515,2,large_vehicle,0.3743,559.3,488.7,648.9,541.7
1515,1,car,0.2859,1015.2,602.0,1139.2,686.8
1515,0,person,0.1870,1193.9,512.9,1216.0,576.6
1515,2,large_vehicle,0.1480,780.6,588.4,915.3,683.4
1516,1,car,0.7831,369.9,768.9,517.0,866.0
1516,1,car,0.7546,780.6,588.3,915.3,683.4
1516,2,large_vehicle,0.6527,1015.2,601.9,1139.4,686.8
1516,1,car,0.4588,559.9,488.8,649.0,541.8
1516,2,large_vehicle,0.4032,559.9,488.8,649.0,541.8
1516,1,car,0.2884,1015.2,601.9,1139.4,686.8
1516,0,person,0.1944,1193.8,512.9,1215.8,576.6
1516,2,large_vehicle,0.1446,780.6,588.3,915.3,683.4
1517,1,car,0.8383,766.2,592.8,912.8,688.1
1517,2,large_vehicle,0.6725,1024.7,600.6,1143.8,683.6
1517,1,car,0.6309,383.9,764.4,532.0,861.8
1517,2,large_vehicle,0.4538,557.6,488.6,648.6,542.0
1517,1,car,0.3758,557.6,488.6,648.6,542.0
1517,1,car,0.2432,1024.7,600.6,1143.8,683.6
1518,1,car,0.8242,751.1,593.9,890.0,692.6
1518,2,large_vehicle,0.7084,1032.8,597.0,1151.4,679.7
1518,1,car,0.5366,392.1,763.7,545.6,859.7
1518,1,car,0.5317,558.7,489.6,648.5,542.0
1518,1,car,0.3366,391.9,763.7,545.5,860.3
1518,2,large_vehicle,0.3292,558.7,489.6,648.5,542.0
1518,1,car,0.1817,1032.8,597.0,1151.4,679.7
1518,2,large_vehicle,0.1707,953.0,420.1,1025.2,463.9
1519,1,car,0.8277,751.1,593.5,889.6,692.6
1519,2,large_vehicle,0.6945,1032.8,597.1,1151.4,679.7
1519,1,car,0.5092,559.2,489.5,648.5,541.8
1519,1,car,0.4569,392.0,763.8,545.6,860.0
1519,1,car,0.4051,392.2,763.7,545.7,859.3
1519,2,large_vehicle,0.3637,559.2,489.5,648.5,541.8
1519,1,car,0.1968,1032.8,597.1,1151.4,679.7
1519,2,large_vehicle,0.1448,952.7,420.0,1024.3,463.9
1520,1,car,0.8270,751.1,593.5,889.7,692.6
1520,2,large_vehicle,0.6967,1032.8,597.0,1151.4,679.7
1520,1,car,0.6681,392.1,763.7,545.7,859.5
1520,1,car,0.5054,559.3,489.6,648.4,541.8
1520,2,large_vehicle,0.3672,559.3,489.6,648.4,541.8
1520,1,car,0.1945,1032.8,597.0,1151.4,679.7
1520,1,car,0.1679,391.9,763.8,545.6,860.2
1520,2,large_vehicle,0.1422,952.7,420.1,1024.4,463.8
1521,1,car,0.8540,735.1,596.9,872.6,696.0
1521,1,car,0.7288,409.6,761.3,558.6,861.2
1521,2,large_vehicle,0.6887,1041.2,594.4,1157.0,675.8
1521,1,car,0.4649,558.2,488.5,649.3,541.7
1521,2,large_vehicle,0.3701,558.2,488.5,649.3,541.7
1521,1,car,0.2343,1041.2,594.4,1157.0,675.8
1521,0,person,0.1115,1194.1,513.2,1216.0,576.9
1522,1,car,0.8526,735.1,596.9,872.6,696.0
1522,1,car,0.7309,409.6,761.4,558.6,861.3
1522,2,large_vehicle,0.7030,1041.5,594.4,1157.1,675.8
1522,1,car,0.4293,559.7,488.6,649.0,541.7
1522,2,large_vehicle,0.4146,559.7,488.6,649.0,541.7
1522,1,car,0.2138,1041.5,594.4,1157.1,675.8
1523,1,car,0.8300,718.5,602.9,871.7,700.6
1523,1,car,0.7886,424.6,760.8,575.4,851.3
1523,2,large_vehicle,0.7471,1049.7,592.0,1163.9,672.9
1523,1,car,0.4533,560.5,489.2,648.4,541.6
1523,2,large_vehicle,0.4070,560.5,489.2,648.4,541.6
1523,1,car,0.1660,1049.7,592.0,1163.9,672.9
1523,0,person,0.1132,1194.1,513.6,1215.9,577.0
1524,1,car,0.8273,718.5,602.9,872.1,700.6
1524,1,car,0.7895,424.6,760.8,575.3,851.0
1524,2,large_vehicle,0.7513,1049.7,591.9,1163.8,672.9
1524,2,large_vehicle,0.4324,561.4,489.1,648.4,541.5
1524,1,car,0.4281,561.4,489.1,648.4,541.5
1524,1,car,0.1613,1049.7,591.9,1163.8,672.9
1524,0,person,0.1041,1194.1,513.6,1215.9,577.0
1525,1,car,0.8239,718.5,602.8,872.1,700.6
1525,1,car,0.7875,424.5,760.8,575.4,852.0
1525,2,large_vehicle,0.7433,1049.6,591.9,1163.9,672.9
1525,2,large_vehicle,0.4338,560.7,489.0,648.6,541.7
1525,1,car,0.4272,560.7,489.0,648.6,541.7
1525,1,car,0.1705,1049.6,591.9,1163.9,672.9
1526,1,car,0.8550,701.8,606.5,849.4,705.3
1526,2,large_vehicle,0.8205,1057.7,589.0,1169.0,668.2
1526,1,car,0.8162,437.6,757.2,590.4,856.6
1526,2,large_vehicle,0.4312,558.4,488.7,648.9,541.6
1526,1,car,0.4047,558.4,488.7,648.9,541.6
1527,1,car,0.8554,701.7,606.4,849.0,705.3
1527,2,large_vehicle,0.8249,1057.9,589.0,1168.9,668.2
1527,1,car,0.8158,437.6,757.2,590.5,856.8
1527,2,large_vehicle,0.4235,557.5,488.5,648.8,541.7
1527,1,car,0.4025,557.5,488.5,648.8,541.7
1528,1,car,0.8555,685.5,609.0,830.6,708.7
1528,2,large_vehicle,0.7772,1065.5,586.7,1174.1,665.4
1528,1,car,0.7687,450.3,755.1,603.1,854.7
1528,1,car,0.5150,559.6,489.6,648.6,541.8
1528,2,large_vehicle,0.3517,559.6,489.6,648.6,541.8
1528,1,car,0.1601,1065.5,586.7,1174.1,665.4
1528,2,large_vehicle,0.1089,952.3,419.9,1025.6,464.0
1529,1,car,0.8549,685.5,609.0,830.6,708.7
1529,2,large_vehicle,0.7791,1065.5,586.7,1174.1,665.4
1529,1,car,0.7674,450.2,755.1,603.1,854.6
1529,1,car,0.5203,559.5,489.6,648.5,541.8
1529,2,large_vehicle,0.3522,559.5,489.6,648.5,541.8
1529,1,car,0.1580,1065.5,586.7,1174.1,665.4
1529,2,large_vehicle,0.1117,952.3,419.9,1025.6,464.0
1530,1,car,0.8549,685.5,609.0,830.5,708.7
1530,2,large_vehicle,0.7821,1065.5,586.6,1174.1,665.3
1530,1,car,0.7732,450.3,755.0,603.1,854.4
1530,1,car,0.5511,560.1,489.9,648.4,541.8
1530,2,large_vehicle,0.3185,560.1,489.9,648.4,541.8
1530,0,person,0.1950,1195.1,534.6,1215.4,578.2
1530,1,car,0.1529,1065.5,586.6,1174.1,665.3
1530,2,large_vehicle,0.1510,952.5,420.9,1025.4,464.1
1531,1,car,0.8676,670.3,613.9,827.8,713.8
1531,2,large_vehicle,0.7819,1072.6,584.2,1179.9,662.2
1531,1,car,0.7670,464.9,751.9,618.3,853.2
1531,1,car,0.4441,562.2,489.2,649.2,541.4
1531,2,large_vehicle,0.3976,562.2,489.2,649.2,541.4
1531,1,car,0.1078,1072.6,584.2,1179.9,662.2
1532,1,car,0.8681,670.3,613.8,824.8,713.8
1532,2,large_vehicle,0.7786,1072.7,584.3,1179.7,662.2
1532,1,car,0.7737,464.8,752.0,618.3,853.2
1532,1,car,0.4303,562.2,489.2,649.2,541.4
1532,2,large_vehicle,0.4078,562.2,489.2,649.2,541.4
1532,1,car,0.1105,1072.7,584.3,1179.7,662.2
1533,1,car,0.8712,653.1,614.8,797.6,715.5
1533,2,large_vehicle,0.8130,1080.9,581.3,1185.7,658.0
1533,1,car,0.8022,478.6,748.0,634.3,849.8
1533,1,car,0.5370,560.6,488.9,649.3,541.3
1533,2,large_vehicle,0.3131,560.6,488.9,649.3,541.3
1534,1,car,0.8591,653.1,614.8,797.3,715.4
1534,2,large_vehicle,0.8091,1080.8,581.4,1185.7,658.0
1534,1,car,0.8021,478.6,748.0,634.4,849.6
1534,1,car,0.5271,560.6,488.6,649.3,541.4
1534,2,large_vehicle,0.3292,560.6,488.6,649.3,541.4
1535,1,car,0.8618,653.1,614.8,797.4,715.4
1535,2,large_vehicle,0.8087,1080.8,581.4,1185.7,658.0
1535,1,car,0.8023,478.6,748.0,634.4,849.7
1535,1,car,0.5150,560.6,488.6,649.3,541.4
1535,2,large_vehicle,0.3416,560.6,488.6,649.3,541.4
1536,1,car,0.8568,635.8,617.1,784.7,721.1
1536,2,large_vehicle,0.7693,1089.1,578.8,1190.9,654.4
1536,1,car,0.7079,494.2,747.4,649.0,845.7
1536,1,car,0.4956,558.9,488.7,649.4,541.9
1536,2,large_vehicle,0.3337,558.9,488.7,649.4,541.9
1537,1,car,0.8611,635.8,617.1,783.7,721.1
1537,2,large_vehicle,0.7671,1089.1,578.8,1190.8,654.4
1537,1,car,0.7050,494.3,747.5,649.0,845.5
1537,1,car,0.5051,558.7,489.0,649.3,541.9
1537,2,large_vehicle,0.3213,558.7,489.0,649.3,541.9
1538,1,car,0.8414,619.8,622.7,763.6,725.3
1538,2,large_vehicle,0.8066,1095.6,574.8,1197.1,651.5
1538,1,car,0.7295,508.6,744.2,663.1,846.4
1538,1,car,0.5288,560.0,489.9,648.7,541.6
1538,2,large_vehicle,0.3362,560.0,489.9,648.7,541.6
1539,1,car,0.8398,619.8,622.9,763.4,725.3
1539,2,large_vehicle,0.8085,1095.6,574.9,1197.0,651.5
1539,1,car,0.7250,508.7,744.2,663.0,846.3
1539,1,car,0.5864,559.1,490.0,648.8,541.6
1539,2,large_vehicle,0.2746,559.1,490.0,648.8,541.6
1540,1,car,0.8386,619.8,622.8,764.0,725.3
1540,2,large_vehicle,0.8052,1095.6,574.9,1197.1,651.5
1540,1,car,0.7306,508.6,744.2,663.1,846.3
1540,1,car,0.5687,559.8,490.0,648.9,541.6
1540,2,large_vehicle,0.2884,559.8,490.0,648.9,541.6
1541,1,car,0.8586,603.3,627.5,748.3,728.0
1541,2,large_vehicle,0.7977,1102.6,573.1,1202.6,648.7
1541,1,car,0.7428,522.8,741.4,678.0,841.6
1541,1,car,0.4999,557.6,488.6,649.1,541.3
1541,2,large_vehicle,0.3356,557.6,488.6,649.1,541.3
1541,2,large_vehicle,0.1559,952.7,419.2,1026.2,463.8
1542,1,car,0.8836,585.3,628.3,729.6,732.1
1542,2,large_vehicle,0.8530,1109.6,571.4,1206.3,644.3
1542,1,car,0.7636,539.2,738.1,694.4,839.5
1542,1,car,0.5781,559.1,488.6,649.1,541.3
1542,2,large_vehicle,0.2722,559.1,488.6,649.1,541.3
1543,1,car,0.8862,585.4,628.3,729.5,732.1
1543,2,large_vehicle,0.8520,1109.5,571.4,1206.4,644.4
1543,1,car,0.7677,539.2,738.0,694.4,840.0
1543,1,car,0.5846,557.9,488.5,649.0,541.4
1543,2,large_vehicle,0.2718,557.9,488.5,649.0,541.4
1544,1,car,0.8859,585.4,628.3,729.6,732.1
1544,2,large_vehicle,0.8508,1109.5,571.4,1206.4,644.4
1544,1,car,0.7670,539.2,738.0,694.3,839.9
1544,1,car,0.5870,558.3,488.5,649.1,541.5
1544,2,large_vehicle,0.2678,558.3,488.5,649.1,541.5
1545,1,car,0.8809,568.2,632.8,716.2,734.1
1545,2,large_vehicle,0.8551,1116.4,569.8,1211.8,642.7
1545,1,car,0.8265,550.6,734.5,706.1,836.8
1545,1,car,0.5470,558.4,488.7,649.3,541.9
1545,2,large_vehicle,0.2928,558.4,488.7,649.3,541.9
1546,1,car,0.8793,568.1,632.7,715.9,734.1
1546,2,large_vehicle,0.8563,1116.4,569.8,1211.8,642.7
1546,1,car,0.8224,550.5,734.5,706.2,836.4
1546,1,car,0.4825,558.1,488.6,649.0,542.0
1546,2,large_vehicle,0.3640,558.1,488.6,649.0,542.0
1547,1,car,0.8872,551.9,636.8,694.9,736.9
1547,2,large_vehicle,0.8278,1123.5,568.6,1216.0,638.6
1547,1,car,0.7756,566.3,735.8,721.9,832.5
1547,1,car,0.6515,558.4,489.4,648.7,541.4
1547,2,large_vehicle,0.2131,558.4,489.4,648.7,541.4
1548,1,car,0.8872,551.8,636.8,694.9,736.9
1548,2,large_vehicle,0.8237,1123.5,568.6,1216.1,638.6
1548,1,car,0.7802,566.2,735.9,721.8,832.6
1548,1,car,0.6359,558.0,489.5,648.6,541.4
1548,2,large_vehicle,0.2280,558.0,489.5,648.6,541.4
1549,1,car,0.8872,551.9,636.7,694.9,736.8
1549,2,large_vehicle,0.8270,1123.6,568.6,1216.0,638.6
1549,1,car,0.7783,566.2,735.8,721.8,832.3
1549,1,car,0.5773,558.0,489.3,648.5,541.4
1549,2,large_vehicle,0.2956,558.0,489.3,648.5,541.4
1550,1,car,0.8918,533.5,638.0,678.4,742.4
1550,1,car,0.7822,582.1,731.2,738.7,826.8
1550,2,large_vehicle,0.7512,1130.4,564.8,1225.4,635.9
1550,1,car,0.5654,559.9,489.3,648.9,541.4
1550,2,large_vehicle,0.2849,559.9,489.3,648.9,541.4
1550,2,large_vehicle,0.2720,953.0,420.0,1027.0,463.7
1550,1,car,0.1106,1130.4,564.8,1225.4,635.9
1550,1,car,0.1039,953.0,420.0,1027.0,463.7
1551,1,car,0.8926,533.6,637.9,678.4,742.4
1551,1,car,0.7832,581.9,731.2,739.6,826.7
1551,2,large_vehicle,0.7464,1130.4,564.8,1225.6,635.9
1551,1,car,0.6148,559.4,489.1,649.5,541.4
1551,2,large_vehicle,0.3148,953.0,420.1,1026.9,463.8
1551,2,large_vehicle,0.2131,559.4,489.1,649.5,541.4
1551,1,car,0.1165,953.0,420.1,1026.9,463.8
1551,1,car,0.1097,1130.4,564.8,1225.6,635.9
1552,1,car,0.8864,518.0,642.6,665.5,744.5
1552,1,car,0.7941,594.4,726.4,752.8,824.7
1552,2,large_vehicle,0.7086,1137.2,562.4,1228.3,632.2
1552,1,car,0.5237,559.8,489.2,648.9,541.4
1552,2,large_vehicle,0.3428,559.8,489.2,648.9,541.4
1552,2,large_vehicle,0.1446,953.6,419.7,1026.9,463.5
1552,1,car,0.1037,1137.2,562.4,1228.3,632.2
1553,1,car,0.8865,518.0,642.6,665.5,744.5
1553,1,car,0.7944,594.4,726.4,752.7,824.7
1553,2,large_vehicle,0.7056,1137.2,562.4,1228.3,632.2
1553,1,car,0.5235,559.9,489.1,648.9,541.4
1553,2,large_vehicle,0.3456,559.9,489.1,648.9,541.4
1553,2,large_vehicle,0.1448,953.6,419.7,1026.8,463.4
1553,1,car,0.1038,1137.2,562.4,1228.3,632.2
1554,1,car,0.8857,518.0,642.6,665.5,744.6
1554,1,car,0.7957,594.5,726.4,753.2,824.8
1554,2,large_vehicle,0.7223,1137.2,562.4,1228.3,632.2
1554,1,car,0.6005,559.4,489.2,648.9,541.4
1554,2,large_vehicle,0.2535,559.4,489.2,648.9,541.4
1554,2,large_vehicle,0.1218,953.6,419.3,1026.8,463.4
1554,1,car,0.1020,1137.2,562.4,1228.3,632.2
1555,1,car,0.8653,501.8,646.5,643.9,748.3
1555,2,large_vehicle,0.7621,1143.4,561.2,1234.5,629.9
1555,1,car,0.7383,610.8,724.0,774.8,823.4
1555,1,car,0.4744,559.7,489.5,648.3,541.7
1555,2,large_vehicle,0.3927,559.7,489.5,648.3,541.7
1555,2,large_vehicle,0.1285,954.9,419.1,1026.5,463.2
1556,1,car,0.8630,501.8,646.5,643.8,748.7
1556,2,large_vehicle,0.7668,1143.3,561.4,1233.8,629.9
1556,1,car,0.7465,610.8,723.9,774.7,823.1
1556,1,car,0.4750,559.9,489.5,648.4,541.7
1556,2,large_vehicle,0.3873,559.9,489.5,648.4,541.7
1556,2,large_vehicle,0.1448,954.9,419.0,1026.5,463.1
1557,1,car,0.8388,485.7,650.2,626.9,752.7
1557,1,car,0.8006,623.3,720.2,806.8,821.7
1557,2,large_vehicle,0.7776,1149.5,560.7,1234.6,626.2
1557,1,car,0.5565,559.4,489.9,648.2,541.1
1557,2,large_vehicle,0.3231,559.4,489.9,648.2,541.1
1557,2,large_vehicle,0.2028,955.0,419.6,1026.2,463.2
1558,1,car,0.8371,485.6,650.2,626.6,752.6
1558,1,car,0.8038,623.2,720.2,806.7,821.4
1558,2,large_vehicle,0.7746,1149.5,560.7,1234.7,626.2
1558,1,car,0.4739,559.9,489.7,648.2,541.1
1558,2,large_vehicle,0.4105,559.9,489.7,648.2,541.1
1558,2,large_vehicle,0.1763,955.2,419.9,1025.8,463.3
1559,1,car,0.8375,485.7,650.2,627.0,752.6
1559,1,car,0.8051,623.3,720.2,806.6,821.4
1559,2,large_vehicle,0.7767,1149.4,560.7,1234.7,626.2
1559,1,car,0.4781,559.8,489.7,648.2,541.1
1559,2,large_vehicle,0.4054,559.8,489.7,648.2,541.1
1559,2,large_vehicle,0.1487,955.1,419.8,1025.6,463.2
1560,1,car,0.8199,468.3,653.1,610.9,755.2
1560,2,large_vehicle,0.7887,1155.7,558.0,1237.6,622.8
1560,1,car,0.7692,637.9,717.0,795.3,817.5
1560,1,car,0.5652,558.7,489.3,648.8,541.0
1560,2,large_vehicle,0.3017,558.7,489.3,648.8,541.0
1560,2,large_vehicle,0.1475,953.8,420.1,1025.1,463.0
1561,1,car,0.8225,468.2,652.9,610.7,755.2
1561,2,large_vehicle,0.7914,1155.7,558.0,1237.5,622.8
1561,1,car,0.7817,637.9,716.7,794.3,816.2
1561,1,car,0.5654,558.7,489.3,648.8,541.0
1561,2,large_vehicle,0.3072,558.7,489.3,648.8,541.0
1561,1,car,0.1909,637.9,716.9,794.8,817.3
1561,2,large_vehicle,0.1005,953.8,419.7,1024.9,462.9
1562,1,car,0.7888,652.4,712.8,805.8,814.8
1562,2,large_vehicle,0.7802,1161.2,555.2,1246.7,620.2
1562,1,car,0.7486,453.5,655.7,596.1,756.4
1562,1,car,0.4522,561.9,489.7,648.8,541.3
1562,2,large_vehicle,0.4168,561.9,489.7,648.8,541.3
1562,2,large_vehicle,0.1041,453.5,655.7,596.1,756.4
1563,1,car,0.7905,652.3,712.9,805.8,814.8
1563,2,large_vehicle,0.7835,1161.2,555.2,1246.9,620.2
1563,1,car,0.7462,453.5,655.7,596.4,756.3
1563,1,car,0.4852,561.2,489.6,648.9,541.3
1563,2,large_vehicle,0.3832,561.2,489.6,648.9,541.3
1563,2,large_vehicle,0.1059,453.5,655.7,596.4,756.3
1564,1,car,0.7907,652.3,712.8,805.8,814.8
1564,2,large_vehicle,0.7808,1161.2,555.3,1246.6,620.2
1564,1,car,0.7503,453.5,655.6,595.7,756.4
1564,1,car,0.4820,561.6,489.6,648.7,541.3
1564,2,large_vehicle,0.3815,561.6,489.6,648.7,541.3
1564,2,large_vehicle,0.1066,453.5,655.6,595.7,756.4
1565,1,car,0.8369,436.8,658.4,585.7,758.1
1565,1,car,0.8011,667.3,709.6,817.9,808.9
1565,2,large_vehicle,0.6302,1167.1,551.3,1264.5,617.5
1565,1,car,0.4652,559.7,489.8,648.6,541.2
1565,2,large_vehicle,0.3842,559.7,489.8,648.6,541.2
1565,1,car,0.1570,1167.1,551.3,1264.5,617.5
1566,1,car,0.8660,421.5,661.5,560.1,762.4
1566,1,car,0.8305,681.8,706.1,832.5,803.1
1566,2,large_vehicle,0.6243,1172.9,551.2,1268.6,614.5
1566,1,car,0.4387,560.1,490.2,648.3,541.2
1566,2,large_vehicle,0.4248,560.1,490.2,648.3,541.2
1566,1,car,0.1441,1172.9,551.2,1268.6,614.5
1567,1,car,0.8675,421.5,661.5,559.7,762.4
1567,1,car,0.8342,681.9,706.1,832.7,803.2
1567,2,large_vehicle,0.6215,1172.8,551.2,1268.3,614.4
1567,2,large_vehicle,0.4917,560.2,490.0,648.4,541.2
1567,1,car,0.3617,560.2,490.0,648.4,541.2
1567,1,car,0.1498,1172.8,551.2,1268.3,614.4
1568,1,car,0.8665,421.5,661.5,560.2,762.4
1568,1,car,0.8344,681.9,706.1,832.7,803.2
1568,2,large_vehicle,0.6209,1172.9,551.2,1268.1,614.4
1568,2,large_vehicle,0.4793,560.2,490.1,648.4,541.2
1568,1,car,0.3732,560.2,490.1,648.4,541.2
1568,1,car,0.1509,1172.9,551.2,1268.1,614.4
1569,1,car,0.7856,696.0,700.4,845.9,804.2
1569,1,car,0.7274,407.4,665.6,544.9,763.1
1569,2,large_vehicle,0.4939,1178.4,549.8,1269.6,612.0
1569,2,large_vehicle,0.4397,557.4,489.4,648.9,541.0
1569,1,car,0.4074,557.4,489.4,648.9,541.0
1569,1,car,0.2972,1178.4,549.8,1269.6,612.0
1569,2,large_vehicle,0.1530,407.4,665.6,544.9,763.1
1570,1,car,0.7859,695.9,700.4,845.9,804.2
1570,1,car,0.7257,407.4,665.5,544.9,763.0
1570,2,large_vehicle,0.5354,1178.4,549.7,1268.1,612.0
1570,1,car,0.4482,557.3,489.8,649.0,541.1
1570,2,large_vehicle,0.4070,557.3,489.8,649.0,541.1
1570,1,car,0.2532,1178.4,549.7,1268.1,612.0
1570,2,large_vehicle,0.1557,407.4,665.5,544.9,763.0
1571,1,car,0.8441,708.3,699.9,858.2,800.7
1571,1,car,0.6616,391.8,669.0,525.2,767.0
1571,2,large_vehicle,0.6027,1183.6,547.8,1260.6,608.1
1571,1,car,0.4831,562.2,490.5,648.4,540.9
1571,2,large_vehicle,0.3902,562.2,490.5,648.4,540.9
1571,1,car,0.1976,1183.6,547.8,1260.6,608.1
1571,2,large_vehicle,0.1474,391.8,669.0,525.2,767.0
1571,2,large_vehicle,0.1224,0.0,725.5,74.9,832.2
1571,4,other_vehicle,0.1063,0.0,725.5,74.9,832.2
1572,1,car,0.8443,708.3,699.9,858.2,800.8
1572,1,car,0.6601,391.8,669.0,525.3,767.0
1572,2,large_vehicle,0.6083,1183.6,547.8,1260.6,608.1
1572,1,car,0.5616,562.8,490.7,648.4,540.9
1572,2,large_vehicle,0.3037,562.8,490.7,648.4,540.9
1572,1,car,0.1910,1183.6,547.8,1260.6,608.1
1572,2,large_vehicle,0.1505,391.8,669.0,525.3,767.0
1572,2,large_vehicle,0.1183,0.0,725.2,74.9,832.1
1573,1,car,0.8437,708.2,699.9,858.2,800.7
1573,1,car,0.6702,391.8,668.9,525.3,767.0
1573,2,large_vehicle,0.5943,1183.6,548.0,1260.5,608.1
1573,1,car,0.5164,562.9,490.4,648.3,541.0
1573,2,large_vehicle,0.3528,562.9,490.4,648.3,541.0
1573,1,car,0.2067,1183.6,548.0,1260.5,608.1
1573,2,large_vehicle,0.1465,391.8,668.9,525.3,767.0
1574,1,car,0.8398,721.4,695.8,870.4,797.2
1574,1,car,0.7575,375.8,671.1,509.3,766.1
1574,1,car,0.4700,559.6,489.7,648.3,541.3
1574,2,large_vehicle,0.3755,559.6,489.7,648.3,541.3
1574,2,large_vehicle,0.3367,1189.7,544.0,1265.1,605.3
1574,1,car,0.2365,1189.7,544.0,1265.1,605.3
1574,2,large_vehicle,0.1579,0.0,726.2,84.2,836.6
1574,4,other_vehicle,0.1190,0.0,726.2,84.2,836.6
1575,1,car,0.8387,721.4,695.8,870.2,797.2
1575,1,car,0.7592,375.8,671.1,509.4,766.1
1575,1,car,0.4761,558.5,489.4,648.3,541.4
1575,2,large_vehicle,0.3659,558.5,489.4,648.3,541.4
1575,2,large_vehicle,0.3621,1189.7,543.9,1265.2,605.4
1575,1,car,0.2377,1189.7,543.9,1265.2,605.4
1575,2,large_vehicle,0.1814,0.0,726.6,83.9,836.6
1575,4,other_vehicle,0.1381,0.0,726.6,83.9,836.6
1576,1,car,0.8067,361.0,674.1,493.2,768.1
1576,1,car,0.7571,736.2,691.3,882.4,793.1
1576,1,car,0.5226,560.8,490.1,648.2,541.0
1576,2,large_vehicle,0.5211,0.0,732.7,92.3,838.5
1576,2,large_vehicle,0.3587,560.8,490.1,648.2,541.0
1576,1,car,0.2024,1194.7,544.2,1268.5,602.4
1576,2,large_vehicle,0.1717,1194.5,543.9,1268.6,602.0
1576,1,car,0.1586,1194.5,543.9,1268.6,602.0
1576,2,large_vehicle,0.1278,1194.7,544.2,1268.5,602.4
1576,4,other_vehicle,0.1067,0.0,732.7,92.3,838.5
1576,2,large_vehicle,0.1029,736.2,691.3,882.4,793.1
1577,1,car,0.8072,361.0,674.1,493.2,768.1
1577,1,car,0.7580,736.2,691.3,882.4,793.1
1577,1,car,0.5300,560.7,490.1,648.2,541.0
1577,2,large_vehicle,0.5196,0.0,732.7,92.4,838.5
1577,2,large_vehicle,0.3487,560.7,490.1,648.2,541.0
1577,1,car,0.2018,1194.7,544.2,1268.5,602.4
1577,2,large_vehicle,0.1689,1194.5,543.9,1268.6,602.0
1577,1,car,0.1601,1194.5,543.9,1268.6,602.0
1577,2,large_vehicle,0.1249,1194.7,544.2,1268.5,602.4
1577,4,other_vehicle,0.1070,0.0,732.7,92.4,838.5
1577,2,large_vehicle,0.1003,736.2,691.3,882.4,793.1
1578,1,car,0.8067,361.0,674.1,493.1,768.1
1578,1,car,0.7586,736.2,691.3,882.4,793.1
1578,1,car,0.5540,560.8,490.1,648.3,541.0
1578,2,large_vehicle,0.5339,0.0,732.6,92.3,838.5
1578,2,large_vehicle,0.3153,560.8,490.1,648.3,541.0
1578,1,car,0.2142,1194.7,544.3,1268.4,602.4
1578,2,large_vehicle,0.1572,1194.5,543.9,1268.5,602.0
1578,1,car,0.1476,1194.5,543.9,1268.5,602.0
1578,2,large_vehicle,0.1299,1194.7,544.3,1268.4,602.4
1578,4,other_vehicle,0.1026,0.0,732.6,92.3,838.5
1578,2,large_vehicle,0.1007,736.2,691.3,882.4,793.1
1579,1,car,0.8318,748.1,687.0,895.1,787.3
1579,1,car,0.8070,346.5,675.4,477.7,774.0
1579,1,car,0.4780,563.1,489.8,648.7,540.7
1579,2,large_vehicle,0.3727,563.1,489.8,648.7,540.7
1579,1,car,0.3366,1199.4,539.9,1281.5,601.2
1579,4,other_vehicle,0.3061,0.1,736.4,97.7,841.4
1579,2,large_vehicle,0.2908,0.1,736.4,97.7,841.4
1580,1,car,0.8319,748.1,687.0,895.1,787.4
1580,1,car,0.8048,346.6,675.6,477.6,774.2
1580,1,car,0.4664,563.4,489.8,648.8,540.7
1580,2,large_vehicle,0.3787,563.4,489.8,648.8,540.7
1580,1,car,0.3720,1199.3,540.0,1281.7,601.4
1580,2,large_vehicle,0.3354,0.1,736.4,97.6,841.5
1580,4,other_vehicle,0.2701,0.1,736.4,97.6,841.5
1581,1,car,0.7939,762.5,684.8,906.4,777.4
1581,1,car,0.6342,334.2,678.4,461.2,775.4
1581,1,car,0.4984,564.5,489.8,648.4,540.5
1581,1,car,0.4751,1200.8,536.5,1286.8,598.3
1581,2,large_vehicle,0.3577,564.5,489.8,648.4,540.5
1581,2,large_vehicle,0.1336,334.2,678.4,461.2,775.4
1581,4,other_vehicle,0.1202,0.0,736.8,102.4,843.5
1582,1,car,0.7934,762.5,684.8,906.5,777.4
1582,1,car,0.6482,334.1,678.4,461.2,775.4
1582,1,car,0.5074,564.4,489.9,648.4,540.6
1582,1,car,0.4616,1201.2,535.5,1288.6,598.5
1582,2,large_vehicle,0.3495,564.4,489.9,648.4,540.6
1582,2,large_vehicle,0.1226,334.1,678.4,461.2,775.4
1582,4,other_vehicle,0.1178,0.0,736.8,102.4,843.4
1583,1,car,0.7947,762.5,684.8,906.4,777.5
1583,1,car,0.6471,334.2,678.4,461.2,775.4
1583,1,car,0.5198,564.3,489.9,648.4,540.6
1583,1,car,0.4649,1201.1,535.7,1287.7,598.5
1583,2,large_vehicle,0.3376,564.3,489.9,648.4,540.6
1583,4,other_vehicle,0.1297,0.0,736.8,102.4,843.5
1583,2,large_vehicle,0.1226,334.2,678.4,461.2,775.4
1584,1,car,0.7298,775.5,680.7,917.7,775.4
1584,1,car,0.6423,319.5,680.8,446.4,778.0
1584,2,large_vehicle,0.4419,561.6,489.7,648.2,541.0
1584,1,car,0.4168,561.6,489.7,648.2,541.0
1584,1,car,0.4084,1209.9,529.7,1300.6,595.3
1584,2,large_vehicle,0.1302,319.5,680.8,446.4,778.0
1584,2,large_vehicle,0.1042,775.5,680.7,917.7,775.4
1585,1,car,0.7337,775.5,680.7,917.7,775.4
1585,1,car,0.6499,319.5,680.8,446.5,778.1
1585,1,car,0.4302,561.4,489.9,648.2,541.0
1585,2,large_vehicle,0.4302,561.4,489.9,648.2,541.0
1585,1,car,0.4118,1210.0,529.1,1300.8,595.4
1585,2,large_vehicle,0.1269,319.5,680.8,446.5,778.1
1585,2,large_vehicle,0.1006,775.5,680.7,917.7,775.4
1586,1,car,0.7305,305.8,682.9,432.3,778.7
1586,1,car,0.5871,560.6,489.9,648.2,540.7
1586,1,car,0.5723,789.1,677.7,928.9,775.1
1586,1,car,0.4840,1215.4,527.8,1301.0,592.8
1586,2,large_vehicle,0.2801,1.5,737.0,114.9,846.3
1586,2,large_vehicle,0.2716,560.6,489.9,648.2,540.7
1586,0,person,0.2193,1194.6,514.1,1216.0,574.6
1586,2,large_vehicle,0.1533,789.1,677.7,928.9,775.1
1587,1,car,0.7265,305.7,682.9,432.2,778.7
1587,1,car,0.6222,560.8,490.2,648.2,540.7
1587,1,car,0.5836,789.1,677.8,928.8,774.9
1587,1,car,0.4974,1215.4,527.7,1301.3,592.7
1587,2,large_vehicle,0.2841,1.5,736.9,114.9,846.4
1587,2,large_vehicle,0.2352,560.8,490.2,648.2,540.7
1587,0,person,0.2209,1194.6,514.2,1216.0,574.6
1587,2,large_vehicle,0.1360,789.1,677.8,928.8,774.9
1588,1,car,0.7287,305.7,682.9,432.4,778.7
1588,1,car,0.6181,561.3,490.3,648.2,540.6
1588,1,car,0.5751,789.0,677.7,928.8,775.0
1588,1,car,0.4920,1215.4,527.8,1301.0,592.7
1588,2,large_vehicle,0.2662,1.4,737.1,114.9,846.3
1588,2,large_vehicle,0.2412,561.3,490.3,648.2,540.6
1588,0,person,0.2154,1194.6,514.2,1216.0,574.3
1588,2,large_vehicle,0.1601,789.0,677.7,928.8,775.0
1589,1,car,0.6615,801.2,674.1,941.0,772.8
1589,1,car,0.6111,562.1,489.5,648.6,540.7
1589,1,car,0.5020,294.1,685.6,417.7,779.4
1589,1,car,0.2762,1219.1,528.1,1286.8,590.6
1589,2,large_vehicle,0.2158,562.1,489.5,648.6,540.7
1589,2,large_vehicle,0.1845,6.5,737.5,121.7,848.4
1589,1,car,0.1225,1283.3,610.1,1342.0,687.3
1589,1,car,0.1179,950.7,419.5,1023.8,462.4
1589,0,person,0.1143,1194.1,512.1,1215.9,574.0
1589,2,large_vehicle,0.1092,801.2,674.1,941.0,772.8
1589,4,other_vehicle,0.1036,294.1,685.6,417.7,779.4
1590,1,car,0.7119,814.1,670.8,951.3,764.4
1590,1,car,0.5679,1223.0,530.2,1285.5,586.7
1590,1,car,0.5609,563.0,489.6,648.5,540.8
1590,1,car,0.5212,276.7,687.6,400.7,783.1
1590,2,large_vehicle,0.2816,13.0,737.7,129.0,847.6
1590,2,large_vehicle,0.2679,563.0,489.6,648.5,540.8
1590,2,large_vehicle,0.1945,276.7,687.6,400.7,783.1
1590,1,car,0.1164,1283.2,612.2,1342.0,686.9
1590,4,other_vehicle,0.1059,13.0,737.7,129.0,847.6
1591,1,car,0.7176,814.1,670.8,951.3,764.5
1591,1,car,0.5830,563.6,489.7,648.7,540.9
1591,1,car,0.5542,1223.0,530.2,1285.6,586.6
1591,1,car,0.5390,276.5,687.6,400.9,783.2
1591,2,large_vehicle,0.2862,13.0,737.7,128.9,847.5
1591,2,large_vehicle,0.2424,563.6,489.7,648.7,540.9
1591,2,large_vehicle,0.1861,276.5,687.6,400.9,783.2
1591,1,car,0.1586,1283.3,612.1,1342.0,686.6
1592,1,car,0.7156,814.1,670.8,951.3,764.4
1592,1,car,0.5754,563.5,489.7,648.6,540.8
1592,1,car,0.5675,1223.0,530.2,1285.3,586.6
1592,1,car,0.5266,276.2,687.6,400.7,783.2
1592,2,large_vehicle,0.3096,13.1,737.8,128.9,847.4
1592,2,large_vehicle,0.2493,563.5,489.7,648.6,540.8
1592,2,large_vehicle,0.1882,276.2,687.6,400.7,783.2
1592,1,car,0.1666,1283.2,612.0,1342.0,686.6
1592,4,other_vehicle,0.1024,13.1,737.8,128.9,847.4
1593,1,car,0.6665,826.2,667.7,964.0,757.9
1593,1,car,0.5345,1225.8,529.6,1290.5,585.5
1593,1,car,0.5183,563.2,489.7,648.5,541.0
1593,1,car,0.4503,268.1,690.0,389.0,780.0
1593,2,large_vehicle,0.4232,18.1,737.7,134.3,845.7
1593,2,large_vehicle,0.3013,563.2,489.7,648.5,541.0
1593,1,car,0.1798,1283.3,612.0,1342.0,686.4
1594,1,car,0.6653,826.1,667.7,964.1,758.0
1594,1,car,0.5327,1225.9,529.5,1290.3,585.5
1594,1,car,0.4555,562.8,489.5,648.5,540.9
1594,1,car,0.4471,268.0,689.9,389.0,780.1
1594,2,large_vehicle,0.4403,17.9,737.7,134.2,845.9
1594,2,large_vehicle,0.3638,562.8,489.5,648.5,540.9
1594,1,car,0.2322,1283.4,611.4,1342.0,686.6
1594,4,other_vehicle,0.1067,17.9,737.7,134.2,845.9
1594,2,large_vehicle,0.1011,826.1,667.7,964.1,758.0
1595,1,car,0.6705,560.5,490.1,648.7,541.0
1595,1,car,0.4447,837.2,664.3,978.1,757.8
1595,2,large_vehicle,0.3588,22.2,737.6,142.3,848.5
1595,1,car,0.3402,254.6,692.1,372.9,781.0
1595,1,car,0.3273,837.5,664.3,977.2,757.2
1595,0,person,0.1570,1194.2,513.0,1216.2,576.2
1595,2,large_vehicle,0.1540,560.5,490.1,648.7,541.0
1595,1,car,0.1085,1232.0,512.3,1333.5,584.1
1596,1,car,0.6763,560.2,490.0,648.8,540.9
1596,1,car,0.5849,837.2,664.5,978.7,758.0
1596,2,large_vehicle,0.3639,22.2,737.6,142.4,848.5
1596,1,car,0.3359,254.3,692.1,372.9,781.1
1596,0,person,0.1519,1194.3,513.0,1216.1,576.3
1596,2,large_vehicle,0.1481,560.2,490.0,648.8,540.9
1596,1,car,0.1216,1232.2,513.3,1333.5,584.1
1597,1,car,0.6583,560.0,489.8,648.8,540.8
1597,1,car,0.5298,837.4,664.4,977.2,757.4
1597,2,large_vehicle,0.3725,22.2,737.6,142.3,848.5
1597,1,car,0.3363,254.5,692.1,371.8,781.1
1597,2,large_vehicle,0.1677,560.0,489.8,648.8,540.8
1597,1,car,0.1234,837.1,664.4,978.1,758.0
1597,1,car,0.1157,1231.4,514.0,1333.1,584.1
1597,0,person,0.1008,1194.5,513.3,1216.1,575.9
1598,1,car,0.6200,560.5,489.7,648.4,540.6
1598,1,car,0.5673,245.6,693.0,357.8,781.1
1598,1,car,0.5477,851.1,658.3,993.7,751.9
1598,2,large_vehicle,0.4546,27.0,737.4,148.6,848.1
1598,2,large_vehicle,0.1806,560.5,489.7,648.4,540.6
1598,1,car,0.1258,949.1,419.8,1023.1,461.9
1598,1,car,0.1016,1237.0,511.0,1324.3,582.3
1599,1,car,0.6196,559.4,489.2,648.4,540.6
1599,1,car,0.5671,245.1,693.0,357.8,781.2
1599,1,car,0.5380,851.0,658.3,993.2,751.9
1599,2,large_vehicle,0.4371,27.0,737.5,148.6,848.1
1599,2,large_vehicle,0.1713,559.4,489.2,648.4,540.6
1599,1,car,0.1403,949.1,419.9,1022.9,462.0
1600,1,car,0.5877,862.8,654.2,1004.9,750.2
1600,1,car,0.5817,563.2,490.2,649.0,540.5
1600,1,car,0.3984,232.9,695.2,344.6,785.0
1600,2,large_vehicle,0.2371,563.2,490.2,649.0,540.5
1600,2,large_vehicle,0.1728,32.3,736.8,155.1,848.2
1601,1,car,0.5895,862.8,654.2,1004.9,750.2
1601,1,car,0.5783,563.2,490.2,649.0,540.5
1601,1,car,0.3986,232.9,695.2,344.6,785.0
1601,2,large_vehicle,0.2423,563.2,490.2,649.0,540.5
1601,2,large_vehicle,0.1742,32.3,736.8,155.1,848.1
1602,1,car,0.6148,563.3,490.3,648.9,540.6
1602,1,car,0.5884,862.9,654.1,1004.8,750.4
1602,1,car,0.3730,233.1,695.3,344.6,784.8
1602,2,large_vehicle,0.2044,563.3,490.3,648.9,540.6
1602,2,large_vehicle,0.1834,32.3,736.9,155.2,848.2
1603,2,large_vehicle,0.6623,37.2,735.8,163.8,850.5
1603,1,car,0.5582,874.7,652.3,1015.8,747.3
1603,1,car,0.5121,563.7,489.8,648.7,540.7
1603,1,car,0.3571,217.2,696.8,331.3,786.4
1603,2,large_vehicle,0.2478,563.7,489.8,648.7,540.7
1603,0,person,0.1258,1194.8,513.0,1215.8,575.6
1603,4,other_vehicle,0.1087,217.2,696.8,331.3,786.4
1604,2,large_vehicle,0.6860,37.1,735.8,163.9,850.7
1604,1,car,0.5456,874.7,652.1,1016.4,747.4
1604,1,car,0.5181,563.6,489.9,648.7,540.7
1604,1,car,0.3459,216.8,696.7,331.5,786.5
1604,2,large_vehicle,0.2456,563.6,489.9,648.7,540.7
1604,0,person,0.1289,1194.8,513.0,1215.9,575.7
1604,4,other_vehicle,0.1090,216.8,696.7,331.5,786.5
1605,2,large_vehicle,0.7069,42.2,735.1,171.1,851.2
1605,1,car,0.6819,561.3,489.9,648.5,540.5
1605,1,car,0.6629,886.8,649.2,1020.4,734.6
1605,1,car,0.3679,209.1,699.1,317.9,785.8
1605,4,other_vehicle,0.2218,209.1,699.1,317.9,785.8
1605,0,person,0.1860,1194.7,512.0,1216.4,575.2
1605,2,large_vehicle,0.1378,561.3,489.9,648.5,540.5
1606,2,large_vehicle,0.7186,42.2,735.0,171.0,851.3
1606,1,car,0.6644,560.3,489.4,648.5,540.5
1606,1,car,0.6630,886.8,649.2,1020.3,734.5
1606,1,car,0.3947,209.1,698.9,318.0,785.8
1606,0,person,0.2037,1194.5,511.9,1216.1,575.2
1606,4,other_vehicle,0.2027,209.1,698.9,318.0,785.8
1606,2,large_vehicle,0.1498,560.3,489.4,648.5,540.5
1607,2,large_vehicle,0.7123,42.1,734.9,171.0,851.3
1607,1,car,0.6614,886.8,649.2,1020.3,734.5
1607,1,car,0.6588,560.5,489.4,648.4,540.5
1607,1,car,0.4019,209.1,698.9,317.9,785.8
1607,0,person,0.1932,1194.5,511.9,1216.1,575.2
1607,4,other_vehicle,0.1926,209.1,698.9,317.9,785.8
1607,2,large_vehicle,0.1554,560.5,489.4,648.4,540.5
1608,2,large_vehicle,0.7206,46.7,735.0,177.7,852.1
1608,1,car,0.5713,898.4,647.0,1029.4,738.4
1608,1,car,0.4986,561.0,488.7,648.3,540.6
1608,1,car,0.3377,200.6,699.5,304.8,785.1
1608,2,large_vehicle,0.2965,561.0,488.7,648.3,540.6
1608,4,other_vehicle,0.2568,200.6,699.5,304.8,785.1
1608,1,car,0.1731,946.7,419.3,1023.3,462.7
1608,0,person,0.1492,1194.2,512.2,1215.9,575.7
1608,2,large_vehicle,0.1097,946.7,419.3,1023.3,462.7
1609,2,large_vehicle,0.7244,46.7,735.1,177.8,852.4
1609,1,car,0.5742,898.4,647.1,1029.1,738.5
1609,1,car,0.5057,560.8,488.7,648.4,540.6
1609,1,car,0.3380,200.9,699.5,304.7,785.2
1609,2,large_vehicle,0.2992,560.8,488.7,648.4,540.6
1609,4,other_vehicle,0.2518,200.9,699.5,304.7,785.2
1609,1,car,0.1593,944.1,417.2,1025.7,462.6
1609,0,person,0.1574,1194.3,512.1,1216.2,575.9
1609,1,car,0.1465,946.2,418.8,1023.0,462.6
1610,2,large_vehicle,0.6695,51.9,734.8,185.2,852.5
1610,1,car,0.5702,561.7,489.5,648.6,540.4
1610,1,car,0.4832,190.3,703.0,291.2,786.8
1610,1,car,0.3169,909.3,640.3,1034.1,729.7
1610,2,large_vehicle,0.2690,561.7,489.5,648.6,540.4
1610,0,person,0.1217,1194.1,511.1,1216.3,575.7
1611,2,large_vehicle,0.6757,51.9,734.9,185.4,852.5
1611,1,car,0.5545,562.0,489.7,648.5,540.3
1611,1,car,0.4698,190.2,703.1,291.2,786.8
1611,1,car,0.3166,909.3,640.3,1034.2,729.7
1611,2,large_vehicle,0.2882,562.0,489.7,648.5,540.3
1612,2,large_vehicle,0.6854,52.0,734.8,185.2,852.3
1612,1,car,0.5328,561.6,489.5,648.6,540.3
1612,1,car,0.4845,190.3,703.1,291.1,786.8
1612,1,car,0.3141,909.2,640.4,1034.1,729.8
1612,2,large_vehicle,0.3069,561.6,489.5,648.6,540.3
1612,0,person,0.1175,1193.9,511.1,1216.2,575.8
1613,2,large_vehicle,0.7964,56.9,735.6,192.5,851.9
1613,1,car,0.4591,918.4,638.1,1045.4,727.6
1613,2,large_vehicle,0.4194,561.3,489.2,648.7,540.6
1613,1,car,0.4001,561.3,489.2,648.7,540.6
1613,2,large_vehicle,0.2758,135.1,703.5,278.6,789.3
1613,4,other_vehicle,0.1648,135.1,703.5,278.6,789.3
1613,1,car,0.1530,135.1,703.5,278.6,789.3
1613,2,large_vehicle,0.1298,918.4,638.1,1045.4,727.6
1614,2,large_vehicle,0.6511,62.6,734.2,202.1,853.3
1614,1,car,0.4876,84.1,703.9,266.5,788.9
1614,1,car,0.4764,560.5,489.5,648.2,540.3
1614,1,car,0.3790,930.4,635.9,1055.6,727.2
1614,2,large_vehicle,0.3599,560.5,489.5,648.2,540.3
1614,2,large_vehicle,0.3415,930.4,635.9,1055.6,727.2
1614,2,large_vehicle,0.1713,84.1,703.9,266.5,788.9
1614,0,person,0.1286,1194.0,512.0,1216.3,576.0
1614,4,other_vehicle,0.1253,62.6,734.2,202.1,853.3
1615,2,large_vehicle,0.6456,62.6,734.1,202.1,853.3
1615,1,car,0.4869,83.6,703.9,266.4,788.8
1615,1,car,0.4558,560.6,489.5,648.3,540.3
1615,2,large_vehicle,0.3715,560.6,489.5,648.3,540.3
1615,1,car,0.3705,930.5,635.8,1055.2,727.1
1615,2,large_vehicle,0.3653,930.5,635.8,1055.2,727.1
1615,2,large_vehicle,0.1749,83.6,703.9,266.4,788.8
1615,0,person,0.1204,1194.1,512.0,1216.4,576.0
1615,4,other_vehicle,0.1106,62.6,734.1,202.1,853.3
1615,1,car,0.1062,949.5,420.2,1023.4,462.2
1616,2,large_vehicle,0.6308,62.6,734.1,202.1,853.3
1616,1,car,0.4886,84.0,703.9,266.4,788.8
1616,1,car,0.4203,560.4,489.4,648.2,540.3
1616,2,large_vehicle,0.4039,560.4,489.4,648.2,540.3
1616,1,car,0.3783,930.4,635.9,1055.2,727.2
1616,2,large_vehicle,0.3549,930.4,635.9,1055.2,727.2
1616,2,large_vehicle,0.1713,84.0,703.9,266.4,788.8
1616,0,person,0.1256,1194.1,512.0,1216.4,576.1
1616,1,car,0.1146,950.0,420.2,1023.3,462.2
1616,4,other_vehicle,0.1066,62.6,734.1,202.1,853.3
1617,2,large_vehicle,0.6267,68.7,734.2,210.6,854.2
1617,1,car,0.6000,941.7,632.5,1065.1,720.4
1617,1,car,0.5395,560.5,489.0,648.5,540.5
1617,2,large_vehicle,0.4035,74.9,705.9,256.7,790.8
1617,1,car,0.2858,74.9,705.9,256.7,790.8
1617,2,large_vehicle,0.2597,560.5,489.0,648.5,540.5
1618,2,large_vehicle,0.6159,68.6,734.2,210.7,854.0
1618,1,car,0.6021,941.7,632.5,1064.7,720.5
1618,1,car,0.5944,561.3,489.5,648.7,540.4
1618,2,large_vehicle,0.3904,74.8,705.9,256.6,790.7
1618,1,car,0.2950,74.8,705.9,256.6,790.7
1618,2,large_vehicle,0.2246,561.3,489.5,648.7,540.4
1619,2,large_vehicle,0.6860,76.5,707.4,243.2,793.2
1619,1,car,0.6450,560.2,490.1,648.6,540.2
1619,2,large_vehicle,0.5597,74.5,735.6,219.2,853.8
1619,1,car,0.3405,952.7,629.0,1076.0,717.3
1619,2,large_vehicle,0.2310,560.2,490.1,648.6,540.2
1619,1,car,0.1849,952.5,629.7,1076.4,717.5
1619,0,person,0.1179,1194.2,511.8,1216.1,576.0
1620,2,large_vehicle,0.6891,76.5,707.4,243.2,793.2
1620,1,car,0.6295,560.1,489.9,648.7,540.2
1620,2,large_vehicle,0.5668,74.5,735.7,219.4,853.8
1620,1,car,0.3764,952.5,629.8,1076.5,717.6
1620,2,large_vehicle,0.2439,560.1,489.9,648.7,540.2
1621,2,large_vehicle,0.6934,76.5,707.4,243.2,793.4
1621,1,car,0.6626,559.8,489.9,648.7,540.3
1621,2,large_vehicle,0.5635,74.5,735.4,219.2,853.6
1621,1,car,0.3738,952.5,629.9,1076.4,717.5
1621,2,large_vehicle,0.2070,559.8,489.9,648.7,540.3
1621,0,person,0.1080,1194.2,511.6,1216.2,576.2
1622,1,car,0.5251,561.7,489.5,648.6,540.6
1622,1,car,0.4509,962.6,627.2,1081.9,713.7
1622,2,large_vehicle,0.3074,561.7,489.5,648.6,540.6
1622,2,large_vehicle,0.2690,80.5,716.9,231.5,856.4
1622,4,other_vehicle,0.2458,80.5,716.9,231.5,856.4
1622,0,person,0.1544,1193.8,511.7,1216.3,576.2
1622,2,large_vehicle,0.1260,82.2,707.7,233.7,802.2
1623,1,car,0.5606,560.9,489.5,648.7,540.7
1623,1,car,0.4362,962.6,627.3,1081.9,713.7
1623,2,large_vehicle,0.2702,560.9,489.5,648.7,540.7
1623,2,large_vehicle,0.2603,80.6,715.1,231.6,856.4
1623,4,other_vehicle,0.2477,80.6,715.1,231.6,856.4
1623,0,person,0.1652,1193.7,511.4,1216.4,576.3
1623,2,large_vehicle,0.1153,82.2,707.7,233.7,803.9
1624,1,car,0.6396,559.4,489.4,648.5,540.6
1624,1,car,0.6113,971.6,624.9,1090.4,708.8
1624,2,large_vehicle,0.5347,87.9,724.1,237.5,854.8
1624,2,large_vehicle,0.1770,559.4,489.4,648.5,540.6
1624,0,person,0.1305,1194.0,512.0,1216.3,575.9
1625,1,car,0.6408,559.4,489.4,648.5,540.6
1625,1,car,0.6116,971.6,624.9,1090.5,708.8
1625,2,large_vehicle,0.5312,87.9,723.7,237.5,854.8
1625,2,large_vehicle,0.1767,559.4,489.4,648.5,540.6
1625,0,person,0.1416,1194.0,512.1,1216.3,575.9
1626,1,car,0.6279,559.1,489.4,648.5,540.5
1626,1,car,0.6206,971.6,625.1,1090.3,708.8
1626,2,large_vehicle,0.5367,87.9,724.0,237.8,854.8
1626,2,large_vehicle,0.1805,559.1,489.4,648.5,540.5
1626,0,person,0.1224,1194.2,512.3,1216.3,575.8
1627,1,car,0.6330,560.4,489.4,648.8,540.6
1627,1,car,0.6031,981.6,621.4,1098.7,705.2
1627,2,large_vehicle,0.5369,93.8,723.7,246.1,856.8
1627,2,large_vehicle,0.1743,560.4,489.4,648.8,540.6
1627,0,person,0.1501,1194.4,512.1,1216.3,576.0
1627,4,other_vehicle,0.1364,93.8,723.7,246.1,856.8
1627,1,car,0.1194,947.6,418.7,1023.3,462.4
1627,1,car,0.1097,95.4,712.5,213.9,797.3
1628,1,car,0.6403,560.6,489.5,648.8,540.6
1628,1,car,0.6089,981.6,621.5,1098.7,705.1
1628,2,large_vehicle,0.5797,93.8,723.9,246.1,856.4
1628,2,large_vehicle,0.1714,560.6,489.5,648.8,540.6
1628,0,person,0.1390,1194.4,512.1,1216.2,576.0
1628,1,car,0.1197,947.6,418.7,1023.3,462.4
1628,4,other_vehicle,0.1139,93.8,723.9,246.1,856.4
1628,1,car,0.1014,95.3,712.6,214.7,797.9
1629,1,car,0.6280,559.3,489.2,649.1,540.6
1629,2,large_vehicle,0.5419,99.8,720.6,255.3,857.9
1629,1,car,0.5282,990.1,618.6,1107.1,702.7
1629,2,large_vehicle,0.2266,990.1,618.6,1107.1,702.7
1629,2,large_vehicle,0.2033,559.3,489.2,649.1,540.6
1629,0,person,0.1625,1194.4,512.2,1216.1,575.9
1629,4,other_vehicle,0.1458,99.8,720.6,255.3,857.9
1629,1,car,0.1268,947.5,418.8,1023.6,462.4
1629,2,large_vehicle,0.1177,947.5,418.8,1023.6,462.4
1630,1,car,0.6123,558.9,489.1,649.2,540.7
1630,2,large_vehicle,0.5303,99.8,720.4,255.3,858.7
1630,1,car,0.5243,990.1,618.6,1107.2,702.7
1630,2,large_vehicle,0.2320,990.1,618.6,1107.2,702.7
1630,2,large_vehicle,0.2234,558.9,489.1,649.2,540.7
1630,4,other_vehicle,0.1542,99.8,720.4,255.3,858.7
1630,0,person,0.1287,1194.4,512.3,1216.3,575.8
1630,1,car,0.1284,947.6,418.9,1023.8,462.4
1630,2,large_vehicle,0.1171,947.6,418.9,1023.8,462.4
1631,1,car,0.6130,558.9,489.2,649.2,540.7
1631,2,large_vehicle,0.5292,99.8,720.4,255.3,858.7
1631,1,car,0.5265,990.1,618.6,1107.1,702.7
1631,2,large_vehicle,0.2297,990.1,618.6,1107.1,702.7
1631,2,large_vehicle,0.2230,558.9,489.2,649.2,540.7
1631,4,other_vehicle,0.1511,99.8,720.4,255.3,858.7
1631,1,car,0.1404,947.4,418.9,1023.9,462.4
1631,0,person,0.1286,1194.3,512.3,1216.3,575.9
1631,2,large_vehicle,0.1213,947.4,418.9,1023.9,462.4
1632,1,car,0.6151,560.1,488.9,649.0,540.9
1632,2,large_vehicle,0.5776,107.8,717.1,264.8,858.5
1632,1,car,0.5336,1000.3,617.1,1113.1,700.3
1632,2,large_vehicle,0.1718,560.1,488.9,649.0,540.9
1632,2,large_vehicle,0.1331,1000.3,617.1,1113.1,700.3
1633,2,large_vehicle,0.5907,107.8,717.9,264.9,858.0
1633,1,car,0.5855,560.8,489.1,649.3,540.8
1633,1,car,0.5320,1000.3,617.1,1113.1,700.1
1633,2,large_vehicle,0.1826,560.8,489.1,649.3,540.8
1633,2,large_vehicle,0.1363,1000.3,617.1,1113.1,700.1
1634,1,car,0.5995,559.1,488.9,648.8,540.6
1634,1,car,0.4560,1009.4,614.4,1121.7,695.4
1634,2,large_vehicle,0.4519,106.6,721.6,274.7,856.7
1634,2,large_vehicle,0.2022,559.1,488.9,648.8,540.6
1634,1,car,0.1107,106.6,721.6,274.7,856.7
1635,1,car,0.5836,559.0,488.9,648.8,540.6
1635,1,car,0.4667,1009.4,614.4,1121.7,695.4
1635,2,large_vehicle,0.4604,106.6,721.3,274.3,856.4
1635,2,large_vehicle,0.1977,559.0,488.9,648.8,540.6
1635,0,person,0.1651,1195.1,521.6,1215.1,576.5
1635,1,car,0.1016,948.7,418.5,1024.6,462.5
1635,1,car,0.1000,106.6,721.3,274.3,856.4
1636,1,car,0.5990,559.2,489.1,648.8,540.6
1636,2,large_vehicle,0.4644,106.6,721.3,274.6,856.5
1636,1,car,0.4613,1009.4,614.6,1121.7,695.4
1636,2,large_vehicle,0.1908,559.2,489.1,648.8,540.6
1636,1,car,0.1071,106.6,721.3,274.6,856.5
1637,1,car,0.6182,560.0,488.8,649.2,540.7
1637,2,large_vehicle,0.6062,96.7,718.4,283.7,856.5
1637,1,car,0.4974,1017.2,610.8,1128.0,693.9
1637,2,large_vehicle,0.2634,1017.2,610.8,1128.0,693.9
1637,1,car,0.2396,942.6,416.7,1025.6,462.9
1637,1,car,0.2039,944.9,417.8,1024.5,462.7
1637,2,large_vehicle,0.1611,560.0,488.8,649.2,540.7
1637,2,large_vehicle,0.1178,942.6,416.7,1025.6,462.9
1637,1,car,0.1057,96.7,718.4,283.7,856.5
1637,2,large_vehicle,0.1000,944.9,417.8,1024.5,462.7
1638,1,car,0.7500,560.4,489.4,649.2,540.7
1638,2,large_vehicle,0.5995,87.0,718.4,294.1,859.5
1638,1,car,0.4073,1026.7,606.2,1133.2,689.5
1638,1,car,0.2158,946.5,417.8,1024.9,462.8
1638,2,large_vehicle,0.1712,946.5,417.8,1024.9,462.8
1638,1,car,0.1563,87.0,718.4,294.1,859.5
1638,2,large_vehicle,0.1466,1026.7,606.2,1133.2,689.5
1638,0,person,0.1016,1194.2,512.2,1216.6,576.3
1639,1,car,0.7820,560.1,489.6,649.2,540.8
1639,2,large_vehicle,0.6127,86.9,718.4,294.2,859.6
1639,1,car,0.4014,1026.8,606.1,1133.0,689.5
1639,1,car,0.1752,945.6,418.1,1024.2,462.8
1639,1,car,0.1565,86.9,718.4,294.2,859.6
1639,2,large_vehicle,0.1215,1026.8,606.1,1133.0,689.5
1640,1,car,0.7759,559.8,489.4,649.2,540.8
1640,2,large_vehicle,0.6207,86.9,718.4,294.2,859.5
1640,1,car,0.4005,1026.8,606.1,1133.1,689.5
1640,1,car,0.1672,945.6,418.1,1024.2,462.8
1640,1,car,0.1455,86.9,718.4,294.2,859.5
1640,1,car,0.1287,942.9,417.3,1025.6,462.8
1640,2,large_vehicle,0.1239,1026.8,606.1,1133.1,689.5
1641,1,car,0.6293,561.6,489.4,648.9,540.9
1641,2,large_vehicle,0.5450,75.5,719.9,305.8,857.8
1641,2,large_vehicle,0.3533,1035.4,604.9,1139.6,685.1
1641,1,car,0.2715,81.6,718.3,284.8,798.7
1641,1,car,0.2557,1035.4,604.9,1139.6,685.1
1641,2,large_vehicle,0.1733,81.6,718.3,284.8,798.7
1641,2,large_vehicle,0.1455,561.6,489.4,648.9,540.9
1642,1,car,0.6128,561.7,489.6,649.0,540.9
1642,2,large_vehicle,0.5736,75.6,719.5,305.6,857.7
1642,2,large_vehicle,0.3533,1035.4,604.9,1139.6,685.0
1642,1,car,0.2377,1035.4,604.9,1139.6,685.0
1642,1,car,0.2294,81.6,718.3,285.1,798.9
1642,2,large_vehicle,0.2061,81.6,718.3,285.1,798.9
1642,2,large_vehicle,0.1544,561.7,489.6,649.0,540.9
1642,1,car,0.1313,950.0,418.7,1024.4,462.7
1643,1,car,0.5737,561.6,489.2,648.6,540.5
1643,2,large_vehicle,0.5305,74.4,710.4,272.2,794.6
1643,2,large_vehicle,0.3621,1044.6,602.3,1147.3,682.4
1643,1,car,0.2865,1044.6,602.3,1147.3,682.4
1643,2,large_vehicle,0.2118,132.6,723.2,316.8,858.3
1643,2,large_vehicle,0.1864,561.6,489.2,648.6,540.5
1643,1,car,0.1159,950.4,418.7,1024.4,462.8
1643,2,large_vehicle,0.1126,28.1,717.0,313.4,876.1
1644,1,car,0.5346,561.8,489.1,648.6,540.5
1644,2,large_vehicle,0.5125,74.3,710.5,270.4,794.5
1644,2,large_vehicle,0.3570,1044.6,602.4,1147.3,682.4
1644,1,car,0.2852,1044.6,602.4,1147.3,682.4
1644,2,large_vehicle,0.2402,134.0,723.5,316.7,858.2
1644,2,large_vehicle,0.1946,561.8,489.1,648.6,540.5
1644,1,car,0.1149,950.1,418.4,1024.6,462.8
1644,2,large_vehicle,0.1138,27.5,717.0,313.3,875.1
1644,2,large_vehicle,0.1084,45.4,714.1,313.7,860.3
1645,1,car,0.5576,561.1,488.9,648.6,540.5
1645,2,large_vehicle,0.5310,74.3,710.4,272.0,794.5
1645,2,large_vehicle,0.3643,1044.6,602.3,1147.3,682.3
1645,1,car,0.2807,1044.6,602.3,1147.3,682.3
1645,2,large_vehicle,0.2391,134.5,723.4,316.8,858.5
1645,2,large_vehicle,0.1900,561.1,488.9,648.6,540.5
1645,1,car,0.1602,950.3,418.5,1024.5,462.9
1645,2,large_vehicle,0.1309,27.9,716.8,313.4,876.1
1645,2,large_vehicle,0.1100,950.3,418.5,1024.5,462.9
1646,2,large_vehicle,0.7472,152.1,723.7,327.8,865.3
1646,1,car,0.6144,562.8,489.0,648.8,540.6
1646,2,large_vehicle,0.4117,1051.6,599.6,1153.1,679.2
1646,1,car,0.3646,1051.6,599.6,1153.1,679.2
1646,4,other_vehicle,0.2668,65.4,717.9,136.2,790.2
1646,1,car,0.2345,949.7,418.3,1024.5,462.9
1646,2,large_vehicle,0.1511,562.8,489.0,648.8,540.6
1646,2,large_vehicle,0.1360,949.7,418.3,1024.5,462.9
1646,3,motorcycle,0.1047,65.4,717.9,136.2,790.2
1647,2,large_vehicle,0.7467,152.1,723.6,327.9,865.6
1647,1,car,0.5941,562.7,488.7,648.6,540.7
1647,2,large_vehicle,0.4205,1051.6,599.6,1152.9,679.2
1647,1,car,0.3593,1051.6,599.6,1152.9,679.2
1647,4,other_vehicle,0.2651,65.4,717.8,136.1,790.1
1647,1,car,0.1925,950.1,418.3,1024.2,462.8
1647,2,large_vehicle,0.1584,562.7,488.7,648.6,540.7
1647,2,large_vehicle,0.1129,950.1,418.3,1024.2,462.8
1647,3,motorcycle,0.1042,65.4,717.8,136.1,790.1
1648,2,large_vehicle,0.8017,160.9,723.3,340.2,871.6
1648,1,car,0.6529,561.8,489.4,648.7,540.6
1648,2,large_vehicle,0.3950,1059.7,597.4,1158.4,676.6
1648,1,car,0.1889,1059.7,597.4,1158.4,676.6
1648,1,car,0.1712,949.9,418.1,1024.6,462.6
1648,2,large_vehicle,0.1645,561.8,489.4,648.7,540.6
1648,2,large_vehicle,0.1463,949.9,418.1,1024.6,462.6
1649,2,large_vehicle,0.8018,160.9,723.3,340.2,871.6
1649,1,car,0.6505,561.8,489.3,648.7,540.6
1649,2,large_vehicle,0.3943,1059.7,597.4,1158.4,676.7
1649,1,car,0.1889,1059.7,597.4,1158.4,676.7
1649,1,car,0.1785,950.2,418.2,1024.6,462.6
1649,2,large_vehicle,0.1661,561.8,489.3,648.7,540.6
1649,2,large_vehicle,0.1491,950.2,418.2,1024.6,462.6
1650,2,large_vehicle,0.8007,160.9,723.3,340.2,871.6
1650,1,car,0.6734,561.9,489.4,648.8,540.6
1650,2,large_vehicle,0.3953,1059.7,597.4,1158.4,676.6
1650,1,car,0.1962,1059.7,597.4,1158.4,676.6
1650,1,car,0.1788,949.9,418.2,1024.6,462.6
1650,2,large_vehicle,0.1455,949.9,418.2,1024.6,462.6
1650,2,large_vehicle,0.1454,561.9,489.4,648.8,540.6
1651,2,large_vehicle,0.6904,172.3,722.6,350.2,864.9
1651,1,car,0.6266,562.7,489.5,648.7,540.7
1651,1,car,0.3243,1068.1,593.5,1164.2,671.7
1651,2,large_vehicle,0.2161,1068.1,593.5,1164.2,671.7
1651,2,large_vehicle,0.1446,562.7,489.5,648.7,540.7
1651,4,other_vehicle,0.1365,53.6,719.8,121.9,789.2
1651,1,car,0.1061,951.9,418.6,1024.0,462.5
1652,2,large_vehicle,0.6844,172.0,722.7,350.2,865.0
1652,1,car,0.6230,562.9,489.5,648.7,540.7
1652,1,car,0.3311,1068.1,593.8,1164.2,671.7
1652,2,large_vehicle,0.2275,1068.1,593.8,1164.2,671.7
1652,2,large_vehicle,0.1420,562.9,489.5,648.7,540.7
1652,4,other_vehicle,0.1227,53.6,719.8,122.0,789.2
1652,1,car,0.1035,952.0,418.6,1024.1,462.5
1653,2,large_vehicle,0.7733,179.3,721.8,362.0,869.5
1653,1,car,0.5577,562.0,488.9,648.8,540.7
1653,1,car,0.3901,1074.8,592.3,1171.3,669.9
1653,2,large_vehicle,0.2672,1074.8,592.3,1171.3,669.9
1653,4,other_vehicle,0.2132,46.7,720.3,116.4,789.8
1653,1,car,0.1648,46.7,720.3,116.4,789.8
1653,2,large_vehicle,0.1514,562.0,488.9,648.8,540.7
1654,2,large_vehicle,0.7738,179.4,721.8,362.1,869.4
1654,1,car,0.5247,561.9,488.6,648.7,540.6
1654,1,car,0.3892,1074.8,592.4,1171.3,669.9
1654,2,large_vehicle,0.2806,1074.8,592.4,1171.3,669.9
1654,4,other_vehicle,0.2127,46.6,720.3,116.5,789.7
1654,2,large_vehicle,0.1791,561.9,488.6,648.7,540.6
1654,1,car,0.1697,46.6,720.3,116.5,789.7
1655,2,large_vehicle,0.7723,179.4,721.8,362.1,869.4
1655,1,car,0.5053,562.0,488.4,648.7,540.6
1655,1,car,0.3827,1074.8,592.4,1171.3,669.9
1655,2,large_vehicle,0.2829,1074.8,592.4,1171.3,669.9
1655,4,other_vehicle,0.2108,46.6,720.3,116.5,789.8
1655,2,large_vehicle,0.1828,562.0,488.4,648.7,540.6
1655,1,car,0.1639,46.6,720.3,116.5,789.8
1656,4,other_vehicle,0.7009,40.2,720.9,107.5,789.0
1656,2,large_vehicle,0.6347,189.5,720.5,370.9,871.4
1656,1,car,0.4965,560.4,488.0,649.0,540.3
1656,2,large_vehicle,0.2299,560.4,488.0,649.0,540.3
1656,2,large_vehicle,0.1815,1083.5,589.2,1176.9,666.0
1656,0,person,0.1153,50.8,729.2,76.9,765.3
1656,0,person,0.1070,1195.3,522.4,1214.7,576.1
1657,4,other_vehicle,0.6967,40.2,720.8,107.6,789.2
1657,2,large_vehicle,0.6346,189.6,720.5,370.8,871.5
1657,1,car,0.5267,560.2,488.1,649.2,540.3
1657,2,large_vehicle,0.2166,560.2,488.1,649.2,540.3
1657,2,large_vehicle,0.2070,1083.4,589.1,1176.9,666.1
1657,0,person,0.1201,50.6,729.1,77.1,765.5
1658,2,large_vehicle,0.7636,196.7,718.8,385.9,872.3
1658,1,car,0.6360,560.3,488.7,649.0,540.6
1658,2,large_vehicle,0.1779,560.3,488.7,649.0,540.6
1658,1,car,0.1562,950.5,418.7,1024.7,462.7
1658,2,large_vehicle,0.1547,950.5,418.7,1024.7,462.7
1659,2,large_vehicle,0.7684,196.6,718.8,386.2,872.3
1659,1,car,0.6296,560.7,488.7,648.9,540.5
1659,2,large_vehicle,0.1991,560.7,488.7,648.9,540.5
1659,2,large_vehicle,0.1627,950.1,418.6,1024.6,462.7
1659,1,car,0.1403,950.1,418.6,1024.6,462.7
1660,2,large_vehicle,0.7606,196.7,718.9,386.0,872.2
1660,1,car,0.6922,560.8,489.1,648.9,540.5
1660,1,car,0.1398,950.1,418.7,1024.7,462.7
1660,2,large_vehicle,0.1369,560.8,489.1,648.9,540.5
1660,2,large_vehicle,0.1314,950.1,418.7,1024.7,462.7
1661,2,large_vehicle,0.6760,1096.6,584.4,1189.4,660.2
1661,2,large_vehicle,0.6509,206.6,718.1,398.0,873.8
1661,1,car,0.5074,561.0,488.2,649.2,540.9
1661,4,other_vehicle,0.3597,31.1,721.1,94.9,789.4
1661,2,large_vehicle,0.2263,561.0,488.2,649.2,540.9
1661,0,person,0.1273,507.6,487.0,525.8,533.9
1661,2,large_vehicle,0.1224,951.8,419.1,1025.1,462.7
1662,1,car,0.6090,561.1,488.8,648.8,540.6
1662,4,other_vehicle,0.4559,26.7,721.8,89.6,788.6
1662,2,large_vehicle,0.2914,214.3,723.9,410.2,873.4
1662,2,large_vehicle,0.2640,213.8,717.5,409.3,873.7
1662,2,large_vehicle,0.2225,1103.6,582.1,1193.7,655.6
1662,1,car,0.2174,1103.6,582.1,1193.7,655.6
1662,2,large_vehicle,0.1575,561.1,488.8,648.8,540.6
1662,1,car,0.1550,213.8,718.0,396.2,794.8
1663,1,car,0.6181,561.6,488.7,648.9,540.6
1663,4,other_vehicle,0.4322,26.7,721.9,89.7,788.6
1663,2,large_vehicle,0.3364,214.4,725.4,410.2,873.4
1663,1,car,0.2333,1103.5,582.1,1193.5,655.4
1663,2,large_vehicle,0.2100,1103.5,582.1,1193.5,655.4
1663,1,car,0.1638,213.7,717.9,396.0,794.7
1663,2,large_vehicle,0.1521,561.6,488.7,648.9,540.6
1663,1,car,0.1346,949.3,419.2,1024.3,462.8
1664,1,car,0.6256,561.5,488.7,648.9,540.6
1664,4,other_vehicle,0.4591,26.7,721.9,89.7,788.6
1664,2,large_vehicle,0.3344,214.4,725.4,410.2,873.4
1664,1,car,0.2262,1103.6,582.0,1193.6,655.5
1664,2,large_vehicle,0.2058,1103.6,582.0,1193.6,655.5
1664,1,car,0.1624,213.7,717.9,395.9,794.7
1664,2,large_vehicle,0.1476,561.5,488.7,648.9,540.6
1664,1,car,0.1223,949.5,419.3,1024.3,462.8
1665,4,other_vehicle,0.7291,22.1,721.4,81.1,789.4
1665,2,large_vehicle,0.5445,224.1,715.8,420.9,873.1
1665,1,car,0.5007,561.2,487.8,649.0,540.5
1665,1,car,0.1965,950.1,419.2,1024.3,462.8
1665,2,large_vehicle,0.1958,1110.4,579.5,1197.5,653.5
1665,2,large_vehicle,0.1928,561.2,487.8,649.0,540.5
1665,2,large_vehicle,0.1373,950.1,419.2,1024.3,462.8
1665,1,car,0.1146,1110.4,579.5,1197.5,653.5
1666,4,other_vehicle,0.7547,22.0,721.5,80.4,789.3
1666,2,large_vehicle,0.5538,224.0,715.8,420.9,873.3
1666,1,car,0.4924,561.0,487.8,649.2,540.6
1666,2,large_vehicle,0.2179,561.0,487.8,649.2,540.6
1666,2,large_vehicle,0.1953,1110.4,579.4,1197.5,653.6
1666,1,car,0.1642,950.7,419.3,1024.4,462.7
1666,2,large_vehicle,0.1446,950.7,419.3,1024.4,462.7
1666,1,car,0.1132,1110.4,579.4,1197.5,653.6
1667,2,large_vehicle,0.7276,233.3,714.5,433.6,872.8
1667,1,car,0.6109,559.8,487.6,649.3,540.8
1667,2,large_vehicle,0.4214,1116.7,575.6,1202.6,651.2
1667,4,other_vehicle,0.2738,15.4,720.6,72.2,789.2
1667,1,car,0.2580,949.9,418.7,1024.5,462.8
1667,2,large_vehicle,0.1762,559.8,487.6,649.3,540.8
1667,2,large_vehicle,0.1682,949.9,418.7,1024.5,462.8
1667,1,car,0.1383,1116.7,575.6,1202.6,651.2
1667,1,car,0.1321,233.3,714.5,433.6,872.8
1667,0,person,0.1137,507.1,488.2,525.4,540.8
1668,2,large_vehicle,0.7248,233.4,714.6,433.6,872.7
1668,1,car,0.6327,560.0,487.9,649.3,540.8
1668,2,large_vehicle,0.4395,1116.8,575.7,1202.6,651.3
1668,4,other_vehicle,0.2833,15.5,720.7,72.3,789.3
1668,1,car,0.2418,950.1,418.8,1024.7,462.8
1668,2,large_vehicle,0.1809,950.1,418.8,1024.7,462.8
1668,2,large_vehicle,0.1716,560.0,487.9,649.3,540.8
1668,1,car,0.1391,1116.8,575.7,1202.6,651.3
1668,1,car,0.1349,233.4,714.6,433.6,872.7
1668,0,person,0.1078,507.2,488.2,525.4,540.9
1669,2,large_vehicle,0.7274,233.5,714.6,433.6,872.7
1669,1,car,0.6554,560.1,488.2,649.8,540.8
1669,2,large_vehicle,0.4277,1116.7,575.6,1202.6,651.2
1669,4,other_vehicle,0.2605,15.8,720.7,72.2,789.2
1669,2,large_vehicle,0.1776,950.6,418.6,1024.8,462.8
1669,1,car,0.1742,950.6,418.6,1024.8,462.8
1669,2,large_vehicle,0.1468,560.1,488.2,649.8,540.8
1669,1,car,0.1403,1116.7,575.6,1202.6,651.2
1669,1,car,0.1319,233.5,714.6,433.6,872.7
1669,0,person,0.1034,507.2,488.2,525.5,541.0
1670,2,large_vehicle,0.7662,246.1,711.9,447.7,872.7
1670,1,car,0.5444,560.5,487.8,649.8,540.7
1670,1,car,0.3213,1123.1,574.4,1207.5,648.2
1670,2,large_vehicle,0.2816,1123.1,574.4,1207.5,648.2
1670,4,other_vehicle,0.2184,10.6,719.3,68.5,789.0
1670,2,large_vehicle,0.1777,560.5,487.8,649.8,540.7
1670,2,large_vehicle,0.1210,951.5,418.5,1024.8,462.8
1670,1,car,0.1154,951.5,418.5,1024.8,462.8
1671,2,large_vehicle,0.7639,246.3,712.0,447.6,872.7
1671,1,car,0.5924,559.9,487.5,650.0,540.7
1671,1,car,0.3238,1123.1,574.5,1207.5,648.2
1671,2,large_vehicle,0.2887,1123.1,574.5,1207.5,648.2
1671,4,other_vehicle,0.1916,10.7,719.4,68.3,789.0
1671,2,large_vehicle,0.1327,559.9,487.5,650.0,540.7
1672,2,large_vehicle,0.7600,256.7,710.8,464.6,872.4
1672,1,car,0.5591,562.6,488.5,649.5,540.6
1672,1,car,0.3263,1129.4,573.1,1212.6,645.6
1672,2,large_vehicle,0.1982,562.6,488.5,649.5,540.6
1672,1,car,0.1919,0.1,719.3,62.3,788.2
1672,4,other_vehicle,0.1756,0.1,719.3,62.3,788.2
1672,4,other_vehicle,0.1676,2.6,719.5,61.8,787.9
1672,2,large_vehicle,0.1621,1129.4,573.1,1212.6,645.6
1672,2,large_vehicle,0.1362,952.6,418.8,1024.7,462.9
1672,2,large_vehicle,0.1354,0.1,719.3,62.3,788.2
1672,1,car,0.1274,952.6,418.8,1024.7,462.9
1673,2,large_vehicle,0.7596,256.7,710.8,464.6,872.4
1673,1,car,0.5651,562.6,488.5,649.5,540.6
1673,1,car,0.3242,1129.4,573.1,1212.6,645.6
1673,2,large_vehicle,0.1942,562.6,488.5,649.5,540.6
1673,1,car,0.1940,0.1,719.3,62.3,788.1
1673,4,other_vehicle,0.1748,0.1,719.3,62.3,788.1
1673,4,other_vehicle,0.1718,2.6,719.5,61.8,787.9
1673,2,large_vehicle,0.1578,1129.4,573.1,1212.6,645.6
1673,2,large_vehicle,0.1385,952.6,418.7,1024.7,462.9
1673,2,large_vehicle,0.1342,0.1,719.3,62.3,788.1
1673,1,car,0.1212,952.6,418.7,1024.7,462.9
1674,2,large_vehicle,0.7545,256.7,710.9,464.2,872.4
1674,1,car,0.4883,561.5,488.0,649.4,540.6
1674,1,car,0.3570,1129.3,573.1,1212.6,645.6
1674,2,large_vehicle,0.2377,561.5,488.0,649.4,540.6
1674,1,car,0.1965,0.1,719.3,62.3,788.2
1674,4,other_vehicle,0.1813,2.8,719.4,61.9,787.9
1674,4,other_vehicle,0.1747,0.1,719.3,62.3,788.2
1674,2,large_vehicle,0.1542,1129.3,573.1,1212.6,645.6
1674,2,large_vehicle,0.1263,0.1,719.3,62.3,788.2
1674,1,car,0.1191,952.7,418.7,1024.7,462.8
1674,2,large_vehicle,0.1108,952.7,418.7,1024.7,462.8
1675,2,large_vehicle,0.6638,267.1,708.8,476.0,872.0
1675,1,car,0.5861,558.7,487.5,649.3,540.5
1675,1,car,0.2009,267.1,708.8,476.0,872.0
1675,1,car,0.1733,950.2,418.4,1025.1,462.9
1675,2,large_vehicle,0.1455,558.7,487.5,649.3,540.5
1676,2,large_vehicle,0.7079,267.0,708.7,476.1,872.1
1676,1,car,0.5908,558.7,487.6,649.2,540.5
1676,1,car,0.1693,950.2,418.3,1025.2,462.9
1676,1,car,0.1493,267.0,708.7,476.1,872.1
1676,2,large_vehicle,0.1471,558.7,487.6,649.2,540.5
1676,1,car,0.1297,0.0,714.6,56.2,791.8
1676,2,large_vehicle,0.1011,950.2,418.3,1025.2,462.9
1677,1,car,0.6542,558.0,487.7,649.3,540.4
1677,2,large_vehicle,0.5841,277.8,708.8,487.8,871.9
1677,1,car,0.2087,277.8,708.8,487.8,871.9
1677,1,car,0.1622,950.8,418.7,1025.4,462.8
1677,2,large_vehicle,0.1547,558.0,487.7,649.3,540.4
1677,2,large_vehicle,0.1301,950.8,418.7,1025.4,462.8
1678,1,car,0.7051,557.3,487.8,649.4,540.5
1678,2,large_vehicle,0.5621,277.8,708.7,487.9,871.9
1678,1,car,0.2281,277.8,708.7,487.9,871.9
1678,1,car,0.1231,951.4,418.4,1025.1,462.8
1679,1,car,0.7098,557.1,487.7,649.4,540.5
1679,2,large_vehicle,0.5619,277.8,708.7,488.0,871.9
1679,1,car,0.2287,277.8,708.7,488.0,871.9
1679,1,car,0.1162,952.0,418.5,1025.1,462.8
1679,1,car,0.1031,1141.9,549.1,1275.7,640.0
1680,2,large_vehicle,0.6573,287.3,703.7,500.2,870.5
1680,1,car,0.6125,561.2,487.9,649.8,540.6
1680,2,large_vehicle,0.2945,1148.4,567.4,1229.0,636.5
1680,1,car,0.2682,1148.4,567.4,1229.0,636.5
1680,2,large_vehicle,0.1915,287.2,703.9,501.3,869.8
1680,1,car,0.1547,0.0,718.8,46.7,806.0
1680,2,large_vehicle,0.1326,561.2,487.9,649.8,540.6
1680,1,car,0.1126,0.0,718.9,46.7,809.3
1681,2,large_vehicle,0.6238,286.8,704.0,501.4,869.8
1681,1,car,0.6223,560.6,488.2,649.7,540.6
1681,1,car,0.2787,1148.4,567.4,1229.1,636.6
1681,2,large_vehicle,0.2637,287.0,703.8,500.2,870.6
1681,2,large_vehicle,0.2578,1148.4,567.4,1229.1,636.6
1681,1,car,0.1859,0.0,718.6,46.7,806.5
1681,2,large_vehicle,0.1181,560.6,488.2,649.7,540.6
1682,2,large_vehicle,0.7397,300.2,703.2,514.4,869.8
1682,1,car,0.5730,562.4,488.6,649.5,540.4
1682,2,large_vehicle,0.1908,562.4,488.6,649.5,540.4
1682,1,car,0.1043,1154.5,560.1,1234.6,633.9
1683,2,large_vehicle,0.7244,300.2,703.3,514.3,869.8
1683,1,car,0.5303,560.5,488.3,649.4,540.3
1683,2,large_vehicle,0.2192,560.5,488.3,649.4,540.3
1684,2,large_vehicle,0.7334,300.2,703.2,514.4,869.8
1684,1,car,0.5233,560.4,488.1,649.5,540.4
1684,2,large_vehicle,0.2315,560.4,488.1,649.5,540.4
1684,1,car,0.1051,1154.5,559.9,1234.8,633.9
1685,2,large_vehicle,0.7666,313.7,701.1,528.7,868.6
1685,1,car,0.4215,559.1,487.1,649.8,540.3
1685,1,car,0.3194,1159.8,561.3,1236.8,631.8
1685,2,large_vehicle,0.3000,559.1,487.1,649.8,540.3
1685,1,car,0.1224,953.1,418.7,1024.7,462.9
1685,2,large_vehicle,0.1013,953.1,418.7,1024.7,462.9
1686,2,large_vehicle,0.8084,324.4,699.5,541.8,867.3
1686,1,car,0.5944,557.7,488.0,649.7,540.3
1686,2,large_vehicle,0.2188,557.7,488.0,649.7,540.3
1686,2,large_vehicle,0.1807,952.1,418.9,1025.3,462.8
1686,1,car,0.1800,1166.0,549.3,1285.7,628.4
1686,1,car,0.1499,1166.0,551.5,1279.2,628.3
1686,1,car,0.1448,952.1,418.9,1025.3,462.8
1687,2,large_vehicle,0.8076,324.4,699.4,541.9,867.3
1687,1,car,0.6034,557.7,488.2,650.0,540.3
1687,1,car,0.2273,1165.9,552.0,1277.7,628.3
1687,2,large_vehicle,0.2117,557.7,488.2,650.0,540.3
1687,2,large_vehicle,0.1597,952.6,418.7,1025.5,462.8
1687,2,large_vehicle,0.1226,1165.9,552.0,1277.7,628.3
1687,1,car,0.1125,952.6,418.7,1025.5,462.8
1688,2,large_vehicle,0.8068,324.4,699.4,541.8,867.3
1688,1,car,0.6064,557.6,488.2,650.0,540.3
1688,1,car,0.2245,1165.9,552.0,1277.8,628.3
1688,2,large_vehicle,0.2068,557.6,488.2,650.0,540.3
1688,2,large_vehicle,0.1438,952.4,418.6,1025.5,462.8
1688,2,large_vehicle,0.1219,1165.9,552.0,1277.8,628.3
1688,1,car,0.1062,952.4,418.6,1025.5,462.8
1689,2,large_vehicle,0.7692,338.5,698.5,557.2,865.7
1689,1,car,0.5343,559.6,488.0,650.0,540.5
1689,1,car,0.2575,1170.8,548.2,1270.3,625.3
1689,2,large_vehicle,0.2102,559.6,488.0,650.0,540.5
1689,2,large_vehicle,0.1187,953.1,418.7,1025.2,462.8
1689,1,car,0.1057,338.5,698.5,557.2,865.7
1690,2,large_vehicle,0.7690,338.6,698.5,557.3,865.6
1690,1,car,0.5038,559.8,488.0,650.1,540.5
1690,1,car,0.2466,1170.8,548.2,1269.6,625.4
1690,2,large_vehicle,0.1972,559.8,488.0,650.1,540.5
1690,1,car,0.1081,338.6,698.5,557.3,865.6
1691,2,large_vehicle,0.8446,350.5,694.7,571.6,864.7
1691,1,car,0.5797,559.9,488.4,650.0,540.5
1691,1,car,0.1908,1175.8,546.6,1275.4,623.4
1691,2,large_vehicle,0.1661,559.9,488.4,650.0,540.5
1691,2,large_vehicle,0.1218,0.0,751.5,68.7,856.4
1692,2,large_vehicle,0.8463,350.5,694.5,571.6,864.7
1692,1,car,0.5418,559.8,488.3,649.7,540.4
1692,2,large_vehicle,0.1937,559.8,488.3,649.7,540.4
1692,1,car,0.1927,1175.8,546.8,1275.0,623.3
1692,2,large_vehicle,0.1129,0.0,751.7,68.6,856.2
1692,1,car,0.1021,953.4,418.8,1024.8,462.7
1693,2,large_vehicle,0.8449,350.5,694.6,571.6,864.7
1693,1,car,0.5362,560.1,488.4,649.5,540.3
1693,2,large_vehicle,0.2178,560.1,488.4,649.5,540.3
1693,1,car,0.1905,1175.8,546.9,1275.7,623.3
1693,2,large_vehicle,0.1544,953.1,419.2,1024.9,462.7
1693,1,car,0.1484,953.1,419.2,1024.9,462.7
1694,2,large_vehicle,0.8129,364.4,693.2,586.2,863.1
1694,1,car,0.4764,558.2,487.3,649.4,540.3
1694,2,large_vehicle,0.2522,558.2,487.3,649.4,540.3
1694,2,large_vehicle,0.2131,952.9,419.4,1025.1,462.7
1694,1,car,0.2011,952.9,419.4,1025.1,462.7
1694,1,car,0.1643,1180.9,548.1,1288.8,620.0
1695,2,large_vehicle,0.8132,364.4,693.2,586.2,863.2
1695,1,car,0.4808,558.2,487.1,649.3,540.3
1695,2,large_vehicle,0.2439,558.2,487.1,649.3,540.3
1695,1,car,0.2331,952.6,419.5,1025.2,462.7
1695,2,large_vehicle,0.2107,952.6,419.5,1025.2,462.7
1695,1,car,0.1603,1180.9,548.3,1291.7,620.2
1696,2,large_vehicle,0.8258,376.5,691.0,599.9,861.0
1696,1,car,0.6799,558.5,488.3,649.5,540.1
1696,2,large_vehicle,0.3006,951.7,419.1,1025.3,462.7
1696,1,car,0.2282,951.7,419.1,1025.3,462.7
1696,2,large_vehicle,0.1611,558.5,488.3,649.5,540.1
1696,1,car,0.1066,1185.6,548.1,1324.1,619.1
1697,2,large_vehicle,0.8265,376.6,691.0,599.9,861.0
1697,1,car,0.6732,558.4,488.2,649.6,540.1
1697,2,large_vehicle,0.3075,951.8,419.1,1025.4,462.7
1697,1,car,0.2170,951.8,419.1,1025.4,462.7
1697,2,large_vehicle,0.1660,558.4,488.2,649.6,540.1
1697,1,car,0.1050,1185.6,548.0,1323.6,619.1
1698,2,large_vehicle,0.8240,376.6,691.3,599.9,861.0
1698,1,car,0.6381,558.4,487.8,649.5,540.1
1698,2,large_vehicle,0.3076,951.8,419.3,1025.4,462.8
1698,1,car,0.2333,951.8,419.3,1025.4,462.8
1698,2,large_vehicle,0.1986,558.4,487.8,649.5,540.1
1698,1,car,0.1107,1185.6,548.6,1322.0,618.9
1699,2,large_vehicle,0.8066,387.7,687.6,614.4,860.0
1699,1,car,0.5226,560.9,487.5,649.3,540.3
1699,2,large_vehicle,0.2808,560.9,487.5,649.3,540.3
1699,0,person,0.1720,498.9,506.8,515.3,547.9
1699,2,large_vehicle,0.1624,953.2,418.9,1025.1,462.8
1699,1,car,0.1514,953.2,418.9,1025.1,462.8
1699,2,large_vehicle,0.1076,1.9,769.4,91.3,842.0
1700,2,large_vehicle,0.8123,387.8,687.6,614.4,860.1
1700,1,car,0.5204,561.0,487.5,649.3,540.3
1700,2,large_vehicle,0.2778,561.0,487.5,649.3,540.3
1700,0,person,0.1746,499.0,507.0,515.2,547.9
1700,2,large_vehicle,0.1708,953.1,419.0,1025.1,462.8
1700,1,car,0.1461,953.1,419.0,1025.1,462.8
1701,2,large_vehicle,0.7624,402.5,685.1,628.3,858.0
1701,1,car,0.5456,560.4,488.4,649.1,540.2
1701,2,large_vehicle,0.2320,560.4,488.4,649.1,540.2
1701,1,car,0.2257,1196.4,549.9,1263.6,608.1
1701,1,car,0.1730,953.2,419.4,1025.1,462.8
1701,2,large_vehicle,0.1564,11.3,771.2,94.9,842.1
1701,2,large_vehicle,0.1293,1196.4,549.9,1263.6,608.1
1701,2,large_vehicle,0.1278,953.2,419.4,1025.1,462.8
1702,2,large_vehicle,0.7531,402.1,685.4,628.2,857.9
1702,1,car,0.4788,560.6,488.4,649.0,540.1
1702,2,large_vehicle,0.3248,560.6,488.4,649.0,540.1
1702,1,car,0.2389,1196.4,550.0,1263.5,607.9
1702,1,car,0.1885,953.2,419.6,1025.1,462.9
1702,2,large_vehicle,0.1794,11.6,771.3,94.9,841.9
1702,2,large_vehicle,0.1623,953.2,419.6,1025.1,462.9
1702,2,large_vehicle,0.1448,1196.4,550.0,1263.5,607.9
1703,2,large_vehicle,0.7552,402.1,685.3,628.2,858.0
1703,1,car,0.4787,560.6,488.4,649.0,540.1
1703,2,large_vehicle,0.3241,560.6,488.4,649.0,540.1
1703,1,car,0.2381,1196.4,550.1,1263.5,607.9
1703,1,car,0.1968,953.0,419.6,1025.1,462.9
1703,2,large_vehicle,0.1782,11.4,771.3,94.9,841.9
1703,2,large_vehicle,0.1647,953.0,419.6,1025.1,462.9
1703,2,large_vehicle,0.1479,1196.4,550.1,1263.5,607.9
1704,2,large_vehicle,0.8338,416.9,679.5,642.0,855.4
1704,1,car,0.4136,559.4,487.3,649.2,540.0
1704,2,large_vehicle,0.3828,18.3,771.3,99.5,841.1
1704,2,large_vehicle,0.3793,559.4,487.3,649.2,540.0
1704,1,car,0.2425,952.3,420.0,1024.5,462.8
1704,1,car,0.2417,1199.6,548.9,1265.9,606.2
1704,2,large_vehicle,0.1772,952.3,420.0,1024.5,462.8
1704,2,large_vehicle,0.1640,1199.6,548.9,1265.9,606.2
1705,2,large_vehicle,0.8370,416.8,679.4,642.0,855.4
1705,2,large_vehicle,0.4058,559.1,487.1,649.3,540.0
1705,1,car,0.3678,559.1,487.1,649.3,540.0
1705,2,large_vehicle,0.3491,18.1,771.2,99.5,841.0
1705,1,car,0.2571,952.5,419.9,1024.7,462.8
1705,1,car,0.2206,1199.9,548.9,1266.3,606.2
1705,2,large_vehicle,0.1896,952.5,419.9,1024.7,462.8
1705,2,large_vehicle,0.1650,1199.9,548.9,1266.3,606.2
1706,2,large_vehicle,0.8014,432.0,676.3,657.1,853.9
1706,1,car,0.5725,558.4,487.5,648.9,540.0
1706,1,car,0.2572,1204.3,540.6,1272.0,605.8
1706,2,large_vehicle,0.2532,558.4,487.5,648.9,540.0
1706,2,large_vehicle,0.2182,952.2,419.0,1024.1,462.9
1706,1,car,0.1961,952.2,419.0,1024.1,462.9
1706,2,large_vehicle,0.1934,24.1,770.7,106.3,842.4
1706,4,other_vehicle,0.1418,24.1,770.7,106.3,842.4
1707,2,large_vehicle,0.8013,431.8,676.0,657.2,853.9
1707,1,car,0.5914,558.3,487.5,649.0,540.0
1707,1,car,0.2559,1204.4,540.4,1272.0,605.8
1707,2,large_vehicle,0.2415,558.3,487.5,649.0,540.0
1707,2,large_vehicle,0.2227,952.4,419.2,1024.4,462.9
1707,1,car,0.2165,952.4,419.2,1024.4,462.9
1707,2,large_vehicle,0.1916,24.1,770.7,106.3,842.4
1707,4,other_vehicle,0.1422,24.1,770.7,106.3,842.4
1708,2,large_vehicle,0.7983,431.9,676.1,657.1,853.9
1708,1,car,0.6082,558.3,487.5,649.0,540.0
1708,1,car,0.2607,1204.4,540.5,1272.2,605.9
1708,1,car,0.2327,952.1,419.0,1024.8,462.9
1708,2,large_vehicle,0.2133,952.1,419.0,1024.8,462.9
1708,2,large_vehicle,0.2103,558.3,487.5,649.0,540.0
1708,2,large_vehicle,0.1855,24.1,770.7,106.3,842.4
1708,4,other_vehicle,0.1438,24.1,770.7,106.3,842.4
1709,2,large_vehicle,0.8078,443.6,673.9,670.6,851.8
1709,1,car,0.5482,560.8,488.4,649.1,540.1
1709,2,large_vehicle,0.3267,29.9,771.7,111.9,844.3
1709,1,car,0.2860,1209.6,540.4,1276.2,603.6
1709,1,car,0.2274,953.7,419.5,1024.8,462.9
1709,2,large_vehicle,0.2073,560.8,488.4,649.1,540.1
1709,2,large_vehicle,0.1169,953.7,419.5,1024.8,462.9
1710,2,large_vehicle,0.6403,458.0,670.9,685.5,849.3
1710,1,car,0.4597,560.5,488.1,648.9,540.0
1710,2,large_vehicle,0.3256,35.2,771.8,119.7,847.5
1710,2,large_vehicle,0.2873,560.5,488.1,648.9,540.0
1710,1,car,0.1766,953.3,420.0,1023.7,462.7
1710,1,car,0.1052,1215.8,526.4,1312.1,601.6
1710,2,large_vehicle,0.1016,953.3,420.0,1023.7,462.7
1711,2,large_vehicle,0.6401,458.1,670.9,685.6,849.3
1711,1,car,0.4018,560.6,488.0,648.9,539.9
1711,2,large_vehicle,0.3390,35.3,771.8,119.8,847.7
1711,2,large_vehicle,0.3380,560.6,488.0,648.9,539.9
1711,1,car,0.1699,953.3,419.9,1023.6,462.7
1711,2,large_vehicle,0.1196,953.3,419.9,1023.6,462.7
1712,2,large_vehicle,0.6382,458.1,671.0,685.6,849.3
1712,1,car,0.4158,560.5,488.1,648.9,539.9
1712,2,large_vehicle,0.3326,35.2,771.8,119.8,847.7
1712,2,large_vehicle,0.3311,560.5,488.1,648.9,539.9
1712,1,car,0.1672,953.3,419.8,1023.6,462.7
1712,2,large_vehicle,0.1187,953.3,419.8,1023.6,462.7
1712,1,car,0.1021,1216.0,526.0,1307.9,601.5
1713,2,large_vehicle,0.7387,471.6,668.6,727.9,847.0
1713,1,car,0.5153,1219.9,537.9,1284.7,595.9
1713,1,car,0.4863,559.2,487.6,649.1,539.8
1713,2,large_vehicle,0.3341,39.7,771.7,126.5,849.1
1713,2,large_vehicle,0.3267,559.2,487.6,649.1,539.8
1713,2,large_vehicle,0.3002,953.0,420.3,1023.8,462.8
1713,1,car,0.2408,953.0,420.3,1023.8,462.8
1713,0,person,0.1302,1194.7,513.5,1215.4,573.7
1713,2,large_vehicle,0.1101,1219.9,537.9,1284.7,595.9
1714,2,large_vehicle,0.7449,471.7,668.9,721.7,846.7
1714,1,car,0.5109,1219.9,537.8,1285.1,595.9
1714,1,car,0.4982,559.5,487.8,648.7,539.9
1714,2,large_vehicle,0.3498,953.0,420.0,1023.9,462.8
1714,2,large_vehicle,0.3442,40.0,771.7,126.6,849.3
1714,2,large_vehicle,0.3372,559.5,487.8,648.7,539.9
1714,1,car,0.2279,953.0,420.0,1023.9,462.8
1714,0,person,0.1559,1194.6,513.3,1215.5,573.7
1714,2,large_vehicle,0.1066,1219.9,537.8,1285.1,595.9
1715,2,large_vehicle,0.6733,488.7,665.5,712.4,844.5
1715,1,car,0.6217,557.8,487.5,649.1,540.0
1715,2,large_vehicle,0.5427,45.2,771.9,133.1,850.0
1715,1,car,0.5082,1222.9,531.7,1284.4,594.6
1715,2,large_vehicle,0.3324,952.4,419.7,1024.0,462.7
1715,1,car,0.2414,952.4,419.7,1024.0,462.7
1715,1,car,0.2259,1223.7,528.6,1290.1,594.6
1715,0,person,0.2141,1194.3,513.0,1215.7,573.8
1715,2,large_vehicle,0.2110,557.8,487.5,649.1,540.0
1716,2,large_vehicle,0.6620,488.7,665.6,712.5,844.4
1716,1,car,0.6197,558.0,487.6,649.1,540.0
1716,2,large_vehicle,0.5497,45.3,771.9,133.1,849.9
1716,1,car,0.5083,1222.8,531.9,1284.2,594.6
1716,2,large_vehicle,0.3457,952.4,419.8,1024.0,462.7
1716,1,car,0.2452,952.4,419.8,1024.0,462.7
1716,0,person,0.2351,1194.4,512.7,1215.7,573.7
1716,2,large_vehicle,0.2150,558.0,487.6,649.1,540.0
1716,1,car,0.2105,1223.7,528.8,1289.7,594.6
1717,2,large_vehicle,0.6781,488.6,665.5,712.4,844.4
1717,1,car,0.6453,556.8,487.5,649.1,540.0
1717,2,large_vehicle,0.5440,45.2,771.8,133.2,849.9
1717,1,car,0.4626,1222.7,531.6,1284.7,594.7
1717,2,large_vehicle,0.3149,952.6,419.3,1024.5,462.5
1717,1,car,0.2291,1223.6,528.3,1291.7,594.7
1717,1,car,0.2014,952.6,419.3,1024.5,462.5
1717,0,person,0.1856,1194.4,512.7,1215.7,574.0
1717,2,large_vehicle,0.1797,556.8,487.5,649.1,540.0
1717,0,person,0.1354,929.5,451.3,944.0,486.3
1718,2,large_vehicle,0.6038,498.9,660.1,765.8,842.6
1718,1,car,0.5784,559.3,487.7,648.7,540.0
1718,2,large_vehicle,0.4638,50.5,772.2,140.7,849.7
1718,1,car,0.2913,1224.9,525.9,1329.7,591.0
1718,2,large_vehicle,0.2313,559.3,487.7,648.7,540.0
1718,2,large_vehicle,0.1760,953.5,419.1,1025.1,462.5
1718,1,car,0.1740,1224.6,531.8,1291.5,590.4
1718,0,person,0.1573,1194.4,513.1,1215.4,574.3
1719,2,large_vehicle,0.6028,498.8,660.3,763.3,842.5
1719,1,car,0.5702,559.0,487.5,648.7,540.0
1719,2,large_vehicle,0.4769,50.6,772.2,140.8,849.7
1719,1,car,0.2737,1224.8,526.1,1329.9,591.0
1719,2,large_vehicle,0.2437,559.0,487.5,648.7,540.0
1719,1,car,0.1927,1224.6,532.0,1291.1,590.4
1719,2,large_vehicle,0.1730,953.5,419.1,1025.1,462.5
1719,0,person,0.1478,1194.3,513.3,1215.2,574.4
1720,2,large_vehicle,0.7450,514.3,656.4,791.4,838.6
1720,2,large_vehicle,0.4932,56.0,772.2,148.8,851.7
1720,2,large_vehicle,0.3923,560.7,488.0,648.7,539.8
1720,1,car,0.3895,560.7,488.0,648.7,539.8
1720,1,car,0.3762,1231.0,525.2,1325.9,590.3
1720,0,person,0.2448,1194.9,513.5,1215.2,574.9
1720,2,large_vehicle,0.2085,953.8,419.6,1024.7,462.6
1720,1,car,0.1854,1230.4,528.7,1293.9,590.5
1720,1,car,0.1216,953.8,419.6,1024.7,462.6
1720,2,large_vehicle,0.1112,1231.0,525.2,1325.9,590.3
1721,2,large_vehicle,0.7455,514.4,656.4,791.4,838.6
1721,2,large_vehicle,0.4876,56.0,772.2,148.8,851.8
1721,2,large_vehicle,0.3992,560.6,488.0,648.7,539.8
1721,1,car,0.3911,560.6,488.0,648.7,539.8
1721,1,car,0.3736,1230.9,525.3,1325.9,590.3
1721,0,person,0.2263,1194.9,513.4,1215.2,574.9
1721,2,large_vehicle,0.2153,953.8,419.7,1024.7,462.6
1721,1,car,0.1788,1230.3,528.7,1294.0,590.5
1721,1,car,0.1250,953.8,419.7,1024.7,462.6
1721,2,large_vehicle,0.1151,1230.9,525.3,1325.9,590.3
1722,2,large_vehicle,0.7437,514.3,656.5,791.4,838.6
1722,2,large_vehicle,0.4809,56.0,772.2,148.8,851.5
1722,1,car,0.4148,560.8,488.3,648.6,539.8
1722,2,large_vehicle,0.3792,560.8,488.3,648.6,539.8
1722,1,car,0.3750,1231.0,525.1,1325.8,590.3
1722,0,person,0.2233,1194.9,513.4,1215.2,575.1
1722,2,large_vehicle,0.2061,953.8,419.6,1024.7,462.6
1722,1,car,0.1920,1230.4,528.7,1294.0,590.5
1722,1,car,0.1198,953.8,419.6,1024.7,462.6
1722,2,large_vehicle,0.1153,1231.0,525.1,1325.8,590.3
1723,2,large_vehicle,0.7631,528.9,653.9,807.5,835.3
1723,2,large_vehicle,0.5038,62.1,772.3,155.4,850.2
1723,1,car,0.4523,556.4,486.8,649.0,539.8
1723,2,large_vehicle,0.3389,556.4,486.8,649.0,539.8
1723,0,person,0.3062,1194.6,513.1,1215.9,574.9
1723,1,car,0.2505,1231.1,518.5,1335.7,589.3
1723,2,large_vehicle,0.2103,951.9,418.0,1025.1,462.6
1723,1,car,0.1640,951.9,418.0,1025.1,462.6
1723,1,car,0.1006,1230.9,520.8,1336.4,589.2
1724,2,large_vehicle,0.7561,529.0,653.9,808.3,835.4
1724,2,large_vehicle,0.5127,62.2,772.1,155.6,850.5
1724,1,car,0.4480,556.6,486.8,649.0,539.8
1724,2,large_vehicle,0.3406,556.6,486.8,649.0,539.8
1724,0,person,0.2837,1194.6,513.1,1215.9,575.0
1724,1,car,0.2773,1230.8,518.6,1336.2,589.5
1724,2,large_vehicle,0.1948,951.8,418.0,1025.2,462.6
1724,1,car,0.1647,951.8,418.0,1025.2,462.6
1725,2,large_vehicle,0.7656,545.9,651.7,781.4,835.0
1725,2,large_vehicle,0.6328,67.0,772.8,164.6,851.8
1725,1,car,0.4529,557.7,487.2,648.7,539.9
1725,2,large_vehicle,0.3900,557.7,487.2,648.7,539.9
1725,2,large_vehicle,0.2944,951.7,418.3,1024.8,462.6
1725,0,person,0.2332,1194.6,513.0,1216.2,575.1
1725,1,car,0.1494,951.7,418.3,1024.8,462.6
1725,1,car,0.1256,1239.8,524.9,1337.6,587.9
1726,2,large_vehicle,0.7525,545.8,651.6,783.5,835.2
1726,2,large_vehicle,0.6448,67.1,772.8,164.7,851.1
1726,1,car,0.5479,556.8,487.2,648.7,539.9
1726,2,large_vehicle,0.2928,556.8,487.2,648.7,539.9
1726,2,large_vehicle,0.2433,951.7,418.2,1024.9,462.6
1726,0,person,0.2426,1194.6,513.0,1216.0,575.0
1726,1,car,0.1542,951.7,418.2,1024.9,462.6
1726,1,car,0.1433,1239.8,525.0,1338.5,588.0
1727,2,large_vehicle,0.7545,545.8,651.7,783.5,835.2
1727,2,large_vehicle,0.6447,67.0,772.9,164.7,851.1
1727,1,car,0.5193,556.6,487.0,648.7,539.9
1727,2,large_vehicle,0.3175,556.6,487.0,648.7,539.9
1727,0,person,0.2498,1194.6,512.9,1216.0,575.0
1727,2,large_vehicle,0.2462,951.6,418.1,1025.0,462.6
1727,1,car,0.1605,951.6,418.1,1025.0,462.6
1727,1,car,0.1427,1239.9,525.1,1338.2,587.9
1728,2,large_vehicle,0.7510,559.7,649.3,787.2,830.7
1728,1,car,0.5884,559.6,487.7,649.0,539.8
1728,2,large_vehicle,0.4465,73.7,772.6,172.6,858.2
1728,2,large_vehicle,0.2207,559.6,487.7,649.0,539.8
1728,0,person,0.1950,1194.2,513.1,1215.1,575.1
1728,0,person,0.1864,1162.9,396.1,1175.9,425.6
1729,2,large_vehicle,0.7511,559.6,649.4,788.6,830.7
1729,1,car,0.5118,559.6,487.6,649.1,539.9
1729,2,large_vehicle,0.4316,73.8,772.5,172.5,857.8
1729,2,large_vehicle,0.2580,559.6,487.6,649.1,539.9
1729,0,person,0.1810,1194.4,512.9,1215.4,575.0
1729,0,person,0.1138,1162.7,396.1,1175.7,425.8
1730,2,large_vehicle,0.7743,574.8,644.7,798.4,827.7
1730,1,car,0.4932,560.0,488.1,648.8,539.8
1730,2,large_vehicle,0.3538,78.8,772.1,180.0,862.8
1730,0,person,0.3146,1194.2,512.6,1215.8,574.9
1730,2,large_vehicle,0.2941,560.0,488.1,648.8,539.8
1730,2,large_vehicle,0.2872,1.6,768.0,181.7,866.6
1730,0,person,0.1266,1162.2,396.6,1174.9,426.5
1730,1,car,0.1128,953.0,418.2,1025.9,462.5
1730,2,large_vehicle,0.1117,953.0,418.2,1025.9,462.5
1731,2,large_vehicle,0.7751,574.8,644.7,798.4,827.7
1731,1,car,0.5337,559.7,488.2,648.8,539.8
1731,2,large_vehicle,0.3665,78.8,772.1,180.1,863.1
1731,0,person,0.3350,1194.2,512.6,1215.7,574.9
1731,2,large_vehicle,0.2825,1.8,767.9,181.8,866.6
1731,2,large_vehicle,0.2640,559.7,488.2,648.8,539.8
1731,0,person,0.1356,1162.3,396.4,1174.9,426.5
1731,1,car,0.1149,953.0,418.2,1025.8,462.5
1731,2,large_vehicle,0.1145,953.0,418.2,1025.8,462.5
1732,2,large_vehicle,0.7719,574.7,644.8,798.4,827.7
1732,1,car,0.5150,560.4,488.3,648.9,539.8
1732,2,large_vehicle,0.3749,78.7,772.1,180.1,862.7
1732,0,person,0.3652,1194.1,512.8,1215.6,575.3
1732,2,large_vehicle,0.2858,560.4,488.3,648.9,539.8
1732,2,large_vehicle,0.2598,1.9,767.9,181.9,866.4
1732,0,person,0.1589,1162.2,396.4,1175.0,426.6
1732,1,car,0.1383,953.2,418.2,1025.7,462.5
1732,2,large_vehicle,0.1275,953.2,418.2,1025.7,462.5
1733,2,large_vehicle,0.8496,588.2,642.4,813.9,824.2
1733,1,car,0.5459,558.2,486.9,648.4,539.6
1733,2,large_vehicle,0.4683,38.2,772.5,189.8,864.3
1733,0,person,0.3534,1193.8,512.7,1215.6,574.9
1733,2,large_vehicle,0.2670,558.2,486.9,648.4,539.6
1733,1,car,0.2117,952.2,418.4,1025.6,462.6
1733,2,large_vehicle,0.2008,952.2,418.4,1025.6,462.6
1733,1,car,0.1722,1249.2,512.6,1342.0,582.3
1734,2,large_vehicle,0.7635,602.7,640.1,826.3,820.3
1734,2,large_vehicle,0.5163,36.0,772.3,198.7,867.6
1734,1,car,0.5159,558.7,487.1,648.3,539.6
1734,0,person,0.3562,1194.0,512.6,1215.7,575.3
1734,2,large_vehicle,0.3198,558.7,487.1,648.3,539.6
1734,2,large_vehicle,0.2672,951.3,418.2,1025.6,462.7
1734,1,car,0.2415,951.3,418.2,1025.6,462.7
1734,0,person,0.1066,1160.7,396.6,1173.6,427.8
1735,2,large_vehicle,0.7652,602.7,640.1,826.2,820.2
1735,1,car,0.5562,559.5,487.4,648.6,539.7
1735,2,large_vehicle,0.5079,40.0,772.3,198.7,867.4
1735,0,person,0.3320,1194.0,512.9,1215.7,575.3
1735,2,large_vehicle,0.2829,559.5,487.4,648.6,539.7
1735,2,large_vehicle,0.2352,950.8,417.9,1025.4,462.7
1735,1,car,0.2253,950.8,417.9,1025.4,462.7
1735,0,person,0.1087,1160.6,396.5,1173.6,427.4
1736,2,large_vehicle,0.7644,602.7,640.1,826.2,820.2
1736,1,car,0.5517,559.6,487.4,648.3,539.7
1736,2,large_vehicle,0.4996,40.0,772.3,198.7,867.4
1736,0,person,0.3296,1194.0,512.9,1215.7,575.3
1736,2,large_vehicle,0.2898,559.6,487.4,648.3,539.7
1736,2,large_vehicle,0.2332,950.8,417.9,1025.4,462.7
1736,1,car,0.2262,950.8,417.9,1025.4,462.7
1736,0,person,0.1146,1160.7,396.5,1173.7,427.6
1737,1,car,0.6302,560.3,487.7,649.0,539.7
1737,2,large_vehicle,0.5160,60.4,771.7,207.8,868.7
1737,2,large_vehicle,0.3856,617.2,643.5,839.0,816.5
1737,2,large_vehicle,0.2386,952.7,418.6,1025.5,462.7
1737,2,large_vehicle,0.2291,618.4,641.0,841.5,817.6
1737,2,large_vehicle,0.1984,560.3,487.7,649.0,539.7
1737,1,car,0.1940,952.7,418.6,1025.5,462.7
1737,0,person,0.1759,1194.2,513.6,1215.5,575.1
1738,1,car,0.5255,560.7,487.6,648.9,539.7
1738,2,large_vehicle,0.5172,58.8,771.7,207.9,869.0
1738,2,large_vehicle,0.4731,617.3,642.7,839.1,816.5
1738,2,large_vehicle,0.2943,560.7,487.6,648.9,539.7
1738,1,car,0.2019,952.1,418.6,1025.2,462.5
1738,0,person,0.1755,1194.4,513.6,1215.6,575.2
1738,2,large_vehicle,0.1688,952.1,418.6,1025.2,462.5
1739,2,large_vehicle,0.6742,631.1,632.7,853.7,814.0
1739,1,car,0.5487,559.2,487.3,649.0,539.7
1739,2,large_vehicle,0.5186,48.0,770.6,217.4,871.5
1739,0,person,0.3006,1194.0,512.6,1215.6,575.1
1739,2,large_vehicle,0.2779,559.2,487.3,649.0,539.7
1739,1,car,0.1770,952.7,418.5,1025.2,462.4
1739,0,person,0.1419,1158.7,396.9,1172.1,426.8
1739,2,large_vehicle,0.1290,952.7,418.5,1025.2,462.4
1740,2,large_vehicle,0.6707,631.1,632.8,853.6,814.0
1740,1,car,0.5098,559.1,487.3,649.0,539.6
1740,2,large_vehicle,0.5097,47.8,770.5,217.4,871.5
1740,2,large_vehicle,0.3135,559.1,487.3,649.0,539.6
1740,0,person,0.2713,1194.1,512.8,1215.8,575.2
1740,1,car,0.2083,952.4,418.7,1025.0,462.4
1740,0,person,0.1480,1158.7,396.9,1172.1,426.7
1740,2,large_vehicle,0.1305,952.4,418.7,1025.0,462.4
1741,2,large_vehicle,0.6761,631.0,632.7,853.7,814.0
1741,2,large_vehicle,0.5262,48.5,770.5,217.4,871.5
1741,1,car,0.4693,558.5,487.0,649.0,539.7
1741,0,person,0.3546,1194.0,512.2,1215.8,575.0
1741,2,large_vehicle,0.3521,558.5,487.0,649.0,539.7
1741,1,car,0.1826,952.8,418.7,1025.3,462.4
1741,2,large_vehicle,0.1618,952.8,418.7,1025.3,462.4
1741,0,person,0.1397,1158.7,397.1,1172.1,426.8
1742,2,large_vehicle,0.7374,643.5,631.3,866.0,810.6
1742,2,large_vehicle,0.6046,42.6,770.2,226.1,871.4
1742,1,car,0.5004,557.4,486.5,649.3,539.6
1742,0,person,0.3608,1194.1,512.2,1215.8,575.0
1742,2,large_vehicle,0.2723,557.4,486.5,649.3,539.6
1742,0,person,0.2476,1158.4,397.1,1171.7,427.2
1742,1,car,0.2415,952.1,418.6,1025.4,462.5
1742,2,large_vehicle,0.1927,952.1,418.6,1025.4,462.5
1743,2,large_vehicle,0.7395,643.5,631.3,865.9,810.6
1743,2,large_vehicle,0.6136,41.3,770.2,226.1,871.5
1743,1,car,0.5051,556.7,486.3,649.3,539.7
1743,0,person,0.3036,1194.2,512.3,1215.9,575.1
1743,2,large_vehicle,0.2740,556.7,486.3,649.3,539.7
1743,0,person,0.2648,1158.3,397.0,1171.6,427.1
1743,1,car,0.2240,952.2,418.5,1025.4,462.5
1743,2,large_vehicle,0.1944,952.2,418.5,1025.4,462.5
1744,2,large_vehicle,0.6906,43.3,769.8,234.9,871.0
1744,2,large_vehicle,0.6090,658.1,629.2,878.0,807.4
1744,1,car,0.5639,557.9,487.1,648.9,539.7
1744,2,large_vehicle,0.3311,950.8,417.8,1026.0,462.3
1744,0,person,0.3186,1194.0,511.8,1216.2,575.1
1744,1,car,0.2778,950.8,417.8,1026.0,462.3
1744,2,large_vehicle,0.2717,557.9,487.1,648.9,539.7
1744,0,person,0.2201,1157.7,397.5,1171.2,427.8
1745,2,large_vehicle,0.6923,43.1,769.8,234.9,871.0
1745,2,large_vehicle,0.6090,658.1,629.2,878.0,807.5
1745,1,car,0.5930,556.9,487.0,648.9,539.7
1745,2,large_vehicle,0.3313,951.0,417.7,1026.0,462.4
1745,0,person,0.3206,1194.0,511.8,1216.2,575.1
1745,1,car,0.2855,951.0,417.7,1026.0,462.4
1745,2,large_vehicle,0.2390,556.9,487.0,648.9,539.7
1745,0,person,0.2286,1157.7,397.5,1171.2,427.8
1746,2,large_vehicle,0.6887,43.8,769.8,234.8,870.9
1746,2,large_vehicle,0.6155,658.1,629.2,878.0,807.5
1746,1,car,0.5521,558.4,487.2,649.0,539.6
1746,2,large_vehicle,0.3447,950.7,417.8,1026.1,462.4
1746,0,person,0.2977,1194.0,511.9,1216.0,575.0
1746,2,large_vehicle,0.2885,558.4,487.2,649.0,539.6
1746,1,car,0.2722,950.7,417.8,1026.1,462.4
1746,0,person,0.2127,1157.7,397.6,1171.2,427.8
1747,2,large_vehicle,0.7914,671.9,628.5,890.7,805.7
1747,1,car,0.5350,560.4,487.5,649.4,539.7
1747,2,large_vehicle,0.4010,43.4,769.2,245.3,871.0
1747,2,large_vehicle,0.2864,560.4,487.5,649.4,539.7
1747,2,large_vehicle,0.2675,951.8,417.9,1026.1,462.3
1747,0,person,0.2662,1194.0,512.0,1216.2,574.7
1747,2,large_vehicle,0.2278,120.7,769.5,246.7,869.5
1747,1,car,0.1805,951.8,417.9,1026.1,462.3
1747,4,other_vehicle,0.1487,120.7,769.5,246.7,869.5
1748,2,large_vehicle,0.7922,671.9,628.5,890.6,805.6
1748,1,car,0.5518,560.1,487.5,649.0,539.6
1748,2,large_vehicle,0.4376,43.2,769.2,244.6,871.1
1748,0,person,0.2897,1194.1,512.1,1216.3,574.8
1748,2,large_vehicle,0.2696,952.2,418.0,1026.0,462.3
1748,2,large_vehicle,0.2646,560.1,487.5,649.0,539.6
1748,2,large_vehicle,0.2179,119.3,769.5,246.0,869.5
1748,1,car,0.1708,952.2,418.0,1026.0,462.3
1748,4,other_vehicle,0.1419,119.3,769.5,246.0,869.5
1749,2,large_vehicle,0.6724,60.1,767.9,255.2,870.6
1749,2,large_vehicle,0.6650,687.7,622.0,909.7,797.4
1749,1,car,0.5335,558.9,487.3,648.9,539.6
1749,0,person,0.3486,1194.1,512.3,1216.6,575.1
1749,2,large_vehicle,0.2995,558.9,487.3,648.9,539.6
1749,2,large_vehicle,0.1656,951.9,417.8,1025.6,462.3
1749,1,car,0.1288,951.9,417.8,1025.6,462.3
1750,2,large_vehicle,0.7226,688.2,621.9,904.4,797.6
1750,2,large_vehicle,0.6727,67.7,768.0,255.2,869.8
1750,1,car,0.5905,558.3,487.3,651.6,539.7
1750,0,person,0.3113,1193.9,511.5,1216.6,574.1
1750,2,large_vehicle,0.2218,558.3,487.3,651.6,539.7
1750,2,large_vehicle,0.1521,952.7,417.3,1025.9,462.3
1750,1,car,0.1382,952.7,417.3,1025.9,462.3
1751,2,large_vehicle,0.7289,688.3,621.9,904.3,797.6
1751,2,large_vehicle,0.6728,66.6,768.0,255.1,869.8
1751,1,car,0.5576,558.6,487.4,651.7,539.6
1751,0,person,0.2633,1194.0,511.5,1216.5,574.0
1751,2,large_vehicle,0.2491,558.6,487.4,651.7,539.6
1751,2,large_vehicle,0.2040,952.8,417.2,1025.9,462.3
1751,1,car,0.1288,952.8,417.2,1025.9,462.3
1752,2,large_vehicle,0.7148,700.5,625.5,917.0,792.6
1752,2,large_vehicle,0.6501,56.9,767.5,264.3,871.0
1752,1,car,0.6091,558.3,486.9,653.1,539.5
1752,0,person,0.2617,1193.9,511.2,1216.6,573.8
1752,2,large_vehicle,0.2122,953.2,417.6,1025.7,462.2
1752,2,large_vehicle,0.1891,558.3,486.9,653.1,539.5
1752,1,car,0.1730,953.2,417.6,1025.7,462.2
1753,2,large_vehicle,0.7086,700.5,625.7,917.4,792.6
1753,2,large_vehicle,0.6509,54.6,767.6,264.3,871.1
1753,1,car,0.6303,558.4,486.9,653.7,539.5
1753,0,person,0.2474,1194.0,511.2,1216.6,573.8
1753,2,large_vehicle,0.2107,953.2,417.6,1025.8,462.2
1753,1,car,0.1753,953.2,417.6,1025.8,462.2
1753,2,large_vehicle,0.1691,558.4,486.9,653.7,539.5
1754,2,large_vehicle,0.7298,714.3,622.7,927.4,787.2
1754,2,large_vehicle,0.7127,51.7,768.1,276.0,873.3
1754,1,car,0.6720,558.0,486.8,650.5,539.6
1754,2,large_vehicle,0.3405,951.8,417.4,1025.8,462.3
1754,0,person,0.2741,1193.8,511.2,1216.4,574.0
1754,1,car,0.2603,951.8,417.4,1025.8,462.3
1754,2,large_vehicle,0.1222,558.0,486.8,650.5,539.6
1755,2,large_vehicle,0.7299,714.3,622.9,927.4,787.2
1755,2,large_vehicle,0.7136,51.2,768.0,275.9,873.3
1755,1,car,0.6711,558.0,486.7,650.9,539.6
1755,2,large_vehicle,0.3262,951.8,417.5,1025.7,462.3
1755,1,car,0.2723,951.8,417.5,1025.7,462.3
1755,0,person,0.2666,1193.9,511.2,1216.4,574.0
1755,2,large_vehicle,0.1197,558.0,486.7,650.9,539.6
1756,2,large_vehicle,0.7309,714.3,622.6,927.3,787.1
1756,2,large_vehicle,0.7138,49.8,768.1,276.0,873.3
1756,1,car,0.6664,558.0,486.8,650.3,539.6
1756,2,large_vehicle,0.3234,951.9,417.7,1025.7,462.3
1756,1,car,0.2880,951.9,417.7,1025.7,462.3
1756,0,person,0.2109,1193.8,511.2,1216.2,573.9
1756,2,large_vehicle,0.1282,558.0,486.8,650.3,539.6
1756,2,large_vehicle,0.1124,123.6,768.3,276.2,871.4
1757,1,car,0.6320,560.2,487.7,650.2,539.6
1757,2,large_vehicle,0.5782,728.9,619.0,946.4,783.2
1757,2,large_vehicle,0.5734,57.7,766.8,286.5,872.9
1757,2,large_vehicle,0.3153,952.6,418.2,1025.5,462.3
1757,0,person,0.2984,1194.0,511.3,1216.2,574.1
1757,1,car,0.2255,952.6,418.2,1025.5,462.3
1757,2,large_vehicle,0.2119,160.4,767.8,286.2,869.7
1757,2,large_vehicle,0.1875,560.2,487.7,650.2,539.6
1758,1,car,0.5869,558.9,487.4,650.0,539.6
1758,2,large_vehicle,0.5853,740.9,630.6,969.6,780.2
1758,2,large_vehicle,0.4684,169.5,767.4,297.5,870.0
1758,0,person,0.3168,1193.9,511.2,1216.2,574.1
1758,2,large_vehicle,0.2957,953.3,418.8,1025.0,462.3
1758,1,car,0.2537,953.3,418.8,1025.0,462.3
1758,2,large_vehicle,0.2530,558.9,487.4,650.0,539.6
1758,0,person,0.1658,1153.0,398.7,1165.5,428.5
1758,2,large_vehicle,0.1591,61.3,765.6,298.1,873.6
1759,2,large_vehicle,0.5759,740.9,631.3,968.9,780.2
1759,1,car,0.5723,559.0,487.5,650.1,539.6
1759,2,large_vehicle,0.4667,169.3,767.4,297.5,870.0
1759,0,person,0.3272,1193.9,511.3,1216.2,574.1
1759,2,large_vehicle,0.3076,953.3,418.7,1025.1,462.3
1759,2,large_vehicle,0.2593,559.0,487.5,650.1,539.6
1759,1,car,0.2447,953.3,418.7,1025.1,462.3
1759,0,person,0.1648,1153.0,398.7,1165.6,428.5
1759,2,large_vehicle,0.1623,62.3,765.6,298.1,873.4
1760,2,large_vehicle,0.5846,740.9,630.7,969.5,780.2
1760,1,car,0.5268,559.5,487.5,650.0,539.6
1760,2,large_vehicle,0.4530,169.3,767.4,297.4,870.0
1760,0,person,0.3266,1194.0,511.4,1216.2,574.1
1760,2,large_vehicle,0.3186,953.3,418.7,1025.1,462.3
1760,2,large_vehicle,0.3028,559.5,487.5,650.0,539.6
1760,1,car,0.2327,953.3,418.7,1025.1,462.3
1760,2,large_vehicle,0.1736,63.6,765.4,298.0,873.5
1760,0,person,0.1514,1152.9,398.8,1165.5,428.6
1761,2,large_vehicle,0.6455,754.1,612.2,981.0,778.0
1761,1,car,0.6231,558.9,487.2,654.1,539.5
1761,2,large_vehicle,0.5075,179.0,766.6,309.0,869.7
1761,2,large_vehicle,0.3147,952.7,418.7,1024.9,462.2
1761,0,person,0.2702,1194.1,511.8,1216.3,574.0
1761,1,car,0.2025,952.7,418.7,1024.9,462.2
1761,2,large_vehicle,0.1947,62.8,766.1,310.9,872.6
1761,2,large_vehicle,0.1726,558.9,487.2,654.1,539.5
1762,2,large_vehicle,0.6552,754.2,611.7,980.9,778.0
1762,1,car,0.6282,558.8,486.9,653.8,539.5
1762,2,large_vehicle,0.5316,179.0,766.6,308.9,869.8
1762,0,person,0.3191,1194.2,511.7,1216.4,574.1
1762,2,large_vehicle,0.3147,952.6,418.8,1024.9,462.2
1762,1,car,0.2011,952.6,418.8,1024.9,462.2
1762,2,large_vehicle,0.1681,558.8,486.9,653.8,539.5
1762,2,large_vehicle,0.1391,63.5,766.0,311.2,872.5
1763,2,large_vehicle,0.7636,768.3,604.1,993.9,773.4
1763,1,car,0.6994,557.7,486.8,651.6,539.6
1763,2,large_vehicle,0.4924,188.6,765.4,320.1,869.7
1763,2,large_vehicle,0.3125,950.7,417.9,1024.8,462.2
1763,0,person,0.2885,1194.0,511.4,1216.7,574.2
1763,1,car,0.2709,950.7,417.9,1024.8,462.2
1763,2,large_vehicle,0.1087,557.7,486.8,651.6,539.6
1764,2,large_vehicle,0.7625,768.3,604.1,993.9,773.4
1764,1,car,0.7038,557.7,486.8,651.5,539.6
1764,2,large_vehicle,0.4858,188.6,765.5,320.1,869.7
1764,2,large_vehicle,0.3013,950.7,418.0,1024.7,462.2
1764,0,person,0.2982,1194.0,511.2,1216.7,574.1
1764,1,car,0.2708,950.7,418.0,1024.7,462.2
1764,2,large_vehicle,0.1036,557.7,486.8,651.5,539.6
1765,2,large_vehicle,0.7628,768.4,604.1,993.8,773.4
1765,1,car,0.7050,557.9,486.9,651.1,539.6
1765,2,large_vehicle,0.4945,188.8,765.4,320.0,869.8
1765,2,large_vehicle,0.3260,950.7,417.9,1024.9,462.2
1765,1,car,0.3007,950.7,417.9,1024.9,462.2
1765,0,person,0.2572,1194.3,511.6,1216.7,574.3
1765,2,large_vehicle,0.1051,557.9,486.9,651.1,539.6
1766,2,large_vehicle,0.7691,780.6,601.6,1003.9,769.8
1766,1,car,0.6345,560.0,486.8,654.0,539.5
1766,2,large_vehicle,0.6039,197.5,763.8,330.5,869.7
1766,2,large_vehicle,0.3668,952.8,418.3,1025.1,462.2
1766,0,person,0.2031,1194.2,512.3,1216.5,574.2
1766,1,car,0.1910,952.8,418.3,1025.1,462.2
1766,2,large_vehicle,0.1490,560.0,486.8,654.0,539.5
1766,0,person,0.1347,1149.5,399.5,1162.5,429.1
1767,2,large_vehicle,0.7718,780.5,601.7,1003.8,769.7
1767,1,car,0.6348,559.7,486.9,652.6,539.4
1767,2,large_vehicle,0.6037,197.5,763.8,330.8,869.7
1767,2,large_vehicle,0.3706,952.8,418.2,1025.1,462.3
1767,1,car,0.1811,952.8,418.2,1025.1,462.3
1767,0,person,0.1670,1194.3,512.3,1216.5,574.3
1767,2,large_vehicle,0.1577,559.7,486.9,652.6,539.4
1767,0,person,0.1480,1149.5,399.5,1162.4,429.1
1768,2,large_vehicle,0.8079,793.8,597.1,1012.8,765.2
1768,1,car,0.6119,558.9,486.8,651.0,539.5
1768,2,large_vehicle,0.4006,207.3,763.4,344.3,869.2
1768,2,large_vehicle,0.3158,953.0,417.7,1025.7,462.2
1768,1,car,0.1989,953.0,417.7,1025.7,462.2
1768,2,large_vehicle,0.1797,558.9,486.8,651.0,539.5
1768,0,person,0.1245,1194.2,512.5,1216.4,573.9
1769,2,large_vehicle,0.8102,793.8,597.2,1012.8,765.1
1769,1,car,0.6015,559.0,487.0,652.5,539.5
1769,2,large_vehicle,0.4061,207.2,763.3,344.3,869.2
1769,2,large_vehicle,0.3282,952.6,417.8,1025.7,462.3
1769,1,car,0.2289,952.6,417.8,1025.7,462.3
1769,0,person,0.1916,1194.2,512.3,1216.5,574.1
1769,2,large_vehicle,0.1816,559.0,487.0,652.5,539.5
1770,2,large_vehicle,0.8094,793.8,597.1,1012.8,765.1
1770,1,car,0.6042,558.9,487.0,653.1,539.5
1770,2,large_vehicle,0.4020,207.2,763.3,344.3,869.2
1770,2,large_vehicle,0.3247,952.8,417.8,1025.6,462.2
1770,1,car,0.2190,952.8,417.8,1025.6,462.2
1770,0,person,0.1833,1194.2,512.4,1216.5,574.1
1770,2,large_vehicle,0.1764,558.9,487.0,653.1,539.5
1771,2,large_vehicle,0.8202,804.9,593.3,1022.2,761.2
1771,1,car,0.6267,559.2,487.1,657.2,539.4
1771,2,large_vehicle,0.4667,216.9,760.5,356.0,870.1
1771,2,large_vehicle,0.3117,952.7,417.6,1025.7,462.2
1771,1,car,0.2203,952.7,417.6,1025.7,462.2
1771,0,person,0.1881,1193.9,511.4,1216.1,573.9
1771,2,large_vehicle,0.1463,559.2,487.1,657.2,539.4
1772,2,large_vehicle,0.8175,804.9,593.3,1022.5,761.2
1772,1,car,0.6142,558.8,487.1,655.4,539.4
1772,2,large_vehicle,0.4611,217.0,760.5,356.2,870.1
1772,2,large_vehicle,0.3063,952.1,417.5,1025.3,462.2
1772,1,car,0.2188,952.1,417.5,1025.3,462.2
1772,0,person,0.1982,1194.0,511.6,1216.2,574.0
1772,2,large_vehicle,0.1649,558.8,487.1,655.4,539.4
1773,2,large_vehicle,0.7169,228.5,761.9,367.2,869.7
1773,1,car,0.6169,557.9,486.5,654.8,539.5
1773,2,large_vehicle,0.4331,817.7,589.7,1032.9,757.2
1773,2,large_vehicle,0.3807,951.4,417.3,1025.4,462.2
1773,1,car,0.2427,951.4,417.3,1025.4,462.2
1773,0,person,0.2123,1194.1,511.5,1216.0,573.9
1773,2,large_vehicle,0.1724,557.9,486.5,654.8,539.5
1774,2,large_vehicle,0.7253,228.5,761.9,367.2,869.7
1774,1,car,0.6529,558.0,486.6,654.8,539.5
1774,2,large_vehicle,0.4299,817.7,589.6,1032.8,757.2
1774,2,large_vehicle,0.3879,951.4,417.2,1025.3,462.2
1774,1,car,0.2382,951.4,417.2,1025.3,462.2
1774,0,person,0.2316,1194.1,511.4,1216.1,573.9
1774,2,large_vehicle,0.1393,558.0,486.6,654.8,539.5
1775,2,large_vehicle,0.7197,228.5,762.0,367.2,869.7
1775,1,car,0.5436,558.9,486.7,651.9,539.5
1775,2,large_vehicle,0.4098,817.6,589.6,1032.1,757.2
1775,2,large_vehicle,0.3213,951.7,417.2,1025.3,462.2
1775,1,car,0.2405,951.7,417.2,1025.3,462.2
1775,2,large_vehicle,0.2356,558.9,486.7,651.9,539.5
1775,0,person,0.2068,1194.2,511.5,1216.2,573.9
1776,2,large_vehicle,0.7524,238.3,760.0,380.1,869.9
1776,1,car,0.6436,559.8,487.2,653.9,539.4
1776,2,large_vehicle,0.3476,829.8,587.1,1037.6,753.6
1776,2,large_vehicle,0.2911,952.0,416.8,1025.9,462.2
1776,0,person,0.2277,1194.1,511.3,1216.2,573.9
1776,1,car,0.1987,952.0,416.8,1025.9,462.2
1776,2,large_vehicle,0.1720,559.8,487.2,653.9,539.4
1777,2,large_vehicle,0.7593,238.3,759.9,379.9,869.9
1777,1,car,0.6517,559.7,487.2,652.5,539.4
1777,2,large_vehicle,0.3541,829.9,587.1,1037.6,753.7
1777,2,large_vehicle,0.2911,952.1,417.1,1025.9,462.2
1777,0,person,0.2456,1194.3,511.3,1216.3,573.9
1777,1,car,0.2198,952.1,417.1,1025.9,462.2
1777,2,large_vehicle,0.1724,559.7,487.2,652.5,539.4
1778,2,large_vehicle,0.6090,250.9,759.1,393.2,869.0
1778,1,car,0.5561,559.5,486.9,649.9,539.5
1778,2,large_vehicle,0.3612,844.0,584.8,1048.9,750.1
1778,0,person,0.3315,1194.1,510.8,1216.3,573.5
1778,2,large_vehicle,0.2691,559.5,486.9,649.9,539.5
1778,2,large_vehicle,0.2075,952.3,416.7,1026.0,462.1
1778,1,car,0.1994,250.9,759.1,393.2,869.0
1778,1,car,0.1789,952.3,416.7,1026.0,462.1
1779,2,large_vehicle,0.6103,250.9,759.1,393.2,869.0
1779,1,car,0.5547,559.5,486.9,649.9,539.5
1779,2,large_vehicle,0.3639,844.0,584.8,1049.0,750.1
1779,0,person,0.3455,1194.1,510.7,1216.3,573.5
1779,2,large_vehicle,0.2706,559.5,486.9,649.9,539.5
1779,2,large_vehicle,0.2204,952.3,416.7,1025.9,462.1
1779,1,car,0.1996,250.9,759.1,393.2,869.0
1779,1,car,0.1772,952.3,416.7,1025.9,462.1
1780,2,large_vehicle,0.6210,250.9,759.1,392.9,869.0
1780,1,car,0.5537,559.1,486.7,650.0,539.5
1780,2,large_vehicle,0.3662,844.0,584.8,1048.7,750.0
1780,0,person,0.3616,1194.1,510.6,1216.4,573.9
1780,2,large_vehicle,0.2750,559.1,486.7,650.0,539.5
1780,1,car,0.1987,250.9,759.1,392.9,869.0
1780,2,large_vehicle,0.1953,952.5,417.1,1025.9,462.1
1780,1,car,0.1939,952.5,417.1,1025.9,462.1
1781,1,car,0.5687,556.3,486.5,651.2,539.4
1781,2,large_vehicle,0.5378,855.2,580.7,1056.6,744.8
1781,2,large_vehicle,0.3474,260.3,758.2,408.7,868.0
1781,2,large_vehicle,0.2996,260.7,758.0,408.3,868.1
1781,2,large_vehicle,0.2467,952.0,416.9,1025.6,462.2
1781,1,car,0.2388,952.0,416.9,1025.6,462.2
1781,0,person,0.2300,1194.0,510.8,1216.7,573.5
1781,2,large_vehicle,0.2221,556.3,486.5,651.2,539.4
1781,1,car,0.1434,260.7,758.0,408.3,868.1
1781,1,car,0.1303,260.3,758.2,408.7,868.0
1782,2,large_vehicle,0.7328,272.8,758.5,419.2,867.7
1782,2,large_vehicle,0.7066,865.7,578.0,1063.8,739.3
1782,1,car,0.6261,558.8,486.8,651.5,539.5
1782,2,large_vehicle,0.2909,951.0,416.8,1025.6,462.1
1782,1,car,0.2619,951.0,416.8,1025.6,462.1
1782,0,person,0.2580,1194.3,511.0,1216.7,573.6
1782,2,large_vehicle,0.1890,558.8,486.8,651.5,539.5
1782,0,person,0.1694,465.4,501.9,483.9,556.3
1782,1,car,0.1522,272.8,758.5,419.2,867.7
1783,2,large_vehicle,0.7344,272.8,758.6,419.1,867.7
1783,2,large_vehicle,0.7102,865.7,578.1,1063.4,739.2
1783,1,car,0.6440,558.2,486.6,651.7,539.5
1783,2,large_vehicle,0.3141,950.4,416.8,1025.5,462.1
1783,1,car,0.2813,950.4,416.8,1025.5,462.1
1783,0,person,0.2155,1194.4,511.2,1216.9,573.7
1783,0,person,0.1697,465.5,501.9,484.1,556.4
1783,2,large_vehicle,0.1653,558.2,486.6,651.7,539.5
1783,1,car,0.1544,272.8,758.6,419.1,867.7
1784,2,large_vehicle,0.7341,272.8,758.5,419.2,867.7
1784,2,large_vehicle,0.7095,865.8,578.0,1063.3,739.4
1784,1,car,0.6561,558.6,487.0,651.3,539.5
1784,2,large_vehicle,0.2970,950.8,416.6,1025.5,462.2
1784,1,car,0.2860,950.8,416.6,1025.5,462.2
1784,0,person,0.2230,1194.4,511.0,1216.9,573.7
1784,2,large_vehicle,0.1631,558.6,487.0,651.3,539.5
1784,1,car,0.1536,272.8,758.5,419.2,867.7
1784,0,person,0.1370,465.5,501.4,483.9,556.2
1785,2,large_vehicle,0.7458,878.1,575.9,1069.9,736.7
1785,1,car,0.6744,559.6,487.1,652.0,539.4
1785,2,large_vehicle,0.6615,283.6,755.3,432.2,868.1
1785,0,person,0.3076,1194.0,510.3,1217.1,573.5
1785,2,large_vehicle,0.2417,951.4,416.2,1025.6,462.1
1785,1,car,0.2123,951.4,416.2,1025.6,462.1
1785,0,person,0.1991,912.8,444.8,931.5,487.5
1785,1,car,0.1834,283.6,755.3,432.2,868.1
1785,2,large_vehicle,0.1287,559.6,487.1,652.0,539.4
1786,2,large_vehicle,0.7474,878.1,575.9,1069.4,736.7
1786,1,car,0.6972,559.4,487.2,652.5,539.3
1786,2,large_vehicle,0.6653,283.6,755.4,432.1,868.0
1786,0,person,0.3270,1194.0,510.3,1216.9,573.6
1786,2,large_vehicle,0.2460,951.4,416.5,1025.5,462.1
1786,1,car,0.2111,951.4,416.5,1025.5,462.1
1786,0,person,0.2035,912.7,445.2,931.4,487.6
1786,1,car,0.1731,283.6,755.4,432.1,868.0
1786,2,large_vehicle,0.1068,559.4,487.2,652.5,539.3
1787,2,large_vehicle,0.7709,889.2,572.2,1073.4,734.2
1787,1,car,0.6143,558.3,486.7,650.2,539.4
1787,2,large_vehicle,0.4254,290.0,754.9,445.4,866.7
1787,1,car,0.4030,290.0,754.9,445.4,866.7
1787,0,person,0.3604,1193.9,510.5,1217.0,573.7
1787,1,car,0.2218,953.2,416.7,1025.6,461.9
1787,2,large_vehicle,0.2140,558.3,486.7,650.2,539.4
1787,2,large_vehicle,0.1976,953.2,416.7,1025.6,461.9
1787,0,person,0.1909,913.3,445.3,931.0,487.8
1788,2,large_vehicle,0.7709,889.2,572.2,1073.5,734.2
1788,1,car,0.6074,558.3,486.7,650.2,539.4
1788,2,large_vehicle,0.4225,290.0,754.9,445.4,866.7
1788,1,car,0.4059,290.0,754.9,445.4,866.7
1788,0,person,0.4041,1193.9,510.4,1217.0,573.6
1788,2,large_vehicle,0.2253,558.3,486.7,650.2,539.4
1788,1,car,0.2214,953.2,416.8,1025.6,461.9
1788,0,person,0.1978,913.3,445.3,931.1,487.8
1788,2,large_vehicle,0.1957,953.2,416.8,1025.6,461.9
1789,2,large_vehicle,0.7703,889.2,572.2,1073.6,734.1
1789,1,car,0.6442,558.7,486.8,650.8,539.4
1789,2,large_vehicle,0.4170,290.1,754.9,445.4,866.7
1789,1,car,0.4098,290.1,754.9,445.4,866.7
1789,0,person,0.3426,1193.9,510.4,1217.0,573.3
1789,1,car,0.2417,953.0,417.0,1025.4,461.9
1789,0,person,0.1936,913.3,445.5,931.0,487.8
1789,2,large_vehicle,0.1875,953.0,417.0,1025.4,461.9
1789,2,large_vehicle,0.1834,558.7,486.8,650.8,539.4
1790,2,large_vehicle,0.6641,900.7,570.3,1079.9,728.6
1790,1,car,0.6470,558.9,487.1,652.3,539.3
1790,2,large_vehicle,0.5701,307.6,751.6,458.1,866.0
1790,0,person,0.2962,1194.3,510.6,1217.3,573.8
1790,1,car,0.2853,307.6,751.6,458.1,866.0
1790,1,car,0.2350,951.5,417.1,1025.1,461.9
1790,2,large_vehicle,0.2098,951.5,417.1,1025.1,461.9
1790,2,large_vehicle,0.1525,558.9,487.1,652.3,539.3
1791,2,large_vehicle,0.6784,900.8,570.2,1079.7,728.4
1791,1,car,0.6457,558.8,487.1,652.2,539.3
1791,2,large_vehicle,0.5612,307.3,751.5,458.1,865.9
1791,0,person,0.3032,1194.3,510.6,1217.3,573.8
1791,1,car,0.2892,307.3,751.5,458.1,865.9
1791,1,car,0.2402,951.3,417.1,1025.0,461.9
1791,2,large_vehicle,0.2058,951.3,417.1,1025.0,461.9
1791,2,large_vehicle,0.1522,558.8,487.1,652.2,539.3
1792,1,car,0.7460,557.8,486.7,652.5,539.4
1792,2,large_vehicle,0.6988,905.7,567.6,1088.8,725.0
1792,2,large_vehicle,0.6862,321.5,749.6,473.7,864.7
1792,1,car,0.3575,949.7,416.5,1025.4,462.0
1792,0,person,0.2535,1194.4,510.5,1217.1,573.7
1792,2,large_vehicle,0.2264,949.7,416.5,1025.4,462.0
1792,1,car,0.1928,321.5,749.6,473.7,864.7
1793,1,car,0.7415,558.6,487.0,651.9,539.4
1793,2,large_vehicle,0.6895,905.7,567.6,1088.8,724.9
1793,2,large_vehicle,0.6884,321.5,749.6,473.6,864.6
1793,0,person,0.3913,1194.2,510.5,1217.0,573.7
1793,1,car,0.3408,949.6,416.5,1025.5,462.0
1793,2,large_vehicle,0.2249,949.6,416.5,1025.5,462.0
1793,1,car,0.1979,321.5,749.6,473.6,864.6
1794,1,car,0.7452,558.6,487.0,651.9,539.4
1794,2,large_vehicle,0.6894,905.7,567.6,1088.8,724.9
1794,2,large_vehicle,0.6855,321.5,749.6,473.6,864.6
1794,0,person,0.3863,1194.2,510.5,1217.0,573.7
1794,1,car,0.3361,949.6,416.5,1025.5,462.0
1794,2,large_vehicle,0.2224,949.6,416.5,1025.5,462.0
1794,1,car,0.2018,321.5,749.6,473.6,864.6
1795,2,large_vehicle,0.7444,333.9,749.1,485.9,863.6
1795,1,car,0.7077,559.9,487.0,653.0,539.1
1795,2,large_vehicle,0.4735,921.9,564.2,1097.3,722.5
1795,0,person,0.3860,1194.3,511.0,1216.9,573.5
1795,1,car,0.2553,952.7,417.3,1025.4,462.0
1795,2,large_vehicle,0.1800,952.7,417.3,1025.4,462.0
1795,1,car,0.1408,333.9,749.1,485.9,863.6
1795,0,person,0.1277,1141.1,400.2,1152.4,427.0
1796,2,large_vehicle,0.7437,333.8,749.1,485.8,863.7
1796,1,car,0.6562,560.6,487.0,651.9,539.3
1796,2,large_vehicle,0.4811,921.2,564.2,1097.4,722.5
1796,0,person,0.3630,1194.3,511.1,1217.0,573.6
1796,1,car,0.2134,953.3,417.0,1025.3,461.9
1796,0,person,0.1932,1141.1,400.2,1152.6,427.8
1796,2,large_vehicle,0.1520,953.3,417.0,1025.3,461.9
1796,2,large_vehicle,0.1436,560.6,487.0,651.9,539.3
1796,1,car,0.1421,333.8,749.1,485.8,863.7
1797,2,large_vehicle,0.7415,347.2,747.6,500.7,862.2
1797,1,car,0.5610,559.3,486.8,650.7,539.3
1797,0,person,0.3746,1194.3,510.9,1217.0,573.7
1797,2,large_vehicle,0.2618,559.3,486.8,650.7,539.3
1797,1,car,0.1945,953.1,417.2,1025.4,461.8
1797,2,large_vehicle,0.1731,953.1,417.2,1025.4,461.8
1797,1,car,0.1629,347.2,747.6,500.7,862.2
1798,2,large_vehicle,0.7391,347.2,747.6,500.7,862.2
1798,1,car,0.5426,559.4,486.6,651.2,539.3
1798,0,person,0.4370,1194.4,511.5,1216.8,573.7
1798,2,large_vehicle,0.2761,559.4,486.6,651.2,539.3
1798,1,car,0.1968,952.8,417.0,1025.4,461.8
1798,2,large_vehicle,0.1721,952.8,417.0,1025.4,461.8
1798,1,car,0.1672,347.2,747.6,500.7,862.2
1799,2,large_vehicle,0.7348,347.1,747.6,500.7,862.2
1799,1,car,0.4889,559.7,486.9,650.4,539.3
1799,0,person,0.3870,1194.4,511.7,1216.9,573.6
1799,2,large_vehicle,0.3228,559.7,486.9,650.4,539.3
1799,1,car,0.1935,952.8,416.8,1025.6,461.8
1799,1,car,0.1714,347.1,747.6,500.7,862.2
1799,2,large_vehicle,0.1642,952.8,416.8,1025.6,461.8
1800,2,large_vehicle,0.7937,357.5,745.4,515.1,861.0
1800,2,large_vehicle,0.7226,943.7,560.7,1110.0,710.4
1800,1,car,0.5788,560.2,486.8,653.2,539.3
1800,0,person,0.4631,1194.3,511.4,1217.0,573.5
1800,1,car,0.2230,952.2,416.1,1025.9,461.9
1800,2,large_vehicle,0.2221,952.2,416.1,1025.9,461.9
1800,2,large_vehicle,0.2068,560.2,486.8,653.2,539.3
1800,1,car,0.1308,357.5,745.4,515.1,861.0
1801,2,large_vehicle,0.7986,357.6,745.4,515.1,861.0
1801,2,large_vehicle,0.7139,943.7,560.7,1110.0,710.4
1801,1,car,0.5963,559.6,486.9,653.1,539.2
1801,0,person,0.4067,1194.3,511.6,1217.2,573.4
1801,2,large_vehicle,0.2603,952.1,416.1,1025.8,462.0
1801,1,car,0.2183,952.1,416.1,1025.8,462.0
1801,2,large_vehicle,0.1943,559.6,486.9,653.1,539.2
1801,1,car,0.1242,357.6,745.4,515.1,861.0
1802,2,large_vehicle,0.8057,372.7,742.7,529.2,859.9
1802,1,car,0.6912,557.8,486.6,651.8,539.3
1802,0,person,0.4640,1194.3,510.8,1217.3,573.6
1802,2,large_vehicle,0.3704,950.2,416.4,1025.5,462.1
1802,1,car,0.2545,950.2,416.4,1025.5,462.1
1802,2,large_vehicle,0.1287,557.8,486.6,651.8,539.3
1803,2,large_vehicle,0.8057,372.7,742.6,529.2,859.9
1803,1,car,0.6816,557.8,486.5,651.7,539.3
1803,0,person,0.4657,1194.3,510.8,1217.3,573.6
1803,2,large_vehicle,0.3759,950.3,416.4,1025.5,462.1
1803,1,car,0.2493,950.3,416.4,1025.5,462.1
1803,2,large_vehicle,0.1425,557.8,486.5,651.7,539.3
1804,2,large_vehicle,0.8093,372.7,742.7,529.1,859.8
1804,1,car,0.6835,557.2,486.2,650.6,539.3
1804,2,large_vehicle,0.3761,950.2,416.5,1025.4,462.1
1804,0,person,0.3488,1194.4,511.2,1217.1,573.6
1804,1,car,0.2522,950.2,416.5,1025.4,462.1
1804,2,large_vehicle,0.1476,557.2,486.2,650.6,539.3
1805,2,large_vehicle,0.8340,387.2,739.6,544.0,858.7
1805,1,car,0.6498,560.8,487.3,650.6,539.2
1805,2,large_vehicle,0.3334,953.1,416.3,1026.1,462.0
1805,2,large_vehicle,0.2319,964.5,555.1,1125.7,701.3
1805,0,person,0.2010,1194.5,512.2,1216.4,573.5
1805,2,large_vehicle,0.1798,560.8,487.3,650.6,539.2
1805,1,car,0.1392,953.1,416.3,1026.1,462.0
1806,2,large_vehicle,0.7889,397.1,737.4,557.6,856.4
1806,1,car,0.7070,558.9,486.7,651.6,539.4
1806,2,large_vehicle,0.5326,973.8,553.8,1136.3,698.7
1806,0,person,0.4833,1194.3,511.8,1217.0,573.8
1806,2,large_vehicle,0.2604,952.8,415.8,1025.9,461.9
1806,1,car,0.1696,952.8,415.8,1025.9,461.9
1806,2,large_vehicle,0.1271,558.9,486.7,651.6,539.4
1807,2,large_vehicle,0.7891,397.2,737.4,557.6,856.4
1807,1,car,0.6785,558.7,486.7,652.0,539.4
1807,2,large_vehicle,0.5612,973.8,553.8,1136.3,698.7
1807,0,person,0.4835,1194.3,511.5,1217.0,573.8
1807,2,large_vehicle,0.2547,953.6,415.9,1026.0,461.9
1807,1,car,0.1669,953.6,415.9,1026.0,461.9
1807,2,large_vehicle,0.1516,558.7,486.7,652.0,539.4
1808,2,large_vehicle,0.7928,397.3,737.4,557.6,856.4
1808,1,car,0.6438,558.9,487.0,651.1,539.4
1808,0,person,0.5458,1194.2,511.1,1217.1,573.9
1808,2,large_vehicle,0.5333,973.8,553.8,1136.1,698.6
1808,2,large_vehicle,0.2371,953.5,415.9,1026.0,461.8
1808,2,large_vehicle,0.1957,558.9,487.0,651.1,539.4
1808,1,car,0.1701,953.5,415.9,1026.0,461.8
1809,2,large_vehicle,0.8282,413.5,734.8,574.7,855.4
1809,1,car,0.6161,559.2,486.8,655.9,539.4
1809,0,person,0.5124,1194.3,511.2,1216.7,573.7
1809,2,large_vehicle,0.3833,983.6,551.3,1144.9,696.0
1809,2,large_vehicle,0.2912,952.5,416.3,1025.6,461.9
1809,1,car,0.1851,952.5,416.3,1025.6,461.9
1809,2,large_vehicle,0.1833,559.2,486.8,655.9,539.4
1809,2,large_vehicle,0.1314,982.8,550.9,1144.9,695.8
1810,2,large_vehicle,0.8248,413.5,734.8,574.8,855.4
1810,1,car,0.6621,559.2,486.8,657.5,539.3
1810,0,person,0.5142,1194.4,511.4,1216.6,573.6
1810,2,large_vehicle,0.3466,982.8,550.9,1144.9,695.7
1810,2,large_vehicle,0.2750,952.6,416.5,1025.8,461.9
1810,2,large_vehicle,0.2444,983.6,551.3,1144.9,696.0
1810,1,car,0.1816,952.6,416.5,1025.8,461.9
1810,2,large_vehicle,0.1319,559.2,486.8,657.5,539.3
1811,1,car,0.7338,558.2,486.8,653.8,539.4
1811,2,large_vehicle,0.7267,428.6,732.6,589.8,853.1
1811,2,large_vehicle,0.6092,991.7,549.9,1151.3,691.4
1811,0,person,0.3748,1194.2,510.8,1216.8,573.5
1811,2,large_vehicle,0.2933,950.1,416.0,1025.8,462.0
1811,1,car,0.2303,950.1,416.0,1025.8,462.0
1811,1,car,0.2207,428.6,732.6,589.8,853.1
1812,1,car,0.7303,558.2,486.8,653.5,539.4
1812,2,large_vehicle,0.7277,428.6,732.7,589.9,853.1
1812,2,large_vehicle,0.6055,991.7,549.8,1151.3,691.4
1812,0,person,0.3773,1194.2,510.9,1216.8,573.7
1812,2,large_vehicle,0.2967,950.1,416.0,1025.8,462.0
1812,1,car,0.2358,950.1,416.0,1025.8,462.0
1812,1,car,0.2201,428.6,732.7,589.9,853.1
1813,2,large_vehicle,0.7285,428.6,732.7,589.9,853.1
1813,1,car,0.7284,558.7,486.8,653.4,539.4
1813,2,large_vehicle,0.6073,991.7,549.9,1151.0,691.4
1813,0,person,0.4210,1194.2,511.0,1216.7,573.4
1813,2,large_vehicle,0.3232,950.2,416.2,1025.8,462.1
1813,1,car,0.2698,950.2,416.2,1025.8,462.1
1813,1,car,0.2197,428.6,732.7,589.9,853.1
1814,1,car,0.7095,560.7,487.2,655.3,539.3
1814,2,large_vehicle,0.6080,440.1,730.0,603.1,850.8
1814,2,large_vehicle,0.5782,1001.9,547.4,1154.3,688.6
1814,0,person,0.5043,1194.6,511.5,1217.1,573.6
1814,1,car,0.3122,440.1,730.0,603.1,850.8
1814,2,large_vehicle,0.2593,953.3,416.8,1026.3,461.9
1814,1,car,0.2185,953.3,416.8,1026.3,461.9
1814,0,person,0.2004,455.8,505.0,472.9,557.4
1815,1,car,0.7161,560.6,487.2,655.4,539.3
1815,2,large_vehicle,0.5992,439.4,730.0,603.0,850.8
1815,2,large_vehicle,0.5821,1002.0,547.5,1154.2,688.6
1815,0,person,0.4455,1194.6,511.5,1216.7,573.5
1815,1,car,0.3184,439.4,730.0,603.0,850.8
1815,2,large_vehicle,0.2601,953.3,416.8,1026.0,461.9
1815,1,car,0.2186,953.3,416.8,1026.0,461.9
1815,0,person,0.2069,455.8,505.0,472.9,557.3
1816,2,large_vehicle,0.7933,456.0,727.1,618.3,847.7
1816,2,large_vehicle,0.6360,1011.3,544.6,1162.7,685.3
1816,1,car,0.5996,559.4,486.6,653.2,539.3
1816,0,person,0.4819,1194.8,512.0,1216.7,573.5
1816,2,large_vehicle,0.2893,954.4,417.2,1025.7,461.9
1816,1,car,0.2197,954.4,417.2,1025.7,461.9
1816,2,large_vehicle,0.2127,559.4,486.6,653.2,539.3
1817,2,large_vehicle,0.7937,455.9,727.1,618.4,847.7
1817,2,large_vehicle,0.6286,1011.3,544.6,1162.3,685.5
1817,1,car,0.4722,559.7,486.4,653.2,539.3
1817,0,person,0.4399,1194.6,511.8,1216.8,573.2
1817,2,large_vehicle,0.3233,559.7,486.4,653.2,539.3
1817,2,large_vehicle,0.2544,954.4,417.3,1025.5,461.9
1817,1,car,0.1907,954.4,417.3,1025.5,461.9
1818,2,large_vehicle,0.7973,456.1,727.1,618.4,847.7
1818,2,large_vehicle,0.6315,1011.3,544.6,1162.3,685.4
1818,1,car,0.4679,559.7,486.4,653.2,539.3
1818,0,person,0.4592,1194.6,511.7,1216.7,573.3
1818,2,large_vehicle,0.3271,559.7,486.4,653.2,539.3
1818,2,large_vehicle,0.2706,954.5,417.4,1025.5,461.9
1818,1,car,0.1772,954.5,417.4,1025.5,461.9
1819,2,large_vehicle,0.8067,473.0,725.3,633.6,845.4
1819,2,large_vehicle,0.7401,1019.7,542.5,1169.1,682.7
1819,1,car,0.6069,559.8,486.8,657.5,539.2
1819,0,person,0.3796,1194.9,512.4,1216.5,573.3
1819,0,person,0.3062,454.0,500.7,472.3,556.7
1819,2,large_vehicle,0.2888,952.7,417.7,1025.4,461.9
1819,1,car,0.2039,952.7,417.7,1025.4,461.9
1819,2,large_vehicle,0.1744,559.8,486.8,657.5,539.2
1819,1,car,0.1004,473.0,725.3,633.6,845.4
1820,2,large_vehicle,0.8119,473.0,725.3,633.6,845.4
1820,2,large_vehicle,0.7370,1019.6,542.5,1169.1,682.7
1820,1,car,0.6103,560.3,486.8,658.6,539.2
1820,0,person,0.3888,1194.7,512.0,1216.2,573.2
1820,2,large_vehicle,0.3376,953.0,417.6,1025.5,462.0
1820,0,person,0.3180,453.6,499.5,472.5,556.7
1820,1,car,0.2386,953.0,417.6,1025.5,462.0
1820,2,large_vehicle,0.1733,560.3,486.8,658.6,539.2
1821,2,large_vehicle,0.7493,486.5,721.9,647.9,842.7
1821,1,car,0.7455,558.6,486.6,651.3,539.4
1821,2,large_vehicle,0.6310,1028.9,540.6,1175.9,678.1
1821,0,person,0.4712,1194.7,511.0,1216.4,572.9
1821,2,large_vehicle,0.3628,951.2,417.2,1025.4,462.0
1821,1,car,0.2414,951.2,417.2,1025.4,462.0
1821,1,car,0.1082,486.5,721.9,647.9,842.7
1822,2,large_vehicle,0.7676,486.4,721.9,647.8,842.8
1822,1,car,0.7568,558.9,486.5,652.2,539.3
1822,2,large_vehicle,0.6472,1028.9,540.7,1175.8,678.1
1822,0,person,0.4883,1194.6,511.0,1216.1,573.1
1822,2,large_vehicle,0.3836,951.3,417.4,1025.5,462.0
1822,1,car,0.2260,951.3,417.4,1025.5,462.0
1823,1,car,0.7768,558.7,486.8,651.5,539.4
1823,2,large_vehicle,0.7485,486.4,721.9,647.8,842.8
1823,2,large_vehicle,0.6320,1028.9,540.7,1175.8,678.1
1823,0,person,0.4869,1194.7,511.3,1216.1,572.8
1823,2,large_vehicle,0.3681,951.2,417.0,1025.6,461.9
1823,1,car,0.2053,951.2,417.0,1025.6,461.9
1823,1,car,0.1091,486.4,721.9,647.8,842.8
1824,2,large_vehicle,0.7605,502.0,722.7,664.6,839.8
1824,1,car,0.7264,560.8,487.2,655.5,539.2
1824,2,large_vehicle,0.5659,1036.1,538.7,1180.6,674.2
1824,0,person,0.3621,1194.9,512.0,1215.8,572.9
1824,2,large_vehicle,0.3280,953.2,417.4,1025.4,461.8
1824,1,car,0.1533,953.2,417.4,1025.4,461.8
1824,1,car,0.1079,502.0,722.7,664.6,839.8
1825,2,large_vehicle,0.7618,502.0,723.0,664.6,839.8
1825,1,car,0.7342,560.3,487.2,653.9,539.2
1825,2,large_vehicle,0.5638,1036.1,538.7,1180.5,674.3
1825,0,person,0.3455,1194.8,512.2,1215.9,572.7
1825,2,large_vehicle,0.3054,952.5,417.4,1025.6,461.9
1825,1,car,0.1699,952.5,417.4,1025.6,461.9
1825,1,car,0.1057,502.0,723.0,664.6,839.8
1826,1,car,0.6630,559.6,486.5,657.2,539.3
1826,2,large_vehicle,0.6142,516.9,715.8,678.2,838.0
1826,2,large_vehicle,0.4378,1044.6,536.9,1186.8,670.6
1826,1,car,0.3476,516.9,715.8,678.2,838.0
1826,0,person,0.3162,1195.2,513.2,1215.8,573.0
1826,2,large_vehicle,0.2582,954.0,417.4,1025.6,461.9
1826,1,car,0.1504,954.0,417.4,1025.6,461.9
1826,2,large_vehicle,0.1420,559.6,486.5,657.2,539.3
1827,1,car,0.6708,559.6,486.4,657.3,539.3
1827,2,large_vehicle,0.6107,516.9,715.8,678.2,838.0
1827,2,large_vehicle,0.4379,1044.6,536.9,1186.9,670.5
1827,1,car,0.3516,516.9,715.8,678.2,838.0
1827,0,person,0.3024,1195.1,513.3,1215.8,573.0
1827,2,large_vehicle,0.2522,954.1,417.4,1025.6,461.9
1827,1,car,0.1450,954.1,417.4,1025.6,461.9
1827,2,large_vehicle,0.1344,559.6,486.4,657.3,539.3
1828,1,car,0.6714,559.6,486.5,657.9,539.3
1828,2,large_vehicle,0.6248,516.9,715.9,678.2,838.0
1828,2,large_vehicle,0.4527,1044.6,536.9,1186.9,670.5
1828,1,car,0.3365,516.9,715.9,678.2,838.0
1828,0,person,0.2982,1195.2,513.7,1215.8,573.1
1828,2,large_vehicle,0.2319,953.8,417.6,1025.7,461.9
1828,1,car,0.1531,953.8,417.6,1025.7,461.9
1828,2,large_vehicle,0.1352,559.6,486.5,657.9,539.3
1829,1,car,0.7037,558.3,486.4,660.4,539.3
1829,2,large_vehicle,0.5471,1054.3,534.3,1192.1,667.8
1829,1,car,0.5320,531.5,712.5,693.0,834.3
1829,2,large_vehicle,0.3695,531.5,712.5,693.0,834.3
1829,2,large_vehicle,0.3182,952.7,417.3,1025.6,462.0
1829,0,person,0.2217,1195.1,512.4,1215.9,572.8
1829,1,car,0.1084,952.7,417.3,1025.6,462.0
1830,1,car,0.7527,559.0,486.3,653.8,539.2
1830,2,large_vehicle,0.4685,1060.9,533.0,1197.6,665.1
1830,2,large_vehicle,0.4553,546.9,709.1,708.8,830.9
1830,1,car,0.4355,546.9,709.1,708.8,830.9
1830,2,large_vehicle,0.3760,952.2,416.5,1025.7,461.9
1830,1,car,0.1503,952.2,416.5,1025.7,461.9
1830,0,person,0.1119,450.7,507.0,468.8,555.1
1831,1,car,0.7622,559.3,486.4,655.4,539.2
1831,2,large_vehicle,0.4931,1060.8,532.9,1197.6,665.0
1831,2,large_vehicle,0.4683,546.9,709.1,708.8,831.0
1831,2,large_vehicle,0.4227,951.7,416.3,1025.7,461.9
1831,1,car,0.4210,546.9,709.1,708.8,831.0
1831,1,car,0.1356,951.7,416.3,1025.7,461.9
1831,0,person,0.1113,450.7,506.2,469.0,555.1
1832,1,car,0.7653,560.4,486.8,655.2,539.2
1832,2,large_vehicle,0.4829,1060.8,532.9,1197.4,665.0
1832,1,car,0.4543,546.9,709.1,708.7,830.9
1832,2,large_vehicle,0.4358,546.9,709.1,708.7,830.9
1832,2,large_vehicle,0.3922,951.8,416.6,1025.6,461.9
1832,1,car,0.1347,951.8,416.6,1025.6,461.9
1832,0,person,0.1114,450.7,505.1,468.7,554.9
1833,1,car,0.7377,559.6,486.5,653.0,539.2
1833,2,large_vehicle,0.4628,1067.7,529.9,1204.0,660.5
1833,2,large_vehicle,0.4496,561.7,705.6,724.8,828.2
1833,1,car,0.3710,561.7,705.6,724.8,828.2
1833,2,large_vehicle,0.3038,952.7,416.6,1025.6,461.8
1833,1,car,0.1065,952.7,416.6,1025.6,461.8
1834,1,car,0.7416,559.6,486.6,655.3,539.1
1834,2,large_vehicle,0.4515,1067.6,529.9,1204.0,660.5
1834,2,large_vehicle,0.4514,561.7,705.5,725.0,828.2
1834,1,car,0.3740,561.7,705.5,725.0,828.2
1834,2,large_vehicle,0.2894,952.8,417.0,1025.6,461.7
1834,1,car,0.1062,952.8,417.0,1025.6,461.7
1835,1,car,0.6070,559.8,486.5,653.0,539.1
1835,2,large_vehicle,0.5658,577.0,702.6,738.9,824.5
1835,2,large_vehicle,0.3232,1077.4,528.5,1208.5,656.8
1835,2,large_vehicle,0.2282,953.9,416.7,1025.5,461.7
1835,2,large_vehicle,0.2204,559.8,486.5,653.0,539.1
1835,1,car,0.1513,577.0,702.6,738.9,824.5
1835,1,car,0.1066,953.9,416.7,1025.5,461.7
1836,1,car,0.6083,559.9,486.5,653.1,539.1
1836,2,large_vehicle,0.5669,577.0,702.6,738.9,824.4
1836,2,large_vehicle,0.3224,1077.4,528.5,1208.5,656.7
1836,2,large_vehicle,0.2273,953.9,416.7,1025.5,461.7
1836,2,large_vehicle,0.2197,559.9,486.5,653.1,539.1
1836,1,car,0.1514,577.0,702.6,738.9,824.4
1836,1,car,0.1040,953.9,416.7,1025.5,461.7
1837,1,car,0.6091,560.0,486.5,653.0,539.1
1837,2,large_vehicle,0.5691,577.0,702.6,738.9,824.4
1837,2,large_vehicle,0.3260,1077.4,528.6,1208.4,656.8
1837,2,large_vehicle,0.2498,953.9,416.7,1025.5,461.7
1837,2,large_vehicle,0.2230,560.0,486.5,653.0,539.1
1837,1,car,0.1540,577.0,702.6,738.9,824.4
1837,1,car,0.1225,953.9,416.7,1025.5,461.7
1838,2,large_vehicle,0.6771,590.5,698.1,754.2,822.3
1838,1,car,0.6602,559.7,486.8,658.0,539.1
1838,0,person,0.4199,448.7,511.9,466.3,555.5
1838,2,large_vehicle,0.4104,1084.9,526.5,1211.3,653.9
1838,2,large_vehicle,0.3714,952.3,416.5,1025.5,461.8
1838,1,car,0.1948,590.5,698.1,754.2,822.3
1838,1,car,0.1756,952.3,416.5,1025.5,461.8
1838,2,large_vehicle,0.1465,559.7,486.8,658.0,539.1
1838,0,person,0.1025,449.7,511.6,468.6,555.8
1839,2,large_vehicle,0.6721,590.4,698.2,754.3,822.3
1839,1,car,0.6633,559.7,486.8,657.8,539.1
1839,0,person,0.4421,448.6,512.0,466.6,555.6
1839,2,large_vehicle,0.3938,1085.0,526.4,1211.3,654.1
1839,2,large_vehicle,0.3780,952.3,416.2,1025.6,461.8
1839,1,car,0.2036,590.4,698.2,754.3,822.3
1839,1,car,0.1742,952.3,416.2,1025.6,461.8
1839,2,large_vehicle,0.1429,559.7,486.8,657.8,539.1
1839,0,person,0.1164,449.5,511.7,468.8,555.9
1840,1,car,0.7674,559.5,486.4,660.3,539.2
1840,2,large_vehicle,0.6405,607.6,694.3,770.9,818.5
1840,0,person,0.4791,448.2,506.6,465.6,554.3
1840,2,large_vehicle,0.4205,951.0,416.6,1025.7,462.0
1840,1,car,0.2080,951.0,416.6,1025.7,462.0
1840,2,large_vehicle,0.1820,1091.0,525.3,1217.2,651.9
1840,1,car,0.1585,607.6,694.3,770.9,818.5
1841,1,car,0.7867,559.3,486.5,659.9,539.2
1841,2,large_vehicle,0.6230,607.7,694.3,770.5,818.5
1841,0,person,0.5110,448.3,507.5,465.2,554.4
1841,2,large_vehicle,0.3925,950.8,416.4,1025.9,461.9
1841,1,car,0.2148,950.8,416.4,1025.9,461.9
1841,2,large_vehicle,0.1781,1091.0,525.3,1217.2,651.9
1841,1,car,0.1736,607.7,694.3,770.5,818.5
1842,1,car,0.7881,559.4,486.5,660.3,539.2
1842,2,large_vehicle,0.6200,607.7,694.3,770.5,818.5
1842,0,person,0.5101,448.3,507.5,465.2,554.4
1842,2,large_vehicle,0.3868,950.8,416.4,1025.9,461.9
1842,1,car,0.2240,950.8,416.4,1025.9,461.9
1842,2,large_vehicle,0.1795,1091.0,525.3,1217.2,651.9
1842,1,car,0.1741,607.7,694.3,770.5,818.5
1843,2,large_vehicle,0.7445,622.3,690.5,781.8,815.0
1843,1,car,0.6941,560.4,486.7,658.9,539.1
1843,0,person,0.4699,447.8,507.2,463.7,551.2
1843,2,large_vehicle,0.3134,953.4,416.6,1026.2,461.9
1843,1,car,0.1743,953.4,416.6,1026.2,461.9
1843,1,car,0.1469,622.3,690.5,781.8,815.0
1843,2,large_vehicle,0.1212,560.4,486.7,658.9,539.1
1844,2,large_vehicle,0.7376,622.2,690.5,781.8,815.0
1844,1,car,0.7068,560.2,486.7,658.4,539.1
1844,0,person,0.4652,447.9,506.8,463.8,551.3
1844,2,large_vehicle,0.2779,953.4,416.3,1026.4,461.8
1844,1,car,0.1603,953.4,416.3,1026.4,461.8
1844,1,car,0.1533,622.2,690.5,781.8,815.0
1844,2,large_vehicle,0.1125,560.2,486.7,658.4,539.1
1845,2,large_vehicle,0.7447,637.0,686.9,798.7,811.6
1845,1,car,0.6307,559.9,486.7,656.0,539.1
1845,0,person,0.5750,447.0,510.0,462.8,553.0
1845,2,large_vehicle,0.2842,953.8,416.1,1026.4,461.7
1845,2,large_vehicle,0.2280,1104.9,519.9,1283.9,644.2
1845,1,car,0.1782,953.8,416.1,1026.4,461.7
1845,2,large_vehicle,0.1775,559.9,486.7,656.0,539.1
1845,1,car,0.1147,637.0,686.9,798.7,811.6
1846,2,large_vehicle,0.7510,637.0,686.9,798.5,811.6
1846,1,car,0.6622,559.8,486.5,659.3,539.1
1846,0,person,0.5891,447.0,509.9,462.8,552.9
1846,2,large_vehicle,0.2583,953.8,416.3,1026.5,461.7
1846,2,large_vehicle,0.2387,1104.9,520.0,1283.6,644.2
1846,1,car,0.1895,953.8,416.3,1026.5,461.7
1846,2,large_vehicle,0.1507,559.8,486.5,659.3,539.1
1846,1,car,0.1120,637.0,686.9,798.5,811.6
1847,2,large_vehicle,0.7445,637.0,686.9,798.7,811.6
1847,1,car,0.6766,559.5,486.5,662.4,539.1
1847,0,person,0.5777,447.0,510.1,462.8,553.0
1847,2,large_vehicle,0.2948,953.6,416.1,1026.5,461.7
1847,2,large_vehicle,0.2318,1105.0,519.9,1285.9,644.3
1847,1,car,0.1747,953.6,416.1,1026.5,461.7
1847,2,large_vehicle,0.1322,559.5,486.5,662.4,539.1
1847,1,car,0.1165,637.0,686.9,798.7,811.6
1848,2,large_vehicle,0.7170,651.5,684.1,812.4,808.1
1848,1,car,0.7041,559.7,486.8,663.6,539.1
1848,0,person,0.5252,446.8,508.2,462.3,552.7
1848,2,large_vehicle,0.3411,952.9,416.0,1026.4,461.8
1848,1,car,0.2230,952.9,416.0,1026.4,461.8
1848,2,large_vehicle,0.2156,1111.7,520.0,1270.1,642.4
1848,1,car,0.1458,651.5,684.1,812.4,808.1
1848,2,large_vehicle,0.1114,559.7,486.8,663.6,539.1
1849,2,large_vehicle,0.7214,651.5,684.1,812.4,808.1
1849,1,car,0.7114,559.6,487.0,662.9,539.1
1849,0,person,0.5276,446.8,508.2,462.3,552.7
1849,2,large_vehicle,0.3334,952.9,416.1,1026.4,461.8
1849,2,large_vehicle,0.2506,1111.7,519.9,1270.8,642.4
1849,1,car,0.2229,952.9,416.1,1026.4,461.8
1849,1,car,0.1446,651.5,684.1,812.4,808.1
1849,2,large_vehicle,0.1023,559.6,487.0,662.9,539.1
1850,2,large_vehicle,0.7655,666.5,681.8,825.4,800.8
1850,1,car,0.7317,559.3,486.8,658.8,539.0
1850,0,person,0.4732,446.3,506.8,461.7,553.1
1850,2,large_vehicle,0.4317,951.7,416.1,1026.1,461.8
1850,1,car,0.2021,951.7,416.1,1026.1,461.8
1850,1,car,0.2001,1246.0,474.8,1318.1,520.8
1850,1,car,0.1393,666.5,681.8,825.4,800.8
1851,2,large_vehicle,0.7655,666.5,681.8,825.4,800.8
1851,1,car,0.7277,559.4,486.8,658.6,539.0
1851,0,person,0.4755,446.3,506.9,461.7,553.1
1851,2,large_vehicle,0.4123,951.6,416.2,1026.0,461.8
1851,1,car,0.2008,1245.9,474.8,1318.1,520.8
1851,1,car,0.1999,951.6,416.2,1026.0,461.8
1851,1,car,0.1393,666.5,681.8,825.4,800.8
1852,2,large_vehicle,0.7654,666.5,681.8,825.4,800.8
1852,1,car,0.7466,559.5,486.8,658.1,539.0
1852,0,person,0.4797,446.3,506.7,461.7,553.1
1852,2,large_vehicle,0.4211,951.6,416.2,1026.1,461.8
1852,1,car,0.2280,951.6,416.2,1026.1,461.8
1852,1,car,0.2015,1246.2,474.8,1318.2,520.9
1852,1,car,0.1371,666.5,681.8,825.4,800.8
1853,2,large_vehicle,0.7727,681.9,678.2,839.7,798.4
1853,1,car,0.7523,559.8,486.5,664.6,539.1
1853,0,person,0.3898,1119.3,403.1,1132.5,434.3
1853,2,large_vehicle,0.2938,952.8,415.7,1026.4,461.7
1853,0,person,0.2617,445.8,506.2,461.3,553.2
1853,1,car,0.2307,952.8,415.7,1026.4,461.7
1853,0,person,0.1393,902.3,446.0,919.6,488.7
1853,1,car,0.1097,681.9,678.2,839.7,798.4
1854,2,large_vehicle,0.7501,696.3,674.6,852.9,793.3
1854,1,car,0.6111,559.3,486.0,653.2,539.1
1854,0,person,0.5555,444.8,508.2,460.6,553.4
1854,2,large_vehicle,0.5070,1130.5,510.1,1340.7,631.9
1854,2,large_vehicle,0.2628,953.0,415.8,1026.1,461.7
1854,0,person,0.2389,902.0,447.2,918.2,488.9
1854,2,large_vehicle,0.2151,559.3,486.0,653.2,539.1
1854,1,car,0.1923,953.0,415.8,1026.1,461.7
1854,1,car,0.1519,696.3,674.6,852.9,793.3
1855,2,large_vehicle,0.7517,696.3,674.7,852.9,793.3
1855,1,car,0.5616,559.2,486.1,653.0,539.1
1855,0,person,0.5595,444.8,508.2,460.6,553.5
1855,2,large_vehicle,0.5079,1130.5,510.0,1340.8,631.9
1855,2,large_vehicle,0.2646,559.2,486.1,653.0,539.1
1855,2,large_vehicle,0.2404,953.2,415.7,1026.2,461.7
1855,0,person,0.2108,902.0,447.3,918.2,488.9
1855,1,car,0.1886,953.2,415.7,1026.2,461.7
1855,1,car,0.1549,696.3,674.7,852.9,793.3
1856,2,large_vehicle,0.7448,696.3,674.6,852.9,793.3
1856,0,person,0.5787,445.0,507.9,460.7,553.6
1856,1,car,0.5633,559.0,486.0,653.1,539.2
1856,2,large_vehicle,0.5264,1130.4,509.5,1340.9,631.9
1856,2,large_vehicle,0.2640,559.0,486.0,653.1,539.2
1856,2,large_vehicle,0.2277,953.3,415.8,1026.2,461.8
1856,1,car,0.2079,953.3,415.8,1026.2,461.8
1856,1,car,0.1605,696.3,674.6,852.9,793.3
1856,0,person,0.1480,902.0,447.2,918.1,489.0
1857,1,car,0.6051,559.5,486.5,657.3,539.1
1857,0,person,0.4962,444.3,507.2,460.6,552.4
1857,2,large_vehicle,0.4803,710.9,671.3,865.3,789.9
1857,1,car,0.4556,710.9,671.3,865.3,789.9
1857,0,person,0.3127,1115.9,404.3,1130.0,432.8
1857,2,large_vehicle,0.2775,1136.7,491.8,1342.0,630.6
1857,2,large_vehicle,0.2671,951.9,415.9,1026.4,461.6
1857,0,person,0.2316,901.5,447.8,918.2,488.9
1857,1,car,0.2235,951.9,415.9,1026.4,461.6
1857,2,large_vehicle,0.2086,559.5,486.5,657.3,539.1
1858,1,car,0.5885,558.8,486.2,657.7,539.1
1858,0,person,0.5088,444.2,507.3,460.6,552.4
1858,2,large_vehicle,0.4972,710.9,671.3,865.4,789.9
1858,1,car,0.4385,710.9,671.3,865.4,789.9
1858,0,person,0.3257,1115.9,404.3,1130.0,432.9
1858,2,large_vehicle,0.2977,1136.6,490.8,1342.0,630.6
1858,0,person,0.2624,901.5,447.8,918.1,488.9
1858,2,large_vehicle,0.2608,952.9,415.7,1026.8,461.6
1858,2,large_vehicle,0.2250,558.8,486.2,657.7,539.1
1858,1,car,0.2186,952.9,415.7,1026.8,461.6
1859,2,large_vehicle,0.7628,724.0,667.5,878.9,785.7
1859,1,car,0.7441,559.3,486.4,656.5,539.2
1859,2,large_vehicle,0.4276,1143.7,488.7,1342.0,625.7
1859,2,large_vehicle,0.3721,950.9,415.5,1026.5,461.7
1859,0,person,0.2653,443.9,508.1,461.0,552.1
1859,1,car,0.2356,950.9,415.5,1026.5,461.7
1859,1,car,0.1536,724.0,667.5,878.9,785.7
1860,2,large_vehicle,0.7625,724.0,667.5,878.9,785.7
1860,1,car,0.7400,559.4,486.5,656.0,539.2
1860,2,large_vehicle,0.4278,1143.7,488.5,1342.0,625.8
1860,2,large_vehicle,0.3729,950.9,415.5,1026.5,461.7
1860,0,person,0.2660,443.9,508.1,461.0,552.0
1860,1,car,0.2362,950.9,415.5,1026.5,461.7
1860,1,car,0.1535,724.0,667.5,878.9,785.7
1861,2,large_vehicle,0.7704,724.0,667.5,878.8,785.7
1861,1,car,0.7440,559.2,486.1,652.8,539.2
1861,2,large_vehicle,0.4142,1143.7,488.5,1342.0,625.7
1861,2,large_vehicle,0.3773,951.1,415.6,1026.7,461.7
1861,1,car,0.2705,951.1,415.6,1026.7,461.7
1861,0,person,0.2642,443.9,508.0,461.1,552.1
1861,1,car,0.1441,724.0,667.5,878.8,785.7
1862,2,large_vehicle,0.8027,739.6,662.9,891.0,780.3
1862,1,car,0.6922,560.0,486.6,654.1,539.2
1862,2,large_vehicle,0.3123,953.8,415.6,1026.4,461.6
1862,0,person,0.2220,443.8,509.8,460.7,551.0
1862,1,car,0.1754,953.8,415.6,1026.4,461.6
1862,2,large_vehicle,0.1276,560.0,486.6,654.1,539.2
1862,2,large_vehicle,0.1103,1147.8,484.9,1342.0,623.1
1863,2,large_vehicle,0.8100,739.7,663.1,891.1,780.2
1863,1,car,0.6833,559.8,486.6,653.7,539.2
1863,2,large_vehicle,0.3133,953.8,415.7,1026.4,461.6
1863,0,person,0.2264,443.8,509.8,460.9,551.0
1863,1,car,0.1803,953.8,415.7,1026.4,461.6
1863,2,large_vehicle,0.1387,559.8,486.6,653.7,539.2
1863,2,large_vehicle,0.1049,1147.9,485.5,1342.0,622.8
1864,2,large_vehicle,0.7466,750.9,662.0,904.0,775.8
1864,1,car,0.7019,558.7,486.7,653.6,539.1
1864,2,large_vehicle,0.5881,1154.8,486.0,1342.0,620.9
1864,0,person,0.3590,443.2,507.7,460.1,551.8
1864,2,large_vehicle,0.2425,954.0,415.5,1026.4,461.4
1864,1,car,0.2375,954.0,415.5,1026.4,461.4
1864,1,car,0.1568,750.9,662.0,904.0,775.8
1864,2,large_vehicle,0.1117,558.7,486.7,653.6,539.1
1864,0,person,0.1064,900.2,446.8,916.6,489.6
1865,2,large_vehicle,0.7531,751.2,662.0,904.1,775.8
1865,1,car,0.6942,558.7,486.5,654.6,539.1
1865,2,large_vehicle,0.5816,1154.7,487.1,1342.0,620.9
1865,0,person,0.3607,443.2,508.2,460.0,551.7
1865,2,large_vehicle,0.2755,954.0,415.5,1026.4,461.3
1865,1,car,0.1911,954.0,415.5,1026.4,461.3
1865,1,car,0.1537,751.2,662.0,904.1,775.8
1865,2,large_vehicle,0.1254,558.7,486.5,654.6,539.1
1865,0,person,0.1140,900.3,447.1,916.7,489.5
1866,2,large_vehicle,0.7468,750.8,662.0,904.1,775.8
1866,1,car,0.6857,558.7,486.8,653.2,539.0
1866,2,large_vehicle,0.5852,1154.8,487.2,1342.0,620.9
1866,0,person,0.3613,443.3,508.2,460.0,551.8
1866,2,large_vehicle,0.2737,954.0,415.5,1026.4,461.4
1866,1,car,0.1885,954.0,415.5,1026.4,461.4
1866,1,car,0.1577,750.8,662.0,904.1,775.8
1866,2,large_vehicle,0.1328,558.7,486.8,653.2,539.0
1866,0,person,0.1148,900.2,447.1,916.6,489.6
1867,2,large_vehicle,0.8447,767.4,658.7,917.1,772.5
1867,1,car,0.7103,560.0,486.7,663.9,539.0
1867,2,large_vehicle,0.5478,1160.8,486.2,1341.9,618.6
1867,2,large_vehicle,0.3290,952.9,415.5,1026.5,461.4
1867,0,person,0.3191,443.0,508.9,459.7,550.9
1867,1,car,0.1295,952.9,415.5,1026.5,461.4
1867,0,person,0.1044,900.3,447.7,916.2,489.2
1867,2,large_vehicle,0.1035,560.0,486.7,663.9,539.0
1868,2,large_vehicle,0.8439,767.4,658.6,917.1,772.5
1868,1,car,0.7047,560.4,486.9,663.2,539.0
1868,2,large_vehicle,0.5303,1160.7,488.7,1341.8,618.6
1868,2,large_vehicle,0.3309,953.0,415.7,1026.1,461.4
1868,0,person,0.2901,443.0,509.1,459.7,550.6
1868,1,car,0.1169,953.0,415.7,1026.1,461.4
1868,0,person,0.1112,900.3,448.0,916.0,489.1
1868,2,large_vehicle,0.1105,560.4,486.9,663.2,539.0
1869,2,large_vehicle,0.8493,781.0,655.1,930.8,767.6
1869,1,car,0.7483,559.6,486.9,654.0,539.0
1869,2,large_vehicle,0.5307,1167.1,478.3,1341.3,615.6
1869,2,large_vehicle,0.4037,950.7,415.8,1025.9,461.5
1869,0,person,0.3013,442.3,509.6,459.9,551.9
1869,1,car,0.1806,950.7,415.8,1025.9,461.5
1870,2,large_vehicle,0.8522,781.1,655.1,930.8,767.7
1870,1,car,0.7442,559.4,486.7,652.9,539.0
1870,2,large_vehicle,0.4995,1167.1,478.8,1341.4,615.7
1870,2,large_vehicle,0.4019,950.7,415.8,1025.9,461.4
1870,0,person,0.2946,442.2,509.6,459.9,551.9
1870,1,car,0.1707,950.7,415.8,1025.9,461.4
1871,2,large_vehicle,0.8479,781.0,655.2,930.8,767.6
1871,1,car,0.7602,559.8,486.9,655.3,539.0
1871,2,large_vehicle,0.5101,1167.1,478.3,1341.4,615.8
1871,2,large_vehicle,0.3389,951.0,416.0,1025.7,461.4
1871,0,person,0.2472,442.1,509.6,459.9,551.7
1871,1,car,0.1725,951.0,416.0,1025.7,461.4
1872,1,car,0.7752,561.1,486.8,662.1,538.9
1872,2,large_vehicle,0.6914,793.1,653.4,943.4,764.2
1872,2,large_vehicle,0.2954,953.0,415.9,1025.7,461.3
1872,2,large_vehicle,0.2732,1172.2,503.7,1273.2,611.4
1872,1,car,0.2361,793.1,653.4,943.4,764.2
1872,0,person,0.2264,442.3,509.3,459.6,550.7
1872,1,car,0.2026,953.0,415.9,1025.7,461.3
1872,2,large_vehicle,0.1694,1171.4,488.5,1340.7,612.3
1873,1,car,0.7823,560.8,486.9,662.1,538.9
1873,2,large_vehicle,0.7051,792.9,653.4,943.6,764.2
1873,2,large_vehicle,0.2818,953.4,415.8,1025.7,461.3
1873,2,large_vehicle,0.2483,1172.2,503.6,1274.0,611.4
1873,0,person,0.2271,442.3,509.4,459.5,550.6
1873,1,car,0.2174,792.9,653.4,943.6,764.2
1873,1,car,0.1856,953.4,415.8,1025.7,461.3
1873,2,large_vehicle,0.1722,1171.4,488.5,1340.8,612.3
1874,2,large_vehicle,0.8291,807.6,646.3,954.3,760.2
1874,1,car,0.6078,559.3,486.1,651.8,539.0
1874,2,large_vehicle,0.4016,1177.7,476.6,1339.3,607.8
1874,2,large_vehicle,0.3927,1178.5,502.8,1274.5,608.2
1874,2,large_vehicle,0.3577,954.9,415.7,1026.2,461.2
1874,0,person,0.3069,441.9,508.9,458.2,551.5
1874,2,large_vehicle,0.2216,559.3,486.1,651.8,539.0
1874,1,car,0.1671,954.9,415.7,1026.2,461.2
1875,2,large_vehicle,0.8294,807.6,646.3,954.3,760.2
1875,1,car,0.5906,559.3,486.0,652.0,539.0
1875,2,large_vehicle,0.3948,1178.5,502.9,1274.4,608.2
1875,2,large_vehicle,0.3886,1177.6,476.7,1339.3,607.8
1875,2,large_vehicle,0.3686,954.9,415.6,1026.2,461.2
1875,0,person,0.3089,441.8,508.8,458.2,551.5
1875,2,large_vehicle,0.2376,559.3,486.0,652.0,539.0
1875,1,car,0.1593,954.9,415.6,1026.2,461.2
1876,2,large_vehicle,0.8263,807.6,646.2,954.3,760.1
1876,1,car,0.6302,559.2,486.1,652.0,539.0
1876,2,large_vehicle,0.4536,1177.8,476.1,1339.4,607.8
1876,2,large_vehicle,0.3575,1178.5,502.5,1274.8,608.2
1876,2,large_vehicle,0.3405,954.7,415.9,1026.3,461.2
1876,0,person,0.2997,441.8,508.8,458.2,551.5
1876,2,large_vehicle,0.1972,559.2,486.1,652.0,539.0
1876,1,car,0.1896,954.7,415.9,1026.3,461.2
1877,2,large_vehicle,0.7525,820.2,645.7,966.1,755.8
1877,1,car,0.7405,560.2,487.1,653.7,538.9
1877,2,large_vehicle,0.5540,1182.2,475.1,1342.0,604.8
1877,2,large_vehicle,0.2616,953.8,415.7,1026.1,461.2
1877,0,person,0.2603,441.7,507.3,458.1,550.8
1877,1,car,0.1731,953.8,415.7,1026.1,461.2
1878,1,car,0.7385,560.8,486.5,654.2,538.9
1878,2,large_vehicle,0.7208,833.0,640.3,993.3,750.3
1878,2,large_vehicle,0.7005,1184.7,476.0,1342.0,603.4
1878,2,large_vehicle,0.4052,952.1,415.6,1026.3,461.2
1878,1,car,0.1837,952.1,415.6,1026.3,461.2
1878,0,person,0.1804,441.6,507.2,457.8,549.9
1878,1,car,0.1635,833.0,640.3,993.3,750.3
1878,2,large_vehicle,0.1109,1180.7,471.0,1311.7,551.0
1879,1,car,0.7462,560.8,486.6,653.9,538.9
1879,2,large_vehicle,0.7150,833.0,640.3,993.4,750.3
1879,2,large_vehicle,0.7002,1184.5,476.3,1342.0,603.4
1879,2,large_vehicle,0.4040,951.6,415.6,1026.1,461.2
1879,1,car,0.1976,951.6,415.6,1026.1,461.2
1879,0,person,0.1848,441.5,507.2,457.8,550.1
1879,1,car,0.1730,833.0,640.3,993.4,750.3
1880,1,car,0.7226,560.7,486.5,651.6,538.9
1880,2,large_vehicle,0.7225,833.0,640.3,993.4,750.3
1880,2,large_vehicle,0.6650,1184.1,475.6,1342.0,603.5
1880,2,large_vehicle,0.3748,952.0,415.3,1026.3,461.2
1880,1,car,0.1761,952.0,415.3,1026.3,461.2
1880,0,person,0.1666,441.5,507.0,457.9,550.1
1880,1,car,0.1613,833.0,640.3,993.4,750.3
1880,2,large_vehicle,0.1088,560.7,486.5,651.6,538.9
1881,2,large_vehicle,0.7879,1192.3,482.7,1342.0,600.3
1881,2,large_vehicle,0.7657,845.3,635.7,998.9,745.7
1881,1,car,0.7648,560.9,486.5,650.9,538.8
1881,2,large_vehicle,0.4910,1175.4,479.6,1306.5,556.1
1881,1,car,0.3108,953.3,415.1,1026.5,461.0
1881,2,large_vehicle,0.2551,953.3,415.1,1026.5,461.0
1881,0,person,0.1534,1103.0,399.0,1117.9,429.2
1881,1,car,0.1073,845.3,635.7,998.9,745.7
1882,2,large_vehicle,0.7916,1192.2,482.4,1342.0,600.3
1882,2,large_vehicle,0.7662,845.3,635.8,997.8,745.7
1882,1,car,0.7493,560.8,486.5,650.4,538.8
1882,2,large_vehicle,0.4860,1175.4,479.7,1307.1,556.1
1882,1,car,0.2953,953.4,415.1,1026.6,461.1
1882,2,large_vehicle,0.2292,953.4,415.1,1026.6,461.1
1882,0,person,0.1512,1102.9,398.7,1117.7,429.2
1882,1,car,0.1066,845.3,635.8,997.8,745.7
1882,1,car,0.1026,1175.4,479.7,1307.1,556.1
1883,2,large_vehicle,0.7972,1196.6,481.2,1341.1,596.8
1883,2,large_vehicle,0.7568,858.6,631.4,1011.5,741.9
1883,2,large_vehicle,0.7477,1168.7,476.2,1275.8,556.7
1883,1,car,0.6479,560.2,486.4,649.9,538.9
1883,2,large_vehicle,0.2229,954.3,415.3,1026.3,461.0
1883,2,large_vehicle,0.1929,560.2,486.4,649.9,538.9
1883,1,car,0.1561,954.3,415.3,1026.3,461.0
1884,2,large_vehicle,0.7936,1196.6,481.2,1341.0,596.9
1884,2,large_vehicle,0.7540,858.6,631.4,1011.5,741.9
1884,2,large_vehicle,0.7467,1168.7,476.2,1275.8,556.7
1884,1,car,0.6432,560.0,486.3,649.8,538.9
1884,2,large_vehicle,0.2255,954.5,415.3,1026.3,461.0
1884,2,large_vehicle,0.1970,560.0,486.3,649.8,538.9
1884,1,car,0.1502,954.5,415.3,1026.3,461.0
1885,2,large_vehicle,0.8027,1196.6,480.6,1341.4,596.9
1885,2,large_vehicle,0.7494,858.6,631.5,1011.5,741.9
1885,2,large_vehicle,0.7383,1168.6,476.5,1275.4,556.6
1885,1,car,0.6603,559.9,486.3,650.0,538.9
1885,2,large_vehicle,0.2039,954.3,415.2,1026.4,461.0
1885,2,large_vehicle,0.1777,559.9,486.3,650.0,538.9
1885,1,car,0.1401,954.3,415.2,1026.4,461.0
1886,2,large_vehicle,0.7718,870.9,627.7,1015.7,737.5
1886,1,car,0.7241,563.6,486.7,649.6,538.7
1886,2,large_vehicle,0.6892,1201.2,491.9,1325.2,593.7
1886,2,large_vehicle,0.4810,1161.4,487.7,1262.1,559.1
1886,2,large_vehicle,0.3490,953.5,415.3,1026.2,460.8
1886,1,car,0.2644,1161.4,487.7,1262.1,559.1
1886,1,car,0.2012,953.5,415.3,1026.2,460.8
1886,0,person,0.1541,438.5,503.4,454.2,546.3
1886,0,person,0.1334,1101.8,404.1,1116.4,434.1
1887,2,large_vehicle,0.7784,870.9,627.7,1015.7,737.5
1887,1,car,0.7367,563.7,486.9,649.2,538.7
1887,2,large_vehicle,0.6841,1201.1,489.3,1326.0,593.7
1887,2,large_vehicle,0.4682,1161.4,488.6,1261.3,559.1
1887,2,large_vehicle,0.3569,953.5,415.3,1026.1,460.8
1887,1,car,0.2690,1161.4,488.6,1261.3,559.1
1887,1,car,0.1826,953.5,415.3,1026.1,460.8
1887,0,person,0.1458,438.7,503.6,454.2,546.3
1887,0,person,0.1296,1101.9,404.0,1116.4,434.0
1888,2,large_vehicle,0.7452,1206.4,486.2,1323.7,592.7
1888,1,car,0.7127,561.4,485.9,649.5,538.7
1888,2,large_vehicle,0.6680,883.5,624.1,1025.8,733.2
1888,2,large_vehicle,0.4639,952.5,415.2,1026.6,460.7
1888,2,large_vehicle,0.4002,1154.1,494.5,1256.4,561.5
1888,1,car,0.3695,1154.1,494.5,1256.4,561.5
1888,0,person,0.1300,438.2,502.8,454.2,546.0
1888,1,car,0.1284,952.5,415.2,1026.6,460.7
1888,2,large_vehicle,0.1194,561.4,485.9,649.5,538.7
1889,2,large_vehicle,0.7866,1205.6,482.0,1332.7,593.1
1889,1,car,0.7380,561.0,486.3,649.7,538.7
1889,2,large_vehicle,0.6579,883.5,624.1,1025.9,733.2
1889,2,large_vehicle,0.4304,952.6,414.9,1026.8,460.7
1889,2,large_vehicle,0.3865,1154.0,494.1,1256.2,561.6
1889,1,car,0.3790,1154.0,494.1,1256.2,561.6
1889,1,car,0.1580,952.6,414.9,1026.8,460.7
1889,0,person,0.1371,438.2,503.0,454.2,546.0
1890,2,large_vehicle,0.7865,1205.7,482.3,1332.4,593.1
1890,1,car,0.7246,561.6,486.4,649.5,538.7
1890,2,large_vehicle,0.6584,883.5,624.2,1025.8,733.2
1890,2,large_vehicle,0.4505,952.6,415.1,1026.4,460.7
1890,1,car,0.3869,1154.0,494.1,1256.1,561.5
1890,2,large_vehicle,0.3800,1154.0,494.1,1256.1,561.5
1890,1,car,0.1617,952.6,415.1,1026.4,460.7
1890,0,person,0.1152,438.2,502.7,454.2,545.9
1891,2,large_vehicle,0.7704,896.8,620.9,1034.1,729.1
1891,1,car,0.7646,565.2,486.7,649.7,538.7
1891,1,car,0.6807,1147.6,502.2,1242.4,564.1
1891,2,large_vehicle,0.6023,1211.4,480.8,1339.4,590.7
1891,2,large_vehicle,0.4255,953.9,415.4,1026.7,460.7
1891,0,person,0.2202,1098.4,405.1,1112.9,435.5
1891,2,large_vehicle,0.1696,1147.6,502.2,1242.4,564.1
1891,1,car,0.1487,953.9,415.4,1026.7,460.7
1891,0,person,0.1028,895.9,449.2,910.1,488.3
1892,2,large_vehicle,0.7710,896.8,620.8,1035.0,729.1
1892,1,car,0.7493,565.3,486.7,649.9,538.7
1892,1,car,0.6746,1147.6,502.2,1242.6,564.1
1892,2,large_vehicle,0.5912,1211.4,481.7,1339.8,590.8
1892,2,large_vehicle,0.4212,954.2,415.3,1026.8,460.7
1892,0,person,0.2286,1098.4,405.2,1112.9,435.9
1892,2,large_vehicle,0.1761,1147.6,502.2,1242.6,564.1
1892,1,car,0.1492,954.2,415.3,1026.8,460.7
1892,0,person,0.1023,895.8,449.2,910.0,488.7
1893,2,large_vehicle,0.8208,906.3,617.3,1041.7,723.6
1893,1,car,0.7473,560.9,486.6,649.4,538.7
1893,1,car,0.5561,1139.7,503.7,1223.6,567.4
1893,2,large_vehicle,0.5506,1215.2,482.3,1340.5,589.0
1893,2,large_vehicle,0.3867,954.7,414.9,1026.9,460.5
1893,0,person,0.1989,1099.3,404.8,1112.7,437.7
1893,2,large_vehicle,0.1937,1139.7,503.7,1223.6,567.4
1893,0,person,0.1609,438.0,502.9,454.1,547.0
1893,0,person,0.1504,894.9,449.7,909.0,488.9
1893,1,car,0.1407,954.7,414.9,1026.9,460.5
1894,2,large_vehicle,0.8345,906.3,617.3,1041.6,723.6
1894,1,car,0.7434,560.4,486.3,649.4,538.7
1894,1,car,0.5560,1139.4,503.7,1223.7,567.4
1894,2,large_vehicle,0.5285,1215.0,482.5,1340.7,589.0
1894,2,large_vehicle,0.3947,954.5,414.7,1026.9,460.6
1894,0,person,0.1939,1099.3,404.6,1112.7,437.6
1894,2,large_vehicle,0.1909,1139.4,503.7,1223.7,567.4
1894,0,person,0.1561,438.0,503.0,454.1,547.0
1894,0,person,0.1437,894.9,449.7,909.0,488.9
1894,1,car,0.1279,954.5,414.7,1026.9,460.6
1895,2,large_vehicle,0.8033,906.4,617.3,1041.7,723.6
1895,1,car,0.7107,560.5,486.2,649.3,538.7
1895,1,car,0.5573,1139.5,503.7,1223.8,567.4
1895,2,large_vehicle,0.5384,1214.7,483.0,1340.0,589.0
1895,2,large_vehicle,0.3875,954.7,414.9,1026.7,460.5
1895,0,person,0.2072,1099.3,404.6,1112.8,437.6
1895,2,large_vehicle,0.1898,1139.5,503.7,1223.8,567.4
1895,1,car,0.1322,954.7,414.9,1026.7,460.5
1895,0,person,0.1197,895.1,449.7,908.9,488.5
1895,2,large_vehicle,0.1194,560.5,486.2,649.3,538.7
1896,2,large_vehicle,0.8288,906.0,614.3,1053.8,718.6
1896,1,car,0.6471,563.1,486.5,650.0,538.7
1896,1,car,0.6206,1224.0,526.6,1306.7,586.6
1896,1,car,0.5188,1131.5,507.4,1209.2,570.8
1896,2,large_vehicle,0.4030,953.8,415.5,1026.6,460.5
1896,0,person,0.2267,894.3,449.1,908.7,488.5
1896,2,large_vehicle,0.1613,1131.5,507.4,1209.2,570.8
1896,2,large_vehicle,0.1503,563.1,486.5,650.0,538.7
1896,1,car,0.1371,953.8,415.5,1026.6,460.5
1897,2,large_vehicle,0.8298,906.1,614.3,1054.0,718.6
1897,1,car,0.6597,564.6,486.6,649.4,538.6
1897,1,car,0.6145,1224.0,526.6,1307.0,586.6
1897,1,car,0.5095,1131.6,507.5,1209.3,570.8
1897,2,large_vehicle,0.4184,953.8,415.5,1026.6,460.5
1897,0,person,0.2031,894.3,449.2,908.7,488.4
1897,2,large_vehicle,0.1631,1131.6,507.5,1209.3,570.8
1897,2,large_vehicle,0.1432,564.6,486.6,649.4,538.6
1897,1,car,0.1407,953.8,415.5,1026.6,460.5
1898,2,large_vehicle,0.7837,907.2,610.8,1065.7,714.1
1898,1,car,0.6257,565.8,486.2,649.7,538.6
1898,1,car,0.5874,1124.8,508.9,1210.1,572.1
1898,2,large_vehicle,0.5067,952.8,415.3,1026.1,460.6
1898,2,large_vehicle,0.3999,1224.7,483.9,1339.6,584.0
1898,0,person,0.2776,1096.8,403.5,1111.6,435.6
1898,0,person,0.2171,893.9,449.1,907.8,488.2
1898,2,large_vehicle,0.1778,565.8,486.2,649.7,538.6
1898,2,large_vehicle,0.1551,1124.8,508.9,1210.1,572.1
1898,1,car,0.1181,952.8,415.3,1026.1,460.6
1899,2,large_vehicle,0.7830,907.5,610.8,1065.7,714.1
1899,1,car,0.6596,565.7,486.3,650.1,538.6
1899,1,car,0.5883,1124.8,508.9,1210.1,572.1
1899,2,large_vehicle,0.5080,952.8,415.3,1026.2,460.6
1899,2,large_vehicle,0.3856,1224.7,484.1,1339.2,583.9
1899,0,person,0.2789,1096.8,403.5,1111.6,435.6
1899,0,person,0.2161,893.8,449.1,907.8,488.2
1899,2,large_vehicle,0.1532,1124.8,508.9,1210.1,572.1
1899,2,large_vehicle,0.1348,565.7,486.3,650.1,538.6
1899,1,car,0.1177,952.8,415.3,1026.2,460.6
1900,2,large_vehicle,0.7846,906.9,610.8,1065.7,714.1
1900,1,car,0.6242,566.0,486.3,649.8,538.6
1900,1,car,0.5659,1124.9,508.9,1210.0,572.1
1900,2,large_vehicle,0.5289,952.8,415.4,1026.0,460.6
1900,2,large_vehicle,0.3846,1224.8,483.6,1340.0,584.0
1900,0,person,0.2747,1096.9,403.6,1111.6,435.6
1900,2,large_vehicle,0.1788,566.0,486.3,649.8,538.6
1900,2,large_vehicle,0.1714,1124.9,508.9,1210.0,572.1
1900,0,person,0.1512,893.9,449.5,907.9,488.3
1900,1,car,0.1088,952.8,415.4,1026.0,460.6
1901,2,large_vehicle,0.7539,940.9,607.8,1074.9,710.0
1901,1,car,0.7386,564.9,486.7,649.9,538.7
1901,0,person,0.4608,894.0,449.8,907.9,487.5
1901,2,large_vehicle,0.4500,953.3,415.0,1026.6,460.6
1901,1,car,0.4432,1116.6,511.3,1202.2,575.9
1901,0,person,0.2641,1097.3,405.0,1111.3,437.1
1901,2,large_vehicle,0.2566,1116.6,511.3,1202.2,575.9
1901,1,car,0.1281,953.3,415.0,1026.6,460.6
1901,2,large_vehicle,0.1076,1223.8,495.2,1332.9,583.2
1902,2,large_vehicle,0.6964,950.9,605.0,1084.3,707.6
1902,1,car,0.5998,562.8,485.7,649.2,538.7
1902,2,large_vehicle,0.4842,1106.5,512.8,1186.5,579.4
1902,2,large_vehicle,0.3840,954.8,414.6,1026.2,460.4
1902,1,car,0.2990,1106.5,512.8,1186.5,579.4
1902,0,person,0.2767,1096.4,404.0,1110.7,435.9
1902,2,large_vehicle,0.2276,562.8,485.7,649.2,538.7
1902,0,person,0.2172,893.4,449.7,907.0,488.0
1902,2,large_vehicle,0.1217,1232.7,480.2,1342.0,578.7
1903,2,large_vehicle,0.6984,950.8,605.0,1084.3,707.6
1903,1,car,0.5766,562.8,485.6,649.3,538.7
1903,2,large_vehicle,0.4948,1106.8,512.7,1186.5,579.4
1903,2,large_vehicle,0.3806,954.7,414.7,1026.4,460.4
1903,1,car,0.2810,1106.8,512.7,1186.5,579.4
1903,0,person,0.2735,1096.4,404.2,1110.6,435.8
1903,2,large_vehicle,0.2504,562.8,485.6,649.3,538.7
1903,0,person,0.2198,893.4,449.7,907.0,488.0
1903,2,large_vehicle,0.1206,1232.9,480.4,1342.0,578.7
1904,2,large_vehicle,0.6777,950.8,604.9,1084.1,707.6
1904,1,car,0.5718,563.1,486.0,649.3,538.7
1904,2,large_vehicle,0.4651,1106.8,512.7,1186.6,579.4
1904,2,large_vehicle,0.3795,954.6,414.3,1026.5,460.5
1904,1,car,0.3169,1106.8,512.7,1186.6,579.4
1904,0,person,0.2825,1096.4,404.2,1110.6,435.8
1904,2,large_vehicle,0.2437,563.1,486.0,649.3,538.7
1904,0,person,0.1935,893.4,449.7,906.9,487.5
1904,2,large_vehicle,0.1437,1230.3,479.6,1342.0,578.7
1905,2,large_vehicle,0.7947,963.6,601.7,1092.9,701.6
1905,1,car,0.5879,565.6,486.0,650.1,538.6
1905,1,car,0.4333,1099.4,516.3,1181.4,582.3
1905,2,large_vehicle,0.3686,1227.0,480.3,1333.6,579.4
1905,2,large_vehicle,0.3632,953.8,414.6,1026.5,460.4
1905,2,large_vehicle,0.3529,1099.4,516.3,1181.4,582.3
1905,0,person,0.3178,1096.6,405.5,1110.6,435.9
1905,2,large_vehicle,0.2164,565.6,486.0,650.1,538.6
1906,2,large_vehicle,0.8001,963.7,601.6,1092.7,701.6
1906,1,car,0.6070,565.0,486.2,650.1,538.6
1906,1,car,0.4477,1099.5,516.4,1181.4,582.3
1906,2,large_vehicle,0.3562,1227.0,480.4,1333.9,579.5
1906,2,large_vehicle,0.3466,1099.5,516.4,1181.4,582.3
1906,2,large_vehicle,0.3425,953.9,414.7,1026.6,460.4
1906,0,person,0.3140,1096.6,405.4,1110.6,435.9
1906,2,large_vehicle,0.1891,565.0,486.2,650.1,538.6
1907,2,large_vehicle,0.8232,973.6,598.6,1101.0,697.9
1907,1,car,0.6256,566.1,485.7,650.5,538.7
1907,2,large_vehicle,0.4543,952.6,414.5,1026.4,460.4
1907,1,car,0.4457,1089.2,516.9,1172.3,584.9
1907,2,large_vehicle,0.3917,1089.2,516.9,1172.3,584.9
1907,2,large_vehicle,0.1521,566.1,485.7,650.5,538.7
1907,1,car,0.1036,952.6,414.5,1026.4,460.4
1908,2,large_vehicle,0.8225,973.6,598.6,1101.0,697.9
1908,1,car,0.6244,566.0,485.6,650.7,538.7
1908,1,car,0.4490,1089.2,516.9,1172.3,584.9
1908,2,large_vehicle,0.4417,952.6,414.4,1026.4,460.4
1908,2,large_vehicle,0.3870,1089.2,516.9,1172.3,584.9
1908,2,large_vehicle,0.1514,566.0,485.6,650.7,538.7
1908,1,car,0.1125,952.6,414.4,1026.4,460.4
1909,2,large_vehicle,0.8199,973.6,598.6,1101.0,697.9
1909,1,car,0.6136,566.3,485.6,650.9,538.6
1909,2,large_vehicle,0.4375,952.7,414.6,1026.6,460.4
1909,1,car,0.4344,1089.4,516.9,1172.4,584.9
1909,2,large_vehicle,0.3986,1089.4,516.9,1172.4,584.9
1909,2,large_vehicle,0.1586,566.3,485.6,650.9,538.6
1910,1,car,0.8302,1079.8,520.9,1167.3,588.0
1910,2,large_vehicle,0.8188,982.5,596.0,1104.2,694.4
1910,1,car,0.6652,565.5,485.7,649.6,538.7
1910,2,large_vehicle,0.4146,953.6,414.8,1026.2,460.4
1910,0,person,0.3783,1094.9,405.5,1108.8,435.6
1910,2,large_vehicle,0.1666,565.5,485.7,649.6,538.7
1910,1,car,0.1168,953.6,414.8,1026.2,460.4
1911,2,large_vehicle,0.8241,982.5,596.0,1104.1,694.4
1911,1,car,0.8139,1079.8,520.9,1167.6,587.9
1911,1,car,0.6778,565.5,485.7,649.7,538.7
1911,2,large_vehicle,0.4027,953.6,414.7,1026.2,460.4
1911,0,person,0.3764,1095.0,405.4,1109.0,435.8
1911,2,large_vehicle,0.1519,565.5,485.7,649.7,538.7
1911,1,car,0.1170,953.6,414.7,1026.2,460.4
1912,1,car,0.7583,1071.7,521.7,1159.7,591.7
1912,2,large_vehicle,0.7049,992.7,593.5,1113.4,689.6
1912,1,car,0.5628,561.1,484.9,649.5,538.9
1912,2,large_vehicle,0.2664,561.1,484.9,649.5,538.9
1912,2,large_vehicle,0.2600,954.2,414.0,1026.2,460.2
1912,1,car,0.1496,992.7,593.5,1113.4,689.6
1912,2,large_vehicle,0.1138,1071.7,521.7,1159.7,591.7
1912,0,person,0.1048,1196.2,526.0,1214.7,571.4
1913,1,car,0.7595,1071.7,521.7,1159.8,591.7
1913,2,large_vehicle,0.7097,992.7,593.5,1113.4,689.7
1913,1,car,0.5314,561.2,484.9,649.5,538.9
1913,2,large_vehicle,0.2857,561.2,484.9,649.5,538.9
1913,2,large_vehicle,0.2459,954.6,414.3,1026.3,460.2
1913,1,car,0.1434,992.7,593.5,1113.4,689.7
1913,0,person,0.1179,1196.1,527.4,1214.5,571.4
1913,2,large_vehicle,0.1139,1071.7,521.7,1159.8,591.7
1914,1,car,0.7568,1071.7,521.7,1159.8,591.7
1914,2,large_vehicle,0.7113,992.7,593.5,1113.4,689.7
1914,1,car,0.5261,561.1,484.9,649.4,538.9
1914,2,large_vehicle,0.2931,561.1,484.9,649.4,538.9
1914,2,large_vehicle,0.2712,954.7,414.2,1026.1,460.2
1914,1,car,0.1417,992.7,593.5,1113.4,689.7
1914,2,large_vehicle,0.1169,1071.7,521.7,1159.8,591.7
1914,0,person,0.1153,1196.3,526.9,1214.5,571.5
1915,2,large_vehicle,0.8425,1002.8,590.4,1123.4,686.2
1915,1,car,0.7148,1063.3,524.9,1150.5,594.8
1915,1,car,0.5468,566.1,485.5,649.7,538.6
1915,2,large_vehicle,0.2542,566.1,485.5,649.7,538.6
1915,2,large_vehicle,0.2299,953.8,414.6,1026.5,460.1
1915,2,large_vehicle,0.1017,1063.3,524.9,1150.5,594.8
1916,2,large_vehicle,0.8404,1002.8,590.4,1123.3,686.2
1916,1,car,0.7222,1063.3,524.9,1150.5,594.8
1916,1,car,0.5268,565.8,485.8,649.5,538.6
1916,2,large_vehicle,0.2919,953.8,414.8,1026.4,460.2
1916,2,large_vehicle,0.2716,565.8,485.8,649.5,538.6
1916,0,person,0.1179,1196.1,528.5,1214.2,570.9
1917,1,car,0.7896,1053.8,526.8,1143.3,596.4
1917,2,large_vehicle,0.7703,1011.6,587.2,1129.6,681.8
1917,1,car,0.5558,567.5,485.4,649.7,538.7
1917,2,large_vehicle,0.2754,952.5,415.1,1026.1,460.2
1917,2,large_vehicle,0.2259,567.5,485.4,649.7,538.7
1917,0,person,0.1174,1196.4,526.1,1214.3,571.2
1918,1,car,0.7883,1053.9,526.8,1143.2,596.4
1918,2,large_vehicle,0.7626,1011.7,587.0,1129.5,681.8
1918,1,car,0.5712,567.7,485.5,649.8,538.7
1918,2,large_vehicle,0.3072,952.5,415.1,1026.0,460.3
1918,2,large_vehicle,0.2037,567.7,485.5,649.8,538.7
1918,0,person,0.1366,1196.3,526.2,1214.2,571.4
1918,1,car,0.1006,1011.7,587.0,1129.5,681.8
1919,1,car,0.7887,1053.9,526.8,1143.2,596.4
1919,2,large_vehicle,0.7696,1011.5,587.2,1129.6,681.8
1919,1,car,0.6071,567.5,485.8,650.1,538.7
1919,2,large_vehicle,0.3087,952.8,414.9,1026.0,460.2
1919,2,large_vehicle,0.1712,567.5,485.8,650.1,538.7
1919,0,person,0.1011,1196.0,514.4,1215.1,570.8
1920,1,car,0.8581,1043.5,529.6,1137.2,595.7
1920,2,large_vehicle,0.8260,1021.8,586.1,1132.9,678.9
1920,1,car,0.6942,566.1,485.9,649.4,538.7
1920,2,large_vehicle,0.3084,953.5,414.8,1025.9,460.1
1920,0,person,0.1960,1195.9,514.4,1215.3,570.6
1920,2,large_vehicle,0.1236,566.1,485.9,649.4,538.7
1921,1,car,0.8578,1043.5,529.6,1137.2,595.6
1921,2,large_vehicle,0.8318,1021.8,586.1,1132.7,678.9
1921,1,car,0.7045,566.0,486.0,649.3,538.6
1921,2,large_vehicle,0.2873,954.0,414.9,1025.9,460.1
1921,0,person,0.1960,1195.9,514.8,1215.2,570.6
1921,2,large_vehicle,0.1108,566.0,486.0,649.3,538.6
1922,1,car,0.8339,1032.5,532.0,1128.3,599.2
1922,2,large_vehicle,0.8128,1030.7,583.3,1141.8,675.0
1922,1,car,0.5115,561.9,484.7,650.2,538.9
1922,2,large_vehicle,0.2205,561.9,484.7,650.2,538.9
1922,2,large_vehicle,0.1704,954.2,414.4,1026.1,460.0
1922,0,person,0.1590,1195.7,513.7,1215.2,571.0
1923,1,car,0.8349,1032.5,532.0,1128.3,599.1
1923,2,large_vehicle,0.8126,1030.7,583.3,1141.8,675.0
1923,1,car,0.5139,562.0,484.7,650.2,538.9
1923,2,large_vehicle,0.2198,562.0,484.7,650.2,538.9
1923,2,large_vehicle,0.1838,954.2,414.3,1026.2,460.0
1923,0,person,0.1651,1195.6,513.7,1215.1,570.8
1924,1,car,0.8361,1032.5,532.0,1128.2,599.3
1924,2,large_vehicle,0.8121,1030.7,583.3,1141.7,675.0
1924,1,car,0.5141,561.7,484.5,650.2,538.9
1924,2,large_vehicle,0.2145,561.7,484.5,650.2,538.9
1924,2,large_vehicle,0.1828,954.1,414.5,1026.0,460.0
1924,0,person,0.1592,1195.6,513.6,1215.1,570.9
1925,1,car,0.8670,1022.4,533.5,1119.7,609.2
1925,2,large_vehicle,0.8147,1039.1,583.5,1148.7,671.1
1925,1,car,0.6028,566.0,485.6,649.8,538.7
1925,0,person,0.1971,1195.5,512.5,1215.5,570.9
1925,2,large_vehicle,0.1872,953.7,414.2,1026.4,460.2
1925,2,large_vehicle,0.1410,566.0,485.6,649.8,538.7
1925,0,person,0.1263,889.8,450.2,904.7,489.4
1926,1,car,0.8610,1011.6,536.9,1111.9,613.0
1926,2,large_vehicle,0.7993,1047.8,578.4,1156.2,666.2
1926,1,car,0.6456,564.5,485.3,650.2,538.7
1926,0,person,0.3375,1195.4,512.5,1215.7,570.7
1926,2,large_vehicle,0.3355,952.3,414.3,1026.2,460.2
1926,1,car,0.1373,952.3,414.3,1026.2,460.2
1926,0,person,0.1219,1086.1,407.1,1099.7,435.8
1926,2,large_vehicle,0.1208,564.5,485.3,650.2,538.7
1927,1,car,0.8587,1011.7,536.8,1111.9,613.0
1927,2,large_vehicle,0.7973,1047.8,578.4,1156.2,666.2
1927,1,car,0.6281,564.8,485.2,650.0,538.7
1927,2,large_vehicle,0.3495,952.3,414.4,1026.2,460.2
1927,0,person,0.2804,1195.3,512.3,1215.7,571.1
1927,1,car,0.1731,952.3,414.4,1026.2,460.2
1927,2,large_vehicle,0.1462,564.8,485.2,650.0,538.7
1927,0,person,0.1201,1086.1,407.1,1099.6,435.7
1928,1,car,0.8588,1011.7,536.9,1111.9,613.0
1928,2,large_vehicle,0.7978,1047.8,578.5,1156.2,666.2
1928,1,car,0.6408,565.2,485.5,650.0,538.6
1928,0,person,0.3504,1195.3,512.3,1215.7,571.1
1928,2,large_vehicle,0.3438,952.3,413.9,1026.4,460.1
1928,1,car,0.1538,952.3,413.9,1026.4,460.1
1928,0,person,0.1514,1086.4,407.0,1099.9,436.1
1928,2,large_vehicle,0.1243,565.2,485.5,650.0,538.6
1929,2,large_vehicle,0.8549,1056.9,572.9,1163.4,662.9
1929,1,car,0.7936,1000.3,540.6,1094.9,618.4
1929,1,car,0.6396,564.3,485.3,649.3,538.7
1929,2,large_vehicle,0.3234,953.7,414.5,1026.3,460.1
1929,0,person,0.1949,888.5,450.4,903.9,489.9
1929,2,large_vehicle,0.1517,564.3,485.3,649.3,538.7
1929,0,person,0.1258,1195.6,513.9,1215.4,571.2
1929,0,person,0.1122,1195.9,524.7,1214.7,571.6
1930,2,large_vehicle,0.8549,1056.9,572.9,1163.5,662.9
1930,1,car,0.7873,1000.3,540.6,1094.8,618.3
1930,1,car,0.6532,565.0,485.5,649.2,538.6
1930,2,large_vehicle,0.2999,953.5,414.2,1026.5,460.1
1930,0,person,0.2959,1195.3,513.0,1215.5,571.3
1930,0,person,0.1884,888.6,450.4,903.8,489.8
1930,2,large_vehicle,0.1401,565.0,485.5,649.2,538.6
1931,1,car,0.8556,988.7,542.8,1085.6,622.0
1931,2,large_vehicle,0.8469,1064.1,569.6,1169.8,660.3
1931,1,car,0.5898,563.4,485.6,649.5,538.5
1931,2,large_vehicle,0.2320,953.7,414.0,1026.3,459.9
1931,0,person,0.2317,1195.4,513.6,1215.3,570.9
1931,2,large_vehicle,0.2079,563.4,485.6,649.5,538.5
1931,0,person,0.1697,888.2,450.3,903.9,490.7
1931,0,person,0.1157,1084.9,406.7,1098.9,435.7
1932,1,car,0.8541,988.7,542.8,1085.6,622.0
1932,2,large_vehicle,0.8471,1064.1,569.6,1169.9,660.3
1932,1,car,0.5879,563.3,485.6,649.5,538.5
1932,0,person,0.2380,1195.4,513.6,1215.3,571.0
1932,2,large_vehicle,0.2255,953.7,414.1,1026.3,459.9
1932,2,large_vehicle,0.2082,563.3,485.6,649.5,538.5
1932,0,person,0.1714,888.1,450.3,903.9,490.8
1932,0,person,0.1237,1084.8,406.7,1098.9,435.7
1933,1,car,0.8579,988.7,542.8,1085.5,622.0
1933,2,large_vehicle,0.8462,1064.1,569.6,1170.1,660.3
1933,1,car,0.6122,560.9,485.1,649.6,538.6
1933,2,large_vehicle,0.2012,560.9,485.1,649.6,538.6
1933,0,person,0.1994,1195.3,513.7,1215.4,571.0
1933,2,large_vehicle,0.1881,953.4,414.1,1026.2,459.8
1933,0,person,0.1619,888.1,450.3,903.9,490.8
1933,0,person,0.1081,1084.8,406.7,1098.9,435.6
1934,1,car,0.8649,976.4,547.3,1082.4,626.3
1934,2,large_vehicle,0.8465,1072.7,567.6,1174.8,655.5
1934,1,car,0.6223,563.6,485.8,649.6,538.6
1934,2,large_vehicle,0.3487,954.0,414.6,1026.1,459.8
1934,0,person,0.2386,1195.3,513.3,1215.5,570.9
1934,2,large_vehicle,0.1813,563.6,485.8,649.6,538.6
1935,1,car,0.8666,976.4,547.3,1081.8,626.3
1935,2,large_vehicle,0.8428,1072.9,567.7,1174.5,655.5
1935,1,car,0.6429,563.5,485.9,649.8,538.5
1935,2,large_vehicle,0.3732,954.0,414.6,1025.8,459.9
1935,0,person,0.2917,1195.2,513.2,1215.6,570.9
1935,2,large_vehicle,0.1583,563.5,485.9,649.8,538.5
1936,2,large_vehicle,0.8230,1081.2,565.7,1182.3,652.7
1936,1,car,0.7613,964.3,550.0,1074.2,629.8
1936,1,car,0.6053,562.5,485.1,649.9,538.6
1936,2,large_vehicle,0.4517,952.4,414.5,1026.2,460.0
1936,0,person,0.2863,1195.1,513.2,1215.7,571.0
1936,2,large_vehicle,0.1847,562.5,485.1,649.9,538.6
1936,2,large_vehicle,0.1535,964.3,550.0,1074.2,629.8
1937,2,large_vehicle,0.8264,1081.2,565.7,1182.3,652.7
1937,1,car,0.7626,964.3,550.0,1074.2,629.7
1937,1,car,0.5596,564.0,485.4,649.8,538.6
1937,2,large_vehicle,0.4212,952.9,414.4,1026.5,460.1
1937,0,person,0.3201,1195.1,512.9,1215.6,571.1
1937,2,large_vehicle,0.2279,564.0,485.4,649.8,538.6
1937,2,large_vehicle,0.1515,964.3,550.0,1074.2,629.7
1937,1,car,0.1013,952.9,414.4,1026.5,460.1
1938,2,large_vehicle,0.8278,1081.2,565.7,1182.3,652.7
1938,1,car,0.7629,964.3,550.1,1074.2,629.7
1938,1,car,0.5805,563.8,485.4,649.9,538.6
1938,2,large_vehicle,0.4104,952.9,414.4,1026.5,460.1
1938,0,person,0.3137,1195.1,513.0,1215.6,571.1
1938,2,large_vehicle,0.2106,563.8,485.4,649.9,538.6
1938,2,large_vehicle,0.1511,964.3,550.1,1074.2,629.7
1938,1,car,0.1044,952.9,414.4,1026.5,460.1
1939,1,car,0.8480,952.1,553.1,1062.1,634.7
1939,2,large_vehicle,0.7026,1088.5,562.9,1186.4,649.0
1939,1,car,0.6813,565.7,486.1,649.5,538.6
1939,2,large_vehicle,0.4214,953.4,414.4,1026.1,460.0
1939,0,person,0.2328,1195.3,513.3,1215.5,571.0
1939,2,large_vehicle,0.1455,565.7,486.1,649.5,538.6
1939,1,car,0.1029,953.4,414.4,1026.1,460.0
1940,1,car,0.8482,952.1,553.1,1062.5,634.7
1940,2,large_vehicle,0.7041,1088.5,562.9,1186.4,649.0
1940,1,car,0.5821,564.1,485.5,649.3,538.6
1940,2,large_vehicle,0.3507,953.3,414.0,1025.8,459.9
1940,2,large_vehicle,0.2441,564.1,485.5,649.3,538.6
1940,0,person,0.2271,1195.5,513.3,1215.6,571.0
1941,1,car,0.8672,938.8,555.9,1047.4,638.0
1941,2,large_vehicle,0.7496,1096.4,560.4,1191.5,645.5
1941,1,car,0.4412,565.0,485.2,649.2,538.7
1941,2,large_vehicle,0.3783,565.0,485.2,649.2,538.7
1941,2,large_vehicle,0.1836,954.5,414.0,1025.1,459.6
1941,0,person,0.1507,1195.5,513.2,1215.7,570.9
1942,1,car,0.8636,938.9,555.8,1047.4,638.0
1942,2,large_vehicle,0.7526,1096.3,560.4,1191.4,645.5
1942,1,car,0.4516,563.2,484.9,649.1,538.6
1942,2,large_vehicle,0.3724,563.2,484.9,649.1,538.6
1942,2,large_vehicle,0.1769,954.3,414.0,1025.4,459.6
1942,0,person,0.1528,1195.5,513.4,1215.8,570.9
1943,1,car,0.8650,938.9,555.8,1047.4,638.0
1943,2,large_vehicle,0.7530,1096.4,560.4,1191.5,645.6
1943,1,car,0.4509,563.6,485.2,649.1,538.6
1943,2,large_vehicle,0.3629,563.6,485.2,649.1,538.6
1943,2,large_vehicle,0.2487,953.9,414.0,1025.5,459.7
1943,0,person,0.1314,1195.5,513.5,1216.0,570.9
1944,1,car,0.8842,926.8,559.8,1034.9,642.4
1944,2,large_vehicle,0.8030,1103.8,558.8,1196.4,642.1
1944,1,car,0.6082,565.1,485.8,649.7,538.5
1944,2,large_vehicle,0.2147,565.1,485.8,649.7,538.5
1944,2,large_vehicle,0.2122,954.1,414.1,1026.4,459.7
1945,1,car,0.8817,926.8,559.8,1034.9,642.3
1945,2,large_vehicle,0.8031,1103.8,558.7,1196.5,642.1
1945,1,car,0.6032,565.2,485.8,649.6,538.4
1945,2,large_vehicle,0.2162,565.2,485.8,649.6,538.4
1945,2,large_vehicle,0.2058,953.8,414.4,1026.7,459.7
1946,1,car,0.8362,912.3,563.9,1025.3,646.3
1946,2,large_vehicle,0.7892,1110.3,555.7,1202.3,638.2
1946,1,car,0.5455,565.5,485.8,649.8,538.5
1946,2,large_vehicle,0.3415,953.2,414.3,1026.3,459.9
1946,2,large_vehicle,0.2372,565.5,485.8,649.8,538.5
1947,1,car,0.8379,912.3,563.8,1025.3,646.3
1947,2,large_vehicle,0.7884,1110.3,555.7,1202.2,638.2
1947,1,car,0.5512,565.4,485.8,649.8,538.5
1947,2,large_vehicle,0.3410,953.2,414.3,1026.3,459.9
1947,2,large_vehicle,0.2329,565.4,485.8,649.8,538.5
1948,1,car,0.8367,912.3,563.9,1025.3,646.3
1948,2,large_vehicle,0.7887,1110.3,555.8,1202.2,638.2
1948,1,car,0.5277,565.5,485.4,650.1,538.4
1948,2,large_vehicle,0.3557,953.1,414.4,1026.3,459.9
1948,2,large_vehicle,0.2433,565.5,485.4,650.1,538.4
1949,1,car,0.8774,898.2,566.8,1012.4,651.0
1949,2,large_vehicle,0.6655,1118.6,552.6,1207.9,635.0
1949,1,car,0.6608,564.8,485.3,649.3,538.6
1949,2,large_vehicle,0.2164,953.4,413.9,1026.6,459.9
1949,2,large_vehicle,0.1406,564.8,485.3,649.3,538.6
1950,1,car,0.8152,884.7,568.7,1001.1,655.1
1950,2,large_vehicle,0.8018,1124.0,550.3,1212.9,631.9
1950,1,car,0.5463,561.7,484.9,649.3,538.6
1950,2,large_vehicle,0.2431,561.7,484.9,649.3,538.6
1950,2,large_vehicle,0.1738,954.1,413.6,1026.6,459.7
1950,0,person,0.1074,894.3,625.9,923.0,684.0
1951,1,car,0.8152,884.7,568.6,1001.2,655.1
1951,2,large_vehicle,0.8011,1124.3,550.3,1212.7,631.9
1951,1,car,0.5533,562.3,484.8,649.3,538.6
1951,2,large_vehicle,0.2403,562.3,484.8,649.3,538.6
1951,2,large_vehicle,0.2294,954.3,413.4,1027.2,459.7
1951,0,person,0.1122,894.2,625.8,923.0,684.0
1952,1,car,0.8046,884.7,568.6,1001.2,655.2
1952,2,large_vehicle,0.8009,1124.0,550.4,1212.8,631.9
1952,1,car,0.5448,561.8,485.0,649.3,538.6
1952,2,large_vehicle,0.2387,561.8,485.0,649.3,538.6
1952,2,large_vehicle,0.2297,954.2,413.7,1027.3,459.7
1952,0,person,0.1034,894.3,625.9,923.1,683.9
1953,1,car,0.8668,869.2,571.8,989.6,661.1
1953,2,large_vehicle,0.7731,1130.8,548.0,1218.0,628.8
1953,1,car,0.6659,563.7,485.2,649.7,538.5
1953,2,large_vehicle,0.2791,954.5,414.4,1027.5,459.7
1953,2,large_vehicle,0.1140,563.7,485.2,649.7,538.5
1954,1,car,0.8646,869.2,571.8,989.6,661.2
1954,2,large_vehicle,0.7736,1130.8,548.0,1218.0,628.8
1954,1,car,0.6407,563.5,484.9,649.8,538.5
1954,2,large_vehicle,0.2618,954.5,414.3,1027.8,459.7
1954,2,large_vehicle,0.1299,563.5,484.9,649.8,538.5
1955,1,car,0.8556,856.0,575.5,980.4,665.7
1955,2,large_vehicle,0.6588,1137.0,546.6,1221.2,625.7
1955,1,car,0.5934,562.4,484.9,649.6,538.5
1955,2,large_vehicle,0.4386,952.5,413.4,1027.7,459.9
1955,2,large_vehicle,0.1748,562.4,484.9,649.6,538.5
1955,0,person,0.1499,1074.7,405.2,1088.8,435.2
1955,1,car,0.1269,952.5,413.4,1027.7,459.9
1956,1,car,0.8561,856.0,575.5,980.4,665.7
1956,2,large_vehicle,0.6572,1137.0,546.6,1221.2,625.7
1956,1,car,0.5924,562.1,484.9,649.7,538.5
1956,2,large_vehicle,0.4332,952.5,413.4,1027.7,459.9
1956,2,large_vehicle,0.1721,562.1,484.9,649.7,538.5
1956,0,person,0.1504,1074.7,405.2,1088.8,435.2
1956,1,car,0.1286,952.5,413.4,1027.7,459.9
1957,1,car,0.8555,856.1,575.5,980.8,665.7
1957,2,large_vehicle,0.6623,1137.0,546.7,1221.2,625.7
1957,1,car,0.6187,562.6,484.9,649.7,538.5
1957,2,large_vehicle,0.4488,952.7,413.6,1027.8,460.0
1957,1,car,0.1627,952.7,413.6,1027.8,460.0
1957,2,large_vehicle,0.1534,562.6,484.9,649.7,538.5
1957,0,person,0.1394,1074.4,405.2,1088.5,434.8
1958,1,car,0.8404,840.2,579.9,962.9,670.3
1958,1,car,0.6594,562.5,484.8,649.4,538.7
1958,2,large_vehicle,0.5503,1143.9,534.3,1266.5,622.5
1958,2,large_vehicle,0.3748,952.7,413.6,1027.6,459.8
1958,2,large_vehicle,0.1443,562.5,484.8,649.4,538.7
1958,1,car,0.1192,952.7,413.6,1027.6,459.8
1959,1,car,0.8400,840.2,580.0,962.9,670.2
1959,1,car,0.6386,562.1,484.7,649.3,538.7
1959,2,large_vehicle,0.6235,1143.8,542.6,1231.7,622.3
1959,2,large_vehicle,0.3722,952.8,413.5,1027.7,459.7
1959,2,large_vehicle,0.2678,1144.3,535.8,1266.0,622.5
1959,2,large_vehicle,0.1675,562.1,484.7,649.3,538.7
1959,1,car,0.1206,952.8,413.5,1027.7,459.7
1959,2,large_vehicle,0.1041,1144.4,532.5,1293.6,622.5
1960,1,car,0.8268,824.1,584.4,948.8,674.8
1960,2,large_vehicle,0.7161,1150.8,533.7,1271.6,619.8
1960,1,car,0.5837,560.1,484.3,649.4,538.5
1960,2,large_vehicle,0.4028,954.1,413.7,1027.4,459.5
1960,2,large_vehicle,0.2672,560.1,484.3,649.4,538.5
1960,0,person,0.1529,1073.2,405.6,1087.1,435.0
1960,1,car,0.1081,954.1,413.7,1027.4,459.5
1961,1,car,0.8128,824.2,584.4,948.9,674.7
1961,2,large_vehicle,0.7195,1151.0,534.4,1271.0,619.8
1961,1,car,0.5883,559.7,484.5,649.4,538.6
1961,2,large_vehicle,0.3969,954.2,413.7,1027.5,459.6
1961,2,large_vehicle,0.2545,559.7,484.5,649.4,538.6
1961,0,person,0.1853,1073.2,405.2,1087.3,435.0
1961,1,car,0.1294,954.2,413.7,1027.5,459.6
1962,1,car,0.8177,824.2,584.4,948.9,674.8
1962,2,large_vehicle,0.7196,1151.0,534.4,1271.0,619.8
1962,1,car,0.5764,559.8,484.3,649.3,538.6
1962,2,large_vehicle,0.4011,954.2,413.7,1027.4,459.6
1962,2,large_vehicle,0.2732,559.8,484.3,649.3,538.6
1962,0,person,0.1965,1073.1,405.2,1087.4,435.0
1962,1,car,0.1308,954.2,413.7,1027.4,459.6
1963,1,car,0.8541,810.3,588.0,935.4,680.0
1963,1,car,0.6754,561.0,484.5,649.7,538.5
1963,2,large_vehicle,0.6401,1157.1,534.0,1270.5,614.3
1963,2,large_vehicle,0.2593,953.9,413.8,1026.8,459.6
1963,2,large_vehicle,0.1165,561.0,484.5,649.7,538.5
1964,1,car,0.8582,810.3,587.9,935.4,680.0
1964,1,car,0.6516,561.3,484.5,650.8,538.4
1964,2,large_vehicle,0.6330,1157.0,534.0,1269.8,614.4
1964,2,large_vehicle,0.2575,954.3,413.8,1027.0,459.6
1964,2,large_vehicle,0.1261,561.3,484.5,650.8,538.4
1965,1,car,0.8289,793.9,592.0,922.5,685.5
1965,1,car,0.6306,562.6,484.7,649.9,538.7
1965,2,large_vehicle,0.5645,1162.7,533.1,1272.7,612.7
1965,2,large_vehicle,0.3981,952.8,414.1,1027.5,459.9
1965,2,large_vehicle,0.1359,562.6,484.7,649.9,538.7
1965,1,car,0.1345,952.8,414.1,1027.5,459.9
1965,0,person,0.1186,1070.0,407.0,1084.2,434.8
1966,1,car,0.8247,793.9,591.9,922.4,685.5
1966,1,car,0.5793,563.4,484.7,650.2,538.6
1966,2,large_vehicle,0.5546,1162.7,533.7,1270.1,612.7
1966,2,large_vehicle,0.4092,952.6,414.2,1027.5,459.9
1966,2,large_vehicle,0.1794,563.4,484.7,650.2,538.6
1966,1,car,0.1420,952.6,414.2,1027.5,459.9
1966,0,person,0.1080,1070.0,407.0,1084.2,434.7
1967,1,car,0.8259,793.9,592.0,922.5,685.5
1967,1,car,0.6259,564.2,484.9,650.5,538.7
1967,2,large_vehicle,0.5515,1162.7,533.3,1271.0,612.8
1967,2,large_vehicle,0.4060,952.9,413.9,1027.6,459.9
1967,1,car,0.1675,952.9,413.9,1027.6,459.9
1967,2,large_vehicle,0.1400,564.2,484.9,650.5,538.7
1967,0,person,0.1249,1070.0,406.9,1084.1,435.0
1968,1,car,0.8585,777.3,596.2,910.9,689.6
1968,1,car,0.7410,561.9,485.0,650.2,538.5
1968,2,large_vehicle,0.6684,1168.5,533.3,1276.9,608.7
1968,2,large_vehicle,0.4387,953.1,413.8,1027.2,459.7
1968,1,car,0.1375,953.1,413.8,1027.2,459.7
1969,1,car,0.8524,777.3,596.2,911.0,689.6
1969,1,car,0.7465,561.9,485.2,649.9,538.5
1969,2,large_vehicle,0.6677,1168.5,533.1,1277.2,608.7
1969,2,large_vehicle,0.4322,953.4,413.7,1027.2,459.8
1969,1,car,0.1339,953.4,413.7,1027.2,459.8
1970,1,car,0.8690,760.6,599.4,890.9,693.9
1970,1,car,0.6761,558.4,484.5,649.4,538.7
1970,2,large_vehicle,0.6642,1174.3,530.0,1272.6,604.5
1970,2,large_vehicle,0.3695,954.1,413.3,1027.0,459.7
1970,0,person,0.2650,1065.6,409.5,1080.6,444.3
1970,2,large_vehicle,0.1429,558.4,484.5,649.4,538.7
1970,1,car,0.1108,954.1,413.3,1027.0,459.7
1971,1,car,0.8689,760.6,599.4,890.9,693.9
1971,1,car,0.6748,558.5,484.6,649.4,538.7
1971,2,large_vehicle,0.6717,1174.3,529.9,1273.4,604.5
1971,2,large_vehicle,0.3676,954.1,413.4,1027.0,459.7
1971,0,person,0.2704,1065.6,409.5,1080.6,444.3
1971,2,large_vehicle,0.1511,558.5,484.6,649.4,538.7
1971,1,car,0.1110,954.1,413.4,1027.0,459.7
1972,1,car,0.8698,760.7,599.4,890.8,693.9
1972,1,car,0.6868,558.6,484.5,649.8,538.6
1972,2,large_vehicle,0.6660,1174.3,530.0,1273.3,604.5
1972,2,large_vehicle,0.3444,954.0,413.1,1026.9,459.6
1972,0,person,0.2087,1065.6,409.5,1080.6,444.2
1972,2,large_vehicle,0.1219,558.6,484.5,649.8,538.6
1973,1,car,0.8203,744.9,603.6,875.4,698.4
1973,2,large_vehicle,0.6962,1179.6,526.6,1284.9,603.1
1973,1,car,0.5943,562.3,484.8,650.3,538.5
1973,2,large_vehicle,0.3048,954.1,413.8,1027.1,459.7
1973,2,large_vehicle,0.1784,562.3,484.8,650.3,538.5
1973,0,person,0.1711,1064.8,409.3,1079.8,444.0
1973,1,car,0.1590,954.1,413.8,1027.1,459.7
1973,0,person,0.1535,1068.6,407.6,1081.8,439.4
1974,1,car,0.8824,727.8,607.3,859.3,702.2
1974,1,car,0.6472,560.2,484.3,650.4,538.6
1974,2,large_vehicle,0.6351,1185.4,512.1,1326.6,600.2
1974,2,large_vehicle,0.3128,952.8,413.8,1027.0,459.8
1974,2,large_vehicle,0.1266,560.2,484.3,650.4,538.6
1974,1,car,0.1194,952.8,413.8,1027.0,459.8
1975,1,car,0.8815,727.8,607.3,859.3,702.2
1975,2,large_vehicle,0.6365,1185.4,512.3,1326.1,600.3
1975,1,car,0.6015,562.4,484.3,650.6,538.6
1975,2,large_vehicle,0.3303,952.7,413.9,1027.2,459.8
1975,2,large_vehicle,0.1519,562.4,484.3,650.6,538.6
1975,1,car,0.1313,952.7,413.9,1027.2,459.8
1976,1,car,0.8802,727.8,607.3,859.3,702.2
1976,1,car,0.6527,563.5,484.6,650.8,538.6
1976,2,large_vehicle,0.6363,1185.3,512.3,1325.5,600.3
1976,2,large_vehicle,0.3016,952.7,413.5,1027.4,459.8
1976,1,car,0.1301,952.7,413.5,1027.4,459.8
1976,2,large_vehicle,0.1023,563.5,484.6,650.8,538.6
1977,1,car,0.8818,710.7,611.4,844.4,706.9
1977,1,car,0.6986,563.7,485.0,650.1,538.4
1977,2,large_vehicle,0.5176,1190.9,506.4,1330.2,597.1
1977,2,large_vehicle,0.4580,954.0,413.7,1027.4,459.8
1977,0,person,0.1523,1068.7,407.9,1081.5,436.7
1977,1,car,0.1428,954.0,413.7,1027.4,459.8
1977,0,person,0.1211,1064.2,407.8,1078.5,437.7
1978,1,car,0.8798,710.7,611.3,844.3,706.9
1978,1,car,0.7526,561.9,485.2,650.5,538.5
1978,2,large_vehicle,0.5266,1190.9,505.4,1329.8,597.1
1978,2,large_vehicle,0.4581,953.5,413.7,1027.4,459.8
1978,1,car,0.1609,953.5,413.7,1027.4,459.8
1978,0,person,0.1496,1068.7,407.9,1081.4,436.8
1978,0,person,0.1256,1064.1,407.7,1078.6,437.8
1979,1,car,0.9051,693.3,615.3,828.3,712.8
1979,2,large_vehicle,0.6542,1195.4,501.9,1336.1,594.7
1979,1,car,0.6300,558.6,484.2,650.4,538.6
1979,2,large_vehicle,0.3358,953.9,413.3,1027.2,459.6
1979,2,large_vehicle,0.1604,558.6,484.2,650.4,538.6
1979,0,person,0.1455,1062.5,410.2,1078.1,444.2
1979,1,car,0.1287,953.9,413.3,1027.2,459.6
1980,1,car,0.9053,693.2,615.3,828.3,712.8
1980,2,large_vehicle,0.6519,1195.4,502.7,1335.4,594.7
1980,1,car,0.6318,558.6,484.3,650.4,538.6
1980,2,large_vehicle,0.3299,953.9,413.4,1027.2,459.6
1980,2,large_vehicle,0.1595,558.6,484.3,650.4,538.6
1980,0,person,0.1477,1062.5,410.2,1078.1,444.2
1980,1,car,0.1324,953.9,413.4,1027.2,459.6
1981,1,car,0.9051,693.3,615.3,828.3,712.8
1981,2,large_vehicle,0.6687,1195.4,501.2,1335.4,594.7
1981,1,car,0.6530,558.2,484.1,650.4,538.6
1981,2,large_vehicle,0.3180,953.6,413.3,1027.3,459.6
1981,1,car,0.1447,953.6,413.3,1027.3,459.6
1981,0,person,0.1432,1062.6,410.2,1078.1,444.2
1981,2,large_vehicle,0.1401,558.2,484.1,650.4,538.6
1982,1,car,0.8859,675.3,618.9,811.4,716.3
1982,1,car,0.5950,562.1,484.4,650.4,538.4
1982,2,large_vehicle,0.5940,1197.2,478.6,1335.6,593.4
1982,2,large_vehicle,0.2323,953.7,413.7,1028.0,459.7
1982,1,car,0.2254,953.7,413.7,1028.0,459.7
1982,0,person,0.2151,1061.8,408.9,1077.6,443.7
1982,2,large_vehicle,0.1828,562.1,484.4,650.4,538.4
1983,1,car,0.8847,675.3,618.9,811.4,716.3
1983,2,large_vehicle,0.6142,1197.2,478.5,1335.7,593.4
1983,1,car,0.6077,562.0,484.5,650.4,538.5
1983,0,person,0.2488,1061.9,408.9,1077.6,444.0
1983,2,large_vehicle,0.2451,953.7,413.8,1028.0,459.7
1983,1,car,0.2274,953.7,413.8,1028.0,459.7
1983,2,large_vehicle,0.1653,562.0,484.5,650.4,538.5
1984,1,car,0.8429,659.1,623.1,794.0,721.4
1984,1,car,0.5529,560.2,484.3,651.4,538.4
1984,2,large_vehicle,0.3360,952.5,413.7,1027.8,459.7
1984,1,car,0.2944,1197.1,478.9,1319.3,590.6
1984,0,person,0.2877,1060.9,408.6,1077.3,445.1
1984,1,car,0.2280,952.5,413.7,1027.8,459.7
1984,2,large_vehicle,0.2033,560.2,484.3,651.4,538.4
1984,2,large_vehicle,0.1860,1197.1,478.9,1319.3,590.6
1985,1,car,0.8426,659.1,623.1,794.0,721.4
1985,1,car,0.5806,562.4,484.6,651.2,538.4
1985,2,large_vehicle,0.3613,952.7,413.8,1027.7,459.7
1985,0,person,0.3458,1060.8,408.4,1077.1,445.1
1985,1,car,0.2810,1197.2,477.7,1318.3,590.7
1985,1,car,0.2371,952.7,413.8,1027.7,459.7
1985,2,large_vehicle,0.2176,1197.2,477.7,1318.3,590.7
1985,2,large_vehicle,0.1736,562.4,484.6,651.2,538.4
1986,1,car,0.8414,659.1,623.1,794.0,721.4
1986,1,car,0.5789,562.2,484.6,651.3,538.4
1986,2,large_vehicle,0.3579,952.8,413.8,1027.6,459.7
1986,0,person,0.3475,1060.8,408.5,1077.1,445.1
1986,1,car,0.2822,1197.1,476.7,1322.8,590.7
1986,1,car,0.2380,952.8,413.8,1027.6,459.7
1986,2,large_vehicle,0.2288,1197.1,476.7,1322.8,590.7
1986,2,large_vehicle,0.1729,562.2,484.6,651.3,538.4
1987,1,car,0.8881,640.8,627.7,778.0,725.6
1987,1,car,0.7351,561.5,484.7,650.1,538.6
1987,2,large_vehicle,0.4205,953.6,413.9,1027.2,459.8
1987,2,large_vehicle,0.2552,1199.3,480.7,1324.5,587.8
1987,1,car,0.1348,953.6,413.9,1027.2,459.8
1987,0,person,0.1183,1059.8,409.9,1075.8,444.6
1987,1,car,0.1182,1199.3,480.7,1324.5,587.8
1988,1,car,0.8902,640.8,627.6,778.1,725.6
1988,1,car,0.6942,560.3,484.4,650.1,538.6
1988,2,large_vehicle,0.4284,953.5,413.6,1027.3,459.8
1988,2,large_vehicle,0.2228,1200.5,482.5,1322.1,587.9
1988,0,person,0.1187,1060.0,409.8,1076.0,444.7
1988,1,car,0.1130,953.5,413.6,1027.3,459.8
1988,1,car,0.1065,1200.5,482.5,1322.1,587.9
1989,1,car,0.9008,623.4,630.7,760.8,729.0
1989,1,car,0.6739,556.7,483.9,650.0,538.6
1989,2,large_vehicle,0.5707,1213.2,480.0,1330.7,585.1
1989,2,large_vehicle,0.3616,954.4,413.4,1027.2,459.6
1989,0,person,0.2424,1058.4,409.0,1075.1,444.4
1989,1,car,0.1632,954.4,413.4,1027.2,459.6
1989,2,large_vehicle,0.1190,556.7,483.9,650.0,538.6
1990,1,car,0.9006,623.4,630.7,760.8,729.0
1990,1,car,0.6971,557.5,483.9,649.8,538.6
1990,2,large_vehicle,0.5519,1213.1,480.5,1329.9,585.1
1990,2,large_vehicle,0.3491,954.3,413.4,1027.4,459.6
1990,0,person,0.2264,1058.4,409.0,1075.1,444.2
1990,1,car,0.1548,954.3,413.4,1027.4,459.6
1990,0,person,0.1306,1195.9,512.0,1217.9,570.3
1990,2,large_vehicle,0.1081,557.5,483.9,649.8,538.6
1991,1,car,0.9009,623.4,630.7,760.8,729.0
1991,1,car,0.6570,557.8,484.0,649.7,538.6
1991,2,large_vehicle,0.5080,1214.1,482.8,1324.8,585.6
1991,2,large_vehicle,0.3528,954.2,413.5,1027.4,459.5
1991,0,person,0.2247,1058.5,408.9,1075.1,444.2
1991,2,large_vehicle,0.1461,557.8,484.0,649.7,538.6
1991,1,car,0.1273,954.2,413.5,1027.4,459.5
1991,0,person,0.1104,1195.9,511.7,1217.8,570.1
1992,1,car,0.9086,605.0,635.4,744.4,732.8
1992,1,car,0.6774,557.7,484.2,649.7,538.3
1992,0,person,0.3203,1195.2,511.7,1216.2,568.6
1992,2,large_vehicle,0.1806,954.0,414.2,1027.5,459.5
1992,1,car,0.1542,1219.7,485.2,1327.4,580.7
1992,2,large_vehicle,0.1388,1219.7,485.2,1327.4,580.7
1992,2,large_vehicle,0.1200,557.7,484.2,649.7,538.3
1993,1,car,0.9081,605.0,635.4,744.4,732.8
1993,1,car,0.6703,556.3,484.0,649.6,538.3
1993,0,person,0.3120,1195.1,511.6,1216.2,568.7
1993,1,car,0.2560,1220.9,505.7,1317.1,580.9
1993,1,car,0.1702,1219.6,485.4,1328.7,580.7
1993,2,large_vehicle,0.1643,953.9,414.3,1027.5,459.5
1993,2,large_vehicle,0.1290,556.3,484.0,649.6,538.3
1993,2,large_vehicle,0.1264,1219.6,485.4,1328.7,580.7
1994,1,car,0.9035,589.3,639.1,726.3,736.6
1994,1,car,0.5938,561.6,484.2,649.6,538.3
1994,2,large_vehicle,0.2902,953.1,414.3,1027.1,459.6
1994,2,large_vehicle,0.1986,561.6,484.2,649.6,538.3
1994,0,person,0.1950,1195.1,512.0,1217.0,571.1
1995,1,car,0.9037,589.3,639.1,726.3,736.6
1995,1,car,0.5769,561.5,484.3,649.6,538.3
1995,2,large_vehicle,0.2777,953.1,414.3,1027.1,459.6
1995,2,large_vehicle,0.2092,561.5,484.3,649.6,538.3
1995,0,person,0.1854,1195.1,512.1,1217.0,571.1
1996,1,car,0.9024,589.3,639.1,726.3,736.6
1996,1,car,0.5952,561.1,484.1,649.4,538.3
1996,2,large_vehicle,0.3078,953.3,414.6,1026.9,459.6
1996,2,large_vehicle,0.1960,561.1,484.1,649.4,538.3
1996,0,person,0.1405,1195.2,512.5,1216.8,571.0
1997,1,car,0.8983,569.9,642.8,708.9,740.7
1997,1,car,0.7324,557.7,484.2,650.0,538.6
1997,0,person,0.3197,1195.1,510.8,1216.6,570.3
1997,2,large_vehicle,0.2863,1225.0,482.0,1333.3,577.1
1997,2,large_vehicle,0.2573,953.6,414.5,1026.1,459.5
1998,1,car,0.9116,552.9,646.0,690.5,744.1
1998,1,car,0.6287,559.4,484.1,649.5,538.3
1998,0,person,0.2539,1195.3,511.7,1215.9,569.2
1998,2,large_vehicle,0.1988,1227.1,481.4,1336.9,574.3
1998,2,large_vehicle,0.1757,559.4,484.1,649.5,538.3
1998,2,large_vehicle,0.1665,954.3,414.4,1026.0,459.2
1999,1,car,0.9112,552.9,645.9,690.5,744.2
1999,1,car,0.6021,558.7,484.0,649.4,538.3
1999,0,person,0.2162,1195.5,512.0,1215.8,569.4
1999,2,large_vehicle,0.1967,558.7,484.0,649.4,538.3
1999,2,large_vehicle,0.1903,1227.1,481.6,1336.2,574.3
1999,2,large_vehicle,0.1476,954.2,414.6,1025.9,459.2
